<?xml version="1.0" encoding="utf-8"?>
<COLLADA xmlns="http://www.collada.org/2005/11/COLLADASchema" version="1.4.1" xmlns:xsi="http://www.w3.org/2001/XMLSchema-instance">
  <asset>
    <contributor>
      <author>Blender User</author>
      <authoring_tool>Blender 4.5.1 LTS commit date:2025-07-29, commit time:05:31, hash:b0a72b245dcf</authoring_tool>
    </contributor>
    <created>2025-08-22T13:35:46</created>
    <modified>2025-08-22T13:35:46</modified>
    <unit name="meter" meter="1"/>
    <up_axis>Z_UP</up_axis>
  </asset>
  <library_images/>
  <library_geometries>
    <geometry id="TwistedTorus-mesh" name="TwistedTorus">
      <mesh>
        <source id="TwistedTorus-mesh-positions">
          <float_array id="TwistedTorus-mesh-positions-array" count="2124">1.13 0 0 1.112583 0 0.06499999 1.065 0 0.1125833 1 0 0.1299999 0.935 0 0.1125833 0.8874167 0 0.06499999 0.87 0 0 0.8874167 0 -0.06499999 0.935 0 -0.1125833 1 0 -0.1299999 1.065 0 -0.1125833 1.112583 0 -0.06499999 0.9041565 0.09665346 0.09313935 0.8699323 0.09299492 0.03531497 0.8690416 0.09289973 -0.03197193 0.9017232 0.09639334 -0.0906921 0.9592199 0.1025397 -0.1251114 1.026126 0.1096919 -0.1260071 1.084513 0.1159334 -0.09313935 1.118738 0.119592 -0.03531497 1.119628 0.1196872 0.03197193 1.086947 0.1161936 0.0906921 1.02945 0.1100472 0.1251114 0.962544 0.102895 0.1260071 0.974021 0.210651 -0.1299539 1.037983 0.2244841 -0.1142737 1.085712 0.2348065 -0.06797397 1.104421 0.2388526 -0.003460645 1.089095 0.2355381 0.06197988 1.043841 0.2257511 0.110813 0.9807859 0.2121141 0.1299539 0.916824 0.1982811 0.1142737 0.8690943 0.1879586 0.06797397 0.850386 0.1839126 0.003460645 0.8657119 0.1872271 -0.06197988 0.9109655 0.1970141 -0.110813 1.040085 0.3440775 0.08818054 0.9860756 0.3262104 0.1241269 0.9222388 0.3050921 0.1268135 0.8656792 0.2863813 0.09552061 0.8315518 0.2750913 0.03863298 0.8290011 0.2742475 -0.02860623 0.8587105 0.2840759 -0.08818054 0.9127195 0.301943 -0.1241269 0.9765563 0.3230612 -0.1268135 1.033116 0.3417721 -0.09552061 1.067243 0.353062 -0.03863298 1.069794 0.3539059 0.02860623 0.79242 0.3595708 0.006918847 0.8051075 0.3653278 -0.05891591 0.846071 0.3839156 -0.1089643 0.9043342 0.4103532 -0.1298157 0.9642857 0.437557 -0.1158831 1.009861 0.4582376 -0.07089978 1.028849 0.4668536 -0.006918847 1.016162 0.4610966 0.05891591 0.9751988 0.4425089 0.1089643 0.9169354 0.4160712 0.1298157 0.8569839 0.3888674 0.1158831 0.8114081 0.3681868 0.07089978 0.9353088 0.5511253 -0.09783416 0.9675722 0.5701364 -0.04192364 0.9714282 0.5724084 0.02522027 0.9458436 0.5573329 0.08560645 0.8976736 0.528949 0.1230545 0.8398255 0.4948623 0.1275301 0.7877995 0.4642063 0.09783416 0.755536 0.4451952 0.04192364 0.75168 0.4429231 -0.02522027 0.7772647 0.4579988 -0.08560645 0.8254346 0.4863826 -0.1230545 0.8832827 0.5204693 -0.1275301 0.8110376 0.602553 0.1295855 0.7579122 0.563084 0.1174104 0.7167908 0.5325333 0.07377535 0.6986919 0.5190868 0.01037216 0.7084649 0.5263476 -0.05581015 0.7434913 0.5523702 -0.1070383 0.7943858 0.5901818 -0.1295855 0.8475112 0.6296508 -0.1174104 0.8886326 0.6602016 -0.07377535 0.9067315 0.673648 -0.01037216 0.8969585 0.6663872 0.05581015 0.861932 0.6403647 0.1070383 0.6612391 0.6104274 -0.08297169 0.7015737 0.6476626 -0.1218948 0.7508043 0.6931101 -0.1281563 0.7957397 0.7345925 -0.1000784 0.8243393 0.7609946 -0.04518455 0.8289402 0.7652418 0.02181643 0.8083091 0.7461962 0.08297169 0.7679746 0.7089611 0.1218948 0.718744 0.6635135 0.1281563 0.6738086 0.6220311 0.1000784 0.6452089 0.5956291 0.04518455 0.6406082 0.5913819 -0.02181643 0.7436329 0.8498507 -0.01381814 0.7367784 0.8420172 0.05266487 0.7089524 0.8102167 0.1050364 0.6676107 0.7629699 0.1292635 0.6238309 0.7129367 0.1188545 0.5893437 0.6735234 0.07659858 0.5733899 0.6552908 0.01381814 0.5802443 0.6631243 -0.05266487 0.6080703 0.6949248 -0.1050364 0.6494119 0.7421717 -0.1292635 0.6931918 0.7922048 -0.1188545 0.727679 0.8316181 -0.07659858 0.5286445 0.7526109 0.1022517 0.5054399 0.7195755 0.04841345 0.500817 0.712994 -0.01839709 0.5160143 0.7346299 -0.08027815 0.5469599 0.7786859 -0.1206488 0.5853618 0.8333572 -0.1286916 0.6209303 0.8839946 -0.1022517 0.6441348 0.9170301 -0.04841345 0.6487577 0.9236115 0.01839709 0.6335603 0.9019756 0.08027815 0.6026148 0.8579196 0.1206488 0.5642129 0.8032484 0.1286916 0.4761905 0.8596696 -0.1288498 0.5085278 0.9180482 -0.1202144 0.5344405 0.9648287 -0.07936757 0.5469855 0.9874761 -0.01725429 0.5428012 0.9799222 0.04948222 0.5230088 0.9441909 0.1029601 0.4929117 0.8898565 0.1288498 0.4605744 0.8314778 0.1202144 0.4346616 0.7846973 0.07936757 0.4221168 0.7620499 0.01725429 0.4263011 0.7696039 -0.04948222 0.4460934 0.8053351 -0.1029601 0.429399 1.017453 0.07752776 0.4088907 0.9688591 0.1193172 0.3830056 0.9075248 0.1291358 0.3586796 0.8498848 0.1043525 0.3424308 0.8113836 0.05160802 0.3386131 0.8023377 -0.01496469 0.3482494 0.8251708 -0.07752776 0.3687577 0.8737649 -0.1193172 0.3946429 0.9350991 -0.1291358 0.4189689 0.9927392 -0.1043525 0.4352177 1.03124 -0.05160802 0.4390354 1.040286 0.01496469 0.2516395 0.8345419 0.02067822 0.2536188 0.8411058 -0.04626452 0.2649958 0.8788366 -0.1008108 0.282722 0.9376243 -0.1283448 0.3020479 1.001717 -0.121489 0.3177948 1.053941 -0.0820803 0.3257438 1.080302 -0.02067822 0.3237645 1.073738 0.04626452 0.3123876 1.036008 0.1008108 0.2946613 0.9772199 0.1283448 0.2753354 0.9131274 0.121489 0.2595884 0.8609036 0.0820803 0.1991339 1.056113 -0.1063793 0.2071345 1.098544 -0.05476599 0.2092815 1.10993 0.01152175 0.2049996 1.087221 0.07472234 0.1954362 1.036502 0.1179011 0.1831539 0.9713618 0.1294884 0.1714435 0.9092556 0.1063793 0.163443 0.8668245 0.05476599 0.161296 0.8554379 -0.01152175 0.1655778 0.8781468 -0.07472234 0.1751412 0.9288664 -0.1179011 0.1874236 0.9940064 -0.1294884 0.08170813 1.020823 0.1277489 0.07635438 0.9539351 0.1226776 0.07192015 0.8985362 0.08473485 0.06959366 0.8694704 0.02408748 0.06999832 0.8745256 -0.04301404 0.07302558 0.9123473 -0.09859001 0.07786446 0.9728012 -0.1277489 0.08321821 1.039689 -0.1226776 0.08765244 1.095088 -0.08473485 0.08997893 1.124154 -0.02408748 0.08957433 1.119098 0.04301404 0.08654695 1.081277 0.09859001 -0.02373665 0.8913532 -0.071864 -0.02507948 0.9417809 -0.1164014 -0.02683532 1.007713 -0.1297492 -0.02853351 1.071484 -0.1083308 -0.02971911 1.116006 -0.05788522 -0.03007441 1.129349 0.008070647 -0.02950429 1.107938 0.071864 -0.02816134 1.05751 0.1164014 -0.02640557 0.9915779 0.1297492 -0.02470737 0.927807 0.1083308 -0.02352172 0.8832854 0.05788522 -0.02316647 0.8699423 -0.008070647 -0.1495902 1.117091 -0.0274797 -0.1491544 1.113837 0.03973305 -0.1443166 1.07771 0.0962994 -0.1363731 1.018389 0.1270624 -0.1274522 0.9517713 0.1237791 -0.1199443 0.8957054 0.08732932 -0.1158613 0.8652145 0.0274797 -0.1162971 0.8684688 -0.03973305 -0.1211349 0.904596 -0.0962994 -0.1290785 0.9639162 -0.1270624 -0.1379994 1.030534 -0.1237791 -0.1455072 1.0866 -0.08732932 -0.2209619 0.9044453 0.1102054 -0.2100769 0.859891 0.06096333 -0.2064936 0.8452236 -0.004613757 -0.2111719 0.864373 -0.0689547 -0.2228584 0.9122082 -0.1148192 -0.2384216 0.9759119 -0.129918 -0.2536914 1.038414 -0.1102054 -0.2645763 1.082969 -0.06096333 -0.2681597 1.097636 0.004613757 -0.2634814 1.078487 0.0689547 -0.2517949 1.030652 0.1148192 -0.2362316 0.9669479 0.129918 -0.3287723 0.9116774 -0.1262859 -0.351595 0.9749643 -0.124793 -0.3711069 1.02907 -0.08986192 -0.3820797 1.059497 -0.03085243 -0.3815733 1.058093 0.03642392 -0.3697233 1.025233 0.09394049 -0.3497049 0.9697232 0.1262859 -0.3268823 0.9064363 0.124793 -0.3073704 0.8523305 0.08986192 -0.2963976 0.8219031 0.03085243 -0.296904 0.8233075 -0.03642392 -0.308754 0.8561671 -0.09394049 -0.4862867 1.000037 0.06599652 -0.4652943 0.9568666 0.1131557 -0.4368029 0.8982747 0.1299948 -0.4084466 0.8399607 0.112002 -0.3878235 0.7975499 0.06399828 -0.3804597 0.7824062 -0.001153647 -0.3883281 0.7985873 -0.06599652 -0.4093204 0.8417577 -0.1131557 -0.4378119 0.9003497 -0.1299948 -0.4661681 0.9586636 -0.112002 -0.4867912 1.001074 -0.06399828 -0.494155 1.016218 0.001153647 -0.4638957 0.7414116 0.03420329 -0.4637374 0.7411585 -0.03308892 -0.4814468 0.7694622 -0.09151506 -0.5122789 0.818739 -0.1254198 -0.5479721 0.875785 -0.1257184 -0.5789626 0.9253148 -0.09233087 -0.5969464 0.954057 -0.03420329 -0.5971048 0.9543102 0.03308892 -0.5793953 0.9260063 0.09151506 -0.5485633 0.8767296 0.1254198 -0.51287 0.8196836 0.1257184 -0.4818796 0.7701539 0.09233087 -0.6564235 0.8360977 -0.1137192 -0.6863242 0.8741828 -0.06698787 -0.6977902 0.8887872 -0.002307236 -0.687749 0.8759976 0.06299161 -0.6588913 0.839241 0.1114119 -0.6189494 0.7883664 0.1299795 -0.5786257 0.7370054 0.1137192 -0.548725 0.6989204 0.06698787 -0.5372591 0.684316 0.002307236 -0.5473002 0.6971056 -0.06299161 -0.5761579 0.7338621 -0.1114119 -0.6160998 0.7847368 -0.1299795 -0.7238134 0.7433455 0.1244648 -0.6768903 0.6951562 0.1265547 -0.6355249 0.6526744 0.09473431 -0.6108007 0.6272832 0.03752994 -0.6093428 0.6257859 -0.02973049 -0.6315417 0.6485838 -0.08902472 -0.6714493 0.6895683 -0.1244648 -0.7183724 0.7377576 -0.1265547 -0.7597379 0.7802394 -0.09473431 -0.7844619 0.8056306 -0.03752994 -0.7859199 0.8071279 0.02973049 -0.7637209 0.78433 0.08902472 -0.6810292 0.5646191 -0.059942 -0.7159994 0.5936118 -0.1095892 -0.7653946 0.6345637 -0.129872 -0.8159793 0.6765019 -0.1153557 -0.8541994 0.7081889 -0.06992995 -0.8698139 0.7211343 -0.00576651 -0.8586387 0.7118694 0.059942 -0.8236684 0.6828765 0.1095892 -0.7742732 0.6419246 0.129872 -0.7236886 0.5999866 0.1153557 -0.6854684 0.5682995 0.06992995 -0.6698541 0.5553541 0.00576651 -0.9361631 0.6210274 -0.04082995 -0.939396 0.6231721 0.02635103 -0.9142045 0.6064606 0.08647131 -0.8673383 0.5753707 0.1234217 -0.8113554 0.5382331 0.1273013 -0.7612563 0.5049986 0.09707063 -0.7304651 0.4845724 0.04082995 -0.7272321 0.4824277 -0.02635103 -0.7524237 0.4991393 -0.08647131 -0.7992899 0.5302291 -0.1234217 -0.8552728 0.5673668 -0.1273013 -0.9053719 0.6006012 -0.09707063 -0.8369062 0.4348794 0.1169105 -0.7917942 0.411438 0.07282251 -0.7722869 0.4013015 0.009221732 -0.7836112 0.4071859 -0.05684989 -0.8227328 0.4275146 -0.1076887 -0.8791691 0.4568404 -0.1296725 -0.937798 0.4873057 -0.1169105 -0.9829099 0.510747 -0.07282251 -1.002417 0.5208836 -0.009221732 -0.9910929 0.5149991 0.05684989 -0.9519713 0.4946705 0.1076887 -0.895535 0.4653446 0.1296725 -0.8902631 0.348101 -0.122291 -0.9527129 0.3725194 -0.1279577 -1.009435 0.3946981 -0.09933811 -1.04523 0.4086945 -0.04410099 -1.050508 0.410758 0.02295285 -1.023853 0.4003359 0.08385658 -0.972409 0.3802207 0.122291 -0.9099591 0.3558022 0.1279577 -0.8532373 0.3336235 0.09933811 -0.8174419 0.3196272 0.04410099 -0.8121644 0.3175637 -0.02295285 -0.8388189 0.3279858 -0.08385658 -1.07898 0.2942494 0.05371755 -1.037765 0.2830098 0.105712 -0.976992 0.2664362 0.129381 -0.9129429 0.2489693 0.1183825 -0.8627802 0.2352895 0.07566344 -0.8399451 0.229062 0.01267045 -0.8505562 0.2319558 -0.05371755 -0.8917703 0.2431953 -0.105712 -0.9525438 0.259769 -0.129381 -1.016593 0.2772358 -0.1183825 -1.066755 0.2909157 -0.07566344 -1.089591 0.2971431 -0.01267045 -0.8677361 0.1398048 0.04734086 -0.8603813 0.1386199 -0.0195384 -0.8870258 0.1429128 -0.08118242 -0.9405303 0.1515331 -0.1210737 -1.006558 0.1621711 -0.1285233 -1.067417 0.1719764 -0.1015352 -1.106801 0.1783217 -0.04734086 -1.114155 0.1795066 0.0195384 -1.087511 0.1752138 0.08118242 -1.034006 0.1665934 0.1210737 -0.9679786 0.1559554 0.1285233 -0.9071195 0.1461501 0.1015352 -1.049058 0.05591243 -0.1197705 -1.102096 0.05873918 -0.07845073 -1.127398 0.06008774 -0.01611012 -1.118183 0.05959665 0.05054712 -1.076922 0.05739748 0.1036604 -1.01467 0.05407959 0.1289979 -0.9481073 0.05053192 0.1197705 -0.8950691 0.04770517 0.07845073 -0.8697676 0.04635661 0.01611012 -0.8789819 0.0468477 -0.05054712 -0.920243 0.04904687 -0.1036604 -0.9824953 0.05236476 -0.1289979 -1.049058 -0.05591189 0.1197705 -0.9824954 -0.05236428 0.1289979 -0.920243 -0.04904639 0.1036604 -0.8789819 -0.04684728 0.05054712 -0.8697676 -0.0463562 -0.01611012 -0.8950691 -0.04770469 -0.07845073 -0.9481073 -0.0505315 -0.1197705 -1.01467 -0.05407911 -0.1289979 -1.076922 -0.057397 -0.1036604 -1.118183 -0.05959612 -0.05054712 -1.127398 -0.0600872 0.01611012 -1.102096 -0.0587387 0.07845073 -0.8677361 -0.1398048 -0.04734086 -0.9071195 -0.1461501 -0.1015352 -0.9679786 -0.1559554 -0.1285233 -1.034006 -0.1665934 -0.1210737 -1.087511 -0.1752138 -0.08118242 -1.114155 -0.1795066 -0.0195384 -1.106801 -0.1783217 0.04734086 -1.067417 -0.1719764 0.1015352 -1.006558 -0.1621711 0.1285233 -0.9405303 -0.1515331 0.1210737 -0.8870258 -0.1429128 0.08118242 -0.8603813 -0.1386199 0.0195384 -1.07898 -0.2942494 -0.05371755 -1.089591 -0.2971431 0.01267045 -1.066755 -0.2909157 0.07566344 -1.016593 -0.2772358 0.1183825 -0.9525438 -0.259769 0.129381 -0.8917703 -0.2431953 0.105712 -0.8505562 -0.2319558 0.05371755 -0.8399451 -0.229062 -0.01267045 -0.8627802 -0.2352895 -0.07566344 -0.9129429 -0.2489693 -0.1183825 -0.976992 -0.2664362 -0.129381 -1.037765 -0.2830098 -0.105712 -0.8902634 -0.3481005 0.122291 -0.838819 -0.3279854 0.08385658 -0.8121646 -0.3175633 0.02295285 -0.8174422 -0.3196268 -0.04410099 -0.8532375 -0.3336231 -0.09933811 -0.9099593 -0.3558018 -0.1279577 -0.9724091 -0.3802202 -0.122291 -1.023854 -0.4003354 -0.08385658 -1.050508 -0.4107575 -0.02295285 -1.04523 -0.408694 0.04410099 -1.009435 -0.3946976 0.09933811 -0.9527131 -0.3725189 0.1279577 -0.8369063 -0.4348791 -0.1169105 -0.8955352 -0.4653442 -0.1296725 -0.9519715 -0.49467 -0.1076888 -0.9910932 -0.5149987 -0.05684989 -1.002417 -0.5208831 0.009221732 -0.9829102 -0.5107466 0.07282251 -0.9377982 -0.4873052 0.1169105 -0.8791693 -0.45684 0.1296725 -0.8227331 -0.4275142 0.1076888 -0.7836114 -0.4071856 0.05684989 -0.772287 -0.4013011 -0.009221732 -0.7917944 -0.4114376 -0.07282251 -0.9361631 -0.6210274 0.04082995 -0.9053719 -0.6006012 0.09707063 -0.8552728 -0.5673668 0.1273013 -0.7992899 -0.5302291 0.1234217 -0.7524237 -0.4991393 0.08647131 -0.7272321 -0.4824277 0.02635103 -0.7304651 -0.4845724 -0.04082995 -0.7612563 -0.5049986 -0.09707063 -0.8113554 -0.5382331 -0.1273013 -0.8673383 -0.5753707 -0.1234217 -0.9142045 -0.6064606 -0.08647131 -0.939396 -0.6231721 -0.02635103 -0.6810292 -0.5646191 0.059942 -0.6698541 -0.5553541 -0.00576651 -0.6854684 -0.5682995 -0.06992995 -0.7236886 -0.5999866 -0.1153557 -0.7742732 -0.6419246 -0.129872 -0.8236684 -0.6828765 -0.1095892 -0.8586387 -0.7118694 -0.059942 -0.8698139 -0.7211343 0.00576651 -0.8541994 -0.7081889 0.06992995 -0.8159793 -0.6765019 0.1153557 -0.7653946 -0.6345637 0.129872 -0.7159994 -0.5936118 0.1095892 -0.7238138 -0.7433452 -0.1244648 -0.7637214 -0.7843297 -0.08902472 -0.7859203 -0.8071276 -0.02973049 -0.7844623 -0.8056303 0.03752994 -0.7597383 -0.780239 0.09473431 -0.7183727 -0.7377573 0.1265547 -0.6714497 -0.6895681 0.1244648 -0.6315421 -0.6485836 0.08902472 -0.6093432 -0.6257856 0.02973049 -0.6108011 -0.6272829 -0.03752994 -0.6355252 -0.6526742 -0.09473431 -0.6768907 -0.6951559 -0.1265547 -0.6564239 -0.8360975 0.1137192 -0.6161003 -0.7847366 0.1299795 -0.5761583 -0.7338619 0.1114119 -0.5473006 -0.6971053 0.06299161 -0.5372595 -0.6843158 -0.002307236 -0.5487254 -0.6989201 -0.06698787 -0.5786261 -0.7370052 -0.1137192 -0.6189498 -0.7883661 -0.1299795 -0.6588917 -0.8392407 -0.1114119 -0.6877495 -0.8759973 -0.06299161 -0.6977906 -0.8887868 0.002307236 -0.6863247 -0.8741825 0.06698787 -0.4638957 -0.7414116 -0.03420329 -0.4818796 -0.7701539 -0.09233087 -0.51287 -0.8196836 -0.1257184 -0.5485633 -0.8767296 -0.1254198 -0.5793953 -0.9260063 -0.09151506 -0.5971048 -0.9543102 -0.03308892 -0.5969464 -0.954057 0.03420329 -0.5789626 -0.9253148 0.09233087 -0.5479721 -0.875785 0.1257184 -0.5122789 -0.818739 0.1254198 -0.4814468 -0.7694622 0.09151506 -0.4637374 -0.7411585 0.03308892 -0.4862867 -1.000037 -0.06599652 -0.494155 -1.016218 -0.001153647 -0.4867912 -1.001074 0.06399828 -0.4661681 -0.9586636 0.112002 -0.4378119 -0.9003497 0.1299948 -0.4093204 -0.8417577 0.1131557 -0.3883281 -0.7985873 0.06599652 -0.3804597 -0.7824062 0.001153647 -0.3878235 -0.7975499 -0.06399828 -0.4084466 -0.8399607 -0.112002 -0.4368029 -0.8982747 -0.1299948 -0.4652943 -0.9568666 -0.1131557 -0.3287723 -0.9116774 0.1262859 -0.308754 -0.8561671 0.09394049 -0.296904 -0.8233075 0.03642392 -0.2963976 -0.8219031 -0.03085243 -0.3073704 -0.8523305 -0.08986192 -0.3268823 -0.9064363 -0.124793 -0.3497049 -0.9697232 -0.1262859 -0.3697233 -1.025233 -0.09394049 -0.3815733 -1.058093 -0.03642392 -0.3820797 -1.059497 0.03085243 -0.3711069 -1.02907 0.08986192 -0.351595 -0.9749643 0.124793 -0.2209622 -0.9044452 -0.1102054 -0.2362322 -0.9669478 -0.129918 -0.2517954 -1.030652 -0.1148192 -0.2634819 -1.078487 -0.0689547 -0.2681602 -1.097636 -0.004613757 -0.2645769 -1.082969 0.06096333 -0.253692 -1.038414 0.1102054 -0.2384221 -0.9759117 0.129918 -0.2228589 -0.9122081 0.1148192 -0.2111724 -0.864373 0.0689547 -0.206494 -0.8452236 0.004613757 -0.2100774 -0.8598909 -0.06096333 -0.1495902 -1.117091 0.0274797 -0.1455072 -1.0866 0.08732932 -0.1379994 -1.030534 0.1237791 -0.1290785 -0.9639162 0.1270624 -0.1211349 -0.904596 0.0962994 -0.1162971 -0.8684688 0.03973305 -0.1158613 -0.8652145 -0.0274797 -0.1199443 -0.8957054 -0.08732932 -0.1274522 -0.9517713 -0.1237791 -0.1363731 -1.018389 -0.1270624 -0.1443166 -1.07771 -0.0962994 -0.1491544 -1.113837 -0.03973305 -0.02373665 -0.8913532 0.071864 -0.02316647 -0.8699423 0.008070647 -0.02352172 -0.8832854 -0.05788522 -0.02470737 -0.927807 -0.1083308 -0.02640557 -0.9915779 -0.1297492 -0.02816134 -1.05751 -0.1164014 -0.02950429 -1.107938 -0.071864 -0.03007441 -1.129349 -0.008070647 -0.02971911 -1.116006 0.05788522 -0.02853351 -1.071484 0.1083308 -0.02683532 -1.007713 0.1297492 -0.02507948 -0.9417809 0.1164014 0.08170813 -1.020823 -0.1277489 0.08654695 -1.081277 -0.09859001 0.08957433 -1.119098 -0.04301404 0.08997893 -1.124154 0.02408748 0.08765244 -1.095088 0.08473485 0.08321821 -1.039689 0.1226776 0.07786446 -0.9728012 0.1277489 0.07302558 -0.9123473 0.09859001 0.06999832 -0.8745256 0.04301404 0.06959366 -0.8694704 -0.02408748 0.07192015 -0.8985362 -0.08473485 0.07635438 -0.9539351 -0.1226776 0.1991334 -1.056113 0.1063793 0.1874231 -0.9940066 0.1294884 0.1751407 -0.9288666 0.1179011 0.1655774 -0.878147 0.07472234 0.1612956 -0.8554381 0.01152175 0.1634426 -0.8668247 -0.05476599 0.1714431 -0.9092558 -0.1063793 0.1831535 -0.971362 -0.1294884 0.1954358 -1.036502 -0.1179011 0.2049991 -1.087222 -0.07472234 0.2092809 -1.10993 -0.01152175 0.2071339 -1.098544 0.05476599 0.2516395 -0.8345419 -0.02067822 0.2595884 -0.8609036 -0.0820803 0.2753354 -0.9131274 -0.121489 0.2946613 -0.9772199 -0.1283448 0.3123876 -1.036008 -0.1008108 0.3237645 -1.073738 -0.04626452 0.3257438 -1.080302 0.02067822 0.3177948 -1.053941 0.0820803 0.3020479 -1.001717 0.121489 0.282722 -0.9376243 0.1283448 0.2649958 -0.8788366 0.1008108 0.2536188 -0.8411058 0.04626452 0.429399 -1.017453 -0.07752776 0.4390354 -1.040286 -0.01496469 0.4352177 -1.03124 0.05160802 0.4189689 -0.9927392 0.1043525 0.3946429 -0.9350991 0.1291358 0.3687577 -0.8737649 0.1193172 0.3482494 -0.8251708 0.07752776 0.3386131 -0.8023377 0.01496469 0.3424308 -0.8113836 -0.05160802 0.3586796 -0.8498848 -0.1043525 0.3830056 -0.9075248 -0.1291358 0.4088907 -0.9688591 -0.1193172 0.4761905 -0.8596696 0.1288498 0.4460934 -0.8053351 0.1029601 0.4263011 -0.7696039 0.04948222 0.4221168 -0.7620499 -0.01725429 0.4346616 -0.7846973 -0.07936757 0.4605744 -0.8314778 -0.1202144 0.4929117 -0.8898565 -0.1288498 0.5230088 -0.9441909 -0.1029601 0.5428012 -0.9799222 -0.04948222 0.5469855 -0.9874761 0.01725429 0.5344405 -0.9648287 0.07936757 0.5085278 -0.9180482 0.1202144 0.5286442 -0.7526112 -0.1022517 0.5642126 -0.8032487 -0.1286916 0.6026145 -0.85792 -0.1206488 0.63356 -0.9019759 -0.08027815 0.6487575 -0.9236119 -0.01839709 0.6441345 -0.9170305 0.04841345 0.6209299 -0.8839949 0.1022517 0.5853615 -0.8333575 0.1286916 0.5469596 -0.7786862 0.1206488 0.5160141 -0.7346302 0.08027815 0.5008168 -0.7129943 0.01839709 0.5054398 -0.7195758 -0.04841345 0.7436326 -0.8498509 0.01381814 0.7276788 -0.8316183 0.07659858 0.6931915 -0.792205 0.1188545 0.6494118 -0.7421718 0.1292635 0.6080701 -0.694925 0.1050364 0.5802441 -0.6631245 0.05266487 0.5733897 -0.655291 -0.01381814 0.5893434 -0.6735236 -0.07659858 0.6238308 -0.7129369 -0.1188545 0.6676105 -0.76297 -0.1292635 0.7089522 -0.8102169 -0.1050364 0.7367782 -0.8420174 -0.05266487 0.6612391 -0.6104274 0.08297169 0.6406082 -0.5913819 0.02181643 0.6452089 -0.5956291 -0.04518455 0.6738086 -0.6220311 -0.1000784 0.718744 -0.6635135 -0.1281563 0.7679746 -0.7089611 -0.1218948 0.8083091 -0.7461962 -0.08297169 0.8289402 -0.7652418 -0.02181643 0.8243393 -0.7609946 0.04518455 0.7957397 -0.7345925 0.1000784 0.7508043 -0.6931101 0.1281563 0.7015737 -0.6476626 0.1218948 0.8110376 -0.6025528 -0.1295855 0.8619321 -0.6403644 -0.1070383 0.8969585 -0.6663869 -0.05581015 0.9067316 -0.6736477 0.01037216 0.8886327 -0.6602013 0.07377535 0.8475112 -0.6296505 0.1174104 0.7943859 -0.5901815 0.1295855 0.7434914 -0.55237 0.1070383 0.708465 -0.5263474 0.05581015 0.6986919 -0.5190866 -0.01037216 0.7167909 -0.5325331 -0.07377535 0.7579122 -0.5630838 -0.1174104 0.9353084 -0.5511257 0.09783416 0.8832824 -0.5204697 0.1275301 0.8254344 -0.486383 0.1230545 0.7772645 -0.4579991 0.08560645 0.7516798 -0.4429235 0.02522027 0.7555357 -0.4451956 -0.04192364 0.7877993 -0.4642067 -0.09783416 0.8398252 -0.4948627 -0.1275301 0.8976734 -0.5289495 -0.1230545 0.9458433 -0.5573334 -0.08560645 0.9714279 -0.572409 -0.02522027 0.967572 -0.5701369 0.04192364 0.7924199 -0.3595709 -0.006918847 0.8114079 -0.368187 -0.07089978 0.8569837 -0.3888676 -0.1158831 0.9169353 -0.4160714 -0.1298157 0.9751985 -0.4425091 -0.1089643 1.016162 -0.4610968 -0.05891591 1.028849 -0.4668538 0.006918847 1.009861 -0.4582378 0.07089978 0.9642856 -0.4375572 0.1158831 0.904334 -0.4103534 0.1298157 0.8460708 -0.3839157 0.1089643 0.8051074 -0.365328 0.05891591 1.040085 -0.3440775 -0.08818054 1.069794 -0.3539059 -0.02860623 1.067243 -0.353062 0.03863298 1.033116 -0.3417721 0.09552061 0.9765563 -0.3230612 0.1268135 0.9127195 -0.301943 0.1241269 0.8587105 -0.2840759 0.08818054 0.8290011 -0.2742475 0.02860623 0.8315518 -0.2750913 -0.03863298 0.8656792 -0.2863813 -0.09552061 0.9222388 -0.3050921 -0.1268135 0.9860756 -0.3262104 -0.1241269 0.974021 -0.2106509 0.1299539 0.9109655 -0.1970139 0.110813 0.8657119 -0.1872269 0.06197988 0.8503861 -0.1839124 -0.003460645 0.8690943 -0.1879584 -0.06797397 0.9168241 -0.1982809 -0.1142737 0.9807859 -0.2121139 -0.1299539 1.043841 -0.2257509 -0.110813 1.089095 -0.2355378 -0.06197988 1.104421 -0.2388523 0.003460645 1.085713 -0.2348063 0.06797397 1.037983 -0.2244838 0.1142737 0.9041564 -0.09665393 -0.09313935 0.9625439 -0.1028955 -0.1260071 1.02945 -0.1100477 -0.1251113 1.086946 -0.1161941 -0.09069204 1.119628 -0.1196877 -0.03197193 1.118737 -0.1195925 0.03531497 1.084513 -0.115934 0.09313935 1.026126 -0.1096923 0.1260071 0.9592198 -0.1025401 0.1251113 0.901723 -0.09639376 0.09069204 0.8690415 -0.09290015 0.03197193 0.8699322 -0.09299534 -0.03531497</float_array>
          <technique_common>
            <accessor source="#TwistedTorus-mesh-positions-array" count="708" stride="3">
              <param name="X" type="float"/>
              <param name="Y" type="float"/>
              <param name="Z" type="float"/>
            </accessor>
          </technique_common>
        </source>
        <source id="TwistedTorus-mesh-normals">
          <float_array id="TwistedTorus-mesh-normals-array" count="4248">-0.1742382 -0.8633977 0.4734821 0.430665 0.8951041 0.1153964 0.3074942 0.9004971 0.3074936 0.113519 0.8986804 0.4236592 -0.1182183 0.8895896 0.4411969 -0.3425078 0.8748583 0.3425076 -0.4957697 0.858234 0.1328412 -0.5167307 0.844878 -0.1384577 -0.3845252 0.8392145 -0.3845251 -0.1393039 0.8427985 -0.5198895 0.1346856 0.8539313 -0.5026542 0.3499594 0.8689402 -0.3499588 0.06058019 -0.8964039 -0.4390785 -0.5180589 0.816461 0.2549636 -0.6123446 0.7905601 0.006987273 -0.5587613 0.7861143 -0.2642161 -0.3653749 0.8055263 -0.4665067 -0.0970956 0.8417882 -0.5310038 0.1556532 0.8823688 -0.4440693 0.3185892 0.9152878 -0.2464736 0.3591995 0.933241 -0.006074249 0.2853639 0.9341307 0.2144001 0.125363 0.9191023 0.3735439 -0.08925783 0.8907788 0.4455852 0.6783716 -0.7001243 0.2227954 -0.06158316 0.8596442 -0.5071679 0.1502459 0.920713 -0.360158 0.2529693 0.9582254 -0.1334558 0.2355256 0.9662768 0.1041004 0.1182693 0.9467848 0.299351 -0.06824123 0.904978 0.4199498 -0.2919257 0.8476563 0.4430102 -0.5098281 0.7856779 0.3504076 -0.6612528 0.7358967 0.1456049 -0.6863967 0.7164978 -0.1244605 -0.5630472 0.7369106 -0.3740864 -0.1158062 -0.9792612 0.1662424 -0.06248497 0.9279755 0.3673651 -0.2644515 0.855921 0.4443699 -0.4841056 0.7708268 0.4140866 -0.6714196 0.6918941 0.2654775 -0.7644017 0.6444012 0.02091056 -0.7185119 0.6485176 -0.2513275 -0.5391654 0.7060239 -0.4591632 -0.2861174 0.7972618 -0.531517 -0.0448755 0.891053 -0.4516755 0.1129067 0.9594839 -0.2581526 0.1547856 0.9877792 -0.01826769 0.6225579 -0.6780583 -0.3907155 -0.8246502 0.5547625 -0.1104114 -0.7149798 0.5973056 -0.3633592 -0.5001482 0.6977241 -0.5128673 -0.2537459 0.8210777 -0.5113165 -0.05544406 0.9273163 -0.3701491 0.04275661 0.988391 -0.1457914 0.02934932 0.9952625 0.09268838 -0.07715481 0.9536027 0.2910138 -0.2481078 0.8748696 0.4159878 -0.4537621 0.7723355 0.4445198 -0.6552104 0.6652294 0.3580071 0.6495462 -0.5839018 0.486979 -0.0971176 0.9580306 -0.2697138 -0.05675315 0.997922 -0.03050923 -0.115503 0.9741272 0.1942557 -0.2489566 0.8987354 0.3609642 -0.4294842 0.7870227 0.4428755 -0.6263864 0.6576567 0.4184828 -0.7956455 0.5393698 0.2757325 -0.8820635 0.4698469 0.03475642 -0.8447434 0.4792037 -0.2382696 -0.686699 0.5697659 -0.4514546 -0.4601373 0.7110906 -0.5316237 0.2489186 -0.9453844 -0.2104467 -0.5974248 0.6666409 0.445728 -0.7729904 0.5186899 0.3653036 -0.8983474 0.4048103 0.1705886 -0.925125 0.3672409 -0.09632217 -0.8326945 0.4271606 -0.3523547 -0.6471828 0.5677402 -0.5087489 -0.4319701 0.7403246 -0.5150934 -0.2570251 0.8885927 -0.3799224 -0.1689487 0.9728628 -0.1580957 -0.1788 0.9805314 0.08117091 -0.2705919 0.9203169 0.2824832 0.9467478 -0.2797874 -0.1593347 -0.8003692 0.4035012 -0.4433915 -0.6101419 0.5877268 -0.5313229 -0.4251589 0.7759534 -0.4659789 -0.3014507 0.9110893 -0.2811473 -0.2658384 0.9630672 -0.04279392 -0.3144395 0.931284 0.1839511 -0.4263634 0.8322592 0.3543429 -0.5778229 0.6866933 0.4411043 -0.7430791 0.5189144 0.4225652 -0.8858586 0.3655378 0.2857214 -0.9602552 0.2748752 0.04851269 0.5659582 -0.6573455 0.4975823 -0.3796979 0.9224926 0.06954753 -0.4538473 0.8479828 0.2737661 -0.5735481 0.7107278 0.4073188 -0.7173254 0.5347521 0.4466369 -0.8586851 0.3522161 0.372295 -0.9602756 0.2108522 0.18279 -0.9832506 0.162666 -0.0822069 -0.9102476 0.2347574 -0.341084 -0.7613202 0.4076094 -0.5042283 -0.5871455 0.6216302 -0.5184941 -0.4446244 0.8066121 -0.3894689 0.688929 -0.5853223 -0.4275215 -0.9386616 0.1778476 0.29544 -0.9957252 0.06831181 0.06216859 -0.9741548 0.07881319 -0.211686 -0.8742712 0.215511 -0.4349769 -0.7283489 0.4335426 -0.5306117 -0.5858533 0.6583077 -0.4726594 -0.4903289 0.8210086 -0.2924422 -0.4629502 0.8846692 -0.05511432 -0.5008041 0.847994 0.1734979 -0.5873062 0.7309667 0.3475041 -0.7035567 0.5587797 0.4390594 0.9826353 0.06324756 0.1744354 -0.7113487 0.4711753 -0.5215141 -0.6090672 0.6855743 -0.3987795 -0.5577572 0.8096761 -0.1825693 -0.5643682 0.8234955 0.0578252 -0.6190645 0.7393278 0.2648654 -0.7058423 0.5828258 0.4026173 -0.8087989 0.3818548 0.4472487 -0.9091496 0.172689 0.3789794 -0.9808039 0.009062707 0.1947861 -0.9964521 -0.04948383 -0.0680775 -0.9436745 0.0294829 -0.3295589 0.664306 -0.7141624 0.2206119 -0.7249794 0.5987456 0.3404537 -0.8016248 0.4082276 0.436747 -0.8831545 0.1879227 0.4297943 -0.9522584 -0.01578938 0.3048848 -0.9871687 -0.1405899 0.07571351 -0.9710689 -0.1332159 -0.1981887 -0.9044908 0.01518589 -0.4262228 -0.8086073 0.2564971 -0.5294936 -0.7158286 0.5080651 -0.479019 -0.6547269 0.6922177 -0.3035908 -0.6390615 0.7661916 -0.06746137 0.9117402 -0.01923739 -0.4103167 -0.9642527 -0.2594346 -0.0539481 -0.9311833 -0.1786336 -0.3177856 -0.8689253 0.03063744 -0.4939942 -0.7982499 0.2967634 -0.5241456 -0.7423378 0.5316001 -0.4078428 -0.7166926 0.669653 -0.1947215 -0.7244948 0.6877428 0.04601407 -0.7590715 0.5986546 0.2557794 -0.8102282 0.4305647 0.3976736 -0.8682841 0.2139397 0.447563 -0.9226837 -0.01257544 0.3853525 0.8740032 0.1525663 0.4613479 -0.786807 0.5310124 -0.31458 -0.7860776 0.6129513 -0.07982993 -0.8038564 0.5750334 0.1521565 -0.8334716 0.4408065 0.3331886 -0.8680262 0.2408983 0.4341641 -0.9013794 0.008867084 0.4329394 -0.9264972 -0.2073124 0.3140455 -0.9352616 -0.3425505 0.08913475 -0.922217 -0.3397797 -0.1845686 -0.8893091 -0.1874315 -0.4171317 -0.8467214 0.06573766 -0.5279598 0.8727064 -0.4604642 -0.1623456 -0.8934496 0.03757721 0.4475889 -0.899071 -0.1961193 0.3914185 -0.8974971 -0.3832999 0.2181286 -0.8882746 -0.4575827 -0.03982895 -0.8732321 -0.3794257 -0.3057808 -0.8565611 -0.1669574 -0.4882912 -0.8434302 0.1074187 -0.5263903 -0.8379657 0.3524389 -0.4166538 -0.841637 0.4988769 -0.2068067 -0.8527956 0.5211291 0.03411883 -0.867684 0.4316879 0.2465158 0.8382506 0.5068708 -0.201042 -0.8292812 -0.3821767 -0.4077175 -0.8406515 -0.1288772 -0.5260186 -0.859672 0.1419284 -0.4907343 -0.8802874 0.3452612 -0.3254057 -0.8971915 0.4319084 -0.09220886 -0.9069725 0.3967888 0.1412782 -0.9080073 0.2634929 0.325721 -0.8999732 0.06335294 0.4313174 -0.8838733 -0.1699 0.4357775 -0.8628441 -0.3888702 0.3229243 -0.8425987 -0.5287128 0.1024217 0.8556945 0.04650413 0.5153875 -0.9433817 0.3309694 0.02214139 -0.9400036 0.2453304 0.2370784 -0.9187675 0.07770359 0.3870769 -0.8832961 -0.140329 0.4473206 -0.8395735 -0.3706377 0.39717 -0.7980034 -0.5572603 0.2294591 -0.7721478 -0.6349219 -0.02573406 -0.7725115 -0.5630751 -0.2935516 -0.7999405 -0.3571847 -0.4821973 -0.8446202 -0.08706986 -0.5282381 -0.8913668 0.1570684 -0.4251995 0.90741 0.08775824 -0.4109813 -0.7643042 -0.5531174 0.3315121 -0.7135605 -0.690997 0.115562 -0.698468 -0.6982038 -0.1570156 -0.7272203 -0.559251 -0.3979814 -0.7906405 -0.3172757 -0.5236638 -0.8665201 -0.05523943 -0.4960762 -0.9307673 0.1440181 -0.3360521 -0.9672385 0.2313227 -0.1045924 -0.9709983 0.2004795 0.1302701 -0.9451822 0.07402527 0.3180422 -0.896021 -0.1174115 0.4282066 0.5972596 0.7922129 0.1252188 -0.8018033 -0.2766538 -0.5296926 -0.9000545 -0.04472678 -0.433476 -0.9680309 0.09837925 -0.2307328 -0.9920157 0.1257098 0.01009106 -0.9726299 0.04740709 0.2274724 -0.9179736 -0.108786 0.3814317 -0.8381826 -0.3128067 0.4467683 -0.7468512 -0.5292609 0.4026117 -0.6655435 -0.7065308 0.240554 -0.6213116 -0.7834766 -0.01167762 -0.6337942 -0.7206115 -0.2811121 0.9608147 0.04965984 0.272707 -0.9431069 -0.1197801 0.3101646 -0.856126 -0.29421 0.4248396 -0.7463729 -0.4988632 0.4405257 -0.6352574 -0.6935258 0.339809 -0.5540773 -0.8224802 0.1285485 -0.53412 -0.8332082 -0.1431084 -0.5880368 -0.7097288 -0.3879405 -0.6991838 -0.4896968 -0.5209022 -0.8289633 -0.248493 -0.5010698 -0.9359329 -0.06290405 -0.3465152 -0.9929255 0.02041471 -0.1169704 0.6412015 0.638274 -0.4259893 -0.4427611 -0.8966366 0.00233072 -0.4637103 -0.8443319 -0.2684705 -0.5669159 -0.6773216 -0.4688729 -0.7172315 -0.4515433 -0.5307425 -0.8637814 -0.2428731 -0.4414683 -0.9636062 -0.1123844 -0.2425548 -0.9963381 -0.08547741 -0.002024114 -0.9638404 -0.1536895 0.2176956 -0.8796108 -0.2919674 0.3755528 -0.7598289 -0.4730849 0.4459269 -0.6248505 -0.6658169 0.4077373 0.4314959 0.7926339 0.4307467 -0.895687 -0.2654292 -0.3567802 -0.9730126 -0.1910978 -0.1293372 -0.9713379 -0.2118139 0.107878 -0.901522 -0.3098422 0.302086 -0.7816718 -0.4599651 0.4212139 -0.6320002 -0.6362576 0.4424389 -0.4812723 -0.8046162 0.3478072 -0.3713619 -0.9176627 0.1413699 -0.3445788 -0.9298334 -0.1291331 -0.4185132 -0.8259948 -0.3775968 -0.570921 -0.6371859 -0.5177291 0.9344042 0.3384135 -0.1111981 -0.6512434 -0.6148409 0.4448065 -0.4786225 -0.775062 0.4125523 -0.3264779 -0.9081671 0.2620014 -0.2446863 -0.9694656 0.01627719 -0.2703976 -0.9281871 -0.2556442 -0.4020711 -0.7907066 -0.4616513 -0.5952959 -0.6026989 -0.5313913 -0.7845413 -0.427479 -0.4491734 -0.9137457 -0.3168827 -0.2542721 -0.9559841 -0.2930749 -0.0141983 -0.9136788 -0.3493246 0.207758 0.1923645 0.9514611 -0.2402451 -0.2269431 -0.9021266 -0.3669664 -0.4123824 -0.7520567 -0.5141513 -0.6310133 -0.5845912 -0.5099758 -0.8121489 -0.453696 -0.3668435 -0.9083778 -0.393415 -0.1416843 -0.9071055 -0.4096899 0.0965079 -0.8218255 -0.4881355 0.2938141 -0.6754214 -0.6079763 0.4173377 -0.4929097 -0.748237 0.444051 -0.3088472 -0.882172 0.3555082 -0.1735501 -0.9727073 0.1540163 0.4794079 0.701958 0.5267096 -0.8726196 -0.4876852 -0.02642339 -0.8239815 -0.5310237 0.1976568 -0.6967017 -0.6186674 0.3631217 -0.5166223 -0.7324581 0.4434033 -0.3141201 -0.8528755 0.4170514 -0.1345874 -0.9527412 0.2723426 -0.03610712 -0.998893 0.03015071 -0.06312203 -0.9680606 -0.2426403 -0.2155032 -0.8645143 -0.4540631 -0.4423166 -0.7223037 -0.5316329 -0.6664749 -0.5893615 -0.456579 0.5729322 0.7211746 -0.3894302 -0.1251479 -0.9233841 0.3629046 0.03064703 -0.985569 0.1664772 0.07387119 -0.9921379 -0.1010218 -0.02273738 -0.9341892 -0.3560526 -0.2316747 -0.8282861 -0.5101657 -0.4809737 -0.7103497 -0.5138751 -0.6895595 -0.6185576 -0.3766885 -0.801989 -0.5771462 -0.1539998 -0.8027526 -0.5902198 0.08502292 -0.7070373 -0.6470509 0.2853479 -0.5414282 -0.732199 0.4132072 -0.2076904 0.9752607 0.07570511 -0.2662086 -0.8041598 -0.5314697 -0.5156677 -0.7204763 -0.4636818 -0.6895751 -0.669001 -0.2773515 -0.7498867 -0.6604337 -0.03869545 -0.698323 -0.6908145 0.1874041 -0.5590784 -0.7485223 0.356575 -0.3611904 -0.8212305 0.4417261 -0.1379584 -0.8963952 0.4212399 0.06149613 -0.9573172 0.2824216 0.1735721 -0.9838405 0.04393857 0.1481992 -0.9619659 -0.2294749 0.5651297 0.7596799 0.3217372 -0.5617018 -0.7796995 0.2766945 -0.3848868 -0.827477 0.4088324 -0.1632874 -0.8798256 0.4463678 0.06230902 -0.9269402 0.3699993 0.2323605 -0.9560641 0.1787461 0.2833201 -0.9550788 -0.08691465 0.1840707 -0.9204248 -0.3448713 -0.03804618 -0.8618227 -0.5057807 -0.3067134 -0.7988872 -0.5174033 -0.5340726 -0.7520166 -0.3863126 -0.6587843 -0.7337272 -0.1662761 -0.01273512 0.8991056 -0.4375465 0.3749707 -0.9252437 0.05762922 0.3534596 -0.9101332 -0.2161572 0.184661 -0.8798944 -0.4378197 -0.07608485 -0.8440156 -0.5308942 -0.3398329 -0.8143546 -0.4704681 -0.5261374 -0.7998977 -0.2886921 -0.5932419 -0.8034068 -0.05100536 -0.541873 -0.8216114 0.1769984 -0.3974816 -0.8483176 0.3498077 -0.1910055 -0.8775637 0.4397714 0.042849 -0.9041257 0.4251126 -0.3534525 0.8476391 0.3957012 -0.3534528 -0.8476389 -0.3957011 -0.4854325 -0.855857 -0.1785053 -0.49292 -0.867881 0.06174486 -0.3917046 -0.8802407 0.2678502 -0.2119418 -0.8897724 0.4042101 0.01430797 -0.8943816 0.4470759 0.245939 -0.8930553 0.3767842 0.4229241 -0.885848 0.1908102 0.4799606 -0.8742652 -0.07278829 0.3832947 -0.8613432 -0.3334263 0.1585645 -0.8508021 -0.5009921 0.3749726 0.9252429 -0.0576294 -0.01273584 -0.8991048 0.4375481 0.2211635 -0.8759701 0.4286758 0.4336993 -0.8490239 0.3017671 0.5591803 -0.825982 0.07121205 0.542874 -0.8149846 -0.2027013 0.3780745 -0.8202833 -0.4291794 0.1182174 -0.8397725 -0.5299121 -0.1479428 -0.8663978 -0.4769359 -0.3384972 -0.8918997 -0.2998911 -0.4097393 -0.9100007 -0.06334418 -0.3612084 -0.9175094 0.1664477 -0.5617018 0.7796995 -0.2766945 0.5651297 -0.7596799 -0.3217372 0.3480559 -0.7956308 -0.4958112 0.07767748 -0.8485929 -0.5233129 -0.1567031 -0.9008553 -0.4048506 -0.2900533 -0.9378223 -0.1906789 -0.3008825 -0.9523515 0.04996222 -0.2040543 -0.9441239 0.2588279 -0.0294584 -0.9163252 0.3993498 0.1912389 -0.8736006 0.4474927 0.4184162 -0.8234299 0.3832639 0.5942785 -0.7783056 0.202666 -0.2662091 0.8041607 0.5314681 -0.2076886 -0.975261 -0.07570487 -0.1640153 -0.9740843 0.1557522 -0.02906018 -0.9415444 0.3356332 0.1666023 -0.8848574 0.435053 0.3899958 -0.8132308 0.4319248 0.594578 -0.7414456 0.3110235 0.718138 -0.6907302 0.08467477 0.7074286 -0.6810126 -0.1891202 0.5538678 -0.718793 -0.4201988 0.3066374 -0.7916088 -0.5285159 0.05024826 -0.8741375 -0.4830722 -0.1251478 0.923384 -0.362905 0.5729316 -0.7211748 0.3894307 0.7392789 -0.6383901 0.2143008 0.7998495 -0.5985463 -0.04453337 0.7206081 -0.6202769 -0.309807 0.5206621 -0.6989861 -0.4902341 0.267986 -0.8073652 -0.5256851 0.04639756 -0.9092096 -0.4137453 -0.08180928 -0.9757997 -0.2027856 -0.0950281 -0.9947456 0.03809142 -0.006581366 -0.9683203 0.2496247 0.1552531 -0.9057959 0.3942464 -0.8726202 0.4876841 0.02642345 0.4794067 -0.7019574 -0.5267116 0.2446714 -0.8373389 -0.4888757 0.07234257 -0.9440343 -0.3218163 0.003688931 -0.9961065 -0.08808189 0.04120355 -0.9885851 0.1449198 0.1627182 -0.9304761 0.3282331 0.3399021 -0.8352168 0.4322955 0.542766 -0.7185378 0.4348661 0.7297815 -0.6041696 0.3199973 0.8449974 -0.5257127 0.09800809 0.8393272 -0.5145431 -0.1754288 -0.2269431 0.9021266 0.3669664 0.1923645 -0.9514611 0.2402451 0.3347132 -0.8583218 0.3889096 0.5157017 -0.7306476 0.4474437 0.7034768 -0.5906498 0.3952887 0.852014 -0.472364 0.2257089 0.9086244 -0.4165042 -0.03042942 0.842063 -0.4498146 -0.2976524 0.6674639 -0.5656608 -0.4842724 0.4438811 -0.7242487 -0.5276679 0.2457564 -0.8724662 -0.422382 0.1294953 -0.9680307 -0.2148199 -0.6512435 0.6148419 -0.4448048 0.9344035 -0.3384158 0.1111977 0.9323428 -0.3234373 -0.1616331 0.81823 -0.4116905 -0.4012612 0.6275559 -0.5753958 -0.5244936 0.4254716 -0.7580291 -0.4943337 0.2756627 -0.901908 -0.3325238 0.2147134 -0.9714962 -0.1004645 0.245528 -0.9600898 0.1339541 0.3489847 -0.8805741 0.3206229 0.5002536 -0.7519786 0.4292719 0.6735601 -0.5957477 0.4374947 -0.8956869 0.2654295 0.3567804 0.4314963 -0.7926335 -0.430747 0.3339025 -0.9149235 -0.2267688 0.3212333 -0.9468949 0.0141161 0.3842917 -0.8939244 0.2306926 0.5015855 -0.7755412 0.3833379 0.6505124 -0.6140356 0.4469833 0.8050526 -0.437292 0.4008316 0.9280146 -0.2875344 0.2368815 0.9762988 -0.2158084 -0.01635783 0.9234824 -0.256506 -0.2852803 0.78084 -0.4023409 -0.4779233 -0.4427594 0.8966374 -0.00233072 0.6412008 -0.6382732 0.4259916 0.7773419 -0.4497761 0.4398195 0.9033571 -0.2651901 0.3370761 0.9827181 -0.1372231 0.1242374 0.982117 -0.1166847 -0.1477528 0.8932838 -0.2211595 -0.3913215 0.7433653 -0.4184019 -0.5218695 0.5834922 -0.6403835 -0.4994456 0.464383 -0.8164959 -0.3430494 0.4156622 -0.9024915 -0.1128452 0.4399788 -0.8895639 0.1228606 -0.9431069 0.1197801 -0.3101646 0.9608147 -0.04965984 -0.272707 0.8548542 -0.2172453 -0.4711992 0.7173938 -0.451644 -0.5304373 0.5944167 -0.6738632 -0.4388362 0.521756 -0.8190408 -0.2386267 0.5129393 -0.8584225 0.002021551 0.5609057 -0.7978444 0.2209733 0.6489587 -0.6605437 0.3775375 0.7596976 -0.4730002 0.4462401 0.8738555 -0.2673728 0.4060645 0.9644398 -0.09189224 0.2478141 -0.8018033 0.2766538 0.5296926 0.5972596 -0.7922129 -0.1252188 0.6159453 -0.7798375 0.1116461 0.6741182 -0.6728003 0.3048022 0.7570148 -0.4984607 0.4224517 0.8501449 -0.2864165 0.4418362 0.9353128 -0.07774478 0.3451749 0.9881522 0.06895482 0.1371153 0.9863471 0.09600752 -0.1337982 0.9243645 -0.01815623 -0.3810783 0.8207772 -0.2390323 -0.5188338 0.7107529 -0.4905229 -0.5041999 -0.7643058 0.5531156 -0.3315113 0.9074105 -0.08775919 0.4109801 0.9601563 0.106209 0.2584949 0.9788067 0.2044553 0.01163697 0.9521514 0.1607466 -0.2599388 0.8855643 -0.01973181 -0.4640975 0.8009169 -0.2762981 -0.5312171 0.7264872 -0.5222387 -0.4466354 0.6841822 -0.6849861 -0.2503775 0.6819068 -0.731369 -0.01013326 0.7144951 -0.6670373 0.2110874 0.7706519 -0.5177626 0.3715071 -0.9433812 -0.3309708 -0.02214145 0.855693 -0.04650461 -0.5153899 0.8008457 -0.3161963 -0.5085923 0.7627344 -0.5348789 -0.363512 0.7510763 -0.6457232 -0.1375715 0.7655524 -0.6355058 0.1003093 0.7990539 -0.523015 0.2965944 0.842913 -0.3379695 0.4186577 0.889211 -0.112112 0.4435478 0.9289678 0.1114792 0.3529749 0.9508209 0.2710967 0.1498203 0.9448864 0.3046993 -0.1197832 -0.8292812 0.3821767 0.4077175 0.8382506 -0.5068708 0.201042 0.8614553 -0.35282 0.3652575 0.8850088 -0.1403903 0.4439032 0.9046431 0.09437954 0.4155878 0.9157576 0.2984417 0.2689247 0.9139528 0.4050164 0.025536 0.8978122 0.3645919 -0.2469941 0.8712123 0.180204 -0.4566352 0.8425546 -0.08662712 -0.5315991 0.8212137 -0.3454854 -0.4541454 0.8135001 -0.5191943 -0.2620209 -0.8934496 -0.03757721 -0.4475889 0.8727064 0.4604642 0.1623456 0.8597327 0.4996832 -0.1057185 0.8499489 0.3849508 -0.359722 0.8461938 0.1492748 -0.5115398 0.8492634 -0.126393 -0.5126172 0.8580084 -0.3526618 -0.3734318 0.8699614 -0.4697851 -0.1498972 0.8820291 -0.46274 0.08886152 0.8912102 -0.3502707 0.2881923 0.8952636 -0.1630951 0.4146122 0.893095 0.06629627 0.4449563 -0.7868088 -0.5310103 0.314579 0.8740042 -0.1525654 -0.4613464 0.9036208 -0.3296152 -0.2735384 0.9220679 -0.3854783 -0.03460091 0.9266 -0.3240262 0.1908386 0.9173821 -0.1722996 0.3587799 0.8960477 0.0381844 0.4423127 0.8659172 0.2718301 0.419876 0.8335194 0.4768164 0.2790905 0.8085729 0.5870786 0.03935259 0.8003317 0.5520596 -0.2338789 0.8123351 0.3724067 -0.448804 -0.9642522 0.2594366 0.05394828 0.9117395 0.01923632 0.4103182 0.8617115 0.2418257 0.4460648 0.805428 0.4648715 0.3676686 0.7575425 0.6289806 0.174679 0.7349168 0.6719399 -0.09161943 0.7477692 0.565066 -0.3486282 0.7926371 0.3382111 -0.5072866 0.8536325 0.06911927 -0.5162694 0.9106891 -0.154455 -0.3831306 0.9483691 -0.2725639 -0.1621883 0.9600235 -0.2690323 0.07730811 -0.7249794 -0.5987456 -0.3404537 0.664306 0.7141624 -0.2206119 0.7117071 0.5471028 -0.4406265 0.7938359 0.2961802 -0.5311327 0.8823624 0.04675072 -0.4682425 0.9503157 -0.1253635 -0.2849282 0.9821522 -0.1821471 -0.04689872 0.9754397 -0.1262621 0.1804863 0.935822 0.01648759 0.352087 0.8714861 0.2156654 0.4404547 0.7929851 0.4376291 0.4238578 0.7172526 0.63406 0.2889925 -0.7113487 -0.4711753 0.5215141 0.9826353 -0.06324756 -0.1744354 0.9958602 -0.06286728 0.06565129 0.961994 0.0349853 0.2708202 0.8914282 0.2017405 0.405779 0.7963361 0.4076176 0.4468742 0.6939194 0.6149654 0.3745577 0.6106233 0.7695716 0.1868122 0.5762971 0.8135574 -0.07749843 0.6080785 0.718672 -0.3372702 0.6976419 0.5105436 -0.5026341 0.8138313 0.2602941 -0.5195438 -0.9386624 -0.1778462 -0.295438 0.68893 0.5853222 0.42752 0.5721464 0.7638562 0.2986172 0.4975687 0.8648565 0.06669718 0.4961927 0.8431254 -0.2072014 0.57424 0.6953722 -0.4320948 0.7059615 0.4694883 -0.5302821 0.846046 0.2424015 -0.4748134 0.9514548 0.08375859 -0.2961729 0.9978098 0.02945405 -0.05922847 0.9823587 0.07796126 0.1699807 0.9156901 0.2058277 0.3451761 -0.3796971 -0.9224929 -0.0695483 0.565958 0.6573456 -0.4975825 0.731999 0.4373092 -0.5224347 0.8807952 0.2504673 -0.4018284 0.9711605 0.1483811 -0.1866289 0.9877203 0.1466399 0.05390053 0.9369596 0.2313827 0.2618565 0.8348837 0.3770558 0.4009964 0.6995567 0.5571944 0.4473866 0.5552071 0.7392417 0.3811388 0.4385504 0.8764567 0.1987388 0.3912722 0.9180909 -0.06336647 -0.8003691 -0.4035001 0.4433925 0.9467483 0.2797865 0.1593333 0.8574811 0.3878715 0.338056 0.720298 0.5395824 0.4359147 0.5580044 0.709208 0.4308773 0.4044945 0.8611265 0.3079697 0.3061836 0.9485881 0.08020144 0.3039498 0.9327968 -0.1936612 0.4066917 0.8096165 -0.4232295 0.5810431 0.6184806 -0.529028 0.7670543 0.4245045 -0.4810651 0.907095 0.2876849 -0.3072721 -0.5974248 -0.6666405 -0.4457288 0.2489176 0.9453846 0.2104471 0.188412 0.980855 -0.04923874 0.2446131 0.9174352 -0.3138105 0.4042201 0.7709776 -0.4921378 0.6124246 0.59108 -0.5249387 0.8000504 0.4372127 -0.4108094 0.9144966 0.3524069 -0.1987597 0.935746 0.3501576 0.04206013 0.8720229 0.4191818 0.2527107 0.7441208 0.5380408 0.3959752 0.575168 0.6847125 0.4476054 -0.09712094 -0.9580306 0.2697128 0.6495464 0.5839035 -0.4869766 0.8194966 0.4766236 -0.3182064 0.894608 0.4388943 -0.08395504 0.8698579 0.4704055 0.1485456 0.7632756 0.5550082 0.3307209 0.5993632 0.6731015 0.4332415 0.4054943 0.8045434 0.4339174 0.221455 0.9221964 0.3170355 0.1020818 0.9903648 0.09357756 0.09669148 0.9789023 -0.1800028 0.2173706 0.8839297 -0.4140269 -0.8246509 -0.5547615 0.1104109 0.6225588 0.6780574 0.3907157 0.4280351 0.7851756 0.4475322 0.2201651 0.892629 0.3933712 0.0499795 0.9737803 0.2219321 -0.02294039 0.9991196 -0.03512728 0.03844833 0.9526181 -0.3017293 0.2206175 0.8454803 -0.4863034 0.4613311 0.7137159 -0.5270515 0.6802868 0.6010008 -0.419533 0.8153329 0.5392479 -0.2108172 0.8420519 0.5385541 0.03013283 -0.06248456 -0.9279753 -0.3673657 -0.1158069 0.979261 -0.1662428 0.01567155 0.9144008 -0.4045066 0.247371 0.8141797 -0.52528 0.4996199 0.7125801 -0.4925541 0.693017 0.6414849 -0.3289748 0.7802934 0.6179496 -0.09633594 0.7547697 0.6413912 0.1376226 0.6366788 0.7001375 0.3231838 0.4540241 0.7801895 0.4303098 0.2374686 0.8677222 0.4366542 0.03069567 0.9449334 0.3258199 -0.06158244 -0.8596438 0.5071688 0.678372 0.7001238 -0.2227958 0.7106513 0.7033108 0.01813101 0.6337941 0.7372909 0.2338959 0.4748925 0.7912526 0.3852227 0.2639067 0.8546302 0.4471693 0.0375126 0.9161748 0.3990195 -0.1497276 0.9608364 0.2331849 -0.2331189 0.9722205 -0.02104425 -0.1708824 0.941823 -0.2894284 0.02447003 0.8768818 -0.4800829 0.2865539 0.7989309 -0.5287686 -0.5180573 -0.8164625 -0.2549622 0.06058108 0.8964051 0.4390762 -0.1598809 0.9288034 0.3343087 -0.3078771 0.9438399 0.1199076 -0.3235239 0.9338685 -0.1523873 -0.1883494 0.8993122 -0.3946672 0.05580562 0.850635 -0.5227866 0.3250066 0.8041068 -0.4977779 0.5338929 0.7743758 -0.3395593 0.6304452 0.7685825 -0.1087194 0.606266 0.785125 0.1265719 0.4826825 0.817017 0.3154375 0.4306664 -0.8951034 -0.1153968 -0.1742389 0.8633969 -0.4734836 0.09714502 0.8423595 -0.5300882 0.3497378 0.8291181 -0.4361726 0.5101241 0.8274641 -0.2346842 0.5472908 0.8369206 0.006059706 0.470111 0.8536484 0.2242321 0.3069307 0.8727971 0.3794981 0.08919608 0.8903164 0.4465208 -0.1455348 0.9029483 0.4043563 -0.3417466 0.9075111 0.2441982 -0.4325811 0.9015678 -0.007002234 0.4519343 0.8837937 -0.1210955 -0.3732221 -0.8854496 0.2769192 -0.4325799 -0.9015684 0.007002294 -0.3417456 -0.9075117 -0.2441974 -0.1455343 -0.902949 -0.4043548 0.08919596 -0.8903173 -0.446519 0.3069296 -0.8727981 -0.3794968 0.4701089 -0.8536494 -0.2242329 0.5472881 -0.8369224 -0.006058692 0.5101215 -0.8274657 0.2346839 0.3497369 -0.8291194 0.4361711 0.09714454 -0.8423606 0.5300863 -0.3217149 0.853762 0.4093773 0.2899315 -0.8564544 -0.4271129 0.4826844 -0.8170155 -0.3154383 0.6062684 -0.785123 -0.1265726 0.6304476 -0.7685804 0.10872 0.5338955 -0.7743735 0.3395606 0.325007 -0.8041052 0.4977803 0.05580484 -0.8506335 0.5227891 -0.1883513 -0.899311 0.3946689 -0.3235266 -0.9338674 0.1523883 -0.3078796 -0.943839 -0.1199084 -0.1598827 -0.9288024 -0.3343105 -0.327875 0.7909747 -0.516582 0.5276055 -0.7337967 0.4279895 0.2865541 -0.7989314 0.5287677 0.02447062 -0.8768823 0.480082 -0.1708815 -0.9418233 0.2894278 -0.2331178 -0.9722208 0.02104425 -0.1497266 -0.9608366 -0.2331844 0.03751319 -0.9161751 -0.3990188 0.2639068 -0.8546306 -0.4471685 0.4748923 -0.7912531 -0.3852219 0.6337937 -0.7372913 -0.2338955 0.7106508 -0.7033113 -0.01813101 0.08734542 0.9749811 0.2044082 -0.1056604 -0.9886485 -0.1068179 0.03069579 -0.9449337 -0.3258193 0.2374691 -0.8677225 -0.4366534 0.4540237 -0.7801901 -0.4303092 0.6366788 -0.7001382 -0.3231821 0.754769 -0.6413917 -0.137624 0.7802924 -0.6179509 0.09633588 0.693017 -0.6414855 0.3289738 0.4996187 -0.7125817 0.4925531 0.247371 -0.8141801 0.5252792 0.01567214 -0.9144008 0.4045065 -0.7973242 0.5824515 0.1581908 0.7696126 -0.5903032 -0.2433899 0.8420515 -0.5385548 -0.0301333 0.815332 -0.5392493 0.2108175 0.6802871 -0.601001 0.4195324 0.4613314 -0.7137164 0.5270505 0.2206176 -0.845481 0.486302 0.03844916 -0.9526182 0.3017288 -0.02293938 -0.9991196 0.03512722 0.04998075 -0.9737803 -0.2219321 0.220165 -0.8926293 -0.3933703 0.428035 -0.785176 -0.4475317 -0.2417722 0.8549166 -0.4589814 0.4255108 -0.7354139 0.5273585 0.217368 -0.8839294 0.414029 0.0966885 -0.9789023 0.1800045 0.1020792 -0.990365 -0.09357887 0.2214524 -0.9221963 -0.3170375 0.4054924 -0.804543 -0.43392 0.5993627 -0.6731002 -0.433244 0.7632761 -0.5550065 -0.3307226 0.869859 -0.4704038 -0.148545 0.8946095 -0.4388914 0.08395439 0.8194972 -0.4766216 0.3182078 -0.4188533 0.8093217 0.4117771 0.3950949 -0.8329549 -0.3874095 0.5751684 -0.6847127 -0.4476044 0.7441208 -0.5380411 -0.3959746 0.8720227 -0.4191824 -0.2527104 0.9357457 -0.3501584 -0.04206001 0.9144964 -0.3524074 0.1987596 0.8000504 -0.4372131 0.4108089 0.6124248 -0.5910803 0.5249381 0.4042209 -0.7709778 0.4921368 0.2446141 -0.9174351 0.31381 0.1884131 -0.9808548 0.04923868 -0.9313535 0.2862385 -0.2250515 0.9682113 -0.2396718 0.07158452 0.9070953 -0.287685 0.3072711 0.7670542 -0.4245057 0.4810642 0.5810433 -0.6184813 0.529027 0.4066926 -0.809616 0.4232295 0.3039509 -0.9327965 0.1936609 0.3061847 -0.9485877 -0.08020132 0.4044958 -0.8611261 -0.3079693 0.5580059 -0.7092072 -0.4308764 0.7202969 -0.5395837 -0.4359149 0.8574814 -0.3878722 -0.3380544 -0.3722847 0.9123499 -0.1703577 0.4376103 -0.8381181 0.325661 0.3912722 -0.9180908 0.06336712 0.4385505 -0.8764569 -0.198738 0.5552083 -0.739241 -0.3811384 0.6995565 -0.5571948 -0.4473865 0.8348831 -0.3770567 -0.4009969 0.9369595 -0.2313833 -0.2618561 0.9877203 -0.1466413 -0.05389863 0.9711607 -0.1483811 0.186628 0.8807953 -0.2504676 0.4018281 0.7319992 -0.4373099 0.522434 -0.8297477 0.3602194 0.4263342 0.8121697 -0.3850426 -0.4383177 0.91569 -0.2058268 -0.345177 0.9823588 -0.07796013 -0.1699811 0.9978099 -0.02945268 0.05922865 0.9514546 -0.0837574 0.2961737 0.8460455 -0.2424006 0.4748148 0.7059605 -0.469488 0.5302837 0.5742387 -0.6953725 0.432096 0.4961909 -0.8431263 0.207202 0.4975668 -0.8648576 -0.06669741 0.5721449 -0.7638569 -0.2986183 -0.8365696 0.2254788 -0.4993101 0.9183523 -0.04995065 0.3925992 0.8138313 -0.2602941 0.5195437 0.6976419 -0.5105436 0.5026341 0.6080785 -0.718672 0.3372702 0.5762971 -0.8135574 0.07749843 0.6106233 -0.7695716 -0.1868122 0.6939193 -0.6149654 -0.3745577 0.7963362 -0.4076176 -0.4468742 0.8914282 -0.2017405 -0.405779 0.961994 -0.0349853 -0.2708202 0.9958602 0.06286728 -0.06565129 -0.6663977 0.7275841 0.1628971 0.6676071 -0.7426195 -0.0530765 0.7172526 -0.63406 -0.2889925 0.7929851 -0.4376291 -0.4238578 0.8714861 -0.2156654 -0.4404547 0.935822 -0.01648759 -0.352087 0.9754397 0.1262621 -0.1804863 0.9821522 0.1821471 0.04689872 0.9503157 0.1253635 0.2849282 0.8823624 -0.04675078 0.4682424 0.7938359 -0.2961802 0.5311326 0.711707 -0.5471027 0.4406265 -0.959441 -0.1918398 0.2065684 0.9464104 0.1616554 -0.2795979 0.9600242 0.2690299 -0.07730686 0.9483696 0.2725621 0.1621877 0.9106898 0.1544531 0.3831295 0.8536334 -0.06911945 0.5162679 0.7926383 -0.3382111 0.5072848 0.7477705 -0.5650649 0.3486271 0.7349183 -0.6719383 0.09161877 0.7575436 -0.6289798 -0.1746776 0.8054295 -0.46487 -0.3676672 0.8617122 -0.2418261 -0.446063 -0.8086267 0.3329489 -0.4850443 0.8401594 -0.1075503 0.5315685 0.8123337 -0.3724077 0.4488056 0.8003302 -0.5520614 0.2338799 0.8085716 -0.5870803 -0.03935271 0.833518 -0.4768181 -0.2790917 0.8659161 -0.2718309 -0.4198777 0.8960468 -0.03818416 -0.4423145 0.9173815 0.1723004 -0.3587809 0.9265994 0.3240277 -0.1908393 0.9220674 0.3854798 0.03460103 0.90362 0.3296166 0.2735392 -0.882261 0.25993 0.3924946 0.8849579 -0.2948026 -0.3604733 0.893095 -0.06629627 -0.4449563 0.8952635 0.1630951 -0.4146123 0.8912102 0.3502707 -0.2881923 0.8820291 0.4627401 -0.08886152 0.8699614 0.469785 0.1498972 0.8580084 0.3526618 0.3734318 0.8492634 0.126393 0.5126172 0.8461939 -0.1492748 0.5115398 0.8499489 -0.3849508 0.359722 0.8597328 -0.4996832 0.1057185 -0.8298965 -0.531117 -0.1708402 0.8204059 0.571345 0.02234244 0.8135001 0.5191943 0.2620209 0.8212136 0.3454854 0.4541454 0.8425546 0.08662712 0.5315991 0.8712123 -0.180204 0.4566352 0.8978122 -0.364592 0.2469941 0.9139528 -0.4050164 -0.025536 0.9157576 -0.2984417 -0.2689247 0.9046431 -0.09437954 -0.4155879 0.8850088 0.1403903 -0.4439033 0.8614553 0.35282 -0.3652574 -0.9267427 0.3054007 -0.2188116 0.9097406 -0.1872721 0.3705417 0.9448872 -0.3046972 0.1197823 0.9508216 -0.2710945 -0.1498202 0.9289684 -0.1114782 -0.3529736 0.8892118 0.1121124 -0.4435462 0.842914 0.3379687 -0.4186563 0.799055 0.523014 -0.2965931 0.7655534 0.6355045 -0.1003097 0.7510775 0.6457219 0.1375707 0.762736 0.534877 0.363511 0.8008467 0.3161963 0.5085906 -0.8314777 -0.3413717 0.4383037 0.8389248 0.3130376 -0.4452107 0.7706511 0.517763 -0.3715083 0.7144942 0.6670382 -0.211088 0.6819056 0.73137 0.01013332 0.6841809 0.684987 0.2503783 0.7264861 0.5222391 0.4466367 0.8009158 0.2762977 0.5312187 0.8855636 0.01973062 0.464099 0.9521508 -0.1607486 0.2599397 0.9788062 -0.2044577 -0.01163703 0.9601558 -0.106211 -0.2584959 -0.7017772 -0.5302782 -0.4757245 0.6293933 0.6920875 0.3533819 0.7107529 0.4905229 0.5041999 0.8207771 0.2390323 0.5188337 0.9243645 0.01815623 0.3810784 0.9863471 -0.09600752 0.1337982 0.9881522 -0.06895488 -0.1371153 0.9353128 0.07774484 -0.3451749 0.8501449 0.2864165 -0.4418362 0.7570149 0.4984607 -0.4224517 0.6741182 0.6728004 -0.3048022 0.6159453 0.7798376 -0.1116461 -0.9928636 -0.005386769 0.1191341 0.9999814 0.005636274 0.002332627 0.9644398 0.09189224 -0.2478141 0.8738555 0.2673728 -0.4060645 0.7596976 0.4730002 -0.4462401 0.6489587 0.6605438 -0.3775375 0.5609057 0.7978444 -0.2209733 0.5129393 0.8584225 -0.002021551 0.521756 0.8190409 0.2386267 0.5944166 0.6738632 0.4388363 0.7173938 0.451644 0.5304374 0.8548542 0.2172453 0.4711992 -0.5060423 -0.8250564 0.2514024 0.5219044 0.7935768 -0.3128126 0.4399809 0.8895629 -0.1228604 0.4156649 0.9024901 0.1128457 0.464385 0.8164951 0.3430486 0.5834926 0.6403841 0.4994441 0.7433663 0.4184026 0.5218677 0.8932842 0.2211608 0.3913198 0.9821168 0.1166865 0.1477524 0.9827179 0.1372247 -0.124237 0.9033569 0.2651918 -0.3370751 0.777343 0.4497756 -0.439818 -0.7490593 -0.4279895 -0.5057028 0.5963028 0.6035865 0.5292507 0.7808407 0.4023402 0.4779228 0.9234822 0.2565057 0.2852813 0.9762987 0.2158083 0.01635801 0.9280145 0.2875346 -0.2368817 0.8050521 0.4372926 -0.4008319 0.6505128 0.614035 -0.4469835 0.501586 0.7755405 -0.3833385 0.384292 0.8939245 -0.2306917 0.3212336 0.9468948 -0.0141161 0.3339027 0.9149235 0.2267687 -0.8049345 -0.464313 0.3694505 0.8340232 0.4431403 -0.3286821 0.6735598 0.5957467 -0.4374963 0.5002529 0.7519783 -0.4292735 0.3489832 0.8805742 -0.3206241 0.2455266 0.9600901 -0.1339545 0.214712 0.9714965 0.1004647 0.2756614 0.9019081 0.3325247 0.4254704 0.7580286 0.4943354 0.6275554 0.5753947 0.5244952 0.8182302 0.4116889 0.4012625 0.9323434 0.3234352 0.1616336 -0.1387131 -0.9836212 -0.1151001 0.1154831 0.9929654 -0.02614223 0.1294953 0.9680307 0.2148199 0.2457565 0.8724662 0.422382 0.4438811 0.7242487 0.5276679 0.6674639 0.5656608 0.4842724 0.8420629 0.4498146 0.2976523 0.9086244 0.4165042 0.03042942 0.852014 0.472364 -0.225709 0.7034769 0.5906498 -0.3952887 0.5157017 0.7306476 -0.4474437 0.3347133 0.8583218 -0.3889096 -0.8208972 -0.5054099 -0.2658734 0.7031216 0.5803353 0.4108906 0.8393266 0.5145449 0.175427 0.8449971 0.5257134 -0.09800672 0.7297809 0.6041708 -0.3199961 0.5427663 0.7185385 -0.4348645 0.3399031 0.8352172 -0.4322939 0.1627197 0.9304766 -0.3282312 0.0412054 0.988585 -0.1449199 0.003691494 0.9961064 0.08808231 0.07234388 0.9440346 0.3218151 0.244673 0.8373394 0.4888741 -0.3345993 -0.8304817 0.4453576 0.3605809 0.8183062 -0.4476118 0.1552536 0.9057958 -0.3942465 -0.006580889 0.9683205 -0.2496239 -0.09502786 0.9947455 -0.03809231 -0.08180809 0.9757997 0.2027862 0.04639726 0.9092097 0.4137452 0.2679869 0.8073651 0.525685 0.5206619 0.6989861 0.4902343 0.7206084 0.6202766 0.3098073 0.7998495 0.5985464 0.04453235 0.7392794 0.6383897 -0.2143005 -0.01658409 -0.89482 -0.446119 -0.1357314 0.940689 0.310936 0.05024737 0.8741366 0.4830738 0.3066374 0.7916077 0.5285175 0.5538686 0.7187917 0.4202002 0.70743 0.681011 0.1891209 0.7181393 0.6907287 -0.08467507 0.594579 0.7414442 -0.3110246 0.3899961 0.8132297 -0.4319264 0.1666018 0.8848567 -0.4350546 -0.02906125 0.941544 -0.3356343 -0.1640169 0.974084 -0.1557527 -0.6626816 -0.7452925 0.07343202 0.654789 0.7535322 0.05865693 0.5942785 0.7783056 -0.202666 0.4184162 0.8234298 -0.3832638 0.1912388 0.8736007 -0.4474927 -0.0294584 0.9163252 -0.3993498 -0.2040543 0.9441239 -0.2588279 -0.3008825 0.9523515 -0.04996222 -0.2900533 0.9378223 0.1906789 -0.1567031 0.9008553 0.4048506 0.07767748 0.8485929 0.5233129 0.348056 0.7956308 0.4958112 0.2535634 -0.9221208 0.2922307 -0.2183865 0.9136617 -0.3428261 -0.3612064 0.9175103 -0.1664471 -0.409737 0.9100017 0.06334459 -0.3384962 0.8919005 0.2998898 -0.1479416 0.8663988 0.4769344 0.1182176 0.8397735 0.5299103 0.3780738 0.8202843 0.429178 0.5428728 0.8149855 0.2027012 0.5591786 0.8259832 -0.07121229 0.4336987 0.8490246 -0.3017659 0.2211633 0.875971 -0.4286743 -0.1172379 -0.8457453 -0.5205481 -0.1172375 0.8457453 0.5205481 0.1585651 0.850802 0.5009921 0.3832951 0.8613428 0.3334268 0.4799609 0.8742651 0.07278794 0.4229247 0.8858478 -0.19081 0.2459394 0.8930552 -0.3767842 0.01430845 0.8943816 -0.447076 -0.2119415 0.8897725 -0.4042101 -0.391704 0.8802408 -0.267851 -0.4929191 0.8678817 -0.06174385 -0.485432 0.8558572 0.1785052 -0.218388 -0.9136608 0.3428274 0.253565 0.9221201 -0.2922317 0.04284977 0.904125 -0.425114 -0.1910056 0.8775629 -0.439773 -0.3974825 0.8483167 -0.3498091 -0.5418742 0.8216103 -0.176999 -0.5932433 0.8034058 0.05100554 -0.5261384 0.7998967 0.288693 -0.3398334 0.8143535 0.4704695 -0.07608443 0.8440145 0.530896 0.1846622 0.8798935 0.4378211 0.3534615 0.9101322 0.2161579 0.654789 -0.7535322 -0.05865693 -0.6626816 0.7452925 -0.07343202 -0.6587843 0.7337271 0.1662761 -0.5340726 0.7520166 0.3863126 -0.3067134 0.7988872 0.5174033 -0.03804618 0.8618227 0.5057807 0.1840707 0.9204248 0.3448713 0.2833201 0.9550788 0.08691465 0.2323605 0.9560641 -0.1787461 0.06230902 0.9269402 -0.3699993 -0.1632874 0.8798255 -0.4463678 -0.3848868 0.827477 -0.4088324 -0.13573 -0.9406895 -0.3109351 -0.01658511 0.8948208 0.4461174 0.1481977 0.9619664 0.2294734 0.1735708 0.9838408 -0.04393815 0.06149476 0.9573175 -0.2824208 -0.1379591 0.8963958 -0.4212385 -0.3611898 0.8212315 -0.4417247 -0.5590773 0.7485236 -0.356574 -0.6983218 0.6908162 -0.1874026 -0.7498852 0.6604354 0.03869587 -0.6895744 0.6690021 0.2773504 -0.5156676 0.7204772 0.4636803 0.3605809 -0.8183061 0.4476122 -0.3345983 0.830482 -0.4453581 -0.5414276 0.7321993 -0.4132074 -0.7070367 0.6470511 -0.2853488 -0.8027522 0.5902207 -0.08502042 -0.80199 0.5771452 0.1539978 -0.6895583 0.6185588 0.3766887 -0.4809735 0.7103498 0.5138752 -0.2316743 0.8282861 0.5101658 -0.02273696 0.9341894 0.3560524 0.07387197 0.9921378 0.1010224 0.03064697 0.9855688 -0.1664776 0.7031226 -0.5803343 -0.4108904 -0.8208978 0.5054085 0.2658743 -0.6664749 0.5893603 0.4565804 -0.4423159 0.7223029 0.5316345 -0.2155019 0.8645139 0.4540646 -0.06312024 0.9680606 0.242641 -0.03610485 0.998893 -0.03015083 -0.1345856 0.9527412 -0.2723436 -0.314119 0.8528752 -0.4170529 -0.5166219 0.7324574 -0.443405 -0.696702 0.6186664 -0.3631228 -0.8239824 0.5310223 -0.1976575 0.1154831 -0.9929654 0.02614223 -0.1387131 0.9836212 0.1151001 -0.1735501 0.9727073 -0.1540163 -0.3088472 0.8821719 -0.3555082 -0.4929098 0.748237 -0.444051 -0.6754214 0.6079763 -0.4173377 -0.8218255 0.4881355 -0.2938141 -0.9071055 0.4096899 -0.0965079 -0.9083778 0.393415 0.1416843 -0.8121489 0.453696 0.3668435 -0.6310133 0.5845912 0.5099758 -0.4123824 0.7520566 0.5141513 0.8340228 -0.4431421 0.3286808 -0.8049347 0.4643145 -0.3694484 -0.9136782 0.3493265 -0.2077571 -0.9559834 0.293077 0.01419824 -0.9137454 0.3168843 0.2542708 -0.7845408 0.4274814 0.449172 -0.5952964 0.6026999 0.5313897 -0.4020723 0.7907065 0.4616504 -0.2703989 0.9281867 0.2556445 -0.2446884 0.9694651 -0.01627802 -0.3264796 0.9081667 -0.2620008 -0.4786227 0.7750626 -0.4125508 0.5963025 -0.6035868 -0.5292508 -0.7490594 0.4279889 0.5057029 -0.5709205 0.6371867 0.5177286 -0.4185131 0.8259944 0.3775976 -0.3445786 0.9298335 0.1291323 -0.3713617 0.9176627 -0.14137 -0.4812719 0.8046164 -0.3478069 -0.6319997 0.636258 -0.4424389 -0.7816721 0.4599649 -0.4212137 -0.9015219 0.3098423 -0.3020862 -0.9713377 0.2118141 -0.107879 -0.9730123 0.1910986 0.1293379 0.5219027 -0.7935779 0.3128125 -0.5060406 0.8250572 -0.2514033 -0.6248494 0.6658171 -0.4077387 -0.7598282 0.4730844 -0.4459286 -0.8796105 0.2919663 -0.3755542 -0.9638404 0.1536879 -0.2176964 -0.9963383 0.08547538 0.002024173 -0.9636062 0.1123827 0.2425556 -0.8637811 0.2428719 0.4414697 -0.7172306 0.4515428 0.5307441 -0.5669143 0.6773217 0.4688746 -0.4637084 0.8443326 0.2684715 0.9999814 -0.005636274 -0.002332627 -0.9928636 0.005386769 -0.1191341 -0.9929255 -0.02041471 0.1169704 -0.9359329 0.06290405 0.3465151 -0.8289633 0.248493 0.5010699 -0.6991838 0.4896968 0.5209022 -0.5880368 0.7097288 0.3879405 -0.53412 0.8332082 0.1431084 -0.5540772 0.8224802 -0.1285485 -0.6352574 0.6935257 -0.3398089 -0.7463729 0.4988632 -0.4405257 -0.856126 0.29421 -0.4248397 0.6293933 -0.6920875 -0.3533819 -0.7017772 0.5302782 0.4757245 -0.6337943 0.7206115 0.2811121 -0.6213116 0.7834766 0.01167762 -0.6655435 0.7065308 -0.240554 -0.7468513 0.5292609 -0.4026117 -0.8381826 0.3128067 -0.4467682 -0.9179736 0.108786 -0.3814317 -0.9726299 -0.04740709 -0.2274724 -0.9920157 -0.1257098 -0.01009106 -0.9680309 -0.09837931 0.2307328 -0.9000545 0.04472678 0.433476 0.8389258 -0.3130379 0.4452088 -0.8314781 0.3413726 -0.4383022 -0.8960217 0.1174125 -0.428205 -0.9451829 -0.07402366 -0.3180404 -0.9709989 -0.2004773 -0.130269 -0.967239 -0.2313212 0.1045912 -0.9307681 -0.1440165 0.3360508 -0.8665209 0.05524128 0.4960746 -0.7906414 0.3172758 0.5236623 -0.7272214 0.5592507 0.3979795 -0.6984689 0.6982029 0.1570156 -0.7135611 0.6909966 -0.1155606 0.9097406 0.1872739 -0.370541 -0.9267418 -0.3054023 0.2188124 -0.8913659 -0.1570695 0.4252011 -0.8446192 0.08706963 0.5282399 -0.7999393 0.3571853 0.4821988 -0.7725102 0.5630762 0.2935525 -0.7721465 0.6349233 0.02573412 -0.7980023 0.5572617 -0.2294599 -0.8395725 0.3706384 -0.3971713 -0.8832954 0.1403289 -0.4473221 -0.9187667 -0.07770448 -0.3870784 -0.9400029 -0.2453321 -0.2370795 0.8204059 -0.571345 -0.02234244 -0.8298965 0.531117 0.1708402 -0.8425987 0.5287128 -0.1024217 -0.862844 0.3888702 -0.3229243 -0.8838732 0.1699 -0.4357775 -0.8999732 -0.06335294 -0.4313174 -0.9080073 -0.2634929 -0.325721 -0.9069725 -0.3967888 -0.1412782 -0.8971915 -0.4319084 0.09220886 -0.8802874 -0.3452612 0.3254057 -0.859672 -0.1419284 0.4907344 -0.8406516 0.1288772 0.5260186 0.8849579 0.2948026 0.3604733 -0.882261 -0.25993 -0.3924946 -0.8676839 -0.431688 -0.2465159 -0.8527957 -0.5211291 -0.03411883 -0.841637 -0.4988769 0.2068067 -0.8379657 -0.3524389 0.4166537 -0.8434302 -0.1074187 0.5263903 -0.8565611 0.1669574 0.4882912 -0.8732321 0.3794257 0.3057808 -0.8882746 0.4575827 0.03982895 -0.8974971 0.3832999 -0.2181286 -0.899071 0.1961193 -0.3914185 0.8401607 0.1075503 -0.5315666 -0.8086283 -0.3329477 0.4850424 -0.8467224 -0.06573796 0.527958 -0.88931 0.1874305 0.4171303 -0.9222179 0.3397784 0.1845669 -0.9352619 0.3425501 -0.08913308 -0.9264978 0.2073109 -0.3140444 -0.9013803 -0.008867919 -0.4329376 -0.8680273 -0.2408984 -0.434162 -0.8334727 -0.4408047 -0.3331885 -0.8038579 -0.5750313 -0.1521557 -0.7860789 -0.6129496 0.07982885 0.9464098 -0.1616573 0.2795984 -0.9594404 0.1918417 -0.2065691 -0.9226832 0.01257669 -0.3853541 -0.8682831 -0.2139393 -0.447565 -0.8102272 -0.4305651 -0.3976753 -0.7590702 -0.5986558 -0.2557806 -0.7244932 -0.6877443 -0.04601424 -0.7166911 -0.6696544 0.1947224 -0.7423367 -0.5316008 0.4078441 -0.7982487 -0.2967633 0.5241475 -0.8689244 -0.03063637 0.4939958 -0.9311826 0.1786355 0.3177868 0.6676071 0.7426195 0.0530765 -0.6663977 -0.7275841 -0.1628971 -0.6390615 -0.7661916 0.06746137 -0.6547269 -0.6922177 0.3035908 -0.7158286 -0.5080651 0.479019 -0.8086073 -0.2564971 0.5294936 -0.9044908 -0.01518589 0.4262228 -0.9710689 0.133216 0.1981888 -0.9871687 0.1405899 -0.07571351 -0.9522584 0.01578933 -0.3048848 -0.8831545 -0.1879227 -0.4297943 -0.8016248 -0.4082276 -0.436747 0.9183523 0.04995065 -0.3925992 -0.8365696 -0.2254788 0.4993101 -0.9436745 -0.0294829 0.3295589 -0.9964521 0.04948383 0.0680775 -0.9808039 -0.009062707 -0.1947861 -0.9091496 -0.172689 -0.3789794 -0.8087989 -0.3818548 -0.4472486 -0.7058423 -0.5828258 -0.4026173 -0.6190645 -0.7393277 -0.2648654 -0.5643682 -0.8234955 -0.0578252 -0.5577572 -0.8096761 0.1825693 -0.6090672 -0.6855742 0.3987795 0.8121701 0.385043 0.4383168 -0.829748 -0.3602203 -0.4263328 -0.7035576 -0.5587797 -0.4390581 -0.5873076 -0.7309664 -0.3475026 -0.5008058 -0.8479931 -0.1734966 -0.4629516 -0.8846685 0.05511337 -0.4903306 -0.821008 0.2924411 -0.5858554 -0.6583069 0.4726579 -0.7283498 -0.4335429 0.5306102 -0.8742716 -0.2155118 0.4349756 -0.9741548 -0.07881432 0.2116855 -0.9957249 -0.06831383 -0.06217014 0.4376098 0.838118 -0.3256624 -0.3722846 -0.9123498 0.1703584 -0.4446236 -0.8066124 0.3894693 -0.5871464 -0.621629 0.5184946 -0.7613193 -0.4076094 0.5042297 -0.9102473 -0.2347568 0.3410852 -0.9832507 -0.1626654 0.08220702 -0.9602756 -0.2108518 -0.1827901 -0.8586844 -0.3522173 -0.3722957 -0.7173255 -0.5347511 -0.4466378 -0.573548 -0.7107274 -0.4073197 -0.4538471 -0.847983 -0.2737659 0.968212 0.2396695 -0.07158315 -0.9313537 -0.2862376 0.2250518 -0.9602556 -0.274874 -0.04851281 -0.8858587 -0.3655372 -0.2857218 -0.743079 -0.5189138 -0.4225661 -0.5778225 -0.686693 -0.4411054 -0.4263626 -0.8322592 -0.3543437 -0.3144385 -0.9312842 -0.1839516 -0.2658376 -0.9630675 0.04279398 -0.3014499 -0.9110894 0.2811478 -0.4251582 -0.7759531 0.4659798 -0.6101416 -0.5877265 0.5313237 0.3950942 0.8329549 0.3874103 -0.4188528 -0.8093215 -0.411778 -0.270591 -0.920317 -0.2824839 -0.1787991 -0.9805316 -0.08117002 -0.1689468 -0.9728632 0.1580953 -0.2570244 -0.8885927 0.3799231 -0.4319697 -0.7403243 0.5150943 -0.6471832 -0.5677395 0.5087492 -0.8326942 -0.4271599 0.3523558 -0.9251252 -0.3672402 0.09632259 -0.8983476 -0.40481 -0.1705891 -0.7729905 -0.5186893 -0.3653042 0.4255121 0.7354149 -0.5273562 -0.2417743 -0.8549171 0.4589791 -0.4601383 -0.7110918 0.5316213 -0.686699 -0.5697678 0.4514523 -0.8447425 -0.4792056 0.238269 -0.8820626 -0.4698487 -0.03475552 -0.7956445 -0.5393719 -0.2757312 -0.626387 -0.6576576 -0.4184803 -0.429485 -0.7870239 -0.4428725 -0.2489583 -0.8987362 -0.3609613 -0.1155058 -0.9741267 -0.1942563 -0.05675709 -0.9979217 0.03050988 0.7696129 0.5903021 0.2433915 -0.7973253 -0.5824502 -0.1581903 -0.6552099 -0.6652294 -0.358008 -0.4537625 -0.7723348 -0.4445206 -0.2481077 -0.8748689 -0.4159889 -0.07715404 -0.9536026 -0.2910144 0.02935034 -0.9952625 -0.09268903 0.04275739 -0.9883909 0.145792 -0.05544275 -0.9273162 0.3701498 -0.2537458 -0.8210772 0.5113171 -0.5001483 -0.6977234 0.5128683 -0.7149803 -0.5973048 0.3633595 -0.105661 0.9886484 0.1068179 0.08734607 -0.9749809 -0.2044085 0.1547862 -0.9877791 0.01826769 0.1129073 -0.9594838 0.2581529 -0.04487508 -0.8910527 0.4516761 -0.2861173 -0.7972614 0.5315178 -0.5391657 -0.7060231 0.4591641 -0.7185124 -0.648517 0.2513279 -0.7644025 -0.6444002 -0.02091062 -0.6714202 -0.6918932 -0.2654781 -0.4841059 -0.7708262 -0.4140875 -0.2644514 -0.8559207 -0.4443706 0.5276057 0.7337961 -0.4279901 -0.3278752 -0.7909743 0.5165826 -0.5630475 -0.7369101 0.374087 -0.6863972 -0.7164974 0.12446 -0.6612538 -0.7358959 -0.1456046 -0.5098279 -0.7856778 -0.3504083 -0.2919259 -0.8476558 -0.4430111 -0.0682407 -0.9049778 -0.4199505 0.1182701 -0.9467844 -0.2993517 0.2355266 -0.9662765 -0.1041004 0.2529705 -0.9582252 0.1334559 0.1502465 -0.9207127 0.3601586 0.2899309 0.8564558 0.4271108 -0.3217142 -0.8537635 -0.4093751 -0.08925837 -0.8907799 -0.4455828 0.1253614 -0.9191034 -0.3735418 0.2853614 -0.9341318 -0.2143986 0.3591968 -0.9332421 0.006074845 0.3185877 -0.9152888 0.2464718 0.1556515 -0.8823701 0.4440672 -0.09709614 -0.8417898 0.5310012 -0.365374 -0.8055281 0.4665043 -0.5587593 -0.7861162 0.2642148 -0.6123424 -0.7905618 -0.006987333 -0.3732232 0.8854489 -0.2769203 0.4519356 -0.8837929 0.1210958 0.3499605 -0.8689394 0.3499599 0.134686 -0.8539302 0.5026558 -0.1393044 -0.8427973 0.5198914 -0.3845268 -0.839213 0.3845266 -0.5167326 -0.8448767 0.1384582 -0.4957715 -0.8582329 -0.1328417 -0.342509 -0.8748572 -0.3425089 -0.1182188 -0.8895888 -0.4411986 0.1135194 -0.8986796 -0.4236606 0.3074951 -0.9004964 -0.3074946</float_array>
          <technique_common>
            <accessor source="#TwistedTorus-mesh-normals-array" count="1416" stride="3">
              <param name="X" type="float"/>
              <param name="Y" type="float"/>
              <param name="Z" type="float"/>
            </accessor>
          </technique_common>
        </source>
        <vertices id="TwistedTorus-mesh-vertices">
          <input semantic="POSITION" source="#TwistedTorus-mesh-positions"/>
        </vertices>
        <triangles count="1416">
          <input semantic="VERTEX" source="#TwistedTorus-mesh-vertices" offset="0"/>
          <input semantic="NORMAL" source="#TwistedTorus-mesh-normals" offset="1"/>
          <p>0 0 23 0 12 0 12 1 1 1 0 1 13 2 2 2 1 2 14 3 3 3 2 3 15 4 4 4 3 4 16 5 5 5 4 5 17 6 6 6 5 6 18 7 7 7 6 7 19 8 8 8 7 8 20 9 9 9 8 9 21 10 10 10 9 10 22 11 11 11 10 11 12 12 35 12 24 12 24 13 13 13 12 13 25 14 14 14 13 14 26 15 15 15 14 15 27 16 16 16 15 16 28 17 17 17 16 17 29 18 18 18 17 18 30 19 19 19 18 19 31 20 20 20 19 20 32 21 21 21 20 21 33 22 22 22 21 22 34 23 23 23 22 23 24 24 47 24 36 24 36 25 25 25 24 25 37 26 26 26 25 26 38 27 27 27 26 27 39 28 28 28 27 28 40 29 29 29 28 29 41 30 30 30 29 30 42 31 31 31 30 31 43 32 32 32 31 32 44 33 33 33 32 33 45 34 34 34 33 34 46 35 35 35 34 35 36 36 59 36 48 36 48 37 37 37 36 37 49 38 38 38 37 38 50 39 39 39 38 39 51 40 40 40 39 40 52 41 41 41 40 41 53 42 42 42 41 42 54 43 43 43 42 43 55 44 44 44 43 44 56 45 45 45 44 45 57 46 46 46 45 46 58 47 47 47 46 47 48 48 71 48 60 48 60 49 49 49 48 49 61 50 50 50 49 50 62 51 51 51 50 51 63 52 52 52 51 52 64 53 53 53 52 53 65 54 54 54 53 54 66 55 55 55 54 55 67 56 56 56 55 56 68 57 57 57 56 57 69 58 58 58 57 58 70 59 59 59 58 59 60 60 83 60 72 60 72 61 61 61 60 61 73 62 62 62 61 62 74 63 63 63 62 63 75 64 64 64 63 64 76 65 65 65 64 65 77 66 66 66 65 66 78 67 67 67 66 67 79 68 68 68 67 68 80 69 69 69 68 69 81 70 70 70 69 70 82 71 71 71 70 71 72 72 95 72 84 72 84 73 73 73 72 73 85 74 74 74 73 74 86 75 75 75 74 75 87 76 76 76 75 76 88 77 77 77 76 77 89 78 78 78 77 78 90 79 79 79 78 79 91 80 80 80 79 80 92 81 81 81 80 81 93 82 82 82 81 82 94 83 83 83 82 83 84 84 107 84 96 84 96 85 85 85 84 85 97 86 86 86 85 86 98 87 87 87 86 87 99 88 88 88 87 88 100 89 89 89 88 89 101 90 90 90 89 90 102 91 91 91 90 91 103 92 92 92 91 92 104 93 93 93 92 93 105 94 94 94 93 94 106 95 95 95 94 95 96 96 119 96 108 96 108 97 97 97 96 97 109 98 98 98 97 98 110 99 99 99 98 99 111 100 100 100 99 100 112 101 101 101 100 101 113 102 102 102 101 102 114 103 103 103 102 103 115 104 104 104 103 104 116 105 105 105 104 105 117 106 106 106 105 106 118 107 107 107 106 107 108 108 131 108 120 108 120 109 109 109 108 109 121 110 110 110 109 110 122 111 111 111 110 111 123 112 112 112 111 112 124 113 113 113 112 113 125 114 114 114 113 114 126 115 115 115 114 115 127 116 116 116 115 116 128 117 117 117 116 117 129 118 118 118 117 118 130 119 119 119 118 119 120 120 143 120 132 120 132 121 121 121 120 121 133 122 122 122 121 122 134 123 123 123 122 123 135 124 124 124 123 124 136 125 125 125 124 125 137 126 126 126 125 126 138 127 127 127 126 127 139 128 128 128 127 128 140 129 129 129 128 129 141 130 130 130 129 130 142 131 131 131 130 131 132 132 155 132 144 132 144 133 133 133 132 133 145 134 134 134 133 134 146 135 135 135 134 135 147 136 136 136 135 136 148 137 137 137 136 137 149 138 138 138 137 138 150 139 139 139 138 139 151 140 140 140 139 140 152 141 141 141 140 141 153 142 142 142 141 142 154 143 143 143 142 143 144 144 167 144 156 144 156 145 145 145 144 145 157 146 146 146 145 146 158 147 147 147 146 147 159 148 148 148 147 148 160 149 149 149 148 149 161 150 150 150 149 150 162 151 151 151 150 151 163 152 152 152 151 152 164 153 153 153 152 153 165 154 154 154 153 154 166 155 155 155 154 155 156 156 179 156 168 156 168 157 157 157 156 157 169 158 158 158 157 158 170 159 159 159 158 159 171 160 160 160 159 160 172 161 161 161 160 161 173 162 162 162 161 162 174 163 163 163 162 163 175 164 164 164 163 164 176 165 165 165 164 165 177 166 166 166 165 166 178 167 167 167 166 167 168 168 191 168 180 168 180 169 169 169 168 169 181 170 170 170 169 170 182 171 171 171 170 171 183 172 172 172 171 172 184 173 173 173 172 173 185 174 174 174 173 174 186 175 175 175 174 175 187 176 176 176 175 176 188 177 177 177 176 177 189 178 178 178 177 178 190 179 179 179 178 179 180 180 203 180 192 180 192 181 181 181 180 181 193 182 182 182 181 182 194 183 183 183 182 183 195 184 184 184 183 184 196 185 185 185 184 185 197 186 186 186 185 186 198 187 187 187 186 187 199 188 188 188 187 188 200 189 189 189 188 189 201 190 190 190 189 190 202 191 191 191 190 191 192 192 215 192 204 192 204 193 193 193 192 193 205 194 194 194 193 194 206 195 195 195 194 195 207 196 196 196 195 196 208 197 197 197 196 197 209 198 198 198 197 198 210 199 199 199 198 199 211 200 200 200 199 200 212 201 201 201 200 201 213 202 202 202 201 202 214 203 203 203 202 203 204 204 227 204 216 204 216 205 205 205 204 205 217 206 206 206 205 206 218 207 207 207 206 207 219 208 208 208 207 208 220 209 209 209 208 209 221 210 210 210 209 210 222 211 211 211 210 211 223 212 212 212 211 212 224 213 213 213 212 213 225 214 214 214 213 214 226 215 215 215 214 215 216 216 239 216 228 216 228 217 217 217 216 217 229 218 218 218 217 218 230 219 219 219 218 219 231 220 220 220 219 220 232 221 221 221 220 221 233 222 222 222 221 222 234 223 223 223 222 223 235 224 224 224 223 224 236 225 225 225 224 225 237 226 226 226 225 226 238 227 227 227 226 227 228 228 251 228 240 228 240 229 229 229 228 229 241 230 230 230 229 230 242 231 231 231 230 231 243 232 232 232 231 232 244 233 233 233 232 233 245 234 234 234 233 234 246 235 235 235 234 235 247 236 236 236 235 236 248 237 237 237 236 237 249 238 238 238 237 238 250 239 239 239 238 239 240 240 263 240 252 240 252 241 241 241 240 241 253 242 242 242 241 242 254 243 243 243 242 243 255 244 244 244 243 244 256 245 245 245 244 245 257 246 246 246 245 246 258 247 247 247 246 247 259 248 248 248 247 248 260 249 249 249 248 249 261 250 250 250 249 250 262 251 251 251 250 251 252 252 275 252 264 252 264 253 253 253 252 253 265 254 254 254 253 254 266 255 255 255 254 255 267 256 256 256 255 256 268 257 257 257 256 257 269 258 258 258 257 258 270 259 259 259 258 259 271 260 260 260 259 260 272 261 261 261 260 261 273 262 262 262 261 262 274 263 263 263 262 263 264 264 287 264 276 264 276 265 265 265 264 265 277 266 266 266 265 266 278 267 267 267 266 267 279 268 268 268 267 268 280 269 269 269 268 269 281 270 270 270 269 270 282 271 271 271 270 271 283 272 272 272 271 272 284 273 273 273 272 273 285 274 274 274 273 274 286 275 275 275 274 275 276 276 299 276 288 276 288 277 277 277 276 277 289 278 278 278 277 278 290 279 279 279 278 279 291 280 280 280 279 280 292 281 281 281 280 281 293 282 282 282 281 282 294 283 283 283 282 283 295 284 284 284 283 284 296 285 285 285 284 285 297 286 286 286 285 286 298 287 287 287 286 287 288 288 311 288 300 288 300 289 289 289 288 289 301 290 290 290 289 290 302 291 291 291 290 291 303 292 292 292 291 292 304 293 293 293 292 293 305 294 294 294 293 294 306 295 295 295 294 295 307 296 296 296 295 296 308 297 297 297 296 297 309 298 298 298 297 298 310 299 299 299 298 299 300 300 323 300 312 300 312 301 301 301 300 301 313 302 302 302 301 302 314 303 303 303 302 303 315 304 304 304 303 304 316 305 305 305 304 305 317 306 306 306 305 306 318 307 307 307 306 307 319 308 308 308 307 308 320 309 309 309 308 309 321 310 310 310 309 310 322 311 311 311 310 311 312 312 335 312 324 312 324 313 313 313 312 313 325 314 314 314 313 314 326 315 315 315 314 315 327 316 316 316 315 316 328 317 317 317 316 317 329 318 318 318 317 318 330 319 319 319 318 319 331 320 320 320 319 320 332 321 321 321 320 321 333 322 322 322 321 322 334 323 323 323 322 323 324 324 347 324 336 324 336 325 325 325 324 325 337 326 326 326 325 326 338 327 327 327 326 327 339 328 328 328 327 328 340 329 329 329 328 329 341 330 330 330 329 330 342 331 331 331 330 331 343 332 332 332 331 332 344 333 333 333 332 333 345 334 334 334 333 334 346 335 335 335 334 335 336 336 359 336 348 336 348 337 337 337 336 337 349 338 338 338 337 338 350 339 339 339 338 339 351 340 340 340 339 340 352 341 341 341 340 341 353 342 342 342 341 342 354 343 343 343 342 343 355 344 344 344 343 344 356 345 345 345 344 345 357 346 346 346 345 346 358 347 347 347 346 347 348 348 371 348 360 348 360 349 349 349 348 349 361 350 350 350 349 350 362 351 351 351 350 351 363 352 352 352 351 352 364 353 353 353 352 353 365 354 354 354 353 354 366 355 355 355 354 355 367 356 356 356 355 356 368 357 357 357 356 357 369 358 358 358 357 358 370 359 359 359 358 359 360 360 383 360 372 360 372 361 361 361 360 361 373 362 362 362 361 362 374 363 363 363 362 363 375 364 364 364 363 364 376 365 365 365 364 365 377 366 366 366 365 366 378 367 367 367 366 367 379 368 368 368 367 368 380 369 369 369 368 369 381 370 370 370 369 370 382 371 371 371 370 371 372 372 395 372 384 372 384 373 373 373 372 373 385 374 374 374 373 374 386 375 375 375 374 375 387 376 376 376 375 376 388 377 377 377 376 377 389 378 378 378 377 378 390 379 379 379 378 379 391 380 380 380 379 380 392 381 381 381 380 381 393 382 382 382 381 382 394 383 383 383 382 383 384 384 407 384 396 384 396 385 385 385 384 385 397 386 386 386 385 386 398 387 387 387 386 387 399 388 388 388 387 388 400 389 389 389 388 389 401 390 390 390 389 390 402 391 391 391 390 391 403 392 392 392 391 392 404 393 393 393 392 393 405 394 394 394 393 394 406 395 395 395 394 395 396 396 419 396 408 396 408 397 397 397 396 397 409 398 398 398 397 398 410 399 399 399 398 399 411 400 400 400 399 400 412 401 401 401 400 401 413 402 402 402 401 402 414 403 403 403 402 403 415 404 404 404 403 404 416 405 405 405 404 405 417 406 406 406 405 406 418 407 407 407 406 407 408 408 431 408 420 408 420 409 409 409 408 409 421 410 410 410 409 410 422 411 411 411 410 411 423 412 412 412 411 412 424 413 413 413 412 413 425 414 414 414 413 414 426 415 415 415 414 415 427 416 416 416 415 416 428 417 417 417 416 417 429 418 418 418 417 418 430 419 419 419 418 419 420 420 443 420 432 420 432 421 421 421 420 421 433 422 422 422 421 422 434 423 423 423 422 423 435 424 424 424 423 424 436 425 425 425 424 425 437 426 426 426 425 426 438 427 427 427 426 427 439 428 428 428 427 428 440 429 429 429 428 429 441 430 430 430 429 430 442 431 431 431 430 431 432 432 455 432 444 432 444 433 433 433 432 433 445 434 434 434 433 434 446 435 435 435 434 435 447 436 436 436 435 436 448 437 437 437 436 437 449 438 438 438 437 438 450 439 439 439 438 439 451 440 440 440 439 440 452 441 441 441 440 441 453 442 442 442 441 442 454 443 443 443 442 443 444 444 467 444 456 444 456 445 445 445 444 445 457 446 446 446 445 446 458 447 447 447 446 447 459 448 448 448 447 448 460 449 449 449 448 449 461 450 450 450 449 450 462 451 451 451 450 451 463 452 452 452 451 452 464 453 453 453 452 453 465 454 454 454 453 454 466 455 455 455 454 455 456 456 479 456 468 456 468 457 457 457 456 457 469 458 458 458 457 458 470 459 459 459 458 459 471 460 460 460 459 460 472 461 461 461 460 461 473 462 462 462 461 462 474 463 463 463 462 463 475 464 464 464 463 464 476 465 465 465 464 465 477 466 466 466 465 466 478 467 467 467 466 467 468 468 491 468 480 468 480 469 469 469 468 469 481 470 470 470 469 470 482 471 471 471 470 471 483 472 472 472 471 472 484 473 473 473 472 473 485 474 474 474 473 474 486 475 475 475 474 475 487 476 476 476 475 476 488 477 477 477 476 477 489 478 478 478 477 478 490 479 479 479 478 479 480 480 503 480 492 480 492 481 481 481 480 481 493 482 482 482 481 482 494 483 483 483 482 483 495 484 484 484 483 484 496 485 485 485 484 485 497 486 486 486 485 486 498 487 487 487 486 487 499 488 488 488 487 488 500 489 489 489 488 489 501 490 490 490 489 490 502 491 491 491 490 491 492 492 515 492 504 492 504 493 493 493 492 493 505 494 494 494 493 494 506 495 495 495 494 495 507 496 496 496 495 496 508 497 497 497 496 497 509 498 498 498 497 498 510 499 499 499 498 499 511 500 500 500 499 500 512 501 501 501 500 501 513 502 502 502 501 502 514 503 503 503 502 503 504 504 527 504 516 504 516 505 505 505 504 505 517 506 506 506 505 506 518 507 507 507 506 507 519 508 508 508 507 508 520 509 509 509 508 509 521 510 510 510 509 510 522 511 511 511 510 511 523 512 512 512 511 512 524 513 513 513 512 513 525 514 514 514 513 514 526 515 515 515 514 515 516 516 539 516 528 516 528 517 517 517 516 517 529 518 518 518 517 518 530 519 519 519 518 519 531 520 520 520 519 520 532 521 521 521 520 521 533 522 522 522 521 522 534 523 523 523 522 523 535 524 524 524 523 524 536 525 525 525 524 525 537 526 526 526 525 526 538 527 527 527 526 527 528 528 551 528 540 528 540 529 529 529 528 529 541 530 530 530 529 530 542 531 531 531 530 531 543 532 532 532 531 532 544 533 533 533 532 533 545 534 534 534 533 534 546 535 535 535 534 535 547 536 536 536 535 536 548 537 537 537 536 537 549 538 538 538 537 538 550 539 539 539 538 539 540 540 563 540 552 540 552 541 541 541 540 541 553 542 542 542 541 542 554 543 543 543 542 543 555 544 544 544 543 544 556 545 545 545 544 545 557 546 546 546 545 546 558 547 547 547 546 547 559 548 548 548 547 548 560 549 549 549 548 549 561 550 550 550 549 550 562 551 551 551 550 551 552 552 575 552 564 552 564 553 553 553 552 553 565 554 554 554 553 554 566 555 555 555 554 555 567 556 556 556 555 556 568 557 557 557 556 557 569 558 558 558 557 558 570 559 559 559 558 559 571 560 560 560 559 560 572 561 561 561 560 561 573 562 562 562 561 562 574 563 563 563 562 563 564 564 587 564 576 564 576 565 565 565 564 565 577 566 566 566 565 566 578 567 567 567 566 567 579 568 568 568 567 568 580 569 569 569 568 569 581 570 570 570 569 570 582 571 571 571 570 571 583 572 572 572 571 572 584 573 573 573 572 573 585 574 574 574 573 574 586 575 575 575 574 575 576 576 599 576 588 576 588 577 577 577 576 577 589 578 578 578 577 578 590 579 579 579 578 579 591 580 580 580 579 580 592 581 581 581 580 581 593 582 582 582 581 582 594 583 583 583 582 583 595 584 584 584 583 584 596 585 585 585 584 585 597 586 586 586 585 586 598 587 587 587 586 587 588 588 611 588 600 588 600 589 589 589 588 589 601 590 590 590 589 590 602 591 591 591 590 591 603 592 592 592 591 592 604 593 593 593 592 593 605 594 594 594 593 594 606 595 595 595 594 595 607 596 596 596 595 596 608 597 597 597 596 597 609 598 598 598 597 598 610 599 599 599 598 599 600 600 623 600 612 600 612 601 601 601 600 601 613 602 602 602 601 602 614 603 603 603 602 603 615 604 604 604 603 604 616 605 605 605 604 605 617 606 606 606 605 606 618 607 607 607 606 607 619 608 608 608 607 608 620 609 609 609 608 609 621 610 610 610 609 610 622 611 611 611 610 611 612 612 635 612 624 612 624 613 613 613 612 613 625 614 614 614 613 614 626 615 615 615 614 615 627 616 616 616 615 616 628 617 617 617 616 617 629 618 618 618 617 618 630 619 619 619 618 619 631 620 620 620 619 620 632 621 621 621 620 621 633 622 622 622 621 622 634 623 623 623 622 623 624 624 647 624 636 624 636 625 625 625 624 625 637 626 626 626 625 626 638 627 627 627 626 627 639 628 628 628 627 628 640 629 629 629 628 629 641 630 630 630 629 630 642 631 631 631 630 631 643 632 632 632 631 632 644 633 633 633 632 633 645 634 634 634 633 634 646 635 635 635 634 635 636 636 659 636 648 636 648 637 637 637 636 637 649 638 638 638 637 638 650 639 639 639 638 639 651 640 640 640 639 640 652 641 641 641 640 641 653 642 642 642 641 642 654 643 643 643 642 643 655 644 644 644 643 644 656 645 645 645 644 645 657 646 646 646 645 646 658 647 647 647 646 647 648 648 671 648 660 648 660 649 649 649 648 649 661 650 650 650 649 650 662 651 651 651 650 651 663 652 652 652 651 652 664 653 653 653 652 653 665 654 654 654 653 654 666 655 655 655 654 655 667 656 656 656 655 656 668 657 657 657 656 657 669 658 658 658 657 658 670 659 659 659 658 659 660 660 683 660 672 660 672 661 661 661 660 661 673 662 662 662 661 662 674 663 663 663 662 663 675 664 664 664 663 664 676 665 665 665 664 665 677 666 666 666 665 666 678 667 667 667 666 667 679 668 668 668 667 668 680 669 669 669 668 669 681 670 670 670 669 670 682 671 671 671 670 671 672 672 695 672 684 672 684 673 673 673 672 673 685 674 674 674 673 674 686 675 675 675 674 675 687 676 676 676 675 676 688 677 677 677 676 677 689 678 678 678 677 678 690 679 679 679 678 679 691 680 680 680 679 680 692 681 681 681 680 681 693 682 682 682 681 682 694 683 683 683 682 683 684 684 707 684 696 684 696 685 685 685 684 685 697 686 686 686 685 686 698 687 687 687 686 687 699 688 688 688 687 688 700 689 689 689 688 689 701 690 690 690 689 690 702 691 691 691 690 691 703 692 692 692 691 692 704 693 693 693 692 693 705 694 694 694 693 694 706 695 695 695 694 695 696 696 11 696 0 696 0 697 697 697 696 697 1 698 698 698 697 698 2 699 699 699 698 699 3 700 700 700 699 700 4 701 701 701 700 701 5 702 702 702 701 702 6 703 703 703 702 703 7 704 704 704 703 704 8 705 705 705 704 705 9 706 706 706 705 706 10 707 707 707 706 707 0 708 11 708 23 708 12 709 13 709 1 709 13 710 14 710 2 710 14 711 15 711 3 711 15 712 16 712 4 712 16 713 17 713 5 713 17 714 18 714 6 714 18 715 19 715 7 715 19 716 20 716 8 716 20 717 21 717 9 717 21 718 22 718 10 718 22 719 23 719 11 719 12 720 23 720 35 720 24 721 25 721 13 721 25 722 26 722 14 722 26 723 27 723 15 723 27 724 28 724 16 724 28 725 29 725 17 725 29 726 30 726 18 726 30 727 31 727 19 727 31 728 32 728 20 728 32 729 33 729 21 729 33 730 34 730 22 730 34 731 35 731 23 731 24 732 35 732 47 732 36 733 37 733 25 733 37 734 38 734 26 734 38 735 39 735 27 735 39 736 40 736 28 736 40 737 41 737 29 737 41 738 42 738 30 738 42 739 43 739 31 739 43 740 44 740 32 740 44 741 45 741 33 741 45 742 46 742 34 742 46 743 47 743 35 743 36 744 47 744 59 744 48 745 49 745 37 745 49 746 50 746 38 746 50 747 51 747 39 747 51 748 52 748 40 748 52 749 53 749 41 749 53 750 54 750 42 750 54 751 55 751 43 751 55 752 56 752 44 752 56 753 57 753 45 753 57 754 58 754 46 754 58 755 59 755 47 755 48 756 59 756 71 756 60 757 61 757 49 757 61 758 62 758 50 758 62 759 63 759 51 759 63 760 64 760 52 760 64 761 65 761 53 761 65 762 66 762 54 762 66 763 67 763 55 763 67 764 68 764 56 764 68 765 69 765 57 765 69 766 70 766 58 766 70 767 71 767 59 767 60 768 71 768 83 768 72 769 73 769 61 769 73 770 74 770 62 770 74 771 75 771 63 771 75 772 76 772 64 772 76 773 77 773 65 773 77 774 78 774 66 774 78 775 79 775 67 775 79 776 80 776 68 776 80 777 81 777 69 777 81 778 82 778 70 778 82 779 83 779 71 779 72 780 83 780 95 780 84 781 85 781 73 781 85 782 86 782 74 782 86 783 87 783 75 783 87 784 88 784 76 784 88 785 89 785 77 785 89 786 90 786 78 786 90 787 91 787 79 787 91 788 92 788 80 788 92 789 93 789 81 789 93 790 94 790 82 790 94 791 95 791 83 791 84 792 95 792 107 792 96 793 97 793 85 793 97 794 98 794 86 794 98 795 99 795 87 795 99 796 100 796 88 796 100 797 101 797 89 797 101 798 102 798 90 798 102 799 103 799 91 799 103 800 104 800 92 800 104 801 105 801 93 801 105 802 106 802 94 802 106 803 107 803 95 803 96 804 107 804 119 804 108 805 109 805 97 805 109 806 110 806 98 806 110 807 111 807 99 807 111 808 112 808 100 808 112 809 113 809 101 809 113 810 114 810 102 810 114 811 115 811 103 811 115 812 116 812 104 812 116 813 117 813 105 813 117 814 118 814 106 814 118 815 119 815 107 815 108 816 119 816 131 816 120 817 121 817 109 817 121 818 122 818 110 818 122 819 123 819 111 819 123 820 124 820 112 820 124 821 125 821 113 821 125 822 126 822 114 822 126 823 127 823 115 823 127 824 128 824 116 824 128 825 129 825 117 825 129 826 130 826 118 826 130 827 131 827 119 827 120 828 131 828 143 828 132 829 133 829 121 829 133 830 134 830 122 830 134 831 135 831 123 831 135 832 136 832 124 832 136 833 137 833 125 833 137 834 138 834 126 834 138 835 139 835 127 835 139 836 140 836 128 836 140 837 141 837 129 837 141 838 142 838 130 838 142 839 143 839 131 839 132 840 143 840 155 840 144 841 145 841 133 841 145 842 146 842 134 842 146 843 147 843 135 843 147 844 148 844 136 844 148 845 149 845 137 845 149 846 150 846 138 846 150 847 151 847 139 847 151 848 152 848 140 848 152 849 153 849 141 849 153 850 154 850 142 850 154 851 155 851 143 851 144 852 155 852 167 852 156 853 157 853 145 853 157 854 158 854 146 854 158 855 159 855 147 855 159 856 160 856 148 856 160 857 161 857 149 857 161 858 162 858 150 858 162 859 163 859 151 859 163 860 164 860 152 860 164 861 165 861 153 861 165 862 166 862 154 862 166 863 167 863 155 863 156 864 167 864 179 864 168 865 169 865 157 865 169 866 170 866 158 866 170 867 171 867 159 867 171 868 172 868 160 868 172 869 173 869 161 869 173 870 174 870 162 870 174 871 175 871 163 871 175 872 176 872 164 872 176 873 177 873 165 873 177 874 178 874 166 874 178 875 179 875 167 875 168 876 179 876 191 876 180 877 181 877 169 877 181 878 182 878 170 878 182 879 183 879 171 879 183 880 184 880 172 880 184 881 185 881 173 881 185 882 186 882 174 882 186 883 187 883 175 883 187 884 188 884 176 884 188 885 189 885 177 885 189 886 190 886 178 886 190 887 191 887 179 887 180 888 191 888 203 888 192 889 193 889 181 889 193 890 194 890 182 890 194 891 195 891 183 891 195 892 196 892 184 892 196 893 197 893 185 893 197 894 198 894 186 894 198 895 199 895 187 895 199 896 200 896 188 896 200 897 201 897 189 897 201 898 202 898 190 898 202 899 203 899 191 899 192 900 203 900 215 900 204 901 205 901 193 901 205 902 206 902 194 902 206 903 207 903 195 903 207 904 208 904 196 904 208 905 209 905 197 905 209 906 210 906 198 906 210 907 211 907 199 907 211 908 212 908 200 908 212 909 213 909 201 909 213 910 214 910 202 910 214 911 215 911 203 911 204 912 215 912 227 912 216 913 217 913 205 913 217 914 218 914 206 914 218 915 219 915 207 915 219 916 220 916 208 916 220 917 221 917 209 917 221 918 222 918 210 918 222 919 223 919 211 919 223 920 224 920 212 920 224 921 225 921 213 921 225 922 226 922 214 922 226 923 227 923 215 923 216 924 227 924 239 924 228 925 229 925 217 925 229 926 230 926 218 926 230 927 231 927 219 927 231 928 232 928 220 928 232 929 233 929 221 929 233 930 234 930 222 930 234 931 235 931 223 931 235 932 236 932 224 932 236 933 237 933 225 933 237 934 238 934 226 934 238 935 239 935 227 935 228 936 239 936 251 936 240 937 241 937 229 937 241 938 242 938 230 938 242 939 243 939 231 939 243 940 244 940 232 940 244 941 245 941 233 941 245 942 246 942 234 942 246 943 247 943 235 943 247 944 248 944 236 944 248 945 249 945 237 945 249 946 250 946 238 946 250 947 251 947 239 947 240 948 251 948 263 948 252 949 253 949 241 949 253 950 254 950 242 950 254 951 255 951 243 951 255 952 256 952 244 952 256 953 257 953 245 953 257 954 258 954 246 954 258 955 259 955 247 955 259 956 260 956 248 956 260 957 261 957 249 957 261 958 262 958 250 958 262 959 263 959 251 959 252 960 263 960 275 960 264 961 265 961 253 961 265 962 266 962 254 962 266 963 267 963 255 963 267 964 268 964 256 964 268 965 269 965 257 965 269 966 270 966 258 966 270 967 271 967 259 967 271 968 272 968 260 968 272 969 273 969 261 969 273 970 274 970 262 970 274 971 275 971 263 971 264 972 275 972 287 972 276 973 277 973 265 973 277 974 278 974 266 974 278 975 279 975 267 975 279 976 280 976 268 976 280 977 281 977 269 977 281 978 282 978 270 978 282 979 283 979 271 979 283 980 284 980 272 980 284 981 285 981 273 981 285 982 286 982 274 982 286 983 287 983 275 983 276 984 287 984 299 984 288 985 289 985 277 985 289 986 290 986 278 986 290 987 291 987 279 987 291 988 292 988 280 988 292 989 293 989 281 989 293 990 294 990 282 990 294 991 295 991 283 991 295 992 296 992 284 992 296 993 297 993 285 993 297 994 298 994 286 994 298 995 299 995 287 995 288 996 299 996 311 996 300 997 301 997 289 997 301 998 302 998 290 998 302 999 303 999 291 999 303 1000 304 1000 292 1000 304 1001 305 1001 293 1001 305 1002 306 1002 294 1002 306 1003 307 1003 295 1003 307 1004 308 1004 296 1004 308 1005 309 1005 297 1005 309 1006 310 1006 298 1006 310 1007 311 1007 299 1007 300 1008 311 1008 323 1008 312 1009 313 1009 301 1009 313 1010 314 1010 302 1010 314 1011 315 1011 303 1011 315 1012 316 1012 304 1012 316 1013 317 1013 305 1013 317 1014 318 1014 306 1014 318 1015 319 1015 307 1015 319 1016 320 1016 308 1016 320 1017 321 1017 309 1017 321 1018 322 1018 310 1018 322 1019 323 1019 311 1019 312 1020 323 1020 335 1020 324 1021 325 1021 313 1021 325 1022 326 1022 314 1022 326 1023 327 1023 315 1023 327 1024 328 1024 316 1024 328 1025 329 1025 317 1025 329 1026 330 1026 318 1026 330 1027 331 1027 319 1027 331 1028 332 1028 320 1028 332 1029 333 1029 321 1029 333 1030 334 1030 322 1030 334 1031 335 1031 323 1031 324 1032 335 1032 347 1032 336 1033 337 1033 325 1033 337 1034 338 1034 326 1034 338 1035 339 1035 327 1035 339 1036 340 1036 328 1036 340 1037 341 1037 329 1037 341 1038 342 1038 330 1038 342 1039 343 1039 331 1039 343 1040 344 1040 332 1040 344 1041 345 1041 333 1041 345 1042 346 1042 334 1042 346 1043 347 1043 335 1043 336 1044 347 1044 359 1044 348 1045 349 1045 337 1045 349 1046 350 1046 338 1046 350 1047 351 1047 339 1047 351 1048 352 1048 340 1048 352 1049 353 1049 341 1049 353 1050 354 1050 342 1050 354 1051 355 1051 343 1051 355 1052 356 1052 344 1052 356 1053 357 1053 345 1053 357 1054 358 1054 346 1054 358 1055 359 1055 347 1055 348 1056 359 1056 371 1056 360 1057 361 1057 349 1057 361 1058 362 1058 350 1058 362 1059 363 1059 351 1059 363 1060 364 1060 352 1060 364 1061 365 1061 353 1061 365 1062 366 1062 354 1062 366 1063 367 1063 355 1063 367 1064 368 1064 356 1064 368 1065 369 1065 357 1065 369 1066 370 1066 358 1066 370 1067 371 1067 359 1067 360 1068 371 1068 383 1068 372 1069 373 1069 361 1069 373 1070 374 1070 362 1070 374 1071 375 1071 363 1071 375 1072 376 1072 364 1072 376 1073 377 1073 365 1073 377 1074 378 1074 366 1074 378 1075 379 1075 367 1075 379 1076 380 1076 368 1076 380 1077 381 1077 369 1077 381 1078 382 1078 370 1078 382 1079 383 1079 371 1079 372 1080 383 1080 395 1080 384 1081 385 1081 373 1081 385 1082 386 1082 374 1082 386 1083 387 1083 375 1083 387 1084 388 1084 376 1084 388 1085 389 1085 377 1085 389 1086 390 1086 378 1086 390 1087 391 1087 379 1087 391 1088 392 1088 380 1088 392 1089 393 1089 381 1089 393 1090 394 1090 382 1090 394 1091 395 1091 383 1091 384 1092 395 1092 407 1092 396 1093 397 1093 385 1093 397 1094 398 1094 386 1094 398 1095 399 1095 387 1095 399 1096 400 1096 388 1096 400 1097 401 1097 389 1097 401 1098 402 1098 390 1098 402 1099 403 1099 391 1099 403 1100 404 1100 392 1100 404 1101 405 1101 393 1101 405 1102 406 1102 394 1102 406 1103 407 1103 395 1103 396 1104 407 1104 419 1104 408 1105 409 1105 397 1105 409 1106 410 1106 398 1106 410 1107 411 1107 399 1107 411 1108 412 1108 400 1108 412 1109 413 1109 401 1109 413 1110 414 1110 402 1110 414 1111 415 1111 403 1111 415 1112 416 1112 404 1112 416 1113 417 1113 405 1113 417 1114 418 1114 406 1114 418 1115 419 1115 407 1115 408 1116 419 1116 431 1116 420 1117 421 1117 409 1117 421 1118 422 1118 410 1118 422 1119 423 1119 411 1119 423 1120 424 1120 412 1120 424 1121 425 1121 413 1121 425 1122 426 1122 414 1122 426 1123 427 1123 415 1123 427 1124 428 1124 416 1124 428 1125 429 1125 417 1125 429 1126 430 1126 418 1126 430 1127 431 1127 419 1127 420 1128 431 1128 443 1128 432 1129 433 1129 421 1129 433 1130 434 1130 422 1130 434 1131 435 1131 423 1131 435 1132 436 1132 424 1132 436 1133 437 1133 425 1133 437 1134 438 1134 426 1134 438 1135 439 1135 427 1135 439 1136 440 1136 428 1136 440 1137 441 1137 429 1137 441 1138 442 1138 430 1138 442 1139 443 1139 431 1139 432 1140 443 1140 455 1140 444 1141 445 1141 433 1141 445 1142 446 1142 434 1142 446 1143 447 1143 435 1143 447 1144 448 1144 436 1144 448 1145 449 1145 437 1145 449 1146 450 1146 438 1146 450 1147 451 1147 439 1147 451 1148 452 1148 440 1148 452 1149 453 1149 441 1149 453 1150 454 1150 442 1150 454 1151 455 1151 443 1151 444 1152 455 1152 467 1152 456 1153 457 1153 445 1153 457 1154 458 1154 446 1154 458 1155 459 1155 447 1155 459 1156 460 1156 448 1156 460 1157 461 1157 449 1157 461 1158 462 1158 450 1158 462 1159 463 1159 451 1159 463 1160 464 1160 452 1160 464 1161 465 1161 453 1161 465 1162 466 1162 454 1162 466 1163 467 1163 455 1163 456 1164 467 1164 479 1164 468 1165 469 1165 457 1165 469 1166 470 1166 458 1166 470 1167 471 1167 459 1167 471 1168 472 1168 460 1168 472 1169 473 1169 461 1169 473 1170 474 1170 462 1170 474 1171 475 1171 463 1171 475 1172 476 1172 464 1172 476 1173 477 1173 465 1173 477 1174 478 1174 466 1174 478 1175 479 1175 467 1175 468 1176 479 1176 491 1176 480 1177 481 1177 469 1177 481 1178 482 1178 470 1178 482 1179 483 1179 471 1179 483 1180 484 1180 472 1180 484 1181 485 1181 473 1181 485 1182 486 1182 474 1182 486 1183 487 1183 475 1183 487 1184 488 1184 476 1184 488 1185 489 1185 477 1185 489 1186 490 1186 478 1186 490 1187 491 1187 479 1187 480 1188 491 1188 503 1188 492 1189 493 1189 481 1189 493 1190 494 1190 482 1190 494 1191 495 1191 483 1191 495 1192 496 1192 484 1192 496 1193 497 1193 485 1193 497 1194 498 1194 486 1194 498 1195 499 1195 487 1195 499 1196 500 1196 488 1196 500 1197 501 1197 489 1197 501 1198 502 1198 490 1198 502 1199 503 1199 491 1199 492 1200 503 1200 515 1200 504 1201 505 1201 493 1201 505 1202 506 1202 494 1202 506 1203 507 1203 495 1203 507 1204 508 1204 496 1204 508 1205 509 1205 497 1205 509 1206 510 1206 498 1206 510 1207 511 1207 499 1207 511 1208 512 1208 500 1208 512 1209 513 1209 501 1209 513 1210 514 1210 502 1210 514 1211 515 1211 503 1211 504 1212 515 1212 527 1212 516 1213 517 1213 505 1213 517 1214 518 1214 506 1214 518 1215 519 1215 507 1215 519 1216 520 1216 508 1216 520 1217 521 1217 509 1217 521 1218 522 1218 510 1218 522 1219 523 1219 511 1219 523 1220 524 1220 512 1220 524 1221 525 1221 513 1221 525 1222 526 1222 514 1222 526 1223 527 1223 515 1223 516 1224 527 1224 539 1224 528 1225 529 1225 517 1225 529 1226 530 1226 518 1226 530 1227 531 1227 519 1227 531 1228 532 1228 520 1228 532 1229 533 1229 521 1229 533 1230 534 1230 522 1230 534 1231 535 1231 523 1231 535 1232 536 1232 524 1232 536 1233 537 1233 525 1233 537 1234 538 1234 526 1234 538 1235 539 1235 527 1235 528 1236 539 1236 551 1236 540 1237 541 1237 529 1237 541 1238 542 1238 530 1238 542 1239 543 1239 531 1239 543 1240 544 1240 532 1240 544 1241 545 1241 533 1241 545 1242 546 1242 534 1242 546 1243 547 1243 535 1243 547 1244 548 1244 536 1244 548 1245 549 1245 537 1245 549 1246 550 1246 538 1246 550 1247 551 1247 539 1247 540 1248 551 1248 563 1248 552 1249 553 1249 541 1249 553 1250 554 1250 542 1250 554 1251 555 1251 543 1251 555 1252 556 1252 544 1252 556 1253 557 1253 545 1253 557 1254 558 1254 546 1254 558 1255 559 1255 547 1255 559 1256 560 1256 548 1256 560 1257 561 1257 549 1257 561 1258 562 1258 550 1258 562 1259 563 1259 551 1259 552 1260 563 1260 575 1260 564 1261 565 1261 553 1261 565 1262 566 1262 554 1262 566 1263 567 1263 555 1263 567 1264 568 1264 556 1264 568 1265 569 1265 557 1265 569 1266 570 1266 558 1266 570 1267 571 1267 559 1267 571 1268 572 1268 560 1268 572 1269 573 1269 561 1269 573 1270 574 1270 562 1270 574 1271 575 1271 563 1271 564 1272 575 1272 587 1272 576 1273 577 1273 565 1273 577 1274 578 1274 566 1274 578 1275 579 1275 567 1275 579 1276 580 1276 568 1276 580 1277 581 1277 569 1277 581 1278 582 1278 570 1278 582 1279 583 1279 571 1279 583 1280 584 1280 572 1280 584 1281 585 1281 573 1281 585 1282 586 1282 574 1282 586 1283 587 1283 575 1283 576 1284 587 1284 599 1284 588 1285 589 1285 577 1285 589 1286 590 1286 578 1286 590 1287 591 1287 579 1287 591 1288 592 1288 580 1288 592 1289 593 1289 581 1289 593 1290 594 1290 582 1290 594 1291 595 1291 583 1291 595 1292 596 1292 584 1292 596 1293 597 1293 585 1293 597 1294 598 1294 586 1294 598 1295 599 1295 587 1295 588 1296 599 1296 611 1296 600 1297 601 1297 589 1297 601 1298 602 1298 590 1298 602 1299 603 1299 591 1299 603 1300 604 1300 592 1300 604 1301 605 1301 593 1301 605 1302 606 1302 594 1302 606 1303 607 1303 595 1303 607 1304 608 1304 596 1304 608 1305 609 1305 597 1305 609 1306 610 1306 598 1306 610 1307 611 1307 599 1307 600 1308 611 1308 623 1308 612 1309 613 1309 601 1309 613 1310 614 1310 602 1310 614 1311 615 1311 603 1311 615 1312 616 1312 604 1312 616 1313 617 1313 605 1313 617 1314 618 1314 606 1314 618 1315 619 1315 607 1315 619 1316 620 1316 608 1316 620 1317 621 1317 609 1317 621 1318 622 1318 610 1318 622 1319 623 1319 611 1319 612 1320 623 1320 635 1320 624 1321 625 1321 613 1321 625 1322 626 1322 614 1322 626 1323 627 1323 615 1323 627 1324 628 1324 616 1324 628 1325 629 1325 617 1325 629 1326 630 1326 618 1326 630 1327 631 1327 619 1327 631 1328 632 1328 620 1328 632 1329 633 1329 621 1329 633 1330 634 1330 622 1330 634 1331 635 1331 623 1331 624 1332 635 1332 647 1332 636 1333 637 1333 625 1333 637 1334 638 1334 626 1334 638 1335 639 1335 627 1335 639 1336 640 1336 628 1336 640 1337 641 1337 629 1337 641 1338 642 1338 630 1338 642 1339 643 1339 631 1339 643 1340 644 1340 632 1340 644 1341 645 1341 633 1341 645 1342 646 1342 634 1342 646 1343 647 1343 635 1343 636 1344 647 1344 659 1344 648 1345 649 1345 637 1345 649 1346 650 1346 638 1346 650 1347 651 1347 639 1347 651 1348 652 1348 640 1348 652 1349 653 1349 641 1349 653 1350 654 1350 642 1350 654 1351 655 1351 643 1351 655 1352 656 1352 644 1352 656 1353 657 1353 645 1353 657 1354 658 1354 646 1354 658 1355 659 1355 647 1355 648 1356 659 1356 671 1356 660 1357 661 1357 649 1357 661 1358 662 1358 650 1358 662 1359 663 1359 651 1359 663 1360 664 1360 652 1360 664 1361 665 1361 653 1361 665 1362 666 1362 654 1362 666 1363 667 1363 655 1363 667 1364 668 1364 656 1364 668 1365 669 1365 657 1365 669 1366 670 1366 658 1366 670 1367 671 1367 659 1367 660 1368 671 1368 683 1368 672 1369 673 1369 661 1369 673 1370 674 1370 662 1370 674 1371 675 1371 663 1371 675 1372 676 1372 664 1372 676 1373 677 1373 665 1373 677 1374 678 1374 666 1374 678 1375 679 1375 667 1375 679 1376 680 1376 668 1376 680 1377 681 1377 669 1377 681 1378 682 1378 670 1378 682 1379 683 1379 671 1379 672 1380 683 1380 695 1380 684 1381 685 1381 673 1381 685 1382 686 1382 674 1382 686 1383 687 1383 675 1383 687 1384 688 1384 676 1384 688 1385 689 1385 677 1385 689 1386 690 1386 678 1386 690 1387 691 1387 679 1387 691 1388 692 1388 680 1388 692 1389 693 1389 681 1389 693 1390 694 1390 682 1390 694 1391 695 1391 683 1391 684 1392 695 1392 707 1392 696 1393 697 1393 685 1393 697 1394 698 1394 686 1394 698 1395 699 1395 687 1395 699 1396 700 1396 688 1396 700 1397 701 1397 689 1397 701 1398 702 1398 690 1398 702 1399 703 1399 691 1399 703 1400 704 1400 692 1400 704 1401 705 1401 693 1401 705 1402 706 1402 694 1402 706 1403 707 1403 695 1403 696 1404 707 1404 11 1404 0 1405 1 1405 697 1405 1 1406 2 1406 698 1406 2 1407 3 1407 699 1407 3 1408 4 1408 700 1408 4 1409 5 1409 701 1409 5 1410 6 1410 702 1410 6 1411 7 1411 703 1411 7 1412 8 1412 704 1412 8 1413 9 1413 705 1413 9 1414 10 1414 706 1414 10 1415 11 1415 707 1415</p>
        </triangles>
      </mesh>
    </geometry>
  </library_geometries>
  <library_visual_scenes>
    <visual_scene id="Scene" name="Scene">
      <node id="TwistedTorus" name="TwistedTorus" type="NODE">
        <matrix sid="transform">1 0 0 0 0 1 0 0 0 0 1 0 0 0 0 1</matrix>
        <instance_geometry url="#TwistedTorus-mesh" name="TwistedTorus"/>
      </node>
    </visual_scene>
  </library_visual_scenes>
  <scene>
    <instance_visual_scene url="#Scene"/>
  </scene>
</COLLADA>