# Blender 4.5.1 LTS
# www.blender.org
mtllib StarThing.mtl
o SuperToroid
v 2.800000 0.000000 0.000000
v 2.794544 0.190435 0.000000
v 2.778178 0.300491 0.000000
v 2.750891 0.388835 0.000000
v 2.712632 0.462296 0.000000
v 2.663237 0.523238 0.000000
v 2.602296 0.572632 0.000000
v 2.528835 0.610892 0.000000
v 2.440491 0.638178 0.000000
v 2.330435 0.654545 0.000000
v 2.140000 0.660000 0.000000
v 1.949565 0.654545 0.000000
v 1.839508 0.638178 0.000000
v 1.751165 0.610892 0.000000
v 1.677703 0.572632 0.000000
v 1.616762 0.523238 0.000000
v 1.567368 0.462296 0.000000
v 1.529108 0.388835 0.000000
v 1.501821 0.300491 0.000000
v 1.485455 0.190435 0.000000
v 1.480000 0.000000 0.000000
v 1.485455 -0.190435 0.000000
v 1.501821 -0.300491 0.000000
v 1.529108 -0.388835 0.000000
v 1.567368 -0.462296 0.000000
v 1.616762 -0.523238 0.000000
v 1.677703 -0.572632 0.000000
v 1.751165 -0.610892 0.000000
v 1.839508 -0.638178 0.000000
v 1.949565 -0.654545 0.000000
v 2.140000 -0.660000 0.000000
v 2.330435 -0.654545 0.000000
v 2.440491 -0.638178 0.000000
v 2.528835 -0.610892 0.000000
v 2.602296 -0.572632 0.000000
v 2.663237 -0.523238 0.000000
v 2.712632 -0.462296 0.000000
v 2.750891 -0.388835 0.000000
v 2.778178 -0.300491 0.000000
v 2.794544 -0.190435 0.000000
v 2.784062 0.000000 -0.000940
v 2.778638 0.190435 -0.000938
v 2.762365 0.300491 -0.000933
v 2.735233 0.388835 -0.000923
v 2.697191 0.462296 -0.000911
v 2.648078 0.523238 -0.000894
v 2.587484 0.572632 -0.000874
v 2.514440 0.610892 -0.000849
v 2.426600 0.638178 -0.000819
v 2.317170 0.654545 -0.000782
v 2.127819 0.660000 -0.000718
v 1.938468 0.654545 -0.000654
v 1.829038 0.638178 -0.000617
v 1.741197 0.610892 -0.000588
v 1.668154 0.572632 -0.000563
v 1.607560 0.523238 -0.000543
v 1.558446 0.462296 -0.000526
v 1.520404 0.388835 -0.000513
v 1.493273 0.300491 -0.000504
v 1.477000 0.190435 -0.000499
v 1.471575 0.000000 -0.000497
v 1.477000 -0.190435 -0.000499
v 1.493273 -0.300491 -0.000504
v 1.520404 -0.388835 -0.000513
v 1.558446 -0.462296 -0.000526
v 1.607560 -0.523238 -0.000543
v 1.668154 -0.572632 -0.000563
v 1.741197 -0.610892 -0.000588
v 1.829038 -0.638178 -0.000617
v 1.938468 -0.654545 -0.000654
v 2.127819 -0.660000 -0.000718
v 2.317170 -0.654545 -0.000782
v 2.426600 -0.638178 -0.000819
v 2.514440 -0.610892 -0.000849
v 2.587484 -0.572632 -0.000874
v 2.648078 -0.523238 -0.000894
v 2.697191 -0.462296 -0.000911
v 2.735233 -0.388835 -0.000923
v 2.762365 -0.300491 -0.000933
v 2.778638 -0.190435 -0.000938
v 2.736666 0.000000 -0.006927
v 2.731334 0.190435 -0.006914
v 2.715338 0.300491 -0.006873
v 2.688669 0.388835 -0.006806
v 2.651274 0.462296 -0.006711
v 2.602997 0.523238 -0.006589
v 2.543435 0.572632 -0.006438
v 2.471635 0.610892 -0.006257
v 2.385290 0.638178 -0.006038
v 2.277723 0.654545 -0.005766
v 2.091595 0.660000 -0.005295
v 1.905468 0.654545 -0.004823
v 1.797900 0.638178 -0.004551
v 1.711555 0.610892 -0.004333
v 1.639755 0.572632 -0.004151
v 1.580193 0.523238 -0.004000
v 1.531916 0.462296 -0.003878
v 1.494521 0.388835 -0.003783
v 1.467852 0.300491 -0.003716
v 1.451856 0.190435 -0.003675
v 1.446524 0.000000 -0.003662
v 1.451856 -0.190435 -0.003675
v 1.467852 -0.300491 -0.003716
v 1.494521 -0.388835 -0.003783
v 1.531916 -0.462296 -0.003878
v 1.580193 -0.523238 -0.004000
v 1.639755 -0.572632 -0.004151
v 1.711555 -0.610892 -0.004333
v 1.797900 -0.638178 -0.004551
v 1.905468 -0.654545 -0.004823
v 2.091595 -0.660000 -0.005295
v 2.277723 -0.654545 -0.005766
v 2.385290 -0.638178 -0.006038
v 2.471635 -0.610892 -0.006257
v 2.543435 -0.572632 -0.006438
v 2.602997 -0.523238 -0.006589
v 2.651274 -0.462296 -0.006711
v 2.688669 -0.388835 -0.006806
v 2.715338 -0.300491 -0.006873
v 2.731334 -0.190435 -0.006914
v 2.659055 0.000000 -0.022148
v 2.653874 0.190435 -0.022105
v 2.638332 0.300491 -0.021976
v 2.612418 0.388835 -0.021760
v 2.576085 0.462296 -0.021457
v 2.529177 0.523238 -0.021066
v 2.471303 0.572632 -0.020584
v 2.401540 0.610892 -0.020003
v 2.317643 0.638178 -0.019304
v 2.213127 0.654545 -0.018434
v 2.032278 0.660000 -0.016927
v 1.851429 0.654545 -0.015421
v 1.746912 0.638178 -0.014551
v 1.663016 0.610892 -0.013852
v 1.593252 0.572632 -0.013271
v 1.535379 0.523238 -0.012789
v 1.488471 0.462296 -0.012398
v 1.452137 0.388835 -0.012095
v 1.426223 0.300491 -0.011879
v 1.410681 0.190435 -0.011750
v 1.405500 0.000000 -0.011707
v 1.410681 -0.190435 -0.011750
v 1.426223 -0.300491 -0.011879
v 1.452137 -0.388835 -0.012095
v 1.488471 -0.462296 -0.012398
v 1.535379 -0.523238 -0.012789
v 1.593252 -0.572632 -0.013271
v 1.663016 -0.610892 -0.013852
v 1.746912 -0.638178 -0.014551
v 1.851429 -0.654545 -0.015421
v 2.032278 -0.660000 -0.016927
v 2.213127 -0.654545 -0.018434
v 2.317643 -0.638178 -0.019304
v 2.401540 -0.610892 -0.020003
v 2.471303 -0.572632 -0.020584
v 2.529177 -0.523238 -0.021066
v 2.576085 -0.462296 -0.021457
v 2.612418 -0.388835 -0.021760
v 2.638332 -0.300491 -0.021976
v 2.653874 -0.190435 -0.022105
v 2.553252 0.000000 -0.050189
v 2.548277 0.190435 -0.050091
v 2.533354 0.300491 -0.049798
v 2.508471 0.388835 -0.049309
v 2.473583 0.462296 -0.048623
v 2.428542 0.523238 -0.047738
v 2.372971 0.572632 -0.046645
v 2.305983 0.610892 -0.045329
v 2.225425 0.638178 -0.043745
v 2.125067 0.654545 -0.041772
v 1.951414 0.660000 -0.038359
v 1.777761 0.654545 -0.034945
v 1.677403 0.638178 -0.032973
v 1.596845 0.610892 -0.031389
v 1.529857 0.572632 -0.030072
v 1.474286 0.523238 -0.028980
v 1.429245 0.462296 -0.028095
v 1.394357 0.388835 -0.027409
v 1.369475 0.300491 -0.026920
v 1.354551 0.190435 -0.026626
v 1.349576 0.000000 -0.026529
v 1.354551 -0.190435 -0.026626
v 1.369475 -0.300491 -0.026920
v 1.394357 -0.388835 -0.027409
v 1.429245 -0.462296 -0.028095
v 1.474286 -0.523238 -0.028980
v 1.529857 -0.572632 -0.030072
v 1.596845 -0.610892 -0.031389
v 1.677403 -0.638178 -0.032973
v 1.777761 -0.654545 -0.034945
v 1.951414 -0.660000 -0.038359
v 2.125067 -0.654545 -0.041772
v 2.225425 -0.638178 -0.043745
v 2.305983 -0.610892 -0.045329
v 2.372971 -0.572632 -0.046645
v 2.428542 -0.523238 -0.047738
v 2.473583 -0.462296 -0.048623
v 2.508471 -0.388835 -0.049309
v 2.533354 -0.300491 -0.049798
v 2.548277 -0.190435 -0.050091
v 2.422001 0.000000 -0.094017
v 2.417282 0.190435 -0.093834
v 2.403125 0.300491 -0.093284
v 2.379522 0.388835 -0.092368
v 2.346427 0.462296 -0.091084
v 2.303701 0.523238 -0.089425
v 2.250987 0.572632 -0.087379
v 2.187443 0.610892 -0.084912
v 2.111026 0.638178 -0.081946
v 2.015827 0.654545 -0.078250
v 1.851101 0.660000 -0.071856
v 1.686374 0.654545 -0.065462
v 1.591175 0.638178 -0.061766
v 1.514758 0.610892 -0.058800
v 1.451214 0.572632 -0.056333
v 1.398500 0.523238 -0.054287
v 1.355774 0.462296 -0.052628
v 1.322679 0.388835 -0.051344
v 1.299076 0.300491 -0.050427
v 1.284919 0.190435 -0.049878
v 1.280200 0.000000 -0.049695
v 1.284919 -0.190435 -0.049878
v 1.299076 -0.300491 -0.050427
v 1.322679 -0.388835 -0.051344
v 1.355774 -0.462296 -0.052628
v 1.398500 -0.523238 -0.054287
v 1.451214 -0.572632 -0.056333
v 1.514758 -0.610892 -0.058800
v 1.591175 -0.638178 -0.061766
v 1.686374 -0.654545 -0.065462
v 1.851101 -0.660000 -0.071856
v 2.015827 -0.654545 -0.078250
v 2.111026 -0.638178 -0.081946
v 2.187443 -0.610892 -0.084912
v 2.250987 -0.572632 -0.087379
v 2.303701 -0.523238 -0.089425
v 2.346427 -0.462296 -0.091084
v 2.379522 -0.388835 -0.092368
v 2.403125 -0.300491 -0.093284
v 2.417282 -0.190435 -0.093834
v 2.268674 0.000000 -0.155913
v 2.264254 0.190435 -0.155609
v 2.250993 0.300491 -0.154698
v 2.228884 0.388835 -0.153179
v 2.197885 0.462296 -0.151048
v 2.157863 0.523238 -0.148298
v 2.108486 0.572632 -0.144904
v 2.048965 0.610892 -0.140814
v 1.977385 0.638178 -0.135895
v 1.888213 0.654545 -0.129766
v 1.733915 0.660000 -0.119162
v 1.579617 0.654545 -0.108558
v 1.490445 0.638178 -0.102430
v 1.418865 0.610892 -0.097511
v 1.359344 0.572632 -0.093420
v 1.309967 0.523238 -0.090027
v 1.269945 0.462296 -0.087276
v 1.238946 0.388835 -0.085146
v 1.216837 0.300491 -0.083626
v 1.203576 0.190435 -0.082715
v 1.199156 0.000000 -0.082411
v 1.203576 -0.190435 -0.082715
v 1.216837 -0.300491 -0.083626
v 1.238946 -0.388835 -0.085146
v 1.269945 -0.462296 -0.087276
v 1.309967 -0.523238 -0.090027
v 1.359344 -0.572632 -0.093420
v 1.418865 -0.610892 -0.097511
v 1.490445 -0.638178 -0.102430
v 1.579617 -0.654545 -0.108558
v 1.733915 -0.660000 -0.119162
v 1.888213 -0.654545 -0.129766
v 1.977385 -0.638178 -0.135895
v 2.048965 -0.610892 -0.140814
v 2.108486 -0.572632 -0.144904
v 2.157863 -0.523238 -0.148298
v 2.197885 -0.462296 -0.151048
v 2.228884 -0.388835 -0.153179
v 2.250993 -0.300491 -0.154698
v 2.264254 -0.190435 -0.155609
v 2.097165 0.000000 -0.237411
v 2.093079 0.190435 -0.236949
v 2.080821 0.300491 -0.235561
v 2.060383 0.388835 -0.233247
v 2.031727 0.462296 -0.230003
v 1.994731 0.523238 -0.225815
v 1.949087 0.572632 -0.220648
v 1.894065 0.610892 -0.214419
v 1.827897 0.638178 -0.206929
v 1.745466 0.654545 -0.197597
v 1.602833 0.660000 -0.181450
v 1.460200 0.654545 -0.165303
v 1.377769 0.638178 -0.155971
v 1.311601 0.610892 -0.148481
v 1.256579 0.572632 -0.142252
v 1.210935 0.523238 -0.137085
v 1.173939 0.462296 -0.132897
v 1.145283 0.388835 -0.129653
v 1.124845 0.300491 -0.127339
v 1.112587 0.190435 -0.125951
v 1.108501 0.000000 -0.125489
v 1.112587 -0.190435 -0.125951
v 1.124845 -0.300491 -0.127339
v 1.145283 -0.388835 -0.129653
v 1.173939 -0.462296 -0.132897
v 1.210935 -0.523238 -0.137085
v 1.256579 -0.572632 -0.142252
v 1.311601 -0.610892 -0.148481
v 1.377769 -0.638178 -0.155971
v 1.460200 -0.654545 -0.165303
v 1.602833 -0.660000 -0.181450
v 1.745466 -0.654545 -0.197597
v 1.827897 -0.638178 -0.206929
v 1.894065 -0.610892 -0.214419
v 1.949087 -0.572632 -0.220648
v 1.994731 -0.523238 -0.225815
v 2.031727 -0.462296 -0.230003
v 2.060383 -0.388835 -0.233247
v 2.080821 -0.300491 -0.235561
v 2.093079 -0.190435 -0.236949
v 1.911764 0.000000 -0.339252
v 1.908039 0.190435 -0.338591
v 1.896865 0.300491 -0.336608
v 1.878234 0.388835 -0.333302
v 1.852111 0.462296 -0.328666
v 1.818386 0.523238 -0.322682
v 1.776777 0.572632 -0.315298
v 1.726620 0.610892 -0.306397
v 1.666301 0.638178 -0.295693
v 1.591157 0.654545 -0.282359
v 1.461134 0.660000 -0.259285
v 1.331110 0.654545 -0.236212
v 1.255966 0.638178 -0.222877
v 1.195648 0.610892 -0.212174
v 1.145490 0.572632 -0.203273
v 1.103881 0.523238 -0.195889
v 1.070156 0.462296 -0.189905
v 1.044034 0.388835 -0.185269
v 1.025403 0.300491 -0.181963
v 1.014228 0.190435 -0.179980
v 1.010504 0.000000 -0.179319
v 1.014228 -0.190435 -0.179980
v 1.025403 -0.300491 -0.181963
v 1.044034 -0.388835 -0.185269
v 1.070156 -0.462296 -0.189905
v 1.103881 -0.523238 -0.195889
v 1.145490 -0.572632 -0.203273
v 1.195648 -0.610892 -0.212174
v 1.255966 -0.638178 -0.222877
v 1.331110 -0.654545 -0.236212
v 1.461134 -0.660000 -0.259285
v 1.591157 -0.654545 -0.282359
v 1.666301 -0.638178 -0.295693
v 1.726620 -0.610892 -0.306397
v 1.776777 -0.572632 -0.315298
v 1.818386 -0.523238 -0.322682
v 1.852111 -0.462296 -0.328666
v 1.878234 -0.388835 -0.333302
v 1.896865 -0.300491 -0.336608
v 1.908039 -0.190435 -0.338591
v 1.717020 0.000000 -0.461359
v 1.713674 0.190435 -0.460460
v 1.703638 0.300491 -0.457763
v 1.686905 0.388835 -0.453267
v 1.663444 0.462296 -0.446963
v 1.633154 0.523238 -0.438824
v 1.595783 0.572632 -0.428783
v 1.550735 0.610892 -0.416678
v 1.496561 0.638178 -0.402122
v 1.429072 0.654545 -0.383988
v 1.312294 0.660000 -0.352610
v 1.195515 0.654545 -0.321232
v 1.128026 0.638178 -0.303098
v 1.073852 0.610892 -0.288541
v 1.028804 0.572632 -0.276437
v 0.991433 0.523238 -0.266395
v 0.961143 0.462296 -0.258257
v 0.937682 0.388835 -0.251953
v 0.920949 0.300491 -0.247457
v 0.910913 0.190435 -0.244760
v 0.907568 0.000000 -0.243861
v 0.910913 -0.190435 -0.244760
v 0.920949 -0.300491 -0.247457
v 0.937682 -0.388835 -0.251953
v 0.961143 -0.462296 -0.258257
v 0.991433 -0.523238 -0.266395
v 1.028804 -0.572632 -0.276437
v 1.073852 -0.610892 -0.288541
v 1.128026 -0.638178 -0.303098
v 1.195515 -0.654545 -0.321232
v 1.312294 -0.660000 -0.352610
v 1.429072 -0.654545 -0.383988
v 1.496561 -0.638178 -0.402122
v 1.550735 -0.610892 -0.416678
v 1.595783 -0.572632 -0.428783
v 1.633154 -0.523238 -0.438824
v 1.663444 -0.462296 -0.446963
v 1.686905 -0.388835 -0.453267
v 1.703638 -0.300491 -0.457763
v 1.713674 -0.190435 -0.460460
v 1.517594 0.000000 -0.602837
v 1.514637 0.190435 -0.601663
v 1.505767 0.300491 -0.598139
v 1.490977 0.388835 -0.592264
v 1.470241 0.462296 -0.584027
v 1.443469 0.523238 -0.573392
v 1.410439 0.572632 -0.560272
v 1.370623 0.610892 -0.544456
v 1.322741 0.638178 -0.525435
v 1.263091 0.654545 -0.501740
v 1.159875 0.660000 -0.460740
v 1.056660 0.654545 -0.419739
v 0.997010 0.638178 -0.396044
v 0.949128 0.610892 -0.377024
v 0.909312 0.572632 -0.361208
v 0.876282 0.523238 -0.348087
v 0.849510 0.462296 -0.337453
v 0.828773 0.388835 -0.329215
v 0.813984 0.300491 -0.323341
v 0.805114 0.190435 -0.319817
v 0.802157 0.000000 -0.318643
v 0.805114 -0.190435 -0.319817
v 0.813984 -0.300491 -0.323341
v 0.828773 -0.388835 -0.329215
v 0.849510 -0.462296 -0.337453
v 0.876282 -0.523238 -0.348087
v 0.909312 -0.572632 -0.361208
v 0.949128 -0.610892 -0.377024
v 0.997010 -0.638178 -0.396044
v 1.056660 -0.654545 -0.419739
v 1.159875 -0.660000 -0.460740
v 1.263091 -0.654545 -0.501740
v 1.322741 -0.638178 -0.525435
v 1.370623 -0.610892 -0.544456
v 1.410439 -0.572632 -0.560272
v 1.443469 -0.523238 -0.573392
v 1.470241 -0.462296 -0.584027
v 1.490977 -0.388835 -0.592264
v 1.505767 -0.300491 -0.598139
v 1.514637 -0.190435 -0.601663
v 1.318113 0.000000 -0.762002
v 1.315544 0.190435 -0.760517
v 1.307840 0.300491 -0.756063
v 1.294995 0.388835 -0.748637
v 1.276984 0.462296 -0.738225
v 1.253731 0.523238 -0.724783
v 1.225043 0.572632 -0.708198
v 1.190460 0.610892 -0.688206
v 1.148872 0.638178 -0.664164
v 1.097063 0.654545 -0.634213
v 1.007415 0.660000 -0.582387
v 0.917767 0.654545 -0.530562
v 0.865957 0.638178 -0.500610
v 0.824369 0.610892 -0.476568
v 0.789787 0.572632 -0.456576
v 0.761098 0.523238 -0.439992
v 0.737846 0.462296 -0.426549
v 0.719835 0.388835 -0.416137
v 0.706989 0.300491 -0.408711
v 0.699285 0.190435 -0.404257
v 0.696717 0.000000 -0.402772
v 0.699285 -0.190435 -0.404257
v 0.706989 -0.300491 -0.408711
v 0.719835 -0.388835 -0.416137
v 0.737846 -0.462296 -0.426549
v 0.761098 -0.523238 -0.439992
v 0.789787 -0.572632 -0.456576
v 0.824369 -0.610892 -0.476568
v 0.865957 -0.638178 -0.500610
v 0.917767 -0.654545 -0.530562
v 1.007415 -0.660000 -0.582387
v 1.097063 -0.654545 -0.634213
v 1.148872 -0.638178 -0.664164
v 1.190460 -0.610892 -0.688206
v 1.225043 -0.572632 -0.708198
v 1.253731 -0.523238 -0.724783
v 1.276984 -0.462296 -0.738225
v 1.294995 -0.388835 -0.748637
v 1.307840 -0.300491 -0.756063
v 1.315544 -0.190435 -0.760517
v 1.123018 0.000000 -0.936426
v 1.120830 0.190435 -0.934602
v 1.114265 0.300491 -0.929129
v 1.103321 0.388835 -0.920003
v 1.087976 0.462296 -0.907207
v 1.068165 0.523238 -0.890688
v 1.043723 0.572632 -0.870307
v 1.014259 0.610892 -0.845739
v 0.978827 0.638178 -0.816193
v 0.934686 0.654545 -0.779386
v 0.858306 0.660000 -0.715697
v 0.781927 0.654545 -0.652009
v 0.737786 0.638178 -0.615202
v 0.702353 0.610892 -0.585656
v 0.672890 0.572632 -0.561088
v 0.648447 0.523238 -0.540707
v 0.628636 0.462296 -0.524187
v 0.613291 0.388835 -0.511392
v 0.602347 0.300491 -0.502266
v 0.595783 0.190435 -0.496793
v 0.593595 0.000000 -0.494968
v 0.595783 -0.190435 -0.496793
v 0.602347 -0.300491 -0.502266
v 0.613291 -0.388835 -0.511392
v 0.628636 -0.462296 -0.524187
v 0.648447 -0.523238 -0.540707
v 0.672890 -0.572632 -0.561088
v 0.702353 -0.610892 -0.585656
v 0.737786 -0.638178 -0.615202
v 0.781927 -0.654545 -0.652009
v 0.858306 -0.660000 -0.715697
v 0.934686 -0.654545 -0.779386
v 0.978827 -0.638178 -0.816193
v 1.014259 -0.610892 -0.845739
v 1.043723 -0.572632 -0.870307
v 1.068165 -0.523238 -0.890688
v 1.087976 -0.462296 -0.907207
v 1.103321 -0.388835 -0.920003
v 1.114265 -0.300491 -0.929129
v 1.120830 -0.190435 -0.934602
v 0.936426 0.000000 -1.123018
v 0.934602 0.190435 -1.120830
v 0.929129 0.300491 -1.114265
v 0.920003 0.388835 -1.103321
v 0.907207 0.462296 -1.087976
v 0.890688 0.523238 -1.068165
v 0.870307 0.572632 -1.043723
v 0.845739 0.610892 -1.014259
v 0.816193 0.638178 -0.978827
v 0.779386 0.654545 -0.934686
v 0.715697 0.660000 -0.858306
v 0.652009 0.654545 -0.781927
v 0.615202 0.638178 -0.737786
v 0.585656 0.610892 -0.702353
v 0.561088 0.572632 -0.672890
v 0.540707 0.523238 -0.648447
v 0.524187 0.462296 -0.628636
v 0.511392 0.388835 -0.613291
v 0.502266 0.300491 -0.602347
v 0.496793 0.190435 -0.595783
v 0.494968 0.000000 -0.593595
v 0.496793 -0.190435 -0.595783
v 0.502266 -0.300491 -0.602347
v 0.511392 -0.388835 -0.613291
v 0.524187 -0.462296 -0.628636
v 0.540707 -0.523238 -0.648447
v 0.561088 -0.572632 -0.672890
v 0.585656 -0.610892 -0.702353
v 0.615202 -0.638178 -0.737786
v 0.652009 -0.654545 -0.781927
v 0.715697 -0.660000 -0.858306
v 0.779386 -0.654545 -0.934686
v 0.816193 -0.638178 -0.978827
v 0.845739 -0.610892 -1.014259
v 0.870307 -0.572632 -1.043723
v 0.890688 -0.523238 -1.068165
v 0.907207 -0.462296 -1.087976
v 0.920003 -0.388835 -1.103321
v 0.929129 -0.300491 -1.114265
v 0.934602 -0.190435 -1.120830
v 0.762002 0.000000 -1.318113
v 0.760517 0.190435 -1.315544
v 0.756063 0.300491 -1.307840
v 0.748637 0.388835 -1.294995
v 0.738225 0.462296 -1.276984
v 0.724783 0.523238 -1.253731
v 0.708198 0.572632 -1.225043
v 0.688206 0.610892 -1.190460
v 0.664164 0.638178 -1.148872
v 0.634213 0.654545 -1.097063
v 0.582387 0.660000 -1.007415
v 0.530562 0.654545 -0.917767
v 0.500610 0.638178 -0.865957
v 0.476568 0.610892 -0.824369
v 0.456576 0.572632 -0.789787
v 0.439992 0.523238 -0.761098
v 0.426549 0.462296 -0.737846
v 0.416137 0.388835 -0.719835
v 0.408711 0.300491 -0.706989
v 0.404257 0.190435 -0.699285
v 0.402772 0.000000 -0.696717
v 0.404257 -0.190435 -0.699285
v 0.408711 -0.300491 -0.706989
v 0.416137 -0.388835 -0.719835
v 0.426549 -0.462296 -0.737846
v 0.439992 -0.523238 -0.761098
v 0.456576 -0.572632 -0.789787
v 0.476568 -0.610892 -0.824369
v 0.500610 -0.638178 -0.865957
v 0.530562 -0.654545 -0.917767
v 0.582387 -0.660000 -1.007415
v 0.634213 -0.654545 -1.097063
v 0.664164 -0.638178 -1.148872
v 0.688206 -0.610892 -1.190460
v 0.708198 -0.572632 -1.225043
v 0.724783 -0.523238 -1.253731
v 0.738225 -0.462296 -1.276984
v 0.748637 -0.388835 -1.294995
v 0.756063 -0.300491 -1.307840
v 0.760517 -0.190435 -1.315544
v 0.602837 0.000000 -1.517594
v 0.601663 0.190435 -1.514637
v 0.598139 0.300491 -1.505767
v 0.592264 0.388835 -1.490977
v 0.584027 0.462296 -1.470241
v 0.573392 0.523238 -1.443469
v 0.560272 0.572632 -1.410439
v 0.544456 0.610892 -1.370623
v 0.525435 0.638178 -1.322741
v 0.501740 0.654545 -1.263091
v 0.460740 0.660000 -1.159875
v 0.419739 0.654545 -1.056660
v 0.396044 0.638178 -0.997010
v 0.377024 0.610892 -0.949128
v 0.361208 0.572632 -0.909312
v 0.348087 0.523238 -0.876282
v 0.337453 0.462296 -0.849510
v 0.329215 0.388835 -0.828773
v 0.323341 0.300491 -0.813984
v 0.319817 0.190435 -0.805114
v 0.318643 0.000000 -0.802157
v 0.319817 -0.190435 -0.805114
v 0.323341 -0.300491 -0.813984
v 0.329215 -0.388835 -0.828773
v 0.337453 -0.462296 -0.849510
v 0.348087 -0.523238 -0.876282
v 0.361208 -0.572632 -0.909312
v 0.377024 -0.610892 -0.949128
v 0.396044 -0.638178 -0.997010
v 0.419739 -0.654545 -1.056660
v 0.460740 -0.660000 -1.159875
v 0.501740 -0.654545 -1.263091
v 0.525435 -0.638178 -1.322741
v 0.544456 -0.610892 -1.370623
v 0.560272 -0.572632 -1.410439
v 0.573392 -0.523238 -1.443469
v 0.584027 -0.462296 -1.470241
v 0.592264 -0.388835 -1.490977
v 0.598139 -0.300491 -1.505767
v 0.601663 -0.190435 -1.514637
v 0.461359 0.000000 -1.717020
v 0.460460 0.190435 -1.713674
v 0.457763 0.300491 -1.703638
v 0.453267 0.388835 -1.686905
v 0.446963 0.462296 -1.663444
v 0.438824 0.523238 -1.633154
v 0.428783 0.572632 -1.595783
v 0.416678 0.610892 -1.550735
v 0.402122 0.638178 -1.496561
v 0.383988 0.654545 -1.429072
v 0.352610 0.660000 -1.312294
v 0.321232 0.654545 -1.195515
v 0.303098 0.638178 -1.128026
v 0.288541 0.610892 -1.073852
v 0.276437 0.572632 -1.028804
v 0.266395 0.523238 -0.991433
v 0.258257 0.462296 -0.961143
v 0.251953 0.388835 -0.937682
v 0.247457 0.300491 -0.920949
v 0.244760 0.190435 -0.910913
v 0.243861 0.000000 -0.907568
v 0.244760 -0.190435 -0.910913
v 0.247457 -0.300491 -0.920949
v 0.251953 -0.388835 -0.937682
v 0.258257 -0.462296 -0.961143
v 0.266395 -0.523238 -0.991433
v 0.276437 -0.572632 -1.028804
v 0.288541 -0.610892 -1.073852
v 0.303098 -0.638178 -1.128026
v 0.321232 -0.654545 -1.195515
v 0.352610 -0.660000 -1.312294
v 0.383988 -0.654545 -1.429072
v 0.402122 -0.638178 -1.496561
v 0.416678 -0.610892 -1.550735
v 0.428783 -0.572632 -1.595783
v 0.438824 -0.523238 -1.633154
v 0.446963 -0.462296 -1.663444
v 0.453267 -0.388835 -1.686905
v 0.457763 -0.300491 -1.703638
v 0.460460 -0.190435 -1.713674
v 0.339252 0.000000 -1.911764
v 0.338591 0.190435 -1.908039
v 0.336608 0.300491 -1.896865
v 0.333302 0.388835 -1.878234
v 0.328666 0.462296 -1.852111
v 0.322682 0.523238 -1.818386
v 0.315298 0.572632 -1.776777
v 0.306397 0.610892 -1.726620
v 0.295693 0.638178 -1.666301
v 0.282359 0.654545 -1.591157
v 0.259285 0.660000 -1.461134
v 0.236212 0.654545 -1.331110
v 0.222877 0.638178 -1.255966
v 0.212174 0.610892 -1.195648
v 0.203273 0.572632 -1.145490
v 0.195889 0.523238 -1.103881
v 0.189905 0.462296 -1.070156
v 0.185269 0.388835 -1.044034
v 0.181963 0.300491 -1.025403
v 0.179980 0.190435 -1.014228
v 0.179319 0.000000 -1.010504
v 0.179980 -0.190435 -1.014228
v 0.181963 -0.300491 -1.025403
v 0.185269 -0.388835 -1.044034
v 0.189905 -0.462296 -1.070156
v 0.195889 -0.523238 -1.103881
v 0.203273 -0.572632 -1.145490
v 0.212174 -0.610892 -1.195648
v 0.222877 -0.638178 -1.255966
v 0.236212 -0.654545 -1.331110
v 0.259285 -0.660000 -1.461134
v 0.282359 -0.654545 -1.591157
v 0.295693 -0.638178 -1.666301
v 0.306397 -0.610892 -1.726620
v 0.315298 -0.572632 -1.776777
v 0.322682 -0.523238 -1.818386
v 0.328666 -0.462296 -1.852111
v 0.333302 -0.388835 -1.878234
v 0.336608 -0.300491 -1.896865
v 0.338591 -0.190435 -1.908039
v 0.237411 0.000000 -2.097165
v 0.236949 0.190435 -2.093079
v 0.235561 0.300491 -2.080821
v 0.233247 0.388835 -2.060383
v 0.230003 0.462296 -2.031727
v 0.225815 0.523238 -1.994731
v 0.220648 0.572632 -1.949087
v 0.214419 0.610892 -1.894065
v 0.206929 0.638178 -1.827897
v 0.197597 0.654545 -1.745466
v 0.181450 0.660000 -1.602833
v 0.165303 0.654545 -1.460200
v 0.155971 0.638178 -1.377769
v 0.148481 0.610892 -1.311601
v 0.142252 0.572632 -1.256579
v 0.137085 0.523238 -1.210935
v 0.132897 0.462296 -1.173939
v 0.129653 0.388835 -1.145283
v 0.127339 0.300491 -1.124845
v 0.125951 0.190435 -1.112587
v 0.125489 0.000000 -1.108501
v 0.125951 -0.190435 -1.112587
v 0.127339 -0.300491 -1.124845
v 0.129653 -0.388835 -1.145283
v 0.132897 -0.462296 -1.173939
v 0.137085 -0.523238 -1.210935
v 0.142252 -0.572632 -1.256579
v 0.148481 -0.610892 -1.311601
v 0.155971 -0.638178 -1.377769
v 0.165303 -0.654545 -1.460200
v 0.181450 -0.660000 -1.602833
v 0.197597 -0.654545 -1.745466
v 0.206929 -0.638178 -1.827897
v 0.214419 -0.610892 -1.894065
v 0.220648 -0.572632 -1.949087
v 0.225815 -0.523238 -1.994731
v 0.230003 -0.462296 -2.031727
v 0.233247 -0.388835 -2.060383
v 0.235561 -0.300491 -2.080821
v 0.236949 -0.190435 -2.093079
v 0.155913 0.000000 -2.268674
v 0.155609 0.190435 -2.264254
v 0.154698 0.300491 -2.250993
v 0.153179 0.388835 -2.228884
v 0.151048 0.462296 -2.197885
v 0.148298 0.523238 -2.157863
v 0.144904 0.572632 -2.108486
v 0.140814 0.610892 -2.048965
v 0.135895 0.638178 -1.977385
v 0.129766 0.654545 -1.888213
v 0.119162 0.660000 -1.733915
v 0.108558 0.654545 -1.579617
v 0.102430 0.638178 -1.490445
v 0.097511 0.610892 -1.418865
v 0.093420 0.572632 -1.359344
v 0.090027 0.523238 -1.309967
v 0.087276 0.462296 -1.269945
v 0.085146 0.388835 -1.238946
v 0.083626 0.300491 -1.216837
v 0.082715 0.190435 -1.203576
v 0.082411 0.000000 -1.199156
v 0.082715 -0.190435 -1.203576
v 0.083626 -0.300491 -1.216837
v 0.085146 -0.388835 -1.238946
v 0.087276 -0.462296 -1.269945
v 0.090027 -0.523238 -1.309967
v 0.093420 -0.572632 -1.359344
v 0.097511 -0.610892 -1.418865
v 0.102430 -0.638178 -1.490445
v 0.108558 -0.654545 -1.579617
v 0.119162 -0.660000 -1.733915
v 0.129766 -0.654545 -1.888213
v 0.135895 -0.638178 -1.977385
v 0.140814 -0.610892 -2.048965
v 0.144904 -0.572632 -2.108486
v 0.148298 -0.523238 -2.157863
v 0.151048 -0.462296 -2.197885
v 0.153179 -0.388835 -2.228884
v 0.154698 -0.300491 -2.250993
v 0.155609 -0.190435 -2.264254
v 0.094017 0.000000 -2.422001
v 0.093834 0.190435 -2.417282
v 0.093284 0.300491 -2.403125
v 0.092368 0.388835 -2.379522
v 0.091084 0.462296 -2.346427
v 0.089425 0.523238 -2.303701
v 0.087379 0.572632 -2.250987
v 0.084912 0.610892 -2.187443
v 0.081946 0.638178 -2.111026
v 0.078250 0.654545 -2.015827
v 0.071856 0.660000 -1.851101
v 0.065462 0.654545 -1.686374
v 0.061766 0.638178 -1.591175
v 0.058800 0.610892 -1.514758
v 0.056333 0.572632 -1.451214
v 0.054287 0.523238 -1.398500
v 0.052628 0.462296 -1.355774
v 0.051344 0.388835 -1.322679
v 0.050427 0.300491 -1.299076
v 0.049878 0.190435 -1.284919
v 0.049695 0.000000 -1.280200
v 0.049878 -0.190435 -1.284919
v 0.050427 -0.300491 -1.299076
v 0.051344 -0.388835 -1.322679
v 0.052628 -0.462296 -1.355774
v 0.054287 -0.523238 -1.398500
v 0.056333 -0.572632 -1.451214
v 0.058800 -0.610892 -1.514758
v 0.061766 -0.638178 -1.591175
v 0.065462 -0.654545 -1.686374
v 0.071856 -0.660000 -1.851101
v 0.078250 -0.654545 -2.015827
v 0.081946 -0.638178 -2.111026
v 0.084912 -0.610892 -2.187443
v 0.087379 -0.572632 -2.250987
v 0.089425 -0.523238 -2.303701
v 0.091084 -0.462296 -2.346427
v 0.092368 -0.388835 -2.379522
v 0.093284 -0.300491 -2.403125
v 0.093834 -0.190435 -2.417282
v 0.050189 0.000000 -2.553252
v 0.050091 0.190435 -2.548277
v 0.049798 0.300491 -2.533354
v 0.049309 0.388835 -2.508471
v 0.048623 0.462296 -2.473583
v 0.047738 0.523238 -2.428542
v 0.046645 0.572632 -2.372971
v 0.045329 0.610892 -2.305983
v 0.043745 0.638178 -2.225425
v 0.041772 0.654545 -2.125067
v 0.038359 0.660000 -1.951414
v 0.034945 0.654545 -1.777761
v 0.032973 0.638178 -1.677403
v 0.031389 0.610892 -1.596845
v 0.030072 0.572632 -1.529857
v 0.028980 0.523238 -1.474286
v 0.028095 0.462296 -1.429245
v 0.027409 0.388835 -1.394357
v 0.026920 0.300491 -1.369475
v 0.026626 0.190435 -1.354551
v 0.026529 0.000000 -1.349576
v 0.026626 -0.190435 -1.354551
v 0.026920 -0.300491 -1.369475
v 0.027409 -0.388835 -1.394357
v 0.028095 -0.462296 -1.429245
v 0.028980 -0.523238 -1.474286
v 0.030072 -0.572632 -1.529857
v 0.031389 -0.610892 -1.596845
v 0.032973 -0.638178 -1.677403
v 0.034945 -0.654545 -1.777761
v 0.038359 -0.660000 -1.951414
v 0.041772 -0.654545 -2.125067
v 0.043745 -0.638178 -2.225425
v 0.045329 -0.610892 -2.305983
v 0.046645 -0.572632 -2.372971
v 0.047738 -0.523238 -2.428542
v 0.048623 -0.462296 -2.473583
v 0.049309 -0.388835 -2.508471
v 0.049798 -0.300491 -2.533354
v 0.050091 -0.190435 -2.548277
v 0.022148 0.000000 -2.659055
v 0.022105 0.190435 -2.653874
v 0.021976 0.300491 -2.638332
v 0.021760 0.388835 -2.612418
v 0.021457 0.462296 -2.576085
v 0.021066 0.523238 -2.529177
v 0.020584 0.572632 -2.471303
v 0.020003 0.610892 -2.401540
v 0.019304 0.638178 -2.317643
v 0.018434 0.654545 -2.213127
v 0.016927 0.660000 -2.032278
v 0.015421 0.654545 -1.851429
v 0.014551 0.638178 -1.746912
v 0.013852 0.610892 -1.663016
v 0.013271 0.572632 -1.593252
v 0.012789 0.523238 -1.535379
v 0.012398 0.462296 -1.488471
v 0.012095 0.388835 -1.452137
v 0.011879 0.300491 -1.426223
v 0.011750 0.190435 -1.410681
v 0.011707 0.000000 -1.405500
v 0.011750 -0.190435 -1.410681
v 0.011879 -0.300491 -1.426223
v 0.012095 -0.388835 -1.452137
v 0.012398 -0.462296 -1.488471
v 0.012789 -0.523238 -1.535379
v 0.013271 -0.572632 -1.593252
v 0.013852 -0.610892 -1.663016
v 0.014551 -0.638178 -1.746912
v 0.015421 -0.654545 -1.851429
v 0.016927 -0.660000 -2.032278
v 0.018434 -0.654545 -2.213127
v 0.019304 -0.638178 -2.317643
v 0.020003 -0.610892 -2.401540
v 0.020584 -0.572632 -2.471303
v 0.021066 -0.523238 -2.529177
v 0.021457 -0.462296 -2.576085
v 0.021760 -0.388835 -2.612418
v 0.021976 -0.300491 -2.638332
v 0.022105 -0.190435 -2.653874
v 0.006927 0.000000 -2.736666
v 0.006914 0.190435 -2.731334
v 0.006873 0.300491 -2.715338
v 0.006806 0.388835 -2.688669
v 0.006711 0.462296 -2.651274
v 0.006589 0.523238 -2.602997
v 0.006438 0.572632 -2.543435
v 0.006257 0.610892 -2.471635
v 0.006038 0.638178 -2.385290
v 0.005766 0.654545 -2.277723
v 0.005295 0.660000 -2.091595
v 0.004823 0.654545 -1.905468
v 0.004551 0.638178 -1.797900
v 0.004333 0.610892 -1.711555
v 0.004151 0.572632 -1.639755
v 0.004000 0.523238 -1.580193
v 0.003878 0.462296 -1.531916
v 0.003783 0.388835 -1.494521
v 0.003716 0.300491 -1.467852
v 0.003675 0.190435 -1.451856
v 0.003662 0.000000 -1.446524
v 0.003675 -0.190435 -1.451856
v 0.003716 -0.300491 -1.467852
v 0.003783 -0.388835 -1.494521
v 0.003878 -0.462296 -1.531916
v 0.004000 -0.523238 -1.580193
v 0.004151 -0.572632 -1.639755
v 0.004333 -0.610892 -1.711555
v 0.004551 -0.638178 -1.797900
v 0.004823 -0.654545 -1.905468
v 0.005295 -0.660000 -2.091595
v 0.005766 -0.654545 -2.277723
v 0.006038 -0.638178 -2.385290
v 0.006257 -0.610892 -2.471635
v 0.006438 -0.572632 -2.543435
v 0.006589 -0.523238 -2.602997
v 0.006711 -0.462296 -2.651274
v 0.006806 -0.388835 -2.688669
v 0.006873 -0.300491 -2.715338
v 0.006914 -0.190435 -2.731334
v 0.000940 0.000000 -2.784062
v 0.000938 0.190435 -2.778638
v 0.000933 0.300491 -2.762365
v 0.000923 0.388835 -2.735233
v 0.000911 0.462296 -2.697191
v 0.000894 0.523238 -2.648078
v 0.000874 0.572632 -2.587484
v 0.000849 0.610892 -2.514440
v 0.000819 0.638178 -2.426600
v 0.000782 0.654545 -2.317170
v 0.000718 0.660000 -2.127819
v 0.000654 0.654545 -1.938468
v 0.000617 0.638178 -1.829038
v 0.000588 0.610892 -1.741197
v 0.000563 0.572632 -1.668154
v 0.000543 0.523238 -1.607560
v 0.000526 0.462296 -1.558446
v 0.000513 0.388835 -1.520404
v 0.000504 0.300491 -1.493273
v 0.000499 0.190435 -1.477000
v 0.000497 0.000000 -1.471575
v 0.000499 -0.190435 -1.477000
v 0.000504 -0.300491 -1.493273
v 0.000513 -0.388835 -1.520404
v 0.000526 -0.462296 -1.558446
v 0.000543 -0.523238 -1.607560
v 0.000563 -0.572632 -1.668154
v 0.000588 -0.610892 -1.741197
v 0.000617 -0.638178 -1.829038
v 0.000654 -0.654545 -1.938468
v 0.000718 -0.660000 -2.127819
v 0.000782 -0.654545 -2.317170
v 0.000819 -0.638178 -2.426600
v 0.000849 -0.610892 -2.514440
v 0.000874 -0.572632 -2.587484
v 0.000894 -0.523238 -2.648078
v 0.000911 -0.462296 -2.697191
v 0.000923 -0.388835 -2.735233
v 0.000933 -0.300491 -2.762365
v 0.000938 -0.190435 -2.778638
v 0.000000 0.000000 -2.800000
v 0.000000 0.190435 -2.794544
v 0.000000 0.300491 -2.778178
v 0.000000 0.388835 -2.750891
v 0.000000 0.462296 -2.712632
v 0.000000 0.523238 -2.663237
v 0.000000 0.572632 -2.602296
v 0.000000 0.610892 -2.528835
v 0.000000 0.638178 -2.440491
v 0.000000 0.654545 -2.330435
v 0.000000 0.660000 -2.140000
v 0.000000 0.654545 -1.949565
v 0.000000 0.638178 -1.839508
v 0.000000 0.610892 -1.751165
v 0.000000 0.572632 -1.677703
v 0.000000 0.523238 -1.616762
v 0.000000 0.462296 -1.567368
v 0.000000 0.388835 -1.529108
v 0.000000 0.300491 -1.501821
v 0.000000 0.190435 -1.485455
v 0.000000 0.000000 -1.480000
v 0.000000 -0.190435 -1.485455
v 0.000000 -0.300491 -1.501821
v 0.000000 -0.388835 -1.529108
v 0.000000 -0.462296 -1.567368
v 0.000000 -0.523238 -1.616762
v 0.000000 -0.572632 -1.677703
v 0.000000 -0.610892 -1.751165
v 0.000000 -0.638178 -1.839508
v 0.000000 -0.654545 -1.949565
v 0.000000 -0.660000 -2.140000
v 0.000000 -0.654545 -2.330435
v 0.000000 -0.638178 -2.440491
v 0.000000 -0.610892 -2.528835
v 0.000000 -0.572632 -2.602296
v 0.000000 -0.523238 -2.663237
v 0.000000 -0.462296 -2.712632
v 0.000000 -0.388835 -2.750891
v 0.000000 -0.300491 -2.778178
v 0.000000 -0.190435 -2.794544
v -0.000940 0.000000 -2.784062
v -0.000938 0.190435 -2.778638
v -0.000933 0.300491 -2.762365
v -0.000923 0.388835 -2.735233
v -0.000911 0.462296 -2.697191
v -0.000894 0.523238 -2.648078
v -0.000874 0.572632 -2.587484
v -0.000849 0.610892 -2.514440
v -0.000819 0.638178 -2.426600
v -0.000782 0.654545 -2.317170
v -0.000718 0.660000 -2.127819
v -0.000654 0.654545 -1.938468
v -0.000617 0.638178 -1.829038
v -0.000588 0.610892 -1.741197
v -0.000563 0.572632 -1.668154
v -0.000543 0.523238 -1.607560
v -0.000526 0.462296 -1.558446
v -0.000513 0.388835 -1.520404
v -0.000504 0.300491 -1.493273
v -0.000499 0.190435 -1.477000
v -0.000497 0.000000 -1.471575
v -0.000499 -0.190435 -1.477000
v -0.000504 -0.300491 -1.493273
v -0.000513 -0.388835 -1.520404
v -0.000526 -0.462296 -1.558446
v -0.000543 -0.523238 -1.607560
v -0.000563 -0.572632 -1.668154
v -0.000588 -0.610892 -1.741197
v -0.000617 -0.638178 -1.829038
v -0.000654 -0.654545 -1.938468
v -0.000718 -0.660000 -2.127819
v -0.000782 -0.654545 -2.317170
v -0.000819 -0.638178 -2.426600
v -0.000849 -0.610892 -2.514440
v -0.000874 -0.572632 -2.587484
v -0.000894 -0.523238 -2.648078
v -0.000911 -0.462296 -2.697191
v -0.000923 -0.388835 -2.735233
v -0.000933 -0.300491 -2.762365
v -0.000938 -0.190435 -2.778638
v -0.006927 0.000000 -2.736666
v -0.006914 0.190435 -2.731334
v -0.006873 0.300491 -2.715338
v -0.006806 0.388835 -2.688669
v -0.006711 0.462296 -2.651274
v -0.006589 0.523238 -2.602997
v -0.006438 0.572632 -2.543435
v -0.006257 0.610892 -2.471635
v -0.006038 0.638178 -2.385290
v -0.005766 0.654545 -2.277723
v -0.005295 0.660000 -2.091595
v -0.004823 0.654545 -1.905468
v -0.004551 0.638178 -1.797900
v -0.004333 0.610892 -1.711555
v -0.004151 0.572632 -1.639755
v -0.004000 0.523238 -1.580193
v -0.003878 0.462296 -1.531916
v -0.003783 0.388835 -1.494521
v -0.003716 0.300491 -1.467852
v -0.003675 0.190435 -1.451856
v -0.003662 0.000000 -1.446524
v -0.003675 -0.190435 -1.451856
v -0.003716 -0.300491 -1.467852
v -0.003783 -0.388835 -1.494521
v -0.003878 -0.462296 -1.531916
v -0.004000 -0.523238 -1.580193
v -0.004151 -0.572632 -1.639755
v -0.004333 -0.610892 -1.711555
v -0.004551 -0.638178 -1.797900
v -0.004823 -0.654545 -1.905468
v -0.005295 -0.660000 -2.091595
v -0.005766 -0.654545 -2.277723
v -0.006038 -0.638178 -2.385290
v -0.006257 -0.610892 -2.471635
v -0.006438 -0.572632 -2.543435
v -0.006589 -0.523238 -2.602997
v -0.006711 -0.462296 -2.651274
v -0.006806 -0.388835 -2.688669
v -0.006873 -0.300491 -2.715338
v -0.006914 -0.190435 -2.731334
v -0.022148 0.000000 -2.659055
v -0.022105 0.190435 -2.653874
v -0.021976 0.300491 -2.638332
v -0.021760 0.388835 -2.612418
v -0.021457 0.462296 -2.576085
v -0.021066 0.523238 -2.529177
v -0.020584 0.572632 -2.471303
v -0.020003 0.610892 -2.401540
v -0.019304 0.638178 -2.317643
v -0.018434 0.654545 -2.213127
v -0.016927 0.660000 -2.032278
v -0.015421 0.654545 -1.851429
v -0.014551 0.638178 -1.746912
v -0.013852 0.610892 -1.663016
v -0.013271 0.572632 -1.593252
v -0.012789 0.523238 -1.535379
v -0.012398 0.462296 -1.488471
v -0.012095 0.388835 -1.452137
v -0.011879 0.300491 -1.426223
v -0.011750 0.190435 -1.410681
v -0.011707 0.000000 -1.405500
v -0.011750 -0.190435 -1.410681
v -0.011879 -0.300491 -1.426223
v -0.012095 -0.388835 -1.452137
v -0.012398 -0.462296 -1.488471
v -0.012789 -0.523238 -1.535379
v -0.013271 -0.572632 -1.593252
v -0.013852 -0.610892 -1.663016
v -0.014551 -0.638178 -1.746912
v -0.015421 -0.654545 -1.851429
v -0.016927 -0.660000 -2.032278
v -0.018434 -0.654545 -2.213127
v -0.019304 -0.638178 -2.317643
v -0.020003 -0.610892 -2.401540
v -0.020584 -0.572632 -2.471303
v -0.021066 -0.523238 -2.529177
v -0.021457 -0.462296 -2.576085
v -0.021760 -0.388835 -2.612418
v -0.021976 -0.300491 -2.638332
v -0.022105 -0.190435 -2.653874
v -0.050189 0.000000 -2.553252
v -0.050091 0.190435 -2.548277
v -0.049798 0.300491 -2.533354
v -0.049309 0.388835 -2.508471
v -0.048623 0.462296 -2.473583
v -0.047738 0.523238 -2.428542
v -0.046645 0.572632 -2.372971
v -0.045329 0.610892 -2.305983
v -0.043745 0.638178 -2.225425
v -0.041772 0.654545 -2.125067
v -0.038359 0.660000 -1.951414
v -0.034945 0.654545 -1.777761
v -0.032973 0.638178 -1.677403
v -0.031389 0.610892 -1.596845
v -0.030072 0.572632 -1.529857
v -0.028980 0.523238 -1.474286
v -0.028095 0.462296 -1.429245
v -0.027409 0.388835 -1.394357
v -0.026920 0.300491 -1.369475
v -0.026626 0.190435 -1.354551
v -0.026529 0.000000 -1.349576
v -0.026626 -0.190435 -1.354551
v -0.026920 -0.300491 -1.369475
v -0.027409 -0.388835 -1.394357
v -0.028095 -0.462296 -1.429245
v -0.028980 -0.523238 -1.474286
v -0.030072 -0.572632 -1.529857
v -0.031389 -0.610892 -1.596845
v -0.032973 -0.638178 -1.677403
v -0.034945 -0.654545 -1.777761
v -0.038359 -0.660000 -1.951414
v -0.041772 -0.654545 -2.125067
v -0.043745 -0.638178 -2.225425
v -0.045329 -0.610892 -2.305983
v -0.046645 -0.572632 -2.372971
v -0.047738 -0.523238 -2.428542
v -0.048623 -0.462296 -2.473583
v -0.049309 -0.388835 -2.508471
v -0.049798 -0.300491 -2.533354
v -0.050091 -0.190435 -2.548277
v -0.094017 0.000000 -2.422001
v -0.093834 0.190435 -2.417282
v -0.093284 0.300491 -2.403125
v -0.092368 0.388835 -2.379522
v -0.091084 0.462296 -2.346427
v -0.089425 0.523238 -2.303701
v -0.087379 0.572632 -2.250987
v -0.084912 0.610892 -2.187443
v -0.081946 0.638178 -2.111026
v -0.078250 0.654545 -2.015827
v -0.071856 0.660000 -1.851101
v -0.065462 0.654545 -1.686374
v -0.061766 0.638178 -1.591175
v -0.058800 0.610892 -1.514758
v -0.056333 0.572632 -1.451214
v -0.054287 0.523238 -1.398500
v -0.052628 0.462296 -1.355774
v -0.051344 0.388835 -1.322679
v -0.050427 0.300491 -1.299076
v -0.049878 0.190435 -1.284919
v -0.049695 0.000000 -1.280200
v -0.049878 -0.190435 -1.284919
v -0.050427 -0.300491 -1.299076
v -0.051344 -0.388835 -1.322679
v -0.052628 -0.462296 -1.355774
v -0.054287 -0.523238 -1.398500
v -0.056333 -0.572632 -1.451214
v -0.058800 -0.610892 -1.514758
v -0.061766 -0.638178 -1.591175
v -0.065462 -0.654545 -1.686374
v -0.071856 -0.660000 -1.851101
v -0.078250 -0.654545 -2.015827
v -0.081946 -0.638178 -2.111026
v -0.084912 -0.610892 -2.187443
v -0.087379 -0.572632 -2.250987
v -0.089425 -0.523238 -2.303701
v -0.091084 -0.462296 -2.346427
v -0.092368 -0.388835 -2.379522
v -0.093284 -0.300491 -2.403125
v -0.093834 -0.190435 -2.417282
v -0.155913 0.000000 -2.268674
v -0.155609 0.190435 -2.264254
v -0.154698 0.300491 -2.250993
v -0.153179 0.388835 -2.228884
v -0.151048 0.462296 -2.197885
v -0.148298 0.523238 -2.157863
v -0.144904 0.572632 -2.108486
v -0.140814 0.610892 -2.048965
v -0.135895 0.638178 -1.977385
v -0.129766 0.654545 -1.888213
v -0.119162 0.660000 -1.733915
v -0.108558 0.654545 -1.579617
v -0.102430 0.638178 -1.490445
v -0.097511 0.610892 -1.418865
v -0.093420 0.572632 -1.359344
v -0.090027 0.523238 -1.309967
v -0.087276 0.462296 -1.269945
v -0.085146 0.388835 -1.238946
v -0.083626 0.300491 -1.216837
v -0.082715 0.190435 -1.203576
v -0.082411 0.000000 -1.199156
v -0.082715 -0.190435 -1.203576
v -0.083626 -0.300491 -1.216837
v -0.085146 -0.388835 -1.238946
v -0.087276 -0.462296 -1.269945
v -0.090027 -0.523238 -1.309967
v -0.093420 -0.572632 -1.359344
v -0.097511 -0.610892 -1.418865
v -0.102430 -0.638178 -1.490445
v -0.108558 -0.654545 -1.579617
v -0.119162 -0.660000 -1.733915
v -0.129766 -0.654545 -1.888213
v -0.135895 -0.638178 -1.977385
v -0.140814 -0.610892 -2.048965
v -0.144904 -0.572632 -2.108486
v -0.148298 -0.523238 -2.157863
v -0.151048 -0.462296 -2.197885
v -0.153179 -0.388835 -2.228884
v -0.154698 -0.300491 -2.250993
v -0.155609 -0.190435 -2.264254
v -0.237411 0.000000 -2.097165
v -0.236949 0.190435 -2.093079
v -0.235561 0.300491 -2.080821
v -0.233247 0.388835 -2.060383
v -0.230003 0.462296 -2.031727
v -0.225815 0.523238 -1.994731
v -0.220648 0.572632 -1.949087
v -0.214419 0.610892 -1.894065
v -0.206929 0.638178 -1.827897
v -0.197597 0.654545 -1.745466
v -0.181450 0.660000 -1.602833
v -0.165303 0.654545 -1.460200
v -0.155971 0.638178 -1.377769
v -0.148481 0.610892 -1.311601
v -0.142252 0.572632 -1.256579
v -0.137085 0.523238 -1.210935
v -0.132897 0.462296 -1.173939
v -0.129653 0.388835 -1.145283
v -0.127339 0.300491 -1.124845
v -0.125951 0.190435 -1.112587
v -0.125489 0.000000 -1.108501
v -0.125951 -0.190435 -1.112587
v -0.127339 -0.300491 -1.124845
v -0.129653 -0.388835 -1.145283
v -0.132897 -0.462296 -1.173939
v -0.137085 -0.523238 -1.210935
v -0.142252 -0.572632 -1.256579
v -0.148481 -0.610892 -1.311601
v -0.155971 -0.638178 -1.377769
v -0.165303 -0.654545 -1.460200
v -0.181450 -0.660000 -1.602833
v -0.197597 -0.654545 -1.745466
v -0.206929 -0.638178 -1.827897
v -0.214419 -0.610892 -1.894065
v -0.220648 -0.572632 -1.949087
v -0.225815 -0.523238 -1.994731
v -0.230003 -0.462296 -2.031727
v -0.233247 -0.388835 -2.060383
v -0.235561 -0.300491 -2.080821
v -0.236949 -0.190435 -2.093079
v -0.339252 0.000000 -1.911764
v -0.338591 0.190435 -1.908039
v -0.336608 0.300491 -1.896865
v -0.333302 0.388835 -1.878234
v -0.328666 0.462296 -1.852111
v -0.322682 0.523238 -1.818386
v -0.315298 0.572632 -1.776777
v -0.306397 0.610892 -1.726620
v -0.295693 0.638178 -1.666301
v -0.282359 0.654545 -1.591157
v -0.259285 0.660000 -1.461134
v -0.236212 0.654545 -1.331110
v -0.222877 0.638178 -1.255966
v -0.212174 0.610892 -1.195648
v -0.203273 0.572632 -1.145490
v -0.195889 0.523238 -1.103881
v -0.189905 0.462296 -1.070156
v -0.185269 0.388835 -1.044034
v -0.181963 0.300491 -1.025403
v -0.179980 0.190435 -1.014228
v -0.179319 0.000000 -1.010504
v -0.179980 -0.190435 -1.014228
v -0.181963 -0.300491 -1.025403
v -0.185269 -0.388835 -1.044034
v -0.189905 -0.462296 -1.070156
v -0.195889 -0.523238 -1.103881
v -0.203273 -0.572632 -1.145490
v -0.212174 -0.610892 -1.195648
v -0.222877 -0.638178 -1.255966
v -0.236212 -0.654545 -1.331110
v -0.259285 -0.660000 -1.461134
v -0.282359 -0.654545 -1.591157
v -0.295693 -0.638178 -1.666301
v -0.306397 -0.610892 -1.726620
v -0.315298 -0.572632 -1.776777
v -0.322682 -0.523238 -1.818386
v -0.328666 -0.462296 -1.852111
v -0.333302 -0.388835 -1.878234
v -0.336608 -0.300491 -1.896865
v -0.338591 -0.190435 -1.908039
v -0.461359 0.000000 -1.717020
v -0.460460 0.190435 -1.713674
v -0.457763 0.300491 -1.703638
v -0.453267 0.388835 -1.686905
v -0.446963 0.462296 -1.663444
v -0.438824 0.523238 -1.633154
v -0.428783 0.572632 -1.595783
v -0.416678 0.610892 -1.550735
v -0.402122 0.638178 -1.496561
v -0.383988 0.654545 -1.429072
v -0.352610 0.660000 -1.312294
v -0.321232 0.654545 -1.195515
v -0.303098 0.638178 -1.128026
v -0.288541 0.610892 -1.073852
v -0.276437 0.572632 -1.028804
v -0.266395 0.523238 -0.991433
v -0.258257 0.462296 -0.961143
v -0.251953 0.388835 -0.937682
v -0.247457 0.300491 -0.920949
v -0.244760 0.190435 -0.910913
v -0.243861 0.000000 -0.907568
v -0.244760 -0.190435 -0.910913
v -0.247457 -0.300491 -0.920949
v -0.251953 -0.388835 -0.937682
v -0.258257 -0.462296 -0.961143
v -0.266395 -0.523238 -0.991433
v -0.276437 -0.572632 -1.028804
v -0.288541 -0.610892 -1.073852
v -0.303098 -0.638178 -1.128026
v -0.321232 -0.654545 -1.195515
v -0.352610 -0.660000 -1.312294
v -0.383988 -0.654545 -1.429072
v -0.402122 -0.638178 -1.496561
v -0.416678 -0.610892 -1.550735
v -0.428783 -0.572632 -1.595783
v -0.438824 -0.523238 -1.633154
v -0.446963 -0.462296 -1.663444
v -0.453267 -0.388835 -1.686905
v -0.457763 -0.300491 -1.703638
v -0.460460 -0.190435 -1.713674
v -0.602837 0.000000 -1.517594
v -0.601663 0.190435 -1.514637
v -0.598139 0.300491 -1.505767
v -0.592264 0.388835 -1.490977
v -0.584027 0.462296 -1.470241
v -0.573392 0.523238 -1.443469
v -0.560272 0.572632 -1.410439
v -0.544456 0.610892 -1.370623
v -0.525435 0.638178 -1.322741
v -0.501740 0.654545 -1.263091
v -0.460740 0.660000 -1.159875
v -0.419739 0.654545 -1.056660
v -0.396044 0.638178 -0.997010
v -0.377024 0.610892 -0.949128
v -0.361208 0.572632 -0.909312
v -0.348087 0.523238 -0.876282
v -0.337453 0.462296 -0.849510
v -0.329215 0.388835 -0.828773
v -0.323341 0.300491 -0.813984
v -0.319817 0.190435 -0.805114
v -0.318643 0.000000 -0.802157
v -0.319817 -0.190435 -0.805114
v -0.323341 -0.300491 -0.813984
v -0.329215 -0.388835 -0.828773
v -0.337453 -0.462296 -0.849510
v -0.348087 -0.523238 -0.876282
v -0.361208 -0.572632 -0.909312
v -0.377024 -0.610892 -0.949128
v -0.396044 -0.638178 -0.997010
v -0.419739 -0.654545 -1.056660
v -0.460740 -0.660000 -1.159875
v -0.501740 -0.654545 -1.263091
v -0.525435 -0.638178 -1.322741
v -0.544456 -0.610892 -1.370623
v -0.560272 -0.572632 -1.410439
v -0.573392 -0.523238 -1.443469
v -0.584027 -0.462296 -1.470241
v -0.592264 -0.388835 -1.490977
v -0.598139 -0.300491 -1.505767
v -0.601663 -0.190435 -1.514637
v -0.762002 0.000000 -1.318113
v -0.760517 0.190435 -1.315544
v -0.756063 0.300491 -1.307840
v -0.748637 0.388835 -1.294995
v -0.738225 0.462296 -1.276984
v -0.724783 0.523238 -1.253731
v -0.708198 0.572632 -1.225043
v -0.688206 0.610892 -1.190460
v -0.664164 0.638178 -1.148872
v -0.634213 0.654545 -1.097063
v -0.582387 0.660000 -1.007415
v -0.530562 0.654545 -0.917767
v -0.500610 0.638178 -0.865957
v -0.476568 0.610892 -0.824369
v -0.456576 0.572632 -0.789787
v -0.439992 0.523238 -0.761098
v -0.426549 0.462296 -0.737846
v -0.416137 0.388835 -0.719835
v -0.408711 0.300491 -0.706989
v -0.404257 0.190435 -0.699285
v -0.402772 0.000000 -0.696717
v -0.404257 -0.190435 -0.699285
v -0.408711 -0.300491 -0.706989
v -0.416137 -0.388835 -0.719835
v -0.426549 -0.462296 -0.737846
v -0.439992 -0.523238 -0.761098
v -0.456576 -0.572632 -0.789787
v -0.476568 -0.610892 -0.824369
v -0.500610 -0.638178 -0.865957
v -0.530562 -0.654545 -0.917767
v -0.582387 -0.660000 -1.007415
v -0.634213 -0.654545 -1.097063
v -0.664164 -0.638178 -1.148872
v -0.688206 -0.610892 -1.190460
v -0.708198 -0.572632 -1.225043
v -0.724783 -0.523238 -1.253731
v -0.738225 -0.462296 -1.276984
v -0.748637 -0.388835 -1.294995
v -0.756063 -0.300491 -1.307840
v -0.760517 -0.190435 -1.315544
v -0.936426 0.000000 -1.123018
v -0.934602 0.190435 -1.120830
v -0.929129 0.300491 -1.114265
v -0.920003 0.388835 -1.103321
v -0.907207 0.462296 -1.087976
v -0.890688 0.523238 -1.068165
v -0.870307 0.572632 -1.043723
v -0.845739 0.610892 -1.014259
v -0.816193 0.638178 -0.978827
v -0.779386 0.654545 -0.934686
v -0.715697 0.660000 -0.858306
v -0.652009 0.654545 -0.781927
v -0.615202 0.638178 -0.737786
v -0.585656 0.610892 -0.702353
v -0.561088 0.572632 -0.672890
v -0.540707 0.523238 -0.648447
v -0.524187 0.462296 -0.628636
v -0.511392 0.388835 -0.613291
v -0.502266 0.300491 -0.602347
v -0.496793 0.190435 -0.595783
v -0.494968 0.000000 -0.593595
v -0.496793 -0.190435 -0.595783
v -0.502266 -0.300491 -0.602347
v -0.511392 -0.388835 -0.613291
v -0.524187 -0.462296 -0.628636
v -0.540707 -0.523238 -0.648447
v -0.561088 -0.572632 -0.672890
v -0.585656 -0.610892 -0.702353
v -0.615202 -0.638178 -0.737786
v -0.652009 -0.654545 -0.781927
v -0.715697 -0.660000 -0.858306
v -0.779386 -0.654545 -0.934686
v -0.816193 -0.638178 -0.978827
v -0.845739 -0.610892 -1.014259
v -0.870307 -0.572632 -1.043723
v -0.890688 -0.523238 -1.068165
v -0.907207 -0.462296 -1.087976
v -0.920003 -0.388835 -1.103321
v -0.929129 -0.300491 -1.114265
v -0.934602 -0.190435 -1.120830
v -1.123018 0.000000 -0.936426
v -1.120830 0.190435 -0.934602
v -1.114265 0.300491 -0.929129
v -1.103321 0.388835 -0.920003
v -1.087976 0.462296 -0.907207
v -1.068165 0.523238 -0.890688
v -1.043723 0.572632 -0.870307
v -1.014259 0.610892 -0.845739
v -0.978827 0.638178 -0.816193
v -0.934686 0.654545 -0.779386
v -0.858306 0.660000 -0.715697
v -0.781927 0.654545 -0.652009
v -0.737786 0.638178 -0.615202
v -0.702353 0.610892 -0.585656
v -0.672890 0.572632 -0.561088
v -0.648447 0.523238 -0.540707
v -0.628636 0.462296 -0.524187
v -0.613291 0.388835 -0.511392
v -0.602347 0.300491 -0.502266
v -0.595783 0.190435 -0.496793
v -0.593595 0.000000 -0.494968
v -0.595783 -0.190435 -0.496793
v -0.602347 -0.300491 -0.502266
v -0.613291 -0.388835 -0.511392
v -0.628636 -0.462296 -0.524187
v -0.648447 -0.523238 -0.540707
v -0.672890 -0.572632 -0.561088
v -0.702353 -0.610892 -0.585656
v -0.737786 -0.638178 -0.615202
v -0.781927 -0.654545 -0.652009
v -0.858306 -0.660000 -0.715697
v -0.934686 -0.654545 -0.779386
v -0.978827 -0.638178 -0.816193
v -1.014259 -0.610892 -0.845739
v -1.043723 -0.572632 -0.870307
v -1.068165 -0.523238 -0.890688
v -1.087976 -0.462296 -0.907207
v -1.103321 -0.388835 -0.920003
v -1.114265 -0.300491 -0.929129
v -1.120830 -0.190435 -0.934602
v -1.318113 0.000000 -0.762002
v -1.315544 0.190435 -0.760517
v -1.307840 0.300491 -0.756063
v -1.294995 0.388835 -0.748637
v -1.276984 0.462296 -0.738225
v -1.253731 0.523238 -0.724783
v -1.225043 0.572632 -0.708198
v -1.190460 0.610892 -0.688206
v -1.148872 0.638178 -0.664164
v -1.097063 0.654545 -0.634213
v -1.007415 0.660000 -0.582387
v -0.917767 0.654545 -0.530562
v -0.865957 0.638178 -0.500610
v -0.824369 0.610892 -0.476568
v -0.789787 0.572632 -0.456576
v -0.761098 0.523238 -0.439992
v -0.737846 0.462296 -0.426549
v -0.719835 0.388835 -0.416137
v -0.706989 0.300491 -0.408711
v -0.699285 0.190435 -0.404257
v -0.696717 0.000000 -0.402772
v -0.699285 -0.190435 -0.404257
v -0.706989 -0.300491 -0.408711
v -0.719835 -0.388835 -0.416137
v -0.737846 -0.462296 -0.426549
v -0.761098 -0.523238 -0.439992
v -0.789787 -0.572632 -0.456576
v -0.824369 -0.610892 -0.476568
v -0.865957 -0.638178 -0.500610
v -0.917767 -0.654545 -0.530562
v -1.007415 -0.660000 -0.582387
v -1.097063 -0.654545 -0.634213
v -1.148872 -0.638178 -0.664164
v -1.190460 -0.610892 -0.688206
v -1.225043 -0.572632 -0.708198
v -1.253731 -0.523238 -0.724783
v -1.276984 -0.462296 -0.738225
v -1.294995 -0.388835 -0.748637
v -1.307840 -0.300491 -0.756063
v -1.315544 -0.190435 -0.760517
v -1.517594 0.000000 -0.602837
v -1.514637 0.190435 -0.601663
v -1.505767 0.300491 -0.598139
v -1.490977 0.388835 -0.592264
v -1.470241 0.462296 -0.584027
v -1.443469 0.523238 -0.573392
v -1.410439 0.572632 -0.560272
v -1.370623 0.610892 -0.544456
v -1.322741 0.638178 -0.525435
v -1.263091 0.654545 -0.501740
v -1.159875 0.660000 -0.460740
v -1.056660 0.654545 -0.419739
v -0.997010 0.638178 -0.396044
v -0.949128 0.610892 -0.377024
v -0.909312 0.572632 -0.361208
v -0.876282 0.523238 -0.348087
v -0.849510 0.462296 -0.337453
v -0.828773 0.388835 -0.329215
v -0.813984 0.300491 -0.323341
v -0.805114 0.190435 -0.319817
v -0.802157 0.000000 -0.318643
v -0.805114 -0.190435 -0.319817
v -0.813984 -0.300491 -0.323341
v -0.828773 -0.388835 -0.329215
v -0.849510 -0.462296 -0.337453
v -0.876282 -0.523238 -0.348087
v -0.909312 -0.572632 -0.361208
v -0.949128 -0.610892 -0.377024
v -0.997010 -0.638178 -0.396044
v -1.056660 -0.654545 -0.419739
v -1.159875 -0.660000 -0.460740
v -1.263091 -0.654545 -0.501740
v -1.322741 -0.638178 -0.525435
v -1.370623 -0.610892 -0.544456
v -1.410439 -0.572632 -0.560272
v -1.443469 -0.523238 -0.573392
v -1.470241 -0.462296 -0.584027
v -1.490977 -0.388835 -0.592264
v -1.505767 -0.300491 -0.598139
v -1.514637 -0.190435 -0.601663
v -1.717020 0.000000 -0.461359
v -1.713674 0.190435 -0.460460
v -1.703638 0.300491 -0.457763
v -1.686905 0.388835 -0.453267
v -1.663444 0.462296 -0.446963
v -1.633154 0.523238 -0.438824
v -1.595783 0.572632 -0.428783
v -1.550735 0.610892 -0.416678
v -1.496561 0.638178 -0.402122
v -1.429072 0.654545 -0.383988
v -1.312294 0.660000 -0.352610
v -1.195515 0.654545 -0.321232
v -1.128026 0.638178 -0.303098
v -1.073852 0.610892 -0.288541
v -1.028804 0.572632 -0.276437
v -0.991433 0.523238 -0.266395
v -0.961143 0.462296 -0.258257
v -0.937682 0.388835 -0.251953
v -0.920949 0.300491 -0.247457
v -0.910913 0.190435 -0.244760
v -0.907568 0.000000 -0.243861
v -0.910913 -0.190435 -0.244760
v -0.920949 -0.300491 -0.247457
v -0.937682 -0.388835 -0.251953
v -0.961143 -0.462296 -0.258257
v -0.991433 -0.523238 -0.266395
v -1.028804 -0.572632 -0.276437
v -1.073852 -0.610892 -0.288541
v -1.128026 -0.638178 -0.303098
v -1.195515 -0.654545 -0.321232
v -1.312294 -0.660000 -0.352610
v -1.429072 -0.654545 -0.383988
v -1.496561 -0.638178 -0.402122
v -1.550735 -0.610892 -0.416678
v -1.595783 -0.572632 -0.428783
v -1.633154 -0.523238 -0.438824
v -1.663444 -0.462296 -0.446963
v -1.686905 -0.388835 -0.453267
v -1.703638 -0.300491 -0.457763
v -1.713674 -0.190435 -0.460460
v -1.911764 0.000000 -0.339252
v -1.908039 0.190435 -0.338591
v -1.896865 0.300491 -0.336608
v -1.878234 0.388835 -0.333302
v -1.852111 0.462296 -0.328666
v -1.818386 0.523238 -0.322682
v -1.776777 0.572632 -0.315298
v -1.726620 0.610892 -0.306397
v -1.666301 0.638178 -0.295693
v -1.591157 0.654545 -0.282359
v -1.461134 0.660000 -0.259285
v -1.331110 0.654545 -0.236212
v -1.255966 0.638178 -0.222877
v -1.195648 0.610892 -0.212174
v -1.145490 0.572632 -0.203273
v -1.103881 0.523238 -0.195889
v -1.070156 0.462296 -0.189905
v -1.044034 0.388835 -0.185269
v -1.025403 0.300491 -0.181963
v -1.014228 0.190435 -0.179980
v -1.010504 0.000000 -0.179319
v -1.014228 -0.190435 -0.179980
v -1.025403 -0.300491 -0.181963
v -1.044034 -0.388835 -0.185269
v -1.070156 -0.462296 -0.189905
v -1.103881 -0.523238 -0.195889
v -1.145490 -0.572632 -0.203273
v -1.195648 -0.610892 -0.212174
v -1.255966 -0.638178 -0.222877
v -1.331110 -0.654545 -0.236212
v -1.461134 -0.660000 -0.259285
v -1.591157 -0.654545 -0.282359
v -1.666301 -0.638178 -0.295693
v -1.726620 -0.610892 -0.306397
v -1.776777 -0.572632 -0.315298
v -1.818386 -0.523238 -0.322682
v -1.852111 -0.462296 -0.328666
v -1.878234 -0.388835 -0.333302
v -1.896865 -0.300491 -0.336608
v -1.908039 -0.190435 -0.338591
v -2.097165 0.000000 -0.237411
v -2.093079 0.190435 -0.236949
v -2.080821 0.300491 -0.235561
v -2.060383 0.388835 -0.233247
v -2.031727 0.462296 -0.230003
v -1.994731 0.523238 -0.225815
v -1.949087 0.572632 -0.220648
v -1.894065 0.610892 -0.214419
v -1.827897 0.638178 -0.206929
v -1.745466 0.654545 -0.197597
v -1.602833 0.660000 -0.181450
v -1.460200 0.654545 -0.165303
v -1.377769 0.638178 -0.155971
v -1.311601 0.610892 -0.148481
v -1.256579 0.572632 -0.142252
v -1.210935 0.523238 -0.137085
v -1.173939 0.462296 -0.132897
v -1.145283 0.388835 -0.129653
v -1.124845 0.300491 -0.127339
v -1.112587 0.190435 -0.125951
v -1.108501 0.000000 -0.125489
v -1.112587 -0.190435 -0.125951
v -1.124845 -0.300491 -0.127339
v -1.145283 -0.388835 -0.129653
v -1.173939 -0.462296 -0.132897
v -1.210935 -0.523238 -0.137085
v -1.256579 -0.572632 -0.142252
v -1.311601 -0.610892 -0.148481
v -1.377769 -0.638178 -0.155971
v -1.460200 -0.654545 -0.165303
v -1.602833 -0.660000 -0.181450
v -1.745466 -0.654545 -0.197597
v -1.827897 -0.638178 -0.206929
v -1.894065 -0.610892 -0.214419
v -1.949087 -0.572632 -0.220648
v -1.994731 -0.523238 -0.225815
v -2.031727 -0.462296 -0.230003
v -2.060383 -0.388835 -0.233247
v -2.080821 -0.300491 -0.235561
v -2.093079 -0.190435 -0.236949
v -2.268674 0.000000 -0.155913
v -2.264254 0.190435 -0.155609
v -2.250993 0.300491 -0.154698
v -2.228884 0.388835 -0.153179
v -2.197885 0.462296 -0.151048
v -2.157863 0.523238 -0.148298
v -2.108486 0.572632 -0.144904
v -2.048965 0.610892 -0.140814
v -1.977385 0.638178 -0.135895
v -1.888213 0.654545 -0.129766
v -1.733915 0.660000 -0.119162
v -1.579617 0.654545 -0.108558
v -1.490445 0.638178 -0.102430
v -1.418865 0.610892 -0.097511
v -1.359344 0.572632 -0.093420
v -1.309967 0.523238 -0.090027
v -1.269945 0.462296 -0.087276
v -1.238946 0.388835 -0.085146
v -1.216837 0.300491 -0.083626
v -1.203576 0.190435 -0.082715
v -1.199156 0.000000 -0.082411
v -1.203576 -0.190435 -0.082715
v -1.216837 -0.300491 -0.083626
v -1.238946 -0.388835 -0.085146
v -1.269945 -0.462296 -0.087276
v -1.309967 -0.523238 -0.090027
v -1.359344 -0.572632 -0.093420
v -1.418865 -0.610892 -0.097511
v -1.490445 -0.638178 -0.102430
v -1.579617 -0.654545 -0.108558
v -1.733915 -0.660000 -0.119162
v -1.888213 -0.654545 -0.129766
v -1.977385 -0.638178 -0.135895
v -2.048965 -0.610892 -0.140814
v -2.108486 -0.572632 -0.144904
v -2.157863 -0.523238 -0.148298
v -2.197885 -0.462296 -0.151048
v -2.228884 -0.388835 -0.153179
v -2.250993 -0.300491 -0.154698
v -2.264254 -0.190435 -0.155609
v -2.422001 0.000000 -0.094017
v -2.417282 0.190435 -0.093834
v -2.403125 0.300491 -0.093284
v -2.379522 0.388835 -0.092368
v -2.346427 0.462296 -0.091084
v -2.303701 0.523238 -0.089425
v -2.250987 0.572632 -0.087379
v -2.187443 0.610892 -0.084912
v -2.111026 0.638178 -0.081946
v -2.015827 0.654545 -0.078250
v -1.851101 0.660000 -0.071856
v -1.686374 0.654545 -0.065462
v -1.591175 0.638178 -0.061766
v -1.514758 0.610892 -0.058800
v -1.451214 0.572632 -0.056333
v -1.398500 0.523238 -0.054287
v -1.355774 0.462296 -0.052628
v -1.322679 0.388835 -0.051344
v -1.299076 0.300491 -0.050427
v -1.284919 0.190435 -0.049878
v -1.280200 0.000000 -0.049695
v -1.284919 -0.190435 -0.049878
v -1.299076 -0.300491 -0.050427
v -1.322679 -0.388835 -0.051344
v -1.355774 -0.462296 -0.052628
v -1.398500 -0.523238 -0.054287
v -1.451214 -0.572632 -0.056333
v -1.514758 -0.610892 -0.058800
v -1.591175 -0.638178 -0.061766
v -1.686374 -0.654545 -0.065462
v -1.851101 -0.660000 -0.071856
v -2.015827 -0.654545 -0.078250
v -2.111026 -0.638178 -0.081946
v -2.187443 -0.610892 -0.084912
v -2.250987 -0.572632 -0.087379
v -2.303701 -0.523238 -0.089425
v -2.346427 -0.462296 -0.091084
v -2.379522 -0.388835 -0.092368
v -2.403125 -0.300491 -0.093284
v -2.417282 -0.190435 -0.093834
v -2.553252 0.000000 -0.050189
v -2.548277 0.190435 -0.050091
v -2.533354 0.300491 -0.049798
v -2.508471 0.388835 -0.049309
v -2.473583 0.462296 -0.048623
v -2.428542 0.523238 -0.047738
v -2.372971 0.572632 -0.046645
v -2.305983 0.610892 -0.045329
v -2.225425 0.638178 -0.043745
v -2.125067 0.654545 -0.041772
v -1.951414 0.660000 -0.038359
v -1.777761 0.654545 -0.034945
v -1.677403 0.638178 -0.032973
v -1.596845 0.610892 -0.031389
v -1.529857 0.572632 -0.030072
v -1.474286 0.523238 -0.028980
v -1.429245 0.462296 -0.028095
v -1.394357 0.388835 -0.027409
v -1.369475 0.300491 -0.026920
v -1.354551 0.190435 -0.026626
v -1.349576 0.000000 -0.026529
v -1.354551 -0.190435 -0.026626
v -1.369475 -0.300491 -0.026920
v -1.394357 -0.388835 -0.027409
v -1.429245 -0.462296 -0.028095
v -1.474286 -0.523238 -0.028980
v -1.529857 -0.572632 -0.030072
v -1.596845 -0.610892 -0.031389
v -1.677403 -0.638178 -0.032973
v -1.777761 -0.654545 -0.034945
v -1.951414 -0.660000 -0.038359
v -2.125067 -0.654545 -0.041772
v -2.225425 -0.638178 -0.043745
v -2.305983 -0.610892 -0.045329
v -2.372971 -0.572632 -0.046645
v -2.428542 -0.523238 -0.047738
v -2.473583 -0.462296 -0.048623
v -2.508471 -0.388835 -0.049309
v -2.533354 -0.300491 -0.049798
v -2.548277 -0.190435 -0.050091
v -2.659055 0.000000 -0.022148
v -2.653874 0.190435 -0.022105
v -2.638332 0.300491 -0.021976
v -2.612418 0.388835 -0.021760
v -2.576085 0.462296 -0.021457
v -2.529177 0.523238 -0.021066
v -2.471303 0.572632 -0.020584
v -2.401540 0.610892 -0.020003
v -2.317643 0.638178 -0.019304
v -2.213127 0.654545 -0.018434
v -2.032278 0.660000 -0.016927
v -1.851429 0.654545 -0.015421
v -1.746912 0.638178 -0.014551
v -1.663016 0.610892 -0.013852
v -1.593252 0.572632 -0.013271
v -1.535379 0.523238 -0.012789
v -1.488471 0.462296 -0.012398
v -1.452137 0.388835 -0.012095
v -1.426223 0.300491 -0.011879
v -1.410681 0.190435 -0.011750
v -1.405500 0.000000 -0.011707
v -1.410681 -0.190435 -0.011750
v -1.426223 -0.300491 -0.011879
v -1.452137 -0.388835 -0.012095
v -1.488471 -0.462296 -0.012398
v -1.535379 -0.523238 -0.012789
v -1.593252 -0.572632 -0.013271
v -1.663016 -0.610892 -0.013852
v -1.746912 -0.638178 -0.014551
v -1.851429 -0.654545 -0.015421
v -2.032278 -0.660000 -0.016927
v -2.213127 -0.654545 -0.018434
v -2.317643 -0.638178 -0.019304
v -2.401540 -0.610892 -0.020003
v -2.471303 -0.572632 -0.020584
v -2.529177 -0.523238 -0.021066
v -2.576085 -0.462296 -0.021457
v -2.612418 -0.388835 -0.021760
v -2.638332 -0.300491 -0.021976
v -2.653874 -0.190435 -0.022105
v -2.736666 0.000000 -0.006927
v -2.731334 0.190435 -0.006914
v -2.715338 0.300491 -0.006873
v -2.688669 0.388835 -0.006806
v -2.651274 0.462296 -0.006711
v -2.602997 0.523238 -0.006589
v -2.543435 0.572632 -0.006438
v -2.471635 0.610892 -0.006257
v -2.385290 0.638178 -0.006038
v -2.277723 0.654545 -0.005766
v -2.091595 0.660000 -0.005295
v -1.905468 0.654545 -0.004823
v -1.797900 0.638178 -0.004551
v -1.711555 0.610892 -0.004333
v -1.639755 0.572632 -0.004151
v -1.580193 0.523238 -0.004000
v -1.531916 0.462296 -0.003878
v -1.494521 0.388835 -0.003783
v -1.467852 0.300491 -0.003716
v -1.451856 0.190435 -0.003675
v -1.446524 0.000000 -0.003662
v -1.451856 -0.190435 -0.003675
v -1.467852 -0.300491 -0.003716
v -1.494521 -0.388835 -0.003783
v -1.531916 -0.462296 -0.003878
v -1.580193 -0.523238 -0.004000
v -1.639755 -0.572632 -0.004151
v -1.711555 -0.610892 -0.004333
v -1.797900 -0.638178 -0.004551
v -1.905468 -0.654545 -0.004823
v -2.091595 -0.660000 -0.005295
v -2.277723 -0.654545 -0.005766
v -2.385290 -0.638178 -0.006038
v -2.471635 -0.610892 -0.006257
v -2.543435 -0.572632 -0.006438
v -2.602997 -0.523238 -0.006589
v -2.651274 -0.462296 -0.006711
v -2.688669 -0.388835 -0.006806
v -2.715338 -0.300491 -0.006873
v -2.731334 -0.190435 -0.006914
v -2.784062 0.000000 -0.000940
v -2.778638 0.190435 -0.000938
v -2.762365 0.300491 -0.000933
v -2.735233 0.388835 -0.000923
v -2.697191 0.462296 -0.000911
v -2.648078 0.523238 -0.000894
v -2.587484 0.572632 -0.000874
v -2.514440 0.610892 -0.000849
v -2.426600 0.638178 -0.000819
v -2.317170 0.654545 -0.000782
v -2.127819 0.660000 -0.000718
v -1.938468 0.654545 -0.000654
v -1.829038 0.638178 -0.000617
v -1.741197 0.610892 -0.000588
v -1.668154 0.572632 -0.000563
v -1.607560 0.523238 -0.000543
v -1.558446 0.462296 -0.000526
v -1.520404 0.388835 -0.000513
v -1.493273 0.300491 -0.000504
v -1.477000 0.190435 -0.000499
v -1.471575 0.000000 -0.000497
v -1.477000 -0.190435 -0.000499
v -1.493273 -0.300491 -0.000504
v -1.520404 -0.388835 -0.000513
v -1.558446 -0.462296 -0.000526
v -1.607560 -0.523238 -0.000543
v -1.668154 -0.572632 -0.000563
v -1.741197 -0.610892 -0.000588
v -1.829038 -0.638178 -0.000617
v -1.938468 -0.654545 -0.000654
v -2.127819 -0.660000 -0.000718
v -2.317170 -0.654545 -0.000782
v -2.426600 -0.638178 -0.000819
v -2.514440 -0.610892 -0.000849
v -2.587484 -0.572632 -0.000874
v -2.648078 -0.523238 -0.000894
v -2.697191 -0.462296 -0.000911
v -2.735233 -0.388835 -0.000923
v -2.762365 -0.300491 -0.000933
v -2.778638 -0.190435 -0.000938
v -2.800000 0.000000 0.000000
v -2.794544 0.190435 0.000000
v -2.778178 0.300491 0.000000
v -2.750891 0.388835 0.000000
v -2.712632 0.462296 0.000000
v -2.663237 0.523238 0.000000
v -2.602296 0.572632 0.000000
v -2.528835 0.610892 0.000000
v -2.440491 0.638178 0.000000
v -2.330435 0.654545 0.000000
v -2.140000 0.660000 0.000000
v -1.949565 0.654545 0.000000
v -1.839508 0.638178 0.000000
v -1.751165 0.610892 0.000000
v -1.677703 0.572632 0.000000
v -1.616762 0.523238 0.000000
v -1.567368 0.462296 0.000000
v -1.529108 0.388835 0.000000
v -1.501821 0.300491 0.000000
v -1.485455 0.190435 0.000000
v -1.480000 0.000000 0.000000
v -1.485455 -0.190435 0.000000
v -1.501821 -0.300491 0.000000
v -1.529108 -0.388835 0.000000
v -1.567368 -0.462296 0.000000
v -1.616762 -0.523238 0.000000
v -1.677703 -0.572632 0.000000
v -1.751165 -0.610892 0.000000
v -1.839508 -0.638178 0.000000
v -1.949565 -0.654545 0.000000
v -2.140000 -0.660000 0.000000
v -2.330435 -0.654545 0.000000
v -2.440491 -0.638178 0.000000
v -2.528835 -0.610892 0.000000
v -2.602296 -0.572632 0.000000
v -2.663237 -0.523238 0.000000
v -2.712632 -0.462296 0.000000
v -2.750891 -0.388835 0.000000
v -2.778178 -0.300491 0.000000
v -2.794544 -0.190435 0.000000
v -2.784062 0.000000 0.000940
v -2.778638 0.190435 0.000938
v -2.762365 0.300491 0.000933
v -2.735233 0.388835 0.000923
v -2.697191 0.462296 0.000911
v -2.648078 0.523238 0.000894
v -2.587484 0.572632 0.000874
v -2.514440 0.610892 0.000849
v -2.426600 0.638178 0.000819
v -2.317170 0.654545 0.000782
v -2.127819 0.660000 0.000718
v -1.938468 0.654545 0.000654
v -1.829038 0.638178 0.000617
v -1.741197 0.610892 0.000588
v -1.668154 0.572632 0.000563
v -1.607560 0.523238 0.000543
v -1.558446 0.462296 0.000526
v -1.520404 0.388835 0.000513
v -1.493273 0.300491 0.000504
v -1.477000 0.190435 0.000499
v -1.471575 0.000000 0.000497
v -1.477000 -0.190435 0.000499
v -1.493273 -0.300491 0.000504
v -1.520404 -0.388835 0.000513
v -1.558446 -0.462296 0.000526
v -1.607560 -0.523238 0.000543
v -1.668154 -0.572632 0.000563
v -1.741197 -0.610892 0.000588
v -1.829038 -0.638178 0.000617
v -1.938468 -0.654545 0.000654
v -2.127819 -0.660000 0.000718
v -2.317170 -0.654545 0.000782
v -2.426600 -0.638178 0.000819
v -2.514440 -0.610892 0.000849
v -2.587484 -0.572632 0.000874
v -2.648078 -0.523238 0.000894
v -2.697191 -0.462296 0.000911
v -2.735233 -0.388835 0.000923
v -2.762365 -0.300491 0.000933
v -2.778638 -0.190435 0.000938
v -2.736666 0.000000 0.006927
v -2.731334 0.190435 0.006914
v -2.715338 0.300491 0.006873
v -2.688669 0.388835 0.006806
v -2.651274 0.462296 0.006711
v -2.602997 0.523238 0.006589
v -2.543435 0.572632 0.006438
v -2.471635 0.610892 0.006257
v -2.385290 0.638178 0.006038
v -2.277723 0.654545 0.005766
v -2.091595 0.660000 0.005295
v -1.905468 0.654545 0.004823
v -1.797900 0.638178 0.004551
v -1.711555 0.610892 0.004333
v -1.639755 0.572632 0.004151
v -1.580193 0.523238 0.004000
v -1.531916 0.462296 0.003878
v -1.494521 0.388835 0.003783
v -1.467852 0.300491 0.003716
v -1.451856 0.190435 0.003675
v -1.446524 0.000000 0.003662
v -1.451856 -0.190435 0.003675
v -1.467852 -0.300491 0.003716
v -1.494521 -0.388835 0.003783
v -1.531916 -0.462296 0.003878
v -1.580193 -0.523238 0.004000
v -1.639755 -0.572632 0.004151
v -1.711555 -0.610892 0.004333
v -1.797900 -0.638178 0.004551
v -1.905468 -0.654545 0.004823
v -2.091595 -0.660000 0.005295
v -2.277723 -0.654545 0.005766
v -2.385290 -0.638178 0.006038
v -2.471635 -0.610892 0.006257
v -2.543435 -0.572632 0.006438
v -2.602997 -0.523238 0.006589
v -2.651274 -0.462296 0.006711
v -2.688669 -0.388835 0.006806
v -2.715338 -0.300491 0.006873
v -2.731334 -0.190435 0.006914
v -2.659055 0.000000 0.022148
v -2.653874 0.190435 0.022105
v -2.638332 0.300491 0.021976
v -2.612418 0.388835 0.021760
v -2.576085 0.462296 0.021457
v -2.529177 0.523238 0.021066
v -2.471303 0.572632 0.020584
v -2.401540 0.610892 0.020003
v -2.317643 0.638178 0.019304
v -2.213127 0.654545 0.018434
v -2.032278 0.660000 0.016927
v -1.851429 0.654545 0.015421
v -1.746912 0.638178 0.014551
v -1.663016 0.610892 0.013852
v -1.593252 0.572632 0.013271
v -1.535379 0.523238 0.012789
v -1.488471 0.462296 0.012398
v -1.452137 0.388835 0.012095
v -1.426223 0.300491 0.011879
v -1.410681 0.190435 0.011750
v -1.405500 0.000000 0.011707
v -1.410681 -0.190435 0.011750
v -1.426223 -0.300491 0.011879
v -1.452137 -0.388835 0.012095
v -1.488471 -0.462296 0.012398
v -1.535379 -0.523238 0.012789
v -1.593252 -0.572632 0.013271
v -1.663016 -0.610892 0.013852
v -1.746912 -0.638178 0.014551
v -1.851429 -0.654545 0.015421
v -2.032278 -0.660000 0.016927
v -2.213127 -0.654545 0.018434
v -2.317643 -0.638178 0.019304
v -2.401540 -0.610892 0.020003
v -2.471303 -0.572632 0.020584
v -2.529177 -0.523238 0.021066
v -2.576085 -0.462296 0.021457
v -2.612418 -0.388835 0.021760
v -2.638332 -0.300491 0.021976
v -2.653874 -0.190435 0.022105
v -2.553252 0.000000 0.050189
v -2.548277 0.190435 0.050091
v -2.533354 0.300491 0.049798
v -2.508471 0.388835 0.049309
v -2.473583 0.462296 0.048623
v -2.428542 0.523238 0.047738
v -2.372971 0.572632 0.046645
v -2.305983 0.610892 0.045329
v -2.225425 0.638178 0.043745
v -2.125067 0.654545 0.041772
v -1.951414 0.660000 0.038359
v -1.777761 0.654545 0.034945
v -1.677403 0.638178 0.032973
v -1.596845 0.610892 0.031389
v -1.529857 0.572632 0.030072
v -1.474286 0.523238 0.028980
v -1.429245 0.462296 0.028095
v -1.394357 0.388835 0.027409
v -1.369475 0.300491 0.026920
v -1.354551 0.190435 0.026626
v -1.349576 0.000000 0.026529
v -1.354551 -0.190435 0.026626
v -1.369475 -0.300491 0.026920
v -1.394357 -0.388835 0.027409
v -1.429245 -0.462296 0.028095
v -1.474286 -0.523238 0.028980
v -1.529857 -0.572632 0.030072
v -1.596845 -0.610892 0.031389
v -1.677403 -0.638178 0.032973
v -1.777761 -0.654545 0.034945
v -1.951414 -0.660000 0.038359
v -2.125067 -0.654545 0.041772
v -2.225425 -0.638178 0.043745
v -2.305983 -0.610892 0.045329
v -2.372971 -0.572632 0.046645
v -2.428542 -0.523238 0.047738
v -2.473583 -0.462296 0.048623
v -2.508471 -0.388835 0.049309
v -2.533354 -0.300491 0.049798
v -2.548277 -0.190435 0.050091
v -2.422001 0.000000 0.094017
v -2.417282 0.190435 0.093834
v -2.403125 0.300491 0.093284
v -2.379522 0.388835 0.092368
v -2.346427 0.462296 0.091084
v -2.303701 0.523238 0.089425
v -2.250987 0.572632 0.087379
v -2.187443 0.610892 0.084912
v -2.111026 0.638178 0.081946
v -2.015827 0.654545 0.078250
v -1.851101 0.660000 0.071856
v -1.686374 0.654545 0.065462
v -1.591175 0.638178 0.061766
v -1.514758 0.610892 0.058800
v -1.451214 0.572632 0.056333
v -1.398500 0.523238 0.054287
v -1.355774 0.462296 0.052628
v -1.322679 0.388835 0.051344
v -1.299076 0.300491 0.050427
v -1.284919 0.190435 0.049878
v -1.280200 0.000000 0.049695
v -1.284919 -0.190435 0.049878
v -1.299076 -0.300491 0.050427
v -1.322679 -0.388835 0.051344
v -1.355774 -0.462296 0.052628
v -1.398500 -0.523238 0.054287
v -1.451214 -0.572632 0.056333
v -1.514758 -0.610892 0.058800
v -1.591175 -0.638178 0.061766
v -1.686374 -0.654545 0.065462
v -1.851101 -0.660000 0.071856
v -2.015827 -0.654545 0.078250
v -2.111026 -0.638178 0.081946
v -2.187443 -0.610892 0.084912
v -2.250987 -0.572632 0.087379
v -2.303701 -0.523238 0.089425
v -2.346427 -0.462296 0.091084
v -2.379522 -0.388835 0.092368
v -2.403125 -0.300491 0.093284
v -2.417282 -0.190435 0.093834
v -2.268674 0.000000 0.155913
v -2.264254 0.190435 0.155609
v -2.250993 0.300491 0.154698
v -2.228884 0.388835 0.153179
v -2.197885 0.462296 0.151048
v -2.157863 0.523238 0.148298
v -2.108486 0.572632 0.144904
v -2.048965 0.610892 0.140814
v -1.977385 0.638178 0.135895
v -1.888213 0.654545 0.129766
v -1.733915 0.660000 0.119162
v -1.579617 0.654545 0.108558
v -1.490445 0.638178 0.102430
v -1.418865 0.610892 0.097511
v -1.359344 0.572632 0.093420
v -1.309967 0.523238 0.090027
v -1.269945 0.462296 0.087276
v -1.238946 0.388835 0.085146
v -1.216837 0.300491 0.083626
v -1.203576 0.190435 0.082715
v -1.199156 0.000000 0.082411
v -1.203576 -0.190435 0.082715
v -1.216837 -0.300491 0.083626
v -1.238946 -0.388835 0.085146
v -1.269945 -0.462296 0.087276
v -1.309967 -0.523238 0.090027
v -1.359344 -0.572632 0.093420
v -1.418865 -0.610892 0.097511
v -1.490445 -0.638178 0.102430
v -1.579617 -0.654545 0.108558
v -1.733915 -0.660000 0.119162
v -1.888213 -0.654545 0.129766
v -1.977385 -0.638178 0.135895
v -2.048965 -0.610892 0.140814
v -2.108486 -0.572632 0.144904
v -2.157863 -0.523238 0.148298
v -2.197885 -0.462296 0.151048
v -2.228884 -0.388835 0.153179
v -2.250993 -0.300491 0.154698
v -2.264254 -0.190435 0.155609
v -2.097165 0.000000 0.237411
v -2.093079 0.190435 0.236949
v -2.080821 0.300491 0.235561
v -2.060383 0.388835 0.233247
v -2.031727 0.462296 0.230003
v -1.994731 0.523238 0.225815
v -1.949087 0.572632 0.220648
v -1.894065 0.610892 0.214419
v -1.827897 0.638178 0.206929
v -1.745466 0.654545 0.197597
v -1.602833 0.660000 0.181450
v -1.460200 0.654545 0.165303
v -1.377769 0.638178 0.155971
v -1.311601 0.610892 0.148481
v -1.256579 0.572632 0.142252
v -1.210935 0.523238 0.137085
v -1.173939 0.462296 0.132897
v -1.145283 0.388835 0.129653
v -1.124845 0.300491 0.127339
v -1.112587 0.190435 0.125951
v -1.108501 0.000000 0.125489
v -1.112587 -0.190435 0.125951
v -1.124845 -0.300491 0.127339
v -1.145283 -0.388835 0.129653
v -1.173939 -0.462296 0.132897
v -1.210935 -0.523238 0.137085
v -1.256579 -0.572632 0.142252
v -1.311601 -0.610892 0.148481
v -1.377769 -0.638178 0.155971
v -1.460200 -0.654545 0.165303
v -1.602833 -0.660000 0.181450
v -1.745466 -0.654545 0.197597
v -1.827897 -0.638178 0.206929
v -1.894065 -0.610892 0.214419
v -1.949087 -0.572632 0.220648
v -1.994731 -0.523238 0.225815
v -2.031727 -0.462296 0.230003
v -2.060383 -0.388835 0.233247
v -2.080821 -0.300491 0.235561
v -2.093079 -0.190435 0.236949
v -1.911764 0.000000 0.339252
v -1.908039 0.190435 0.338591
v -1.896865 0.300491 0.336608
v -1.878234 0.388835 0.333302
v -1.852111 0.462296 0.328666
v -1.818386 0.523238 0.322682
v -1.776777 0.572632 0.315298
v -1.726620 0.610892 0.306397
v -1.666301 0.638178 0.295693
v -1.591157 0.654545 0.282359
v -1.461134 0.660000 0.259285
v -1.331110 0.654545 0.236212
v -1.255966 0.638178 0.222877
v -1.195648 0.610892 0.212174
v -1.145490 0.572632 0.203273
v -1.103881 0.523238 0.195889
v -1.070156 0.462296 0.189905
v -1.044034 0.388835 0.185269
v -1.025403 0.300491 0.181963
v -1.014228 0.190435 0.179980
v -1.010504 0.000000 0.179319
v -1.014228 -0.190435 0.179980
v -1.025403 -0.300491 0.181963
v -1.044034 -0.388835 0.185269
v -1.070156 -0.462296 0.189905
v -1.103881 -0.523238 0.195889
v -1.145490 -0.572632 0.203273
v -1.195648 -0.610892 0.212174
v -1.255966 -0.638178 0.222877
v -1.331110 -0.654545 0.236212
v -1.461134 -0.660000 0.259285
v -1.591157 -0.654545 0.282359
v -1.666301 -0.638178 0.295693
v -1.726620 -0.610892 0.306397
v -1.776777 -0.572632 0.315298
v -1.818386 -0.523238 0.322682
v -1.852111 -0.462296 0.328666
v -1.878234 -0.388835 0.333302
v -1.896865 -0.300491 0.336608
v -1.908039 -0.190435 0.338591
v -1.717020 0.000000 0.461359
v -1.713674 0.190435 0.460460
v -1.703638 0.300491 0.457763
v -1.686905 0.388835 0.453267
v -1.663444 0.462296 0.446963
v -1.633154 0.523238 0.438824
v -1.595783 0.572632 0.428783
v -1.550735 0.610892 0.416678
v -1.496561 0.638178 0.402122
v -1.429072 0.654545 0.383988
v -1.312294 0.660000 0.352610
v -1.195515 0.654545 0.321232
v -1.128026 0.638178 0.303098
v -1.073852 0.610892 0.288541
v -1.028804 0.572632 0.276437
v -0.991433 0.523238 0.266395
v -0.961143 0.462296 0.258257
v -0.937682 0.388835 0.251953
v -0.920949 0.300491 0.247457
v -0.910913 0.190435 0.244760
v -0.907568 0.000000 0.243861
v -0.910913 -0.190435 0.244760
v -0.920949 -0.300491 0.247457
v -0.937682 -0.388835 0.251953
v -0.961143 -0.462296 0.258257
v -0.991433 -0.523238 0.266395
v -1.028804 -0.572632 0.276437
v -1.073852 -0.610892 0.288541
v -1.128026 -0.638178 0.303098
v -1.195515 -0.654545 0.321232
v -1.312294 -0.660000 0.352610
v -1.429072 -0.654545 0.383988
v -1.496561 -0.638178 0.402122
v -1.550735 -0.610892 0.416678
v -1.595783 -0.572632 0.428783
v -1.633154 -0.523238 0.438824
v -1.663444 -0.462296 0.446963
v -1.686905 -0.388835 0.453267
v -1.703638 -0.300491 0.457763
v -1.713674 -0.190435 0.460460
v -1.517594 0.000000 0.602837
v -1.514637 0.190435 0.601663
v -1.505767 0.300491 0.598139
v -1.490977 0.388835 0.592264
v -1.470241 0.462296 0.584027
v -1.443469 0.523238 0.573392
v -1.410439 0.572632 0.560272
v -1.370623 0.610892 0.544456
v -1.322741 0.638178 0.525435
v -1.263091 0.654545 0.501740
v -1.159875 0.660000 0.460740
v -1.056660 0.654545 0.419739
v -0.997010 0.638178 0.396044
v -0.949128 0.610892 0.377024
v -0.909312 0.572632 0.361208
v -0.876282 0.523238 0.348087
v -0.849510 0.462296 0.337453
v -0.828773 0.388835 0.329215
v -0.813984 0.300491 0.323341
v -0.805114 0.190435 0.319817
v -0.802157 0.000000 0.318643
v -0.805114 -0.190435 0.319817
v -0.813984 -0.300491 0.323341
v -0.828773 -0.388835 0.329215
v -0.849510 -0.462296 0.337453
v -0.876282 -0.523238 0.348087
v -0.909312 -0.572632 0.361208
v -0.949128 -0.610892 0.377024
v -0.997010 -0.638178 0.396044
v -1.056660 -0.654545 0.419739
v -1.159875 -0.660000 0.460740
v -1.263091 -0.654545 0.501740
v -1.322741 -0.638178 0.525435
v -1.370623 -0.610892 0.544456
v -1.410439 -0.572632 0.560272
v -1.443469 -0.523238 0.573392
v -1.470241 -0.462296 0.584027
v -1.490977 -0.388835 0.592264
v -1.505767 -0.300491 0.598139
v -1.514637 -0.190435 0.601663
v -1.318113 0.000000 0.762002
v -1.315544 0.190435 0.760517
v -1.307840 0.300491 0.756063
v -1.294995 0.388835 0.748637
v -1.276984 0.462296 0.738225
v -1.253731 0.523238 0.724783
v -1.225043 0.572632 0.708198
v -1.190460 0.610892 0.688206
v -1.148872 0.638178 0.664164
v -1.097063 0.654545 0.634213
v -1.007415 0.660000 0.582387
v -0.917767 0.654545 0.530562
v -0.865957 0.638178 0.500610
v -0.824369 0.610892 0.476568
v -0.789787 0.572632 0.456576
v -0.761098 0.523238 0.439992
v -0.737846 0.462296 0.426549
v -0.719835 0.388835 0.416137
v -0.706989 0.300491 0.408711
v -0.699285 0.190435 0.404257
v -0.696717 0.000000 0.402772
v -0.699285 -0.190435 0.404257
v -0.706989 -0.300491 0.408711
v -0.719835 -0.388835 0.416137
v -0.737846 -0.462296 0.426549
v -0.761098 -0.523238 0.439992
v -0.789787 -0.572632 0.456576
v -0.824369 -0.610892 0.476568
v -0.865957 -0.638178 0.500610
v -0.917767 -0.654545 0.530562
v -1.007415 -0.660000 0.582387
v -1.097063 -0.654545 0.634213
v -1.148872 -0.638178 0.664164
v -1.190460 -0.610892 0.688206
v -1.225043 -0.572632 0.708198
v -1.253731 -0.523238 0.724783
v -1.276984 -0.462296 0.738225
v -1.294995 -0.388835 0.748637
v -1.307840 -0.300491 0.756063
v -1.315544 -0.190435 0.760517
v -1.123018 0.000000 0.936426
v -1.120830 0.190435 0.934602
v -1.114265 0.300491 0.929129
v -1.103321 0.388835 0.920003
v -1.087976 0.462296 0.907207
v -1.068165 0.523238 0.890688
v -1.043723 0.572632 0.870307
v -1.014259 0.610892 0.845739
v -0.978827 0.638178 0.816193
v -0.934686 0.654545 0.779386
v -0.858306 0.660000 0.715697
v -0.781927 0.654545 0.652009
v -0.737786 0.638178 0.615202
v -0.702353 0.610892 0.585656
v -0.672890 0.572632 0.561088
v -0.648447 0.523238 0.540707
v -0.628636 0.462296 0.524187
v -0.613291 0.388835 0.511392
v -0.602347 0.300491 0.502266
v -0.595783 0.190435 0.496793
v -0.593595 0.000000 0.494968
v -0.595783 -0.190435 0.496793
v -0.602347 -0.300491 0.502266
v -0.613291 -0.388835 0.511392
v -0.628636 -0.462296 0.524187
v -0.648447 -0.523238 0.540707
v -0.672890 -0.572632 0.561088
v -0.702353 -0.610892 0.585656
v -0.737786 -0.638178 0.615202
v -0.781927 -0.654545 0.652009
v -0.858306 -0.660000 0.715697
v -0.934686 -0.654545 0.779386
v -0.978827 -0.638178 0.816193
v -1.014259 -0.610892 0.845739
v -1.043723 -0.572632 0.870307
v -1.068165 -0.523238 0.890688
v -1.087976 -0.462296 0.907207
v -1.103321 -0.388835 0.920003
v -1.114265 -0.300491 0.929129
v -1.120830 -0.190435 0.934602
v -0.936426 0.000000 1.123018
v -0.934602 0.190435 1.120830
v -0.929129 0.300491 1.114265
v -0.920003 0.388835 1.103321
v -0.907207 0.462296 1.087976
v -0.890688 0.523238 1.068165
v -0.870307 0.572632 1.043723
v -0.845739 0.610892 1.014259
v -0.816193 0.638178 0.978827
v -0.779386 0.654545 0.934686
v -0.715697 0.660000 0.858306
v -0.652009 0.654545 0.781927
v -0.615202 0.638178 0.737786
v -0.585656 0.610892 0.702353
v -0.561088 0.572632 0.672890
v -0.540707 0.523238 0.648447
v -0.524187 0.462296 0.628636
v -0.511392 0.388835 0.613291
v -0.502266 0.300491 0.602347
v -0.496793 0.190435 0.595783
v -0.494968 0.000000 0.593595
v -0.496793 -0.190435 0.595783
v -0.502266 -0.300491 0.602347
v -0.511392 -0.388835 0.613291
v -0.524187 -0.462296 0.628636
v -0.540707 -0.523238 0.648447
v -0.561088 -0.572632 0.672890
v -0.585656 -0.610892 0.702353
v -0.615202 -0.638178 0.737786
v -0.652009 -0.654545 0.781927
v -0.715697 -0.660000 0.858306
v -0.779386 -0.654545 0.934686
v -0.816193 -0.638178 0.978827
v -0.845739 -0.610892 1.014259
v -0.870307 -0.572632 1.043723
v -0.890688 -0.523238 1.068165
v -0.907207 -0.462296 1.087976
v -0.920003 -0.388835 1.103321
v -0.929129 -0.300491 1.114265
v -0.934602 -0.190435 1.120830
v -0.762002 0.000000 1.318113
v -0.760517 0.190435 1.315544
v -0.756063 0.300491 1.307840
v -0.748637 0.388835 1.294995
v -0.738225 0.462296 1.276984
v -0.724783 0.523238 1.253731
v -0.708198 0.572632 1.225043
v -0.688206 0.610892 1.190460
v -0.664164 0.638178 1.148872
v -0.634213 0.654545 1.097063
v -0.582387 0.660000 1.007415
v -0.530562 0.654545 0.917767
v -0.500610 0.638178 0.865957
v -0.476568 0.610892 0.824369
v -0.456576 0.572632 0.789787
v -0.439992 0.523238 0.761098
v -0.426549 0.462296 0.737846
v -0.416137 0.388835 0.719835
v -0.408711 0.300491 0.706989
v -0.404257 0.190435 0.699285
v -0.402772 0.000000 0.696717
v -0.404257 -0.190435 0.699285
v -0.408711 -0.300491 0.706989
v -0.416137 -0.388835 0.719835
v -0.426549 -0.462296 0.737846
v -0.439992 -0.523238 0.761098
v -0.456576 -0.572632 0.789787
v -0.476568 -0.610892 0.824369
v -0.500610 -0.638178 0.865957
v -0.530562 -0.654545 0.917767
v -0.582387 -0.660000 1.007415
v -0.634213 -0.654545 1.097063
v -0.664164 -0.638178 1.148872
v -0.688206 -0.610892 1.190460
v -0.708198 -0.572632 1.225043
v -0.724783 -0.523238 1.253731
v -0.738225 -0.462296 1.276984
v -0.748637 -0.388835 1.294995
v -0.756063 -0.300491 1.307840
v -0.760517 -0.190435 1.315544
v -0.602837 0.000000 1.517594
v -0.601663 0.190435 1.514637
v -0.598139 0.300491 1.505767
v -0.592264 0.388835 1.490977
v -0.584027 0.462296 1.470241
v -0.573392 0.523238 1.443469
v -0.560272 0.572632 1.410439
v -0.544456 0.610892 1.370623
v -0.525435 0.638178 1.322741
v -0.501740 0.654545 1.263091
v -0.460740 0.660000 1.159875
v -0.419739 0.654545 1.056660
v -0.396044 0.638178 0.997010
v -0.377024 0.610892 0.949128
v -0.361208 0.572632 0.909312
v -0.348087 0.523238 0.876282
v -0.337453 0.462296 0.849510
v -0.329215 0.388835 0.828773
v -0.323341 0.300491 0.813984
v -0.319817 0.190435 0.805114
v -0.318643 0.000000 0.802157
v -0.319817 -0.190435 0.805114
v -0.323341 -0.300491 0.813984
v -0.329215 -0.388835 0.828773
v -0.337453 -0.462296 0.849510
v -0.348087 -0.523238 0.876282
v -0.361208 -0.572632 0.909312
v -0.377024 -0.610892 0.949128
v -0.396044 -0.638178 0.997010
v -0.419739 -0.654545 1.056660
v -0.460740 -0.660000 1.159875
v -0.501740 -0.654545 1.263091
v -0.525435 -0.638178 1.322741
v -0.544456 -0.610892 1.370623
v -0.560272 -0.572632 1.410439
v -0.573392 -0.523238 1.443469
v -0.584027 -0.462296 1.470241
v -0.592264 -0.388835 1.490977
v -0.598139 -0.300491 1.505767
v -0.601663 -0.190435 1.514637
v -0.461359 0.000000 1.717020
v -0.460460 0.190435 1.713674
v -0.457763 0.300491 1.703638
v -0.453267 0.388835 1.686905
v -0.446963 0.462296 1.663444
v -0.438824 0.523238 1.633154
v -0.428783 0.572632 1.595783
v -0.416678 0.610892 1.550735
v -0.402122 0.638178 1.496561
v -0.383988 0.654545 1.429072
v -0.352610 0.660000 1.312294
v -0.321232 0.654545 1.195515
v -0.303098 0.638178 1.128026
v -0.288541 0.610892 1.073852
v -0.276437 0.572632 1.028804
v -0.266395 0.523238 0.991433
v -0.258257 0.462296 0.961143
v -0.251953 0.388835 0.937682
v -0.247457 0.300491 0.920949
v -0.244760 0.190435 0.910913
v -0.243861 0.000000 0.907568
v -0.244760 -0.190435 0.910913
v -0.247457 -0.300491 0.920949
v -0.251953 -0.388835 0.937682
v -0.258257 -0.462296 0.961143
v -0.266395 -0.523238 0.991433
v -0.276437 -0.572632 1.028804
v -0.288541 -0.610892 1.073852
v -0.303098 -0.638178 1.128026
v -0.321232 -0.654545 1.195515
v -0.352610 -0.660000 1.312294
v -0.383988 -0.654545 1.429072
v -0.402122 -0.638178 1.496561
v -0.416678 -0.610892 1.550735
v -0.428783 -0.572632 1.595783
v -0.438824 -0.523238 1.633154
v -0.446963 -0.462296 1.663444
v -0.453267 -0.388835 1.686905
v -0.457763 -0.300491 1.703638
v -0.460460 -0.190435 1.713674
v -0.339252 0.000000 1.911764
v -0.338591 0.190435 1.908039
v -0.336608 0.300491 1.896865
v -0.333302 0.388835 1.878234
v -0.328666 0.462296 1.852111
v -0.322682 0.523238 1.818386
v -0.315298 0.572632 1.776777
v -0.306397 0.610892 1.726620
v -0.295693 0.638178 1.666301
v -0.282359 0.654545 1.591157
v -0.259285 0.660000 1.461134
v -0.236212 0.654545 1.331110
v -0.222877 0.638178 1.255966
v -0.212174 0.610892 1.195648
v -0.203273 0.572632 1.145490
v -0.195889 0.523238 1.103881
v -0.189905 0.462296 1.070156
v -0.185269 0.388835 1.044034
v -0.181963 0.300491 1.025403
v -0.179980 0.190435 1.014228
v -0.179319 0.000000 1.010504
v -0.179980 -0.190435 1.014228
v -0.181963 -0.300491 1.025403
v -0.185269 -0.388835 1.044034
v -0.189905 -0.462296 1.070156
v -0.195889 -0.523238 1.103881
v -0.203273 -0.572632 1.145490
v -0.212174 -0.610892 1.195648
v -0.222877 -0.638178 1.255966
v -0.236212 -0.654545 1.331110
v -0.259285 -0.660000 1.461134
v -0.282359 -0.654545 1.591157
v -0.295693 -0.638178 1.666301
v -0.306397 -0.610892 1.726620
v -0.315298 -0.572632 1.776777
v -0.322682 -0.523238 1.818386
v -0.328666 -0.462296 1.852111
v -0.333302 -0.388835 1.878234
v -0.336608 -0.300491 1.896865
v -0.338591 -0.190435 1.908039
v -0.237411 0.000000 2.097165
v -0.236949 0.190435 2.093079
v -0.235561 0.300491 2.080821
v -0.233247 0.388835 2.060383
v -0.230003 0.462296 2.031727
v -0.225815 0.523238 1.994731
v -0.220648 0.572632 1.949087
v -0.214419 0.610892 1.894065
v -0.206929 0.638178 1.827897
v -0.197597 0.654545 1.745466
v -0.181450 0.660000 1.602833
v -0.165303 0.654545 1.460200
v -0.155971 0.638178 1.377769
v -0.148481 0.610892 1.311601
v -0.142252 0.572632 1.256579
v -0.137085 0.523238 1.210935
v -0.132897 0.462296 1.173939
v -0.129653 0.388835 1.145283
v -0.127339 0.300491 1.124845
v -0.125951 0.190435 1.112587
v -0.125489 0.000000 1.108501
v -0.125951 -0.190435 1.112587
v -0.127339 -0.300491 1.124845
v -0.129653 -0.388835 1.145283
v -0.132897 -0.462296 1.173939
v -0.137085 -0.523238 1.210935
v -0.142252 -0.572632 1.256579
v -0.148481 -0.610892 1.311601
v -0.155971 -0.638178 1.377769
v -0.165303 -0.654545 1.460200
v -0.181450 -0.660000 1.602833
v -0.197597 -0.654545 1.745466
v -0.206929 -0.638178 1.827897
v -0.214419 -0.610892 1.894065
v -0.220648 -0.572632 1.949087
v -0.225815 -0.523238 1.994731
v -0.230003 -0.462296 2.031727
v -0.233247 -0.388835 2.060383
v -0.235561 -0.300491 2.080821
v -0.236949 -0.190435 2.093079
v -0.155913 0.000000 2.268674
v -0.155609 0.190435 2.264254
v -0.154698 0.300491 2.250993
v -0.153179 0.388835 2.228884
v -0.151048 0.462296 2.197885
v -0.148298 0.523238 2.157863
v -0.144904 0.572632 2.108486
v -0.140814 0.610892 2.048965
v -0.135895 0.638178 1.977385
v -0.129766 0.654545 1.888213
v -0.119162 0.660000 1.733915
v -0.108558 0.654545 1.579617
v -0.102430 0.638178 1.490445
v -0.097511 0.610892 1.418865
v -0.093420 0.572632 1.359344
v -0.090027 0.523238 1.309967
v -0.087276 0.462296 1.269945
v -0.085146 0.388835 1.238946
v -0.083626 0.300491 1.216837
v -0.082715 0.190435 1.203576
v -0.082411 0.000000 1.199156
v -0.082715 -0.190435 1.203576
v -0.083626 -0.300491 1.216837
v -0.085146 -0.388835 1.238946
v -0.087276 -0.462296 1.269945
v -0.090027 -0.523238 1.309967
v -0.093420 -0.572632 1.359344
v -0.097511 -0.610892 1.418865
v -0.102430 -0.638178 1.490445
v -0.108558 -0.654545 1.579617
v -0.119162 -0.660000 1.733915
v -0.129766 -0.654545 1.888213
v -0.135895 -0.638178 1.977385
v -0.140814 -0.610892 2.048965
v -0.144904 -0.572632 2.108486
v -0.148298 -0.523238 2.157863
v -0.151048 -0.462296 2.197885
v -0.153179 -0.388835 2.228884
v -0.154698 -0.300491 2.250993
v -0.155609 -0.190435 2.264254
v -0.094017 0.000000 2.422001
v -0.093834 0.190435 2.417282
v -0.093284 0.300491 2.403125
v -0.092368 0.388835 2.379522
v -0.091084 0.462296 2.346427
v -0.089425 0.523238 2.303701
v -0.087379 0.572632 2.250987
v -0.084912 0.610892 2.187443
v -0.081946 0.638178 2.111026
v -0.078250 0.654545 2.015827
v -0.071856 0.660000 1.851101
v -0.065462 0.654545 1.686374
v -0.061766 0.638178 1.591175
v -0.058800 0.610892 1.514758
v -0.056333 0.572632 1.451214
v -0.054287 0.523238 1.398500
v -0.052628 0.462296 1.355774
v -0.051344 0.388835 1.322679
v -0.050427 0.300491 1.299076
v -0.049878 0.190435 1.284919
v -0.049695 0.000000 1.280200
v -0.049878 -0.190435 1.284919
v -0.050427 -0.300491 1.299076
v -0.051344 -0.388835 1.322679
v -0.052628 -0.462296 1.355774
v -0.054287 -0.523238 1.398500
v -0.056333 -0.572632 1.451214
v -0.058800 -0.610892 1.514758
v -0.061766 -0.638178 1.591175
v -0.065462 -0.654545 1.686374
v -0.071856 -0.660000 1.851101
v -0.078250 -0.654545 2.015827
v -0.081946 -0.638178 2.111026
v -0.084912 -0.610892 2.187443
v -0.087379 -0.572632 2.250987
v -0.089425 -0.523238 2.303701
v -0.091084 -0.462296 2.346427
v -0.092368 -0.388835 2.379522
v -0.093284 -0.300491 2.403125
v -0.093834 -0.190435 2.417282
v -0.050189 0.000000 2.553252
v -0.050091 0.190435 2.548277
v -0.049798 0.300491 2.533354
v -0.049309 0.388835 2.508471
v -0.048623 0.462296 2.473583
v -0.047738 0.523238 2.428542
v -0.046645 0.572632 2.372971
v -0.045329 0.610892 2.305983
v -0.043745 0.638178 2.225425
v -0.041772 0.654545 2.125067
v -0.038359 0.660000 1.951414
v -0.034945 0.654545 1.777761
v -0.032973 0.638178 1.677403
v -0.031389 0.610892 1.596845
v -0.030072 0.572632 1.529857
v -0.028980 0.523238 1.474286
v -0.028095 0.462296 1.429245
v -0.027409 0.388835 1.394357
v -0.026920 0.300491 1.369475
v -0.026626 0.190435 1.354551
v -0.026529 0.000000 1.349576
v -0.026626 -0.190435 1.354551
v -0.026920 -0.300491 1.369475
v -0.027409 -0.388835 1.394357
v -0.028095 -0.462296 1.429245
v -0.028980 -0.523238 1.474286
v -0.030072 -0.572632 1.529857
v -0.031389 -0.610892 1.596845
v -0.032973 -0.638178 1.677403
v -0.034945 -0.654545 1.777761
v -0.038359 -0.660000 1.951414
v -0.041772 -0.654545 2.125067
v -0.043745 -0.638178 2.225425
v -0.045329 -0.610892 2.305983
v -0.046645 -0.572632 2.372971
v -0.047738 -0.523238 2.428542
v -0.048623 -0.462296 2.473583
v -0.049309 -0.388835 2.508471
v -0.049798 -0.300491 2.533354
v -0.050091 -0.190435 2.548277
v -0.022148 0.000000 2.659055
v -0.022105 0.190435 2.653874
v -0.021976 0.300491 2.638332
v -0.021760 0.388835 2.612418
v -0.021457 0.462296 2.576085
v -0.021066 0.523238 2.529177
v -0.020584 0.572632 2.471303
v -0.020003 0.610892 2.401540
v -0.019304 0.638178 2.317643
v -0.018434 0.654545 2.213127
v -0.016927 0.660000 2.032278
v -0.015421 0.654545 1.851429
v -0.014551 0.638178 1.746912
v -0.013852 0.610892 1.663016
v -0.013271 0.572632 1.593252
v -0.012789 0.523238 1.535379
v -0.012398 0.462296 1.488471
v -0.012095 0.388835 1.452137
v -0.011879 0.300491 1.426223
v -0.011750 0.190435 1.410681
v -0.011707 0.000000 1.405500
v -0.011750 -0.190435 1.410681
v -0.011879 -0.300491 1.426223
v -0.012095 -0.388835 1.452137
v -0.012398 -0.462296 1.488471
v -0.012789 -0.523238 1.535379
v -0.013271 -0.572632 1.593252
v -0.013852 -0.610892 1.663016
v -0.014551 -0.638178 1.746912
v -0.015421 -0.654545 1.851429
v -0.016927 -0.660000 2.032278
v -0.018434 -0.654545 2.213127
v -0.019304 -0.638178 2.317643
v -0.020003 -0.610892 2.401540
v -0.020584 -0.572632 2.471303
v -0.021066 -0.523238 2.529177
v -0.021457 -0.462296 2.576085
v -0.021760 -0.388835 2.612418
v -0.021976 -0.300491 2.638332
v -0.022105 -0.190435 2.653874
v -0.006927 0.000000 2.736666
v -0.006914 0.190435 2.731334
v -0.006873 0.300491 2.715338
v -0.006806 0.388835 2.688669
v -0.006711 0.462296 2.651274
v -0.006589 0.523238 2.602997
v -0.006438 0.572632 2.543435
v -0.006257 0.610892 2.471635
v -0.006038 0.638178 2.385290
v -0.005766 0.654545 2.277723
v -0.005295 0.660000 2.091595
v -0.004823 0.654545 1.905468
v -0.004551 0.638178 1.797900
v -0.004333 0.610892 1.711555
v -0.004151 0.572632 1.639755
v -0.004000 0.523238 1.580193
v -0.003878 0.462296 1.531916
v -0.003783 0.388835 1.494521
v -0.003716 0.300491 1.467852
v -0.003675 0.190435 1.451856
v -0.003662 0.000000 1.446524
v -0.003675 -0.190435 1.451856
v -0.003716 -0.300491 1.467852
v -0.003783 -0.388835 1.494521
v -0.003878 -0.462296 1.531916
v -0.004000 -0.523238 1.580193
v -0.004151 -0.572632 1.639755
v -0.004333 -0.610892 1.711555
v -0.004551 -0.638178 1.797900
v -0.004823 -0.654545 1.905468
v -0.005295 -0.660000 2.091595
v -0.005766 -0.654545 2.277723
v -0.006038 -0.638178 2.385290
v -0.006257 -0.610892 2.471635
v -0.006438 -0.572632 2.543435
v -0.006589 -0.523238 2.602997
v -0.006711 -0.462296 2.651274
v -0.006806 -0.388835 2.688669
v -0.006873 -0.300491 2.715338
v -0.006914 -0.190435 2.731334
v -0.000940 0.000000 2.784062
v -0.000938 0.190435 2.778638
v -0.000933 0.300491 2.762365
v -0.000923 0.388835 2.735233
v -0.000911 0.462296 2.697191
v -0.000894 0.523238 2.648078
v -0.000874 0.572632 2.587484
v -0.000849 0.610892 2.514440
v -0.000819 0.638178 2.426600
v -0.000782 0.654545 2.317170
v -0.000718 0.660000 2.127819
v -0.000654 0.654545 1.938468
v -0.000617 0.638178 1.829038
v -0.000588 0.610892 1.741197
v -0.000563 0.572632 1.668154
v -0.000543 0.523238 1.607560
v -0.000526 0.462296 1.558446
v -0.000513 0.388835 1.520404
v -0.000504 0.300491 1.493273
v -0.000499 0.190435 1.477000
v -0.000497 0.000000 1.471575
v -0.000499 -0.190435 1.477000
v -0.000504 -0.300491 1.493273
v -0.000513 -0.388835 1.520404
v -0.000526 -0.462296 1.558446
v -0.000543 -0.523238 1.607560
v -0.000563 -0.572632 1.668154
v -0.000588 -0.610892 1.741197
v -0.000617 -0.638178 1.829038
v -0.000654 -0.654545 1.938468
v -0.000718 -0.660000 2.127819
v -0.000782 -0.654545 2.317170
v -0.000819 -0.638178 2.426600
v -0.000849 -0.610892 2.514440
v -0.000874 -0.572632 2.587484
v -0.000894 -0.523238 2.648078
v -0.000911 -0.462296 2.697191
v -0.000923 -0.388835 2.735233
v -0.000933 -0.300491 2.762365
v -0.000938 -0.190435 2.778638
v -0.000000 0.000000 2.800000
v -0.000000 0.190435 2.794544
v -0.000000 0.300491 2.778178
v -0.000000 0.388835 2.750891
v -0.000000 0.462296 2.712632
v -0.000000 0.523238 2.663237
v -0.000000 0.572632 2.602296
v -0.000000 0.610892 2.528835
v -0.000000 0.638178 2.440491
v -0.000000 0.654545 2.330435
v -0.000000 0.660000 2.140000
v 0.000000 0.654545 1.949565
v 0.000000 0.638178 1.839508
v 0.000000 0.610892 1.751165
v 0.000000 0.572632 1.677703
v 0.000000 0.523238 1.616762
v 0.000000 0.462296 1.567368
v 0.000000 0.388835 1.529108
v 0.000000 0.300491 1.501821
v 0.000000 0.190435 1.485455
v 0.000000 0.000000 1.480000
v 0.000000 -0.190435 1.485455
v 0.000000 -0.300491 1.501821
v 0.000000 -0.388835 1.529108
v 0.000000 -0.462296 1.567368
v 0.000000 -0.523238 1.616762
v 0.000000 -0.572632 1.677703
v 0.000000 -0.610892 1.751165
v 0.000000 -0.638178 1.839508
v 0.000000 -0.654545 1.949565
v -0.000000 -0.660000 2.140000
v -0.000000 -0.654545 2.330435
v -0.000000 -0.638178 2.440491
v -0.000000 -0.610892 2.528835
v -0.000000 -0.572632 2.602296
v -0.000000 -0.523238 2.663237
v -0.000000 -0.462296 2.712632
v -0.000000 -0.388835 2.750891
v -0.000000 -0.300491 2.778178
v -0.000000 -0.190435 2.794544
v 0.000940 0.000000 2.784062
v 0.000938 0.190435 2.778638
v 0.000933 0.300491 2.762365
v 0.000923 0.388835 2.735233
v 0.000911 0.462296 2.697191
v 0.000894 0.523238 2.648078
v 0.000874 0.572632 2.587484
v 0.000849 0.610892 2.514440
v 0.000819 0.638178 2.426600
v 0.000782 0.654545 2.317170
v 0.000718 0.660000 2.127819
v 0.000654 0.654545 1.938468
v 0.000617 0.638178 1.829038
v 0.000588 0.610892 1.741197
v 0.000563 0.572632 1.668154
v 0.000543 0.523238 1.607560
v 0.000526 0.462296 1.558446
v 0.000513 0.388835 1.520404
v 0.000504 0.300491 1.493273
v 0.000499 0.190435 1.477000
v 0.000497 0.000000 1.471575
v 0.000499 -0.190435 1.477000
v 0.000504 -0.300491 1.493273
v 0.000513 -0.388835 1.520404
v 0.000526 -0.462296 1.558446
v 0.000543 -0.523238 1.607560
v 0.000563 -0.572632 1.668154
v 0.000588 -0.610892 1.741197
v 0.000617 -0.638178 1.829038
v 0.000654 -0.654545 1.938468
v 0.000718 -0.660000 2.127819
v 0.000782 -0.654545 2.317170
v 0.000819 -0.638178 2.426600
v 0.000849 -0.610892 2.514440
v 0.000874 -0.572632 2.587484
v 0.000894 -0.523238 2.648078
v 0.000911 -0.462296 2.697191
v 0.000923 -0.388835 2.735233
v 0.000933 -0.300491 2.762365
v 0.000938 -0.190435 2.778638
v 0.006927 0.000000 2.736666
v 0.006914 0.190435 2.731334
v 0.006873 0.300491 2.715338
v 0.006806 0.388835 2.688669
v 0.006711 0.462296 2.651274
v 0.006589 0.523238 2.602997
v 0.006438 0.572632 2.543435
v 0.006257 0.610892 2.471635
v 0.006038 0.638178 2.385290
v 0.005766 0.654545 2.277723
v 0.005295 0.660000 2.091595
v 0.004823 0.654545 1.905468
v 0.004551 0.638178 1.797900
v 0.004333 0.610892 1.711555
v 0.004151 0.572632 1.639755
v 0.004000 0.523238 1.580193
v 0.003878 0.462296 1.531916
v 0.003783 0.388835 1.494521
v 0.003716 0.300491 1.467852
v 0.003675 0.190435 1.451856
v 0.003662 0.000000 1.446524
v 0.003675 -0.190435 1.451856
v 0.003716 -0.300491 1.467852
v 0.003783 -0.388835 1.494521
v 0.003878 -0.462296 1.531916
v 0.004000 -0.523238 1.580193
v 0.004151 -0.572632 1.639755
v 0.004333 -0.610892 1.711555
v 0.004551 -0.638178 1.797900
v 0.004823 -0.654545 1.905468
v 0.005295 -0.660000 2.091595
v 0.005766 -0.654545 2.277723
v 0.006038 -0.638178 2.385290
v 0.006257 -0.610892 2.471635
v 0.006438 -0.572632 2.543435
v 0.006589 -0.523238 2.602997
v 0.006711 -0.462296 2.651274
v 0.006806 -0.388835 2.688669
v 0.006873 -0.300491 2.715338
v 0.006914 -0.190435 2.731334
v 0.022148 0.000000 2.659055
v 0.022105 0.190435 2.653874
v 0.021976 0.300491 2.638332
v 0.021760 0.388835 2.612418
v 0.021457 0.462296 2.576085
v 0.021066 0.523238 2.529177
v 0.020584 0.572632 2.471303
v 0.020003 0.610892 2.401540
v 0.019304 0.638178 2.317643
v 0.018434 0.654545 2.213127
v 0.016927 0.660000 2.032278
v 0.015421 0.654545 1.851429
v 0.014551 0.638178 1.746912
v 0.013852 0.610892 1.663016
v 0.013271 0.572632 1.593252
v 0.012789 0.523238 1.535379
v 0.012398 0.462296 1.488471
v 0.012095 0.388835 1.452137
v 0.011879 0.300491 1.426223
v 0.011750 0.190435 1.410681
v 0.011707 0.000000 1.405500
v 0.011750 -0.190435 1.410681
v 0.011879 -0.300491 1.426223
v 0.012095 -0.388835 1.452137
v 0.012398 -0.462296 1.488471
v 0.012789 -0.523238 1.535379
v 0.013271 -0.572632 1.593252
v 0.013852 -0.610892 1.663016
v 0.014551 -0.638178 1.746912
v 0.015421 -0.654545 1.851429
v 0.016927 -0.660000 2.032278
v 0.018434 -0.654545 2.213127
v 0.019304 -0.638178 2.317643
v 0.020003 -0.610892 2.401540
v 0.020584 -0.572632 2.471303
v 0.021066 -0.523238 2.529177
v 0.021457 -0.462296 2.576085
v 0.021760 -0.388835 2.612418
v 0.021976 -0.300491 2.638332
v 0.022105 -0.190435 2.653874
v 0.050189 0.000000 2.553252
v 0.050091 0.190435 2.548277
v 0.049798 0.300491 2.533354
v 0.049309 0.388835 2.508471
v 0.048623 0.462296 2.473583
v 0.047738 0.523238 2.428542
v 0.046645 0.572632 2.372971
v 0.045329 0.610892 2.305983
v 0.043745 0.638178 2.225425
v 0.041772 0.654545 2.125067
v 0.038359 0.660000 1.951414
v 0.034945 0.654545 1.777761
v 0.032973 0.638178 1.677403
v 0.031389 0.610892 1.596845
v 0.030072 0.572632 1.529857
v 0.028980 0.523238 1.474286
v 0.028095 0.462296 1.429245
v 0.027409 0.388835 1.394357
v 0.026920 0.300491 1.369475
v 0.026626 0.190435 1.354551
v 0.026529 0.000000 1.349576
v 0.026626 -0.190435 1.354551
v 0.026920 -0.300491 1.369475
v 0.027409 -0.388835 1.394357
v 0.028095 -0.462296 1.429245
v 0.028980 -0.523238 1.474286
v 0.030072 -0.572632 1.529857
v 0.031389 -0.610892 1.596845
v 0.032973 -0.638178 1.677403
v 0.034945 -0.654545 1.777761
v 0.038359 -0.660000 1.951414
v 0.041772 -0.654545 2.125067
v 0.043745 -0.638178 2.225425
v 0.045329 -0.610892 2.305983
v 0.046645 -0.572632 2.372971
v 0.047738 -0.523238 2.428542
v 0.048623 -0.462296 2.473583
v 0.049309 -0.388835 2.508471
v 0.049798 -0.300491 2.533354
v 0.050091 -0.190435 2.548277
v 0.094017 0.000000 2.422001
v 0.093834 0.190435 2.417282
v 0.093284 0.300491 2.403125
v 0.092368 0.388835 2.379522
v 0.091084 0.462296 2.346427
v 0.089425 0.523238 2.303701
v 0.087379 0.572632 2.250987
v 0.084912 0.610892 2.187443
v 0.081946 0.638178 2.111026
v 0.078250 0.654545 2.015827
v 0.071856 0.660000 1.851101
v 0.065462 0.654545 1.686374
v 0.061766 0.638178 1.591175
v 0.058800 0.610892 1.514758
v 0.056333 0.572632 1.451214
v 0.054287 0.523238 1.398500
v 0.052628 0.462296 1.355774
v 0.051344 0.388835 1.322679
v 0.050427 0.300491 1.299076
v 0.049878 0.190435 1.284919
v 0.049695 0.000000 1.280200
v 0.049878 -0.190435 1.284919
v 0.050427 -0.300491 1.299076
v 0.051344 -0.388835 1.322679
v 0.052628 -0.462296 1.355774
v 0.054287 -0.523238 1.398500
v 0.056333 -0.572632 1.451214
v 0.058800 -0.610892 1.514758
v 0.061766 -0.638178 1.591175
v 0.065462 -0.654545 1.686374
v 0.071856 -0.660000 1.851101
v 0.078250 -0.654545 2.015827
v 0.081946 -0.638178 2.111026
v 0.084912 -0.610892 2.187443
v 0.087379 -0.572632 2.250987
v 0.089425 -0.523238 2.303701
v 0.091084 -0.462296 2.346427
v 0.092368 -0.388835 2.379522
v 0.093284 -0.300491 2.403125
v 0.093834 -0.190435 2.417282
v 0.155913 0.000000 2.268674
v 0.155609 0.190435 2.264254
v 0.154698 0.300491 2.250993
v 0.153179 0.388835 2.228884
v 0.151048 0.462296 2.197885
v 0.148298 0.523238 2.157863
v 0.144904 0.572632 2.108486
v 0.140814 0.610892 2.048965
v 0.135895 0.638178 1.977385
v 0.129766 0.654545 1.888213
v 0.119162 0.660000 1.733915
v 0.108558 0.654545 1.579617
v 0.102430 0.638178 1.490445
v 0.097511 0.610892 1.418865
v 0.093420 0.572632 1.359344
v 0.090027 0.523238 1.309967
v 0.087276 0.462296 1.269945
v 0.085146 0.388835 1.238946
v 0.083626 0.300491 1.216837
v 0.082715 0.190435 1.203576
v 0.082411 0.000000 1.199156
v 0.082715 -0.190435 1.203576
v 0.083626 -0.300491 1.216837
v 0.085146 -0.388835 1.238946
v 0.087276 -0.462296 1.269945
v 0.090027 -0.523238 1.309967
v 0.093420 -0.572632 1.359344
v 0.097511 -0.610892 1.418865
v 0.102430 -0.638178 1.490445
v 0.108558 -0.654545 1.579617
v 0.119162 -0.660000 1.733915
v 0.129766 -0.654545 1.888213
v 0.135895 -0.638178 1.977385
v 0.140814 -0.610892 2.048965
v 0.144904 -0.572632 2.108486
v 0.148298 -0.523238 2.157863
v 0.151048 -0.462296 2.197885
v 0.153179 -0.388835 2.228884
v 0.154698 -0.300491 2.250993
v 0.155609 -0.190435 2.264254
v 0.237411 0.000000 2.097165
v 0.236949 0.190435 2.093079
v 0.235561 0.300491 2.080821
v 0.233247 0.388835 2.060383
v 0.230003 0.462296 2.031727
v 0.225815 0.523238 1.994731
v 0.220648 0.572632 1.949087
v 0.214419 0.610892 1.894065
v 0.206929 0.638178 1.827897
v 0.197597 0.654545 1.745466
v 0.181450 0.660000 1.602833
v 0.165303 0.654545 1.460200
v 0.155971 0.638178 1.377769
v 0.148481 0.610892 1.311601
v 0.142252 0.572632 1.256579
v 0.137085 0.523238 1.210935
v 0.132897 0.462296 1.173939
v 0.129653 0.388835 1.145283
v 0.127339 0.300491 1.124845
v 0.125951 0.190435 1.112587
v 0.125489 0.000000 1.108501
v 0.125951 -0.190435 1.112587
v 0.127339 -0.300491 1.124845
v 0.129653 -0.388835 1.145283
v 0.132897 -0.462296 1.173939
v 0.137085 -0.523238 1.210935
v 0.142252 -0.572632 1.256579
v 0.148481 -0.610892 1.311601
v 0.155971 -0.638178 1.377769
v 0.165303 -0.654545 1.460200
v 0.181450 -0.660000 1.602833
v 0.197597 -0.654545 1.745466
v 0.206929 -0.638178 1.827897
v 0.214419 -0.610892 1.894065
v 0.220648 -0.572632 1.949087
v 0.225815 -0.523238 1.994731
v 0.230003 -0.462296 2.031727
v 0.233247 -0.388835 2.060383
v 0.235561 -0.300491 2.080821
v 0.236949 -0.190435 2.093079
v 0.339252 0.000000 1.911764
v 0.338591 0.190435 1.908039
v 0.336608 0.300491 1.896865
v 0.333302 0.388835 1.878234
v 0.328666 0.462296 1.852111
v 0.322682 0.523238 1.818386
v 0.315298 0.572632 1.776777
v 0.306397 0.610892 1.726620
v 0.295693 0.638178 1.666301
v 0.282359 0.654545 1.591157
v 0.259285 0.660000 1.461134
v 0.236212 0.654545 1.331110
v 0.222877 0.638178 1.255966
v 0.212174 0.610892 1.195648
v 0.203273 0.572632 1.145490
v 0.195889 0.523238 1.103881
v 0.189905 0.462296 1.070156
v 0.185269 0.388835 1.044034
v 0.181963 0.300491 1.025403
v 0.179980 0.190435 1.014228
v 0.179319 0.000000 1.010504
v 0.179980 -0.190435 1.014228
v 0.181963 -0.300491 1.025403
v 0.185269 -0.388835 1.044034
v 0.189905 -0.462296 1.070156
v 0.195889 -0.523238 1.103881
v 0.203273 -0.572632 1.145490
v 0.212174 -0.610892 1.195648
v 0.222877 -0.638178 1.255966
v 0.236212 -0.654545 1.331110
v 0.259285 -0.660000 1.461134
v 0.282359 -0.654545 1.591157
v 0.295693 -0.638178 1.666301
v 0.306397 -0.610892 1.726620
v 0.315298 -0.572632 1.776777
v 0.322682 -0.523238 1.818386
v 0.328666 -0.462296 1.852111
v 0.333302 -0.388835 1.878234
v 0.336608 -0.300491 1.896865
v 0.338591 -0.190435 1.908039
v 0.461359 0.000000 1.717020
v 0.460460 0.190435 1.713674
v 0.457763 0.300491 1.703638
v 0.453267 0.388835 1.686905
v 0.446963 0.462296 1.663444
v 0.438824 0.523238 1.633154
v 0.428783 0.572632 1.595783
v 0.416678 0.610892 1.550735
v 0.402122 0.638178 1.496561
v 0.383988 0.654545 1.429072
v 0.352610 0.660000 1.312294
v 0.321232 0.654545 1.195515
v 0.303098 0.638178 1.128026
v 0.288541 0.610892 1.073852
v 0.276437 0.572632 1.028804
v 0.266395 0.523238 0.991433
v 0.258257 0.462296 0.961143
v 0.251953 0.388835 0.937682
v 0.247457 0.300491 0.920949
v 0.244760 0.190435 0.910913
v 0.243861 0.000000 0.907568
v 0.244760 -0.190435 0.910913
v 0.247457 -0.300491 0.920949
v 0.251953 -0.388835 0.937682
v 0.258257 -0.462296 0.961143
v 0.266395 -0.523238 0.991433
v 0.276437 -0.572632 1.028804
v 0.288541 -0.610892 1.073852
v 0.303098 -0.638178 1.128026
v 0.321232 -0.654545 1.195515
v 0.352610 -0.660000 1.312294
v 0.383988 -0.654545 1.429072
v 0.402122 -0.638178 1.496561
v 0.416678 -0.610892 1.550735
v 0.428783 -0.572632 1.595783
v 0.438824 -0.523238 1.633154
v 0.446963 -0.462296 1.663444
v 0.453267 -0.388835 1.686905
v 0.457763 -0.300491 1.703638
v 0.460460 -0.190435 1.713674
v 0.602837 0.000000 1.517594
v 0.601663 0.190435 1.514637
v 0.598139 0.300491 1.505767
v 0.592264 0.388835 1.490977
v 0.584027 0.462296 1.470241
v 0.573392 0.523238 1.443469
v 0.560272 0.572632 1.410439
v 0.544456 0.610892 1.370623
v 0.525435 0.638178 1.322741
v 0.501740 0.654545 1.263091
v 0.460740 0.660000 1.159875
v 0.419739 0.654545 1.056660
v 0.396044 0.638178 0.997010
v 0.377024 0.610892 0.949128
v 0.361208 0.572632 0.909312
v 0.348087 0.523238 0.876282
v 0.337453 0.462296 0.849510
v 0.329215 0.388835 0.828773
v 0.323341 0.300491 0.813984
v 0.319817 0.190435 0.805114
v 0.318643 0.000000 0.802157
v 0.319817 -0.190435 0.805114
v 0.323341 -0.300491 0.813984
v 0.329215 -0.388835 0.828773
v 0.337453 -0.462296 0.849510
v 0.348087 -0.523238 0.876282
v 0.361208 -0.572632 0.909312
v 0.377024 -0.610892 0.949128
v 0.396044 -0.638178 0.997010
v 0.419739 -0.654545 1.056660
v 0.460740 -0.660000 1.159875
v 0.501740 -0.654545 1.263091
v 0.525435 -0.638178 1.322741
v 0.544456 -0.610892 1.370623
v 0.560272 -0.572632 1.410439
v 0.573392 -0.523238 1.443469
v 0.584027 -0.462296 1.470241
v 0.592264 -0.388835 1.490977
v 0.598139 -0.300491 1.505767
v 0.601663 -0.190435 1.514637
v 0.762002 0.000000 1.318113
v 0.760517 0.190435 1.315544
v 0.756063 0.300491 1.307840
v 0.748637 0.388835 1.294995
v 0.738225 0.462296 1.276984
v 0.724783 0.523238 1.253731
v 0.708198 0.572632 1.225043
v 0.688206 0.610892 1.190460
v 0.664164 0.638178 1.148872
v 0.634213 0.654545 1.097063
v 0.582387 0.660000 1.007415
v 0.530562 0.654545 0.917767
v 0.500610 0.638178 0.865957
v 0.476568 0.610892 0.824369
v 0.456576 0.572632 0.789787
v 0.439992 0.523238 0.761098
v 0.426549 0.462296 0.737846
v 0.416137 0.388835 0.719835
v 0.408711 0.300491 0.706989
v 0.404257 0.190435 0.699285
v 0.402772 0.000000 0.696717
v 0.404257 -0.190435 0.699285
v 0.408711 -0.300491 0.706989
v 0.416137 -0.388835 0.719835
v 0.426549 -0.462296 0.737846
v 0.439992 -0.523238 0.761098
v 0.456576 -0.572632 0.789787
v 0.476568 -0.610892 0.824369
v 0.500610 -0.638178 0.865957
v 0.530562 -0.654545 0.917767
v 0.582387 -0.660000 1.007415
v 0.634213 -0.654545 1.097063
v 0.664164 -0.638178 1.148872
v 0.688206 -0.610892 1.190460
v 0.708198 -0.572632 1.225043
v 0.724783 -0.523238 1.253731
v 0.738225 -0.462296 1.276984
v 0.748637 -0.388835 1.294995
v 0.756063 -0.300491 1.307840
v 0.760517 -0.190435 1.315544
v 0.936426 0.000000 1.123018
v 0.934602 0.190435 1.120830
v 0.929129 0.300491 1.114265
v 0.920003 0.388835 1.103321
v 0.907207 0.462296 1.087976
v 0.890688 0.523238 1.068165
v 0.870307 0.572632 1.043723
v 0.845739 0.610892 1.014259
v 0.816193 0.638178 0.978827
v 0.779386 0.654545 0.934686
v 0.715697 0.660000 0.858306
v 0.652009 0.654545 0.781927
v 0.615202 0.638178 0.737786
v 0.585656 0.610892 0.702353
v 0.561088 0.572632 0.672890
v 0.540707 0.523238 0.648447
v 0.524187 0.462296 0.628636
v 0.511392 0.388835 0.613291
v 0.502266 0.300491 0.602347
v 0.496793 0.190435 0.595783
v 0.494968 0.000000 0.593595
v 0.496793 -0.190435 0.595783
v 0.502266 -0.300491 0.602347
v 0.511392 -0.388835 0.613291
v 0.524187 -0.462296 0.628636
v 0.540707 -0.523238 0.648447
v 0.561088 -0.572632 0.672890
v 0.585656 -0.610892 0.702353
v 0.615202 -0.638178 0.737786
v 0.652009 -0.654545 0.781927
v 0.715697 -0.660000 0.858306
v 0.779386 -0.654545 0.934686
v 0.816193 -0.638178 0.978827
v 0.845739 -0.610892 1.014259
v 0.870307 -0.572632 1.043723
v 0.890688 -0.523238 1.068165
v 0.907207 -0.462296 1.087976
v 0.920003 -0.388835 1.103321
v 0.929129 -0.300491 1.114265
v 0.934602 -0.190435 1.120830
v 1.123018 0.000000 0.936426
v 1.120830 0.190435 0.934602
v 1.114265 0.300491 0.929129
v 1.103321 0.388835 0.920003
v 1.087976 0.462296 0.907207
v 1.068165 0.523238 0.890688
v 1.043723 0.572632 0.870307
v 1.014259 0.610892 0.845739
v 0.978827 0.638178 0.816193
v 0.934686 0.654545 0.779386
v 0.858306 0.660000 0.715697
v 0.781927 0.654545 0.652009
v 0.737786 0.638178 0.615202
v 0.702353 0.610892 0.585656
v 0.672890 0.572632 0.561088
v 0.648447 0.523238 0.540707
v 0.628636 0.462296 0.524187
v 0.613291 0.388835 0.511392
v 0.602347 0.300491 0.502266
v 0.595783 0.190435 0.496793
v 0.593595 0.000000 0.494968
v 0.595783 -0.190435 0.496793
v 0.602347 -0.300491 0.502266
v 0.613291 -0.388835 0.511392
v 0.628636 -0.462296 0.524187
v 0.648447 -0.523238 0.540707
v 0.672890 -0.572632 0.561088
v 0.702353 -0.610892 0.585656
v 0.737786 -0.638178 0.615202
v 0.781927 -0.654545 0.652009
v 0.858306 -0.660000 0.715697
v 0.934686 -0.654545 0.779386
v 0.978827 -0.638178 0.816193
v 1.014259 -0.610892 0.845739
v 1.043723 -0.572632 0.870307
v 1.068165 -0.523238 0.890688
v 1.087976 -0.462296 0.907207
v 1.103321 -0.388835 0.920003
v 1.114265 -0.300491 0.929129
v 1.120830 -0.190435 0.934602
v 1.318113 0.000000 0.762002
v 1.315544 0.190435 0.760517
v 1.307840 0.300491 0.756063
v 1.294995 0.388835 0.748637
v 1.276984 0.462296 0.738225
v 1.253731 0.523238 0.724783
v 1.225043 0.572632 0.708198
v 1.190460 0.610892 0.688206
v 1.148872 0.638178 0.664164
v 1.097063 0.654545 0.634213
v 1.007415 0.660000 0.582387
v 0.917767 0.654545 0.530562
v 0.865957 0.638178 0.500610
v 0.824369 0.610892 0.476568
v 0.789787 0.572632 0.456576
v 0.761098 0.523238 0.439992
v 0.737846 0.462296 0.426549
v 0.719835 0.388835 0.416137
v 0.706989 0.300491 0.408711
v 0.699285 0.190435 0.404257
v 0.696717 0.000000 0.402772
v 0.699285 -0.190435 0.404257
v 0.706989 -0.300491 0.408711
v 0.719835 -0.388835 0.416137
v 0.737846 -0.462296 0.426549
v 0.761098 -0.523238 0.439992
v 0.789787 -0.572632 0.456576
v 0.824369 -0.610892 0.476568
v 0.865957 -0.638178 0.500610
v 0.917767 -0.654545 0.530562
v 1.007415 -0.660000 0.582387
v 1.097063 -0.654545 0.634213
v 1.148872 -0.638178 0.664164
v 1.190460 -0.610892 0.688206
v 1.225043 -0.572632 0.708198
v 1.253731 -0.523238 0.724783
v 1.276984 -0.462296 0.738225
v 1.294995 -0.388835 0.748637
v 1.307840 -0.300491 0.756063
v 1.315544 -0.190435 0.760517
v 1.517594 0.000000 0.602837
v 1.514637 0.190435 0.601663
v 1.505767 0.300491 0.598139
v 1.490977 0.388835 0.592264
v 1.470241 0.462296 0.584027
v 1.443469 0.523238 0.573392
v 1.410439 0.572632 0.560272
v 1.370623 0.610892 0.544456
v 1.322741 0.638178 0.525435
v 1.263091 0.654545 0.501740
v 1.159875 0.660000 0.460740
v 1.056660 0.654545 0.419739
v 0.997010 0.638178 0.396044
v 0.949128 0.610892 0.377024
v 0.909312 0.572632 0.361208
v 0.876282 0.523238 0.348087
v 0.849510 0.462296 0.337453
v 0.828773 0.388835 0.329215
v 0.813984 0.300491 0.323341
v 0.805114 0.190435 0.319817
v 0.802157 0.000000 0.318643
v 0.805114 -0.190435 0.319817
v 0.813984 -0.300491 0.323341
v 0.828773 -0.388835 0.329215
v 0.849510 -0.462296 0.337453
v 0.876282 -0.523238 0.348087
v 0.909312 -0.572632 0.361208
v 0.949128 -0.610892 0.377024
v 0.997010 -0.638178 0.396044
v 1.056660 -0.654545 0.419739
v 1.159875 -0.660000 0.460740
v 1.263091 -0.654545 0.501740
v 1.322741 -0.638178 0.525435
v 1.370623 -0.610892 0.544456
v 1.410439 -0.572632 0.560272
v 1.443469 -0.523238 0.573392
v 1.470241 -0.462296 0.584027
v 1.490977 -0.388835 0.592264
v 1.505767 -0.300491 0.598139
v 1.514637 -0.190435 0.601663
v 1.717020 0.000000 0.461359
v 1.713674 0.190435 0.460460
v 1.703638 0.300491 0.457763
v 1.686905 0.388835 0.453267
v 1.663444 0.462296 0.446963
v 1.633154 0.523238 0.438824
v 1.595783 0.572632 0.428783
v 1.550735 0.610892 0.416678
v 1.496561 0.638178 0.402122
v 1.429072 0.654545 0.383988
v 1.312294 0.660000 0.352610
v 1.195515 0.654545 0.321232
v 1.128026 0.638178 0.303098
v 1.073852 0.610892 0.288541
v 1.028804 0.572632 0.276437
v 0.991433 0.523238 0.266395
v 0.961143 0.462296 0.258257
v 0.937682 0.388835 0.251953
v 0.920949 0.300491 0.247457
v 0.910913 0.190435 0.244760
v 0.907568 0.000000 0.243861
v 0.910913 -0.190435 0.244760
v 0.920949 -0.300491 0.247457
v 0.937682 -0.388835 0.251953
v 0.961143 -0.462296 0.258257
v 0.991433 -0.523238 0.266395
v 1.028804 -0.572632 0.276437
v 1.073852 -0.610892 0.288541
v 1.128026 -0.638178 0.303098
v 1.195515 -0.654545 0.321232
v 1.312294 -0.660000 0.352610
v 1.429072 -0.654545 0.383988
v 1.496561 -0.638178 0.402122
v 1.550735 -0.610892 0.416678
v 1.595783 -0.572632 0.428783
v 1.633154 -0.523238 0.438824
v 1.663444 -0.462296 0.446963
v 1.686905 -0.388835 0.453267
v 1.703638 -0.300491 0.457763
v 1.713674 -0.190435 0.460460
v 1.911764 0.000000 0.339252
v 1.908039 0.190435 0.338591
v 1.896865 0.300491 0.336608
v 1.878234 0.388835 0.333302
v 1.852111 0.462296 0.328666
v 1.818386 0.523238 0.322682
v 1.776777 0.572632 0.315298
v 1.726620 0.610892 0.306397
v 1.666301 0.638178 0.295693
v 1.591157 0.654545 0.282359
v 1.461134 0.660000 0.259285
v 1.331110 0.654545 0.236212
v 1.255966 0.638178 0.222877
v 1.195648 0.610892 0.212174
v 1.145490 0.572632 0.203273
v 1.103881 0.523238 0.195889
v 1.070156 0.462296 0.189905
v 1.044034 0.388835 0.185269
v 1.025403 0.300491 0.181963
v 1.014228 0.190435 0.179980
v 1.010504 0.000000 0.179319
v 1.014228 -0.190435 0.179980
v 1.025403 -0.300491 0.181963
v 1.044034 -0.388835 0.185269
v 1.070156 -0.462296 0.189905
v 1.103881 -0.523238 0.195889
v 1.145490 -0.572632 0.203273
v 1.195648 -0.610892 0.212174
v 1.255966 -0.638178 0.222877
v 1.331110 -0.654545 0.236212
v 1.461134 -0.660000 0.259285
v 1.591157 -0.654545 0.282359
v 1.666301 -0.638178 0.295693
v 1.726620 -0.610892 0.306397
v 1.776777 -0.572632 0.315298
v 1.818386 -0.523238 0.322682
v 1.852111 -0.462296 0.328666
v 1.878234 -0.388835 0.333302
v 1.896865 -0.300491 0.336608
v 1.908039 -0.190435 0.338591
v 2.097165 0.000000 0.237411
v 2.093079 0.190435 0.236949
v 2.080821 0.300491 0.235561
v 2.060383 0.388835 0.233247
v 2.031727 0.462296 0.230003
v 1.994731 0.523238 0.225815
v 1.949087 0.572632 0.220648
v 1.894065 0.610892 0.214419
v 1.827897 0.638178 0.206929
v 1.745466 0.654545 0.197597
v 1.602833 0.660000 0.181450
v 1.460200 0.654545 0.165303
v 1.377769 0.638178 0.155971
v 1.311601 0.610892 0.148481
v 1.256579 0.572632 0.142252
v 1.210935 0.523238 0.137085
v 1.173939 0.462296 0.132897
v 1.145283 0.388835 0.129653
v 1.124845 0.300491 0.127339
v 1.112587 0.190435 0.125951
v 1.108501 0.000000 0.125489
v 1.112587 -0.190435 0.125951
v 1.124845 -0.300491 0.127339
v 1.145283 -0.388835 0.129653
v 1.173939 -0.462296 0.132897
v 1.210935 -0.523238 0.137085
v 1.256579 -0.572632 0.142252
v 1.311601 -0.610892 0.148481
v 1.377769 -0.638178 0.155971
v 1.460200 -0.654545 0.165303
v 1.602833 -0.660000 0.181450
v 1.745466 -0.654545 0.197597
v 1.827897 -0.638178 0.206929
v 1.894065 -0.610892 0.214419
v 1.949087 -0.572632 0.220648
v 1.994731 -0.523238 0.225815
v 2.031727 -0.462296 0.230003
v 2.060383 -0.388835 0.233247
v 2.080821 -0.300491 0.235561
v 2.093079 -0.190435 0.236949
v 2.268674 0.000000 0.155913
v 2.264254 0.190435 0.155609
v 2.250993 0.300491 0.154698
v 2.228884 0.388835 0.153179
v 2.197885 0.462296 0.151048
v 2.157863 0.523238 0.148298
v 2.108486 0.572632 0.144904
v 2.048965 0.610892 0.140814
v 1.977385 0.638178 0.135895
v 1.888213 0.654545 0.129766
v 1.733915 0.660000 0.119162
v 1.579617 0.654545 0.108558
v 1.490445 0.638178 0.102430
v 1.418865 0.610892 0.097511
v 1.359344 0.572632 0.093420
v 1.309967 0.523238 0.090027
v 1.269945 0.462296 0.087276
v 1.238946 0.388835 0.085146
v 1.216837 0.300491 0.083626
v 1.203576 0.190435 0.082715
v 1.199156 0.000000 0.082411
v 1.203576 -0.190435 0.082715
v 1.216837 -0.300491 0.083626
v 1.238946 -0.388835 0.085146
v 1.269945 -0.462296 0.087276
v 1.309967 -0.523238 0.090027
v 1.359344 -0.572632 0.093420
v 1.418865 -0.610892 0.097511
v 1.490445 -0.638178 0.102430
v 1.579617 -0.654545 0.108558
v 1.733915 -0.660000 0.119162
v 1.888213 -0.654545 0.129766
v 1.977385 -0.638178 0.135895
v 2.048965 -0.610892 0.140814
v 2.108486 -0.572632 0.144904
v 2.157863 -0.523238 0.148298
v 2.197885 -0.462296 0.151048
v 2.228884 -0.388835 0.153179
v 2.250993 -0.300491 0.154698
v 2.264254 -0.190435 0.155609
v 2.422001 0.000000 0.094017
v 2.417282 0.190435 0.093834
v 2.403125 0.300491 0.093284
v 2.379522 0.388835 0.092368
v 2.346427 0.462296 0.091084
v 2.303701 0.523238 0.089425
v 2.250987 0.572632 0.087379
v 2.187443 0.610892 0.084912
v 2.111026 0.638178 0.081946
v 2.015827 0.654545 0.078250
v 1.851101 0.660000 0.071856
v 1.686374 0.654545 0.065462
v 1.591175 0.638178 0.061766
v 1.514758 0.610892 0.058800
v 1.451214 0.572632 0.056333
v 1.398500 0.523238 0.054287
v 1.355774 0.462296 0.052628
v 1.322679 0.388835 0.051344
v 1.299076 0.300491 0.050427
v 1.284919 0.190435 0.049878
v 1.280200 0.000000 0.049695
v 1.284919 -0.190435 0.049878
v 1.299076 -0.300491 0.050427
v 1.322679 -0.388835 0.051344
v 1.355774 -0.462296 0.052628
v 1.398500 -0.523238 0.054287
v 1.451214 -0.572632 0.056333
v 1.514758 -0.610892 0.058800
v 1.591175 -0.638178 0.061766
v 1.686374 -0.654545 0.065462
v 1.851101 -0.660000 0.071856
v 2.015827 -0.654545 0.078250
v 2.111026 -0.638178 0.081946
v 2.187443 -0.610892 0.084912
v 2.250987 -0.572632 0.087379
v 2.303701 -0.523238 0.089425
v 2.346427 -0.462296 0.091084
v 2.379522 -0.388835 0.092368
v 2.403125 -0.300491 0.093284
v 2.417282 -0.190435 0.093834
v 2.553252 0.000000 0.050189
v 2.548277 0.190435 0.050091
v 2.533354 0.300491 0.049798
v 2.508471 0.388835 0.049309
v 2.473583 0.462296 0.048623
v 2.428542 0.523238 0.047738
v 2.372971 0.572632 0.046645
v 2.305983 0.610892 0.045329
v 2.225425 0.638178 0.043745
v 2.125067 0.654545 0.041772
v 1.951414 0.660000 0.038359
v 1.777761 0.654545 0.034945
v 1.677403 0.638178 0.032973
v 1.596845 0.610892 0.031389
v 1.529857 0.572632 0.030072
v 1.474286 0.523238 0.028980
v 1.429245 0.462296 0.028095
v 1.394357 0.388835 0.027409
v 1.369475 0.300491 0.026920
v 1.354551 0.190435 0.026626
v 1.349576 0.000000 0.026529
v 1.354551 -0.190435 0.026626
v 1.369475 -0.300491 0.026920
v 1.394357 -0.388835 0.027409
v 1.429245 -0.462296 0.028095
v 1.474286 -0.523238 0.028980
v 1.529857 -0.572632 0.030072
v 1.596845 -0.610892 0.031389
v 1.677403 -0.638178 0.032973
v 1.777761 -0.654545 0.034945
v 1.951414 -0.660000 0.038359
v 2.125067 -0.654545 0.041772
v 2.225425 -0.638178 0.043745
v 2.305983 -0.610892 0.045329
v 2.372971 -0.572632 0.046645
v 2.428542 -0.523238 0.047738
v 2.473583 -0.462296 0.048623
v 2.508471 -0.388835 0.049309
v 2.533354 -0.300491 0.049798
v 2.548277 -0.190435 0.050091
v 2.659055 0.000000 0.022148
v 2.653874 0.190435 0.022105
v 2.638332 0.300491 0.021976
v 2.612418 0.388835 0.021760
v 2.576085 0.462296 0.021457
v 2.529177 0.523238 0.021066
v 2.471303 0.572632 0.020584
v 2.401540 0.610892 0.020003
v 2.317643 0.638178 0.019304
v 2.213127 0.654545 0.018434
v 2.032278 0.660000 0.016927
v 1.851429 0.654545 0.015421
v 1.746912 0.638178 0.014551
v 1.663016 0.610892 0.013852
v 1.593252 0.572632 0.013271
v 1.535379 0.523238 0.012789
v 1.488471 0.462296 0.012398
v 1.452137 0.388835 0.012095
v 1.426223 0.300491 0.011879
v 1.410681 0.190435 0.011750
v 1.405500 0.000000 0.011707
v 1.410681 -0.190435 0.011750
v 1.426223 -0.300491 0.011879
v 1.452137 -0.388835 0.012095
v 1.488471 -0.462296 0.012398
v 1.535379 -0.523238 0.012789
v 1.593252 -0.572632 0.013271
v 1.663016 -0.610892 0.013852
v 1.746912 -0.638178 0.014551
v 1.851429 -0.654545 0.015421
v 2.032278 -0.660000 0.016927
v 2.213127 -0.654545 0.018434
v 2.317643 -0.638178 0.019304
v 2.401540 -0.610892 0.020003
v 2.471303 -0.572632 0.020584
v 2.529177 -0.523238 0.021066
v 2.576085 -0.462296 0.021457
v 2.612418 -0.388835 0.021760
v 2.638332 -0.300491 0.021976
v 2.653874 -0.190435 0.022105
v 2.736666 0.000000 0.006927
v 2.731334 0.190435 0.006914
v 2.715338 0.300491 0.006873
v 2.688669 0.388835 0.006806
v 2.651274 0.462296 0.006711
v 2.602997 0.523238 0.006589
v 2.543435 0.572632 0.006438
v 2.471635 0.610892 0.006257
v 2.385290 0.638178 0.006038
v 2.277723 0.654545 0.005766
v 2.091595 0.660000 0.005295
v 1.905468 0.654545 0.004823
v 1.797900 0.638178 0.004551
v 1.711555 0.610892 0.004333
v 1.639755 0.572632 0.004151
v 1.580193 0.523238 0.004000
v 1.531916 0.462296 0.003878
v 1.494521 0.388835 0.003783
v 1.467852 0.300491 0.003716
v 1.451856 0.190435 0.003675
v 1.446524 0.000000 0.003662
v 1.451856 -0.190435 0.003675
v 1.467852 -0.300491 0.003716
v 1.494521 -0.388835 0.003783
v 1.531916 -0.462296 0.003878
v 1.580193 -0.523238 0.004000
v 1.639755 -0.572632 0.004151
v 1.711555 -0.610892 0.004333
v 1.797900 -0.638178 0.004551
v 1.905468 -0.654545 0.004823
v 2.091595 -0.660000 0.005295
v 2.277723 -0.654545 0.005766
v 2.385290 -0.638178 0.006038
v 2.471635 -0.610892 0.006257
v 2.543435 -0.572632 0.006438
v 2.602997 -0.523238 0.006589
v 2.651274 -0.462296 0.006711
v 2.688669 -0.388835 0.006806
v 2.715338 -0.300491 0.006873
v 2.731334 -0.190435 0.006914
v 2.784062 0.000000 0.000940
v 2.778638 0.190435 0.000938
v 2.762365 0.300491 0.000933
v 2.735233 0.388835 0.000923
v 2.697191 0.462296 0.000911
v 2.648078 0.523238 0.000894
v 2.587484 0.572632 0.000874
v 2.514440 0.610892 0.000849
v 2.426600 0.638178 0.000819
v 2.317170 0.654545 0.000782
v 2.127819 0.660000 0.000718
v 1.938468 0.654545 0.000654
v 1.829038 0.638178 0.000617
v 1.741197 0.610892 0.000588
v 1.668154 0.572632 0.000563
v 1.607560 0.523238 0.000543
v 1.558446 0.462296 0.000526
v 1.520404 0.388835 0.000513
v 1.493273 0.300491 0.000504
v 1.477000 0.190435 0.000499
v 1.471575 0.000000 0.000497
v 1.477000 -0.190435 0.000499
v 1.493273 -0.300491 0.000504
v 1.520404 -0.388835 0.000513
v 1.558446 -0.462296 0.000526
v 1.607560 -0.523238 0.000543
v 1.668154 -0.572632 0.000563
v 1.741197 -0.610892 0.000588
v 1.829038 -0.638178 0.000617
v 1.938468 -0.654545 0.000654
v 2.127819 -0.660000 0.000718
v 2.317170 -0.654545 0.000782
v 2.426600 -0.638178 0.000819
v 2.514440 -0.610892 0.000849
v 2.587484 -0.572632 0.000874
v 2.648078 -0.523238 0.000894
v 2.697191 -0.462296 0.000911
v 2.735233 -0.388835 0.000923
v 2.762365 -0.300491 0.000933
v 2.778638 -0.190435 0.000938
vn 0.0589 -0.0017 -0.9983
vn 0.0589 0.0017 -0.9983
vn 0.0589 0.0088 -0.9982
vn 0.0589 0.0182 -0.9981
vn 0.0588 0.0306 -0.9978
vn 0.0588 0.0477 -0.9971
vn 0.0587 0.0724 -0.9956
vn 0.0585 0.1123 -0.9919
vn 0.0578 0.1872 -0.9806
vn 0.0547 0.3681 -0.9282
vn 0.0258 0.8992 -0.4368
vn -0.0258 0.8992 0.4368
vn -0.0547 0.3681 0.9282
vn -0.0578 0.1872 0.9806
vn -0.0585 0.1123 0.9919
vn -0.0587 0.0724 0.9956
vn -0.0588 0.0477 0.9971
vn -0.0588 0.0306 0.9978
vn -0.0589 0.0182 0.9981
vn -0.0589 0.0088 0.9982
vn -0.0589 0.0017 0.9983
vn -0.0589 -0.0017 0.9983
vn -0.0589 -0.0088 0.9982
vn -0.0589 -0.0182 0.9981
vn -0.0588 -0.0306 0.9978
vn -0.0588 -0.0477 0.9971
vn -0.0587 -0.0724 0.9956
vn -0.0585 -0.1123 0.9919
vn -0.0578 -0.1872 0.9806
vn -0.0547 -0.3681 0.9282
vn -0.0258 -0.8992 0.4368
vn 0.0258 -0.8992 -0.4368
vn 0.0547 -0.3681 -0.9282
vn 0.0578 -0.1872 -0.9806
vn 0.0585 -0.1123 -0.9919
vn 0.0587 -0.0724 -0.9956
vn 0.0588 -0.0477 -0.9971
vn 0.0588 -0.0306 -0.9978
vn 0.0589 -0.0182 -0.9981
vn 0.0589 -0.0088 -0.9982
vn 0.1253 -0.0036 -0.9921
vn 0.1253 0.0036 -0.9921
vn 0.1253 0.0186 -0.9919
vn 0.1252 0.0386 -0.9914
vn 0.1251 0.0649 -0.9900
vn 0.1247 0.1008 -0.9871
vn 0.1239 0.1524 -0.9805
vn 0.1219 0.2333 -0.9647
vn 0.1162 0.3750 -0.9197
vn 0.0960 0.6433 -0.7596
vn 0.0280 0.9747 -0.2217
vn -0.0280 0.9747 0.2217
vn -0.0960 0.6433 0.7596
vn -0.1162 0.3750 0.9197
vn -0.1219 0.2333 0.9647
vn -0.1239 0.1524 0.9805
vn -0.1247 0.1008 0.9871
vn -0.1251 0.0649 0.9900
vn -0.1252 0.0386 0.9914
vn -0.1253 0.0186 0.9919
vn -0.1253 0.0036 0.9921
vn -0.1253 -0.0036 0.9921
vn -0.1253 -0.0186 0.9919
vn -0.1252 -0.0386 0.9914
vn -0.1251 -0.0649 0.9900
vn -0.1247 -0.1008 0.9871
vn -0.1239 -0.1524 0.9805
vn -0.1219 -0.2333 0.9647
vn -0.1162 -0.3750 0.9197
vn -0.0960 -0.6433 0.7596
vn -0.0280 -0.9747 0.2217
vn 0.0280 -0.9747 -0.2217
vn 0.0960 -0.6433 -0.7596
vn 0.1162 -0.3750 -0.9197
vn 0.1219 -0.2333 -0.9647
vn 0.1239 -0.1524 -0.9805
vn 0.1247 -0.1008 -0.9871
vn 0.1251 -0.0649 -0.9900
vn 0.1252 -0.0386 -0.9914
vn 0.1253 -0.0186 -0.9919
vn 0.1924 -0.0055 -0.9813
vn 0.1924 0.0055 -0.9813
vn 0.1924 0.0283 -0.9809
vn 0.1921 0.0587 -0.9796
vn 0.1915 0.0987 -0.9765
vn 0.1902 0.1526 -0.9698
vn 0.1873 0.2288 -0.9553
vn 0.1807 0.3436 -0.9216
vn 0.1638 0.5250 -0.8352
vn 0.1184 0.7883 -0.6038
vn 0.0286 0.9889 -0.1459
vn -0.0286 0.9889 0.1459
vn -0.1184 0.7883 0.6038
vn -0.1638 0.5250 0.8352
vn -0.1807 0.3436 0.9216
vn -0.1873 0.2288 0.9553
vn -0.1902 0.1526 0.9698
vn -0.1915 0.0987 0.9765
vn -0.1921 0.0587 0.9796
vn -0.1924 0.0283 0.9809
vn -0.1924 0.0055 0.9813
vn -0.1924 -0.0055 0.9813
vn -0.1924 -0.0283 0.9809
vn -0.1921 -0.0587 0.9796
vn -0.1915 -0.0987 0.9765
vn -0.1902 -0.1526 0.9698
vn -0.1873 -0.2288 0.9553
vn -0.1807 -0.3436 0.9216
vn -0.1638 -0.5250 0.8352
vn -0.1184 -0.7883 0.6038
vn -0.0286 -0.9889 0.1459
vn 0.0286 -0.9889 -0.1459
vn 0.1184 -0.7883 -0.6038
vn 0.1638 -0.5250 -0.8352
vn 0.1807 -0.3436 -0.9216
vn 0.1873 -0.2288 -0.9553
vn 0.1902 -0.1526 -0.9698
vn 0.1915 -0.0987 -0.9765
vn 0.1921 -0.0587 -0.9796
vn 0.1924 -0.0283 -0.9809
vn 0.2562 -0.0072 -0.9666
vn 0.2562 0.0072 -0.9666
vn 0.2560 0.0373 -0.9660
vn 0.2554 0.0773 -0.9637
vn 0.2540 0.1296 -0.9585
vn 0.2510 0.1993 -0.9472
vn 0.2447 0.2957 -0.9234
vn 0.2308 0.4341 -0.8708
vn 0.1988 0.6306 -0.7502
vn 0.1306 0.8603 -0.4928
vn 0.0291 0.9935 -0.1096
vn -0.0291 0.9935 0.1096
vn -0.1306 0.8603 0.4928
vn -0.1988 0.6306 0.7502
vn -0.2308 0.4341 0.8708
vn -0.2447 0.2957 0.9234
vn -0.2510 0.1993 0.9472
vn -0.2540 0.1296 0.9585
vn -0.2554 0.0773 0.9637
vn -0.2560 0.0373 0.9660
vn -0.2562 0.0072 0.9666
vn -0.2562 -0.0072 0.9666
vn -0.2560 -0.0373 0.9660
vn -0.2554 -0.0773 0.9637
vn -0.2540 -0.1296 0.9585
vn -0.2510 -0.1993 0.9472
vn -0.2447 -0.2957 0.9234
vn -0.2308 -0.4341 0.8708
vn -0.1988 -0.6306 0.7502
vn -0.1306 -0.8603 0.4928
vn -0.0291 -0.9935 0.1096
vn 0.0291 -0.9935 -0.1096
vn 0.1306 -0.8603 -0.4928
vn 0.1988 -0.6306 -0.7502
vn 0.2308 -0.4341 -0.8708
vn 0.2447 -0.2957 -0.9234
vn 0.2510 -0.1993 -0.9472
vn 0.2540 -0.1296 -0.9585
vn 0.2554 -0.0773 -0.9637
vn 0.2560 -0.0373 -0.9660
vn 0.3167 -0.0088 -0.9485
vn 0.3167 0.0088 -0.9485
vn 0.3164 0.0454 -0.9475
vn 0.3153 0.0940 -0.9443
vn 0.3128 0.1573 -0.9367
vn 0.3074 0.2406 -0.9207
vn 0.2963 0.3530 -0.8874
vn 0.2731 0.5064 -0.8179
vn 0.2251 0.7036 -0.6740
vn 0.1385 0.8993 -0.4148
vn 0.0295 0.9956 -0.0885
vn -0.0295 0.9956 0.0885
vn -0.1385 0.8993 0.4148
vn -0.2251 0.7036 0.6740
vn -0.2731 0.5064 0.8179
vn -0.2963 0.3530 0.8874
vn -0.3074 0.2406 0.9207
vn -0.3128 0.1573 0.9367
vn -0.3153 0.0940 0.9443
vn -0.3164 0.0454 0.9475
vn -0.3167 0.0088 0.9485
vn -0.3167 -0.0088 0.9485
vn -0.3164 -0.0454 0.9475
vn -0.3153 -0.0940 0.9443
vn -0.3128 -0.1573 0.9367
vn -0.3074 -0.2406 0.9207
vn -0.2963 -0.3530 0.8874
vn -0.2731 -0.5064 0.8179
vn -0.2251 -0.7036 0.6740
vn -0.1385 -0.8993 0.4148
vn -0.0295 -0.9956 0.0885
vn 0.0295 -0.9956 -0.0885
vn 0.1385 -0.8993 -0.4148
vn 0.2251 -0.7036 -0.6740
vn 0.2731 -0.5064 -0.8179
vn 0.2963 -0.3530 -0.8874
vn 0.3074 -0.2406 -0.9207
vn 0.3128 -0.1573 -0.9367
vn 0.3153 -0.0940 -0.9443
vn 0.3164 -0.0454 -0.9475
vn 0.3743 -0.0102 -0.9272
vn 0.3743 0.0102 -0.9272
vn 0.3738 0.0527 -0.9260
vn 0.3721 0.1090 -0.9218
vn 0.3681 0.1818 -0.9118
vn 0.3597 0.2765 -0.8911
vn 0.3429 0.4011 -0.8494
vn 0.3093 0.5632 -0.7663
vn 0.2457 0.7544 -0.6087
vn 0.1447 0.9223 -0.3583
vn 0.0301 0.9968 -0.0746
vn -0.0301 0.9968 0.0746
vn -0.1447 0.9223 0.3583
vn -0.2457 0.7544 0.6087
vn -0.3093 0.5632 0.7663
vn -0.3429 0.4011 0.8494
vn -0.3597 0.2765 0.8911
vn -0.3681 0.1818 0.9118
vn -0.3721 0.1090 0.9218
vn -0.3738 0.0527 0.9260
vn -0.3743 0.0102 0.9272
vn -0.3743 -0.0102 0.9272
vn -0.3738 -0.0527 0.9260
vn -0.3721 -0.1090 0.9218
vn -0.3681 -0.1818 0.9118
vn -0.3597 -0.2765 0.8911
vn -0.3429 -0.4011 0.8494
vn -0.3093 -0.5632 0.7663
vn -0.2457 -0.7544 0.6087
vn -0.1447 -0.9223 0.3583
vn -0.0301 -0.9968 0.0746
vn 0.0301 -0.9968 -0.0746
vn 0.1447 -0.9223 -0.3583
vn 0.2457 -0.7544 -0.6087
vn 0.3093 -0.5632 -0.7663
vn 0.3429 -0.4011 -0.8494
vn 0.3597 -0.2765 -0.8911
vn 0.3681 -0.1818 -0.9118
vn 0.3721 -0.1090 -0.9218
vn 0.3738 -0.0527 -0.9260
vn 0.4292 -0.0114 -0.9032
vn 0.4292 0.0114 -0.9032
vn 0.4284 0.0591 -0.9016
vn 0.4260 0.1220 -0.8965
vn 0.4203 0.2030 -0.8844
vn 0.4085 0.3070 -0.8596
vn 0.3852 0.4408 -0.8107
vn 0.3410 0.6072 -0.7176
vn 0.2631 0.7900 -0.5537
vn 0.1502 0.9368 -0.3161
vn 0.0308 0.9974 -0.0648
vn -0.0308 0.9974 0.0648
vn -0.1502 0.9368 0.3161
vn -0.2631 0.7900 0.5537
vn -0.3410 0.6072 0.7176
vn -0.3852 0.4408 0.8107
vn -0.4085 0.3070 0.8596
vn -0.4203 0.2030 0.8844
vn -0.4260 0.1220 0.8965
vn -0.4284 0.0591 0.9016
vn -0.4292 0.0114 0.9032
vn -0.4292 -0.0114 0.9032
vn -0.4284 -0.0591 0.9016
vn -0.4260 -0.1220 0.8965
vn -0.4203 -0.2030 0.8844
vn -0.4085 -0.3070 0.8596
vn -0.3852 -0.4408 0.8107
vn -0.3410 -0.6072 0.7176
vn -0.2631 -0.7900 0.5537
vn -0.1502 -0.9368 0.3161
vn -0.0308 -0.9974 0.0648
vn 0.0308 -0.9974 -0.0648
vn 0.1502 -0.9368 -0.3161
vn 0.2631 -0.7900 -0.5537
vn 0.3410 -0.6072 -0.7176
vn 0.3852 -0.4408 -0.8107
vn 0.4085 -0.3070 -0.8596
vn 0.4203 -0.2030 -0.8844
vn 0.4260 -0.1220 -0.8965
vn 0.4284 -0.0591 -0.9016
vn 0.4814 -0.0125 -0.8764
vn 0.4814 0.0125 -0.8764
vn 0.4804 0.0645 -0.8746
vn 0.4772 0.1331 -0.8687
vn 0.4696 0.2209 -0.8548
vn 0.4541 0.3325 -0.8266
vn 0.4242 0.4728 -0.7723
vn 0.3695 0.6410 -0.6728
vn 0.2788 0.8153 -0.5075
vn 0.1558 0.9462 -0.2836
vn 0.0316 0.9978 -0.0576
vn -0.0316 0.9978 0.0576
vn -0.1558 0.9462 0.2836
vn -0.2788 0.8153 0.5075
vn -0.3695 0.6410 0.6728
vn -0.4242 0.4728 0.7723
vn -0.4541 0.3325 0.8266
vn -0.4696 0.2209 0.8548
vn -0.4772 0.1331 0.8687
vn -0.4804 0.0645 0.8746
vn -0.4814 0.0125 0.8764
vn -0.4814 -0.0125 0.8764
vn -0.4804 -0.0645 0.8746
vn -0.4772 -0.1331 0.8687
vn -0.4696 -0.2209 0.8548
vn -0.4541 -0.3325 0.8266
vn -0.4242 -0.4728 0.7723
vn -0.3695 -0.6410 0.6728
vn -0.2788 -0.8153 0.5075
vn -0.1558 -0.9462 0.2836
vn -0.0316 -0.9978 0.0576
vn 0.0316 -0.9978 -0.0576
vn 0.1558 -0.9462 -0.2836
vn 0.2788 -0.8153 -0.5075
vn 0.3695 -0.6410 -0.6728
vn 0.4242 -0.4728 -0.7723
vn 0.4541 -0.3325 -0.8266
vn 0.4696 -0.2209 -0.8548
vn 0.4772 -0.1331 -0.8687
vn 0.4804 -0.0645 -0.8746
vn 0.5312 -0.0133 -0.8472
vn 0.5312 0.0133 -0.8472
vn 0.5300 0.0690 -0.8452
vn 0.5258 0.1423 -0.8386
vn 0.5163 0.2355 -0.8234
vn 0.4970 0.3529 -0.7927
vn 0.4607 0.4979 -0.7347
vn 0.3961 0.6663 -0.6318
vn 0.2938 0.8332 -0.4685
vn 0.1617 0.9525 -0.2579
vn 0.0326 0.9981 -0.0521
vn -0.0326 0.9981 0.0521
vn -0.1617 0.9525 0.2579
vn -0.2938 0.8332 0.4685
vn -0.3961 0.6663 0.6318
vn -0.4607 0.4979 0.7347
vn -0.4970 0.3529 0.7927
vn -0.5163 0.2355 0.8234
vn -0.5258 0.1423 0.8386
vn -0.5300 0.0690 0.8452
vn -0.5312 0.0133 0.8472
vn -0.5312 -0.0133 0.8472
vn -0.5300 -0.0690 0.8452
vn -0.5258 -0.1423 0.8386
vn -0.5163 -0.2355 0.8234
vn -0.4970 -0.3529 0.7927
vn -0.4607 -0.4979 0.7347
vn -0.3961 -0.6663 0.6318
vn -0.2938 -0.8332 0.4685
vn -0.1617 -0.9525 0.2579
vn -0.0326 -0.9981 0.0521
vn 0.0326 -0.9981 -0.0521
vn 0.1617 -0.9525 -0.2579
vn 0.2938 -0.8332 -0.4685
vn 0.3961 -0.6663 -0.6318
vn 0.4607 -0.4979 -0.7347
vn 0.4970 -0.3529 -0.7927
vn 0.5163 -0.2355 -0.8234
vn 0.5258 -0.1423 -0.8386
vn 0.5300 -0.0690 -0.8452
vn 0.5786 -0.0140 -0.8155
vn 0.5786 0.0140 -0.8155
vn 0.5771 0.0726 -0.8135
vn 0.5721 0.1494 -0.8064
vn 0.5607 0.2469 -0.7904
vn 0.5379 0.3686 -0.7582
vn 0.4954 0.5167 -0.6983
vn 0.4217 0.6846 -0.5945
vn 0.3089 0.8456 -0.4354
vn 0.1683 0.9568 -0.2372
vn 0.0338 0.9983 -0.0477
vn -0.0338 0.9983 0.0477
vn -0.1683 0.9568 0.2372
vn -0.3089 0.8456 0.4354
vn -0.4217 0.6846 0.5945
vn -0.4954 0.5167 0.6983
vn -0.5379 0.3686 0.7582
vn -0.5607 0.2469 0.7904
vn -0.5721 0.1494 0.8064
vn -0.5771 0.0726 0.8135
vn -0.5786 0.0140 0.8155
vn -0.5786 -0.0140 0.8155
vn -0.5771 -0.0726 0.8135
vn -0.5721 -0.1494 0.8064
vn -0.5607 -0.2469 0.7904
vn -0.5379 -0.3686 0.7582
vn -0.4954 -0.5167 0.6983
vn -0.4217 -0.6846 0.5945
vn -0.3089 -0.8456 0.4354
vn -0.1683 -0.9568 0.2372
vn -0.0338 -0.9983 0.0477
vn 0.0338 -0.9983 -0.0477
vn 0.1683 -0.9568 -0.2372
vn 0.3089 -0.8456 -0.4354
vn 0.4217 -0.6846 -0.5945
vn 0.4954 -0.5167 -0.6983
vn 0.5379 -0.3686 -0.7582
vn 0.5607 -0.2469 -0.7904
vn 0.5721 -0.1494 -0.8064
vn 0.5771 -0.0726 -0.8135
vn 0.6236 -0.0145 -0.7816
vn 0.6236 0.0145 -0.7816
vn 0.6219 0.0751 -0.7795
vn 0.6162 0.1545 -0.7723
vn 0.6031 0.2550 -0.7558
vn 0.5770 0.3797 -0.7231
vn 0.5290 0.5298 -0.6629
vn 0.4472 0.6971 -0.5605
vn 0.3248 0.8537 -0.4071
vn 0.1758 0.9595 -0.2203
vn 0.0352 0.9984 -0.0442
vn -0.0352 0.9984 0.0442
vn -0.1758 0.9595 0.2203
vn -0.3248 0.8537 0.4071
vn -0.4472 0.6971 0.5605
vn -0.5290 0.5298 0.6629
vn -0.5770 0.3797 0.7231
vn -0.6031 0.2550 0.7558
vn -0.6162 0.1545 0.7723
vn -0.6219 0.0751 0.7795
vn -0.6236 0.0145 0.7816
vn -0.6236 -0.0145 0.7816
vn -0.6219 -0.0751 0.7795
vn -0.6162 -0.1545 0.7723
vn -0.6031 -0.2550 0.7558
vn -0.5770 -0.3797 0.7231
vn -0.5290 -0.5298 0.6629
vn -0.4472 -0.6971 0.5605
vn -0.3248 -0.8537 0.4071
vn -0.1758 -0.9595 0.2203
vn -0.0352 -0.9984 0.0442
vn 0.0352 -0.9984 -0.0442
vn 0.1758 -0.9595 -0.2203
vn 0.3248 -0.8537 -0.4071
vn 0.4472 -0.6971 -0.5605
vn 0.5290 -0.5298 -0.6629
vn 0.5770 -0.3797 -0.7231
vn 0.6031 -0.2550 -0.7558
vn 0.6162 -0.1545 -0.7723
vn 0.6219 -0.0751 -0.7795
vn 0.6664 -0.0148 -0.7454
vn 0.6664 0.0148 -0.7454
vn 0.6646 0.0766 -0.7433
vn 0.6582 0.1576 -0.7362
vn 0.6436 0.2598 -0.7199
vn 0.6148 0.3863 -0.6876
vn 0.5620 0.5375 -0.6286
vn 0.4732 0.7043 -0.5293
vn 0.3420 0.8583 -0.3825
vn 0.1844 0.9610 -0.2062
vn 0.0369 0.9985 -0.0413
vn -0.0369 0.9985 0.0413
vn -0.1844 0.9610 0.2062
vn -0.3420 0.8583 0.3825
vn -0.4732 0.7043 0.5293
vn -0.5620 0.5375 0.6286
vn -0.6148 0.3863 0.6876
vn -0.6436 0.2598 0.7199
vn -0.6582 0.1576 0.7362
vn -0.6646 0.0766 0.7433
vn -0.6664 0.0148 0.7454
vn -0.6664 -0.0148 0.7454
vn -0.6646 -0.0766 0.7433
vn -0.6582 -0.1576 0.7362
vn -0.6436 -0.2598 0.7199
vn -0.6148 -0.3863 0.6876
vn -0.5620 -0.5375 0.6286
vn -0.4732 -0.7043 0.5293
vn -0.3420 -0.8583 0.3825
vn -0.1844 -0.9610 0.2062
vn -0.0369 -0.9985 0.0413
vn 0.0369 -0.9985 -0.0413
vn 0.1844 -0.9610 -0.2062
vn 0.3420 -0.8583 -0.3825
vn 0.4732 -0.7043 -0.5293
vn 0.5620 -0.5375 -0.6286
vn 0.6148 -0.3863 -0.6876
vn 0.6436 -0.2598 -0.7199
vn 0.6582 -0.1576 -0.7362
vn 0.6646 -0.0766 -0.7433
vn 0.7070 -0.0149 -0.7070
vn 0.7070 0.0149 -0.7070
vn 0.7050 0.0771 -0.7050
vn 0.6982 0.1586 -0.6982
vn 0.6825 0.2614 -0.6825
vn 0.6516 0.3884 -0.6516
vn 0.5951 0.5400 -0.5951
vn 0.5003 0.7066 -0.5003
vn 0.3611 0.8598 -0.3611
vn 0.1944 0.9615 -0.1944
vn 0.0389 0.9985 -0.0389
vn -0.0389 0.9985 0.0389
vn -0.1944 0.9615 0.1944
vn -0.3611 0.8598 0.3611
vn -0.5003 0.7066 0.5003
vn -0.5951 0.5401 0.5951
vn -0.6516 0.3884 0.6516
vn -0.6825 0.2614 0.6825
vn -0.6982 0.1586 0.6982
vn -0.7050 0.0771 0.7050
vn -0.7070 0.0149 0.7070
vn -0.7070 -0.0149 0.7070
vn -0.7050 -0.0771 0.7050
vn -0.6982 -0.1586 0.6982
vn -0.6825 -0.2614 0.6825
vn -0.6516 -0.3884 0.6516
vn -0.5951 -0.5401 0.5951
vn -0.5003 -0.7066 0.5003
vn -0.3611 -0.8598 0.3611
vn -0.1944 -0.9615 0.1944
vn -0.0389 -0.9985 0.0389
vn 0.0389 -0.9985 -0.0389
vn 0.1944 -0.9615 -0.1944
vn 0.3611 -0.8598 -0.3611
vn 0.5003 -0.7066 -0.5003
vn 0.5951 -0.5400 -0.5951
vn 0.6516 -0.3884 -0.6516
vn 0.6825 -0.2614 -0.6825
vn 0.6982 -0.1586 -0.6982
vn 0.7050 -0.0771 -0.7050
vn 0.7454 -0.0148 -0.6664
vn 0.7454 0.0148 -0.6664
vn 0.7433 0.0766 -0.6646
vn 0.7362 0.1576 -0.6582
vn 0.7199 0.2598 -0.6436
vn 0.6876 0.3863 -0.6148
vn 0.6286 0.5375 -0.5620
vn 0.5293 0.7043 -0.4732
vn 0.3825 0.8583 -0.3420
vn 0.2062 0.9610 -0.1844
vn 0.0413 0.9985 -0.0369
vn -0.0413 0.9985 0.0369
vn -0.2062 0.9610 0.1844
vn -0.3825 0.8583 0.3420
vn -0.5293 0.7043 0.4732
vn -0.6286 0.5375 0.5620
vn -0.6876 0.3863 0.6148
vn -0.7199 0.2598 0.6436
vn -0.7362 0.1576 0.6582
vn -0.7433 0.0766 0.6646
vn -0.7454 0.0148 0.6664
vn -0.7454 -0.0148 0.6664
vn -0.7433 -0.0766 0.6646
vn -0.7362 -0.1576 0.6582
vn -0.7199 -0.2598 0.6436
vn -0.6876 -0.3863 0.6148
vn -0.6286 -0.5375 0.5620
vn -0.5293 -0.7043 0.4732
vn -0.3825 -0.8583 0.3420
vn -0.2062 -0.9610 0.1844
vn -0.0413 -0.9985 0.0369
vn 0.0413 -0.9985 -0.0369
vn 0.2062 -0.9610 -0.1844
vn 0.3825 -0.8583 -0.3420
vn 0.5293 -0.7043 -0.4732
vn 0.6286 -0.5375 -0.5620
vn 0.6876 -0.3863 -0.6148
vn 0.7199 -0.2598 -0.6436
vn 0.7362 -0.1576 -0.6582
vn 0.7433 -0.0766 -0.6646
vn 0.7816 -0.0145 -0.6236
vn 0.7816 0.0145 -0.6236
vn 0.7795 0.0751 -0.6219
vn 0.7723 0.1545 -0.6162
vn 0.7558 0.2550 -0.6031
vn 0.7231 0.3797 -0.5770
vn 0.6629 0.5298 -0.5290
vn 0.5605 0.6971 -0.4472
vn 0.4071 0.8537 -0.3248
vn 0.2203 0.9595 -0.1758
vn 0.0442 0.9984 -0.0352
vn -0.0442 0.9984 0.0352
vn -0.2203 0.9595 0.1758
vn -0.4071 0.8537 0.3248
vn -0.5605 0.6971 0.4472
vn -0.6629 0.5298 0.5290
vn -0.7231 0.3797 0.5770
vn -0.7558 0.2550 0.6031
vn -0.7723 0.1545 0.6162
vn -0.7795 0.0751 0.6219
vn -0.7816 0.0145 0.6236
vn -0.7816 -0.0145 0.6236
vn -0.7795 -0.0751 0.6219
vn -0.7723 -0.1545 0.6162
vn -0.7558 -0.2550 0.6031
vn -0.7231 -0.3797 0.5770
vn -0.6629 -0.5298 0.5290
vn -0.5605 -0.6971 0.4472
vn -0.4071 -0.8537 0.3248
vn -0.2203 -0.9595 0.1758
vn -0.0442 -0.9984 0.0352
vn 0.0442 -0.9984 -0.0352
vn 0.2203 -0.9595 -0.1758
vn 0.4071 -0.8537 -0.3248
vn 0.5605 -0.6971 -0.4472
vn 0.6629 -0.5298 -0.5290
vn 0.7231 -0.3797 -0.5770
vn 0.7558 -0.2550 -0.6031
vn 0.7723 -0.1545 -0.6162
vn 0.7795 -0.0751 -0.6219
vn 0.8155 -0.0140 -0.5786
vn 0.8155 0.0140 -0.5786
vn 0.8135 0.0726 -0.5771
vn 0.8064 0.1494 -0.5721
vn 0.7904 0.2469 -0.5607
vn 0.7582 0.3686 -0.5379
vn 0.6983 0.5167 -0.4954
vn 0.5945 0.6846 -0.4217
vn 0.4354 0.8456 -0.3089
vn 0.2372 0.9568 -0.1683
vn 0.0477 0.9983 -0.0338
vn -0.0477 0.9983 0.0338
vn -0.2372 0.9568 0.1683
vn -0.4354 0.8456 0.3089
vn -0.5945 0.6846 0.4217
vn -0.6983 0.5167 0.4954
vn -0.7582 0.3686 0.5379
vn -0.7904 0.2469 0.5607
vn -0.8064 0.1494 0.5721
vn -0.8135 0.0726 0.5771
vn -0.8155 0.0140 0.5786
vn -0.8155 -0.0140 0.5786
vn -0.8135 -0.0726 0.5771
vn -0.8064 -0.1494 0.5721
vn -0.7904 -0.2469 0.5607
vn -0.7582 -0.3686 0.5379
vn -0.6983 -0.5167 0.4954
vn -0.5945 -0.6846 0.4217
vn -0.4354 -0.8456 0.3089
vn -0.2372 -0.9568 0.1683
vn -0.0477 -0.9983 0.0338
vn 0.0477 -0.9983 -0.0338
vn 0.2372 -0.9568 -0.1683
vn 0.4354 -0.8456 -0.3089
vn 0.5945 -0.6846 -0.4217
vn 0.6983 -0.5167 -0.4954
vn 0.7582 -0.3686 -0.5379
vn 0.7904 -0.2469 -0.5607
vn 0.8064 -0.1494 -0.5721
vn 0.8135 -0.0726 -0.5771
vn 0.8472 -0.0133 -0.5312
vn 0.8472 0.0133 -0.5312
vn 0.8452 0.0690 -0.5300
vn 0.8386 0.1423 -0.5258
vn 0.8234 0.2355 -0.5163
vn 0.7927 0.3529 -0.4970
vn 0.7347 0.4979 -0.4607
vn 0.6318 0.6663 -0.3961
vn 0.4685 0.8332 -0.2938
vn 0.2579 0.9525 -0.1617
vn 0.0521 0.9981 -0.0326
vn -0.0521 0.9981 0.0326
vn -0.2579 0.9525 0.1617
vn -0.4685 0.8332 0.2938
vn -0.6318 0.6663 0.3961
vn -0.7347 0.4979 0.4607
vn -0.7927 0.3529 0.4970
vn -0.8234 0.2355 0.5163
vn -0.8386 0.1423 0.5258
vn -0.8452 0.0690 0.5300
vn -0.8472 0.0133 0.5312
vn -0.8472 -0.0133 0.5312
vn -0.8452 -0.0690 0.5300
vn -0.8386 -0.1423 0.5258
vn -0.8234 -0.2355 0.5163
vn -0.7927 -0.3529 0.4970
vn -0.7347 -0.4979 0.4607
vn -0.6318 -0.6663 0.3961
vn -0.4685 -0.8332 0.2938
vn -0.2579 -0.9525 0.1617
vn -0.0521 -0.9981 0.0326
vn 0.0521 -0.9981 -0.0326
vn 0.2579 -0.9525 -0.1617
vn 0.4685 -0.8332 -0.2938
vn 0.6318 -0.6663 -0.3961
vn 0.7347 -0.4979 -0.4607
vn 0.7927 -0.3529 -0.4970
vn 0.8234 -0.2355 -0.5163
vn 0.8386 -0.1423 -0.5258
vn 0.8452 -0.0690 -0.5300
vn 0.8764 -0.0125 -0.4814
vn 0.8764 0.0125 -0.4814
vn 0.8746 0.0645 -0.4804
vn 0.8687 0.1331 -0.4772
vn 0.8548 0.2209 -0.4696
vn 0.8266 0.3325 -0.4541
vn 0.7723 0.4728 -0.4242
vn 0.6728 0.6410 -0.3695
vn 0.5075 0.8153 -0.2788
vn 0.2836 0.9462 -0.1558
vn 0.0576 0.9978 -0.0316
vn -0.0576 0.9978 0.0316
vn -0.2836 0.9462 0.1558
vn -0.5075 0.8153 0.2788
vn -0.6728 0.6410 0.3695
vn -0.7723 0.4728 0.4242
vn -0.8266 0.3325 0.4541
vn -0.8548 0.2209 0.4696
vn -0.8687 0.1331 0.4772
vn -0.8746 0.0645 0.4804
vn -0.8764 0.0125 0.4814
vn -0.8764 -0.0125 0.4814
vn -0.8746 -0.0645 0.4804
vn -0.8687 -0.1331 0.4772
vn -0.8548 -0.2209 0.4696
vn -0.8266 -0.3325 0.4541
vn -0.7723 -0.4728 0.4242
vn -0.6728 -0.6410 0.3695
vn -0.5075 -0.8153 0.2788
vn -0.2836 -0.9462 0.1558
vn -0.0576 -0.9978 0.0316
vn 0.0576 -0.9978 -0.0316
vn 0.2836 -0.9462 -0.1558
vn 0.5075 -0.8153 -0.2788
vn 0.6728 -0.6410 -0.3695
vn 0.7723 -0.4728 -0.4242
vn 0.8266 -0.3325 -0.4541
vn 0.8548 -0.2209 -0.4696
vn 0.8687 -0.1331 -0.4772
vn 0.8746 -0.0645 -0.4804
vn 0.9032 -0.0114 -0.4292
vn 0.9032 0.0114 -0.4292
vn 0.9016 0.0591 -0.4284
vn 0.8965 0.1220 -0.4260
vn 0.8844 0.2030 -0.4203
vn 0.8596 0.3070 -0.4085
vn 0.8107 0.4408 -0.3852
vn 0.7176 0.6072 -0.3410
vn 0.5537 0.7900 -0.2631
vn 0.3161 0.9368 -0.1502
vn 0.0648 0.9974 -0.0308
vn -0.0648 0.9974 0.0308
vn -0.3161 0.9368 0.1502
vn -0.5537 0.7900 0.2631
vn -0.7176 0.6072 0.3410
vn -0.8107 0.4408 0.3852
vn -0.8596 0.3070 0.4085
vn -0.8844 0.2030 0.4203
vn -0.8965 0.1220 0.4260
vn -0.9016 0.0591 0.4284
vn -0.9032 0.0114 0.4292
vn -0.9032 -0.0114 0.4292
vn -0.9016 -0.0591 0.4284
vn -0.8965 -0.1220 0.4260
vn -0.8844 -0.2030 0.4203
vn -0.8596 -0.3070 0.4085
vn -0.8107 -0.4408 0.3852
vn -0.7176 -0.6072 0.3410
vn -0.5537 -0.7900 0.2631
vn -0.3161 -0.9368 0.1502
vn -0.0648 -0.9974 0.0308
vn 0.0648 -0.9974 -0.0308
vn 0.3161 -0.9368 -0.1502
vn 0.5537 -0.7900 -0.2631
vn 0.7176 -0.6072 -0.3410
vn 0.8107 -0.4408 -0.3852
vn 0.8596 -0.3070 -0.4085
vn 0.8844 -0.2030 -0.4203
vn 0.8965 -0.1220 -0.4260
vn 0.9016 -0.0591 -0.4284
vn 0.9272 -0.0102 -0.3743
vn 0.9272 0.0102 -0.3743
vn 0.9260 0.0527 -0.3738
vn 0.9218 0.1090 -0.3721
vn 0.9118 0.1818 -0.3681
vn 0.8911 0.2765 -0.3597
vn 0.8494 0.4011 -0.3429
vn 0.7663 0.5632 -0.3093
vn 0.6087 0.7544 -0.2457
vn 0.3583 0.9223 -0.1447
vn 0.0746 0.9968 -0.0301
vn -0.0746 0.9968 0.0301
vn -0.3583 0.9223 0.1447
vn -0.6087 0.7544 0.2457
vn -0.7663 0.5632 0.3093
vn -0.8494 0.4011 0.3429
vn -0.8911 0.2765 0.3597
vn -0.9118 0.1818 0.3681
vn -0.9218 0.1090 0.3721
vn -0.9260 0.0527 0.3738
vn -0.9272 0.0102 0.3743
vn -0.9272 -0.0102 0.3743
vn -0.9260 -0.0527 0.3738
vn -0.9218 -0.1090 0.3721
vn -0.9118 -0.1818 0.3681
vn -0.8911 -0.2765 0.3597
vn -0.8494 -0.4011 0.3429
vn -0.7663 -0.5632 0.3093
vn -0.6087 -0.7544 0.2457
vn -0.3583 -0.9223 0.1447
vn -0.0746 -0.9968 0.0301
vn 0.0746 -0.9968 -0.0301
vn 0.3583 -0.9223 -0.1447
vn 0.6087 -0.7544 -0.2457
vn 0.7663 -0.5632 -0.3093
vn 0.8494 -0.4011 -0.3429
vn 0.8911 -0.2765 -0.3597
vn 0.9118 -0.1818 -0.3681
vn 0.9218 -0.1090 -0.3721
vn 0.9260 -0.0527 -0.3738
vn 0.9485 -0.0088 -0.3167
vn 0.9485 0.0088 -0.3167
vn 0.9475 0.0454 -0.3164
vn 0.9443 0.0940 -0.3153
vn 0.9367 0.1573 -0.3128
vn 0.9207 0.2406 -0.3074
vn 0.8874 0.3530 -0.2963
vn 0.8179 0.5064 -0.2731
vn 0.6740 0.7036 -0.2251
vn 0.4148 0.8993 -0.1385
vn 0.0885 0.9956 -0.0295
vn -0.0885 0.9956 0.0295
vn -0.4148 0.8993 0.1385
vn -0.6740 0.7036 0.2251
vn -0.8179 0.5064 0.2731
vn -0.8874 0.3530 0.2963
vn -0.9207 0.2406 0.3074
vn -0.9367 0.1573 0.3128
vn -0.9443 0.0940 0.3153
vn -0.9475 0.0454 0.3164
vn -0.9485 0.0088 0.3167
vn -0.9485 -0.0088 0.3167
vn -0.9475 -0.0454 0.3164
vn -0.9443 -0.0940 0.3153
vn -0.9367 -0.1573 0.3128
vn -0.9207 -0.2406 0.3074
vn -0.8874 -0.3530 0.2963
vn -0.8179 -0.5064 0.2731
vn -0.6740 -0.7036 0.2251
vn -0.4148 -0.8993 0.1385
vn -0.0885 -0.9956 0.0295
vn 0.0885 -0.9956 -0.0295
vn 0.4148 -0.8993 -0.1385
vn 0.6740 -0.7036 -0.2251
vn 0.8179 -0.5064 -0.2731
vn 0.8874 -0.3530 -0.2963
vn 0.9207 -0.2406 -0.3074
vn 0.9367 -0.1573 -0.3128
vn 0.9443 -0.0940 -0.3153
vn 0.9475 -0.0454 -0.3164
vn 0.9666 -0.0072 -0.2562
vn 0.9666 0.0072 -0.2562
vn 0.9660 0.0373 -0.2560
vn 0.9637 0.0773 -0.2554
vn 0.9585 0.1296 -0.2540
vn 0.9472 0.1993 -0.2510
vn 0.9234 0.2957 -0.2447
vn 0.8708 0.4341 -0.2308
vn 0.7502 0.6306 -0.1988
vn 0.4928 0.8603 -0.1306
vn 0.1096 0.9935 -0.0291
vn -0.1096 0.9935 0.0291
vn -0.4928 0.8603 0.1306
vn -0.7502 0.6306 0.1988
vn -0.8708 0.4341 0.2308
vn -0.9234 0.2957 0.2447
vn -0.9472 0.1993 0.2510
vn -0.9585 0.1296 0.2540
vn -0.9637 0.0773 0.2554
vn -0.9660 0.0373 0.2560
vn -0.9666 0.0072 0.2562
vn -0.9666 -0.0072 0.2562
vn -0.9660 -0.0373 0.2560
vn -0.9637 -0.0773 0.2554
vn -0.9585 -0.1296 0.2540
vn -0.9472 -0.1993 0.2510
vn -0.9234 -0.2957 0.2447
vn -0.8708 -0.4341 0.2308
vn -0.7502 -0.6306 0.1988
vn -0.4928 -0.8603 0.1306
vn -0.1096 -0.9935 0.0291
vn 0.1096 -0.9935 -0.0291
vn 0.4928 -0.8603 -0.1306
vn 0.7502 -0.6306 -0.1988
vn 0.8708 -0.4341 -0.2308
vn 0.9234 -0.2957 -0.2447
vn 0.9472 -0.1993 -0.2510
vn 0.9585 -0.1296 -0.2540
vn 0.9637 -0.0773 -0.2554
vn 0.9660 -0.0373 -0.2560
vn 0.9813 -0.0055 -0.1924
vn 0.9813 0.0055 -0.1924
vn 0.9809 0.0283 -0.1924
vn 0.9796 0.0587 -0.1921
vn 0.9765 0.0987 -0.1915
vn 0.9698 0.1526 -0.1902
vn 0.9553 0.2288 -0.1873
vn 0.9216 0.3436 -0.1807
vn 0.8352 0.5250 -0.1638
vn 0.6038 0.7883 -0.1184
vn 0.1459 0.9889 -0.0286
vn -0.1459 0.9889 0.0286
vn -0.6038 0.7883 0.1184
vn -0.8352 0.5250 0.1638
vn -0.9216 0.3436 0.1807
vn -0.9553 0.2288 0.1873
vn -0.9698 0.1526 0.1902
vn -0.9765 0.0987 0.1915
vn -0.9796 0.0587 0.1921
vn -0.9809 0.0283 0.1924
vn -0.9813 0.0055 0.1924
vn -0.9813 -0.0055 0.1924
vn -0.9809 -0.0283 0.1924
vn -0.9796 -0.0587 0.1921
vn -0.9765 -0.0987 0.1915
vn -0.9698 -0.1526 0.1902
vn -0.9553 -0.2288 0.1873
vn -0.9216 -0.3436 0.1807
vn -0.8352 -0.5250 0.1638
vn -0.6038 -0.7883 0.1184
vn -0.1459 -0.9889 0.0286
vn 0.1459 -0.9889 -0.0286
vn 0.6038 -0.7883 -0.1184
vn 0.8352 -0.5250 -0.1638
vn 0.9216 -0.3436 -0.1807
vn 0.9553 -0.2288 -0.1873
vn 0.9698 -0.1526 -0.1902
vn 0.9765 -0.0987 -0.1915
vn 0.9796 -0.0587 -0.1921
vn 0.9809 -0.0283 -0.1924
vn 0.9921 -0.0036 -0.1253
vn 0.9921 0.0036 -0.1253
vn 0.9919 0.0186 -0.1253
vn 0.9914 0.0386 -0.1252
vn 0.9900 0.0649 -0.1251
vn 0.9871 0.1008 -0.1247
vn 0.9805 0.1524 -0.1239
vn 0.9647 0.2333 -0.1219
vn 0.9197 0.3750 -0.1162
vn 0.7596 0.6433 -0.0960
vn 0.2217 0.9747 -0.0280
vn -0.2217 0.9747 0.0280
vn -0.7596 0.6433 0.0960
vn -0.9197 0.3750 0.1162
vn -0.9647 0.2333 0.1219
vn -0.9805 0.1524 0.1239
vn -0.9871 0.1008 0.1247
vn -0.9900 0.0649 0.1251
vn -0.9914 0.0386 0.1252
vn -0.9919 0.0186 0.1253
vn -0.9921 0.0036 0.1253
vn -0.9921 -0.0036 0.1253
vn -0.9919 -0.0186 0.1253
vn -0.9914 -0.0386 0.1252
vn -0.9900 -0.0649 0.1251
vn -0.9871 -0.1008 0.1247
vn -0.9805 -0.1524 0.1239
vn -0.9647 -0.2333 0.1219
vn -0.9197 -0.3750 0.1162
vn -0.7596 -0.6433 0.0960
vn -0.2217 -0.9747 0.0280
vn 0.2217 -0.9747 -0.0280
vn 0.7596 -0.6433 -0.0960
vn 0.9197 -0.3750 -0.1162
vn 0.9647 -0.2333 -0.1219
vn 0.9805 -0.1524 -0.1239
vn 0.9871 -0.1008 -0.1247
vn 0.9900 -0.0649 -0.1251
vn 0.9914 -0.0386 -0.1252
vn 0.9919 -0.0186 -0.1253
vn 0.9983 -0.0017 -0.0589
vn 0.9983 0.0017 -0.0589
vn 0.9982 0.0088 -0.0589
vn 0.9981 0.0182 -0.0589
vn 0.9978 0.0306 -0.0588
vn 0.9971 0.0477 -0.0588
vn 0.9956 0.0724 -0.0587
vn 0.9919 0.1123 -0.0585
vn 0.9806 0.1872 -0.0578
vn 0.9282 0.3681 -0.0547
vn 0.4368 0.8992 -0.0258
vn -0.4368 0.8992 0.0258
vn -0.9282 0.3681 0.0547
vn -0.9806 0.1872 0.0578
vn -0.9919 0.1123 0.0585
vn -0.9956 0.0724 0.0587
vn -0.9971 0.0477 0.0588
vn -0.9978 0.0306 0.0588
vn -0.9981 0.0182 0.0589
vn -0.9982 0.0088 0.0589
vn -0.9983 0.0017 0.0589
vn -0.9983 -0.0017 0.0589
vn -0.9982 -0.0088 0.0589
vn -0.9981 -0.0182 0.0589
vn -0.9978 -0.0306 0.0588
vn -0.9971 -0.0477 0.0588
vn -0.9956 -0.0724 0.0587
vn -0.9919 -0.1123 0.0585
vn -0.9806 -0.1872 0.0578
vn -0.9282 -0.3681 0.0547
vn -0.4368 -0.8992 0.0258
vn 0.4368 -0.8992 -0.0258
vn 0.9282 -0.3681 -0.0547
vn 0.9806 -0.1872 -0.0578
vn 0.9919 -0.1123 -0.0585
vn 0.9956 -0.0724 -0.0587
vn 0.9971 -0.0477 -0.0588
vn 0.9978 -0.0306 -0.0588
vn 0.9981 -0.0182 -0.0589
vn 0.9982 -0.0088 -0.0589
vn -0.9983 -0.0017 -0.0589
vn -0.9983 0.0017 -0.0589
vn -0.9982 0.0088 -0.0589
vn -0.9981 0.0182 -0.0589
vn -0.9978 0.0306 -0.0588
vn -0.9971 0.0477 -0.0588
vn -0.9956 0.0724 -0.0587
vn -0.9919 0.1123 -0.0585
vn -0.9806 0.1872 -0.0578
vn -0.9282 0.3681 -0.0547
vn -0.4368 0.8992 -0.0258
vn 0.4368 0.8992 0.0258
vn 0.9282 0.3681 0.0547
vn 0.9806 0.1872 0.0578
vn 0.9919 0.1123 0.0585
vn 0.9956 0.0724 0.0587
vn 0.9971 0.0477 0.0588
vn 0.9978 0.0306 0.0588
vn 0.9981 0.0182 0.0589
vn 0.9982 0.0088 0.0589
vn 0.9983 0.0017 0.0589
vn 0.9983 -0.0017 0.0589
vn 0.9982 -0.0088 0.0589
vn 0.9981 -0.0182 0.0589
vn 0.9978 -0.0306 0.0588
vn 0.9971 -0.0477 0.0588
vn 0.9956 -0.0724 0.0587
vn 0.9919 -0.1123 0.0585
vn 0.9806 -0.1872 0.0578
vn 0.9282 -0.3681 0.0547
vn 0.4369 -0.8992 0.0258
vn -0.4368 -0.8992 -0.0258
vn -0.9282 -0.3681 -0.0547
vn -0.9806 -0.1872 -0.0578
vn -0.9919 -0.1123 -0.0585
vn -0.9956 -0.0724 -0.0587
vn -0.9971 -0.0477 -0.0588
vn -0.9978 -0.0306 -0.0588
vn -0.9981 -0.0182 -0.0589
vn -0.9982 -0.0088 -0.0589
vn -0.9921 -0.0036 -0.1253
vn -0.9921 0.0036 -0.1253
vn -0.9919 0.0186 -0.1253
vn -0.9914 0.0386 -0.1252
vn -0.9900 0.0649 -0.1251
vn -0.9871 0.1008 -0.1247
vn -0.9805 0.1524 -0.1239
vn -0.9647 0.2333 -0.1219
vn -0.9197 0.3750 -0.1162
vn -0.7596 0.6433 -0.0960
vn -0.2217 0.9747 -0.0280
vn 0.2217 0.9747 0.0280
vn 0.7596 0.6433 0.0960
vn 0.9197 0.3750 0.1162
vn 0.9647 0.2333 0.1219
vn 0.9805 0.1524 0.1239
vn 0.9871 0.1008 0.1247
vn 0.9900 0.0649 0.1251
vn 0.9914 0.0386 0.1252
vn 0.9919 0.0186 0.1253
vn 0.9921 0.0036 0.1253
vn 0.9921 -0.0036 0.1253
vn 0.9919 -0.0186 0.1253
vn 0.9914 -0.0386 0.1252
vn 0.9900 -0.0649 0.1251
vn 0.9871 -0.1008 0.1247
vn 0.9805 -0.1524 0.1239
vn 0.9647 -0.2333 0.1219
vn 0.9197 -0.3750 0.1162
vn 0.7596 -0.6433 0.0960
vn 0.2217 -0.9747 0.0280
vn -0.2217 -0.9747 -0.0280
vn -0.7596 -0.6433 -0.0960
vn -0.9197 -0.3750 -0.1162
vn -0.9647 -0.2333 -0.1219
vn -0.9805 -0.1524 -0.1239
vn -0.9871 -0.1008 -0.1247
vn -0.9900 -0.0649 -0.1251
vn -0.9914 -0.0386 -0.1252
vn -0.9919 -0.0186 -0.1253
vn -0.9813 -0.0055 -0.1924
vn -0.9813 0.0055 -0.1924
vn -0.9809 0.0283 -0.1924
vn -0.9796 0.0587 -0.1921
vn -0.9765 0.0987 -0.1915
vn -0.9698 0.1526 -0.1902
vn -0.9553 0.2288 -0.1873
vn -0.9216 0.3436 -0.1807
vn -0.8352 0.5250 -0.1638
vn -0.6038 0.7883 -0.1184
vn -0.1459 0.9889 -0.0286
vn 0.1459 0.9889 0.0286
vn 0.6038 0.7883 0.1184
vn 0.8352 0.5250 0.1638
vn 0.9216 0.3436 0.1807
vn 0.9553 0.2288 0.1873
vn 0.9698 0.1526 0.1902
vn 0.9765 0.0987 0.1915
vn 0.9796 0.0587 0.1921
vn 0.9809 0.0283 0.1924
vn 0.9813 0.0055 0.1924
vn 0.9813 -0.0055 0.1924
vn 0.9809 -0.0283 0.1924
vn 0.9796 -0.0587 0.1921
vn 0.9765 -0.0987 0.1915
vn 0.9698 -0.1526 0.1902
vn 0.9553 -0.2288 0.1873
vn 0.9216 -0.3436 0.1807
vn 0.8352 -0.5250 0.1638
vn 0.6038 -0.7883 0.1184
vn 0.1459 -0.9889 0.0286
vn -0.1459 -0.9889 -0.0286
vn -0.6038 -0.7883 -0.1184
vn -0.8352 -0.5250 -0.1638
vn -0.9216 -0.3436 -0.1807
vn -0.9553 -0.2288 -0.1873
vn -0.9698 -0.1526 -0.1902
vn -0.9765 -0.0987 -0.1915
vn -0.9796 -0.0587 -0.1921
vn -0.9809 -0.0283 -0.1924
vn -0.9666 -0.0072 -0.2562
vn -0.9666 0.0072 -0.2562
vn -0.9660 0.0373 -0.2560
vn -0.9637 0.0773 -0.2554
vn -0.9585 0.1296 -0.2540
vn -0.9472 0.1993 -0.2510
vn -0.9234 0.2957 -0.2447
vn -0.8708 0.4341 -0.2308
vn -0.7502 0.6306 -0.1988
vn -0.4928 0.8603 -0.1306
vn -0.1096 0.9935 -0.0291
vn 0.1096 0.9935 0.0291
vn 0.4928 0.8603 0.1306
vn 0.7502 0.6306 0.1988
vn 0.8708 0.4341 0.2308
vn 0.9234 0.2957 0.2447
vn 0.9472 0.1993 0.2510
vn 0.9585 0.1296 0.2540
vn 0.9637 0.0773 0.2554
vn 0.9660 0.0373 0.2560
vn 0.9666 0.0072 0.2562
vn 0.9666 -0.0072 0.2562
vn 0.9660 -0.0373 0.2560
vn 0.9637 -0.0773 0.2554
vn 0.9585 -0.1296 0.2540
vn 0.9472 -0.1993 0.2510
vn 0.9234 -0.2957 0.2447
vn 0.8708 -0.4341 0.2308
vn 0.7502 -0.6306 0.1988
vn 0.4928 -0.8603 0.1306
vn 0.1096 -0.9935 0.0291
vn -0.1096 -0.9935 -0.0291
vn -0.4928 -0.8603 -0.1306
vn -0.7502 -0.6306 -0.1988
vn -0.8708 -0.4341 -0.2308
vn -0.9234 -0.2957 -0.2447
vn -0.9472 -0.1993 -0.2510
vn -0.9585 -0.1296 -0.2540
vn -0.9637 -0.0773 -0.2554
vn -0.9660 -0.0373 -0.2560
vn -0.9485 -0.0088 -0.3167
vn -0.9485 0.0088 -0.3167
vn -0.9475 0.0454 -0.3164
vn -0.9443 0.0940 -0.3153
vn -0.9367 0.1573 -0.3128
vn -0.9207 0.2406 -0.3074
vn -0.8874 0.3530 -0.2963
vn -0.8179 0.5064 -0.2731
vn -0.6740 0.7036 -0.2251
vn -0.4148 0.8993 -0.1385
vn -0.0885 0.9956 -0.0295
vn 0.0885 0.9956 0.0295
vn 0.4148 0.8993 0.1385
vn 0.6740 0.7036 0.2251
vn 0.8179 0.5064 0.2731
vn 0.8874 0.3530 0.2963
vn 0.9207 0.2406 0.3074
vn 0.9367 0.1573 0.3128
vn 0.9443 0.0940 0.3153
vn 0.9475 0.0454 0.3164
vn 0.9485 0.0088 0.3167
vn 0.9485 -0.0088 0.3167
vn 0.9475 -0.0454 0.3164
vn 0.9443 -0.0940 0.3153
vn 0.9367 -0.1573 0.3128
vn 0.9207 -0.2406 0.3074
vn 0.8874 -0.3530 0.2963
vn 0.8179 -0.5064 0.2731
vn 0.6740 -0.7036 0.2251
vn 0.4148 -0.8993 0.1385
vn 0.0885 -0.9956 0.0295
vn -0.0885 -0.9956 -0.0295
vn -0.4148 -0.8993 -0.1385
vn -0.6740 -0.7036 -0.2251
vn -0.8179 -0.5064 -0.2731
vn -0.8874 -0.3530 -0.2963
vn -0.9207 -0.2406 -0.3074
vn -0.9367 -0.1573 -0.3128
vn -0.9443 -0.0940 -0.3153
vn -0.9475 -0.0454 -0.3164
vn -0.9272 -0.0102 -0.3743
vn -0.9272 0.0102 -0.3743
vn -0.9260 0.0527 -0.3738
vn -0.9218 0.1090 -0.3721
vn -0.9118 0.1818 -0.3681
vn -0.8911 0.2765 -0.3597
vn -0.8494 0.4011 -0.3429
vn -0.7663 0.5632 -0.3093
vn -0.6087 0.7544 -0.2457
vn -0.3583 0.9223 -0.1447
vn -0.0746 0.9968 -0.0301
vn 0.0746 0.9968 0.0301
vn 0.3583 0.9223 0.1447
vn 0.6087 0.7544 0.2457
vn 0.7663 0.5632 0.3093
vn 0.8494 0.4011 0.3429
vn 0.8911 0.2765 0.3597
vn 0.9118 0.1818 0.3681
vn 0.9218 0.1090 0.3721
vn 0.9260 0.0527 0.3738
vn 0.9272 0.0102 0.3743
vn 0.9272 -0.0102 0.3743
vn 0.9260 -0.0527 0.3738
vn 0.9218 -0.1090 0.3721
vn 0.9118 -0.1818 0.3681
vn 0.8911 -0.2765 0.3597
vn 0.8494 -0.4011 0.3429
vn 0.7663 -0.5632 0.3093
vn 0.6087 -0.7544 0.2457
vn 0.3583 -0.9223 0.1447
vn 0.0746 -0.9968 0.0301
vn -0.0746 -0.9968 -0.0301
vn -0.3583 -0.9223 -0.1447
vn -0.6087 -0.7544 -0.2457
vn -0.7663 -0.5632 -0.3093
vn -0.8494 -0.4011 -0.3429
vn -0.8911 -0.2765 -0.3597
vn -0.9118 -0.1818 -0.3681
vn -0.9218 -0.1090 -0.3721
vn -0.9260 -0.0527 -0.3738
vn -0.9032 -0.0114 -0.4292
vn -0.9032 0.0114 -0.4292
vn -0.9016 0.0591 -0.4284
vn -0.8965 0.1220 -0.4260
vn -0.8844 0.2030 -0.4203
vn -0.8596 0.3070 -0.4085
vn -0.8107 0.4408 -0.3852
vn -0.7176 0.6072 -0.3410
vn -0.5537 0.7900 -0.2631
vn -0.3161 0.9368 -0.1502
vn -0.0648 0.9974 -0.0308
vn 0.0648 0.9974 0.0308
vn 0.3161 0.9368 0.1502
vn 0.5537 0.7900 0.2631
vn 0.7176 0.6072 0.3410
vn 0.8107 0.4408 0.3852
vn 0.8596 0.3070 0.4085
vn 0.8844 0.2030 0.4203
vn 0.8965 0.1220 0.4260
vn 0.9016 0.0591 0.4284
vn 0.9032 0.0114 0.4292
vn 0.9032 -0.0114 0.4292
vn 0.9016 -0.0591 0.4284
vn 0.8965 -0.1220 0.4260
vn 0.8844 -0.2030 0.4203
vn 0.8596 -0.3070 0.4085
vn 0.8107 -0.4408 0.3852
vn 0.7176 -0.6072 0.3410
vn 0.5537 -0.7900 0.2631
vn 0.3161 -0.9368 0.1502
vn 0.0648 -0.9974 0.0308
vn -0.0648 -0.9974 -0.0308
vn -0.3161 -0.9368 -0.1502
vn -0.5537 -0.7900 -0.2631
vn -0.7176 -0.6072 -0.3410
vn -0.8107 -0.4408 -0.3852
vn -0.8596 -0.3070 -0.4085
vn -0.8844 -0.2030 -0.4203
vn -0.8965 -0.1220 -0.4260
vn -0.9016 -0.0591 -0.4284
vn -0.8764 -0.0125 -0.4814
vn -0.8764 0.0125 -0.4814
vn -0.8746 0.0645 -0.4804
vn -0.8687 0.1331 -0.4772
vn -0.8548 0.2209 -0.4696
vn -0.8266 0.3325 -0.4541
vn -0.7723 0.4728 -0.4242
vn -0.6728 0.6410 -0.3695
vn -0.5075 0.8153 -0.2788
vn -0.2836 0.9462 -0.1558
vn -0.0576 0.9978 -0.0316
vn 0.0576 0.9978 0.0316
vn 0.2836 0.9462 0.1558
vn 0.5075 0.8153 0.2788
vn 0.6728 0.6410 0.3695
vn 0.7723 0.4728 0.4242
vn 0.8266 0.3325 0.4541
vn 0.8548 0.2209 0.4696
vn 0.8687 0.1331 0.4772
vn 0.8746 0.0645 0.4804
vn 0.8764 0.0125 0.4814
vn 0.8764 -0.0125 0.4814
vn 0.8746 -0.0645 0.4804
vn 0.8687 -0.1331 0.4772
vn 0.8548 -0.2209 0.4696
vn 0.8266 -0.3325 0.4541
vn 0.7723 -0.4728 0.4242
vn 0.6728 -0.6410 0.3695
vn 0.5075 -0.8153 0.2788
vn 0.2836 -0.9462 0.1558
vn 0.0576 -0.9978 0.0316
vn -0.0576 -0.9978 -0.0316
vn -0.2836 -0.9462 -0.1558
vn -0.5075 -0.8153 -0.2788
vn -0.6728 -0.6410 -0.3695
vn -0.7723 -0.4728 -0.4242
vn -0.8266 -0.3325 -0.4541
vn -0.8548 -0.2209 -0.4696
vn -0.8687 -0.1331 -0.4772
vn -0.8746 -0.0645 -0.4804
vn -0.8472 -0.0133 -0.5312
vn -0.8472 0.0133 -0.5312
vn -0.8452 0.0690 -0.5300
vn -0.8386 0.1423 -0.5258
vn -0.8234 0.2355 -0.5163
vn -0.7927 0.3529 -0.4970
vn -0.7347 0.4979 -0.4607
vn -0.6318 0.6663 -0.3961
vn -0.4685 0.8332 -0.2938
vn -0.2579 0.9525 -0.1617
vn -0.0521 0.9981 -0.0326
vn 0.0521 0.9981 0.0326
vn 0.2579 0.9525 0.1617
vn 0.4685 0.8332 0.2938
vn 0.6318 0.6663 0.3961
vn 0.7347 0.4979 0.4607
vn 0.7927 0.3529 0.4970
vn 0.8234 0.2355 0.5163
vn 0.8386 0.1423 0.5258
vn 0.8452 0.0690 0.5300
vn 0.8472 0.0133 0.5312
vn 0.8472 -0.0133 0.5312
vn 0.8452 -0.0690 0.5300
vn 0.8386 -0.1423 0.5258
vn 0.8234 -0.2355 0.5163
vn 0.7927 -0.3529 0.4970
vn 0.7347 -0.4979 0.4607
vn 0.6318 -0.6663 0.3961
vn 0.4685 -0.8332 0.2938
vn 0.2579 -0.9525 0.1617
vn 0.0521 -0.9981 0.0326
vn -0.0521 -0.9981 -0.0326
vn -0.2579 -0.9525 -0.1617
vn -0.4685 -0.8332 -0.2938
vn -0.6318 -0.6663 -0.3961
vn -0.7347 -0.4979 -0.4607
vn -0.7927 -0.3529 -0.4970
vn -0.8234 -0.2355 -0.5163
vn -0.8386 -0.1423 -0.5258
vn -0.8452 -0.0690 -0.5300
vn -0.8155 -0.0140 -0.5786
vn -0.8155 0.0140 -0.5786
vn -0.8135 0.0726 -0.5771
vn -0.8064 0.1494 -0.5721
vn -0.7904 0.2469 -0.5607
vn -0.7582 0.3686 -0.5379
vn -0.6983 0.5167 -0.4954
vn -0.5945 0.6846 -0.4217
vn -0.4354 0.8456 -0.3089
vn -0.2372 0.9568 -0.1683
vn -0.0477 0.9983 -0.0338
vn 0.0477 0.9983 0.0338
vn 0.2372 0.9568 0.1683
vn 0.4354 0.8456 0.3089
vn 0.5945 0.6846 0.4217
vn 0.6983 0.5167 0.4954
vn 0.7582 0.3686 0.5379
vn 0.7904 0.2469 0.5607
vn 0.8064 0.1494 0.5721
vn 0.8135 0.0726 0.5771
vn 0.8155 0.0140 0.5786
vn 0.8155 -0.0140 0.5786
vn 0.8135 -0.0726 0.5771
vn 0.8064 -0.1494 0.5721
vn 0.7904 -0.2469 0.5607
vn 0.7582 -0.3686 0.5379
vn 0.6983 -0.5167 0.4954
vn 0.5945 -0.6846 0.4217
vn 0.4354 -0.8456 0.3089
vn 0.2372 -0.9568 0.1683
vn 0.0477 -0.9983 0.0338
vn -0.0477 -0.9983 -0.0338
vn -0.2372 -0.9568 -0.1683
vn -0.4354 -0.8456 -0.3089
vn -0.5945 -0.6846 -0.4217
vn -0.6983 -0.5167 -0.4954
vn -0.7582 -0.3686 -0.5379
vn -0.7904 -0.2469 -0.5607
vn -0.8064 -0.1494 -0.5721
vn -0.8135 -0.0726 -0.5771
vn -0.7816 -0.0145 -0.6236
vn -0.7816 0.0145 -0.6236
vn -0.7795 0.0751 -0.6219
vn -0.7723 0.1545 -0.6162
vn -0.7558 0.2550 -0.6031
vn -0.7231 0.3797 -0.5770
vn -0.6629 0.5298 -0.5290
vn -0.5605 0.6971 -0.4472
vn -0.4071 0.8537 -0.3248
vn -0.2203 0.9595 -0.1758
vn -0.0442 0.9984 -0.0352
vn 0.0442 0.9984 0.0352
vn 0.2203 0.9595 0.1758
vn 0.4071 0.8537 0.3248
vn 0.5605 0.6971 0.4472
vn 0.6629 0.5298 0.5290
vn 0.7231 0.3797 0.5770
vn 0.7558 0.2550 0.6031
vn 0.7723 0.1545 0.6162
vn 0.7795 0.0751 0.6219
vn 0.7816 0.0145 0.6236
vn 0.7816 -0.0145 0.6236
vn 0.7795 -0.0751 0.6219
vn 0.7723 -0.1545 0.6162
vn 0.7558 -0.2550 0.6031
vn 0.7231 -0.3797 0.5770
vn 0.6629 -0.5298 0.5290
vn 0.5605 -0.6971 0.4472
vn 0.4071 -0.8537 0.3248
vn 0.2203 -0.9595 0.1758
vn 0.0442 -0.9984 0.0352
vn -0.0442 -0.9984 -0.0352
vn -0.2203 -0.9595 -0.1758
vn -0.4071 -0.8537 -0.3248
vn -0.5605 -0.6971 -0.4472
vn -0.6629 -0.5298 -0.5290
vn -0.7231 -0.3797 -0.5770
vn -0.7558 -0.2550 -0.6031
vn -0.7723 -0.1545 -0.6162
vn -0.7795 -0.0751 -0.6219
vn -0.7454 -0.0148 -0.6664
vn -0.7454 0.0148 -0.6664
vn -0.7433 0.0766 -0.6646
vn -0.7362 0.1576 -0.6582
vn -0.7199 0.2598 -0.6436
vn -0.6876 0.3863 -0.6148
vn -0.6286 0.5375 -0.5620
vn -0.5293 0.7043 -0.4732
vn -0.3825 0.8583 -0.3420
vn -0.2062 0.9610 -0.1844
vn -0.0413 0.9985 -0.0369
vn 0.0413 0.9985 0.0369
vn 0.2062 0.9610 0.1844
vn 0.3825 0.8583 0.3420
vn 0.5293 0.7043 0.4732
vn 0.6286 0.5375 0.5620
vn 0.6876 0.3863 0.6148
vn 0.7199 0.2598 0.6436
vn 0.7362 0.1576 0.6582
vn 0.7433 0.0766 0.6646
vn 0.7454 0.0148 0.6664
vn 0.7454 -0.0148 0.6664
vn 0.7433 -0.0766 0.6646
vn 0.7362 -0.1576 0.6582
vn 0.7199 -0.2598 0.6436
vn 0.6876 -0.3863 0.6148
vn 0.6286 -0.5375 0.5620
vn 0.5293 -0.7043 0.4732
vn 0.3825 -0.8583 0.3420
vn 0.2062 -0.9610 0.1844
vn 0.0413 -0.9985 0.0369
vn -0.0413 -0.9985 -0.0369
vn -0.2062 -0.9610 -0.1844
vn -0.3825 -0.8583 -0.3420
vn -0.5293 -0.7043 -0.4732
vn -0.6286 -0.5375 -0.5620
vn -0.6876 -0.3863 -0.6148
vn -0.7199 -0.2598 -0.6436
vn -0.7362 -0.1576 -0.6582
vn -0.7433 -0.0766 -0.6646
vn -0.7070 -0.0149 -0.7070
vn -0.7070 0.0149 -0.7070
vn -0.7050 0.0771 -0.7050
vn -0.6982 0.1586 -0.6982
vn -0.6825 0.2614 -0.6825
vn -0.6516 0.3884 -0.6516
vn -0.5951 0.5400 -0.5951
vn -0.5003 0.7066 -0.5003
vn -0.3611 0.8598 -0.3611
vn -0.1944 0.9615 -0.1944
vn -0.0389 0.9985 -0.0389
vn 0.0389 0.9985 0.0389
vn 0.1944 0.9615 0.1944
vn 0.3611 0.8598 0.3611
vn 0.5003 0.7066 0.5003
vn 0.5951 0.5401 0.5951
vn 0.6516 0.3884 0.6516
vn 0.6825 0.2614 0.6825
vn 0.6982 0.1586 0.6982
vn 0.7050 0.0771 0.7050
vn 0.7070 0.0149 0.7070
vn 0.7070 -0.0149 0.7070
vn 0.7050 -0.0771 0.7050
vn 0.6982 -0.1586 0.6982
vn 0.6825 -0.2614 0.6825
vn 0.6516 -0.3884 0.6516
vn 0.5951 -0.5401 0.5951
vn 0.5003 -0.7066 0.5003
vn 0.3611 -0.8598 0.3611
vn 0.1944 -0.9615 0.1944
vn 0.0389 -0.9985 0.0389
vn -0.0389 -0.9985 -0.0389
vn -0.1944 -0.9615 -0.1944
vn -0.3611 -0.8598 -0.3611
vn -0.5003 -0.7066 -0.5003
vn -0.5951 -0.5400 -0.5951
vn -0.6516 -0.3884 -0.6516
vn -0.6825 -0.2614 -0.6825
vn -0.6982 -0.1586 -0.6982
vn -0.7050 -0.0771 -0.7050
vn -0.6664 -0.0148 -0.7454
vn -0.6664 0.0148 -0.7454
vn -0.6646 0.0766 -0.7433
vn -0.6582 0.1576 -0.7362
vn -0.6436 0.2598 -0.7199
vn -0.6148 0.3863 -0.6876
vn -0.5620 0.5375 -0.6286
vn -0.4732 0.7043 -0.5293
vn -0.3420 0.8583 -0.3825
vn -0.1844 0.9610 -0.2062
vn -0.0369 0.9985 -0.0413
vn 0.0369 0.9985 0.0413
vn 0.1844 0.9610 0.2062
vn 0.3420 0.8583 0.3825
vn 0.4732 0.7043 0.5293
vn 0.5620 0.5375 0.6286
vn 0.6148 0.3863 0.6876
vn 0.6436 0.2598 0.7199
vn 0.6582 0.1576 0.7362
vn 0.6646 0.0766 0.7433
vn 0.6664 0.0148 0.7454
vn 0.6664 -0.0148 0.7454
vn 0.6646 -0.0766 0.7433
vn 0.6582 -0.1576 0.7362
vn 0.6436 -0.2598 0.7199
vn 0.6148 -0.3863 0.6876
vn 0.5620 -0.5375 0.6286
vn 0.4732 -0.7043 0.5293
vn 0.3420 -0.8583 0.3825
vn 0.1844 -0.9610 0.2062
vn 0.0369 -0.9985 0.0413
vn -0.0369 -0.9985 -0.0413
vn -0.1844 -0.9610 -0.2062
vn -0.3420 -0.8583 -0.3825
vn -0.4732 -0.7043 -0.5293
vn -0.5620 -0.5375 -0.6286
vn -0.6148 -0.3863 -0.6876
vn -0.6436 -0.2598 -0.7199
vn -0.6582 -0.1576 -0.7362
vn -0.6646 -0.0766 -0.7433
vn -0.6236 -0.0145 -0.7816
vn -0.6236 0.0145 -0.7816
vn -0.6219 0.0751 -0.7795
vn -0.6162 0.1545 -0.7723
vn -0.6031 0.2550 -0.7558
vn -0.5770 0.3797 -0.7231
vn -0.5290 0.5298 -0.6629
vn -0.4472 0.6971 -0.5605
vn -0.3248 0.8537 -0.4071
vn -0.1758 0.9595 -0.2203
vn -0.0352 0.9984 -0.0442
vn 0.0352 0.9984 0.0442
vn 0.1758 0.9595 0.2203
vn 0.3248 0.8537 0.4071
vn 0.4472 0.6971 0.5605
vn 0.5290 0.5298 0.6629
vn 0.5770 0.3797 0.7231
vn 0.6031 0.2550 0.7558
vn 0.6162 0.1545 0.7723
vn 0.6219 0.0751 0.7795
vn 0.6236 0.0145 0.7816
vn 0.6236 -0.0145 0.7816
vn 0.6219 -0.0751 0.7795
vn 0.6162 -0.1545 0.7723
vn 0.6031 -0.2550 0.7558
vn 0.5770 -0.3797 0.7231
vn 0.5290 -0.5298 0.6629
vn 0.4472 -0.6971 0.5605
vn 0.3248 -0.8537 0.4071
vn 0.1758 -0.9595 0.2203
vn 0.0352 -0.9984 0.0442
vn -0.0352 -0.9984 -0.0442
vn -0.1758 -0.9595 -0.2203
vn -0.3248 -0.8537 -0.4071
vn -0.4472 -0.6971 -0.5605
vn -0.5290 -0.5298 -0.6629
vn -0.5770 -0.3797 -0.7231
vn -0.6031 -0.2550 -0.7558
vn -0.6162 -0.1545 -0.7723
vn -0.6219 -0.0751 -0.7795
vn -0.5786 -0.0140 -0.8155
vn -0.5786 0.0140 -0.8155
vn -0.5771 0.0726 -0.8135
vn -0.5721 0.1494 -0.8064
vn -0.5607 0.2469 -0.7904
vn -0.5379 0.3686 -0.7582
vn -0.4954 0.5167 -0.6983
vn -0.4217 0.6846 -0.5945
vn -0.3089 0.8456 -0.4354
vn -0.1683 0.9568 -0.2372
vn -0.0338 0.9983 -0.0477
vn 0.0338 0.9983 0.0477
vn 0.1683 0.9568 0.2372
vn 0.3089 0.8456 0.4354
vn 0.4217 0.6846 0.5945
vn 0.4954 0.5167 0.6983
vn 0.5379 0.3686 0.7582
vn 0.5607 0.2469 0.7904
vn 0.5721 0.1494 0.8064
vn 0.5771 0.0726 0.8135
vn 0.5786 0.0140 0.8155
vn 0.5786 -0.0140 0.8155
vn 0.5771 -0.0726 0.8135
vn 0.5721 -0.1494 0.8064
vn 0.5607 -0.2469 0.7904
vn 0.5379 -0.3686 0.7582
vn 0.4954 -0.5167 0.6983
vn 0.4217 -0.6846 0.5945
vn 0.3089 -0.8456 0.4354
vn 0.1683 -0.9568 0.2372
vn 0.0338 -0.9983 0.0477
vn -0.0338 -0.9983 -0.0477
vn -0.1683 -0.9568 -0.2372
vn -0.3089 -0.8456 -0.4354
vn -0.4217 -0.6846 -0.5945
vn -0.4954 -0.5167 -0.6983
vn -0.5379 -0.3686 -0.7582
vn -0.5607 -0.2469 -0.7904
vn -0.5721 -0.1494 -0.8064
vn -0.5771 -0.0726 -0.8135
vn -0.5312 -0.0133 -0.8472
vn -0.5312 0.0133 -0.8472
vn -0.5300 0.0690 -0.8452
vn -0.5258 0.1423 -0.8386
vn -0.5163 0.2355 -0.8234
vn -0.4970 0.3529 -0.7927
vn -0.4607 0.4979 -0.7347
vn -0.3961 0.6663 -0.6318
vn -0.2938 0.8332 -0.4685
vn -0.1617 0.9525 -0.2579
vn -0.0326 0.9981 -0.0521
vn 0.0326 0.9981 0.0521
vn 0.1617 0.9525 0.2579
vn 0.2938 0.8332 0.4685
vn 0.3961 0.6663 0.6318
vn 0.4607 0.4979 0.7347
vn 0.4970 0.3529 0.7927
vn 0.5163 0.2355 0.8234
vn 0.5258 0.1423 0.8386
vn 0.5300 0.0690 0.8452
vn 0.5312 0.0133 0.8472
vn 0.5312 -0.0133 0.8472
vn 0.5300 -0.0690 0.8452
vn 0.5258 -0.1423 0.8386
vn 0.5163 -0.2355 0.8234
vn 0.4970 -0.3529 0.7927
vn 0.4607 -0.4979 0.7347
vn 0.3961 -0.6663 0.6318
vn 0.2938 -0.8332 0.4685
vn 0.1617 -0.9525 0.2579
vn 0.0326 -0.9981 0.0521
vn -0.0326 -0.9981 -0.0521
vn -0.1617 -0.9525 -0.2579
vn -0.2938 -0.8332 -0.4685
vn -0.3961 -0.6663 -0.6318
vn -0.4607 -0.4979 -0.7347
vn -0.4970 -0.3529 -0.7927
vn -0.5163 -0.2355 -0.8234
vn -0.5258 -0.1423 -0.8386
vn -0.5300 -0.0690 -0.8452
vn -0.4814 -0.0125 -0.8764
vn -0.4814 0.0125 -0.8764
vn -0.4804 0.0645 -0.8746
vn -0.4772 0.1331 -0.8687
vn -0.4696 0.2209 -0.8548
vn -0.4541 0.3325 -0.8266
vn -0.4242 0.4728 -0.7723
vn -0.3695 0.6410 -0.6728
vn -0.2788 0.8153 -0.5075
vn -0.1558 0.9462 -0.2836
vn -0.0316 0.9978 -0.0576
vn 0.0316 0.9978 0.0576
vn 0.1558 0.9462 0.2836
vn 0.2788 0.8153 0.5075
vn 0.3695 0.6410 0.6728
vn 0.4242 0.4728 0.7723
vn 0.4541 0.3325 0.8266
vn 0.4696 0.2209 0.8548
vn 0.4772 0.1331 0.8687
vn 0.4804 0.0645 0.8746
vn 0.4814 0.0125 0.8764
vn 0.4814 -0.0125 0.8764
vn 0.4804 -0.0645 0.8746
vn 0.4772 -0.1331 0.8687
vn 0.4696 -0.2209 0.8548
vn 0.4541 -0.3325 0.8266
vn 0.4242 -0.4728 0.7723
vn 0.3695 -0.6410 0.6728
vn 0.2788 -0.8153 0.5075
vn 0.1558 -0.9462 0.2836
vn 0.0316 -0.9978 0.0576
vn -0.0316 -0.9978 -0.0576
vn -0.1558 -0.9462 -0.2836
vn -0.2788 -0.8153 -0.5075
vn -0.3695 -0.6410 -0.6728
vn -0.4242 -0.4728 -0.7723
vn -0.4541 -0.3325 -0.8266
vn -0.4696 -0.2209 -0.8548
vn -0.4772 -0.1331 -0.8687
vn -0.4804 -0.0645 -0.8746
vn -0.4292 -0.0114 -0.9032
vn -0.4292 0.0114 -0.9032
vn -0.4284 0.0591 -0.9016
vn -0.4260 0.1220 -0.8965
vn -0.4203 0.2030 -0.8844
vn -0.4085 0.3070 -0.8596
vn -0.3852 0.4408 -0.8107
vn -0.3410 0.6072 -0.7176
vn -0.2631 0.7900 -0.5537
vn -0.1502 0.9368 -0.3161
vn -0.0308 0.9974 -0.0648
vn 0.0308 0.9974 0.0648
vn 0.1502 0.9368 0.3161
vn 0.2631 0.7900 0.5537
vn 0.3410 0.6072 0.7176
vn 0.3852 0.4408 0.8107
vn 0.4085 0.3070 0.8596
vn 0.4203 0.2030 0.8844
vn 0.4260 0.1220 0.8965
vn 0.4284 0.0591 0.9016
vn 0.4292 0.0114 0.9032
vn 0.4292 -0.0114 0.9032
vn 0.4284 -0.0591 0.9016
vn 0.4260 -0.1220 0.8965
vn 0.4203 -0.2030 0.8844
vn 0.4085 -0.3070 0.8596
vn 0.3852 -0.4408 0.8107
vn 0.3410 -0.6072 0.7176
vn 0.2631 -0.7900 0.5537
vn 0.1502 -0.9368 0.3161
vn 0.0308 -0.9974 0.0648
vn -0.0308 -0.9974 -0.0648
vn -0.1502 -0.9368 -0.3161
vn -0.2631 -0.7900 -0.5537
vn -0.3410 -0.6072 -0.7176
vn -0.3852 -0.4408 -0.8107
vn -0.4085 -0.3070 -0.8596
vn -0.4203 -0.2030 -0.8844
vn -0.4260 -0.1220 -0.8965
vn -0.4284 -0.0591 -0.9016
vn -0.3743 -0.0102 -0.9272
vn -0.3743 0.0102 -0.9272
vn -0.3738 0.0527 -0.9260
vn -0.3721 0.1090 -0.9218
vn -0.3681 0.1818 -0.9118
vn -0.3597 0.2765 -0.8911
vn -0.3429 0.4011 -0.8494
vn -0.3093 0.5632 -0.7663
vn -0.2457 0.7544 -0.6087
vn -0.1447 0.9223 -0.3583
vn -0.0301 0.9968 -0.0746
vn 0.0301 0.9968 0.0746
vn 0.1447 0.9223 0.3583
vn 0.2457 0.7544 0.6087
vn 0.3093 0.5632 0.7663
vn 0.3429 0.4011 0.8494
vn 0.3597 0.2765 0.8911
vn 0.3681 0.1818 0.9118
vn 0.3721 0.1090 0.9218
vn 0.3738 0.0527 0.9260
vn 0.3743 0.0102 0.9272
vn 0.3743 -0.0102 0.9272
vn 0.3738 -0.0527 0.9260
vn 0.3721 -0.1090 0.9218
vn 0.3681 -0.1818 0.9118
vn 0.3597 -0.2765 0.8911
vn 0.3429 -0.4011 0.8494
vn 0.3093 -0.5632 0.7663
vn 0.2457 -0.7544 0.6087
vn 0.1447 -0.9223 0.3583
vn 0.0301 -0.9968 0.0746
vn -0.0301 -0.9968 -0.0746
vn -0.1447 -0.9223 -0.3583
vn -0.2457 -0.7544 -0.6087
vn -0.3093 -0.5632 -0.7663
vn -0.3429 -0.4011 -0.8494
vn -0.3597 -0.2765 -0.8911
vn -0.3681 -0.1818 -0.9118
vn -0.3721 -0.1090 -0.9218
vn -0.3738 -0.0527 -0.9260
vn -0.3167 -0.0088 -0.9485
vn -0.3167 0.0088 -0.9485
vn -0.3164 0.0454 -0.9475
vn -0.3153 0.0940 -0.9443
vn -0.3128 0.1573 -0.9367
vn -0.3074 0.2406 -0.9207
vn -0.2963 0.3530 -0.8874
vn -0.2731 0.5064 -0.8179
vn -0.2251 0.7036 -0.6740
vn -0.1385 0.8993 -0.4148
vn -0.0295 0.9956 -0.0885
vn 0.0295 0.9956 0.0885
vn 0.1385 0.8993 0.4148
vn 0.2251 0.7036 0.6740
vn 0.2731 0.5064 0.8179
vn 0.2963 0.3530 0.8874
vn 0.3074 0.2406 0.9207
vn 0.3128 0.1573 0.9367
vn 0.3153 0.0940 0.9443
vn 0.3164 0.0454 0.9475
vn 0.3167 0.0088 0.9485
vn 0.3167 -0.0088 0.9485
vn 0.3164 -0.0454 0.9475
vn 0.3153 -0.0940 0.9443
vn 0.3128 -0.1573 0.9367
vn 0.3074 -0.2406 0.9207
vn 0.2963 -0.3530 0.8874
vn 0.2731 -0.5064 0.8179
vn 0.2251 -0.7036 0.6740
vn 0.1385 -0.8993 0.4148
vn 0.0295 -0.9956 0.0885
vn -0.0295 -0.9956 -0.0885
vn -0.1385 -0.8993 -0.4148
vn -0.2251 -0.7036 -0.6740
vn -0.2731 -0.5064 -0.8179
vn -0.2963 -0.3530 -0.8874
vn -0.3074 -0.2406 -0.9207
vn -0.3128 -0.1573 -0.9367
vn -0.3153 -0.0940 -0.9443
vn -0.3164 -0.0454 -0.9475
vn -0.2562 -0.0072 -0.9666
vn -0.2562 0.0072 -0.9666
vn -0.2560 0.0373 -0.9660
vn -0.2554 0.0773 -0.9637
vn -0.2540 0.1296 -0.9585
vn -0.2510 0.1993 -0.9472
vn -0.2447 0.2957 -0.9234
vn -0.2308 0.4341 -0.8708
vn -0.1988 0.6306 -0.7502
vn -0.1306 0.8603 -0.4928
vn -0.0291 0.9935 -0.1096
vn 0.0291 0.9935 0.1096
vn 0.1306 0.8603 0.4928
vn 0.1988 0.6306 0.7502
vn 0.2308 0.4341 0.8708
vn 0.2447 0.2957 0.9234
vn 0.2510 0.1993 0.9472
vn 0.2540 0.1296 0.9585
vn 0.2554 0.0773 0.9637
vn 0.2560 0.0373 0.9660
vn 0.2562 0.0072 0.9666
vn 0.2562 -0.0072 0.9666
vn 0.2560 -0.0373 0.9660
vn 0.2554 -0.0773 0.9637
vn 0.2540 -0.1296 0.9585
vn 0.2510 -0.1993 0.9472
vn 0.2447 -0.2957 0.9234
vn 0.2308 -0.4341 0.8708
vn 0.1988 -0.6306 0.7502
vn 0.1306 -0.8603 0.4928
vn 0.0291 -0.9935 0.1096
vn -0.0291 -0.9935 -0.1096
vn -0.1306 -0.8603 -0.4928
vn -0.1988 -0.6306 -0.7502
vn -0.2308 -0.4341 -0.8708
vn -0.2447 -0.2957 -0.9234
vn -0.2510 -0.1993 -0.9472
vn -0.2540 -0.1296 -0.9585
vn -0.2554 -0.0773 -0.9637
vn -0.2560 -0.0373 -0.9660
vn -0.1924 -0.0055 -0.9813
vn -0.1924 0.0055 -0.9813
vn -0.1924 0.0283 -0.9809
vn -0.1921 0.0587 -0.9796
vn -0.1915 0.0987 -0.9765
vn -0.1902 0.1526 -0.9698
vn -0.1873 0.2288 -0.9553
vn -0.1807 0.3436 -0.9216
vn -0.1638 0.5250 -0.8352
vn -0.1184 0.7883 -0.6038
vn -0.0286 0.9889 -0.1459
vn 0.0286 0.9889 0.1459
vn 0.1184 0.7883 0.6038
vn 0.1638 0.5250 0.8352
vn 0.1807 0.3436 0.9216
vn 0.1873 0.2288 0.9553
vn 0.1902 0.1526 0.9698
vn 0.1915 0.0987 0.9765
vn 0.1921 0.0587 0.9796
vn 0.1924 0.0283 0.9809
vn 0.1924 0.0055 0.9813
vn 0.1924 -0.0055 0.9813
vn 0.1924 -0.0283 0.9809
vn 0.1921 -0.0587 0.9796
vn 0.1915 -0.0987 0.9765
vn 0.1902 -0.1526 0.9698
vn 0.1873 -0.2288 0.9553
vn 0.1807 -0.3436 0.9216
vn 0.1638 -0.5250 0.8352
vn 0.1184 -0.7883 0.6038
vn 0.0286 -0.9889 0.1459
vn -0.0286 -0.9889 -0.1459
vn -0.1184 -0.7883 -0.6038
vn -0.1638 -0.5250 -0.8352
vn -0.1807 -0.3436 -0.9216
vn -0.1873 -0.2288 -0.9553
vn -0.1902 -0.1526 -0.9698
vn -0.1915 -0.0987 -0.9765
vn -0.1921 -0.0587 -0.9796
vn -0.1924 -0.0283 -0.9809
vn -0.1253 -0.0036 -0.9921
vn -0.1253 0.0036 -0.9921
vn -0.1253 0.0186 -0.9919
vn -0.1252 0.0386 -0.9914
vn -0.1251 0.0649 -0.9900
vn -0.1247 0.1008 -0.9871
vn -0.1239 0.1524 -0.9805
vn -0.1219 0.2333 -0.9647
vn -0.1162 0.3750 -0.9197
vn -0.0960 0.6433 -0.7596
vn -0.0280 0.9747 -0.2217
vn 0.0280 0.9747 0.2217
vn 0.0960 0.6433 0.7596
vn 0.1162 0.3750 0.9197
vn 0.1219 0.2333 0.9647
vn 0.1239 0.1524 0.9805
vn 0.1247 0.1008 0.9871
vn 0.1251 0.0649 0.9900
vn 0.1252 0.0386 0.9914
vn 0.1253 0.0186 0.9919
vn 0.1253 0.0036 0.9921
vn 0.1253 -0.0036 0.9921
vn 0.1253 -0.0186 0.9919
vn 0.1252 -0.0386 0.9914
vn 0.1251 -0.0649 0.9900
vn 0.1247 -0.1008 0.9871
vn 0.1239 -0.1524 0.9805
vn 0.1219 -0.2333 0.9647
vn 0.1162 -0.3750 0.9197
vn 0.0960 -0.6433 0.7596
vn 0.0280 -0.9747 0.2217
vn -0.0280 -0.9747 -0.2217
vn -0.0960 -0.6433 -0.7596
vn -0.1162 -0.3750 -0.9197
vn -0.1219 -0.2333 -0.9647
vn -0.1239 -0.1524 -0.9805
vn -0.1247 -0.1008 -0.9871
vn -0.1251 -0.0649 -0.9900
vn -0.1252 -0.0386 -0.9914
vn -0.1253 -0.0186 -0.9919
vn -0.0589 -0.0017 -0.9983
vn -0.0589 0.0017 -0.9983
vn -0.0589 0.0088 -0.9982
vn -0.0589 0.0182 -0.9981
vn -0.0588 0.0306 -0.9978
vn -0.0588 0.0477 -0.9971
vn -0.0587 0.0724 -0.9956
vn -0.0585 0.1123 -0.9919
vn -0.0578 0.1872 -0.9806
vn -0.0547 0.3681 -0.9282
vn -0.0258 0.8992 -0.4368
vn 0.0258 0.8992 0.4368
vn 0.0547 0.3681 0.9282
vn 0.0578 0.1872 0.9806
vn 0.0585 0.1123 0.9919
vn 0.0587 0.0724 0.9956
vn 0.0588 0.0477 0.9971
vn 0.0588 0.0306 0.9978
vn 0.0589 0.0182 0.9981
vn 0.0589 0.0088 0.9982
vn 0.0589 0.0017 0.9983
vn 0.0589 -0.0017 0.9983
vn 0.0589 -0.0088 0.9982
vn 0.0589 -0.0182 0.9981
vn 0.0588 -0.0306 0.9978
vn 0.0588 -0.0477 0.9971
vn 0.0587 -0.0724 0.9956
vn 0.0585 -0.1123 0.9919
vn 0.0578 -0.1872 0.9806
vn 0.0547 -0.3681 0.9282
vn 0.0258 -0.8992 0.4368
vn -0.0258 -0.8992 -0.4368
vn -0.0547 -0.3681 -0.9282
vn -0.0578 -0.1872 -0.9806
vn -0.0585 -0.1123 -0.9919
vn -0.0587 -0.0724 -0.9956
vn -0.0588 -0.0477 -0.9971
vn -0.0588 -0.0306 -0.9978
vn -0.0589 -0.0182 -0.9981
vn -0.0589 -0.0088 -0.9982
vn -0.5951 0.5400 0.5951
vn 0.5951 0.5401 -0.5951
vn 0.5951 -0.5401 -0.5951
vn -0.5951 -0.5400 0.5951
vn -0.4369 -0.8992 -0.0258
vn 0.4368 -0.8992 0.0258
vn 0.5951 0.5400 0.5951
vn -0.5951 0.5401 -0.5951
vn -0.5951 -0.5401 -0.5951
vn 0.5951 -0.5400 0.5951
s 0
f 41//1 1//1 40//1 80//1
f 1//2 41//2 42//2 2//2
f 2//3 42//3 43//3 3//3
f 3//4 43//4 44//4 4//4
f 4//5 44//5 45//5 5//5
f 5//6 45//6 46//6 6//6
f 6//7 46//7 47//7 7//7
f 7//8 47//8 48//8 8//8
f 8//9 48//9 49//9 9//9
f 9//10 49//10 50//10 10//10
f 10//11 50//11 51//11 11//11
f 11//12 51//12 52//12 12//12
f 12//13 52//13 53//13 13//13
f 13//14 53//14 54//14 14//14
f 14//15 54//15 55//15 15//15
f 15//16 55//16 56//16 16//16
f 16//17 56//17 57//17 17//17
f 17//18 57//18 58//18 18//18
f 18//19 58//19 59//19 19//19
f 19//20 59//20 60//20 20//20
f 20//21 60//21 61//21 21//21
f 21//22 61//22 62//22 22//22
f 22//23 62//23 63//23 23//23
f 23//24 63//24 64//24 24//24
f 24//25 64//25 65//25 25//25
f 25//26 65//26 66//26 26//26
f 26//27 66//27 67//27 27//27
f 27//28 67//28 68//28 28//28
f 28//29 68//29 69//29 29//29
f 29//30 69//30 70//30 30//30
f 30//31 70//31 71//31 31//31
f 31//32 71//32 72//32 32//32
f 32//33 72//33 73//33 33//33
f 33//34 73//34 74//34 34//34
f 34//35 74//35 75//35 35//35
f 35//36 75//36 76//36 36//36
f 36//37 76//37 77//37 37//37
f 37//38 77//38 78//38 38//38
f 38//39 78//39 79//39 39//39
f 39//40 79//40 80//40 40//40
f 81//41 41//41 80//41 120//41
f 41//42 81//42 82//42 42//42
f 42//43 82//43 83//43 43//43
f 43//44 83//44 84//44 44//44
f 44//45 84//45 85//45 45//45
f 45//46 85//46 86//46 46//46
f 46//47 86//47 87//47 47//47
f 47//48 87//48 88//48 48//48
f 48//49 88//49 89//49 49//49
f 49//50 89//50 90//50 50//50
f 50//51 90//51 91//51 51//51
f 51//52 91//52 92//52 52//52
f 52//53 92//53 93//53 53//53
f 53//54 93//54 94//54 54//54
f 54//55 94//55 95//55 55//55
f 55//56 95//56 96//56 56//56
f 56//57 96//57 97//57 57//57
f 57//58 97//58 98//58 58//58
f 58//59 98//59 99//59 59//59
f 59//60 99//60 100//60 60//60
f 60//61 100//61 101//61 61//61
f 61//62 101//62 102//62 62//62
f 62//63 102//63 103//63 63//63
f 63//64 103//64 104//64 64//64
f 64//65 104//65 105//65 65//65
f 65//66 105//66 106//66 66//66
f 66//67 106//67 107//67 67//67
f 67//68 107//68 108//68 68//68
f 68//69 108//69 109//69 69//69
f 69//70 109//70 110//70 70//70
f 70//71 110//71 111//71 71//71
f 71//72 111//72 112//72 72//72
f 72//73 112//73 113//73 73//73
f 73//74 113//74 114//74 74//74
f 74//75 114//75 115//75 75//75
f 75//76 115//76 116//76 76//76
f 76//77 116//77 117//77 77//77
f 77//78 117//78 118//78 78//78
f 78//79 118//79 119//79 79//79
f 79//80 119//80 120//80 80//80
f 121//81 81//81 120//81 160//81
f 81//82 121//82 122//82 82//82
f 82//83 122//83 123//83 83//83
f 83//84 123//84 124//84 84//84
f 84//85 124//85 125//85 85//85
f 85//86 125//86 126//86 86//86
f 86//87 126//87 127//87 87//87
f 87//88 127//88 128//88 88//88
f 88//89 128//89 129//89 89//89
f 89//90 129//90 130//90 90//90
f 90//91 130//91 131//91 91//91
f 91//92 131//92 132//92 92//92
f 92//93 132//93 133//93 93//93
f 93//94 133//94 134//94 94//94
f 94//95 134//95 135//95 95//95
f 95//96 135//96 136//96 96//96
f 96//97 136//97 137//97 97//97
f 97//98 137//98 138//98 98//98
f 98//99 138//99 139//99 99//99
f 99//100 139//100 140//100 100//100
f 100//101 140//101 141//101 101//101
f 101//102 141//102 142//102 102//102
f 102//103 142//103 143//103 103//103
f 103//104 143//104 144//104 104//104
f 104//105 144//105 145//105 105//105
f 105//106 145//106 146//106 106//106
f 106//107 146//107 147//107 107//107
f 107//108 147//108 148//108 108//108
f 108//109 148//109 149//109 109//109
f 109//110 149//110 150//110 110//110
f 110//111 150//111 151//111 111//111
f 111//112 151//112 152//112 112//112
f 112//113 152//113 153//113 113//113
f 113//114 153//114 154//114 114//114
f 114//115 154//115 155//115 115//115
f 115//116 155//116 156//116 116//116
f 116//117 156//117 157//117 117//117
f 117//118 157//118 158//118 118//118
f 118//119 158//119 159//119 119//119
f 119//120 159//120 160//120 120//120
f 161//121 121//121 160//121 200//121
f 121//122 161//122 162//122 122//122
f 122//123 162//123 163//123 123//123
f 123//124 163//124 164//124 124//124
f 124//125 164//125 165//125 125//125
f 125//126 165//126 166//126 126//126
f 126//127 166//127 167//127 127//127
f 127//128 167//128 168//128 128//128
f 128//129 168//129 169//129 129//129
f 129//130 169//130 170//130 130//130
f 130//131 170//131 171//131 131//131
f 131//132 171//132 172//132 132//132
f 132//133 172//133 173//133 133//133
f 133//134 173//134 174//134 134//134
f 134//135 174//135 175//135 135//135
f 135//136 175//136 176//136 136//136
f 136//137 176//137 177//137 137//137
f 137//138 177//138 178//138 138//138
f 138//139 178//139 179//139 139//139
f 139//140 179//140 180//140 140//140
f 140//141 180//141 181//141 141//141
f 141//142 181//142 182//142 142//142
f 142//143 182//143 183//143 143//143
f 143//144 183//144 184//144 144//144
f 144//145 184//145 185//145 145//145
f 145//146 185//146 186//146 146//146
f 146//147 186//147 187//147 147//147
f 147//148 187//148 188//148 148//148
f 148//149 188//149 189//149 149//149
f 149//150 189//150 190//150 150//150
f 150//151 190//151 191//151 151//151
f 151//152 191//152 192//152 152//152
f 152//153 192//153 193//153 153//153
f 153//154 193//154 194//154 154//154
f 154//155 194//155 195//155 155//155
f 155//156 195//156 196//156 156//156
f 156//157 196//157 197//157 157//157
f 157//158 197//158 198//158 158//158
f 158//159 198//159 199//159 159//159
f 159//160 199//160 200//160 160//160
f 201//161 161//161 200//161 240//161
f 161//162 201//162 202//162 162//162
f 162//163 202//163 203//163 163//163
f 163//164 203//164 204//164 164//164
f 164//165 204//165 205//165 165//165
f 165//166 205//166 206//166 166//166
f 166//167 206//167 207//167 167//167
f 167//168 207//168 208//168 168//168
f 168//169 208//169 209//169 169//169
f 169//170 209//170 210//170 170//170
f 170//171 210//171 211//171 171//171
f 171//172 211//172 212//172 172//172
f 172//173 212//173 213//173 173//173
f 173//174 213//174 214//174 174//174
f 174//175 214//175 215//175 175//175
f 175//176 215//176 216//176 176//176
f 176//177 216//177 217//177 177//177
f 177//178 217//178 218//178 178//178
f 178//179 218//179 219//179 179//179
f 179//180 219//180 220//180 180//180
f 180//181 220//181 221//181 181//181
f 181//182 221//182 222//182 182//182
f 182//183 222//183 223//183 183//183
f 183//184 223//184 224//184 184//184
f 184//185 224//185 225//185 185//185
f 185//186 225//186 226//186 186//186
f 186//187 226//187 227//187 187//187
f 187//188 227//188 228//188 188//188
f 188//189 228//189 229//189 189//189
f 189//190 229//190 230//190 190//190
f 190//191 230//191 231//191 191//191
f 191//192 231//192 232//192 192//192
f 192//193 232//193 233//193 193//193
f 193//194 233//194 234//194 194//194
f 194//195 234//195 235//195 195//195
f 195//196 235//196 236//196 196//196
f 196//197 236//197 237//197 197//197
f 197//198 237//198 238//198 198//198
f 198//199 238//199 239//199 199//199
f 199//200 239//200 240//200 200//200
f 241//201 201//201 240//201 280//201
f 201//202 241//202 242//202 202//202
f 202//203 242//203 243//203 203//203
f 203//204 243//204 244//204 204//204
f 204//205 244//205 245//205 205//205
f 205//206 245//206 246//206 206//206
f 206//207 246//207 247//207 207//207
f 207//208 247//208 248//208 208//208
f 208//209 248//209 249//209 209//209
f 209//210 249//210 250//210 210//210
f 210//211 250//211 251//211 211//211
f 211//212 251//212 252//212 212//212
f 212//213 252//213 253//213 213//213
f 213//214 253//214 254//214 214//214
f 214//215 254//215 255//215 215//215
f 215//216 255//216 256//216 216//216
f 216//217 256//217 257//217 217//217
f 217//218 257//218 258//218 218//218
f 218//219 258//219 259//219 219//219
f 219//220 259//220 260//220 220//220
f 220//221 260//221 261//221 221//221
f 221//222 261//222 262//222 222//222
f 222//223 262//223 263//223 223//223
f 223//224 263//224 264//224 224//224
f 224//225 264//225 265//225 225//225
f 225//226 265//226 266//226 226//226
f 226//227 266//227 267//227 227//227
f 227//228 267//228 268//228 228//228
f 228//229 268//229 269//229 229//229
f 229//230 269//230 270//230 230//230
f 230//231 270//231 271//231 231//231
f 231//232 271//232 272//232 232//232
f 232//233 272//233 273//233 233//233
f 233//234 273//234 274//234 234//234
f 234//235 274//235 275//235 235//235
f 235//236 275//236 276//236 236//236
f 236//237 276//237 277//237 237//237
f 237//238 277//238 278//238 238//238
f 238//239 278//239 279//239 239//239
f 239//240 279//240 280//240 240//240
f 281//241 241//241 280//241 320//241
f 241//242 281//242 282//242 242//242
f 242//243 282//243 283//243 243//243
f 243//244 283//244 284//244 244//244
f 244//245 284//245 285//245 245//245
f 245//246 285//246 286//246 246//246
f 246//247 286//247 287//247 247//247
f 247//248 287//248 288//248 248//248
f 248//249 288//249 289//249 249//249
f 249//250 289//250 290//250 250//250
f 250//251 290//251 291//251 251//251
f 251//252 291//252 292//252 252//252
f 252//253 292//253 293//253 253//253
f 253//254 293//254 294//254 254//254
f 254//255 294//255 295//255 255//255
f 255//256 295//256 296//256 256//256
f 256//257 296//257 297//257 257//257
f 257//258 297//258 298//258 258//258
f 258//259 298//259 299//259 259//259
f 259//260 299//260 300//260 260//260
f 260//261 300//261 301//261 261//261
f 261//262 301//262 302//262 262//262
f 262//263 302//263 303//263 263//263
f 263//264 303//264 304//264 264//264
f 264//265 304//265 305//265 265//265
f 265//266 305//266 306//266 266//266
f 266//267 306//267 307//267 267//267
f 267//268 307//268 308//268 268//268
f 268//269 308//269 309//269 269//269
f 269//270 309//270 310//270 270//270
f 270//271 310//271 311//271 271//271
f 271//272 311//272 312//272 272//272
f 272//273 312//273 313//273 273//273
f 273//274 313//274 314//274 274//274
f 274//275 314//275 315//275 275//275
f 275//276 315//276 316//276 276//276
f 276//277 316//277 317//277 277//277
f 277//278 317//278 318//278 278//278
f 278//279 318//279 319//279 279//279
f 279//280 319//280 320//280 280//280
f 321//281 281//281 320//281 360//281
f 281//282 321//282 322//282 282//282
f 282//283 322//283 323//283 283//283
f 283//284 323//284 324//284 284//284
f 284//285 324//285 325//285 285//285
f 285//286 325//286 326//286 286//286
f 286//287 326//287 327//287 287//287
f 287//288 327//288 328//288 288//288
f 288//289 328//289 329//289 289//289
f 289//290 329//290 330//290 290//290
f 290//291 330//291 331//291 291//291
f 291//292 331//292 332//292 292//292
f 292//293 332//293 333//293 293//293
f 293//294 333//294 334//294 294//294
f 294//295 334//295 335//295 295//295
f 295//296 335//296 336//296 296//296
f 296//297 336//297 337//297 297//297
f 297//298 337//298 338//298 298//298
f 298//299 338//299 339//299 299//299
f 299//300 339//300 340//300 300//300
f 300//301 340//301 341//301 301//301
f 301//302 341//302 342//302 302//302
f 302//303 342//303 343//303 303//303
f 303//304 343//304 344//304 304//304
f 304//305 344//305 345//305 305//305
f 305//306 345//306 346//306 306//306
f 306//307 346//307 347//307 307//307
f 307//308 347//308 348//308 308//308
f 308//309 348//309 349//309 309//309
f 309//310 349//310 350//310 310//310
f 310//311 350//311 351//311 311//311
f 311//312 351//312 352//312 312//312
f 312//313 352//313 353//313 313//313
f 313//314 353//314 354//314 314//314
f 314//315 354//315 355//315 315//315
f 315//316 355//316 356//316 316//316
f 316//317 356//317 357//317 317//317
f 317//318 357//318 358//318 318//318
f 318//319 358//319 359//319 319//319
f 319//320 359//320 360//320 320//320
f 361//321 321//321 360//321 400//321
f 321//322 361//322 362//322 322//322
f 322//323 362//323 363//323 323//323
f 323//324 363//324 364//324 324//324
f 324//325 364//325 365//325 325//325
f 325//326 365//326 366//326 326//326
f 326//327 366//327 367//327 327//327
f 327//328 367//328 368//328 328//328
f 328//329 368//329 369//329 329//329
f 329//330 369//330 370//330 330//330
f 330//331 370//331 371//331 331//331
f 331//332 371//332 372//332 332//332
f 332//333 372//333 373//333 333//333
f 333//334 373//334 374//334 334//334
f 334//335 374//335 375//335 335//335
f 335//336 375//336 376//336 336//336
f 336//337 376//337 377//337 337//337
f 337//338 377//338 378//338 338//338
f 338//339 378//339 379//339 339//339
f 339//340 379//340 380//340 340//340
f 340//341 380//341 381//341 341//341
f 341//342 381//342 382//342 342//342
f 342//343 382//343 383//343 343//343
f 343//344 383//344 384//344 344//344
f 344//345 384//345 385//345 345//345
f 345//346 385//346 386//346 346//346
f 346//347 386//347 387//347 347//347
f 347//348 387//348 388//348 348//348
f 348//349 388//349 389//349 349//349
f 349//350 389//350 390//350 350//350
f 350//351 390//351 391//351 351//351
f 351//352 391//352 392//352 352//352
f 352//353 392//353 393//353 353//353
f 353//354 393//354 394//354 354//354
f 354//355 394//355 395//355 355//355
f 355//356 395//356 396//356 356//356
f 356//357 396//357 397//357 357//357
f 357//358 397//358 398//358 358//358
f 358//359 398//359 399//359 359//359
f 359//360 399//360 400//360 360//360
f 401//361 361//361 400//361 440//361
f 361//362 401//362 402//362 362//362
f 362//363 402//363 403//363 363//363
f 363//364 403//364 404//364 364//364
f 364//365 404//365 405//365 365//365
f 365//366 405//366 406//366 366//366
f 366//367 406//367 407//367 367//367
f 367//368 407//368 408//368 368//368
f 368//369 408//369 409//369 369//369
f 369//370 409//370 410//370 370//370
f 370//371 410//371 411//371 371//371
f 371//372 411//372 412//372 372//372
f 372//373 412//373 413//373 373//373
f 373//374 413//374 414//374 374//374
f 374//375 414//375 415//375 375//375
f 375//376 415//376 416//376 376//376
f 376//377 416//377 417//377 377//377
f 377//378 417//378 418//378 378//378
f 378//379 418//379 419//379 379//379
f 379//380 419//380 420//380 380//380
f 380//381 420//381 421//381 381//381
f 381//382 421//382 422//382 382//382
f 382//383 422//383 423//383 383//383
f 383//384 423//384 424//384 384//384
f 384//385 424//385 425//385 385//385
f 385//386 425//386 426//386 386//386
f 386//387 426//387 427//387 387//387
f 387//388 427//388 428//388 388//388
f 388//389 428//389 429//389 389//389
f 389//390 429//390 430//390 390//390
f 390//391 430//391 431//391 391//391
f 391//392 431//392 432//392 392//392
f 392//393 432//393 433//393 393//393
f 393//394 433//394 434//394 394//394
f 394//395 434//395 435//395 395//395
f 395//396 435//396 436//396 396//396
f 396//397 436//397 437//397 397//397
f 397//398 437//398 438//398 398//398
f 398//399 438//399 439//399 399//399
f 399//400 439//400 440//400 400//400
f 441//401 401//401 440//401 480//401
f 401//402 441//402 442//402 402//402
f 402//403 442//403 443//403 403//403
f 403//404 443//404 444//404 404//404
f 404//405 444//405 445//405 405//405
f 405//406 445//406 446//406 406//406
f 406//407 446//407 447//407 407//407
f 407//408 447//408 448//408 408//408
f 408//409 448//409 449//409 409//409
f 409//410 449//410 450//410 410//410
f 410//411 450//411 451//411 411//411
f 411//412 451//412 452//412 412//412
f 412//413 452//413 453//413 413//413
f 413//414 453//414 454//414 414//414
f 414//415 454//415 455//415 415//415
f 415//416 455//416 456//416 416//416
f 416//417 456//417 457//417 417//417
f 417//418 457//418 458//418 418//418
f 418//419 458//419 459//419 419//419
f 419//420 459//420 460//420 420//420
f 420//421 460//421 461//421 421//421
f 421//422 461//422 462//422 422//422
f 422//423 462//423 463//423 423//423
f 423//424 463//424 464//424 424//424
f 424//425 464//425 465//425 425//425
f 425//426 465//426 466//426 426//426
f 426//427 466//427 467//427 427//427
f 427//428 467//428 468//428 428//428
f 428//429 468//429 469//429 429//429
f 429//430 469//430 470//430 430//430
f 430//431 470//431 471//431 431//431
f 431//432 471//432 472//432 432//432
f 432//433 472//433 473//433 433//433
f 433//434 473//434 474//434 434//434
f 434//435 474//435 475//435 435//435
f 435//436 475//436 476//436 436//436
f 436//437 476//437 477//437 437//437
f 437//438 477//438 478//438 438//438
f 438//439 478//439 479//439 439//439
f 439//440 479//440 480//440 440//440
f 481//441 441//441 480//441 520//441
f 441//442 481//442 482//442 442//442
f 442//443 482//443 483//443 443//443
f 443//444 483//444 484//444 444//444
f 444//445 484//445 485//445 445//445
f 445//446 485//446 486//446 446//446
f 446//447 486//447 487//447 447//447
f 447//448 487//448 488//448 448//448
f 448//449 488//449 489//449 449//449
f 449//450 489//450 490//450 450//450
f 450//451 490//451 491//451 451//451
f 451//452 491//452 492//452 452//452
f 452//453 492//453 493//453 453//453
f 453//454 493//454 494//454 454//454
f 454//455 494//455 495//455 455//455
f 455//456 495//456 496//456 456//456
f 456//457 496//457 497//457 457//457
f 457//458 497//458 498//458 458//458
f 458//459 498//459 499//459 459//459
f 459//460 499//460 500//460 460//460
f 460//461 500//461 501//461 461//461
f 461//462 501//462 502//462 462//462
f 462//463 502//463 503//463 463//463
f 463//464 503//464 504//464 464//464
f 464//465 504//465 505//465 465//465
f 465//466 505//466 506//466 466//466
f 466//467 506//467 507//467 467//467
f 467//468 507//468 508//468 468//468
f 468//469 508//469 509//469 469//469
f 469//470 509//470 510//470 470//470
f 470//471 510//471 511//471 471//471
f 471//472 511//472 512//472 472//472
f 472//473 512//473 513//473 473//473
f 473//474 513//474 514//474 474//474
f 474//475 514//475 515//475 475//475
f 475//476 515//476 516//476 476//476
f 476//477 516//477 517//477 477//477
f 477//478 517//478 518//478 478//478
f 478//479 518//479 519//479 479//479
f 479//480 519//480 520//480 480//480
f 521//481 481//481 520//481 560//481
f 481//482 521//482 522//482 482//482
f 482//483 522//483 523//483 483//483
f 483//484 523//484 524//484 484//484
f 484//485 524//485 525//485 485//485
f 485//486 525//486 526//486 486//486
f 486//487 526//487 527//487 487//487
f 487//488 527//488 528//488 488//488
f 488//489 528//489 529//489 489//489
f 489//490 529//490 530//490 490//490
f 490//491 530//491 531//491 491//491
f 491//492 531//492 532//492 492//492
f 492//493 532//493 533//493 493//493
f 493//494 533//494 534//494 494//494
f 494//495 534//495 535//495 495//495
f 495//496 535//496 536//496 496//496
f 496//497 536//497 537//497 497//497
f 497//498 537//498 538//498 498//498
f 498//499 538//499 539//499 499//499
f 499//500 539//500 540//500 500//500
f 500//501 540//501 541//501 501//501
f 501//502 541//502 542//502 502//502
f 502//503 542//503 543//503 503//503
f 503//504 543//504 544//504 504//504
f 504//505 544//505 545//505 505//505
f 505//506 545//506 546//506 506//506
f 506//507 546//507 547//507 507//507
f 507//508 547//508 548//508 508//508
f 508//509 548//509 549//509 509//509
f 509//510 549//510 550//510 510//510
f 510//511 550//511 551//511 511//511
f 511//512 551//512 552//512 512//512
f 512//513 552//513 553//513 513//513
f 513//514 553//514 554//514 514//514
f 514//515 554//515 555//515 515//515
f 515//516 555//516 556//516 516//516
f 516//517 556//517 557//517 517//517
f 517//518 557//518 558//518 518//518
f 518//519 558//519 559//519 519//519
f 519//520 559//520 560//520 520//520
f 561//521 521//521 560//521 600//521
f 521//522 561//522 562//522 522//522
f 522//523 562//523 563//523 523//523
f 523//524 563//524 564//524 524//524
f 524//525 564//525 565//525 525//525
f 525//526 565//526 566//526 526//526
f 526//527 566//527 567//527 527//527
f 527//528 567//528 568//528 528//528
f 528//529 568//529 569//529 529//529
f 529//530 569//530 570//530 530//530
f 530//531 570//531 571//531 531//531
f 531//532 571//532 572//532 532//532
f 532//533 572//533 573//533 533//533
f 533//534 573//534 574//534 534//534
f 534//535 574//535 575//535 535//535
f 535//536 575//536 576//536 536//536
f 536//537 576//537 577//537 537//537
f 537//538 577//538 578//538 538//538
f 538//539 578//539 579//539 539//539
f 539//540 579//540 580//540 540//540
f 540//541 580//541 581//541 541//541
f 541//542 581//542 582//542 542//542
f 542//543 582//543 583//543 543//543
f 543//544 583//544 584//544 544//544
f 544//545 584//545 585//545 545//545
f 545//546 585//546 586//546 546//546
f 546//547 586//547 587//547 547//547
f 547//548 587//548 588//548 548//548
f 548//549 588//549 589//549 549//549
f 549//550 589//550 590//550 550//550
f 550//551 590//551 591//551 551//551
f 551//552 591//552 592//552 552//552
f 552//553 592//553 593//553 553//553
f 553//554 593//554 594//554 554//554
f 554//555 594//555 595//555 555//555
f 555//556 595//556 596//556 556//556
f 556//557 596//557 597//557 557//557
f 557//558 597//558 598//558 558//558
f 558//559 598//559 599//559 559//559
f 559//560 599//560 600//560 560//560
f 601//561 561//561 600//561 640//561
f 561//562 601//562 602//562 562//562
f 562//563 602//563 603//563 563//563
f 563//564 603//564 604//564 564//564
f 564//565 604//565 605//565 565//565
f 565//566 605//566 606//566 566//566
f 566//567 606//567 607//567 567//567
f 567//568 607//568 608//568 568//568
f 568//569 608//569 609//569 569//569
f 569//570 609//570 610//570 570//570
f 570//571 610//571 611//571 571//571
f 571//572 611//572 612//572 572//572
f 572//573 612//573 613//573 573//573
f 573//574 613//574 614//574 574//574
f 574//575 614//575 615//575 575//575
f 575//576 615//576 616//576 576//576
f 576//577 616//577 617//577 577//577
f 577//578 617//578 618//578 578//578
f 578//579 618//579 619//579 579//579
f 579//580 619//580 620//580 580//580
f 580//581 620//581 621//581 581//581
f 581//582 621//582 622//582 582//582
f 582//583 622//583 623//583 583//583
f 583//584 623//584 624//584 584//584
f 584//585 624//585 625//585 585//585
f 585//586 625//586 626//586 586//586
f 586//587 626//587 627//587 587//587
f 587//588 627//588 628//588 588//588
f 588//589 628//589 629//589 589//589
f 589//590 629//590 630//590 590//590
f 590//591 630//591 631//591 591//591
f 591//592 631//592 632//592 592//592
f 592//593 632//593 633//593 593//593
f 593//594 633//594 634//594 594//594
f 594//595 634//595 635//595 595//595
f 595//596 635//596 636//596 596//596
f 596//597 636//597 637//597 597//597
f 597//598 637//598 638//598 598//598
f 598//599 638//599 639//599 599//599
f 599//600 639//600 640//600 600//600
f 641//601 601//601 640//601 680//601
f 601//602 641//602 642//602 602//602
f 602//603 642//603 643//603 603//603
f 603//604 643//604 644//604 604//604
f 604//605 644//605 645//605 605//605
f 605//606 645//606 646//606 606//606
f 606//607 646//607 647//607 607//607
f 607//608 647//608 648//608 608//608
f 608//609 648//609 649//609 609//609
f 609//610 649//610 650//610 610//610
f 610//611 650//611 651//611 611//611
f 611//612 651//612 652//612 612//612
f 612//613 652//613 653//613 613//613
f 613//614 653//614 654//614 614//614
f 614//615 654//615 655//615 615//615
f 615//616 655//616 656//616 616//616
f 616//617 656//617 657//617 617//617
f 617//618 657//618 658//618 618//618
f 618//619 658//619 659//619 619//619
f 619//620 659//620 660//620 620//620
f 620//621 660//621 661//621 621//621
f 621//622 661//622 662//622 622//622
f 622//623 662//623 663//623 623//623
f 623//624 663//624 664//624 624//624
f 624//625 664//625 665//625 625//625
f 625//626 665//626 666//626 626//626
f 626//627 666//627 667//627 627//627
f 627//628 667//628 668//628 628//628
f 628//629 668//629 669//629 629//629
f 629//630 669//630 670//630 630//630
f 630//631 670//631 671//631 631//631
f 631//632 671//632 672//632 632//632
f 632//633 672//633 673//633 633//633
f 633//634 673//634 674//634 634//634
f 634//635 674//635 675//635 635//635
f 635//636 675//636 676//636 636//636
f 636//637 676//637 677//637 637//637
f 637//638 677//638 678//638 638//638
f 638//639 678//639 679//639 639//639
f 639//640 679//640 680//640 640//640
f 681//641 641//641 680//641 720//641
f 641//642 681//642 682//642 642//642
f 642//643 682//643 683//643 643//643
f 643//644 683//644 684//644 644//644
f 644//645 684//645 685//645 645//645
f 645//646 685//646 686//646 646//646
f 646//647 686//647 687//647 647//647
f 647//648 687//648 688//648 648//648
f 648//649 688//649 689//649 649//649
f 649//650 689//650 690//650 650//650
f 650//651 690//651 691//651 651//651
f 651//652 691//652 692//652 652//652
f 652//653 692//653 693//653 653//653
f 653//654 693//654 694//654 654//654
f 654//655 694//655 695//655 655//655
f 655//656 695//656 696//656 656//656
f 656//657 696//657 697//657 657//657
f 657//658 697//658 698//658 658//658
f 658//659 698//659 699//659 659//659
f 659//660 699//660 700//660 660//660
f 660//661 700//661 701//661 661//661
f 661//662 701//662 702//662 662//662
f 662//663 702//663 703//663 663//663
f 663//664 703//664 704//664 664//664
f 664//665 704//665 705//665 665//665
f 665//666 705//666 706//666 666//666
f 666//667 706//667 707//667 667//667
f 667//668 707//668 708//668 668//668
f 668//669 708//669 709//669 669//669
f 669//670 709//670 710//670 670//670
f 670//671 710//671 711//671 671//671
f 671//672 711//672 712//672 672//672
f 672//673 712//673 713//673 673//673
f 673//674 713//674 714//674 674//674
f 674//675 714//675 715//675 675//675
f 675//676 715//676 716//676 676//676
f 676//677 716//677 717//677 677//677
f 677//678 717//678 718//678 678//678
f 678//679 718//679 719//679 679//679
f 679//680 719//680 720//680 680//680
f 721//681 681//681 720//681 760//681
f 681//682 721//682 722//682 682//682
f 682//683 722//683 723//683 683//683
f 683//684 723//684 724//684 684//684
f 684//685 724//685 725//685 685//685
f 685//686 725//686 726//686 686//686
f 686//687 726//687 727//687 687//687
f 687//688 727//688 728//688 688//688
f 688//689 728//689 729//689 689//689
f 689//690 729//690 730//690 690//690
f 690//691 730//691 731//691 691//691
f 691//692 731//692 732//692 692//692
f 692//693 732//693 733//693 693//693
f 693//694 733//694 734//694 694//694
f 694//695 734//695 735//695 695//695
f 695//696 735//696 736//696 696//696
f 696//697 736//697 737//697 697//697
f 697//698 737//698 738//698 698//698
f 698//699 738//699 739//699 699//699
f 699//700 739//700 740//700 700//700
f 700//701 740//701 741//701 701//701
f 701//702 741//702 742//702 702//702
f 702//703 742//703 743//703 703//703
f 703//704 743//704 744//704 704//704
f 704//705 744//705 745//705 705//705
f 705//706 745//706 746//706 706//706
f 706//707 746//707 747//707 707//707
f 707//708 747//708 748//708 708//708
f 708//709 748//709 749//709 709//709
f 709//710 749//710 750//710 710//710
f 710//711 750//711 751//711 711//711
f 711//712 751//712 752//712 712//712
f 712//713 752//713 753//713 713//713
f 713//714 753//714 754//714 714//714
f 714//715 754//715 755//715 715//715
f 715//716 755//716 756//716 716//716
f 716//717 756//717 757//717 717//717
f 717//718 757//718 758//718 718//718
f 718//719 758//719 759//719 719//719
f 719//720 759//720 760//720 720//720
f 761//721 721//721 760//721 800//721
f 721//722 761//722 762//722 722//722
f 722//723 762//723 763//723 723//723
f 723//724 763//724 764//724 724//724
f 724//725 764//725 765//725 725//725
f 725//726 765//726 766//726 726//726
f 726//727 766//727 767//727 727//727
f 727//728 767//728 768//728 728//728
f 728//729 768//729 769//729 729//729
f 729//730 769//730 770//730 730//730
f 730//731 770//731 771//731 731//731
f 731//732 771//732 772//732 732//732
f 732//733 772//733 773//733 733//733
f 733//734 773//734 774//734 734//734
f 734//735 774//735 775//735 735//735
f 735//736 775//736 776//736 736//736
f 736//737 776//737 777//737 737//737
f 737//738 777//738 778//738 738//738
f 738//739 778//739 779//739 739//739
f 739//740 779//740 780//740 740//740
f 740//741 780//741 781//741 741//741
f 741//742 781//742 782//742 742//742
f 742//743 782//743 783//743 743//743
f 743//744 783//744 784//744 744//744
f 744//745 784//745 785//745 745//745
f 745//746 785//746 786//746 746//746
f 746//747 786//747 787//747 747//747
f 747//748 787//748 788//748 748//748
f 748//749 788//749 789//749 749//749
f 749//750 789//750 790//750 750//750
f 750//751 790//751 791//751 751//751
f 751//752 791//752 792//752 752//752
f 752//753 792//753 793//753 753//753
f 753//754 793//754 794//754 754//754
f 754//755 794//755 795//755 755//755
f 755//756 795//756 796//756 756//756
f 756//757 796//757 797//757 757//757
f 757//758 797//758 798//758 758//758
f 758//759 798//759 799//759 759//759
f 759//760 799//760 800//760 760//760
f 801//761 761//761 800//761 840//761
f 761//762 801//762 802//762 762//762
f 762//763 802//763 803//763 763//763
f 763//764 803//764 804//764 764//764
f 764//765 804//765 805//765 765//765
f 765//766 805//766 806//766 766//766
f 766//767 806//767 807//767 767//767
f 767//768 807//768 808//768 768//768
f 768//769 808//769 809//769 769//769
f 769//770 809//770 810//770 770//770
f 770//771 810//771 811//771 771//771
f 771//772 811//772 812//772 772//772
f 772//773 812//773 813//773 773//773
f 773//774 813//774 814//774 774//774
f 774//775 814//775 815//775 775//775
f 775//776 815//776 816//776 776//776
f 776//777 816//777 817//777 777//777
f 777//778 817//778 818//778 778//778
f 778//779 818//779 819//779 779//779
f 779//780 819//780 820//780 780//780
f 780//781 820//781 821//781 781//781
f 781//782 821//782 822//782 782//782
f 782//783 822//783 823//783 783//783
f 783//784 823//784 824//784 784//784
f 784//785 824//785 825//785 785//785
f 785//786 825//786 826//786 786//786
f 786//787 826//787 827//787 787//787
f 787//788 827//788 828//788 788//788
f 788//789 828//789 829//789 789//789
f 789//790 829//790 830//790 790//790
f 790//791 830//791 831//791 791//791
f 791//792 831//792 832//792 792//792
f 792//793 832//793 833//793 793//793
f 793//794 833//794 834//794 794//794
f 794//795 834//795 835//795 795//795
f 795//796 835//796 836//796 796//796
f 796//797 836//797 837//797 797//797
f 797//798 837//798 838//798 798//798
f 798//799 838//799 839//799 799//799
f 799//800 839//800 840//800 800//800
f 841//801 801//801 840//801 880//801
f 801//802 841//802 842//802 802//802
f 802//803 842//803 843//803 803//803
f 803//804 843//804 844//804 804//804
f 804//805 844//805 845//805 805//805
f 805//806 845//806 846//806 806//806
f 806//807 846//807 847//807 807//807
f 807//808 847//808 848//808 808//808
f 808//809 848//809 849//809 809//809
f 809//810 849//810 850//810 810//810
f 810//811 850//811 851//811 811//811
f 811//812 851//812 852//812 812//812
f 812//813 852//813 853//813 813//813
f 813//814 853//814 854//814 814//814
f 814//815 854//815 855//815 815//815
f 815//816 855//816 856//816 816//816
f 816//817 856//817 857//817 817//817
f 817//818 857//818 858//818 818//818
f 818//819 858//819 859//819 819//819
f 819//820 859//820 860//820 820//820
f 820//821 860//821 861//821 821//821
f 821//822 861//822 862//822 822//822
f 822//823 862//823 863//823 823//823
f 823//824 863//824 864//824 824//824
f 824//825 864//825 865//825 825//825
f 825//826 865//826 866//826 826//826
f 826//827 866//827 867//827 827//827
f 827//828 867//828 868//828 828//828
f 828//829 868//829 869//829 829//829
f 829//830 869//830 870//830 830//830
f 830//831 870//831 871//831 831//831
f 831//832 871//832 872//832 832//832
f 832//833 872//833 873//833 833//833
f 833//834 873//834 874//834 834//834
f 834//835 874//835 875//835 835//835
f 835//836 875//836 876//836 836//836
f 836//837 876//837 877//837 837//837
f 837//838 877//838 878//838 838//838
f 838//839 878//839 879//839 839//839
f 839//840 879//840 880//840 840//840
f 881//841 841//841 880//841 920//841
f 841//842 881//842 882//842 842//842
f 842//843 882//843 883//843 843//843
f 843//844 883//844 884//844 844//844
f 844//845 884//845 885//845 845//845
f 845//846 885//846 886//846 846//846
f 846//847 886//847 887//847 847//847
f 847//848 887//848 888//848 848//848
f 848//849 888//849 889//849 849//849
f 849//850 889//850 890//850 850//850
f 850//851 890//851 891//851 851//851
f 851//852 891//852 892//852 852//852
f 852//853 892//853 893//853 853//853
f 853//854 893//854 894//854 854//854
f 854//855 894//855 895//855 855//855
f 855//856 895//856 896//856 856//856
f 856//857 896//857 897//857 857//857
f 857//858 897//858 898//858 858//858
f 858//859 898//859 899//859 859//859
f 859//860 899//860 900//860 860//860
f 860//861 900//861 901//861 861//861
f 861//862 901//862 902//862 862//862
f 862//863 902//863 903//863 863//863
f 863//864 903//864 904//864 864//864
f 864//865 904//865 905//865 865//865
f 865//866 905//866 906//866 866//866
f 866//867 906//867 907//867 867//867
f 867//868 907//868 908//868 868//868
f 868//869 908//869 909//869 869//869
f 869//870 909//870 910//870 870//870
f 870//871 910//871 911//871 871//871
f 871//872 911//872 912//872 872//872
f 872//873 912//873 913//873 873//873
f 873//874 913//874 914//874 874//874
f 874//875 914//875 915//875 875//875
f 875//876 915//876 916//876 876//876
f 876//877 916//877 917//877 877//877
f 877//878 917//878 918//878 878//878
f 878//879 918//879 919//879 879//879
f 879//880 919//880 920//880 880//880
f 921//881 881//881 920//881 960//881
f 881//882 921//882 922//882 882//882
f 882//883 922//883 923//883 883//883
f 883//884 923//884 924//884 884//884
f 884//885 924//885 925//885 885//885
f 885//886 925//886 926//886 886//886
f 886//887 926//887 927//887 887//887
f 887//888 927//888 928//888 888//888
f 888//889 928//889 929//889 889//889
f 889//890 929//890 930//890 890//890
f 890//891 930//891 931//891 891//891
f 891//892 931//892 932//892 892//892
f 892//893 932//893 933//893 893//893
f 893//894 933//894 934//894 894//894
f 894//895 934//895 935//895 895//895
f 895//896 935//896 936//896 896//896
f 896//897 936//897 937//897 897//897
f 897//898 937//898 938//898 898//898
f 898//899 938//899 939//899 899//899
f 899//900 939//900 940//900 900//900
f 900//901 940//901 941//901 901//901
f 901//902 941//902 942//902 902//902
f 902//903 942//903 943//903 903//903
f 903//904 943//904 944//904 904//904
f 904//905 944//905 945//905 905//905
f 905//906 945//906 946//906 906//906
f 906//907 946//907 947//907 907//907
f 907//908 947//908 948//908 908//908
f 908//909 948//909 949//909 909//909
f 909//910 949//910 950//910 910//910
f 910//911 950//911 951//911 911//911
f 911//912 951//912 952//912 912//912
f 912//913 952//913 953//913 913//913
f 913//914 953//914 954//914 914//914
f 914//915 954//915 955//915 915//915
f 915//916 955//916 956//916 916//916
f 916//917 956//917 957//917 917//917
f 917//918 957//918 958//918 918//918
f 918//919 958//919 959//919 919//919
f 919//920 959//920 960//920 920//920
f 961//921 921//921 960//921 1000//921
f 921//922 961//922 962//922 922//922
f 922//923 962//923 963//923 923//923
f 923//924 963//924 964//924 924//924
f 924//925 964//925 965//925 925//925
f 925//926 965//926 966//926 926//926
f 926//927 966//927 967//927 927//927
f 927//928 967//928 968//928 928//928
f 928//929 968//929 969//929 929//929
f 929//930 969//930 970//930 930//930
f 930//931 970//931 971//931 931//931
f 931//932 971//932 972//932 932//932
f 932//933 972//933 973//933 933//933
f 933//934 973//934 974//934 934//934
f 934//935 974//935 975//935 935//935
f 935//936 975//936 976//936 936//936
f 936//937 976//937 977//937 937//937
f 937//938 977//938 978//938 938//938
f 938//939 978//939 979//939 939//939
f 939//940 979//940 980//940 940//940
f 940//941 980//941 981//941 941//941
f 941//942 981//942 982//942 942//942
f 942//943 982//943 983//943 943//943
f 943//944 983//944 984//944 944//944
f 944//945 984//945 985//945 945//945
f 945//946 985//946 986//946 946//946
f 946//947 986//947 987//947 947//947
f 947//948 987//948 988//948 948//948
f 948//949 988//949 989//949 949//949
f 949//950 989//950 990//950 950//950
f 950//951 990//951 991//951 951//951
f 951//952 991//952 992//952 952//952
f 952//953 992//953 993//953 953//953
f 953//954 993//954 994//954 954//954
f 954//955 994//955 995//955 955//955
f 955//956 995//956 996//956 956//956
f 956//957 996//957 997//957 957//957
f 957//958 997//958 998//958 958//958
f 958//959 998//959 999//959 959//959
f 959//960 999//960 1000//960 960//960
f 1001//961 961//961 1000//961 1040//961
f 961//962 1001//962 1002//962 962//962
f 962//963 1002//963 1003//963 963//963
f 963//964 1003//964 1004//964 964//964
f 964//965 1004//965 1005//965 965//965
f 965//966 1005//966 1006//966 966//966
f 966//967 1006//967 1007//967 967//967
f 967//968 1007//968 1008//968 968//968
f 968//969 1008//969 1009//969 969//969
f 969//970 1009//970 1010//970 970//970
f 970//971 1010//971 1011//971 971//971
f 971//972 1011//972 1012//972 972//972
f 972//973 1012//973 1013//973 973//973
f 973//974 1013//974 1014//974 974//974
f 974//975 1014//975 1015//975 975//975
f 975//976 1015//976 1016//976 976//976
f 976//977 1016//977 1017//977 977//977
f 977//978 1017//978 1018//978 978//978
f 978//979 1018//979 1019//979 979//979
f 979//980 1019//980 1020//980 980//980
f 980//981 1020//981 1021//981 981//981
f 981//982 1021//982 1022//982 982//982
f 982//983 1022//983 1023//983 983//983
f 983//984 1023//984 1024//984 984//984
f 984//985 1024//985 1025//985 985//985
f 985//986 1025//986 1026//986 986//986
f 986//987 1026//987 1027//987 987//987
f 987//988 1027//988 1028//988 988//988
f 988//989 1028//989 1029//989 989//989
f 989//990 1029//990 1030//990 990//990
f 990//991 1030//991 1031//991 991//991
f 991//992 1031//992 1032//992 992//992
f 992//993 1032//993 1033//993 993//993
f 993//994 1033//994 1034//994 994//994
f 994//995 1034//995 1035//995 995//995
f 995//996 1035//996 1036//996 996//996
f 996//997 1036//997 1037//997 997//997
f 997//998 1037//998 1038//998 998//998
f 998//999 1038//999 1039//999 999//999
f 999//1000 1039//1000 1040//1000 1000//1000
f 1041//1001 1001//1001 1040//1001 1080//1001
f 1001//1002 1041//1002 1042//1002 1002//1002
f 1002//1003 1042//1003 1043//1003 1003//1003
f 1003//1004 1043//1004 1044//1004 1004//1004
f 1004//1005 1044//1005 1045//1005 1005//1005
f 1005//1006 1045//1006 1046//1006 1006//1006
f 1006//1007 1046//1007 1047//1007 1007//1007
f 1007//1008 1047//1008 1048//1008 1008//1008
f 1008//1009 1048//1009 1049//1009 1009//1009
f 1009//1010 1049//1010 1050//1010 1010//1010
f 1010//1011 1050//1011 1051//1011 1011//1011
f 1011//1012 1051//1012 1052//1012 1012//1012
f 1012//1013 1052//1013 1053//1013 1013//1013
f 1013//1014 1053//1014 1054//1014 1014//1014
f 1014//1015 1054//1015 1055//1015 1015//1015
f 1015//1016 1055//1016 1056//1016 1016//1016
f 1016//1017 1056//1017 1057//1017 1017//1017
f 1017//1018 1057//1018 1058//1018 1018//1018
f 1018//1019 1058//1019 1059//1019 1019//1019
f 1019//1020 1059//1020 1060//1020 1020//1020
f 1020//1021 1060//1021 1061//1021 1021//1021
f 1021//1022 1061//1022 1062//1022 1022//1022
f 1022//1023 1062//1023 1063//1023 1023//1023
f 1023//1024 1063//1024 1064//1024 1024//1024
f 1024//1025 1064//1025 1065//1025 1025//1025
f 1025//1026 1065//1026 1066//1026 1026//1026
f 1026//1027 1066//1027 1067//1027 1027//1027
f 1027//1028 1067//1028 1068//1028 1028//1028
f 1028//1029 1068//1029 1069//1029 1029//1029
f 1029//1030 1069//1030 1070//1030 1030//1030
f 1030//1031 1070//1031 1071//1031 1031//1031
f 1031//1032 1071//1032 1072//1032 1032//1032
f 1032//1033 1072//1033 1073//1033 1033//1033
f 1033//1034 1073//1034 1074//1034 1034//1034
f 1034//1035 1074//1035 1075//1035 1035//1035
f 1035//1036 1075//1036 1076//1036 1036//1036
f 1036//1037 1076//1037 1077//1037 1037//1037
f 1037//1038 1077//1038 1078//1038 1038//1038
f 1038//1039 1078//1039 1079//1039 1039//1039
f 1039//1040 1079//1040 1080//1040 1040//1040
f 1081//1041 1041//1041 1080//1041 1120//1041
f 1041//1042 1081//1042 1082//1042 1042//1042
f 1042//1043 1082//1043 1083//1043 1043//1043
f 1043//1044 1083//1044 1084//1044 1044//1044
f 1044//1045 1084//1045 1085//1045 1045//1045
f 1045//1046 1085//1046 1086//1046 1046//1046
f 1046//1047 1086//1047 1087//1047 1047//1047
f 1047//1048 1087//1048 1088//1048 1048//1048
f 1048//1049 1088//1049 1089//1049 1049//1049
f 1049//1050 1089//1050 1090//1050 1050//1050
f 1050//1051 1090//1051 1091//1051 1051//1051
f 1051//1052 1091//1052 1092//1052 1052//1052
f 1052//1053 1092//1053 1093//1053 1053//1053
f 1053//1054 1093//1054 1094//1054 1054//1054
f 1054//1055 1094//1055 1095//1055 1055//1055
f 1055//1056 1095//1056 1096//1056 1056//1056
f 1056//1057 1096//1057 1097//1057 1057//1057
f 1057//1058 1097//1058 1098//1058 1058//1058
f 1058//1059 1098//1059 1099//1059 1059//1059
f 1059//1060 1099//1060 1100//1060 1060//1060
f 1060//1061 1100//1061 1101//1061 1061//1061
f 1061//1062 1101//1062 1102//1062 1062//1062
f 1062//1063 1102//1063 1103//1063 1063//1063
f 1063//1064 1103//1064 1104//1064 1064//1064
f 1064//1065 1104//1065 1105//1065 1065//1065
f 1065//1066 1105//1066 1106//1066 1066//1066
f 1066//1067 1106//1067 1107//1067 1067//1067
f 1067//1068 1107//1068 1108//1068 1068//1068
f 1068//1069 1108//1069 1109//1069 1069//1069
f 1069//1070 1109//1070 1110//1070 1070//1070
f 1070//1071 1110//1071 1111//1071 1071//1071
f 1071//1072 1111//1072 1112//1072 1072//1072
f 1072//1073 1112//1073 1113//1073 1073//1073
f 1073//1074 1113//1074 1114//1074 1074//1074
f 1074//1075 1114//1075 1115//1075 1075//1075
f 1075//1076 1115//1076 1116//1076 1076//1076
f 1076//1077 1116//1077 1117//1077 1077//1077
f 1077//1078 1117//1078 1118//1078 1078//1078
f 1078//1079 1118//1079 1119//1079 1079//1079
f 1079//1080 1119//1080 1120//1080 1080//1080
f 1121//1081 1081//1081 1120//1081 1160//1081
f 1081//1082 1121//1082 1122//1082 1082//1082
f 1082//1083 1122//1083 1123//1083 1083//1083
f 1083//1084 1123//1084 1124//1084 1084//1084
f 1084//1085 1124//1085 1125//1085 1085//1085
f 1085//1086 1125//1086 1126//1086 1086//1086
f 1086//1087 1126//1087 1127//1087 1087//1087
f 1087//1088 1127//1088 1128//1088 1088//1088
f 1088//1089 1128//1089 1129//1089 1089//1089
f 1089//1090 1129//1090 1130//1090 1090//1090
f 1090//1091 1130//1091 1131//1091 1091//1091
f 1091//1092 1131//1092 1132//1092 1092//1092
f 1092//1093 1132//1093 1133//1093 1093//1093
f 1093//1094 1133//1094 1134//1094 1094//1094
f 1094//1095 1134//1095 1135//1095 1095//1095
f 1095//1096 1135//1096 1136//1096 1096//1096
f 1096//1097 1136//1097 1137//1097 1097//1097
f 1097//1098 1137//1098 1138//1098 1098//1098
f 1098//1099 1138//1099 1139//1099 1099//1099
f 1099//1100 1139//1100 1140//1100 1100//1100
f 1100//1101 1140//1101 1141//1101 1101//1101
f 1101//1102 1141//1102 1142//1102 1102//1102
f 1102//1103 1142//1103 1143//1103 1103//1103
f 1103//1104 1143//1104 1144//1104 1104//1104
f 1104//1105 1144//1105 1145//1105 1105//1105
f 1105//1106 1145//1106 1146//1106 1106//1106
f 1106//1107 1146//1107 1147//1107 1107//1107
f 1107//1108 1147//1108 1148//1108 1108//1108
f 1108//1109 1148//1109 1149//1109 1109//1109
f 1109//1110 1149//1110 1150//1110 1110//1110
f 1110//1111 1150//1111 1151//1111 1111//1111
f 1111//1112 1151//1112 1152//1112 1112//1112
f 1112//1113 1152//1113 1153//1113 1113//1113
f 1113//1114 1153//1114 1154//1114 1114//1114
f 1114//1115 1154//1115 1155//1115 1115//1115
f 1115//1116 1155//1116 1156//1116 1116//1116
f 1116//1117 1156//1117 1157//1117 1117//1117
f 1117//1118 1157//1118 1158//1118 1118//1118
f 1118//1119 1158//1119 1159//1119 1119//1119
f 1119//1120 1159//1120 1160//1120 1120//1120
f 1161//1121 1121//1121 1160//1121 1200//1121
f 1121//1122 1161//1122 1162//1122 1122//1122
f 1122//1123 1162//1123 1163//1123 1123//1123
f 1123//1124 1163//1124 1164//1124 1124//1124
f 1124//1125 1164//1125 1165//1125 1125//1125
f 1125//1126 1165//1126 1166//1126 1126//1126
f 1126//1127 1166//1127 1167//1127 1127//1127
f 1127//1128 1167//1128 1168//1128 1128//1128
f 1128//1129 1168//1129 1169//1129 1129//1129
f 1129//1130 1169//1130 1170//1130 1130//1130
f 1130//1131 1170//1131 1171//1131 1131//1131
f 1131//1132 1171//1132 1172//1132 1132//1132
f 1132//1133 1172//1133 1173//1133 1133//1133
f 1133//1134 1173//1134 1174//1134 1134//1134
f 1134//1135 1174//1135 1175//1135 1135//1135
f 1135//1136 1175//1136 1176//1136 1136//1136
f 1136//1137 1176//1137 1177//1137 1137//1137
f 1137//1138 1177//1138 1178//1138 1138//1138
f 1138//1139 1178//1139 1179//1139 1139//1139
f 1139//1140 1179//1140 1180//1140 1140//1140
f 1140//1141 1180//1141 1181//1141 1141//1141
f 1141//1142 1181//1142 1182//1142 1142//1142
f 1142//1143 1182//1143 1183//1143 1143//1143
f 1143//1144 1183//1144 1184//1144 1144//1144
f 1144//1145 1184//1145 1185//1145 1145//1145
f 1145//1146 1185//1146 1186//1146 1146//1146
f 1146//1147 1186//1147 1187//1147 1147//1147
f 1147//1148 1187//1148 1188//1148 1148//1148
f 1148//1149 1188//1149 1189//1149 1149//1149
f 1149//1150 1189//1150 1190//1150 1150//1150
f 1150//1151 1190//1151 1191//1151 1151//1151
f 1151//1152 1191//1152 1192//1152 1152//1152
f 1152//1153 1192//1153 1193//1153 1153//1153
f 1153//1154 1193//1154 1194//1154 1154//1154
f 1154//1155 1194//1155 1195//1155 1155//1155
f 1155//1156 1195//1156 1196//1156 1156//1156
f 1156//1157 1196//1157 1197//1157 1157//1157
f 1157//1158 1197//1158 1198//1158 1158//1158
f 1158//1159 1198//1159 1199//1159 1159//1159
f 1159//1160 1199//1160 1200//1160 1160//1160
f 1201//1161 1161//1161 1200//1161 1240//1161
f 1161//1162 1201//1162 1202//1162 1162//1162
f 1162//1163 1202//1163 1203//1163 1163//1163
f 1163//1164 1203//1164 1204//1164 1164//1164
f 1164//1165 1204//1165 1205//1165 1165//1165
f 1165//1166 1205//1166 1206//1166 1166//1166
f 1166//1167 1206//1167 1207//1167 1167//1167
f 1167//1168 1207//1168 1208//1168 1168//1168
f 1168//1169 1208//1169 1209//1169 1169//1169
f 1169//1170 1209//1170 1210//1170 1170//1170
f 1170//1171 1210//1171 1211//1171 1171//1171
f 1171//1172 1211//1172 1212//1172 1172//1172
f 1172//1173 1212//1173 1213//1173 1173//1173
f 1173//1174 1213//1174 1214//1174 1174//1174
f 1174//1175 1214//1175 1215//1175 1175//1175
f 1175//1176 1215//1176 1216//1176 1176//1176
f 1176//1177 1216//1177 1217//1177 1177//1177
f 1177//1178 1217//1178 1218//1178 1178//1178
f 1178//1179 1218//1179 1219//1179 1179//1179
f 1179//1180 1219//1180 1220//1180 1180//1180
f 1180//1181 1220//1181 1221//1181 1181//1181
f 1181//1182 1221//1182 1222//1182 1182//1182
f 1182//1183 1222//1183 1223//1183 1183//1183
f 1183//1184 1223//1184 1224//1184 1184//1184
f 1184//1185 1224//1185 1225//1185 1185//1185
f 1185//1186 1225//1186 1226//1186 1186//1186
f 1186//1187 1226//1187 1227//1187 1187//1187
f 1187//1188 1227//1188 1228//1188 1188//1188
f 1188//1189 1228//1189 1229//1189 1189//1189
f 1189//1190 1229//1190 1230//1190 1190//1190
f 1190//1191 1230//1191 1231//1191 1191//1191
f 1191//1192 1231//1192 1232//1192 1192//1192
f 1192//1193 1232//1193 1233//1193 1193//1193
f 1193//1194 1233//1194 1234//1194 1194//1194
f 1194//1195 1234//1195 1235//1195 1195//1195
f 1195//1196 1235//1196 1236//1196 1196//1196
f 1196//1197 1236//1197 1237//1197 1197//1197
f 1197//1198 1237//1198 1238//1198 1198//1198
f 1198//1199 1238//1199 1239//1199 1199//1199
f 1199//1200 1239//1200 1240//1200 1200//1200
f 1241//1201 1201//1201 1240//1201 1280//1201
f 1201//1202 1241//1202 1242//1202 1202//1202
f 1202//1203 1242//1203 1243//1203 1203//1203
f 1203//1204 1243//1204 1244//1204 1204//1204
f 1204//1205 1244//1205 1245//1205 1205//1205
f 1205//1206 1245//1206 1246//1206 1206//1206
f 1206//1207 1246//1207 1247//1207 1207//1207
f 1207//1208 1247//1208 1248//1208 1208//1208
f 1208//1209 1248//1209 1249//1209 1209//1209
f 1209//1210 1249//1210 1250//1210 1210//1210
f 1210//1211 1250//1211 1251//1211 1211//1211
f 1211//1212 1251//1212 1252//1212 1212//1212
f 1212//1213 1252//1213 1253//1213 1213//1213
f 1213//1214 1253//1214 1254//1214 1214//1214
f 1214//1215 1254//1215 1255//1215 1215//1215
f 1215//1216 1255//1216 1256//1216 1216//1216
f 1216//1217 1256//1217 1257//1217 1217//1217
f 1217//1218 1257//1218 1258//1218 1218//1218
f 1218//1219 1258//1219 1259//1219 1219//1219
f 1219//1220 1259//1220 1260//1220 1220//1220
f 1220//1221 1260//1221 1261//1221 1221//1221
f 1221//1222 1261//1222 1262//1222 1222//1222
f 1222//1223 1262//1223 1263//1223 1223//1223
f 1223//1224 1263//1224 1264//1224 1224//1224
f 1224//1225 1264//1225 1265//1225 1225//1225
f 1225//1226 1265//1226 1266//1226 1226//1226
f 1226//1227 1266//1227 1267//1227 1227//1227
f 1227//1228 1267//1228 1268//1228 1228//1228
f 1228//1229 1268//1229 1269//1229 1229//1229
f 1229//1230 1269//1230 1270//1230 1230//1230
f 1230//1231 1270//1231 1271//1231 1231//1231
f 1231//1232 1271//1232 1272//1232 1232//1232
f 1232//1233 1272//1233 1273//1233 1233//1233
f 1233//1234 1273//1234 1274//1234 1234//1234
f 1234//1235 1274//1235 1275//1235 1235//1235
f 1235//1236 1275//1236 1276//1236 1236//1236
f 1236//1237 1276//1237 1277//1237 1237//1237
f 1237//1238 1277//1238 1278//1238 1238//1238
f 1238//1239 1278//1239 1279//1239 1239//1239
f 1239//1240 1279//1240 1280//1240 1240//1240
f 1281//1241 1241//1241 1280//1241 1320//1241
f 1241//1242 1281//1242 1282//1242 1242//1242
f 1242//1243 1282//1243 1283//1243 1243//1243
f 1243//1244 1283//1244 1284//1244 1244//1244
f 1244//1245 1284//1245 1285//1245 1245//1245
f 1245//1246 1285//1246 1286//1246 1246//1246
f 1246//1247 1286//1247 1287//1247 1247//1247
f 1247//1248 1287//1248 1288//1248 1248//1248
f 1248//1249 1288//1249 1289//1249 1249//1249
f 1249//1250 1289//1250 1290//1250 1250//1250
f 1250//1251 1290//1251 1291//1251 1251//1251
f 1251//1252 1291//1252 1292//1252 1252//1252
f 1252//1253 1292//1253 1293//1253 1253//1253
f 1253//1254 1293//1254 1294//1254 1254//1254
f 1254//1255 1294//1255 1295//1255 1255//1255
f 1255//1256 1295//1256 1296//1256 1256//1256
f 1256//1257 1296//1257 1297//1257 1257//1257
f 1257//1258 1297//1258 1298//1258 1258//1258
f 1258//1259 1298//1259 1299//1259 1259//1259
f 1259//1260 1299//1260 1300//1260 1260//1260
f 1260//1261 1300//1261 1301//1261 1261//1261
f 1261//1262 1301//1262 1302//1262 1262//1262
f 1262//1263 1302//1263 1303//1263 1263//1263
f 1263//1264 1303//1264 1304//1264 1264//1264
f 1264//1265 1304//1265 1305//1265 1265//1265
f 1265//1266 1305//1266 1306//1266 1266//1266
f 1266//1267 1306//1267 1307//1267 1267//1267
f 1267//1268 1307//1268 1308//1268 1268//1268
f 1268//1269 1308//1269 1309//1269 1269//1269
f 1269//1270 1309//1270 1310//1270 1270//1270
f 1270//1271 1310//1271 1311//1271 1271//1271
f 1271//1272 1311//1272 1312//1272 1272//1272
f 1272//1273 1312//1273 1313//1273 1273//1273
f 1273//1274 1313//1274 1314//1274 1274//1274
f 1274//1275 1314//1275 1315//1275 1275//1275
f 1275//1276 1315//1276 1316//1276 1276//1276
f 1276//1277 1316//1277 1317//1277 1277//1277
f 1277//1278 1317//1278 1318//1278 1278//1278
f 1278//1279 1318//1279 1319//1279 1279//1279
f 1279//1280 1319//1280 1320//1280 1280//1280
f 1321//1281 1281//1281 1320//1281 1360//1281
f 1281//1282 1321//1282 1322//1282 1282//1282
f 1282//1283 1322//1283 1323//1283 1283//1283
f 1283//1284 1323//1284 1324//1284 1284//1284
f 1284//1285 1324//1285 1325//1285 1285//1285
f 1285//1286 1325//1286 1326//1286 1286//1286
f 1286//1287 1326//1287 1327//1287 1287//1287
f 1287//1288 1327//1288 1328//1288 1288//1288
f 1288//1289 1328//1289 1329//1289 1289//1289
f 1289//1290 1329//1290 1330//1290 1290//1290
f 1290//1291 1330//1291 1331//1291 1291//1291
f 1291//1292 1331//1292 1332//1292 1292//1292
f 1292//1293 1332//1293 1333//1293 1293//1293
f 1293//1294 1333//1294 1334//1294 1294//1294
f 1294//1295 1334//1295 1335//1295 1295//1295
f 1295//1296 1335//1296 1336//1296 1296//1296
f 1296//1297 1336//1297 1337//1297 1297//1297
f 1297//1298 1337//1298 1338//1298 1298//1298
f 1298//1299 1338//1299 1339//1299 1299//1299
f 1299//1300 1339//1300 1340//1300 1300//1300
f 1300//1301 1340//1301 1341//1301 1301//1301
f 1301//1302 1341//1302 1342//1302 1302//1302
f 1302//1303 1342//1303 1343//1303 1303//1303
f 1303//1304 1343//1304 1344//1304 1304//1304
f 1304//1305 1344//1305 1345//1305 1305//1305
f 1305//1306 1345//1306 1346//1306 1306//1306
f 1306//1307 1346//1307 1347//1307 1307//1307
f 1307//1308 1347//1308 1348//1308 1308//1308
f 1308//1309 1348//1309 1349//1309 1309//1309
f 1309//1310 1349//1310 1350//1310 1310//1310
f 1310//1311 1350//1311 1351//1311 1311//1311
f 1311//1312 1351//1312 1352//1312 1312//1312
f 1312//1313 1352//1313 1353//1313 1313//1313
f 1313//1314 1353//1314 1354//1314 1314//1314
f 1314//1315 1354//1315 1355//1315 1315//1315
f 1315//1316 1355//1316 1356//1316 1316//1316
f 1316//1317 1356//1317 1357//1317 1317//1317
f 1317//1318 1357//1318 1358//1318 1318//1318
f 1318//1319 1358//1319 1359//1319 1319//1319
f 1319//1320 1359//1320 1360//1320 1320//1320
f 1361//1321 1321//1321 1360//1321 1400//1321
f 1321//1322 1361//1322 1362//1322 1322//1322
f 1322//1323 1362//1323 1363//1323 1323//1323
f 1323//1324 1363//1324 1364//1324 1324//1324
f 1324//1325 1364//1325 1365//1325 1325//1325
f 1325//1326 1365//1326 1366//1326 1326//1326
f 1326//1327 1366//1327 1367//1327 1327//1327
f 1327//1328 1367//1328 1368//1328 1328//1328
f 1328//1329 1368//1329 1369//1329 1329//1329
f 1329//1330 1369//1330 1370//1330 1330//1330
f 1330//1331 1370//1331 1371//1331 1331//1331
f 1331//1332 1371//1332 1372//1332 1332//1332
f 1332//1333 1372//1333 1373//1333 1333//1333
f 1333//1334 1373//1334 1374//1334 1334//1334
f 1334//1335 1374//1335 1375//1335 1335//1335
f 1335//1336 1375//1336 1376//1336 1336//1336
f 1336//1337 1376//1337 1377//1337 1337//1337
f 1337//1338 1377//1338 1378//1338 1338//1338
f 1338//1339 1378//1339 1379//1339 1339//1339
f 1339//1340 1379//1340 1380//1340 1340//1340
f 1340//1341 1380//1341 1381//1341 1341//1341
f 1341//1342 1381//1342 1382//1342 1342//1342
f 1342//1343 1382//1343 1383//1343 1343//1343
f 1343//1344 1383//1344 1384//1344 1344//1344
f 1344//1345 1384//1345 1385//1345 1345//1345
f 1345//1346 1385//1346 1386//1346 1346//1346
f 1346//1347 1386//1347 1387//1347 1347//1347
f 1347//1348 1387//1348 1388//1348 1348//1348
f 1348//1349 1388//1349 1389//1349 1349//1349
f 1349//1350 1389//1350 1390//1350 1350//1350
f 1350//1351 1390//1351 1391//1351 1351//1351
f 1351//1352 1391//1352 1392//1352 1352//1352
f 1352//1353 1392//1353 1393//1353 1353//1353
f 1353//1354 1393//1354 1394//1354 1354//1354
f 1354//1355 1394//1355 1395//1355 1355//1355
f 1355//1356 1395//1356 1396//1356 1356//1356
f 1356//1357 1396//1357 1397//1357 1357//1357
f 1357//1358 1397//1358 1398//1358 1358//1358
f 1358//1359 1398//1359 1399//1359 1359//1359
f 1359//1360 1399//1360 1400//1360 1360//1360
f 1401//1361 1361//1361 1400//1361 1440//1361
f 1361//1362 1401//1362 1402//1362 1362//1362
f 1362//1363 1402//1363 1403//1363 1363//1363
f 1363//1364 1403//1364 1404//1364 1364//1364
f 1364//1365 1404//1365 1405//1365 1365//1365
f 1365//1366 1405//1366 1406//1366 1366//1366
f 1366//1367 1406//1367 1407//1367 1367//1367
f 1367//1368 1407//1368 1408//1368 1368//1368
f 1368//1369 1408//1369 1409//1369 1369//1369
f 1369//1370 1409//1370 1410//1370 1370//1370
f 1370//1371 1410//1371 1411//1371 1371//1371
f 1371//1372 1411//1372 1412//1372 1372//1372
f 1372//1373 1412//1373 1413//1373 1373//1373
f 1373//1374 1413//1374 1414//1374 1374//1374
f 1374//1375 1414//1375 1415//1375 1375//1375
f 1375//1376 1415//1376 1416//1376 1376//1376
f 1376//1377 1416//1377 1417//1377 1377//1377
f 1377//1378 1417//1378 1418//1378 1378//1378
f 1378//1379 1418//1379 1419//1379 1379//1379
f 1379//1380 1419//1380 1420//1380 1380//1380
f 1380//1381 1420//1381 1421//1381 1381//1381
f 1381//1382 1421//1382 1422//1382 1382//1382
f 1382//1383 1422//1383 1423//1383 1383//1383
f 1383//1384 1423//1384 1424//1384 1384//1384
f 1384//1385 1424//1385 1425//1385 1385//1385
f 1385//1386 1425//1386 1426//1386 1386//1386
f 1386//1387 1426//1387 1427//1387 1387//1387
f 1387//1388 1427//1388 1428//1388 1388//1388
f 1388//1389 1428//1389 1429//1389 1389//1389
f 1389//1390 1429//1390 1430//1390 1390//1390
f 1390//1391 1430//1391 1431//1391 1391//1391
f 1391//1392 1431//1392 1432//1392 1392//1392
f 1392//1393 1432//1393 1433//1393 1393//1393
f 1393//1394 1433//1394 1434//1394 1394//1394
f 1394//1395 1434//1395 1435//1395 1395//1395
f 1395//1396 1435//1396 1436//1396 1396//1396
f 1396//1397 1436//1397 1437//1397 1397//1397
f 1397//1398 1437//1398 1438//1398 1398//1398
f 1398//1399 1438//1399 1439//1399 1399//1399
f 1399//1400 1439//1400 1440//1400 1400//1400
f 1441//1401 1401//1401 1440//1401 1480//1401
f 1401//1402 1441//1402 1442//1402 1402//1402
f 1402//1403 1442//1403 1443//1403 1403//1403
f 1403//1404 1443//1404 1444//1404 1404//1404
f 1404//1405 1444//1405 1445//1405 1405//1405
f 1405//1406 1445//1406 1446//1406 1406//1406
f 1406//1407 1446//1407 1447//1407 1407//1407
f 1407//1408 1447//1408 1448//1408 1408//1408
f 1408//1409 1448//1409 1449//1409 1409//1409
f 1409//1410 1449//1410 1450//1410 1410//1410
f 1410//1411 1450//1411 1451//1411 1411//1411
f 1411//1412 1451//1412 1452//1412 1412//1412
f 1412//1413 1452//1413 1453//1413 1413//1413
f 1413//1414 1453//1414 1454//1414 1414//1414
f 1414//1415 1454//1415 1455//1415 1415//1415
f 1415//1416 1455//1416 1456//1416 1416//1416
f 1416//1417 1456//1417 1457//1417 1417//1417
f 1417//1418 1457//1418 1458//1418 1418//1418
f 1418//1419 1458//1419 1459//1419 1419//1419
f 1419//1420 1459//1420 1460//1420 1420//1420
f 1420//1421 1460//1421 1461//1421 1421//1421
f 1421//1422 1461//1422 1462//1422 1422//1422
f 1422//1423 1462//1423 1463//1423 1423//1423
f 1423//1424 1463//1424 1464//1424 1424//1424
f 1424//1425 1464//1425 1465//1425 1425//1425
f 1425//1426 1465//1426 1466//1426 1426//1426
f 1426//1427 1466//1427 1467//1427 1427//1427
f 1427//1428 1467//1428 1468//1428 1428//1428
f 1428//1429 1468//1429 1469//1429 1429//1429
f 1429//1430 1469//1430 1470//1430 1430//1430
f 1430//1431 1470//1431 1471//1431 1431//1431
f 1431//1432 1471//1432 1472//1432 1432//1432
f 1432//1433 1472//1433 1473//1433 1433//1433
f 1433//1434 1473//1434 1474//1434 1434//1434
f 1434//1435 1474//1435 1475//1435 1435//1435
f 1435//1436 1475//1436 1476//1436 1436//1436
f 1436//1437 1476//1437 1477//1437 1437//1437
f 1437//1438 1477//1438 1478//1438 1438//1438
f 1438//1439 1478//1439 1479//1439 1439//1439
f 1439//1440 1479//1440 1480//1440 1440//1440
f 1481//1441 1441//1441 1480//1441 1520//1441
f 1441//1442 1481//1442 1482//1442 1442//1442
f 1442//1443 1482//1443 1483//1443 1443//1443
f 1443//1444 1483//1444 1484//1444 1444//1444
f 1444//1445 1484//1445 1485//1445 1445//1445
f 1445//1446 1485//1446 1486//1446 1446//1446
f 1446//1447 1486//1447 1487//1447 1447//1447
f 1447//1448 1487//1448 1488//1448 1448//1448
f 1448//1449 1488//1449 1489//1449 1449//1449
f 1449//1450 1489//1450 1490//1450 1450//1450
f 1450//1451 1490//1451 1491//1451 1451//1451
f 1451//1452 1491//1452 1492//1452 1452//1452
f 1452//1453 1492//1453 1493//1453 1453//1453
f 1453//1454 1493//1454 1494//1454 1454//1454
f 1454//1455 1494//1455 1495//1455 1455//1455
f 1455//1456 1495//1456 1496//1456 1456//1456
f 1456//1457 1496//1457 1497//1457 1457//1457
f 1457//1458 1497//1458 1498//1458 1458//1458
f 1458//1459 1498//1459 1499//1459 1459//1459
f 1459//1460 1499//1460 1500//1460 1460//1460
f 1460//1461 1500//1461 1501//1461 1461//1461
f 1461//1462 1501//1462 1502//1462 1462//1462
f 1462//1463 1502//1463 1503//1463 1463//1463
f 1463//1464 1503//1464 1504//1464 1464//1464
f 1464//1465 1504//1465 1505//1465 1465//1465
f 1465//1466 1505//1466 1506//1466 1466//1466
f 1466//1467 1506//1467 1507//1467 1467//1467
f 1467//1468 1507//1468 1508//1468 1468//1468
f 1468//1469 1508//1469 1509//1469 1469//1469
f 1469//1470 1509//1470 1510//1470 1470//1470
f 1470//1471 1510//1471 1511//1471 1471//1471
f 1471//1472 1511//1472 1512//1472 1472//1472
f 1472//1473 1512//1473 1513//1473 1473//1473
f 1473//1474 1513//1474 1514//1474 1474//1474
f 1474//1475 1514//1475 1515//1475 1475//1475
f 1475//1476 1515//1476 1516//1476 1476//1476
f 1476//1477 1516//1477 1517//1477 1477//1477
f 1477//1478 1517//1478 1518//1478 1478//1478
f 1478//1479 1518//1479 1519//1479 1479//1479
f 1479//1480 1519//1480 1520//1480 1480//1480
f 1521//1481 1481//1481 1520//1481 1560//1481
f 1481//1482 1521//1482 1522//1482 1482//1482
f 1482//1483 1522//1483 1523//1483 1483//1483
f 1483//1484 1523//1484 1524//1484 1484//1484
f 1484//1485 1524//1485 1525//1485 1485//1485
f 1485//1486 1525//1486 1526//1486 1486//1486
f 1486//1487 1526//1487 1527//1487 1487//1487
f 1487//1488 1527//1488 1528//1488 1488//1488
f 1488//1489 1528//1489 1529//1489 1489//1489
f 1489//1490 1529//1490 1530//1490 1490//1490
f 1490//1491 1530//1491 1531//1491 1491//1491
f 1491//1492 1531//1492 1532//1492 1492//1492
f 1492//1493 1532//1493 1533//1493 1493//1493
f 1493//1494 1533//1494 1534//1494 1494//1494
f 1494//1495 1534//1495 1535//1495 1495//1495
f 1495//1496 1535//1496 1536//1496 1496//1496
f 1496//1497 1536//1497 1537//1497 1497//1497
f 1497//1498 1537//1498 1538//1498 1498//1498
f 1498//1499 1538//1499 1539//1499 1499//1499
f 1499//1500 1539//1500 1540//1500 1500//1500
f 1500//1501 1540//1501 1541//1501 1501//1501
f 1501//1502 1541//1502 1542//1502 1502//1502
f 1502//1503 1542//1503 1543//1503 1503//1503
f 1503//1504 1543//1504 1544//1504 1504//1504
f 1504//1505 1544//1505 1545//1505 1505//1505
f 1505//1506 1545//1506 1546//1506 1506//1506
f 1506//1507 1546//1507 1547//1507 1507//1507
f 1507//1508 1547//1508 1548//1508 1508//1508
f 1508//1509 1548//1509 1549//1509 1509//1509
f 1509//1510 1549//1510 1550//1510 1510//1510
f 1510//1511 1550//1511 1551//1511 1511//1511
f 1511//1512 1551//1512 1552//1512 1512//1512
f 1512//1513 1552//1513 1553//1513 1513//1513
f 1513//1514 1553//1514 1554//1514 1514//1514
f 1514//1515 1554//1515 1555//1515 1515//1515
f 1515//1516 1555//1516 1556//1516 1516//1516
f 1516//1517 1556//1517 1557//1517 1517//1517
f 1517//1518 1557//1518 1558//1518 1518//1518
f 1518//1519 1558//1519 1559//1519 1519//1519
f 1519//1520 1559//1520 1560//1520 1520//1520
f 1561//1521 1521//1521 1560//1521 1600//1521
f 1521//1522 1561//1522 1562//1522 1522//1522
f 1522//1523 1562//1523 1563//1523 1523//1523
f 1523//1524 1563//1524 1564//1524 1524//1524
f 1524//1525 1564//1525 1565//1525 1525//1525
f 1525//1526 1565//1526 1566//1526 1526//1526
f 1526//1527 1566//1527 1567//1527 1527//1527
f 1527//1528 1567//1528 1568//1528 1528//1528
f 1528//1529 1568//1529 1569//1529 1529//1529
f 1529//1530 1569//1530 1570//1530 1530//1530
f 1530//1531 1570//1531 1571//1531 1531//1531
f 1531//1532 1571//1532 1572//1532 1532//1532
f 1532//1533 1572//1533 1573//1533 1533//1533
f 1533//1534 1573//1534 1574//1534 1534//1534
f 1534//1535 1574//1535 1575//1535 1535//1535
f 1535//1536 1575//1536 1576//1536 1536//1536
f 1536//1537 1576//1537 1577//1537 1537//1537
f 1537//1538 1577//1538 1578//1538 1538//1538
f 1538//1539 1578//1539 1579//1539 1539//1539
f 1539//1540 1579//1540 1580//1540 1540//1540
f 1540//1541 1580//1541 1581//1541 1541//1541
f 1541//1542 1581//1542 1582//1542 1542//1542
f 1542//1543 1582//1543 1583//1543 1543//1543
f 1543//1544 1583//1544 1584//1544 1544//1544
f 1544//1545 1584//1545 1585//1545 1545//1545
f 1545//1546 1585//1546 1586//1546 1546//1546
f 1546//1547 1586//1547 1587//1547 1547//1547
f 1547//1548 1587//1548 1588//1548 1548//1548
f 1548//1549 1588//1549 1589//1549 1549//1549
f 1549//1550 1589//1550 1590//1550 1550//1550
f 1550//1551 1590//1551 1591//1551 1551//1551
f 1551//1552 1591//1552 1592//1552 1552//1552
f 1552//1553 1592//1553 1593//1553 1553//1553
f 1553//1554 1593//1554 1594//1554 1554//1554
f 1554//1555 1594//1555 1595//1555 1555//1555
f 1555//1556 1595//1556 1596//1556 1556//1556
f 1556//1557 1596//1557 1597//1557 1557//1557
f 1557//1558 1597//1558 1598//1558 1558//1558
f 1558//1559 1598//1559 1599//1559 1559//1559
f 1559//1560 1599//1560 1600//1560 1560//1560
f 1601//1561 1561//1561 1600//1561 1640//1561
f 1561//1562 1601//1562 1602//1562 1562//1562
f 1562//1563 1602//1563 1603//1563 1563//1563
f 1563//1564 1603//1564 1604//1564 1564//1564
f 1564//1565 1604//1565 1605//1565 1565//1565
f 1565//1566 1605//1566 1606//1566 1566//1566
f 1566//1567 1606//1567 1607//1567 1567//1567
f 1567//1568 1607//1568 1608//1568 1568//1568
f 1568//1569 1608//1569 1609//1569 1569//1569
f 1569//1570 1609//1570 1610//1570 1570//1570
f 1570//1571 1610//1571 1611//1571 1571//1571
f 1571//1572 1611//1572 1612//1572 1572//1572
f 1572//1573 1612//1573 1613//1573 1573//1573
f 1573//1574 1613//1574 1614//1574 1574//1574
f 1574//1575 1614//1575 1615//1575 1575//1575
f 1575//1576 1615//1576 1616//1576 1576//1576
f 1576//1577 1616//1577 1617//1577 1577//1577
f 1577//1578 1617//1578 1618//1578 1578//1578
f 1578//1579 1618//1579 1619//1579 1579//1579
f 1579//1580 1619//1580 1620//1580 1580//1580
f 1580//1581 1620//1581 1621//1581 1581//1581
f 1581//1582 1621//1582 1622//1582 1582//1582
f 1582//1583 1622//1583 1623//1583 1583//1583
f 1583//1584 1623//1584 1624//1584 1584//1584
f 1584//1585 1624//1585 1625//1585 1585//1585
f 1585//1586 1625//1586 1626//1586 1586//1586
f 1586//1587 1626//1587 1627//1587 1587//1587
f 1587//1588 1627//1588 1628//1588 1588//1588
f 1588//1589 1628//1589 1629//1589 1589//1589
f 1589//1590 1629//1590 1630//1590 1590//1590
f 1590//1591 1630//1591 1631//1591 1591//1591
f 1591//1592 1631//1592 1632//1592 1592//1592
f 1592//1593 1632//1593 1633//1593 1593//1593
f 1593//1594 1633//1594 1634//1594 1594//1594
f 1594//1595 1634//1595 1635//1595 1595//1595
f 1595//1596 1635//1596 1636//1596 1596//1596
f 1596//1597 1636//1597 1637//1597 1597//1597
f 1597//1598 1637//1598 1638//1598 1598//1598
f 1598//1599 1638//1599 1639//1599 1599//1599
f 1599//1600 1639//1600 1640//1600 1600//1600
f 1641//1601 1601//1601 1640//1601 1680//1601
f 1601//1602 1641//1602 1642//1602 1602//1602
f 1602//1603 1642//1603 1643//1603 1603//1603
f 1603//1604 1643//1604 1644//1604 1604//1604
f 1604//1605 1644//1605 1645//1605 1605//1605
f 1605//1606 1645//1606 1646//1606 1606//1606
f 1606//1607 1646//1607 1647//1607 1607//1607
f 1607//1608 1647//1608 1648//1608 1608//1608
f 1608//1609 1648//1609 1649//1609 1609//1609
f 1609//1610 1649//1610 1650//1610 1610//1610
f 1610//1611 1650//1611 1651//1611 1611//1611
f 1611//1612 1651//1612 1652//1612 1612//1612
f 1612//1613 1652//1613 1653//1613 1613//1613
f 1613//1614 1653//1614 1654//1614 1614//1614
f 1614//1615 1654//1615 1655//1615 1615//1615
f 1615//1616 1655//1616 1656//1616 1616//1616
f 1616//1617 1656//1617 1657//1617 1617//1617
f 1617//1618 1657//1618 1658//1618 1618//1618
f 1618//1619 1658//1619 1659//1619 1619//1619
f 1619//1620 1659//1620 1660//1620 1620//1620
f 1620//1621 1660//1621 1661//1621 1621//1621
f 1621//1622 1661//1622 1662//1622 1622//1622
f 1622//1623 1662//1623 1663//1623 1623//1623
f 1623//1624 1663//1624 1664//1624 1624//1624
f 1624//1625 1664//1625 1665//1625 1625//1625
f 1625//1626 1665//1626 1666//1626 1626//1626
f 1626//1627 1666//1627 1667//1627 1627//1627
f 1627//1628 1667//1628 1668//1628 1628//1628
f 1628//1629 1668//1629 1669//1629 1629//1629
f 1629//1630 1669//1630 1670//1630 1630//1630
f 1630//1631 1670//1631 1671//1631 1631//1631
f 1631//1632 1671//1632 1672//1632 1632//1632
f 1632//1633 1672//1633 1673//1633 1633//1633
f 1633//1634 1673//1634 1674//1634 1634//1634
f 1634//1635 1674//1635 1675//1635 1635//1635
f 1635//1636 1675//1636 1676//1636 1636//1636
f 1636//1637 1676//1637 1677//1637 1637//1637
f 1637//1638 1677//1638 1678//1638 1638//1638
f 1638//1639 1678//1639 1679//1639 1639//1639
f 1639//1640 1679//1640 1680//1640 1640//1640
f 1681//1641 1641//1641 1680//1641 1720//1641
f 1641//1642 1681//1642 1682//1642 1642//1642
f 1642//1643 1682//1643 1683//1643 1643//1643
f 1643//1644 1683//1644 1684//1644 1644//1644
f 1644//1645 1684//1645 1685//1645 1645//1645
f 1645//1646 1685//1646 1686//1646 1646//1646
f 1646//1647 1686//1647 1687//1647 1647//1647
f 1647//1648 1687//1648 1688//1648 1648//1648
f 1648//1649 1688//1649 1689//1649 1649//1649
f 1649//1650 1689//1650 1690//1650 1650//1650
f 1650//1651 1690//1651 1691//1651 1651//1651
f 1651//1652 1691//1652 1692//1652 1652//1652
f 1652//1653 1692//1653 1693//1653 1653//1653
f 1653//1654 1693//1654 1694//1654 1654//1654
f 1654//1655 1694//1655 1695//1655 1655//1655
f 1655//1656 1695//1656 1696//1656 1656//1656
f 1656//1657 1696//1657 1697//1657 1657//1657
f 1657//1658 1697//1658 1698//1658 1658//1658
f 1658//1659 1698//1659 1699//1659 1659//1659
f 1659//1660 1699//1660 1700//1660 1660//1660
f 1660//1661 1700//1661 1701//1661 1661//1661
f 1661//1662 1701//1662 1702//1662 1662//1662
f 1662//1663 1702//1663 1703//1663 1663//1663
f 1663//1664 1703//1664 1704//1664 1664//1664
f 1664//1665 1704//1665 1705//1665 1665//1665
f 1665//1666 1705//1666 1706//1666 1666//1666
f 1666//1667 1706//1667 1707//1667 1667//1667
f 1667//1668 1707//1668 1708//1668 1668//1668
f 1668//1669 1708//1669 1709//1669 1669//1669
f 1669//1670 1709//1670 1710//1670 1670//1670
f 1670//1671 1710//1671 1711//1671 1671//1671
f 1671//1672 1711//1672 1712//1672 1672//1672
f 1672//1673 1712//1673 1713//1673 1673//1673
f 1673//1674 1713//1674 1714//1674 1674//1674
f 1674//1675 1714//1675 1715//1675 1675//1675
f 1675//1676 1715//1676 1716//1676 1676//1676
f 1676//1677 1716//1677 1717//1677 1677//1677
f 1677//1678 1717//1678 1718//1678 1678//1678
f 1678//1679 1718//1679 1719//1679 1679//1679
f 1679//1680 1719//1680 1720//1680 1680//1680
f 1721//1681 1681//1681 1720//1681 1760//1681
f 1681//1682 1721//1682 1722//1682 1682//1682
f 1682//1683 1722//1683 1723//1683 1683//1683
f 1683//1684 1723//1684 1724//1684 1684//1684
f 1684//1685 1724//1685 1725//1685 1685//1685
f 1685//1686 1725//1686 1726//1686 1686//1686
f 1686//1687 1726//1687 1727//1687 1687//1687
f 1687//1688 1727//1688 1728//1688 1688//1688
f 1688//1689 1728//1689 1729//1689 1689//1689
f 1689//1690 1729//1690 1730//1690 1690//1690
f 1690//1691 1730//1691 1731//1691 1691//1691
f 1691//1692 1731//1692 1732//1692 1692//1692
f 1692//1693 1732//1693 1733//1693 1693//1693
f 1693//1694 1733//1694 1734//1694 1694//1694
f 1694//1695 1734//1695 1735//1695 1695//1695
f 1695//1696 1735//1696 1736//1696 1696//1696
f 1696//1697 1736//1697 1737//1697 1697//1697
f 1697//1698 1737//1698 1738//1698 1698//1698
f 1698//1699 1738//1699 1739//1699 1699//1699
f 1699//1700 1739//1700 1740//1700 1700//1700
f 1700//1701 1740//1701 1741//1701 1701//1701
f 1701//1702 1741//1702 1742//1702 1702//1702
f 1702//1703 1742//1703 1743//1703 1703//1703
f 1703//1704 1743//1704 1744//1704 1704//1704
f 1704//1705 1744//1705 1745//1705 1705//1705
f 1705//1706 1745//1706 1746//1706 1706//1706
f 1706//1707 1746//1707 1747//1707 1707//1707
f 1707//1708 1747//1708 1748//1708 1708//1708
f 1708//1709 1748//1709 1749//1709 1709//1709
f 1709//1710 1749//1710 1750//1710 1710//1710
f 1710//1711 1750//1711 1751//1711 1711//1711
f 1711//1712 1751//1712 1752//1712 1712//1712
f 1712//1713 1752//1713 1753//1713 1713//1713
f 1713//1714 1753//1714 1754//1714 1714//1714
f 1714//1715 1754//1715 1755//1715 1715//1715
f 1715//1716 1755//1716 1756//1716 1716//1716
f 1716//1717 1756//1717 1757//1717 1717//1717
f 1717//1718 1757//1718 1758//1718 1718//1718
f 1718//1719 1758//1719 1759//1719 1719//1719
f 1719//1720 1759//1720 1760//1720 1720//1720
f 1761//1721 1721//1721 1760//1721 1800//1721
f 1721//1722 1761//1722 1762//1722 1722//1722
f 1722//1723 1762//1723 1763//1723 1723//1723
f 1723//1724 1763//1724 1764//1724 1724//1724
f 1724//1725 1764//1725 1765//1725 1725//1725
f 1725//1726 1765//1726 1766//1726 1726//1726
f 1726//1727 1766//1727 1767//1727 1727//1727
f 1727//1728 1767//1728 1768//1728 1728//1728
f 1728//1729 1768//1729 1769//1729 1729//1729
f 1729//1730 1769//1730 1770//1730 1730//1730
f 1730//1731 1770//1731 1771//1731 1731//1731
f 1731//1732 1771//1732 1772//1732 1732//1732
f 1732//1733 1772//1733 1773//1733 1733//1733
f 1733//1734 1773//1734 1774//1734 1734//1734
f 1734//1735 1774//1735 1775//1735 1735//1735
f 1735//1736 1775//1736 1776//1736 1736//1736
f 1736//1737 1776//1737 1777//1737 1737//1737
f 1737//1738 1777//1738 1778//1738 1738//1738
f 1738//1739 1778//1739 1779//1739 1739//1739
f 1739//1740 1779//1740 1780//1740 1740//1740
f 1740//1741 1780//1741 1781//1741 1741//1741
f 1741//1742 1781//1742 1782//1742 1742//1742
f 1742//1743 1782//1743 1783//1743 1743//1743
f 1743//1744 1783//1744 1784//1744 1744//1744
f 1744//1745 1784//1745 1785//1745 1745//1745
f 1745//1746 1785//1746 1786//1746 1746//1746
f 1746//1747 1786//1747 1787//1747 1747//1747
f 1747//1748 1787//1748 1788//1748 1748//1748
f 1748//1749 1788//1749 1789//1749 1749//1749
f 1749//1750 1789//1750 1790//1750 1750//1750
f 1750//1751 1790//1751 1791//1751 1751//1751
f 1751//1752 1791//1752 1792//1752 1752//1752
f 1752//1753 1792//1753 1793//1753 1753//1753
f 1753//1754 1793//1754 1794//1754 1754//1754
f 1754//1755 1794//1755 1795//1755 1755//1755
f 1755//1756 1795//1756 1796//1756 1756//1756
f 1756//1757 1796//1757 1797//1757 1757//1757
f 1757//1758 1797//1758 1798//1758 1758//1758
f 1758//1759 1798//1759 1799//1759 1759//1759
f 1759//1760 1799//1760 1800//1760 1760//1760
f 1801//1761 1761//1761 1800//1761 1840//1761
f 1761//1762 1801//1762 1802//1762 1762//1762
f 1762//1763 1802//1763 1803//1763 1763//1763
f 1763//1764 1803//1764 1804//1764 1764//1764
f 1764//1765 1804//1765 1805//1765 1765//1765
f 1765//1766 1805//1766 1806//1766 1766//1766
f 1766//1767 1806//1767 1807//1767 1767//1767
f 1767//1768 1807//1768 1808//1768 1768//1768
f 1768//1769 1808//1769 1809//1769 1769//1769
f 1769//1770 1809//1770 1810//1770 1770//1770
f 1770//1771 1810//1771 1811//1771 1771//1771
f 1771//1772 1811//1772 1812//1772 1772//1772
f 1772//1773 1812//1773 1813//1773 1773//1773
f 1773//1774 1813//1774 1814//1774 1774//1774
f 1774//1775 1814//1775 1815//1775 1775//1775
f 1775//1776 1815//1776 1816//1776 1776//1776
f 1776//1777 1816//1777 1817//1777 1777//1777
f 1777//1778 1817//1778 1818//1778 1778//1778
f 1778//1779 1818//1779 1819//1779 1779//1779
f 1779//1780 1819//1780 1820//1780 1780//1780
f 1780//1781 1820//1781 1821//1781 1781//1781
f 1781//1782 1821//1782 1822//1782 1782//1782
f 1782//1783 1822//1783 1823//1783 1783//1783
f 1783//1784 1823//1784 1824//1784 1784//1784
f 1784//1785 1824//1785 1825//1785 1785//1785
f 1785//1786 1825//1786 1826//1786 1786//1786
f 1786//1787 1826//1787 1827//1787 1787//1787
f 1787//1788 1827//1788 1828//1788 1788//1788
f 1788//1789 1828//1789 1829//1789 1789//1789
f 1789//1790 1829//1790 1830//1790 1790//1790
f 1790//1791 1830//1791 1831//1791 1791//1791
f 1791//1792 1831//1792 1832//1792 1792//1792
f 1792//1793 1832//1793 1833//1793 1793//1793
f 1793//1794 1833//1794 1834//1794 1794//1794
f 1794//1795 1834//1795 1835//1795 1795//1795
f 1795//1796 1835//1796 1836//1796 1796//1796
f 1796//1797 1836//1797 1837//1797 1797//1797
f 1797//1798 1837//1798 1838//1798 1798//1798
f 1798//1799 1838//1799 1839//1799 1799//1799
f 1799//1800 1839//1800 1840//1800 1800//1800
f 1841//1801 1801//1801 1840//1801 1880//1801
f 1801//1802 1841//1802 1842//1802 1802//1802
f 1802//1803 1842//1803 1843//1803 1803//1803
f 1803//1804 1843//1804 1844//1804 1804//1804
f 1804//1805 1844//1805 1845//1805 1805//1805
f 1805//1806 1845//1806 1846//1806 1806//1806
f 1806//1807 1846//1807 1847//1807 1807//1807
f 1807//1808 1847//1808 1848//1808 1808//1808
f 1808//1809 1848//1809 1849//1809 1809//1809
f 1809//1810 1849//1810 1850//1810 1810//1810
f 1810//1811 1850//1811 1851//1811 1811//1811
f 1811//1812 1851//1812 1852//1812 1812//1812
f 1812//1813 1852//1813 1853//1813 1813//1813
f 1813//1814 1853//1814 1854//1814 1814//1814
f 1814//1815 1854//1815 1855//1815 1815//1815
f 1815//1816 1855//1816 1856//1816 1816//1816
f 1816//1817 1856//1817 1857//1817 1817//1817
f 1817//1818 1857//1818 1858//1818 1818//1818
f 1818//1819 1858//1819 1859//1819 1819//1819
f 1819//1820 1859//1820 1860//1820 1820//1820
f 1820//1821 1860//1821 1861//1821 1821//1821
f 1821//1822 1861//1822 1862//1822 1822//1822
f 1822//1823 1862//1823 1863//1823 1823//1823
f 1823//1824 1863//1824 1864//1824 1824//1824
f 1824//1825 1864//1825 1865//1825 1825//1825
f 1825//1826 1865//1826 1866//1826 1826//1826
f 1826//1827 1866//1827 1867//1827 1827//1827
f 1827//1828 1867//1828 1868//1828 1828//1828
f 1828//1829 1868//1829 1869//1829 1829//1829
f 1829//1830 1869//1830 1870//1830 1830//1830
f 1830//1831 1870//1831 1871//1831 1831//1831
f 1831//1832 1871//1832 1872//1832 1832//1832
f 1832//1833 1872//1833 1873//1833 1833//1833
f 1833//1834 1873//1834 1874//1834 1834//1834
f 1834//1835 1874//1835 1875//1835 1835//1835
f 1835//1836 1875//1836 1876//1836 1836//1836
f 1836//1837 1876//1837 1877//1837 1837//1837
f 1837//1838 1877//1838 1878//1838 1838//1838
f 1838//1839 1878//1839 1879//1839 1839//1839
f 1839//1840 1879//1840 1880//1840 1840//1840
f 1881//1841 1841//1841 1880//1841 1920//1841
f 1841//1842 1881//1842 1882//1842 1842//1842
f 1842//1843 1882//1843 1883//1843 1843//1843
f 1843//1844 1883//1844 1884//1844 1844//1844
f 1844//1845 1884//1845 1885//1845 1845//1845
f 1845//1846 1885//1846 1886//1846 1846//1846
f 1846//1847 1886//1847 1887//1847 1847//1847
f 1847//1848 1887//1848 1888//1848 1848//1848
f 1848//1849 1888//1849 1889//1849 1849//1849
f 1849//1850 1889//1850 1890//1850 1850//1850
f 1850//1851 1890//1851 1891//1851 1851//1851
f 1851//1852 1891//1852 1892//1852 1852//1852
f 1852//1853 1892//1853 1893//1853 1853//1853
f 1853//1854 1893//1854 1894//1854 1854//1854
f 1854//1855 1894//1855 1895//1855 1855//1855
f 1855//1856 1895//1856 1896//1856 1856//1856
f 1856//1857 1896//1857 1897//1857 1857//1857
f 1857//1858 1897//1858 1898//1858 1858//1858
f 1858//1859 1898//1859 1899//1859 1859//1859
f 1859//1860 1899//1860 1900//1860 1860//1860
f 1860//1861 1900//1861 1901//1861 1861//1861
f 1861//1862 1901//1862 1902//1862 1862//1862
f 1862//1863 1902//1863 1903//1863 1863//1863
f 1863//1864 1903//1864 1904//1864 1864//1864
f 1864//1865 1904//1865 1905//1865 1865//1865
f 1865//1866 1905//1866 1906//1866 1866//1866
f 1866//1867 1906//1867 1907//1867 1867//1867
f 1867//1868 1907//1868 1908//1868 1868//1868
f 1868//1869 1908//1869 1909//1869 1869//1869
f 1869//1870 1909//1870 1910//1870 1870//1870
f 1870//1871 1910//1871 1911//1871 1871//1871
f 1871//1872 1911//1872 1912//1872 1872//1872
f 1872//1873 1912//1873 1913//1873 1873//1873
f 1873//1874 1913//1874 1914//1874 1874//1874
f 1874//1875 1914//1875 1915//1875 1875//1875
f 1875//1876 1915//1876 1916//1876 1876//1876
f 1876//1877 1916//1877 1917//1877 1877//1877
f 1877//1878 1917//1878 1918//1878 1878//1878
f 1878//1879 1918//1879 1919//1879 1879//1879
f 1879//1880 1919//1880 1920//1880 1880//1880
f 1921//1881 1881//1881 1920//1881 1960//1881
f 1881//1882 1921//1882 1922//1882 1882//1882
f 1882//1883 1922//1883 1923//1883 1883//1883
f 1883//1884 1923//1884 1924//1884 1884//1884
f 1884//1885 1924//1885 1925//1885 1885//1885
f 1885//1886 1925//1886 1926//1886 1886//1886
f 1886//1887 1926//1887 1927//1887 1887//1887
f 1887//1888 1927//1888 1928//1888 1888//1888
f 1888//1889 1928//1889 1929//1889 1889//1889
f 1889//1890 1929//1890 1930//1890 1890//1890
f 1890//1891 1930//1891 1931//1891 1891//1891
f 1891//1892 1931//1892 1932//1892 1892//1892
f 1892//1893 1932//1893 1933//1893 1893//1893
f 1893//1894 1933//1894 1934//1894 1894//1894
f 1894//1895 1934//1895 1935//1895 1895//1895
f 1895//1896 1935//1896 1936//1896 1896//1896
f 1896//1897 1936//1897 1937//1897 1897//1897
f 1897//1898 1937//1898 1938//1898 1898//1898
f 1898//1899 1938//1899 1939//1899 1899//1899
f 1899//1900 1939//1900 1940//1900 1900//1900
f 1900//1901 1940//1901 1941//1901 1901//1901
f 1901//1902 1941//1902 1942//1902 1902//1902
f 1902//1903 1942//1903 1943//1903 1903//1903
f 1903//1904 1943//1904 1944//1904 1904//1904
f 1904//1905 1944//1905 1945//1905 1905//1905
f 1905//1906 1945//1906 1946//1906 1906//1906
f 1906//1907 1946//1907 1947//1907 1907//1907
f 1907//1908 1947//1908 1948//1908 1908//1908
f 1908//1909 1948//1909 1949//1909 1909//1909
f 1909//1910 1949//1910 1950//1910 1910//1910
f 1910//1911 1950//1911 1951//1911 1911//1911
f 1911//1912 1951//1912 1952//1912 1912//1912
f 1912//1913 1952//1913 1953//1913 1913//1913
f 1913//1914 1953//1914 1954//1914 1914//1914
f 1914//1915 1954//1915 1955//1915 1915//1915
f 1915//1916 1955//1916 1956//1916 1916//1916
f 1916//1917 1956//1917 1957//1917 1917//1917
f 1917//1918 1957//1918 1958//1918 1918//1918
f 1918//1919 1958//1919 1959//1919 1919//1919
f 1919//1920 1959//1920 1960//1920 1920//1920
f 1961//1921 1921//1921 1960//1921 2000//1921
f 1921//1922 1961//1922 1962//1922 1922//1922
f 1922//1923 1962//1923 1963//1923 1923//1923
f 1923//1924 1963//1924 1964//1924 1924//1924
f 1924//1925 1964//1925 1965//1925 1925//1925
f 1925//1926 1965//1926 1966//1926 1926//1926
f 1926//1927 1966//1927 1967//1927 1927//1927
f 1927//1928 1967//1928 1968//1928 1928//1928
f 1928//1929 1968//1929 1969//1929 1929//1929
f 1929//1930 1969//1930 1970//1930 1930//1930
f 1930//1931 1970//1931 1971//1931 1931//1931
f 1931//1932 1971//1932 1972//1932 1932//1932
f 1932//1933 1972//1933 1973//1933 1933//1933
f 1933//1934 1973//1934 1974//1934 1934//1934
f 1934//1935 1974//1935 1975//1935 1935//1935
f 1935//1936 1975//1936 1976//1936 1936//1936
f 1936//1937 1976//1937 1977//1937 1937//1937
f 1937//1938 1977//1938 1978//1938 1938//1938
f 1938//1939 1978//1939 1979//1939 1939//1939
f 1939//1940 1979//1940 1980//1940 1940//1940
f 1940//1941 1980//1941 1981//1941 1941//1941
f 1941//1942 1981//1942 1982//1942 1942//1942
f 1942//1943 1982//1943 1983//1943 1943//1943
f 1943//1944 1983//1944 1984//1944 1944//1944
f 1944//1945 1984//1945 1985//1945 1945//1945
f 1945//1946 1985//1946 1986//1946 1946//1946
f 1946//1947 1986//1947 1987//1947 1947//1947
f 1947//1948 1987//1948 1988//1948 1948//1948
f 1948//1949 1988//1949 1989//1949 1949//1949
f 1949//1950 1989//1950 1990//1950 1950//1950
f 1950//1951 1990//1951 1991//1951 1951//1951
f 1951//1952 1991//1952 1992//1952 1952//1952
f 1952//1953 1992//1953 1993//1953 1953//1953
f 1953//1954 1993//1954 1994//1954 1954//1954
f 1954//1955 1994//1955 1995//1955 1955//1955
f 1955//1956 1995//1956 1996//1956 1956//1956
f 1956//1957 1996//1957 1997//1957 1957//1957
f 1957//1958 1997//1958 1998//1958 1958//1958
f 1958//1959 1998//1959 1999//1959 1959//1959
f 1959//1960 1999//1960 2000//1960 1960//1960
f 2001//1961 1961//1961 2000//1961 2040//1961
f 1961//1962 2001//1962 2002//1962 1962//1962
f 1962//1963 2002//1963 2003//1963 1963//1963
f 1963//1964 2003//1964 2004//1964 1964//1964
f 1964//1965 2004//1965 2005//1965 1965//1965
f 1965//1966 2005//1966 2006//1966 1966//1966
f 1966//1967 2006//1967 2007//1967 1967//1967
f 1967//1968 2007//1968 2008//1968 1968//1968
f 1968//1969 2008//1969 2009//1969 1969//1969
f 1969//1970 2009//1970 2010//1970 1970//1970
f 1970//1971 2010//1971 2011//1971 1971//1971
f 1971//1972 2011//1972 2012//1972 1972//1972
f 1972//1973 2012//1973 2013//1973 1973//1973
f 1973//1974 2013//1974 2014//1974 1974//1974
f 1974//1975 2014//1975 2015//1975 1975//1975
f 1975//1976 2015//1976 2016//1976 1976//1976
f 1976//1977 2016//1977 2017//1977 1977//1977
f 1977//1978 2017//1978 2018//1978 1978//1978
f 1978//1979 2018//1979 2019//1979 1979//1979
f 1979//1980 2019//1980 2020//1980 1980//1980
f 1980//1981 2020//1981 2021//1981 1981//1981
f 1981//1982 2021//1982 2022//1982 1982//1982
f 1982//1983 2022//1983 2023//1983 1983//1983
f 1983//1984 2023//1984 2024//1984 1984//1984
f 1984//1985 2024//1985 2025//1985 1985//1985
f 1985//1986 2025//1986 2026//1986 1986//1986
f 1986//1987 2026//1987 2027//1987 1987//1987
f 1987//1988 2027//1988 2028//1988 1988//1988
f 1988//1989 2028//1989 2029//1989 1989//1989
f 1989//1990 2029//1990 2030//1990 1990//1990
f 1990//1991 2030//1991 2031//1991 1991//1991
f 1991//1992 2031//1992 2032//1992 1992//1992
f 1992//1993 2032//1993 2033//1993 1993//1993
f 1993//1994 2033//1994 2034//1994 1994//1994
f 1994//1995 2034//1995 2035//1995 1995//1995
f 1995//1996 2035//1996 2036//1996 1996//1996
f 1996//1997 2036//1997 2037//1997 1997//1997
f 1997//1998 2037//1998 2038//1998 1998//1998
f 1998//1999 2038//1999 2039//1999 1999//1999
f 1999//2000 2039//2000 2040//2000 2000//2000
f 2041//22 2001//22 2040//22 2080//22
f 2001//21 2041//21 2042//21 2002//21
f 2002//20 2042//20 2043//20 2003//20
f 2003//19 2043//19 2044//19 2004//19
f 2004//18 2044//18 2045//18 2005//18
f 2005//17 2045//17 2046//17 2006//17
f 2006//16 2046//16 2047//16 2007//16
f 2007//15 2047//15 2048//15 2008//15
f 2008//14 2048//14 2049//14 2009//14
f 2009//13 2049//13 2050//13 2010//13
f 2010//12 2050//12 2051//12 2011//12
f 2011//11 2051//11 2052//11 2012//11
f 2012//10 2052//10 2053//10 2013//10
f 2013//9 2053//9 2054//9 2014//9
f 2014//8 2054//8 2055//8 2015//8
f 2015//7 2055//7 2056//7 2016//7
f 2016//6 2056//6 2057//6 2017//6
f 2017//5 2057//5 2058//5 2018//5
f 2018//4 2058//4 2059//4 2019//4
f 2019//3 2059//3 2060//3 2020//3
f 2020//2 2060//2 2061//2 2021//2
f 2021//1 2061//1 2062//1 2022//1
f 2022//40 2062//40 2063//40 2023//40
f 2023//39 2063//39 2064//39 2024//39
f 2024//38 2064//38 2065//38 2025//38
f 2025//37 2065//37 2066//37 2026//37
f 2026//36 2066//36 2067//36 2027//36
f 2027//35 2067//35 2068//35 2028//35
f 2028//34 2068//34 2069//34 2029//34
f 2029//33 2069//33 2070//33 2030//33
f 2030//32 2070//32 2071//32 2031//32
f 2031//31 2071//31 2072//31 2032//31
f 2032//30 2072//30 2073//30 2033//30
f 2033//29 2073//29 2074//29 2034//29
f 2034//28 2074//28 2075//28 2035//28
f 2035//27 2075//27 2076//27 2036//27
f 2036//26 2076//26 2077//26 2037//26
f 2037//25 2077//25 2078//25 2038//25
f 2038//24 2078//24 2079//24 2039//24
f 2039//23 2079//23 2080//23 2040//23
f 2081//62 2041//62 2080//62 2120//62
f 2041//61 2081//61 2082//61 2042//61
f 2042//60 2082//60 2083//60 2043//60
f 2043//59 2083//59 2084//59 2044//59
f 2044//58 2084//58 2085//58 2045//58
f 2045//57 2085//57 2086//57 2046//57
f 2046//56 2086//56 2087//56 2047//56
f 2047//55 2087//55 2088//55 2048//55
f 2048//54 2088//54 2089//54 2049//54
f 2049//53 2089//53 2090//53 2050//53
f 2050//52 2090//52 2091//52 2051//52
f 2051//51 2091//51 2092//51 2052//51
f 2052//50 2092//50 2093//50 2053//50
f 2053//49 2093//49 2094//49 2054//49
f 2054//48 2094//48 2095//48 2055//48
f 2055//47 2095//47 2096//47 2056//47
f 2056//46 2096//46 2097//46 2057//46
f 2057//45 2097//45 2098//45 2058//45
f 2058//44 2098//44 2099//44 2059//44
f 2059//43 2099//43 2100//43 2060//43
f 2060//42 2100//42 2101//42 2061//42
f 2061//41 2101//41 2102//41 2062//41
f 2062//80 2102//80 2103//80 2063//80
f 2063//79 2103//79 2104//79 2064//79
f 2064//78 2104//78 2105//78 2065//78
f 2065//77 2105//77 2106//77 2066//77
f 2066//76 2106//76 2107//76 2067//76
f 2067//75 2107//75 2108//75 2068//75
f 2068//74 2108//74 2109//74 2069//74
f 2069//73 2109//73 2110//73 2070//73
f 2070//72 2110//72 2111//72 2071//72
f 2071//71 2111//71 2112//71 2072//71
f 2072//70 2112//70 2113//70 2073//70
f 2073//69 2113//69 2114//69 2074//69
f 2074//68 2114//68 2115//68 2075//68
f 2075//67 2115//67 2116//67 2076//67
f 2076//66 2116//66 2117//66 2077//66
f 2077//65 2117//65 2118//65 2078//65
f 2078//64 2118//64 2119//64 2079//64
f 2079//63 2119//63 2120//63 2080//63
f 2121//102 2081//102 2120//102 2160//102
f 2081//101 2121//101 2122//101 2082//101
f 2082//100 2122//100 2123//100 2083//100
f 2083//99 2123//99 2124//99 2084//99
f 2084//98 2124//98 2125//98 2085//98
f 2085//97 2125//97 2126//97 2086//97
f 2086//96 2126//96 2127//96 2087//96
f 2087//95 2127//95 2128//95 2088//95
f 2088//94 2128//94 2129//94 2089//94
f 2089//93 2129//93 2130//93 2090//93
f 2090//92 2130//92 2131//92 2091//92
f 2091//91 2131//91 2132//91 2092//91
f 2092//90 2132//90 2133//90 2093//90
f 2093//89 2133//89 2134//89 2094//89
f 2094//88 2134//88 2135//88 2095//88
f 2095//87 2135//87 2136//87 2096//87
f 2096//86 2136//86 2137//86 2097//86
f 2097//85 2137//85 2138//85 2098//85
f 2098//84 2138//84 2139//84 2099//84
f 2099//83 2139//83 2140//83 2100//83
f 2100//82 2140//82 2141//82 2101//82
f 2101//81 2141//81 2142//81 2102//81
f 2102//120 2142//120 2143//120 2103//120
f 2103//119 2143//119 2144//119 2104//119
f 2104//118 2144//118 2145//118 2105//118
f 2105//117 2145//117 2146//117 2106//117
f 2106//116 2146//116 2147//116 2107//116
f 2107//115 2147//115 2148//115 2108//115
f 2108//114 2148//114 2149//114 2109//114
f 2109//113 2149//113 2150//113 2110//113
f 2110//112 2150//112 2151//112 2111//112
f 2111//111 2151//111 2152//111 2112//111
f 2112//110 2152//110 2153//110 2113//110
f 2113//109 2153//109 2154//109 2114//109
f 2114//108 2154//108 2155//108 2115//108
f 2115//107 2155//107 2156//107 2116//107
f 2116//106 2156//106 2157//106 2117//106
f 2117//105 2157//105 2158//105 2118//105
f 2118//104 2158//104 2159//104 2119//104
f 2119//103 2159//103 2160//103 2120//103
f 2161//142 2121//142 2160//142 2200//142
f 2121//141 2161//141 2162//141 2122//141
f 2122//140 2162//140 2163//140 2123//140
f 2123//139 2163//139 2164//139 2124//139
f 2124//138 2164//138 2165//138 2125//138
f 2125//137 2165//137 2166//137 2126//137
f 2126//136 2166//136 2167//136 2127//136
f 2127//135 2167//135 2168//135 2128//135
f 2128//134 2168//134 2169//134 2129//134
f 2129//133 2169//133 2170//133 2130//133
f 2130//132 2170//132 2171//132 2131//132
f 2131//131 2171//131 2172//131 2132//131
f 2132//130 2172//130 2173//130 2133//130
f 2133//129 2173//129 2174//129 2134//129
f 2134//128 2174//128 2175//128 2135//128
f 2135//127 2175//127 2176//127 2136//127
f 2136//126 2176//126 2177//126 2137//126
f 2137//125 2177//125 2178//125 2138//125
f 2138//124 2178//124 2179//124 2139//124
f 2139//123 2179//123 2180//123 2140//123
f 2140//122 2180//122 2181//122 2141//122
f 2141//121 2181//121 2182//121 2142//121
f 2142//160 2182//160 2183//160 2143//160
f 2143//159 2183//159 2184//159 2144//159
f 2144//158 2184//158 2185//158 2145//158
f 2145//157 2185//157 2186//157 2146//157
f 2146//156 2186//156 2187//156 2147//156
f 2147//155 2187//155 2188//155 2148//155
f 2148//154 2188//154 2189//154 2149//154
f 2149//153 2189//153 2190//153 2150//153
f 2150//152 2190//152 2191//152 2151//152
f 2151//151 2191//151 2192//151 2152//151
f 2152//150 2192//150 2193//150 2153//150
f 2153//149 2193//149 2194//149 2154//149
f 2154//148 2194//148 2195//148 2155//148
f 2155//147 2195//147 2196//147 2156//147
f 2156//146 2196//146 2197//146 2157//146
f 2157//145 2197//145 2198//145 2158//145
f 2158//144 2198//144 2199//144 2159//144
f 2159//143 2199//143 2200//143 2160//143
f 2201//182 2161//182 2200//182 2240//182
f 2161//181 2201//181 2202//181 2162//181
f 2162//180 2202//180 2203//180 2163//180
f 2163//179 2203//179 2204//179 2164//179
f 2164//178 2204//178 2205//178 2165//178
f 2165//177 2205//177 2206//177 2166//177
f 2166//176 2206//176 2207//176 2167//176
f 2167//175 2207//175 2208//175 2168//175
f 2168//174 2208//174 2209//174 2169//174
f 2169//173 2209//173 2210//173 2170//173
f 2170//172 2210//172 2211//172 2171//172
f 2171//171 2211//171 2212//171 2172//171
f 2172//170 2212//170 2213//170 2173//170
f 2173//169 2213//169 2214//169 2174//169
f 2174//168 2214//168 2215//168 2175//168
f 2175//167 2215//167 2216//167 2176//167
f 2176//166 2216//166 2217//166 2177//166
f 2177//165 2217//165 2218//165 2178//165
f 2178//164 2218//164 2219//164 2179//164
f 2179//163 2219//163 2220//163 2180//163
f 2180//162 2220//162 2221//162 2181//162
f 2181//161 2221//161 2222//161 2182//161
f 2182//200 2222//200 2223//200 2183//200
f 2183//199 2223//199 2224//199 2184//199
f 2184//198 2224//198 2225//198 2185//198
f 2185//197 2225//197 2226//197 2186//197
f 2186//196 2226//196 2227//196 2187//196
f 2187//195 2227//195 2228//195 2188//195
f 2188//194 2228//194 2229//194 2189//194
f 2189//193 2229//193 2230//193 2190//193
f 2190//192 2230//192 2231//192 2191//192
f 2191//191 2231//191 2232//191 2192//191
f 2192//190 2232//190 2233//190 2193//190
f 2193//189 2233//189 2234//189 2194//189
f 2194//188 2234//188 2235//188 2195//188
f 2195//187 2235//187 2236//187 2196//187
f 2196//186 2236//186 2237//186 2197//186
f 2197//185 2237//185 2238//185 2198//185
f 2198//184 2238//184 2239//184 2199//184
f 2199//183 2239//183 2240//183 2200//183
f 2241//222 2201//222 2240//222 2280//222
f 2201//221 2241//221 2242//221 2202//221
f 2202//220 2242//220 2243//220 2203//220
f 2203//219 2243//219 2244//219 2204//219
f 2204//218 2244//218 2245//218 2205//218
f 2205//217 2245//217 2246//217 2206//217
f 2206//216 2246//216 2247//216 2207//216
f 2207//215 2247//215 2248//215 2208//215
f 2208//214 2248//214 2249//214 2209//214
f 2209//213 2249//213 2250//213 2210//213
f 2210//212 2250//212 2251//212 2211//212
f 2211//211 2251//211 2252//211 2212//211
f 2212//210 2252//210 2253//210 2213//210
f 2213//209 2253//209 2254//209 2214//209
f 2214//208 2254//208 2255//208 2215//208
f 2215//207 2255//207 2256//207 2216//207
f 2216//206 2256//206 2257//206 2217//206
f 2217//205 2257//205 2258//205 2218//205
f 2218//204 2258//204 2259//204 2219//204
f 2219//203 2259//203 2260//203 2220//203
f 2220//202 2260//202 2261//202 2221//202
f 2221//201 2261//201 2262//201 2222//201
f 2222//240 2262//240 2263//240 2223//240
f 2223//239 2263//239 2264//239 2224//239
f 2224//238 2264//238 2265//238 2225//238
f 2225//237 2265//237 2266//237 2226//237
f 2226//236 2266//236 2267//236 2227//236
f 2227//235 2267//235 2268//235 2228//235
f 2228//234 2268//234 2269//234 2229//234
f 2229//233 2269//233 2270//233 2230//233
f 2230//232 2270//232 2271//232 2231//232
f 2231//231 2271//231 2272//231 2232//231
f 2232//230 2272//230 2273//230 2233//230
f 2233//229 2273//229 2274//229 2234//229
f 2234//228 2274//228 2275//228 2235//228
f 2235//227 2275//227 2276//227 2236//227
f 2236//226 2276//226 2277//226 2237//226
f 2237//225 2277//225 2278//225 2238//225
f 2238//224 2278//224 2279//224 2239//224
f 2239//223 2279//223 2280//223 2240//223
f 2281//262 2241//262 2280//262 2320//262
f 2241//261 2281//261 2282//261 2242//261
f 2242//260 2282//260 2283//260 2243//260
f 2243//259 2283//259 2284//259 2244//259
f 2244//258 2284//258 2285//258 2245//258
f 2245//257 2285//257 2286//257 2246//257
f 2246//256 2286//256 2287//256 2247//256
f 2247//255 2287//255 2288//255 2248//255
f 2248//254 2288//254 2289//254 2249//254
f 2249//253 2289//253 2290//253 2250//253
f 2250//252 2290//252 2291//252 2251//252
f 2251//251 2291//251 2292//251 2252//251
f 2252//250 2292//250 2293//250 2253//250
f 2253//249 2293//249 2294//249 2254//249
f 2254//248 2294//248 2295//248 2255//248
f 2255//247 2295//247 2296//247 2256//247
f 2256//246 2296//246 2297//246 2257//246
f 2257//245 2297//245 2298//245 2258//245
f 2258//244 2298//244 2299//244 2259//244
f 2259//243 2299//243 2300//243 2260//243
f 2260//242 2300//242 2301//242 2261//242
f 2261//241 2301//241 2302//241 2262//241
f 2262//280 2302//280 2303//280 2263//280
f 2263//279 2303//279 2304//279 2264//279
f 2264//278 2304//278 2305//278 2265//278
f 2265//277 2305//277 2306//277 2266//277
f 2266//276 2306//276 2307//276 2267//276
f 2267//275 2307//275 2308//275 2268//275
f 2268//274 2308//274 2309//274 2269//274
f 2269//273 2309//273 2310//273 2270//273
f 2270//272 2310//272 2311//272 2271//272
f 2271//271 2311//271 2312//271 2272//271
f 2272//270 2312//270 2313//270 2273//270
f 2273//269 2313//269 2314//269 2274//269
f 2274//268 2314//268 2315//268 2275//268
f 2275//267 2315//267 2316//267 2276//267
f 2276//266 2316//266 2317//266 2277//266
f 2277//265 2317//265 2318//265 2278//265
f 2278//264 2318//264 2319//264 2279//264
f 2279//263 2319//263 2320//263 2280//263
f 2321//302 2281//302 2320//302 2360//302
f 2281//301 2321//301 2322//301 2282//301
f 2282//300 2322//300 2323//300 2283//300
f 2283//299 2323//299 2324//299 2284//299
f 2284//298 2324//298 2325//298 2285//298
f 2285//297 2325//297 2326//297 2286//297
f 2286//296 2326//296 2327//296 2287//296
f 2287//295 2327//295 2328//295 2288//295
f 2288//294 2328//294 2329//294 2289//294
f 2289//293 2329//293 2330//293 2290//293
f 2290//292 2330//292 2331//292 2291//292
f 2291//291 2331//291 2332//291 2292//291
f 2292//290 2332//290 2333//290 2293//290
f 2293//289 2333//289 2334//289 2294//289
f 2294//288 2334//288 2335//288 2295//288
f 2295//287 2335//287 2336//287 2296//287
f 2296//286 2336//286 2337//286 2297//286
f 2297//285 2337//285 2338//285 2298//285
f 2298//284 2338//284 2339//284 2299//284
f 2299//283 2339//283 2340//283 2300//283
f 2300//282 2340//282 2341//282 2301//282
f 2301//281 2341//281 2342//281 2302//281
f 2302//320 2342//320 2343//320 2303//320
f 2303//319 2343//319 2344//319 2304//319
f 2304//318 2344//318 2345//318 2305//318
f 2305//317 2345//317 2346//317 2306//317
f 2306//316 2346//316 2347//316 2307//316
f 2307//315 2347//315 2348//315 2308//315
f 2308//314 2348//314 2349//314 2309//314
f 2309//313 2349//313 2350//313 2310//313
f 2310//312 2350//312 2351//312 2311//312
f 2311//311 2351//311 2352//311 2312//311
f 2312//310 2352//310 2353//310 2313//310
f 2313//309 2353//309 2354//309 2314//309
f 2314//308 2354//308 2355//308 2315//308
f 2315//307 2355//307 2356//307 2316//307
f 2316//306 2356//306 2357//306 2317//306
f 2317//305 2357//305 2358//305 2318//305
f 2318//304 2358//304 2359//304 2319//304
f 2319//303 2359//303 2360//303 2320//303
f 2361//342 2321//342 2360//342 2400//342
f 2321//341 2361//341 2362//341 2322//341
f 2322//340 2362//340 2363//340 2323//340
f 2323//339 2363//339 2364//339 2324//339
f 2324//338 2364//338 2365//338 2325//338
f 2325//337 2365//337 2366//337 2326//337
f 2326//336 2366//336 2367//336 2327//336
f 2327//335 2367//335 2368//335 2328//335
f 2328//334 2368//334 2369//334 2329//334
f 2329//333 2369//333 2370//333 2330//333
f 2330//332 2370//332 2371//332 2331//332
f 2331//331 2371//331 2372//331 2332//331
f 2332//330 2372//330 2373//330 2333//330
f 2333//329 2373//329 2374//329 2334//329
f 2334//328 2374//328 2375//328 2335//328
f 2335//327 2375//327 2376//327 2336//327
f 2336//326 2376//326 2377//326 2337//326
f 2337//325 2377//325 2378//325 2338//325
f 2338//324 2378//324 2379//324 2339//324
f 2339//323 2379//323 2380//323 2340//323
f 2340//322 2380//322 2381//322 2341//322
f 2341//321 2381//321 2382//321 2342//321
f 2342//360 2382//360 2383//360 2343//360
f 2343//359 2383//359 2384//359 2344//359
f 2344//358 2384//358 2385//358 2345//358
f 2345//357 2385//357 2386//357 2346//357
f 2346//356 2386//356 2387//356 2347//356
f 2347//355 2387//355 2388//355 2348//355
f 2348//354 2388//354 2389//354 2349//354
f 2349//353 2389//353 2390//353 2350//353
f 2350//352 2390//352 2391//352 2351//352
f 2351//351 2391//351 2392//351 2352//351
f 2352//350 2392//350 2393//350 2353//350
f 2353//349 2393//349 2394//349 2354//349
f 2354//348 2394//348 2395//348 2355//348
f 2355//347 2395//347 2396//347 2356//347
f 2356//346 2396//346 2397//346 2357//346
f 2357//345 2397//345 2398//345 2358//345
f 2358//344 2398//344 2399//344 2359//344
f 2359//343 2399//343 2400//343 2360//343
f 2401//382 2361//382 2400//382 2440//382
f 2361//381 2401//381 2402//381 2362//381
f 2362//380 2402//380 2403//380 2363//380
f 2363//379 2403//379 2404//379 2364//379
f 2364//378 2404//378 2405//378 2365//378
f 2365//377 2405//377 2406//377 2366//377
f 2366//376 2406//376 2407//376 2367//376
f 2367//375 2407//375 2408//375 2368//375
f 2368//374 2408//374 2409//374 2369//374
f 2369//373 2409//373 2410//373 2370//373
f 2370//372 2410//372 2411//372 2371//372
f 2371//371 2411//371 2412//371 2372//371
f 2372//370 2412//370 2413//370 2373//370
f 2373//369 2413//369 2414//369 2374//369
f 2374//368 2414//368 2415//368 2375//368
f 2375//367 2415//367 2416//367 2376//367
f 2376//366 2416//366 2417//366 2377//366
f 2377//365 2417//365 2418//365 2378//365
f 2378//364 2418//364 2419//364 2379//364
f 2379//363 2419//363 2420//363 2380//363
f 2380//362 2420//362 2421//362 2381//362
f 2381//361 2421//361 2422//361 2382//361
f 2382//400 2422//400 2423//400 2383//400
f 2383//399 2423//399 2424//399 2384//399
f 2384//398 2424//398 2425//398 2385//398
f 2385//397 2425//397 2426//397 2386//397
f 2386//396 2426//396 2427//396 2387//396
f 2387//395 2427//395 2428//395 2388//395
f 2388//394 2428//394 2429//394 2389//394
f 2389//393 2429//393 2430//393 2390//393
f 2390//392 2430//392 2431//392 2391//392
f 2391//391 2431//391 2432//391 2392//391
f 2392//390 2432//390 2433//390 2393//390
f 2393//389 2433//389 2434//389 2394//389
f 2394//388 2434//388 2435//388 2395//388
f 2395//387 2435//387 2436//387 2396//387
f 2396//386 2436//386 2437//386 2397//386
f 2397//385 2437//385 2438//385 2398//385
f 2398//384 2438//384 2439//384 2399//384
f 2399//383 2439//383 2440//383 2400//383
f 2441//422 2401//422 2440//422 2480//422
f 2401//421 2441//421 2442//421 2402//421
f 2402//420 2442//420 2443//420 2403//420
f 2403//419 2443//419 2444//419 2404//419
f 2404//418 2444//418 2445//418 2405//418
f 2405//417 2445//417 2446//417 2406//417
f 2406//416 2446//416 2447//416 2407//416
f 2407//415 2447//415 2448//415 2408//415
f 2408//414 2448//414 2449//414 2409//414
f 2409//413 2449//413 2450//413 2410//413
f 2410//412 2450//412 2451//412 2411//412
f 2411//411 2451//411 2452//411 2412//411
f 2412//410 2452//410 2453//410 2413//410
f 2413//409 2453//409 2454//409 2414//409
f 2414//408 2454//408 2455//408 2415//408
f 2415//407 2455//407 2456//407 2416//407
f 2416//406 2456//406 2457//406 2417//406
f 2417//405 2457//405 2458//405 2418//405
f 2418//404 2458//404 2459//404 2419//404
f 2419//403 2459//403 2460//403 2420//403
f 2420//402 2460//402 2461//402 2421//402
f 2421//401 2461//401 2462//401 2422//401
f 2422//440 2462//440 2463//440 2423//440
f 2423//439 2463//439 2464//439 2424//439
f 2424//438 2464//438 2465//438 2425//438
f 2425//437 2465//437 2466//437 2426//437
f 2426//436 2466//436 2467//436 2427//436
f 2427//435 2467//435 2468//435 2428//435
f 2428//434 2468//434 2469//434 2429//434
f 2429//433 2469//433 2470//433 2430//433
f 2430//432 2470//432 2471//432 2431//432
f 2431//431 2471//431 2472//431 2432//431
f 2432//430 2472//430 2473//430 2433//430
f 2433//429 2473//429 2474//429 2434//429
f 2434//428 2474//428 2475//428 2435//428
f 2435//427 2475//427 2476//427 2436//427
f 2436//426 2476//426 2477//426 2437//426
f 2437//425 2477//425 2478//425 2438//425
f 2438//424 2478//424 2479//424 2439//424
f 2439//423 2479//423 2480//423 2440//423
f 2481//462 2441//462 2480//462 2520//462
f 2441//461 2481//461 2482//461 2442//461
f 2442//460 2482//460 2483//460 2443//460
f 2443//459 2483//459 2484//459 2444//459
f 2444//458 2484//458 2485//458 2445//458
f 2445//457 2485//457 2486//457 2446//457
f 2446//456 2486//456 2487//456 2447//456
f 2447//455 2487//455 2488//455 2448//455
f 2448//454 2488//454 2489//454 2449//454
f 2449//453 2489//453 2490//453 2450//453
f 2450//452 2490//452 2491//452 2451//452
f 2451//451 2491//451 2492//451 2452//451
f 2452//450 2492//450 2493//450 2453//450
f 2453//449 2493//449 2494//449 2454//449
f 2454//448 2494//448 2495//448 2455//448
f 2455//447 2495//447 2496//447 2456//447
f 2456//446 2496//446 2497//446 2457//446
f 2457//445 2497//445 2498//445 2458//445
f 2458//444 2498//444 2499//444 2459//444
f 2459//443 2499//443 2500//443 2460//443
f 2460//442 2500//442 2501//442 2461//442
f 2461//441 2501//441 2502//441 2462//441
f 2462//480 2502//480 2503//480 2463//480
f 2463//479 2503//479 2504//479 2464//479
f 2464//478 2504//478 2505//478 2465//478
f 2465//477 2505//477 2506//477 2466//477
f 2466//476 2506//476 2507//476 2467//476
f 2467//475 2507//475 2508//475 2468//475
f 2468//474 2508//474 2509//474 2469//474
f 2469//473 2509//473 2510//473 2470//473
f 2470//472 2510//472 2511//472 2471//472
f 2471//471 2511//471 2512//471 2472//471
f 2472//470 2512//470 2513//470 2473//470
f 2473//469 2513//469 2514//469 2474//469
f 2474//468 2514//468 2515//468 2475//468
f 2475//467 2515//467 2516//467 2476//467
f 2476//466 2516//466 2517//466 2477//466
f 2477//465 2517//465 2518//465 2478//465
f 2478//464 2518//464 2519//464 2479//464
f 2479//463 2519//463 2520//463 2480//463
f 2521//502 2481//502 2520//502 2560//502
f 2481//501 2521//501 2522//501 2482//501
f 2482//500 2522//500 2523//500 2483//500
f 2483//499 2523//499 2524//499 2484//499
f 2484//498 2524//498 2525//498 2485//498
f 2485//497 2525//497 2526//497 2486//497
f 2486//2001 2526//2001 2527//2001 2487//2001
f 2487//495 2527//495 2528//495 2488//495
f 2488//494 2528//494 2529//494 2489//494
f 2489//493 2529//493 2530//493 2490//493
f 2490//492 2530//492 2531//492 2491//492
f 2491//491 2531//491 2532//491 2492//491
f 2492//490 2532//490 2533//490 2493//490
f 2493//489 2533//489 2534//489 2494//489
f 2494//488 2534//488 2535//488 2495//488
f 2495//2002 2535//2002 2536//2002 2496//2002
f 2496//486 2536//486 2537//486 2497//486
f 2497//485 2537//485 2538//485 2498//485
f 2498//484 2538//484 2539//484 2499//484
f 2499//483 2539//483 2540//483 2500//483
f 2500//482 2540//482 2541//482 2501//482
f 2501//481 2541//481 2542//481 2502//481
f 2502//520 2542//520 2543//520 2503//520
f 2503//519 2543//519 2544//519 2504//519
f 2504//518 2544//518 2545//518 2505//518
f 2505//517 2545//517 2546//517 2506//517
f 2506//2003 2546//2003 2547//2003 2507//2003
f 2507//515 2547//515 2548//515 2508//515
f 2508//514 2548//514 2549//514 2509//514
f 2509//513 2549//513 2550//513 2510//513
f 2510//512 2550//512 2551//512 2511//512
f 2511//511 2551//511 2552//511 2512//511
f 2512//510 2552//510 2553//510 2513//510
f 2513//509 2553//509 2554//509 2514//509
f 2514//508 2554//508 2555//508 2515//508
f 2515//2004 2555//2004 2556//2004 2516//2004
f 2516//506 2556//506 2557//506 2517//506
f 2517//505 2557//505 2558//505 2518//505
f 2518//504 2558//504 2559//504 2519//504
f 2519//503 2559//503 2560//503 2520//503
f 2561//542 2521//542 2560//542 2600//542
f 2521//541 2561//541 2562//541 2522//541
f 2522//540 2562//540 2563//540 2523//540
f 2523//539 2563//539 2564//539 2524//539
f 2524//538 2564//538 2565//538 2525//538
f 2525//537 2565//537 2566//537 2526//537
f 2526//536 2566//536 2567//536 2527//536
f 2527//535 2567//535 2568//535 2528//535
f 2528//534 2568//534 2569//534 2529//534
f 2529//533 2569//533 2570//533 2530//533
f 2530//532 2570//532 2571//532 2531//532
f 2531//531 2571//531 2572//531 2532//531
f 2532//530 2572//530 2573//530 2533//530
f 2533//529 2573//529 2574//529 2534//529
f 2534//528 2574//528 2575//528 2535//528
f 2535//527 2575//527 2576//527 2536//527
f 2536//526 2576//526 2577//526 2537//526
f 2537//525 2577//525 2578//525 2538//525
f 2538//524 2578//524 2579//524 2539//524
f 2539//523 2579//523 2580//523 2540//523
f 2540//522 2580//522 2581//522 2541//522
f 2541//521 2581//521 2582//521 2542//521
f 2542//560 2582//560 2583//560 2543//560
f 2543//559 2583//559 2584//559 2544//559
f 2544//558 2584//558 2585//558 2545//558
f 2545//557 2585//557 2586//557 2546//557
f 2546//556 2586//556 2587//556 2547//556
f 2547//555 2587//555 2588//555 2548//555
f 2548//554 2588//554 2589//554 2549//554
f 2549//553 2589//553 2590//553 2550//553
f 2550//552 2590//552 2591//552 2551//552
f 2551//551 2591//551 2592//551 2552//551
f 2552//550 2592//550 2593//550 2553//550
f 2553//549 2593//549 2594//549 2554//549
f 2554//548 2594//548 2595//548 2555//548
f 2555//547 2595//547 2596//547 2556//547
f 2556//546 2596//546 2597//546 2557//546
f 2557//545 2597//545 2598//545 2558//545
f 2558//544 2598//544 2599//544 2559//544
f 2559//543 2599//543 2600//543 2560//543
f 2601//582 2561//582 2600//582 2640//582
f 2561//581 2601//581 2602//581 2562//581
f 2562//580 2602//580 2603//580 2563//580
f 2563//579 2603//579 2604//579 2564//579
f 2564//578 2604//578 2605//578 2565//578
f 2565//577 2605//577 2606//577 2566//577
f 2566//576 2606//576 2607//576 2567//576
f 2567//575 2607//575 2608//575 2568//575
f 2568//574 2608//574 2609//574 2569//574
f 2569//573 2609//573 2610//573 2570//573
f 2570//572 2610//572 2611//572 2571//572
f 2571//571 2611//571 2612//571 2572//571
f 2572//570 2612//570 2613//570 2573//570
f 2573//569 2613//569 2614//569 2574//569
f 2574//568 2614//568 2615//568 2575//568
f 2575//567 2615//567 2616//567 2576//567
f 2576//566 2616//566 2617//566 2577//566
f 2577//565 2617//565 2618//565 2578//565
f 2578//564 2618//564 2619//564 2579//564
f 2579//563 2619//563 2620//563 2580//563
f 2580//562 2620//562 2621//562 2581//562
f 2581//561 2621//561 2622//561 2582//561
f 2582//600 2622//600 2623//600 2583//600
f 2583//599 2623//599 2624//599 2584//599
f 2584//598 2624//598 2625//598 2585//598
f 2585//597 2625//597 2626//597 2586//597
f 2586//596 2626//596 2627//596 2587//596
f 2587//595 2627//595 2628//595 2588//595
f 2588//594 2628//594 2629//594 2589//594
f 2589//593 2629//593 2630//593 2590//593
f 2590//592 2630//592 2631//592 2591//592
f 2591//591 2631//591 2632//591 2592//591
f 2592//590 2632//590 2633//590 2593//590
f 2593//589 2633//589 2634//589 2594//589
f 2594//588 2634//588 2635//588 2595//588
f 2595//587 2635//587 2636//587 2596//587
f 2596//586 2636//586 2637//586 2597//586
f 2597//585 2637//585 2638//585 2598//585
f 2598//584 2638//584 2639//584 2599//584
f 2599//583 2639//583 2640//583 2600//583
f 2641//622 2601//622 2640//622 2680//622
f 2601//621 2641//621 2642//621 2602//621
f 2602//620 2642//620 2643//620 2603//620
f 2603//619 2643//619 2644//619 2604//619
f 2604//618 2644//618 2645//618 2605//618
f 2605//617 2645//617 2646//617 2606//617
f 2606//616 2646//616 2647//616 2607//616
f 2607//615 2647//615 2648//615 2608//615
f 2608//614 2648//614 2649//614 2609//614
f 2609//613 2649//613 2650//613 2610//613
f 2610//612 2650//612 2651//612 2611//612
f 2611//611 2651//611 2652//611 2612//611
f 2612//610 2652//610 2653//610 2613//610
f 2613//609 2653//609 2654//609 2614//609
f 2614//608 2654//608 2655//608 2615//608
f 2615//607 2655//607 2656//607 2616//607
f 2616//606 2656//606 2657//606 2617//606
f 2617//605 2657//605 2658//605 2618//605
f 2618//604 2658//604 2659//604 2619//604
f 2619//603 2659//603 2660//603 2620//603
f 2620//602 2660//602 2661//602 2621//602
f 2621//601 2661//601 2662//601 2622//601
f 2622//640 2662//640 2663//640 2623//640
f 2623//639 2663//639 2664//639 2624//639
f 2624//638 2664//638 2665//638 2625//638
f 2625//637 2665//637 2666//637 2626//637
f 2626//636 2666//636 2667//636 2627//636
f 2627//635 2667//635 2668//635 2628//635
f 2628//634 2668//634 2669//634 2629//634
f 2629//633 2669//633 2670//633 2630//633
f 2630//632 2670//632 2671//632 2631//632
f 2631//631 2671//631 2672//631 2632//631
f 2632//630 2672//630 2673//630 2633//630
f 2633//629 2673//629 2674//629 2634//629
f 2634//628 2674//628 2675//628 2635//628
f 2635//627 2675//627 2676//627 2636//627
f 2636//626 2676//626 2677//626 2637//626
f 2637//625 2677//625 2678//625 2638//625
f 2638//624 2678//624 2679//624 2639//624
f 2639//623 2679//623 2680//623 2640//623
f 2681//662 2641//662 2680//662 2720//662
f 2641//661 2681//661 2682//661 2642//661
f 2642//660 2682//660 2683//660 2643//660
f 2643//659 2683//659 2684//659 2644//659
f 2644//658 2684//658 2685//658 2645//658
f 2645//657 2685//657 2686//657 2646//657
f 2646//656 2686//656 2687//656 2647//656
f 2647//655 2687//655 2688//655 2648//655
f 2648//654 2688//654 2689//654 2649//654
f 2649//653 2689//653 2690//653 2650//653
f 2650//652 2690//652 2691//652 2651//652
f 2651//651 2691//651 2692//651 2652//651
f 2652//650 2692//650 2693//650 2653//650
f 2653//649 2693//649 2694//649 2654//649
f 2654//648 2694//648 2695//648 2655//648
f 2655//647 2695//647 2696//647 2656//647
f 2656//646 2696//646 2697//646 2657//646
f 2657//645 2697//645 2698//645 2658//645
f 2658//644 2698//644 2699//644 2659//644
f 2659//643 2699//643 2700//643 2660//643
f 2660//642 2700//642 2701//642 2661//642
f 2661//641 2701//641 2702//641 2662//641
f 2662//680 2702//680 2703//680 2663//680
f 2663//679 2703//679 2704//679 2664//679
f 2664//678 2704//678 2705//678 2665//678
f 2665//677 2705//677 2706//677 2666//677
f 2666//676 2706//676 2707//676 2667//676
f 2667//675 2707//675 2708//675 2668//675
f 2668//674 2708//674 2709//674 2669//674
f 2669//673 2709//673 2710//673 2670//673
f 2670//672 2710//672 2711//672 2671//672
f 2671//671 2711//671 2712//671 2672//671
f 2672//670 2712//670 2713//670 2673//670
f 2673//669 2713//669 2714//669 2674//669
f 2674//668 2714//668 2715//668 2675//668
f 2675//667 2715//667 2716//667 2676//667
f 2676//666 2716//666 2717//666 2677//666
f 2677//665 2717//665 2718//665 2678//665
f 2678//664 2718//664 2719//664 2679//664
f 2679//663 2719//663 2720//663 2680//663
f 2721//702 2681//702 2720//702 2760//702
f 2681//701 2721//701 2722//701 2682//701
f 2682//700 2722//700 2723//700 2683//700
f 2683//699 2723//699 2724//699 2684//699
f 2684//698 2724//698 2725//698 2685//698
f 2685//697 2725//697 2726//697 2686//697
f 2686//696 2726//696 2727//696 2687//696
f 2687//695 2727//695 2728//695 2688//695
f 2688//694 2728//694 2729//694 2689//694
f 2689//693 2729//693 2730//693 2690//693
f 2690//692 2730//692 2731//692 2691//692
f 2691//691 2731//691 2732//691 2692//691
f 2692//690 2732//690 2733//690 2693//690
f 2693//689 2733//689 2734//689 2694//689
f 2694//688 2734//688 2735//688 2695//688
f 2695//687 2735//687 2736//687 2696//687
f 2696//686 2736//686 2737//686 2697//686
f 2697//685 2737//685 2738//685 2698//685
f 2698//684 2738//684 2739//684 2699//684
f 2699//683 2739//683 2740//683 2700//683
f 2700//682 2740//682 2741//682 2701//682
f 2701//681 2741//681 2742//681 2702//681
f 2702//720 2742//720 2743//720 2703//720
f 2703//719 2743//719 2744//719 2704//719
f 2704//718 2744//718 2745//718 2705//718
f 2705//717 2745//717 2746//717 2706//717
f 2706//716 2746//716 2747//716 2707//716
f 2707//715 2747//715 2748//715 2708//715
f 2708//714 2748//714 2749//714 2709//714
f 2709//713 2749//713 2750//713 2710//713
f 2710//712 2750//712 2751//712 2711//712
f 2711//711 2751//711 2752//711 2712//711
f 2712//710 2752//710 2753//710 2713//710
f 2713//709 2753//709 2754//709 2714//709
f 2714//708 2754//708 2755//708 2715//708
f 2715//707 2755//707 2756//707 2716//707
f 2716//706 2756//706 2757//706 2717//706
f 2717//705 2757//705 2758//705 2718//705
f 2718//704 2758//704 2759//704 2719//704
f 2719//703 2759//703 2760//703 2720//703
f 2761//742 2721//742 2760//742 2800//742
f 2721//741 2761//741 2762//741 2722//741
f 2722//740 2762//740 2763//740 2723//740
f 2723//739 2763//739 2764//739 2724//739
f 2724//738 2764//738 2765//738 2725//738
f 2725//737 2765//737 2766//737 2726//737
f 2726//736 2766//736 2767//736 2727//736
f 2727//735 2767//735 2768//735 2728//735
f 2728//734 2768//734 2769//734 2729//734
f 2729//733 2769//733 2770//733 2730//733
f 2730//732 2770//732 2771//732 2731//732
f 2731//731 2771//731 2772//731 2732//731
f 2732//730 2772//730 2773//730 2733//730
f 2733//729 2773//729 2774//729 2734//729
f 2734//728 2774//728 2775//728 2735//728
f 2735//727 2775//727 2776//727 2736//727
f 2736//726 2776//726 2777//726 2737//726
f 2737//725 2777//725 2778//725 2738//725
f 2738//724 2778//724 2779//724 2739//724
f 2739//723 2779//723 2780//723 2740//723
f 2740//722 2780//722 2781//722 2741//722
f 2741//721 2781//721 2782//721 2742//721
f 2742//760 2782//760 2783//760 2743//760
f 2743//759 2783//759 2784//759 2744//759
f 2744//758 2784//758 2785//758 2745//758
f 2745//757 2785//757 2786//757 2746//757
f 2746//756 2786//756 2787//756 2747//756
f 2747//755 2787//755 2788//755 2748//755
f 2748//754 2788//754 2789//754 2749//754
f 2749//753 2789//753 2790//753 2750//753
f 2750//752 2790//752 2791//752 2751//752
f 2751//751 2791//751 2792//751 2752//751
f 2752//750 2792//750 2793//750 2753//750
f 2753//749 2793//749 2794//749 2754//749
f 2754//748 2794//748 2795//748 2755//748
f 2755//747 2795//747 2796//747 2756//747
f 2756//746 2796//746 2797//746 2757//746
f 2757//745 2797//745 2798//745 2758//745
f 2758//744 2798//744 2799//744 2759//744
f 2759//743 2799//743 2800//743 2760//743
f 2801//782 2761//782 2800//782 2840//782
f 2761//781 2801//781 2802//781 2762//781
f 2762//780 2802//780 2803//780 2763//780
f 2763//779 2803//779 2804//779 2764//779
f 2764//778 2804//778 2805//778 2765//778
f 2765//777 2805//777 2806//777 2766//777
f 2766//776 2806//776 2807//776 2767//776
f 2767//775 2807//775 2808//775 2768//775
f 2768//774 2808//774 2809//774 2769//774
f 2769//773 2809//773 2810//773 2770//773
f 2770//772 2810//772 2811//772 2771//772
f 2771//771 2811//771 2812//771 2772//771
f 2772//770 2812//770 2813//770 2773//770
f 2773//769 2813//769 2814//769 2774//769
f 2774//768 2814//768 2815//768 2775//768
f 2775//767 2815//767 2816//767 2776//767
f 2776//766 2816//766 2817//766 2777//766
f 2777//765 2817//765 2818//765 2778//765
f 2778//764 2818//764 2819//764 2779//764
f 2779//763 2819//763 2820//763 2780//763
f 2780//762 2820//762 2821//762 2781//762
f 2781//761 2821//761 2822//761 2782//761
f 2782//800 2822//800 2823//800 2783//800
f 2783//799 2823//799 2824//799 2784//799
f 2784//798 2824//798 2825//798 2785//798
f 2785//797 2825//797 2826//797 2786//797
f 2786//796 2826//796 2827//796 2787//796
f 2787//795 2827//795 2828//795 2788//795
f 2788//794 2828//794 2829//794 2789//794
f 2789//793 2829//793 2830//793 2790//793
f 2790//792 2830//792 2831//792 2791//792
f 2791//791 2831//791 2832//791 2792//791
f 2792//790 2832//790 2833//790 2793//790
f 2793//789 2833//789 2834//789 2794//789
f 2794//788 2834//788 2835//788 2795//788
f 2795//787 2835//787 2836//787 2796//787
f 2796//786 2836//786 2837//786 2797//786
f 2797//785 2837//785 2838//785 2798//785
f 2798//784 2838//784 2839//784 2799//784
f 2799//783 2839//783 2840//783 2800//783
f 2841//822 2801//822 2840//822 2880//822
f 2801//821 2841//821 2842//821 2802//821
f 2802//820 2842//820 2843//820 2803//820
f 2803//819 2843//819 2844//819 2804//819
f 2804//818 2844//818 2845//818 2805//818
f 2805//817 2845//817 2846//817 2806//817
f 2806//816 2846//816 2847//816 2807//816
f 2807//815 2847//815 2848//815 2808//815
f 2808//814 2848//814 2849//814 2809//814
f 2809//813 2849//813 2850//813 2810//813
f 2810//812 2850//812 2851//812 2811//812
f 2811//811 2851//811 2852//811 2812//811
f 2812//810 2852//810 2853//810 2813//810
f 2813//809 2853//809 2854//809 2814//809
f 2814//808 2854//808 2855//808 2815//808
f 2815//807 2855//807 2856//807 2816//807
f 2816//806 2856//806 2857//806 2817//806
f 2817//805 2857//805 2858//805 2818//805
f 2818//804 2858//804 2859//804 2819//804
f 2819//803 2859//803 2860//803 2820//803
f 2820//802 2860//802 2861//802 2821//802
f 2821//801 2861//801 2862//801 2822//801
f 2822//840 2862//840 2863//840 2823//840
f 2823//839 2863//839 2864//839 2824//839
f 2824//838 2864//838 2865//838 2825//838
f 2825//837 2865//837 2866//837 2826//837
f 2826//836 2866//836 2867//836 2827//836
f 2827//835 2867//835 2868//835 2828//835
f 2828//834 2868//834 2869//834 2829//834
f 2829//833 2869//833 2870//833 2830//833
f 2830//832 2870//832 2871//832 2831//832
f 2831//831 2871//831 2872//831 2832//831
f 2832//830 2872//830 2873//830 2833//830
f 2833//829 2873//829 2874//829 2834//829
f 2834//828 2874//828 2875//828 2835//828
f 2835//827 2875//827 2876//827 2836//827
f 2836//826 2876//826 2877//826 2837//826
f 2837//825 2877//825 2878//825 2838//825
f 2838//824 2878//824 2879//824 2839//824
f 2839//823 2879//823 2880//823 2840//823
f 2881//862 2841//862 2880//862 2920//862
f 2841//861 2881//861 2882//861 2842//861
f 2842//860 2882//860 2883//860 2843//860
f 2843//859 2883//859 2884//859 2844//859
f 2844//858 2884//858 2885//858 2845//858
f 2845//857 2885//857 2886//857 2846//857
f 2846//856 2886//856 2887//856 2847//856
f 2847//855 2887//855 2888//855 2848//855
f 2848//854 2888//854 2889//854 2849//854
f 2849//853 2889//853 2890//853 2850//853
f 2850//852 2890//852 2891//852 2851//852
f 2851//851 2891//851 2892//851 2852//851
f 2852//850 2892//850 2893//850 2853//850
f 2853//849 2893//849 2894//849 2854//849
f 2854//848 2894//848 2895//848 2855//848
f 2855//847 2895//847 2896//847 2856//847
f 2856//846 2896//846 2897//846 2857//846
f 2857//845 2897//845 2898//845 2858//845
f 2858//844 2898//844 2899//844 2859//844
f 2859//843 2899//843 2900//843 2860//843
f 2860//842 2900//842 2901//842 2861//842
f 2861//841 2901//841 2902//841 2862//841
f 2862//880 2902//880 2903//880 2863//880
f 2863//879 2903//879 2904//879 2864//879
f 2864//878 2904//878 2905//878 2865//878
f 2865//877 2905//877 2906//877 2866//877
f 2866//876 2906//876 2907//876 2867//876
f 2867//875 2907//875 2908//875 2868//875
f 2868//874 2908//874 2909//874 2869//874
f 2869//873 2909//873 2910//873 2870//873
f 2870//872 2910//872 2911//872 2871//872
f 2871//871 2911//871 2912//871 2872//871
f 2872//870 2912//870 2913//870 2873//870
f 2873//869 2913//869 2914//869 2874//869
f 2874//868 2914//868 2915//868 2875//868
f 2875//867 2915//867 2916//867 2876//867
f 2876//866 2916//866 2917//866 2877//866
f 2877//865 2917//865 2918//865 2878//865
f 2878//864 2918//864 2919//864 2879//864
f 2879//863 2919//863 2920//863 2880//863
f 2921//902 2881//902 2920//902 2960//902
f 2881//901 2921//901 2922//901 2882//901
f 2882//900 2922//900 2923//900 2883//900
f 2883//899 2923//899 2924//899 2884//899
f 2884//898 2924//898 2925//898 2885//898
f 2885//897 2925//897 2926//897 2886//897
f 2886//896 2926//896 2927//896 2887//896
f 2887//895 2927//895 2928//895 2888//895
f 2888//894 2928//894 2929//894 2889//894
f 2889//893 2929//893 2930//893 2890//893
f 2890//892 2930//892 2931//892 2891//892
f 2891//891 2931//891 2932//891 2892//891
f 2892//890 2932//890 2933//890 2893//890
f 2893//889 2933//889 2934//889 2894//889
f 2894//888 2934//888 2935//888 2895//888
f 2895//887 2935//887 2936//887 2896//887
f 2896//886 2936//886 2937//886 2897//886
f 2897//885 2937//885 2938//885 2898//885
f 2898//884 2938//884 2939//884 2899//884
f 2899//883 2939//883 2940//883 2900//883
f 2900//882 2940//882 2941//882 2901//882
f 2901//881 2941//881 2942//881 2902//881
f 2902//920 2942//920 2943//920 2903//920
f 2903//919 2943//919 2944//919 2904//919
f 2904//918 2944//918 2945//918 2905//918
f 2905//917 2945//917 2946//917 2906//917
f 2906//916 2946//916 2947//916 2907//916
f 2907//915 2947//915 2948//915 2908//915
f 2908//914 2948//914 2949//914 2909//914
f 2909//913 2949//913 2950//913 2910//913
f 2910//912 2950//912 2951//912 2911//912
f 2911//911 2951//911 2952//911 2912//911
f 2912//910 2952//910 2953//910 2913//910
f 2913//909 2953//909 2954//909 2914//909
f 2914//908 2954//908 2955//908 2915//908
f 2915//907 2955//907 2956//907 2916//907
f 2916//906 2956//906 2957//906 2917//906
f 2917//905 2957//905 2958//905 2918//905
f 2918//904 2958//904 2959//904 2919//904
f 2919//903 2959//903 2960//903 2920//903
f 2961//942 2921//942 2960//942 3000//942
f 2921//941 2961//941 2962//941 2922//941
f 2922//940 2962//940 2963//940 2923//940
f 2923//939 2963//939 2964//939 2924//939
f 2924//938 2964//938 2965//938 2925//938
f 2925//937 2965//937 2966//937 2926//937
f 2926//936 2966//936 2967//936 2927//936
f 2927//935 2967//935 2968//935 2928//935
f 2928//934 2968//934 2969//934 2929//934
f 2929//933 2969//933 2970//933 2930//933
f 2930//932 2970//932 2971//932 2931//932
f 2931//931 2971//931 2972//931 2932//931
f 2932//930 2972//930 2973//930 2933//930
f 2933//929 2973//929 2974//929 2934//929
f 2934//928 2974//928 2975//928 2935//928
f 2935//927 2975//927 2976//927 2936//927
f 2936//926 2976//926 2977//926 2937//926
f 2937//925 2977//925 2978//925 2938//925
f 2938//924 2978//924 2979//924 2939//924
f 2939//923 2979//923 2980//923 2940//923
f 2940//922 2980//922 2981//922 2941//922
f 2941//921 2981//921 2982//921 2942//921
f 2942//960 2982//960 2983//960 2943//960
f 2943//959 2983//959 2984//959 2944//959
f 2944//958 2984//958 2985//958 2945//958
f 2945//957 2985//957 2986//957 2946//957
f 2946//956 2986//956 2987//956 2947//956
f 2947//955 2987//955 2988//955 2948//955
f 2948//954 2988//954 2989//954 2949//954
f 2949//953 2989//953 2990//953 2950//953
f 2950//952 2990//952 2991//952 2951//952
f 2951//951 2991//951 2992//951 2952//951
f 2952//950 2992//950 2993//950 2953//950
f 2953//949 2993//949 2994//949 2954//949
f 2954//948 2994//948 2995//948 2955//948
f 2955//947 2995//947 2996//947 2956//947
f 2956//946 2996//946 2997//946 2957//946
f 2957//945 2997//945 2998//945 2958//945
f 2958//944 2998//944 2999//944 2959//944
f 2959//943 2999//943 3000//943 2960//943
f 3001//982 2961//982 3000//982 3040//982
f 2961//981 3001//981 3002//981 2962//981
f 2962//980 3002//980 3003//980 2963//980
f 2963//979 3003//979 3004//979 2964//979
f 2964//978 3004//978 3005//978 2965//978
f 2965//977 3005//977 3006//977 2966//977
f 2966//976 3006//976 3007//976 2967//976
f 2967//975 3007//975 3008//975 2968//975
f 2968//974 3008//974 3009//974 2969//974
f 2969//973 3009//973 3010//973 2970//973
f 2970//972 3010//972 3011//972 2971//972
f 2971//971 3011//971 3012//971 2972//971
f 2972//970 3012//970 3013//970 2973//970
f 2973//969 3013//969 3014//969 2974//969
f 2974//968 3014//968 3015//968 2975//968
f 2975//967 3015//967 3016//967 2976//967
f 2976//966 3016//966 3017//966 2977//966
f 2977//965 3017//965 3018//965 2978//965
f 2978//964 3018//964 3019//964 2979//964
f 2979//963 3019//963 3020//963 2980//963
f 2980//962 3020//962 3021//962 2981//962
f 2981//961 3021//961 3022//961 2982//961
f 2982//1000 3022//1000 3023//1000 2983//1000
f 2983//999 3023//999 3024//999 2984//999
f 2984//998 3024//998 3025//998 2985//998
f 2985//997 3025//997 3026//997 2986//997
f 2986//996 3026//996 3027//996 2987//996
f 2987//995 3027//995 3028//995 2988//995
f 2988//994 3028//994 3029//994 2989//994
f 2989//993 3029//993 3030//993 2990//993
f 2990//992 3030//992 3031//992 2991//992
f 2991//991 3031//991 3032//991 2992//991
f 2992//990 3032//990 3033//990 2993//990
f 2993//989 3033//989 3034//989 2994//989
f 2994//988 3034//988 3035//988 2995//988
f 2995//987 3035//987 3036//987 2996//987
f 2996//986 3036//986 3037//986 2997//986
f 2997//985 3037//985 3038//985 2998//985
f 2998//984 3038//984 3039//984 2999//984
f 2999//983 3039//983 3040//983 3000//983
f 3041//1022 3001//1022 3040//1022 3080//1022
f 3001//1021 3041//1021 3042//1021 3002//1021
f 3002//1020 3042//1020 3043//1020 3003//1020
f 3003//1019 3043//1019 3044//1019 3004//1019
f 3004//1018 3044//1018 3045//1018 3005//1018
f 3005//1017 3045//1017 3046//1017 3006//1017
f 3006//1016 3046//1016 3047//1016 3007//1016
f 3007//1015 3047//1015 3048//1015 3008//1015
f 3008//1014 3048//1014 3049//1014 3009//1014
f 3009//1013 3049//1013 3050//1013 3010//1013
f 3010//1012 3050//1012 3051//1012 3011//1012
f 3011//1011 3051//1011 3052//1011 3012//1011
f 3012//1010 3052//1010 3053//1010 3013//1010
f 3013//1009 3053//1009 3054//1009 3014//1009
f 3014//1008 3054//1008 3055//1008 3015//1008
f 3015//1007 3055//1007 3056//1007 3016//1007
f 3016//1006 3056//1006 3057//1006 3017//1006
f 3017//1005 3057//1005 3058//1005 3018//1005
f 3018//1004 3058//1004 3059//1004 3019//1004
f 3019//1003 3059//1003 3060//1003 3020//1003
f 3020//1002 3060//1002 3061//1002 3021//1002
f 3021//1001 3061//1001 3062//1001 3022//1001
f 3022//1040 3062//1040 3063//1040 3023//1040
f 3023//1039 3063//1039 3064//1039 3024//1039
f 3024//1038 3064//1038 3065//1038 3025//1038
f 3025//1037 3065//1037 3066//1037 3026//1037
f 3026//1036 3066//1036 3067//1036 3027//1036
f 3027//1035 3067//1035 3068//1035 3028//1035
f 3028//1034 3068//1034 3069//1034 3029//1034
f 3029//1033 3069//1033 3070//1033 3030//1033
f 3030//2005 3070//2005 3071//2005 3031//2005
f 3031//2006 3071//2006 3072//2006 3032//2006
f 3032//1030 3072//1030 3073//1030 3033//1030
f 3033//1029 3073//1029 3074//1029 3034//1029
f 3034//1028 3074//1028 3075//1028 3035//1028
f 3035//1027 3075//1027 3076//1027 3036//1027
f 3036//1026 3076//1026 3077//1026 3037//1026
f 3037//1025 3077//1025 3078//1025 3038//1025
f 3038//1024 3078//1024 3079//1024 3039//1024
f 3039//1023 3079//1023 3080//1023 3040//1023
f 3081//1062 3041//1062 3080//1062 3120//1062
f 3041//1061 3081//1061 3082//1061 3042//1061
f 3042//1060 3082//1060 3083//1060 3043//1060
f 3043//1059 3083//1059 3084//1059 3044//1059
f 3044//1058 3084//1058 3085//1058 3045//1058
f 3045//1057 3085//1057 3086//1057 3046//1057
f 3046//1056 3086//1056 3087//1056 3047//1056
f 3047//1055 3087//1055 3088//1055 3048//1055
f 3048//1054 3088//1054 3089//1054 3049//1054
f 3049//1053 3089//1053 3090//1053 3050//1053
f 3050//1052 3090//1052 3091//1052 3051//1052
f 3051//1051 3091//1051 3092//1051 3052//1051
f 3052//1050 3092//1050 3093//1050 3053//1050
f 3053//1049 3093//1049 3094//1049 3054//1049
f 3054//1048 3094//1048 3095//1048 3055//1048
f 3055//1047 3095//1047 3096//1047 3056//1047
f 3056//1046 3096//1046 3097//1046 3057//1046
f 3057//1045 3097//1045 3098//1045 3058//1045
f 3058//1044 3098//1044 3099//1044 3059//1044
f 3059//1043 3099//1043 3100//1043 3060//1043
f 3060//1042 3100//1042 3101//1042 3061//1042
f 3061//1041 3101//1041 3102//1041 3062//1041
f 3062//1080 3102//1080 3103//1080 3063//1080
f 3063//1079 3103//1079 3104//1079 3064//1079
f 3064//1078 3104//1078 3105//1078 3065//1078
f 3065//1077 3105//1077 3106//1077 3066//1077
f 3066//1076 3106//1076 3107//1076 3067//1076
f 3067//1075 3107//1075 3108//1075 3068//1075
f 3068//1074 3108//1074 3109//1074 3069//1074
f 3069//1073 3109//1073 3110//1073 3070//1073
f 3070//1072 3110//1072 3111//1072 3071//1072
f 3071//1071 3111//1071 3112//1071 3072//1071
f 3072//1070 3112//1070 3113//1070 3073//1070
f 3073//1069 3113//1069 3114//1069 3074//1069
f 3074//1068 3114//1068 3115//1068 3075//1068
f 3075//1067 3115//1067 3116//1067 3076//1067
f 3076//1066 3116//1066 3117//1066 3077//1066
f 3077//1065 3117//1065 3118//1065 3078//1065
f 3078//1064 3118//1064 3119//1064 3079//1064
f 3079//1063 3119//1063 3120//1063 3080//1063
f 3121//1102 3081//1102 3120//1102 3160//1102
f 3081//1101 3121//1101 3122//1101 3082//1101
f 3082//1100 3122//1100 3123//1100 3083//1100
f 3083//1099 3123//1099 3124//1099 3084//1099
f 3084//1098 3124//1098 3125//1098 3085//1098
f 3085//1097 3125//1097 3126//1097 3086//1097
f 3086//1096 3126//1096 3127//1096 3087//1096
f 3087//1095 3127//1095 3128//1095 3088//1095
f 3088//1094 3128//1094 3129//1094 3089//1094
f 3089//1093 3129//1093 3130//1093 3090//1093
f 3090//1092 3130//1092 3131//1092 3091//1092
f 3091//1091 3131//1091 3132//1091 3092//1091
f 3092//1090 3132//1090 3133//1090 3093//1090
f 3093//1089 3133//1089 3134//1089 3094//1089
f 3094//1088 3134//1088 3135//1088 3095//1088
f 3095//1087 3135//1087 3136//1087 3096//1087
f 3096//1086 3136//1086 3137//1086 3097//1086
f 3097//1085 3137//1085 3138//1085 3098//1085
f 3098//1084 3138//1084 3139//1084 3099//1084
f 3099//1083 3139//1083 3140//1083 3100//1083
f 3100//1082 3140//1082 3141//1082 3101//1082
f 3101//1081 3141//1081 3142//1081 3102//1081
f 3102//1120 3142//1120 3143//1120 3103//1120
f 3103//1119 3143//1119 3144//1119 3104//1119
f 3104//1118 3144//1118 3145//1118 3105//1118
f 3105//1117 3145//1117 3146//1117 3106//1117
f 3106//1116 3146//1116 3147//1116 3107//1116
f 3107//1115 3147//1115 3148//1115 3108//1115
f 3108//1114 3148//1114 3149//1114 3109//1114
f 3109//1113 3149//1113 3150//1113 3110//1113
f 3110//1112 3150//1112 3151//1112 3111//1112
f 3111//1111 3151//1111 3152//1111 3112//1111
f 3112//1110 3152//1110 3153//1110 3113//1110
f 3113//1109 3153//1109 3154//1109 3114//1109
f 3114//1108 3154//1108 3155//1108 3115//1108
f 3115//1107 3155//1107 3156//1107 3116//1107
f 3116//1106 3156//1106 3157//1106 3117//1106
f 3117//1105 3157//1105 3158//1105 3118//1105
f 3118//1104 3158//1104 3159//1104 3119//1104
f 3119//1103 3159//1103 3160//1103 3120//1103
f 3161//1142 3121//1142 3160//1142 3200//1142
f 3121//1141 3161//1141 3162//1141 3122//1141
f 3122//1140 3162//1140 3163//1140 3123//1140
f 3123//1139 3163//1139 3164//1139 3124//1139
f 3124//1138 3164//1138 3165//1138 3125//1138
f 3125//1137 3165//1137 3166//1137 3126//1137
f 3126//1136 3166//1136 3167//1136 3127//1136
f 3127//1135 3167//1135 3168//1135 3128//1135
f 3128//1134 3168//1134 3169//1134 3129//1134
f 3129//1133 3169//1133 3170//1133 3130//1133
f 3130//1132 3170//1132 3171//1132 3131//1132
f 3131//1131 3171//1131 3172//1131 3132//1131
f 3132//1130 3172//1130 3173//1130 3133//1130
f 3133//1129 3173//1129 3174//1129 3134//1129
f 3134//1128 3174//1128 3175//1128 3135//1128
f 3135//1127 3175//1127 3176//1127 3136//1127
f 3136//1126 3176//1126 3177//1126 3137//1126
f 3137//1125 3177//1125 3178//1125 3138//1125
f 3138//1124 3178//1124 3179//1124 3139//1124
f 3139//1123 3179//1123 3180//1123 3140//1123
f 3140//1122 3180//1122 3181//1122 3141//1122
f 3141//1121 3181//1121 3182//1121 3142//1121
f 3142//1160 3182//1160 3183//1160 3143//1160
f 3143//1159 3183//1159 3184//1159 3144//1159
f 3144//1158 3184//1158 3185//1158 3145//1158
f 3145//1157 3185//1157 3186//1157 3146//1157
f 3146//1156 3186//1156 3187//1156 3147//1156
f 3147//1155 3187//1155 3188//1155 3148//1155
f 3148//1154 3188//1154 3189//1154 3149//1154
f 3149//1153 3189//1153 3190//1153 3150//1153
f 3150//1152 3190//1152 3191//1152 3151//1152
f 3151//1151 3191//1151 3192//1151 3152//1151
f 3152//1150 3192//1150 3193//1150 3153//1150
f 3153//1149 3193//1149 3194//1149 3154//1149
f 3154//1148 3194//1148 3195//1148 3155//1148
f 3155//1147 3195//1147 3196//1147 3156//1147
f 3156//1146 3196//1146 3197//1146 3157//1146
f 3157//1145 3197//1145 3198//1145 3158//1145
f 3158//1144 3198//1144 3199//1144 3159//1144
f 3159//1143 3199//1143 3200//1143 3160//1143
f 3201//1182 3161//1182 3200//1182 3240//1182
f 3161//1181 3201//1181 3202//1181 3162//1181
f 3162//1180 3202//1180 3203//1180 3163//1180
f 3163//1179 3203//1179 3204//1179 3164//1179
f 3164//1178 3204//1178 3205//1178 3165//1178
f 3165//1177 3205//1177 3206//1177 3166//1177
f 3166//1176 3206//1176 3207//1176 3167//1176
f 3167//1175 3207//1175 3208//1175 3168//1175
f 3168//1174 3208//1174 3209//1174 3169//1174
f 3169//1173 3209//1173 3210//1173 3170//1173
f 3170//1172 3210//1172 3211//1172 3171//1172
f 3171//1171 3211//1171 3212//1171 3172//1171
f 3172//1170 3212//1170 3213//1170 3173//1170
f 3173//1169 3213//1169 3214//1169 3174//1169
f 3174//1168 3214//1168 3215//1168 3175//1168
f 3175//1167 3215//1167 3216//1167 3176//1167
f 3176//1166 3216//1166 3217//1166 3177//1166
f 3177//1165 3217//1165 3218//1165 3178//1165
f 3178//1164 3218//1164 3219//1164 3179//1164
f 3179//1163 3219//1163 3220//1163 3180//1163
f 3180//1162 3220//1162 3221//1162 3181//1162
f 3181//1161 3221//1161 3222//1161 3182//1161
f 3182//1200 3222//1200 3223//1200 3183//1200
f 3183//1199 3223//1199 3224//1199 3184//1199
f 3184//1198 3224//1198 3225//1198 3185//1198
f 3185//1197 3225//1197 3226//1197 3186//1197
f 3186//1196 3226//1196 3227//1196 3187//1196
f 3187//1195 3227//1195 3228//1195 3188//1195
f 3188//1194 3228//1194 3229//1194 3189//1194
f 3189//1193 3229//1193 3230//1193 3190//1193
f 3190//1192 3230//1192 3231//1192 3191//1192
f 3191//1191 3231//1191 3232//1191 3192//1191
f 3192//1190 3232//1190 3233//1190 3193//1190
f 3193//1189 3233//1189 3234//1189 3194//1189
f 3194//1188 3234//1188 3235//1188 3195//1188
f 3195//1187 3235//1187 3236//1187 3196//1187
f 3196//1186 3236//1186 3237//1186 3197//1186
f 3197//1185 3237//1185 3238//1185 3198//1185
f 3198//1184 3238//1184 3239//1184 3199//1184
f 3199//1183 3239//1183 3240//1183 3200//1183
f 3241//1222 3201//1222 3240//1222 3280//1222
f 3201//1221 3241//1221 3242//1221 3202//1221
f 3202//1220 3242//1220 3243//1220 3203//1220
f 3203//1219 3243//1219 3244//1219 3204//1219
f 3204//1218 3244//1218 3245//1218 3205//1218
f 3205//1217 3245//1217 3246//1217 3206//1217
f 3206//1216 3246//1216 3247//1216 3207//1216
f 3207//1215 3247//1215 3248//1215 3208//1215
f 3208//1214 3248//1214 3249//1214 3209//1214
f 3209//1213 3249//1213 3250//1213 3210//1213
f 3210//1212 3250//1212 3251//1212 3211//1212
f 3211//1211 3251//1211 3252//1211 3212//1211
f 3212//1210 3252//1210 3253//1210 3213//1210
f 3213//1209 3253//1209 3254//1209 3214//1209
f 3214//1208 3254//1208 3255//1208 3215//1208
f 3215//1207 3255//1207 3256//1207 3216//1207
f 3216//1206 3256//1206 3257//1206 3217//1206
f 3217//1205 3257//1205 3258//1205 3218//1205
f 3218//1204 3258//1204 3259//1204 3219//1204
f 3219//1203 3259//1203 3260//1203 3220//1203
f 3220//1202 3260//1202 3261//1202 3221//1202
f 3221//1201 3261//1201 3262//1201 3222//1201
f 3222//1240 3262//1240 3263//1240 3223//1240
f 3223//1239 3263//1239 3264//1239 3224//1239
f 3224//1238 3264//1238 3265//1238 3225//1238
f 3225//1237 3265//1237 3266//1237 3226//1237
f 3226//1236 3266//1236 3267//1236 3227//1236
f 3227//1235 3267//1235 3268//1235 3228//1235
f 3228//1234 3268//1234 3269//1234 3229//1234
f 3229//1233 3269//1233 3270//1233 3230//1233
f 3230//1232 3270//1232 3271//1232 3231//1232
f 3231//1231 3271//1231 3272//1231 3232//1231
f 3232//1230 3272//1230 3273//1230 3233//1230
f 3233//1229 3273//1229 3274//1229 3234//1229
f 3234//1228 3274//1228 3275//1228 3235//1228
f 3235//1227 3275//1227 3276//1227 3236//1227
f 3236//1226 3276//1226 3277//1226 3237//1226
f 3237//1225 3277//1225 3278//1225 3238//1225
f 3238//1224 3278//1224 3279//1224 3239//1224
f 3239//1223 3279//1223 3280//1223 3240//1223
f 3281//1262 3241//1262 3280//1262 3320//1262
f 3241//1261 3281//1261 3282//1261 3242//1261
f 3242//1260 3282//1260 3283//1260 3243//1260
f 3243//1259 3283//1259 3284//1259 3244//1259
f 3244//1258 3284//1258 3285//1258 3245//1258
f 3245//1257 3285//1257 3286//1257 3246//1257
f 3246//1256 3286//1256 3287//1256 3247//1256
f 3247//1255 3287//1255 3288//1255 3248//1255
f 3248//1254 3288//1254 3289//1254 3249//1254
f 3249//1253 3289//1253 3290//1253 3250//1253
f 3250//1252 3290//1252 3291//1252 3251//1252
f 3251//1251 3291//1251 3292//1251 3252//1251
f 3252//1250 3292//1250 3293//1250 3253//1250
f 3253//1249 3293//1249 3294//1249 3254//1249
f 3254//1248 3294//1248 3295//1248 3255//1248
f 3255//1247 3295//1247 3296//1247 3256//1247
f 3256//1246 3296//1246 3297//1246 3257//1246
f 3257//1245 3297//1245 3298//1245 3258//1245
f 3258//1244 3298//1244 3299//1244 3259//1244
f 3259//1243 3299//1243 3300//1243 3260//1243
f 3260//1242 3300//1242 3301//1242 3261//1242
f 3261//1241 3301//1241 3302//1241 3262//1241
f 3262//1280 3302//1280 3303//1280 3263//1280
f 3263//1279 3303//1279 3304//1279 3264//1279
f 3264//1278 3304//1278 3305//1278 3265//1278
f 3265//1277 3305//1277 3306//1277 3266//1277
f 3266//1276 3306//1276 3307//1276 3267//1276
f 3267//1275 3307//1275 3308//1275 3268//1275
f 3268//1274 3308//1274 3309//1274 3269//1274
f 3269//1273 3309//1273 3310//1273 3270//1273
f 3270//1272 3310//1272 3311//1272 3271//1272
f 3271//1271 3311//1271 3312//1271 3272//1271
f 3272//1270 3312//1270 3313//1270 3273//1270
f 3273//1269 3313//1269 3314//1269 3274//1269
f 3274//1268 3314//1268 3315//1268 3275//1268
f 3275//1267 3315//1267 3316//1267 3276//1267
f 3276//1266 3316//1266 3317//1266 3277//1266
f 3277//1265 3317//1265 3318//1265 3278//1265
f 3278//1264 3318//1264 3319//1264 3279//1264
f 3279//1263 3319//1263 3320//1263 3280//1263
f 3321//1302 3281//1302 3320//1302 3360//1302
f 3281//1301 3321//1301 3322//1301 3282//1301
f 3282//1300 3322//1300 3323//1300 3283//1300
f 3283//1299 3323//1299 3324//1299 3284//1299
f 3284//1298 3324//1298 3325//1298 3285//1298
f 3285//1297 3325//1297 3326//1297 3286//1297
f 3286//1296 3326//1296 3327//1296 3287//1296
f 3287//1295 3327//1295 3328//1295 3288//1295
f 3288//1294 3328//1294 3329//1294 3289//1294
f 3289//1293 3329//1293 3330//1293 3290//1293
f 3290//1292 3330//1292 3331//1292 3291//1292
f 3291//1291 3331//1291 3332//1291 3292//1291
f 3292//1290 3332//1290 3333//1290 3293//1290
f 3293//1289 3333//1289 3334//1289 3294//1289
f 3294//1288 3334//1288 3335//1288 3295//1288
f 3295//1287 3335//1287 3336//1287 3296//1287
f 3296//1286 3336//1286 3337//1286 3297//1286
f 3297//1285 3337//1285 3338//1285 3298//1285
f 3298//1284 3338//1284 3339//1284 3299//1284
f 3299//1283 3339//1283 3340//1283 3300//1283
f 3300//1282 3340//1282 3341//1282 3301//1282
f 3301//1281 3341//1281 3342//1281 3302//1281
f 3302//1320 3342//1320 3343//1320 3303//1320
f 3303//1319 3343//1319 3344//1319 3304//1319
f 3304//1318 3344//1318 3345//1318 3305//1318
f 3305//1317 3345//1317 3346//1317 3306//1317
f 3306//1316 3346//1316 3347//1316 3307//1316
f 3307//1315 3347//1315 3348//1315 3308//1315
f 3308//1314 3348//1314 3349//1314 3309//1314
f 3309//1313 3349//1313 3350//1313 3310//1313
f 3310//1312 3350//1312 3351//1312 3311//1312
f 3311//1311 3351//1311 3352//1311 3312//1311
f 3312//1310 3352//1310 3353//1310 3313//1310
f 3313//1309 3353//1309 3354//1309 3314//1309
f 3314//1308 3354//1308 3355//1308 3315//1308
f 3315//1307 3355//1307 3356//1307 3316//1307
f 3316//1306 3356//1306 3357//1306 3317//1306
f 3317//1305 3357//1305 3358//1305 3318//1305
f 3318//1304 3358//1304 3359//1304 3319//1304
f 3319//1303 3359//1303 3360//1303 3320//1303
f 3361//1342 3321//1342 3360//1342 3400//1342
f 3321//1341 3361//1341 3362//1341 3322//1341
f 3322//1340 3362//1340 3363//1340 3323//1340
f 3323//1339 3363//1339 3364//1339 3324//1339
f 3324//1338 3364//1338 3365//1338 3325//1338
f 3325//1337 3365//1337 3366//1337 3326//1337
f 3326//1336 3366//1336 3367//1336 3327//1336
f 3327//1335 3367//1335 3368//1335 3328//1335
f 3328//1334 3368//1334 3369//1334 3329//1334
f 3329//1333 3369//1333 3370//1333 3330//1333
f 3330//1332 3370//1332 3371//1332 3331//1332
f 3331//1331 3371//1331 3372//1331 3332//1331
f 3332//1330 3372//1330 3373//1330 3333//1330
f 3333//1329 3373//1329 3374//1329 3334//1329
f 3334//1328 3374//1328 3375//1328 3335//1328
f 3335//1327 3375//1327 3376//1327 3336//1327
f 3336//1326 3376//1326 3377//1326 3337//1326
f 3337//1325 3377//1325 3378//1325 3338//1325
f 3338//1324 3378//1324 3379//1324 3339//1324
f 3339//1323 3379//1323 3380//1323 3340//1323
f 3340//1322 3380//1322 3381//1322 3341//1322
f 3341//1321 3381//1321 3382//1321 3342//1321
f 3342//1360 3382//1360 3383//1360 3343//1360
f 3343//1359 3383//1359 3384//1359 3344//1359
f 3344//1358 3384//1358 3385//1358 3345//1358
f 3345//1357 3385//1357 3386//1357 3346//1357
f 3346//1356 3386//1356 3387//1356 3347//1356
f 3347//1355 3387//1355 3388//1355 3348//1355
f 3348//1354 3388//1354 3389//1354 3349//1354
f 3349//1353 3389//1353 3390//1353 3350//1353
f 3350//1352 3390//1352 3391//1352 3351//1352
f 3351//1351 3391//1351 3392//1351 3352//1351
f 3352//1350 3392//1350 3393//1350 3353//1350
f 3353//1349 3393//1349 3394//1349 3354//1349
f 3354//1348 3394//1348 3395//1348 3355//1348
f 3355//1347 3395//1347 3396//1347 3356//1347
f 3356//1346 3396//1346 3397//1346 3357//1346
f 3357//1345 3397//1345 3398//1345 3358//1345
f 3358//1344 3398//1344 3399//1344 3359//1344
f 3359//1343 3399//1343 3400//1343 3360//1343
f 3401//1382 3361//1382 3400//1382 3440//1382
f 3361//1381 3401//1381 3402//1381 3362//1381
f 3362//1380 3402//1380 3403//1380 3363//1380
f 3363//1379 3403//1379 3404//1379 3364//1379
f 3364//1378 3404//1378 3405//1378 3365//1378
f 3365//1377 3405//1377 3406//1377 3366//1377
f 3366//1376 3406//1376 3407//1376 3367//1376
f 3367//1375 3407//1375 3408//1375 3368//1375
f 3368//1374 3408//1374 3409//1374 3369//1374
f 3369//1373 3409//1373 3410//1373 3370//1373
f 3370//1372 3410//1372 3411//1372 3371//1372
f 3371//1371 3411//1371 3412//1371 3372//1371
f 3372//1370 3412//1370 3413//1370 3373//1370
f 3373//1369 3413//1369 3414//1369 3374//1369
f 3374//1368 3414//1368 3415//1368 3375//1368
f 3375//1367 3415//1367 3416//1367 3376//1367
f 3376//1366 3416//1366 3417//1366 3377//1366
f 3377//1365 3417//1365 3418//1365 3378//1365
f 3378//1364 3418//1364 3419//1364 3379//1364
f 3379//1363 3419//1363 3420//1363 3380//1363
f 3380//1362 3420//1362 3421//1362 3381//1362
f 3381//1361 3421//1361 3422//1361 3382//1361
f 3382//1400 3422//1400 3423//1400 3383//1400
f 3383//1399 3423//1399 3424//1399 3384//1399
f 3384//1398 3424//1398 3425//1398 3385//1398
f 3385//1397 3425//1397 3426//1397 3386//1397
f 3386//1396 3426//1396 3427//1396 3387//1396
f 3387//1395 3427//1395 3428//1395 3388//1395
f 3388//1394 3428//1394 3429//1394 3389//1394
f 3389//1393 3429//1393 3430//1393 3390//1393
f 3390//1392 3430//1392 3431//1392 3391//1392
f 3391//1391 3431//1391 3432//1391 3392//1391
f 3392//1390 3432//1390 3433//1390 3393//1390
f 3393//1389 3433//1389 3434//1389 3394//1389
f 3394//1388 3434//1388 3435//1388 3395//1388
f 3395//1387 3435//1387 3436//1387 3396//1387
f 3396//1386 3436//1386 3437//1386 3397//1386
f 3397//1385 3437//1385 3438//1385 3398//1385
f 3398//1384 3438//1384 3439//1384 3399//1384
f 3399//1383 3439//1383 3440//1383 3400//1383
f 3441//1422 3401//1422 3440//1422 3480//1422
f 3401//1421 3441//1421 3442//1421 3402//1421
f 3402//1420 3442//1420 3443//1420 3403//1420
f 3403//1419 3443//1419 3444//1419 3404//1419
f 3404//1418 3444//1418 3445//1418 3405//1418
f 3405//1417 3445//1417 3446//1417 3406//1417
f 3406//1416 3446//1416 3447//1416 3407//1416
f 3407//1415 3447//1415 3448//1415 3408//1415
f 3408//1414 3448//1414 3449//1414 3409//1414
f 3409//1413 3449//1413 3450//1413 3410//1413
f 3410//1412 3450//1412 3451//1412 3411//1412
f 3411//1411 3451//1411 3452//1411 3412//1411
f 3412//1410 3452//1410 3453//1410 3413//1410
f 3413//1409 3453//1409 3454//1409 3414//1409
f 3414//1408 3454//1408 3455//1408 3415//1408
f 3415//1407 3455//1407 3456//1407 3416//1407
f 3416//1406 3456//1406 3457//1406 3417//1406
f 3417//1405 3457//1405 3458//1405 3418//1405
f 3418//1404 3458//1404 3459//1404 3419//1404
f 3419//1403 3459//1403 3460//1403 3420//1403
f 3420//1402 3460//1402 3461//1402 3421//1402
f 3421//1401 3461//1401 3462//1401 3422//1401
f 3422//1440 3462//1440 3463//1440 3423//1440
f 3423//1439 3463//1439 3464//1439 3424//1439
f 3424//1438 3464//1438 3465//1438 3425//1438
f 3425//1437 3465//1437 3466//1437 3426//1437
f 3426//1436 3466//1436 3467//1436 3427//1436
f 3427//1435 3467//1435 3468//1435 3428//1435
f 3428//1434 3468//1434 3469//1434 3429//1434
f 3429//1433 3469//1433 3470//1433 3430//1433
f 3430//1432 3470//1432 3471//1432 3431//1432
f 3431//1431 3471//1431 3472//1431 3432//1431
f 3432//1430 3472//1430 3473//1430 3433//1430
f 3433//1429 3473//1429 3474//1429 3434//1429
f 3434//1428 3474//1428 3475//1428 3435//1428
f 3435//1427 3475//1427 3476//1427 3436//1427
f 3436//1426 3476//1426 3477//1426 3437//1426
f 3437//1425 3477//1425 3478//1425 3438//1425
f 3438//1424 3478//1424 3479//1424 3439//1424
f 3439//1423 3479//1423 3480//1423 3440//1423
f 3481//1462 3441//1462 3480//1462 3520//1462
f 3441//1461 3481//1461 3482//1461 3442//1461
f 3442//1460 3482//1460 3483//1460 3443//1460
f 3443//1459 3483//1459 3484//1459 3444//1459
f 3444//1458 3484//1458 3485//1458 3445//1458
f 3445//1457 3485//1457 3486//1457 3446//1457
f 3446//1456 3486//1456 3487//1456 3447//1456
f 3447//1455 3487//1455 3488//1455 3448//1455
f 3448//1454 3488//1454 3489//1454 3449//1454
f 3449//1453 3489//1453 3490//1453 3450//1453
f 3450//1452 3490//1452 3491//1452 3451//1452
f 3451//1451 3491//1451 3492//1451 3452//1451
f 3452//1450 3492//1450 3493//1450 3453//1450
f 3453//1449 3493//1449 3494//1449 3454//1449
f 3454//1448 3494//1448 3495//1448 3455//1448
f 3455//1447 3495//1447 3496//1447 3456//1447
f 3456//1446 3496//1446 3497//1446 3457//1446
f 3457//1445 3497//1445 3498//1445 3458//1445
f 3458//1444 3498//1444 3499//1444 3459//1444
f 3459//1443 3499//1443 3500//1443 3460//1443
f 3460//1442 3500//1442 3501//1442 3461//1442
f 3461//1441 3501//1441 3502//1441 3462//1441
f 3462//1480 3502//1480 3503//1480 3463//1480
f 3463//1479 3503//1479 3504//1479 3464//1479
f 3464//1478 3504//1478 3505//1478 3465//1478
f 3465//1477 3505//1477 3506//1477 3466//1477
f 3466//1476 3506//1476 3507//1476 3467//1476
f 3467//1475 3507//1475 3508//1475 3468//1475
f 3468//1474 3508//1474 3509//1474 3469//1474
f 3469//1473 3509//1473 3510//1473 3470//1473
f 3470//1472 3510//1472 3511//1472 3471//1472
f 3471//1471 3511//1471 3512//1471 3472//1471
f 3472//1470 3512//1470 3513//1470 3473//1470
f 3473//1469 3513//1469 3514//1469 3474//1469
f 3474//1468 3514//1468 3515//1468 3475//1468
f 3475//1467 3515//1467 3516//1467 3476//1467
f 3476//1466 3516//1466 3517//1466 3477//1466
f 3477//1465 3517//1465 3518//1465 3478//1465
f 3478//1464 3518//1464 3519//1464 3479//1464
f 3479//1463 3519//1463 3520//1463 3480//1463
f 3521//1502 3481//1502 3520//1502 3560//1502
f 3481//1501 3521//1501 3522//1501 3482//1501
f 3482//1500 3522//1500 3523//1500 3483//1500
f 3483//1499 3523//1499 3524//1499 3484//1499
f 3484//1498 3524//1498 3525//1498 3485//1498
f 3485//1497 3525//1497 3526//1497 3486//1497
f 3486//2007 3526//2007 3527//2007 3487//2007
f 3487//1495 3527//1495 3528//1495 3488//1495
f 3488//1494 3528//1494 3529//1494 3489//1494
f 3489//1493 3529//1493 3530//1493 3490//1493
f 3490//1492 3530//1492 3531//1492 3491//1492
f 3491//1491 3531//1491 3532//1491 3492//1491
f 3492//1490 3532//1490 3533//1490 3493//1490
f 3493//1489 3533//1489 3534//1489 3494//1489
f 3494//1488 3534//1488 3535//1488 3495//1488
f 3495//2008 3535//2008 3536//2008 3496//2008
f 3496//1486 3536//1486 3537//1486 3497//1486
f 3497//1485 3537//1485 3538//1485 3498//1485
f 3498//1484 3538//1484 3539//1484 3499//1484
f 3499//1483 3539//1483 3540//1483 3500//1483
f 3500//1482 3540//1482 3541//1482 3501//1482
f 3501//1481 3541//1481 3542//1481 3502//1481
f 3502//1520 3542//1520 3543//1520 3503//1520
f 3503//1519 3543//1519 3544//1519 3504//1519
f 3504//1518 3544//1518 3545//1518 3505//1518
f 3505//1517 3545//1517 3546//1517 3506//1517
f 3506//2009 3546//2009 3547//2009 3507//2009
f 3507//1515 3547//1515 3548//1515 3508//1515
f 3508//1514 3548//1514 3549//1514 3509//1514
f 3509//1513 3549//1513 3550//1513 3510//1513
f 3510//1512 3550//1512 3551//1512 3511//1512
f 3511//1511 3551//1511 3552//1511 3512//1511
f 3512//1510 3552//1510 3553//1510 3513//1510
f 3513//1509 3553//1509 3554//1509 3514//1509
f 3514//1508 3554//1508 3555//1508 3515//1508
f 3515//2010 3555//2010 3556//2010 3516//2010
f 3516//1506 3556//1506 3557//1506 3517//1506
f 3517//1505 3557//1505 3558//1505 3518//1505
f 3518//1504 3558//1504 3559//1504 3519//1504
f 3519//1503 3559//1503 3560//1503 3520//1503
f 3561//1542 3521//1542 3560//1542 3600//1542
f 3521//1541 3561//1541 3562//1541 3522//1541
f 3522//1540 3562//1540 3563//1540 3523//1540
f 3523//1539 3563//1539 3564//1539 3524//1539
f 3524//1538 3564//1538 3565//1538 3525//1538
f 3525//1537 3565//1537 3566//1537 3526//1537
f 3526//1536 3566//1536 3567//1536 3527//1536
f 3527//1535 3567//1535 3568//1535 3528//1535
f 3528//1534 3568//1534 3569//1534 3529//1534
f 3529//1533 3569//1533 3570//1533 3530//1533
f 3530//1532 3570//1532 3571//1532 3531//1532
f 3531//1531 3571//1531 3572//1531 3532//1531
f 3532//1530 3572//1530 3573//1530 3533//1530
f 3533//1529 3573//1529 3574//1529 3534//1529
f 3534//1528 3574//1528 3575//1528 3535//1528
f 3535//1527 3575//1527 3576//1527 3536//1527
f 3536//1526 3576//1526 3577//1526 3537//1526
f 3537//1525 3577//1525 3578//1525 3538//1525
f 3538//1524 3578//1524 3579//1524 3539//1524
f 3539//1523 3579//1523 3580//1523 3540//1523
f 3540//1522 3580//1522 3581//1522 3541//1522
f 3541//1521 3581//1521 3582//1521 3542//1521
f 3542//1560 3582//1560 3583//1560 3543//1560
f 3543//1559 3583//1559 3584//1559 3544//1559
f 3544//1558 3584//1558 3585//1558 3545//1558
f 3545//1557 3585//1557 3586//1557 3546//1557
f 3546//1556 3586//1556 3587//1556 3547//1556
f 3547//1555 3587//1555 3588//1555 3548//1555
f 3548//1554 3588//1554 3589//1554 3549//1554
f 3549//1553 3589//1553 3590//1553 3550//1553
f 3550//1552 3590//1552 3591//1552 3551//1552
f 3551//1551 3591//1551 3592//1551 3552//1551
f 3552//1550 3592//1550 3593//1550 3553//1550
f 3553//1549 3593//1549 3594//1549 3554//1549
f 3554//1548 3594//1548 3595//1548 3555//1548
f 3555//1547 3595//1547 3596//1547 3556//1547
f 3556//1546 3596//1546 3597//1546 3557//1546
f 3557//1545 3597//1545 3598//1545 3558//1545
f 3558//1544 3598//1544 3599//1544 3559//1544
f 3559//1543 3599//1543 3600//1543 3560//1543
f 3601//1582 3561//1582 3600//1582 3640//1582
f 3561//1581 3601//1581 3602//1581 3562//1581
f 3562//1580 3602//1580 3603//1580 3563//1580
f 3563//1579 3603//1579 3604//1579 3564//1579
f 3564//1578 3604//1578 3605//1578 3565//1578
f 3565//1577 3605//1577 3606//1577 3566//1577
f 3566//1576 3606//1576 3607//1576 3567//1576
f 3567//1575 3607//1575 3608//1575 3568//1575
f 3568//1574 3608//1574 3609//1574 3569//1574
f 3569//1573 3609//1573 3610//1573 3570//1573
f 3570//1572 3610//1572 3611//1572 3571//1572
f 3571//1571 3611//1571 3612//1571 3572//1571
f 3572//1570 3612//1570 3613//1570 3573//1570
f 3573//1569 3613//1569 3614//1569 3574//1569
f 3574//1568 3614//1568 3615//1568 3575//1568
f 3575//1567 3615//1567 3616//1567 3576//1567
f 3576//1566 3616//1566 3617//1566 3577//1566
f 3577//1565 3617//1565 3618//1565 3578//1565
f 3578//1564 3618//1564 3619//1564 3579//1564
f 3579//1563 3619//1563 3620//1563 3580//1563
f 3580//1562 3620//1562 3621//1562 3581//1562
f 3581//1561 3621//1561 3622//1561 3582//1561
f 3582//1600 3622//1600 3623//1600 3583//1600
f 3583//1599 3623//1599 3624//1599 3584//1599
f 3584//1598 3624//1598 3625//1598 3585//1598
f 3585//1597 3625//1597 3626//1597 3586//1597
f 3586//1596 3626//1596 3627//1596 3587//1596
f 3587//1595 3627//1595 3628//1595 3588//1595
f 3588//1594 3628//1594 3629//1594 3589//1594
f 3589//1593 3629//1593 3630//1593 3590//1593
f 3590//1592 3630//1592 3631//1592 3591//1592
f 3591//1591 3631//1591 3632//1591 3592//1591
f 3592//1590 3632//1590 3633//1590 3593//1590
f 3593//1589 3633//1589 3634//1589 3594//1589
f 3594//1588 3634//1588 3635//1588 3595//1588
f 3595//1587 3635//1587 3636//1587 3596//1587
f 3596//1586 3636//1586 3637//1586 3597//1586
f 3597//1585 3637//1585 3638//1585 3598//1585
f 3598//1584 3638//1584 3639//1584 3599//1584
f 3599//1583 3639//1583 3640//1583 3600//1583
f 3641//1622 3601//1622 3640//1622 3680//1622
f 3601//1621 3641//1621 3642//1621 3602//1621
f 3602//1620 3642//1620 3643//1620 3603//1620
f 3603//1619 3643//1619 3644//1619 3604//1619
f 3604//1618 3644//1618 3645//1618 3605//1618
f 3605//1617 3645//1617 3646//1617 3606//1617
f 3606//1616 3646//1616 3647//1616 3607//1616
f 3607//1615 3647//1615 3648//1615 3608//1615
f 3608//1614 3648//1614 3649//1614 3609//1614
f 3609//1613 3649//1613 3650//1613 3610//1613
f 3610//1612 3650//1612 3651//1612 3611//1612
f 3611//1611 3651//1611 3652//1611 3612//1611
f 3612//1610 3652//1610 3653//1610 3613//1610
f 3613//1609 3653//1609 3654//1609 3614//1609
f 3614//1608 3654//1608 3655//1608 3615//1608
f 3615//1607 3655//1607 3656//1607 3616//1607
f 3616//1606 3656//1606 3657//1606 3617//1606
f 3617//1605 3657//1605 3658//1605 3618//1605
f 3618//1604 3658//1604 3659//1604 3619//1604
f 3619//1603 3659//1603 3660//1603 3620//1603
f 3620//1602 3660//1602 3661//1602 3621//1602
f 3621//1601 3661//1601 3662//1601 3622//1601
f 3622//1640 3662//1640 3663//1640 3623//1640
f 3623//1639 3663//1639 3664//1639 3624//1639
f 3624//1638 3664//1638 3665//1638 3625//1638
f 3625//1637 3665//1637 3666//1637 3626//1637
f 3626//1636 3666//1636 3667//1636 3627//1636
f 3627//1635 3667//1635 3668//1635 3628//1635
f 3628//1634 3668//1634 3669//1634 3629//1634
f 3629//1633 3669//1633 3670//1633 3630//1633
f 3630//1632 3670//1632 3671//1632 3631//1632
f 3631//1631 3671//1631 3672//1631 3632//1631
f 3632//1630 3672//1630 3673//1630 3633//1630
f 3633//1629 3673//1629 3674//1629 3634//1629
f 3634//1628 3674//1628 3675//1628 3635//1628
f 3635//1627 3675//1627 3676//1627 3636//1627
f 3636//1626 3676//1626 3677//1626 3637//1626
f 3637//1625 3677//1625 3678//1625 3638//1625
f 3638//1624 3678//1624 3679//1624 3639//1624
f 3639//1623 3679//1623 3680//1623 3640//1623
f 3681//1662 3641//1662 3680//1662 3720//1662
f 3641//1661 3681//1661 3682//1661 3642//1661
f 3642//1660 3682//1660 3683//1660 3643//1660
f 3643//1659 3683//1659 3684//1659 3644//1659
f 3644//1658 3684//1658 3685//1658 3645//1658
f 3645//1657 3685//1657 3686//1657 3646//1657
f 3646//1656 3686//1656 3687//1656 3647//1656
f 3647//1655 3687//1655 3688//1655 3648//1655
f 3648//1654 3688//1654 3689//1654 3649//1654
f 3649//1653 3689//1653 3690//1653 3650//1653
f 3650//1652 3690//1652 3691//1652 3651//1652
f 3651//1651 3691//1651 3692//1651 3652//1651
f 3652//1650 3692//1650 3693//1650 3653//1650
f 3653//1649 3693//1649 3694//1649 3654//1649
f 3654//1648 3694//1648 3695//1648 3655//1648
f 3655//1647 3695//1647 3696//1647 3656//1647
f 3656//1646 3696//1646 3697//1646 3657//1646
f 3657//1645 3697//1645 3698//1645 3658//1645
f 3658//1644 3698//1644 3699//1644 3659//1644
f 3659//1643 3699//1643 3700//1643 3660//1643
f 3660//1642 3700//1642 3701//1642 3661//1642
f 3661//1641 3701//1641 3702//1641 3662//1641
f 3662//1680 3702//1680 3703//1680 3663//1680
f 3663//1679 3703//1679 3704//1679 3664//1679
f 3664//1678 3704//1678 3705//1678 3665//1678
f 3665//1677 3705//1677 3706//1677 3666//1677
f 3666//1676 3706//1676 3707//1676 3667//1676
f 3667//1675 3707//1675 3708//1675 3668//1675
f 3668//1674 3708//1674 3709//1674 3669//1674
f 3669//1673 3709//1673 3710//1673 3670//1673
f 3670//1672 3710//1672 3711//1672 3671//1672
f 3671//1671 3711//1671 3712//1671 3672//1671
f 3672//1670 3712//1670 3713//1670 3673//1670
f 3673//1669 3713//1669 3714//1669 3674//1669
f 3674//1668 3714//1668 3715//1668 3675//1668
f 3675//1667 3715//1667 3716//1667 3676//1667
f 3676//1666 3716//1666 3717//1666 3677//1666
f 3677//1665 3717//1665 3718//1665 3678//1665
f 3678//1664 3718//1664 3719//1664 3679//1664
f 3679//1663 3719//1663 3720//1663 3680//1663
f 3721//1702 3681//1702 3720//1702 3760//1702
f 3681//1701 3721//1701 3722//1701 3682//1701
f 3682//1700 3722//1700 3723//1700 3683//1700
f 3683//1699 3723//1699 3724//1699 3684//1699
f 3684//1698 3724//1698 3725//1698 3685//1698
f 3685//1697 3725//1697 3726//1697 3686//1697
f 3686//1696 3726//1696 3727//1696 3687//1696
f 3687//1695 3727//1695 3728//1695 3688//1695
f 3688//1694 3728//1694 3729//1694 3689//1694
f 3689//1693 3729//1693 3730//1693 3690//1693
f 3690//1692 3730//1692 3731//1692 3691//1692
f 3691//1691 3731//1691 3732//1691 3692//1691
f 3692//1690 3732//1690 3733//1690 3693//1690
f 3693//1689 3733//1689 3734//1689 3694//1689
f 3694//1688 3734//1688 3735//1688 3695//1688
f 3695//1687 3735//1687 3736//1687 3696//1687
f 3696//1686 3736//1686 3737//1686 3697//1686
f 3697//1685 3737//1685 3738//1685 3698//1685
f 3698//1684 3738//1684 3739//1684 3699//1684
f 3699//1683 3739//1683 3740//1683 3700//1683
f 3700//1682 3740//1682 3741//1682 3701//1682
f 3701//1681 3741//1681 3742//1681 3702//1681
f 3702//1720 3742//1720 3743//1720 3703//1720
f 3703//1719 3743//1719 3744//1719 3704//1719
f 3704//1718 3744//1718 3745//1718 3705//1718
f 3705//1717 3745//1717 3746//1717 3706//1717
f 3706//1716 3746//1716 3747//1716 3707//1716
f 3707//1715 3747//1715 3748//1715 3708//1715
f 3708//1714 3748//1714 3749//1714 3709//1714
f 3709//1713 3749//1713 3750//1713 3710//1713
f 3710//1712 3750//1712 3751//1712 3711//1712
f 3711//1711 3751//1711 3752//1711 3712//1711
f 3712//1710 3752//1710 3753//1710 3713//1710
f 3713//1709 3753//1709 3754//1709 3714//1709
f 3714//1708 3754//1708 3755//1708 3715//1708
f 3715//1707 3755//1707 3756//1707 3716//1707
f 3716//1706 3756//1706 3757//1706 3717//1706
f 3717//1705 3757//1705 3758//1705 3718//1705
f 3718//1704 3758//1704 3759//1704 3719//1704
f 3719//1703 3759//1703 3760//1703 3720//1703
f 3761//1742 3721//1742 3760//1742 3800//1742
f 3721//1741 3761//1741 3762//1741 3722//1741
f 3722//1740 3762//1740 3763//1740 3723//1740
f 3723//1739 3763//1739 3764//1739 3724//1739
f 3724//1738 3764//1738 3765//1738 3725//1738
f 3725//1737 3765//1737 3766//1737 3726//1737
f 3726//1736 3766//1736 3767//1736 3727//1736
f 3727//1735 3767//1735 3768//1735 3728//1735
f 3728//1734 3768//1734 3769//1734 3729//1734
f 3729//1733 3769//1733 3770//1733 3730//1733
f 3730//1732 3770//1732 3771//1732 3731//1732
f 3731//1731 3771//1731 3772//1731 3732//1731
f 3732//1730 3772//1730 3773//1730 3733//1730
f 3733//1729 3773//1729 3774//1729 3734//1729
f 3734//1728 3774//1728 3775//1728 3735//1728
f 3735//1727 3775//1727 3776//1727 3736//1727
f 3736//1726 3776//1726 3777//1726 3737//1726
f 3737//1725 3777//1725 3778//1725 3738//1725
f 3738//1724 3778//1724 3779//1724 3739//1724
f 3739//1723 3779//1723 3780//1723 3740//1723
f 3740//1722 3780//1722 3781//1722 3741//1722
f 3741//1721 3781//1721 3782//1721 3742//1721
f 3742//1760 3782//1760 3783//1760 3743//1760
f 3743//1759 3783//1759 3784//1759 3744//1759
f 3744//1758 3784//1758 3785//1758 3745//1758
f 3745//1757 3785//1757 3786//1757 3746//1757
f 3746//1756 3786//1756 3787//1756 3747//1756
f 3747//1755 3787//1755 3788//1755 3748//1755
f 3748//1754 3788//1754 3789//1754 3749//1754
f 3749//1753 3789//1753 3790//1753 3750//1753
f 3750//1752 3790//1752 3791//1752 3751//1752
f 3751//1751 3791//1751 3792//1751 3752//1751
f 3752//1750 3792//1750 3793//1750 3753//1750
f 3753//1749 3793//1749 3794//1749 3754//1749
f 3754//1748 3794//1748 3795//1748 3755//1748
f 3755//1747 3795//1747 3796//1747 3756//1747
f 3756//1746 3796//1746 3797//1746 3757//1746
f 3757//1745 3797//1745 3798//1745 3758//1745
f 3758//1744 3798//1744 3799//1744 3759//1744
f 3759//1743 3799//1743 3800//1743 3760//1743
f 3801//1782 3761//1782 3800//1782 3840//1782
f 3761//1781 3801//1781 3802//1781 3762//1781
f 3762//1780 3802//1780 3803//1780 3763//1780
f 3763//1779 3803//1779 3804//1779 3764//1779
f 3764//1778 3804//1778 3805//1778 3765//1778
f 3765//1777 3805//1777 3806//1777 3766//1777
f 3766//1776 3806//1776 3807//1776 3767//1776
f 3767//1775 3807//1775 3808//1775 3768//1775
f 3768//1774 3808//1774 3809//1774 3769//1774
f 3769//1773 3809//1773 3810//1773 3770//1773
f 3770//1772 3810//1772 3811//1772 3771//1772
f 3771//1771 3811//1771 3812//1771 3772//1771
f 3772//1770 3812//1770 3813//1770 3773//1770
f 3773//1769 3813//1769 3814//1769 3774//1769
f 3774//1768 3814//1768 3815//1768 3775//1768
f 3775//1767 3815//1767 3816//1767 3776//1767
f 3776//1766 3816//1766 3817//1766 3777//1766
f 3777//1765 3817//1765 3818//1765 3778//1765
f 3778//1764 3818//1764 3819//1764 3779//1764
f 3779//1763 3819//1763 3820//1763 3780//1763
f 3780//1762 3820//1762 3821//1762 3781//1762
f 3781//1761 3821//1761 3822//1761 3782//1761
f 3782//1800 3822//1800 3823//1800 3783//1800
f 3783//1799 3823//1799 3824//1799 3784//1799
f 3784//1798 3824//1798 3825//1798 3785//1798
f 3785//1797 3825//1797 3826//1797 3786//1797
f 3786//1796 3826//1796 3827//1796 3787//1796
f 3787//1795 3827//1795 3828//1795 3788//1795
f 3788//1794 3828//1794 3829//1794 3789//1794
f 3789//1793 3829//1793 3830//1793 3790//1793
f 3790//1792 3830//1792 3831//1792 3791//1792
f 3791//1791 3831//1791 3832//1791 3792//1791
f 3792//1790 3832//1790 3833//1790 3793//1790
f 3793//1789 3833//1789 3834//1789 3794//1789
f 3794//1788 3834//1788 3835//1788 3795//1788
f 3795//1787 3835//1787 3836//1787 3796//1787
f 3796//1786 3836//1786 3837//1786 3797//1786
f 3797//1785 3837//1785 3838//1785 3798//1785
f 3798//1784 3838//1784 3839//1784 3799//1784
f 3799//1783 3839//1783 3840//1783 3800//1783
f 3841//1822 3801//1822 3840//1822 3880//1822
f 3801//1821 3841//1821 3842//1821 3802//1821
f 3802//1820 3842//1820 3843//1820 3803//1820
f 3803//1819 3843//1819 3844//1819 3804//1819
f 3804//1818 3844//1818 3845//1818 3805//1818
f 3805//1817 3845//1817 3846//1817 3806//1817
f 3806//1816 3846//1816 3847//1816 3807//1816
f 3807//1815 3847//1815 3848//1815 3808//1815
f 3808//1814 3848//1814 3849//1814 3809//1814
f 3809//1813 3849//1813 3850//1813 3810//1813
f 3810//1812 3850//1812 3851//1812 3811//1812
f 3811//1811 3851//1811 3852//1811 3812//1811
f 3812//1810 3852//1810 3853//1810 3813//1810
f 3813//1809 3853//1809 3854//1809 3814//1809
f 3814//1808 3854//1808 3855//1808 3815//1808
f 3815//1807 3855//1807 3856//1807 3816//1807
f 3816//1806 3856//1806 3857//1806 3817//1806
f 3817//1805 3857//1805 3858//1805 3818//1805
f 3818//1804 3858//1804 3859//1804 3819//1804
f 3819//1803 3859//1803 3860//1803 3820//1803
f 3820//1802 3860//1802 3861//1802 3821//1802
f 3821//1801 3861//1801 3862//1801 3822//1801
f 3822//1840 3862//1840 3863//1840 3823//1840
f 3823//1839 3863//1839 3864//1839 3824//1839
f 3824//1838 3864//1838 3865//1838 3825//1838
f 3825//1837 3865//1837 3866//1837 3826//1837
f 3826//1836 3866//1836 3867//1836 3827//1836
f 3827//1835 3867//1835 3868//1835 3828//1835
f 3828//1834 3868//1834 3869//1834 3829//1834
f 3829//1833 3869//1833 3870//1833 3830//1833
f 3830//1832 3870//1832 3871//1832 3831//1832
f 3831//1831 3871//1831 3872//1831 3832//1831
f 3832//1830 3872//1830 3873//1830 3833//1830
f 3833//1829 3873//1829 3874//1829 3834//1829
f 3834//1828 3874//1828 3875//1828 3835//1828
f 3835//1827 3875//1827 3876//1827 3836//1827
f 3836//1826 3876//1826 3877//1826 3837//1826
f 3837//1825 3877//1825 3878//1825 3838//1825
f 3838//1824 3878//1824 3879//1824 3839//1824
f 3839//1823 3879//1823 3880//1823 3840//1823
f 3881//1862 3841//1862 3880//1862 3920//1862
f 3841//1861 3881//1861 3882//1861 3842//1861
f 3842//1860 3882//1860 3883//1860 3843//1860
f 3843//1859 3883//1859 3884//1859 3844//1859
f 3844//1858 3884//1858 3885//1858 3845//1858
f 3845//1857 3885//1857 3886//1857 3846//1857
f 3846//1856 3886//1856 3887//1856 3847//1856
f 3847//1855 3887//1855 3888//1855 3848//1855
f 3848//1854 3888//1854 3889//1854 3849//1854
f 3849//1853 3889//1853 3890//1853 3850//1853
f 3850//1852 3890//1852 3891//1852 3851//1852
f 3851//1851 3891//1851 3892//1851 3852//1851
f 3852//1850 3892//1850 3893//1850 3853//1850
f 3853//1849 3893//1849 3894//1849 3854//1849
f 3854//1848 3894//1848 3895//1848 3855//1848
f 3855//1847 3895//1847 3896//1847 3856//1847
f 3856//1846 3896//1846 3897//1846 3857//1846
f 3857//1845 3897//1845 3898//1845 3858//1845
f 3858//1844 3898//1844 3899//1844 3859//1844
f 3859//1843 3899//1843 3900//1843 3860//1843
f 3860//1842 3900//1842 3901//1842 3861//1842
f 3861//1841 3901//1841 3902//1841 3862//1841
f 3862//1880 3902//1880 3903//1880 3863//1880
f 3863//1879 3903//1879 3904//1879 3864//1879
f 3864//1878 3904//1878 3905//1878 3865//1878
f 3865//1877 3905//1877 3906//1877 3866//1877
f 3866//1876 3906//1876 3907//1876 3867//1876
f 3867//1875 3907//1875 3908//1875 3868//1875
f 3868//1874 3908//1874 3909//1874 3869//1874
f 3869//1873 3909//1873 3910//1873 3870//1873
f 3870//1872 3910//1872 3911//1872 3871//1872
f 3871//1871 3911//1871 3912//1871 3872//1871
f 3872//1870 3912//1870 3913//1870 3873//1870
f 3873//1869 3913//1869 3914//1869 3874//1869
f 3874//1868 3914//1868 3915//1868 3875//1868
f 3875//1867 3915//1867 3916//1867 3876//1867
f 3876//1866 3916//1866 3917//1866 3877//1866
f 3877//1865 3917//1865 3918//1865 3878//1865
f 3878//1864 3918//1864 3919//1864 3879//1864
f 3879//1863 3919//1863 3920//1863 3880//1863
f 3921//1902 3881//1902 3920//1902 3960//1902
f 3881//1901 3921//1901 3922//1901 3882//1901
f 3882//1900 3922//1900 3923//1900 3883//1900
f 3883//1899 3923//1899 3924//1899 3884//1899
f 3884//1898 3924//1898 3925//1898 3885//1898
f 3885//1897 3925//1897 3926//1897 3886//1897
f 3886//1896 3926//1896 3927//1896 3887//1896
f 3887//1895 3927//1895 3928//1895 3888//1895
f 3888//1894 3928//1894 3929//1894 3889//1894
f 3889//1893 3929//1893 3930//1893 3890//1893
f 3890//1892 3930//1892 3931//1892 3891//1892
f 3891//1891 3931//1891 3932//1891 3892//1891
f 3892//1890 3932//1890 3933//1890 3893//1890
f 3893//1889 3933//1889 3934//1889 3894//1889
f 3894//1888 3934//1888 3935//1888 3895//1888
f 3895//1887 3935//1887 3936//1887 3896//1887
f 3896//1886 3936//1886 3937//1886 3897//1886
f 3897//1885 3937//1885 3938//1885 3898//1885
f 3898//1884 3938//1884 3939//1884 3899//1884
f 3899//1883 3939//1883 3940//1883 3900//1883
f 3900//1882 3940//1882 3941//1882 3901//1882
f 3901//1881 3941//1881 3942//1881 3902//1881
f 3902//1920 3942//1920 3943//1920 3903//1920
f 3903//1919 3943//1919 3944//1919 3904//1919
f 3904//1918 3944//1918 3945//1918 3905//1918
f 3905//1917 3945//1917 3946//1917 3906//1917
f 3906//1916 3946//1916 3947//1916 3907//1916
f 3907//1915 3947//1915 3948//1915 3908//1915
f 3908//1914 3948//1914 3949//1914 3909//1914
f 3909//1913 3949//1913 3950//1913 3910//1913
f 3910//1912 3950//1912 3951//1912 3911//1912
f 3911//1911 3951//1911 3952//1911 3912//1911
f 3912//1910 3952//1910 3953//1910 3913//1910
f 3913//1909 3953//1909 3954//1909 3914//1909
f 3914//1908 3954//1908 3955//1908 3915//1908
f 3915//1907 3955//1907 3956//1907 3916//1907
f 3916//1906 3956//1906 3957//1906 3917//1906
f 3917//1905 3957//1905 3958//1905 3918//1905
f 3918//1904 3958//1904 3959//1904 3919//1904
f 3919//1903 3959//1903 3960//1903 3920//1903
f 3961//1942 3921//1942 3960//1942 4000//1942
f 3921//1941 3961//1941 3962//1941 3922//1941
f 3922//1940 3962//1940 3963//1940 3923//1940
f 3923//1939 3963//1939 3964//1939 3924//1939
f 3924//1938 3964//1938 3965//1938 3925//1938
f 3925//1937 3965//1937 3966//1937 3926//1937
f 3926//1936 3966//1936 3967//1936 3927//1936
f 3927//1935 3967//1935 3968//1935 3928//1935
f 3928//1934 3968//1934 3969//1934 3929//1934
f 3929//1933 3969//1933 3970//1933 3930//1933
f 3930//1932 3970//1932 3971//1932 3931//1932
f 3931//1931 3971//1931 3972//1931 3932//1931
f 3932//1930 3972//1930 3973//1930 3933//1930
f 3933//1929 3973//1929 3974//1929 3934//1929
f 3934//1928 3974//1928 3975//1928 3935//1928
f 3935//1927 3975//1927 3976//1927 3936//1927
f 3936//1926 3976//1926 3977//1926 3937//1926
f 3937//1925 3977//1925 3978//1925 3938//1925
f 3938//1924 3978//1924 3979//1924 3939//1924
f 3939//1923 3979//1923 3980//1923 3940//1923
f 3940//1922 3980//1922 3981//1922 3941//1922
f 3941//1921 3981//1921 3982//1921 3942//1921
f 3942//1960 3982//1960 3983//1960 3943//1960
f 3943//1959 3983//1959 3984//1959 3944//1959
f 3944//1958 3984//1958 3985//1958 3945//1958
f 3945//1957 3985//1957 3986//1957 3946//1957
f 3946//1956 3986//1956 3987//1956 3947//1956
f 3947//1955 3987//1955 3988//1955 3948//1955
f 3948//1954 3988//1954 3989//1954 3949//1954
f 3949//1953 3989//1953 3990//1953 3950//1953
f 3950//1952 3990//1952 3991//1952 3951//1952
f 3951//1951 3991//1951 3992//1951 3952//1951
f 3952//1950 3992//1950 3993//1950 3953//1950
f 3953//1949 3993//1949 3994//1949 3954//1949
f 3954//1948 3994//1948 3995//1948 3955//1948
f 3955//1947 3995//1947 3996//1947 3956//1947
f 3956//1946 3996//1946 3997//1946 3957//1946
f 3957//1945 3997//1945 3998//1945 3958//1945
f 3958//1944 3998//1944 3999//1944 3959//1944
f 3959//1943 3999//1943 4000//1943 3960//1943
f 1//1982 3961//1982 4000//1982 40//1982
f 3961//1981 1//1981 2//1981 3962//1981
f 3962//1980 2//1980 3//1980 3963//1980
f 3963//1979 3//1979 4//1979 3964//1979
f 3964//1978 4//1978 5//1978 3965//1978
f 3965//1977 5//1977 6//1977 3966//1977
f 3966//1976 6//1976 7//1976 3967//1976
f 3967//1975 7//1975 8//1975 3968//1975
f 3968//1974 8//1974 9//1974 3969//1974
f 3969//1973 9//1973 10//1973 3970//1973
f 3970//1972 10//1972 11//1972 3971//1972
f 3971//1971 11//1971 12//1971 3972//1971
f 3972//1970 12//1970 13//1970 3973//1970
f 3973//1969 13//1969 14//1969 3974//1969
f 3974//1968 14//1968 15//1968 3975//1968
f 3975//1967 15//1967 16//1967 3976//1967
f 3976//1966 16//1966 17//1966 3977//1966
f 3977//1965 17//1965 18//1965 3978//1965
f 3978//1964 18//1964 19//1964 3979//1964
f 3979//1963 19//1963 20//1963 3980//1963
f 3980//1962 20//1962 21//1962 3981//1962
f 3981//1961 21//1961 22//1961 3982//1961
f 3982//2000 22//2000 23//2000 3983//2000
f 3983//1999 23//1999 24//1999 3984//1999
f 3984//1998 24//1998 25//1998 3985//1998
f 3985//1997 25//1997 26//1997 3986//1997
f 3986//1996 26//1996 27//1996 3987//1996
f 3987//1995 27//1995 28//1995 3988//1995
f 3988//1994 28//1994 29//1994 3989//1994
f 3989//1993 29//1993 30//1993 3990//1993
f 3990//1992 30//1992 31//1992 3991//1992
f 3991//1991 31//1991 32//1991 3992//1991
f 3992//1990 32//1990 33//1990 3993//1990
f 3993//1989 33//1989 34//1989 3994//1989
f 3994//1988 34//1988 35//1988 3995//1988
f 3995//1987 35//1987 36//1987 3996//1987
f 3996//1986 36//1986 37//1986 3997//1986
f 3997//1985 37//1985 38//1985 3998//1985
f 3998//1984 38//1984 39//1984 3999//1984
f 3999//1983 39//1983 40//1983 4000//1983
