# Blender 4.5.1 LTS
# www.blender.org
mtllib WaveMonitor.mtl
o Plane
v -0.625000 0.000000 0.625000
v 0.625000 0.000000 0.625000
v -0.625000 0.000000 -0.625000
v 0.625000 0.000000 -0.625000
v -0.625000 0.000000 -0.515625
v 0.625000 0.000000 -0.515625
v -0.625000 0.000000 0.525195
v 0.625000 0.000000 0.525195
v 0.515625 0.000000 0.625000
v 0.515625 0.000000 -0.625000
v 0.515625 0.000000 -0.515625
v 0.515625 0.000000 0.525195
v -0.525195 0.000000 -0.625000
v -0.525195 0.000000 -0.515625
v -0.525195 0.000000 0.525195
v -0.525195 0.000000 0.625000
v -0.610000 0.025000 0.540195
v -0.610000 0.025000 0.510195
v -0.625000 0.010000 0.525195
v -0.610000 0.025000 0.610000
v -0.625000 0.010000 0.625000
v 0.530625 0.025000 0.610000
v 0.500625 0.025000 0.610000
v 0.515625 0.010000 0.625000
v 0.625000 0.010000 0.625000
v 0.610000 0.025000 0.610000
v 0.610000 0.025000 -0.530625
v 0.610000 0.025000 -0.500625
v 0.625000 0.010000 -0.515625
v 0.625000 0.010000 -0.625000
v 0.610000 0.025000 -0.610000
v -0.540195 0.025000 -0.610000
v -0.510195 0.025000 -0.610000
v -0.525195 0.010000 -0.625000
v -0.625000 0.010000 -0.625000
v -0.610000 0.025000 -0.610000
v -0.610000 0.025000 -0.530625
v -0.625000 0.010000 -0.515625
v -0.610000 0.025000 -0.500625
v 0.610000 0.025000 0.510195
v 0.610000 0.025000 0.540195
v 0.625000 0.010000 0.525195
v -0.540195 0.025000 -0.500625
v -0.525195 0.010000 -0.515625
v -0.510195 0.025000 -0.530625
v -0.540195 0.025000 -0.530625
v -0.540195 0.025000 0.540195
v -0.510195 0.025000 0.540195
v -0.525195 0.010000 0.525195
v -0.540195 0.025000 0.510195
v -0.510195 0.025000 0.610000
v -0.540195 0.025000 0.610000
v -0.525195 0.010000 0.625000
v 0.515625 0.010000 -0.625000
v 0.500625 0.025000 -0.610000
v 0.530625 0.025000 -0.610000
v 0.530625 0.025000 -0.530625
v 0.500625 0.025000 -0.530625
v 0.515625 0.010000 -0.515625
v 0.530625 0.025000 -0.500625
v 0.530625 0.025000 0.510195
v 0.515625 0.010000 0.525195
v 0.500625 0.025000 0.540195
v 0.530625 0.025000 0.540195
vn -0.0000 1.0000 -0.0000
vn -0.7071 0.7071 -0.0000
vn -0.0000 0.7071 0.7071
vn 0.7071 0.7071 -0.0000
vn -0.0000 0.7071 -0.7071
vn 0.4082 0.8165 0.4082
vn 0.4082 0.8165 -0.4082
vn -0.4082 0.8165 0.4082
vn -0.4082 0.8165 -0.4082
vn -1.0000 -0.0000 -0.0000
vn -0.0000 -0.0000 1.0000
vn 1.0000 -0.0000 -0.0000
vn -0.0000 -0.0000 -1.0000
vt 0.079844 0.079844
vt 0.912500 0.079844
vt 0.912500 0.912500
vt 0.079844 0.912500
vt 0.012000 0.067844
vt 0.012000 0.091803
vt 0.000000 0.079844
vt 0.924116 0.012000
vt 0.900500 0.012000
vt 0.912500 0.000000
vt 0.988000 0.924153
vt 0.988000 0.900500
vt 1.000000 0.912500
vt 0.067844 0.988000
vt 0.091807 0.988000
vt 0.079844 1.000000
vt 0.012000 0.924116
vt 0.000000 0.912500
vt 0.012000 0.900500
vt 0.988000 0.091807
vt 0.988000 0.067844
vt 1.000000 0.079844
vt 0.067844 0.900500
vt 0.091844 0.924500
vt 0.067844 0.924500
vt 0.067844 0.067844
vt 0.091844 0.067844
vt 0.067844 0.091844
vt 0.091803 0.012000
vt 0.067844 0.012000
vt 0.079844 0.000000
vt 0.912500 1.000000
vt 0.900500 0.988000
vt 0.924153 0.988000
vt 0.924500 0.924500
vt 0.900500 0.924500
vt 0.912500 0.912500
vt 0.924500 0.900500
vt 0.924500 0.091844
vt 0.912500 0.079844
vt 0.900500 0.067844
vt 0.924500 0.067844
vt 0.000000 0.000000
vt 0.012000 0.012000
vt 1.000000 0.000000
vt 0.988000 0.012000
vt 1.000000 1.000000
vt 0.988000 0.988000
vt 0.000000 1.000000
vt 0.012000 0.988000
s 0
usemtl DISP
f 15/1/1 12/2/1 11/3/1 14/4/1
f 17/5/2 18/6/2 19/7/2
f 22/8/3 23/9/3 24/10/3
f 27/11/4 28/12/4 29/13/4
f 32/14/5 33/15/5 34/16/5
f 37/17/2 38/18/2 39/19/2
f 40/20/4 41/21/4 42/22/4
f 43/23/6 44/4/6 45/24/6 46/25/6
f 47/26/7 48/27/7 49/1/7 50/28/7
f 51/29/3 52/30/3 53/31/3
f 54/32/5 55/33/5 56/34/5
f 57/35/8 58/36/8 59/37/8 60/38/8
f 61/39/9 62/40/9 63/41/9 64/42/9
f 19/7/2 21/43/2 20/44/2 17/5/2
f 24/10/3 25/45/3 26/46/3 22/8/3
f 29/13/4 30/47/4 31/48/4 27/11/4
f 34/16/5 35/49/5 36/50/5 32/14/5
f 35/49/2 38/18/2 37/17/2 36/50/2
f 42/22/4 29/13/4 28/12/4 40/20/4
f 46/25/1 37/17/1 39/19/1 43/23/1
f 38/18/2 19/7/2 18/6/2 39/19/2
f 25/45/4 42/22/4 41/21/4 26/46/4
f 50/28/1 18/6/1 17/5/1 47/26/1
f 53/31/3 24/10/3 23/9/3 51/29/3
f 30/47/5 54/32/5 56/34/5 31/48/5
f 27/11/1 57/35/1 60/38/1 28/12/1
f 40/20/1 61/39/1 64/42/1 41/21/1
f 22/8/1 64/42/1 63/41/1 23/9/1
f 61/39/2 60/38/2 59/37/2 62/40/2
f 57/35/1 56/34/1 55/33/1 58/36/1
f 54/32/5 34/16/5 33/15/5 55/33/5
f 58/36/3 45/24/3 44/4/3 59/37/3
f 62/40/5 49/1/5 48/27/5 63/41/5
f 21/43/3 53/31/3 52/30/3 20/44/3
f 45/24/1 33/15/1 32/14/1 46/25/1
f 49/1/4 44/4/4 43/23/4 50/28/4
f 51/29/1 48/27/1 47/26/1 52/30/1
f 5/43/10 7/43/10 19/43/10 38/43/10
f 18/6/1 50/28/1 43/23/1 39/19/1
f 7/43/10 1/43/10 21/43/10 19/43/10
f 20/44/1 52/30/1 47/26/1 17/5/1
f 1/43/11 16/43/11 53/43/11 21/43/11
f 22/8/1 26/46/1 41/21/1 64/42/1
f 16/43/11 9/43/11 24/43/11 53/43/11
f 51/29/1 23/9/1 63/41/1 48/27/1
f 9/43/11 2/43/11 25/43/11 24/43/11
f 2/43/12 8/43/12 42/43/12 25/43/12
f 57/35/1 27/11/1 31/48/1 56/34/1
f 8/43/12 6/43/12 29/43/12 42/43/12
f 61/39/1 40/20/1 28/12/1 60/38/1
f 6/43/12 4/43/12 30/43/12 29/43/12
f 4/43/13 10/43/13 54/43/13 30/43/13
f 13/43/13 3/43/13 35/43/13 34/43/13
f 37/17/1 46/25/1 32/14/1 36/50/1
f 10/43/13 13/43/13 34/43/13 54/43/13
f 45/24/1 58/36/1 55/33/1 33/15/1
f 3/43/10 5/43/10 38/43/10 35/43/10
f 14/4/11 11/3/11 59/37/11 44/4/11
f 15/1/12 14/4/12 44/4/12 49/1/12
f 12/2/13 15/1/13 49/1/13 62/40/13
f 11/3/10 12/2/10 62/40/10 59/37/10
o CURVE
v -0.529097 0.010000 -0.353579
v -0.509140 0.010000 -0.352258
v -0.528929 0.010000 -0.356088
v -0.508974 0.010000 -0.354747
v -0.528762 0.010000 -0.358560
v -0.508808 0.010000 -0.357198
v -0.528595 0.010000 -0.360994
v -0.508642 0.010000 -0.359612
v -0.528427 0.010000 -0.363392
v -0.508476 0.010000 -0.361987
v -0.528260 0.010000 -0.365752
v -0.508311 0.010000 -0.364324
v -0.528092 0.010000 -0.368074
v -0.508145 0.010000 -0.366622
v -0.527925 0.010000 -0.370358
v -0.507979 0.010000 -0.368882
v -0.527757 0.010000 -0.372604
v -0.507813 0.010000 -0.371103
v -0.527589 0.010000 -0.374812
v -0.507648 0.010000 -0.373285
v -0.527422 0.010000 -0.376982
v -0.507482 0.010000 -0.375427
v -0.527254 0.010000 -0.379114
v -0.507317 0.010000 -0.377529
v -0.527086 0.010000 -0.381207
v -0.507151 0.010000 -0.379592
v -0.526918 0.010000 -0.383261
v -0.506986 0.010000 -0.381615
v -0.526750 0.010000 -0.385276
v -0.506820 0.010000 -0.383598
v -0.526582 0.010000 -0.387253
v -0.506655 0.010000 -0.385540
v -0.526414 0.010000 -0.389190
v -0.506490 0.010000 -0.387442
v -0.526245 0.010000 -0.391089
v -0.506325 0.010000 -0.389303
v -0.526077 0.010000 -0.392947
v -0.506160 0.010000 -0.391123
v -0.525908 0.010000 -0.394767
v -0.505995 0.010000 -0.392901
v -0.525739 0.010000 -0.396547
v -0.505831 0.010000 -0.394638
v -0.525571 0.010000 -0.398287
v -0.505666 0.010000 -0.396332
v -0.525402 0.010000 -0.399988
v -0.505502 0.010000 -0.397985
v -0.525232 0.010000 -0.401649
v -0.505338 0.010000 -0.399596
v -0.525063 0.010000 -0.403270
v -0.505174 0.010000 -0.401163
v -0.524893 0.010000 -0.404851
v -0.505010 0.010000 -0.402688
v -0.524723 0.010000 -0.406392
v -0.504847 0.010000 -0.404169
v -0.524553 0.010000 -0.407894
v -0.504684 0.010000 -0.405607
v -0.524382 0.010000 -0.409355
v -0.504521 0.010000 -0.407001
v -0.524211 0.010000 -0.410776
v -0.504359 0.010000 -0.408351
v -0.524040 0.010000 -0.412157
v -0.504197 0.010000 -0.409656
v -0.523868 0.010000 -0.413499
v -0.504035 0.010000 -0.410919
v -0.523696 0.010000 -0.414803
v -0.503874 0.010000 -0.412136
v -0.523523 0.010000 -0.416068
v -0.503714 0.010000 -0.413307
v -0.523349 0.010000 -0.417293
v -0.503555 0.010000 -0.414432
v -0.523174 0.010000 -0.418479
v -0.503396 0.010000 -0.415511
v -0.522999 0.010000 -0.419627
v -0.503238 0.010000 -0.416542
v -0.522822 0.010000 -0.420736
v -0.503081 0.010000 -0.417527
v -0.522644 0.010000 -0.421809
v -0.502926 0.010000 -0.418463
v -0.522465 0.010000 -0.422844
v -0.502772 0.010000 -0.419350
v -0.522283 0.010000 -0.423843
v -0.502620 0.010000 -0.420187
v -0.522100 0.010000 -0.424807
v -0.502471 0.010000 -0.420973
v -0.521913 0.010000 -0.425738
v -0.502324 0.010000 -0.421708
v -0.521724 0.010000 -0.426635
v -0.502180 0.010000 -0.422389
v -0.521530 0.010000 -0.427502
v -0.502040 0.010000 -0.423015
v -0.521332 0.010000 -0.428339
v -0.501905 0.010000 -0.423584
v -0.521127 0.010000 -0.429150
v -0.501777 0.010000 -0.424092
v -0.520914 0.010000 -0.429938
v -0.501657 0.010000 -0.424537
v -0.520690 0.010000 -0.430707
v -0.501547 0.010000 -0.424916
v -0.520453 0.010000 -0.431461
v -0.501451 0.010000 -0.425221
v -0.520197 0.010000 -0.432208
v -0.501374 0.010000 -0.425448
v -0.519915 0.010000 -0.432955
v -0.501322 0.010000 -0.425587
v -0.519598 0.010000 -0.433714
v -0.501306 0.010000 -0.425628
v -0.519230 0.010000 -0.434499
v -0.501340 0.010000 -0.425556
v -0.518787 0.010000 -0.435326
v -0.501450 0.010000 -0.425354
v -0.518231 0.010000 -0.436218
v -0.501672 0.010000 -0.425001
v -0.517503 0.010000 -0.437193
v -0.502067 0.010000 -0.424476
v -0.516511 0.010000 -0.438262
v -0.502726 0.010000 -0.423772
v -0.515128 0.010000 -0.439388
v -0.503776 0.010000 -0.422922
v -0.513224 0.010000 -0.440441
v -0.505346 0.010000 -0.422058
v -0.510849 0.010000 -0.441149
v -0.507388 0.010000 -0.421451
v -0.508187 0.010000 -0.441279
v -0.509717 0.010000 -0.421338
v -0.505607 0.010000 -0.440755
v -0.511963 0.010000 -0.421792
v -0.503507 0.010000 -0.439790
v -0.513730 0.010000 -0.422600
v -0.501953 0.010000 -0.438673
v -0.514951 0.010000 -0.423473
v -0.500838 0.010000 -0.437581
v -0.515733 0.010000 -0.424234
v -0.500028 0.010000 -0.436575
v -0.516209 0.010000 -0.424821
v -0.499418 0.010000 -0.435659
v -0.516486 0.010000 -0.425233
v -0.498939 0.010000 -0.434814
v -0.516631 0.010000 -0.425487
v -0.498547 0.010000 -0.434019
v -0.516690 0.010000 -0.425604
v -0.498213 0.010000 -0.433255
v -0.516691 0.010000 -0.425603
v -0.497919 0.010000 -0.432508
v -0.516651 0.010000 -0.425500
v -0.497654 0.010000 -0.431766
v -0.516583 0.010000 -0.425307
v -0.497410 0.010000 -0.431019
v -0.516493 0.010000 -0.425033
v -0.497182 0.010000 -0.430260
v -0.516389 0.010000 -0.424684
v -0.496965 0.010000 -0.429485
v -0.516272 0.010000 -0.424267
v -0.496757 0.010000 -0.428688
v -0.516147 0.010000 -0.423787
v -0.496556 0.010000 -0.427867
v -0.516015 0.010000 -0.423246
v -0.496360 0.010000 -0.427018
v -0.515877 0.010000 -0.422647
v -0.496169 0.010000 -0.426140
v -0.515735 0.010000 -0.421994
v -0.495982 0.010000 -0.425231
v -0.515589 0.010000 -0.421287
v -0.495797 0.010000 -0.424288
v -0.515440 0.010000 -0.420529
v -0.495614 0.010000 -0.423312
v -0.515289 0.010000 -0.419720
v -0.495434 0.010000 -0.422302
v -0.515136 0.010000 -0.418862
v -0.495255 0.010000 -0.421255
v -0.514982 0.010000 -0.417956
v -0.495078 0.010000 -0.420173
v -0.514825 0.010000 -0.417003
v -0.494902 0.010000 -0.419053
v -0.514668 0.010000 -0.416003
v -0.494727 0.010000 -0.417897
v -0.514510 0.010000 -0.414957
v -0.494553 0.010000 -0.416702
v -0.514351 0.010000 -0.413866
v -0.494380 0.010000 -0.415470
v -0.514191 0.010000 -0.412729
v -0.494207 0.010000 -0.414201
v -0.514030 0.010000 -0.411547
v -0.494035 0.010000 -0.412895
v -0.513869 0.010000 -0.410323
v -0.493863 0.010000 -0.411550
v -0.513707 0.010000 -0.409056
v -0.493692 0.010000 -0.410167
v -0.513545 0.010000 -0.407746
v -0.493521 0.010000 -0.408745
v -0.513382 0.010000 -0.406393
v -0.493351 0.010000 -0.407285
v -0.513220 0.010000 -0.404998
v -0.493181 0.010000 -0.405787
v -0.513056 0.010000 -0.403560
v -0.493011 0.010000 -0.404250
v -0.512893 0.010000 -0.402081
v -0.492841 0.010000 -0.402675
v -0.512729 0.010000 -0.400560
v -0.492672 0.010000 -0.401062
v -0.512565 0.010000 -0.398998
v -0.492503 0.010000 -0.399410
v -0.512401 0.010000 -0.397396
v -0.492334 0.010000 -0.397721
v -0.512237 0.010000 -0.395753
v -0.492165 0.010000 -0.395994
v -0.512072 0.010000 -0.394070
v -0.491996 0.010000 -0.394230
v -0.511907 0.010000 -0.392347
v -0.491828 0.010000 -0.392428
v -0.511743 0.010000 -0.390585
v -0.491659 0.010000 -0.390588
v -0.511578 0.010000 -0.388783
v -0.491491 0.010000 -0.388711
v -0.511413 0.010000 -0.386943
v -0.491323 0.010000 -0.386797
v -0.511248 0.010000 -0.385063
v -0.491155 0.010000 -0.384846
v -0.511082 0.010000 -0.383145
v -0.490987 0.010000 -0.382858
v -0.510917 0.010000 -0.381189
v -0.490819 0.010000 -0.380834
v -0.510752 0.010000 -0.379195
v -0.490651 0.010000 -0.378773
v -0.510586 0.010000 -0.377164
v -0.490483 0.010000 -0.376676
v -0.510421 0.010000 -0.375094
v -0.490315 0.010000 -0.374542
v -0.510255 0.010000 -0.372988
v -0.490148 0.010000 -0.372373
v -0.510089 0.010000 -0.370844
v -0.489980 0.010000 -0.370168
v -0.509924 0.010000 -0.368664
v -0.489813 0.010000 -0.367927
v -0.509758 0.010000 -0.366447
v -0.489645 0.010000 -0.365651
v -0.509592 0.010000 -0.364194
v -0.489478 0.010000 -0.363339
v -0.509426 0.010000 -0.361905
v -0.489310 0.010000 -0.360993
v -0.509260 0.010000 -0.359580
v -0.489143 0.010000 -0.358612
v -0.509094 0.010000 -0.357219
v -0.488975 0.010000 -0.356198
v -0.508928 0.010000 -0.354825
v -0.488808 0.010000 -0.353749
v -0.508762 0.010000 -0.352395
v -0.488641 0.010000 -0.351267
v -0.508596 0.010000 -0.349931
v -0.488474 0.010000 -0.348750
v -0.508430 0.010000 -0.347433
v -0.488306 0.010000 -0.346201
v -0.508264 0.010000 -0.344900
v -0.488139 0.010000 -0.343618
v -0.508098 0.010000 -0.342334
v -0.487972 0.010000 -0.341002
v -0.507932 0.010000 -0.339734
v -0.487805 0.010000 -0.338354
v -0.507766 0.010000 -0.337102
v -0.487638 0.010000 -0.335673
v -0.507599 0.010000 -0.334436
v -0.487471 0.010000 -0.332961
v -0.507433 0.010000 -0.331738
v -0.487303 0.010000 -0.330217
v -0.507267 0.010000 -0.329008
v -0.487136 0.010000 -0.327441
v -0.507101 0.010000 -0.326246
v -0.486969 0.010000 -0.324635
v -0.506934 0.010000 -0.323453
v -0.486802 0.010000 -0.321797
v -0.506768 0.010000 -0.320628
v -0.486635 0.010000 -0.318929
v -0.506602 0.010000 -0.317773
v -0.486468 0.010000 -0.316032
v -0.506435 0.010000 -0.314887
v -0.486301 0.010000 -0.313104
v -0.506269 0.010000 -0.311971
v -0.486134 0.010000 -0.310146
v -0.506103 0.010000 -0.309024
v -0.485967 0.010000 -0.307160
v -0.505936 0.010000 -0.306049
v -0.485800 0.010000 -0.304144
v -0.505770 0.010000 -0.303044
v -0.485633 0.010000 -0.301100
v -0.505604 0.010000 -0.300010
v -0.485466 0.010000 -0.298027
v -0.505437 0.010000 -0.296947
v -0.485300 0.010000 -0.294926
v -0.505271 0.010000 -0.293856
v -0.485133 0.010000 -0.291798
v -0.505104 0.010000 -0.290737
v -0.484966 0.010000 -0.288642
v -0.504938 0.010000 -0.287590
v -0.484799 0.010000 -0.285459
v -0.504772 0.010000 -0.284416
v -0.484632 0.010000 -0.282249
v -0.504605 0.010000 -0.281215
v -0.484465 0.010000 -0.279013
v -0.504439 0.010000 -0.277987
v -0.484298 0.010000 -0.275750
v -0.504272 0.010000 -0.274732
v -0.484131 0.010000 -0.272462
v -0.504106 0.010000 -0.271452
v -0.483964 0.010000 -0.269149
v -0.503939 0.010000 -0.268146
v -0.483798 0.010000 -0.265810
v -0.503773 0.010000 -0.264816
v -0.483631 0.010000 -0.262448
v -0.503606 0.010000 -0.261460
v -0.483464 0.010000 -0.259060
v -0.503440 0.010000 -0.258080
v -0.483297 0.010000 -0.255649
v -0.503273 0.010000 -0.254675
v -0.483130 0.010000 -0.252214
v -0.503107 0.010000 -0.251247
v -0.482963 0.010000 -0.248755
v -0.502940 0.010000 -0.247795
v -0.482797 0.010000 -0.245274
v -0.502774 0.010000 -0.244320
v -0.482630 0.010000 -0.241770
v -0.502607 0.010000 -0.240822
v -0.482463 0.010000 -0.238244
v -0.502441 0.010000 -0.237302
v -0.482296 0.010000 -0.234696
v -0.502274 0.010000 -0.233760
v -0.482129 0.010000 -0.231127
v -0.502108 0.010000 -0.230196
v -0.481963 0.010000 -0.227537
v -0.501941 0.010000 -0.226611
v -0.481796 0.010000 -0.223926
v -0.501775 0.010000 -0.223006
v -0.481629 0.010000 -0.220295
v -0.501608 0.010000 -0.219380
v -0.481462 0.010000 -0.216644
v -0.501441 0.010000 -0.215734
v -0.481295 0.010000 -0.212973
v -0.501275 0.010000 -0.212068
v -0.481129 0.010000 -0.209284
v -0.501108 0.010000 -0.208383
v -0.480962 0.010000 -0.205575
v -0.500942 0.010000 -0.204679
v -0.480795 0.010000 -0.201848
v -0.500775 0.010000 -0.200956
v -0.480628 0.010000 -0.198103
v -0.500609 0.010000 -0.197216
v -0.480462 0.010000 -0.194341
v -0.500442 0.010000 -0.193457
v -0.480295 0.010000 -0.190561
v -0.500275 0.010000 -0.189681
v -0.480128 0.010000 -0.186764
v -0.500109 0.010000 -0.185889
v -0.479961 0.010000 -0.182951
v -0.499942 0.010000 -0.182079
v -0.479795 0.010000 -0.179122
v -0.499776 0.010000 -0.178253
v -0.479628 0.010000 -0.175277
v -0.499609 0.010000 -0.174412
v -0.479461 0.010000 -0.171416
v -0.499443 0.010000 -0.170555
v -0.479294 0.010000 -0.167541
v -0.499276 0.010000 -0.166683
v -0.479128 0.010000 -0.163651
v -0.499109 0.010000 -0.162796
v -0.478961 0.010000 -0.159747
v -0.498943 0.010000 -0.158895
v -0.478794 0.010000 -0.155830
v -0.498776 0.010000 -0.154981
v -0.478627 0.010000 -0.151899
v -0.498610 0.010000 -0.151053
v -0.478461 0.010000 -0.147955
v -0.498443 0.010000 -0.147112
v -0.478294 0.010000 -0.143999
v -0.498276 0.010000 -0.143158
v -0.478127 0.010000 -0.140031
v -0.498110 0.010000 -0.139193
v -0.477961 0.010000 -0.136051
v -0.497943 0.010000 -0.135215
v -0.477794 0.010000 -0.132060
v -0.497776 0.010000 -0.131227
v -0.477627 0.010000 -0.128058
v -0.497610 0.010000 -0.127227
v -0.477460 0.010000 -0.124046
v -0.497443 0.010000 -0.123217
v -0.477294 0.010000 -0.120023
v -0.497277 0.010000 -0.119196
v -0.477127 0.010000 -0.115991
v -0.497110 0.010000 -0.115166
v -0.476960 0.010000 -0.111950
v -0.496943 0.010000 -0.111127
v -0.476794 0.010000 -0.107900
v -0.496777 0.010000 -0.107079
v -0.476627 0.010000 -0.103842
v -0.496610 0.010000 -0.103022
v -0.476460 0.010000 -0.099776
v -0.496443 0.010000 -0.098957
v -0.476294 0.010000 -0.095702
v -0.496277 0.010000 -0.094885
v -0.476127 0.010000 -0.091621
v -0.496110 0.010000 -0.090806
v -0.475960 0.010000 -0.087534
v -0.495944 0.010000 -0.086719
v -0.475793 0.010000 -0.083440
v -0.495777 0.010000 -0.082627
v -0.475627 0.010000 -0.079340
v -0.495610 0.010000 -0.078528
v -0.475460 0.010000 -0.075235
v -0.495444 0.010000 -0.074424
v -0.475293 0.010000 -0.071125
v -0.495277 0.010000 -0.070315
v -0.475127 0.010000 -0.067010
v -0.495110 0.010000 -0.066201
v -0.474960 0.010000 -0.062891
v -0.494944 0.010000 -0.062082
v -0.474793 0.010000 -0.058768
v -0.494777 0.010000 -0.057960
v -0.474627 0.010000 -0.054641
v -0.494610 0.010000 -0.053835
v -0.474460 0.010000 -0.050512
v -0.494444 0.010000 -0.049706
v -0.474293 0.010000 -0.046380
v -0.494277 0.010000 -0.045575
v -0.474127 0.010000 -0.042247
v -0.494110 0.010000 -0.041441
v -0.473960 0.010000 -0.038111
v -0.493944 0.010000 -0.037306
v -0.473793 0.010000 -0.033974
v -0.493777 0.010000 -0.033169
v -0.473627 0.010000 -0.029836
v -0.493610 0.010000 -0.029031
v -0.473460 0.010000 -0.025698
v -0.493444 0.010000 -0.024893
v -0.473293 0.010000 -0.021560
v -0.493277 0.010000 -0.020755
v -0.473127 0.010000 -0.017423
v -0.493110 0.010000 -0.016618
v -0.472960 0.010000 -0.013286
v -0.492944 0.010000 -0.012480
v -0.472793 0.010000 -0.009150
v -0.492777 0.010000 -0.008345
v -0.472627 0.010000 -0.005016
v -0.492610 0.010000 -0.004210
v -0.472460 0.010000 -0.000884
v -0.492444 0.010000 -0.000078
v -0.472293 0.010000 0.003245
v -0.492277 0.010000 0.004052
v -0.472127 0.010000 0.007372
v -0.492110 0.010000 0.008179
v -0.471960 0.010000 0.011495
v -0.491944 0.010000 0.012303
v -0.471793 0.010000 0.015614
v -0.491777 0.010000 0.016423
v -0.471627 0.010000 0.019730
v -0.491610 0.010000 0.020539
v -0.471460 0.010000 0.023840
v -0.491444 0.010000 0.024651
v -0.471293 0.010000 0.027946
v -0.491277 0.010000 0.028758
v -0.471127 0.010000 0.032047
v -0.491110 0.010000 0.032859
v -0.470960 0.010000 0.036141
v -0.490944 0.010000 0.036955
v -0.470793 0.010000 0.040230
v -0.490777 0.010000 0.041045
v -0.470627 0.010000 0.044312
v -0.490610 0.010000 0.045128
v -0.470460 0.010000 0.048387
v -0.490443 0.010000 0.049205
v -0.470294 0.010000 0.052454
v -0.490277 0.010000 0.053274
v -0.470127 0.010000 0.056514
v -0.490110 0.010000 0.057335
v -0.469960 0.010000 0.060565
v -0.489943 0.010000 0.061388
v -0.469794 0.010000 0.064608
v -0.489777 0.010000 0.065432
v -0.469627 0.010000 0.068641
v -0.489610 0.010000 0.069468
v -0.469460 0.010000 0.072665
v -0.489443 0.010000 0.073494
v -0.469294 0.010000 0.076680
v -0.489277 0.010000 0.077510
v -0.469127 0.010000 0.080684
v -0.489110 0.010000 0.081516
v -0.468961 0.010000 0.084678
v -0.488943 0.010000 0.085512
v -0.468794 0.010000 0.088660
v -0.488776 0.010000 0.089497
v -0.468627 0.010000 0.092631
v -0.488610 0.010000 0.093471
v -0.468461 0.010000 0.096590
v -0.488443 0.010000 0.097433
v -0.468294 0.010000 0.100537
v -0.488276 0.010000 0.101382
v -0.468127 0.010000 0.104471
v -0.488110 0.010000 0.105319
v -0.467961 0.010000 0.108392
v -0.487943 0.010000 0.109243
v -0.467794 0.010000 0.112300
v -0.487776 0.010000 0.113154
v -0.467628 0.010000 0.116194
v -0.487609 0.010000 0.117051
v -0.467461 0.010000 0.120074
v -0.487443 0.010000 0.120933
v -0.467294 0.010000 0.123939
v -0.487276 0.010000 0.124802
v -0.467128 0.010000 0.127789
v -0.487109 0.010000 0.128656
v -0.466961 0.010000 0.131624
v -0.486942 0.010000 0.132494
v -0.466795 0.010000 0.135444
v -0.486776 0.010000 0.136317
v -0.466628 0.010000 0.139247
v -0.486609 0.010000 0.140124
v -0.466462 0.010000 0.143034
v -0.486442 0.010000 0.143915
v -0.466295 0.010000 0.146804
v -0.486275 0.010000 0.147689
v -0.466128 0.010000 0.150557
v -0.486109 0.010000 0.151446
v -0.465962 0.010000 0.154292
v -0.485942 0.010000 0.155186
v -0.465795 0.010000 0.158010
v -0.485775 0.010000 0.158907
v -0.465629 0.010000 0.161709
v -0.485608 0.010000 0.162611
v -0.465462 0.010000 0.165390
v -0.485442 0.010000 0.166296
v -0.465296 0.010000 0.169052
v -0.485275 0.010000 0.169963
v -0.465129 0.010000 0.172694
v -0.485108 0.010000 0.173610
v -0.464962 0.010000 0.176316
v -0.484941 0.010000 0.177237
v -0.464796 0.010000 0.179919
v -0.484774 0.010000 0.180845
v -0.464629 0.010000 0.183500
v -0.484608 0.010000 0.184432
v -0.464463 0.010000 0.187061
v -0.484441 0.010000 0.187998
v -0.464296 0.010000 0.190601
v -0.484274 0.010000 0.191544
v -0.464130 0.010000 0.194119
v -0.484107 0.010000 0.195068
v -0.463963 0.010000 0.197616
v -0.483940 0.010000 0.198571
v -0.463797 0.010000 0.201091
v -0.483774 0.010000 0.202052
v -0.463630 0.010000 0.204543
v -0.483607 0.010000 0.205510
v -0.463464 0.010000 0.207972
v -0.483440 0.010000 0.208946
v -0.463297 0.010000 0.211378
v -0.483273 0.010000 0.212358
v -0.463131 0.010000 0.214760
v -0.483106 0.010000 0.215747
v -0.462964 0.010000 0.218119
v -0.482939 0.010000 0.219113
v -0.462798 0.010000 0.221453
v -0.482773 0.010000 0.222454
v -0.462631 0.010000 0.224763
v -0.482606 0.010000 0.225771
v -0.462465 0.010000 0.228048
v -0.482439 0.010000 0.229064
v -0.462298 0.010000 0.231307
v -0.482272 0.010000 0.232331
v -0.462132 0.010000 0.234542
v -0.482105 0.010000 0.235574
v -0.461965 0.010000 0.237750
v -0.481938 0.010000 0.238791
v -0.461799 0.010000 0.240933
v -0.481771 0.010000 0.241982
v -0.461632 0.010000 0.244090
v -0.481605 0.010000 0.245147
v -0.461466 0.010000 0.247219
v -0.481438 0.010000 0.248286
v -0.461300 0.010000 0.250322
v -0.481271 0.010000 0.251398
v -0.461133 0.010000 0.253398
v -0.481104 0.010000 0.254483
v -0.460967 0.010000 0.256446
v -0.480937 0.010000 0.257541
v -0.460800 0.010000 0.259466
v -0.480770 0.010000 0.260571
v -0.460634 0.010000 0.262458
v -0.480603 0.010000 0.263574
v -0.460468 0.010000 0.265422
v -0.480436 0.010000 0.266548
v -0.460301 0.010000 0.268357
v -0.480269 0.010000 0.269494
v -0.460135 0.010000 0.271263
v -0.480102 0.010000 0.272412
v -0.459969 0.010000 0.274139
v -0.479935 0.010000 0.275300
v -0.459802 0.010000 0.276986
v -0.479768 0.010000 0.278159
v -0.459636 0.010000 0.279803
v -0.479601 0.010000 0.280988
v -0.459470 0.010000 0.282590
v -0.479434 0.010000 0.283788
v -0.459304 0.010000 0.285346
v -0.479267 0.010000 0.286557
v -0.459137 0.010000 0.288071
v -0.479100 0.010000 0.289296
v -0.458971 0.010000 0.290767
v -0.478933 0.010000 0.292005
v -0.458805 0.010000 0.293431
v -0.478766 0.010000 0.294684
v -0.458639 0.010000 0.296063
v -0.478598 0.010000 0.297331
v -0.458472 0.010000 0.298664
v -0.478431 0.010000 0.299947
v -0.458306 0.010000 0.301233
v -0.478264 0.010000 0.302532
v -0.458140 0.010000 0.303769
v -0.478097 0.010000 0.305084
v -0.457974 0.010000 0.306273
v -0.477930 0.010000 0.307605
v -0.457808 0.010000 0.308744
v -0.477762 0.010000 0.310094
v -0.457642 0.010000 0.311182
v -0.477595 0.010000 0.312550
v -0.457476 0.010000 0.313587
v -0.477428 0.010000 0.314974
v -0.457310 0.010000 0.315958
v -0.477260 0.010000 0.317364
v -0.457144 0.010000 0.318296
v -0.477093 0.010000 0.319723
v -0.456978 0.010000 0.320601
v -0.476926 0.010000 0.322047
v -0.456812 0.010000 0.322871
v -0.476758 0.010000 0.324339
v -0.456646 0.010000 0.325107
v -0.476591 0.010000 0.326597
v -0.456481 0.010000 0.327308
v -0.476423 0.010000 0.328822
v -0.456315 0.010000 0.329475
v -0.476256 0.010000 0.331013
v -0.456149 0.010000 0.331607
v -0.476088 0.010000 0.333169
v -0.455983 0.010000 0.333704
v -0.475920 0.010000 0.335292
v -0.455818 0.010000 0.335765
v -0.475753 0.010000 0.337380
v -0.455652 0.010000 0.337791
v -0.475585 0.010000 0.339434
v -0.455487 0.010000 0.339781
v -0.475417 0.010000 0.341453
v -0.455321 0.010000 0.341735
v -0.475249 0.010000 0.343437
v -0.455156 0.010000 0.343653
v -0.475081 0.010000 0.345387
v -0.454991 0.010000 0.345534
v -0.474913 0.010000 0.347301
v -0.454826 0.010000 0.347378
v -0.474745 0.010000 0.349179
v -0.454661 0.010000 0.349186
v -0.474576 0.010000 0.351023
v -0.454496 0.010000 0.350956
v -0.474408 0.010000 0.352830
v -0.454331 0.010000 0.352688
v -0.474239 0.010000 0.354602
v -0.454166 0.010000 0.354383
v -0.474071 0.010000 0.356338
v -0.454002 0.010000 0.356043
v -0.473902 0.010000 0.358039
v -0.453837 0.010000 0.357663
v -0.473733 0.010000 0.359705
v -0.453673 0.010000 0.359245
v -0.473564 0.010000 0.361334
v -0.453509 0.010000 0.360788
v -0.473394 0.010000 0.362927
v -0.453345 0.010000 0.362293
v -0.473225 0.010000 0.364485
v -0.453182 0.010000 0.363759
v -0.473055 0.010000 0.366006
v -0.453018 0.010000 0.365186
v -0.472885 0.010000 0.367490
v -0.452855 0.010000 0.366573
v -0.472715 0.010000 0.368939
v -0.452693 0.010000 0.367921
v -0.472544 0.010000 0.370352
v -0.452530 0.010000 0.369230
v -0.472373 0.010000 0.371729
v -0.452368 0.010000 0.370498
v -0.472202 0.010000 0.373070
v -0.452207 0.010000 0.371726
v -0.472030 0.010000 0.374375
v -0.452046 0.010000 0.372913
v -0.471858 0.010000 0.375644
v -0.451885 0.010000 0.374059
v -0.471685 0.010000 0.376878
v -0.451725 0.010000 0.375165
v -0.471512 0.010000 0.378077
v -0.451566 0.010000 0.376228
v -0.471338 0.010000 0.379240
v -0.451408 0.010000 0.377249
v -0.471163 0.010000 0.380369
v -0.451250 0.010000 0.378228
v -0.470987 0.010000 0.381463
v -0.451094 0.010000 0.379164
v -0.470810 0.010000 0.382523
v -0.450939 0.010000 0.380056
v -0.470631 0.010000 0.383550
v -0.450786 0.010000 0.380903
v -0.470451 0.010000 0.384543
v -0.450634 0.010000 0.381705
v -0.470270 0.010000 0.385504
v -0.450484 0.010000 0.382461
v -0.470086 0.010000 0.386433
v -0.450337 0.010000 0.383169
v -0.469900 0.010000 0.387331
v -0.450194 0.010000 0.383829
v -0.469710 0.010000 0.388200
v -0.450054 0.010000 0.384438
v -0.469517 0.010000 0.389041
v -0.449918 0.010000 0.384995
v -0.469319 0.010000 0.389855
v -0.449789 0.010000 0.385498
v -0.469115 0.010000 0.390644
v -0.449666 0.010000 0.385943
v -0.468904 0.010000 0.391412
v -0.449552 0.010000 0.386334
v -0.468685 0.010000 0.392156
v -0.449448 0.010000 0.386662
v -0.468455 0.010000 0.392887
v -0.449362 0.010000 0.386917
v -0.468208 0.010000 0.393611
v -0.449295 0.010000 0.387098
v -0.467942 0.010000 0.394331
v -0.449256 0.010000 0.387195
v -0.467647 0.010000 0.395055
v -0.449255 0.010000 0.387201
v -0.467316 0.010000 0.395791
v -0.449305 0.010000 0.387102
v -0.466932 0.010000 0.396553
v -0.449431 0.010000 0.386886
v -0.466473 0.010000 0.397354
v -0.449666 0.010000 0.386535
v -0.465905 0.010000 0.398210
v -0.450060 0.010000 0.386038
v -0.465177 0.010000 0.399133
v -0.450688 0.010000 0.385394
v -0.464216 0.010000 0.400125
v -0.451646 0.010000 0.384635
v -0.462924 0.010000 0.401153
v -0.453028 0.010000 0.383864
v -0.461209 0.010000 0.402114
v -0.454850 0.010000 0.383269
v -0.459054 0.010000 0.402822
v -0.456957 0.010000 0.383063
v -0.456613 0.010000 0.403060
v -0.459038 0.010000 0.383336
v -0.454199 0.010000 0.402742
v -0.460795 0.010000 0.383970
v -0.452109 0.010000 0.401985
v -0.462105 0.010000 0.384745
v -0.450465 0.010000 0.401009
v -0.463006 0.010000 0.385487
v -0.449231 0.010000 0.399987
v -0.463592 0.010000 0.386106
v -0.448311 0.010000 0.399009
v -0.463959 0.010000 0.386579
v -0.447611 0.010000 0.398101
v -0.464175 0.010000 0.386907
v -0.447062 0.010000 0.397259
v -0.464288 0.010000 0.387105
v -0.446616 0.010000 0.396469
v -0.464330 0.010000 0.387188
v -0.446240 0.010000 0.395716
v -0.464323 0.010000 0.387169
v -0.445914 0.010000 0.394987
v -0.464280 0.010000 0.387061
v -0.445624 0.010000 0.394269
v -0.464211 0.010000 0.386873
v -0.445360 0.010000 0.393555
v -0.464122 0.010000 0.386612
v -0.445115 0.010000 0.392835
v -0.464019 0.010000 0.386284
v -0.444885 0.010000 0.392105
v -0.463905 0.010000 0.385894
v -0.444666 0.010000 0.391359
v -0.463780 0.010000 0.385441
v -0.444457 0.010000 0.390598
v -0.463649 0.010000 0.384935
v -0.444254 0.010000 0.389818
v -0.463514 0.010000 0.384380
v -0.444057 0.010000 0.389010
v -0.463373 0.010000 0.383774
v -0.443864 0.010000 0.388175
v -0.463229 0.010000 0.383119
v -0.443674 0.010000 0.387314
v -0.463082 0.010000 0.382416
v -0.443488 0.010000 0.386424
v -0.462933 0.010000 0.381667
v -0.443304 0.010000 0.385504
v -0.462781 0.010000 0.380874
v -0.443123 0.010000 0.384553
v -0.462628 0.010000 0.380036
v -0.442943 0.010000 0.383572
v -0.462473 0.010000 0.379156
v -0.442764 0.010000 0.382558
v -0.462316 0.010000 0.378233
v -0.442587 0.010000 0.381512
v -0.462159 0.010000 0.377268
v -0.442411 0.010000 0.380434
v -0.462001 0.010000 0.376263
v -0.442236 0.010000 0.379322
v -0.461842 0.010000 0.375217
v -0.442062 0.010000 0.378177
v -0.461682 0.010000 0.374131
v -0.441889 0.010000 0.376999
v -0.461521 0.010000 0.373005
v -0.441716 0.010000 0.375787
v -0.461360 0.010000 0.371841
v -0.441543 0.010000 0.374541
v -0.461199 0.010000 0.370637
v -0.441372 0.010000 0.373262
v -0.461037 0.010000 0.369396
v -0.441200 0.010000 0.371948
v -0.460874 0.010000 0.368116
v -0.441029 0.010000 0.370601
v -0.460712 0.010000 0.366799
v -0.440859 0.010000 0.369219
v -0.460549 0.010000 0.365444
v -0.440688 0.010000 0.367804
v -0.460385 0.010000 0.364052
v -0.440518 0.010000 0.366355
v -0.460222 0.010000 0.362623
v -0.440348 0.010000 0.364872
v -0.460058 0.010000 0.361158
v -0.440179 0.010000 0.363354
v -0.459894 0.010000 0.359657
v -0.440010 0.010000 0.361804
v -0.459730 0.010000 0.358119
v -0.439840 0.010000 0.360219
v -0.459565 0.010000 0.356545
v -0.439671 0.010000 0.358601
v -0.459401 0.010000 0.354936
v -0.439503 0.010000 0.356949
v -0.459236 0.010000 0.353291
v -0.439334 0.010000 0.355263
v -0.459072 0.010000 0.351611
v -0.439165 0.010000 0.353544
v -0.458907 0.010000 0.349897
v -0.438997 0.010000 0.351794
v -0.458742 0.010000 0.348149
v -0.438829 0.010000 0.350011
v -0.458577 0.010000 0.346366
v -0.438660 0.010000 0.348194
v -0.458411 0.010000 0.344550
v -0.438492 0.010000 0.346345
v -0.458246 0.010000 0.342699
v -0.438324 0.010000 0.344463
v -0.458081 0.010000 0.340815
v -0.438156 0.010000 0.342549
v -0.457915 0.010000 0.338898
v -0.437988 0.010000 0.340603
v -0.457750 0.010000 0.336947
v -0.437820 0.010000 0.338625
v -0.457584 0.010000 0.334964
v -0.437653 0.010000 0.336615
v -0.457419 0.010000 0.332949
v -0.437485 0.010000 0.334574
v -0.457253 0.010000 0.330901
v -0.437317 0.010000 0.332502
v -0.457087 0.010000 0.328822
v -0.437150 0.010000 0.330399
v -0.456922 0.010000 0.326710
v -0.436982 0.010000 0.328265
v -0.456756 0.010000 0.324568
v -0.436815 0.010000 0.326100
v -0.456590 0.010000 0.322394
v -0.436647 0.010000 0.323905
v -0.456424 0.010000 0.320190
v -0.436480 0.010000 0.321681
v -0.456258 0.010000 0.317955
v -0.436312 0.010000 0.319426
v -0.456092 0.010000 0.315689
v -0.436145 0.010000 0.317141
v -0.455926 0.010000 0.313394
v -0.435977 0.010000 0.314828
v -0.455760 0.010000 0.311069
v -0.435810 0.010000 0.312485
v -0.455594 0.010000 0.308714
v -0.435643 0.010000 0.310113
v -0.455428 0.010000 0.306330
v -0.435476 0.010000 0.307712
v -0.455262 0.010000 0.303917
v -0.435308 0.010000 0.305283
v -0.455096 0.010000 0.301476
v -0.435141 0.010000 0.302826
v -0.454929 0.010000 0.299006
v -0.434974 0.010000 0.300341
v -0.454763 0.010000 0.296507
v -0.434807 0.010000 0.297828
v -0.454597 0.010000 0.293981
v -0.434640 0.010000 0.295287
v -0.454431 0.010000 0.291427
v -0.434473 0.010000 0.292719
v -0.454265 0.010000 0.288846
v -0.434306 0.010000 0.290124
v -0.454098 0.010000 0.286237
v -0.434139 0.010000 0.287503
v -0.453932 0.010000 0.283603
v -0.433971 0.010000 0.284856
v -0.453766 0.010000 0.280942
v -0.433804 0.010000 0.282183
v -0.453600 0.010000 0.278255
v -0.433637 0.010000 0.279484
v -0.453433 0.010000 0.275542
v -0.433470 0.010000 0.276760
v -0.453267 0.010000 0.272803
v -0.433303 0.010000 0.274010
v -0.453101 0.010000 0.270039
v -0.433136 0.010000 0.271235
v -0.452934 0.010000 0.267250
v -0.432969 0.010000 0.268436
v -0.452768 0.010000 0.264437
v -0.432802 0.010000 0.265613
v -0.452601 0.010000 0.261599
v -0.432635 0.010000 0.262765
v -0.452435 0.010000 0.258738
v -0.432469 0.010000 0.259894
v -0.452269 0.010000 0.255852
v -0.432302 0.010000 0.256999
v -0.452102 0.010000 0.252944
v -0.432135 0.010000 0.254082
v -0.451936 0.010000 0.250012
v -0.431968 0.010000 0.251142
v -0.451769 0.010000 0.247058
v -0.431801 0.010000 0.248179
v -0.451603 0.010000 0.244082
v -0.431634 0.010000 0.245194
v -0.451437 0.010000 0.241083
v -0.431467 0.010000 0.242188
v -0.451270 0.010000 0.238063
v -0.431300 0.010000 0.239160
v -0.451104 0.010000 0.235021
v -0.431133 0.010000 0.236111
v -0.450937 0.010000 0.231959
v -0.430966 0.010000 0.233041
v -0.450771 0.010000 0.228876
v -0.430800 0.010000 0.229950
v -0.450604 0.010000 0.225772
v -0.430633 0.010000 0.226840
v -0.450438 0.010000 0.222648
v -0.430466 0.010000 0.223709
v -0.450271 0.010000 0.219505
v -0.430299 0.010000 0.220559
v -0.450105 0.010000 0.216342
v -0.430132 0.010000 0.217390
v -0.449938 0.010000 0.213160
v -0.429965 0.010000 0.214202
v -0.449772 0.010000 0.209959
v -0.429799 0.010000 0.210995
v -0.449605 0.010000 0.206740
v -0.429632 0.010000 0.207770
v -0.449439 0.010000 0.203503
v -0.429465 0.010000 0.204527
v -0.449272 0.010000 0.200248
v -0.429298 0.010000 0.201267
v -0.449106 0.010000 0.196975
v -0.429131 0.010000 0.197989
v -0.448939 0.010000 0.193686
v -0.428965 0.010000 0.194695
v -0.448773 0.010000 0.190380
v -0.428798 0.010000 0.191384
v -0.448606 0.010000 0.187058
v -0.428631 0.010000 0.188057
v -0.448439 0.010000 0.183720
v -0.428464 0.010000 0.184715
v -0.448273 0.010000 0.180367
v -0.428297 0.010000 0.181357
v -0.448106 0.010000 0.176998
v -0.428131 0.010000 0.177983
v -0.447940 0.010000 0.173614
v -0.427964 0.010000 0.174595
v -0.447773 0.010000 0.170216
v -0.427797 0.010000 0.171193
v -0.447607 0.010000 0.166803
v -0.427630 0.010000 0.167777
v -0.447440 0.010000 0.163377
v -0.427464 0.010000 0.164346
v -0.447273 0.010000 0.159937
v -0.427297 0.010000 0.160903
v -0.447107 0.010000 0.156485
v -0.427130 0.010000 0.157447
v -0.446940 0.010000 0.153019
v -0.426963 0.010000 0.153978
v -0.446774 0.010000 0.149541
v -0.426797 0.010000 0.150497
v -0.446607 0.010000 0.146052
v -0.426630 0.010000 0.147004
v -0.446441 0.010000 0.142550
v -0.426463 0.010000 0.143499
v -0.446274 0.010000 0.139038
v -0.426296 0.010000 0.139984
v -0.446107 0.010000 0.135514
v -0.426130 0.010000 0.136457
v -0.445941 0.010000 0.131980
v -0.425963 0.010000 0.132921
v -0.445774 0.010000 0.128436
v -0.425796 0.010000 0.129374
v -0.445607 0.010000 0.124882
v -0.425629 0.010000 0.125817
v -0.445441 0.010000 0.121319
v -0.425463 0.010000 0.122252
v -0.445274 0.010000 0.117746
v -0.425296 0.010000 0.118677
v -0.445108 0.010000 0.114165
v -0.425129 0.010000 0.115093
v -0.444941 0.010000 0.110576
v -0.424962 0.010000 0.111502
v -0.444774 0.010000 0.106978
v -0.424796 0.010000 0.107903
v -0.444608 0.010000 0.103373
v -0.424629 0.010000 0.104296
v -0.444441 0.010000 0.099761
v -0.424462 0.010000 0.100682
v -0.444274 0.010000 0.096142
v -0.424296 0.010000 0.097061
v -0.444108 0.010000 0.092516
v -0.424129 0.010000 0.093434
v -0.443941 0.010000 0.088885
v -0.423962 0.010000 0.089801
v -0.443775 0.010000 0.085247
v -0.423796 0.010000 0.086162
v -0.443608 0.010000 0.081605
v -0.423629 0.010000 0.082518
v -0.443441 0.010000 0.077957
v -0.423462 0.010000 0.078869
v -0.443275 0.010000 0.074305
v -0.423296 0.010000 0.075216
v -0.443108 0.010000 0.070649
v -0.423129 0.010000 0.071559
v -0.442941 0.010000 0.066989
v -0.422962 0.010000 0.067898
v -0.442775 0.010000 0.063325
v -0.422795 0.010000 0.064233
v -0.442608 0.010000 0.059658
v -0.422629 0.010000 0.060566
v -0.442442 0.010000 0.055989
v -0.422462 0.010000 0.056896
v -0.442275 0.010000 0.052317
v -0.422295 0.010000 0.053224
v -0.442108 0.010000 0.048644
v -0.422129 0.010000 0.049550
v -0.441941 0.010000 0.044968
v -0.421962 0.010000 0.045874
v -0.441775 0.010000 0.041292
v -0.421795 0.010000 0.042197
v -0.441608 0.010000 0.037614
v -0.421629 0.010000 0.038520
v -0.441442 0.010000 0.033937
v -0.421462 0.010000 0.034842
v -0.441275 0.010000 0.030259
v -0.421295 0.010000 0.031164
v -0.441108 0.010000 0.026581
v -0.421129 0.010000 0.027487
v -0.440942 0.010000 0.022904
v -0.420962 0.010000 0.023810
v -0.440775 0.010000 0.019228
v -0.420795 0.010000 0.020134
v -0.440608 0.010000 0.015554
v -0.420629 0.010000 0.016460
v -0.440441 0.010000 0.011881
v -0.420462 0.010000 0.012788
v -0.440275 0.010000 0.008210
v -0.420295 0.010000 0.009118
v -0.440108 0.010000 0.004542
v -0.420129 0.010000 0.005450
v -0.439941 0.010000 0.000877
v -0.419962 0.010000 0.001786
v -0.439775 0.010000 -0.002786
v -0.419795 0.010000 -0.001876
v -0.439608 0.010000 -0.006444
v -0.419629 0.010000 -0.005533
v -0.439441 0.010000 -0.010098
v -0.419462 0.010000 -0.009186
v -0.439275 0.010000 -0.013748
v -0.419295 0.010000 -0.012836
v -0.439108 0.010000 -0.017394
v -0.419129 0.010000 -0.016480
v -0.438941 0.010000 -0.021034
v -0.418962 0.010000 -0.020119
v -0.438775 0.010000 -0.024669
v -0.418796 0.010000 -0.023752
v -0.438608 0.010000 -0.028298
v -0.418629 0.010000 -0.027380
v -0.438441 0.010000 -0.031921
v -0.418462 0.010000 -0.031001
v -0.438275 0.010000 -0.035538
v -0.418296 0.010000 -0.034616
v -0.438108 0.010000 -0.039147
v -0.418129 0.010000 -0.038223
v -0.437941 0.010000 -0.042749
v -0.417963 0.010000 -0.041824
v -0.437774 0.010000 -0.046344
v -0.417796 0.010000 -0.045416
v -0.437608 0.010000 -0.049930
v -0.417629 0.010000 -0.049001
v -0.437441 0.010000 -0.053509
v -0.417463 0.010000 -0.052577
v -0.437274 0.010000 -0.057078
v -0.417296 0.010000 -0.056144
v -0.437107 0.010000 -0.060639
v -0.417129 0.010000 -0.059702
v -0.436941 0.010000 -0.064190
v -0.416963 0.010000 -0.063251
v -0.436774 0.010000 -0.067732
v -0.416796 0.010000 -0.066790
v -0.436607 0.010000 -0.071263
v -0.416630 0.010000 -0.070318
v -0.436441 0.010000 -0.074784
v -0.416463 0.010000 -0.073837
v -0.436274 0.010000 -0.078294
v -0.416296 0.010000 -0.077344
v -0.436107 0.010000 -0.081794
v -0.416130 0.010000 -0.080840
v -0.435940 0.010000 -0.085281
v -0.415963 0.010000 -0.084325
v -0.435774 0.010000 -0.088757
v -0.415797 0.010000 -0.087797
v -0.435607 0.010000 -0.092221
v -0.415630 0.010000 -0.091258
v -0.435440 0.010000 -0.095673
v -0.415463 0.010000 -0.094706
v -0.435273 0.010000 -0.099111
v -0.415297 0.010000 -0.098141
v -0.435107 0.010000 -0.102537
v -0.415130 0.010000 -0.101562
v -0.434940 0.010000 -0.105949
v -0.414964 0.010000 -0.104970
v -0.434773 0.010000 -0.109347
v -0.414797 0.010000 -0.108364
v -0.434606 0.010000 -0.112731
v -0.414631 0.010000 -0.111744
v -0.434439 0.010000 -0.116100
v -0.414464 0.010000 -0.115109
v -0.434273 0.010000 -0.119454
v -0.414297 0.010000 -0.118459
v -0.434106 0.010000 -0.122793
v -0.414131 0.010000 -0.121794
v -0.433939 0.010000 -0.126118
v -0.413964 0.010000 -0.125113
v -0.433772 0.010000 -0.129426
v -0.413798 0.010000 -0.128417
v -0.433606 0.010000 -0.132718
v -0.413631 0.010000 -0.131704
v -0.433439 0.010000 -0.135994
v -0.413465 0.010000 -0.134974
v -0.433272 0.010000 -0.139253
v -0.413298 0.010000 -0.138228
v -0.433105 0.010000 -0.142495
v -0.413132 0.010000 -0.141464
v -0.432938 0.010000 -0.145719
v -0.412965 0.010000 -0.144683
v -0.432772 0.010000 -0.148926
v -0.412799 0.010000 -0.147884
v -0.432605 0.010000 -0.152115
v -0.412632 0.010000 -0.151067
v -0.432438 0.010000 -0.155285
v -0.412466 0.010000 -0.154231
v -0.432271 0.010000 -0.158437
v -0.412299 0.010000 -0.157377
v -0.432104 0.010000 -0.161570
v -0.412133 0.010000 -0.160503
v -0.431937 0.010000 -0.164684
v -0.411966 0.010000 -0.163610
v -0.431771 0.010000 -0.167778
v -0.411800 0.010000 -0.166698
v -0.431604 0.010000 -0.170853
v -0.411633 0.010000 -0.169766
v -0.431437 0.010000 -0.173908
v -0.411467 0.010000 -0.172813
v -0.431270 0.010000 -0.176942
v -0.411300 0.010000 -0.175840
v -0.431103 0.010000 -0.179956
v -0.411134 0.010000 -0.178847
v -0.430936 0.010000 -0.182949
v -0.410967 0.010000 -0.181832
v -0.430769 0.010000 -0.185921
v -0.410801 0.010000 -0.184795
v -0.430602 0.010000 -0.188871
v -0.410635 0.010000 -0.187737
v -0.430435 0.010000 -0.191800
v -0.410468 0.010000 -0.190658
v -0.430269 0.010000 -0.194707
v -0.410302 0.010000 -0.193555
v -0.430102 0.010000 -0.197591
v -0.410135 0.010000 -0.196431
v -0.429935 0.010000 -0.200453
v -0.409969 0.010000 -0.199283
v -0.429768 0.010000 -0.203291
v -0.409802 0.010000 -0.202112
v -0.429601 0.010000 -0.206107
v -0.409636 0.010000 -0.204918
v -0.429434 0.010000 -0.208899
v -0.409470 0.010000 -0.207700
v -0.429267 0.010000 -0.211667
v -0.409303 0.010000 -0.210458
v -0.429100 0.010000 -0.214412
v -0.409137 0.010000 -0.213192
v -0.428933 0.010000 -0.217133
v -0.408971 0.010000 -0.215902
v -0.428766 0.010000 -0.219830
v -0.408804 0.010000 -0.218588
v -0.428599 0.010000 -0.222502
v -0.408638 0.010000 -0.221248
v -0.428432 0.010000 -0.225149
v -0.408472 0.010000 -0.223883
v -0.428265 0.010000 -0.227771
v -0.408306 0.010000 -0.226493
v -0.428098 0.010000 -0.230367
v -0.408139 0.010000 -0.229077
v -0.427931 0.010000 -0.232938
v -0.407973 0.010000 -0.231634
v -0.427763 0.010000 -0.235483
v -0.407807 0.010000 -0.234166
v -0.427596 0.010000 -0.238002
v -0.407641 0.010000 -0.236671
v -0.427429 0.010000 -0.240495
v -0.407474 0.010000 -0.239150
v -0.427262 0.010000 -0.242961
v -0.407308 0.010000 -0.241601
v -0.427095 0.010000 -0.245401
v -0.407142 0.010000 -0.244026
v -0.426928 0.010000 -0.247814
v -0.406976 0.010000 -0.246423
v -0.426760 0.010000 -0.250200
v -0.406810 0.010000 -0.248793
v -0.426593 0.010000 -0.252558
v -0.406644 0.010000 -0.251135
v -0.426426 0.010000 -0.254889
v -0.406478 0.010000 -0.253449
v -0.426259 0.010000 -0.257193
v -0.406312 0.010000 -0.255735
v -0.426091 0.010000 -0.259469
v -0.406146 0.010000 -0.257993
v -0.425924 0.010000 -0.261717
v -0.405980 0.010000 -0.260222
v -0.425756 0.010000 -0.263936
v -0.405814 0.010000 -0.262422
v -0.425589 0.010000 -0.266127
v -0.405648 0.010000 -0.264593
v -0.425421 0.010000 -0.268290
v -0.405482 0.010000 -0.266735
v -0.425254 0.010000 -0.270423
v -0.405316 0.010000 -0.268847
v -0.425086 0.010000 -0.272528
v -0.405150 0.010000 -0.270930
v -0.424919 0.010000 -0.274604
v -0.404985 0.010000 -0.272982
v -0.424751 0.010000 -0.276650
v -0.404819 0.010000 -0.275004
v -0.424583 0.010000 -0.278666
v -0.404653 0.010000 -0.276996
v -0.424416 0.010000 -0.280653
v -0.404488 0.010000 -0.278957
v -0.424248 0.010000 -0.282610
v -0.404322 0.010000 -0.280888
v -0.424080 0.010000 -0.284536
v -0.404157 0.010000 -0.282787
v -0.423912 0.010000 -0.286434
v -0.403991 0.010000 -0.284657
v -0.423744 0.010000 -0.288302
v -0.403826 0.010000 -0.286495
v -0.423576 0.010000 -0.290139
v -0.403661 0.010000 -0.288301
v -0.423408 0.010000 -0.291945
v -0.403496 0.010000 -0.290075
v -0.423240 0.010000 -0.293721
v -0.403331 0.010000 -0.291817
v -0.423071 0.010000 -0.295466
v -0.403166 0.010000 -0.293528
v -0.422903 0.010000 -0.297180
v -0.403001 0.010000 -0.295206
v -0.422734 0.010000 -0.298863
v -0.402836 0.010000 -0.296851
v -0.422566 0.010000 -0.300516
v -0.402671 0.010000 -0.298464
v -0.422397 0.010000 -0.302137
v -0.402507 0.010000 -0.300045
v -0.422228 0.010000 -0.303727
v -0.402342 0.010000 -0.301592
v -0.422059 0.010000 -0.305286
v -0.402178 0.010000 -0.303106
v -0.421890 0.010000 -0.306814
v -0.402014 0.010000 -0.304587
v -0.421720 0.010000 -0.308310
v -0.401850 0.010000 -0.306035
v -0.421551 0.010000 -0.309775
v -0.401686 0.010000 -0.307449
v -0.421381 0.010000 -0.311209
v -0.401523 0.010000 -0.308829
v -0.421211 0.010000 -0.312612
v -0.401360 0.010000 -0.310175
v -0.421040 0.010000 -0.313983
v -0.401197 0.010000 -0.311487
v -0.420870 0.010000 -0.315323
v -0.401034 0.010000 -0.312764
v -0.420699 0.010000 -0.316632
v -0.400872 0.010000 -0.314007
v -0.420527 0.010000 -0.317909
v -0.400710 0.010000 -0.315214
v -0.420355 0.010000 -0.319155
v -0.400548 0.010000 -0.316387
v -0.420183 0.010000 -0.320371
v -0.400387 0.010000 -0.317524
v -0.420011 0.010000 -0.321554
v -0.400226 0.010000 -0.318624
v -0.419837 0.010000 -0.322708
v -0.400066 0.010000 -0.319689
v -0.419663 0.010000 -0.323830
v -0.399907 0.010000 -0.320717
v -0.419489 0.010000 -0.324921
v -0.399748 0.010000 -0.321709
v -0.419313 0.010000 -0.325982
v -0.399590 0.010000 -0.322662
v -0.419137 0.010000 -0.327013
v -0.399434 0.010000 -0.323579
v -0.418959 0.010000 -0.328012
v -0.399278 0.010000 -0.324458
v -0.418781 0.010000 -0.328984
v -0.399123 0.010000 -0.325300
v -0.418600 0.010000 -0.329927
v -0.398970 0.010000 -0.326101
v -0.418418 0.010000 -0.330843
v -0.398819 0.010000 -0.326862
v -0.418235 0.010000 -0.331730
v -0.398669 0.010000 -0.327583
v -0.418048 0.010000 -0.332589
v -0.398522 0.010000 -0.328262
v -0.417859 0.010000 -0.333423
v -0.398378 0.010000 -0.328900
v -0.417667 0.010000 -0.334231
v -0.398237 0.010000 -0.329493
v -0.417471 0.010000 -0.335016
v -0.398099 0.010000 -0.330042
v -0.417270 0.010000 -0.335778
v -0.397967 0.010000 -0.330545
v -0.417063 0.010000 -0.336519
v -0.397840 0.010000 -0.331000
v -0.416850 0.010000 -0.337242
v -0.397721 0.010000 -0.331404
v -0.416627 0.010000 -0.337950
v -0.397610 0.010000 -0.331756
v -0.416393 0.010000 -0.338644
v -0.397511 0.010000 -0.332051
v -0.416144 0.010000 -0.339330
v -0.397426 0.010000 -0.332286
v -0.415878 0.010000 -0.340012
v -0.397359 0.010000 -0.332457
v -0.415586 0.010000 -0.340696
v -0.397317 0.010000 -0.332557
v -0.415263 0.010000 -0.341389
v -0.397308 0.010000 -0.332579
v -0.414895 0.010000 -0.342100
v -0.397342 0.010000 -0.332515
v -0.414468 0.010000 -0.342838
v -0.397436 0.010000 -0.332355
v -0.413958 0.010000 -0.343613
v -0.397613 0.010000 -0.332088
v -0.413331 0.010000 -0.344436
v -0.397906 0.010000 -0.331705
v -0.412540 0.010000 -0.345310
v -0.398364 0.010000 -0.331202
v -0.411525 0.010000 -0.346222
v -0.399045 0.010000 -0.330593
v -0.410215 0.010000 -0.347128
v -0.400022 0.010000 -0.329920
v -0.408559 0.010000 -0.347933
v -0.401345 0.010000 -0.329280
v -0.406573 0.010000 -0.348493
v -0.402997 0.010000 -0.328815
v -0.404390 0.010000 -0.348665
v -0.404847 0.010000 -0.328670
v -0.402234 0.010000 -0.348397
v -0.406670 0.010000 -0.328896
v -0.400313 0.010000 -0.347768
v -0.408257 0.010000 -0.329414
v -0.398764 0.010000 -0.346947
v -0.409473 0.010000 -0.330055
v -0.397546 0.010000 -0.346057
v -0.410358 0.010000 -0.330700
v -0.396576 0.010000 -0.345151
v -0.410994 0.010000 -0.331291
v -0.395820 0.010000 -0.344290
v -0.411417 0.010000 -0.331770
v -0.395218 0.010000 -0.343480
v -0.411685 0.010000 -0.332129
v -0.394726 0.010000 -0.342716
v -0.411844 0.010000 -0.332373
v -0.394312 0.010000 -0.341988
v -0.411925 0.010000 -0.332514
v -0.393954 0.010000 -0.341286
v -0.411950 0.010000 -0.332560
v -0.393637 0.010000 -0.340601
v -0.411933 0.010000 -0.332523
v -0.393351 0.010000 -0.339924
v -0.411886 0.010000 -0.332411
v -0.393088 0.010000 -0.339247
v -0.411816 0.010000 -0.332230
v -0.392842 0.010000 -0.338567
v -0.411728 0.010000 -0.331986
v -0.392610 0.010000 -0.337878
v -0.411627 0.010000 -0.331684
v -0.392389 0.010000 -0.337177
v -0.411515 0.010000 -0.331327
v -0.392176 0.010000 -0.336460
v -0.411394 0.010000 -0.330920
v -0.391971 0.010000 -0.335726
v -0.411266 0.010000 -0.330464
v -0.391771 0.010000 -0.334972
v -0.411133 0.010000 -0.329962
v -0.391575 0.010000 -0.334196
v -0.410995 0.010000 -0.329416
v -0.391383 0.010000 -0.333398
v -0.410854 0.010000 -0.328826
v -0.391194 0.010000 -0.332575
v -0.410709 0.010000 -0.328195
v -0.391008 0.010000 -0.331728
v -0.410562 0.010000 -0.327524
v -0.390825 0.010000 -0.330855
v -0.410412 0.010000 -0.326813
v -0.390643 0.010000 -0.329956
v -0.410261 0.010000 -0.326064
v -0.390463 0.010000 -0.329030
v -0.410107 0.010000 -0.325277
v -0.390284 0.010000 -0.328076
v -0.409953 0.010000 -0.324453
v -0.390106 0.010000 -0.327095
v -0.409797 0.010000 -0.323592
v -0.389930 0.010000 -0.326086
v -0.409640 0.010000 -0.322695
v -0.389754 0.010000 -0.325048
v -0.409483 0.010000 -0.321763
v -0.389580 0.010000 -0.323982
v -0.409324 0.010000 -0.320795
v -0.389405 0.010000 -0.322886
v -0.409165 0.010000 -0.319793
v -0.389232 0.010000 -0.321763
v -0.409005 0.010000 -0.318755
v -0.389060 0.010000 -0.320613
v -0.408844 0.010000 -0.317685
v -0.388887 0.010000 -0.319433
v -0.408683 0.010000 -0.316582
v -0.388715 0.010000 -0.318223
v -0.408522 0.010000 -0.315445
v -0.388544 0.010000 -0.316985
v -0.408360 0.010000 -0.314276
v -0.388373 0.010000 -0.315717
v -0.408197 0.010000 -0.313074
v -0.388202 0.010000 -0.314421
v -0.408035 0.010000 -0.311839
v -0.388032 0.010000 -0.313096
v -0.407872 0.010000 -0.310573
v -0.387861 0.010000 -0.311742
v -0.407709 0.010000 -0.309275
v -0.387692 0.010000 -0.310360
v -0.407545 0.010000 -0.307946
v -0.387522 0.010000 -0.308948
v -0.407382 0.010000 -0.306585
v -0.387352 0.010000 -0.307509
v -0.407218 0.010000 -0.305194
v -0.387183 0.010000 -0.306041
v -0.407054 0.010000 -0.303772
v -0.387014 0.010000 -0.304544
v -0.406890 0.010000 -0.302319
v -0.386845 0.010000 -0.303020
v -0.406725 0.010000 -0.300837
v -0.386676 0.010000 -0.301468
v -0.406561 0.010000 -0.299325
v -0.386507 0.010000 -0.299887
v -0.406396 0.010000 -0.297783
v -0.386339 0.010000 -0.298279
v -0.406232 0.010000 -0.296212
v -0.386170 0.010000 -0.296643
v -0.406067 0.010000 -0.294611
v -0.386002 0.010000 -0.294980
v -0.405902 0.010000 -0.292982
v -0.385834 0.010000 -0.293290
v -0.405737 0.010000 -0.291325
v -0.385665 0.010000 -0.291572
v -0.405572 0.010000 -0.289638
v -0.385497 0.010000 -0.289828
v -0.405406 0.010000 -0.287924
v -0.385329 0.010000 -0.288056
v -0.405241 0.010000 -0.286182
v -0.385161 0.010000 -0.286258
v -0.405076 0.010000 -0.284411
v -0.384993 0.010000 -0.284433
v -0.404910 0.010000 -0.282614
v -0.384825 0.010000 -0.282582
v -0.404745 0.010000 -0.280789
v -0.384658 0.010000 -0.280705
v -0.404579 0.010000 -0.278937
v -0.384490 0.010000 -0.278801
v -0.404414 0.010000 -0.277057
v -0.384322 0.010000 -0.276872
v -0.404248 0.010000 -0.275152
v -0.384155 0.010000 -0.274917
v -0.404082 0.010000 -0.273219
v -0.383987 0.010000 -0.272938
v -0.403917 0.010000 -0.271262
v -0.383819 0.010000 -0.270934
v -0.403751 0.010000 -0.269278
v -0.383652 0.010000 -0.268904
v -0.403585 0.010000 -0.267269
v -0.383484 0.010000 -0.266850
v -0.403419 0.010000 -0.265235
v -0.383317 0.010000 -0.264771
v -0.403253 0.010000 -0.263175
v -0.383150 0.010000 -0.262668
v -0.403087 0.010000 -0.261090
v -0.382982 0.010000 -0.260541
v -0.402921 0.010000 -0.258981
v -0.382815 0.010000 -0.258391
v -0.402755 0.010000 -0.256848
v -0.382648 0.010000 -0.256216
v -0.402589 0.010000 -0.254690
v -0.382480 0.010000 -0.254019
v -0.402423 0.010000 -0.252509
v -0.382313 0.010000 -0.251798
v -0.402257 0.010000 -0.250304
v -0.382146 0.010000 -0.249555
v -0.402091 0.010000 -0.248076
v -0.381979 0.010000 -0.247289
v -0.401925 0.010000 -0.245824
v -0.381811 0.010000 -0.245001
v -0.401759 0.010000 -0.243551
v -0.381644 0.010000 -0.242691
v -0.401593 0.010000 -0.241254
v -0.381477 0.010000 -0.240359
v -0.401426 0.010000 -0.238936
v -0.381310 0.010000 -0.238006
v -0.401260 0.010000 -0.236595
v -0.381143 0.010000 -0.235631
v -0.401094 0.010000 -0.234233
v -0.380976 0.010000 -0.233235
v -0.400928 0.010000 -0.231850
v -0.380809 0.010000 -0.230819
v -0.400761 0.010000 -0.229445
v -0.380642 0.010000 -0.228382
v -0.400595 0.010000 -0.227019
v -0.380475 0.010000 -0.225924
v -0.400429 0.010000 -0.224573
v -0.380308 0.010000 -0.223447
v -0.400263 0.010000 -0.222107
v -0.380141 0.010000 -0.220950
v -0.400096 0.010000 -0.219621
v -0.379974 0.010000 -0.218434
v -0.399930 0.010000 -0.217114
v -0.379807 0.010000 -0.215898
v -0.399764 0.010000 -0.214589
v -0.379640 0.010000 -0.213343
v -0.399597 0.010000 -0.212043
v -0.379473 0.010000 -0.210770
v -0.399431 0.010000 -0.209479
v -0.379306 0.010000 -0.208178
v -0.399265 0.010000 -0.206897
v -0.379139 0.010000 -0.205568
v -0.399098 0.010000 -0.204295
v -0.378972 0.010000 -0.202940
v -0.398932 0.010000 -0.201676
v -0.378805 0.010000 -0.200296
v -0.398765 0.010000 -0.199040
v -0.378638 0.010000 -0.197633
v -0.398599 0.010000 -0.196386
v -0.378471 0.010000 -0.194954
v -0.398433 0.010000 -0.193714
v -0.378304 0.010000 -0.192258
v -0.398266 0.010000 -0.191026
v -0.378137 0.010000 -0.189546
v -0.398100 0.010000 -0.188321
v -0.377970 0.010000 -0.186818
v -0.397933 0.010000 -0.185600
v -0.377803 0.010000 -0.184073
v -0.397767 0.010000 -0.182863
v -0.377637 0.010000 -0.181314
v -0.397600 0.010000 -0.180110
v -0.377470 0.010000 -0.178539
v -0.397434 0.010000 -0.177342
v -0.377303 0.010000 -0.175749
v -0.397267 0.010000 -0.174558
v -0.377136 0.010000 -0.172945
v -0.397101 0.010000 -0.171760
v -0.376969 0.010000 -0.170127
v -0.396934 0.010000 -0.168948
v -0.376802 0.010000 -0.167294
v -0.396768 0.010000 -0.166121
v -0.376635 0.010000 -0.164448
v -0.396601 0.010000 -0.163280
v -0.376469 0.010000 -0.161588
v -0.396435 0.010000 -0.160426
v -0.376302 0.010000 -0.158716
v -0.396268 0.010000 -0.157559
v -0.376135 0.010000 -0.155830
v -0.396102 0.010000 -0.154679
v -0.375968 0.010000 -0.152933
v -0.395935 0.010000 -0.151786
v -0.375801 0.010000 -0.150023
v -0.395769 0.010000 -0.148880
v -0.375635 0.010000 -0.147101
v -0.395602 0.010000 -0.145963
v -0.375468 0.010000 -0.144167
v -0.395436 0.010000 -0.143034
v -0.375301 0.010000 -0.141223
v -0.395269 0.010000 -0.140094
v -0.375134 0.010000 -0.138267
v -0.395103 0.010000 -0.137142
v -0.374967 0.010000 -0.135301
v -0.394936 0.010000 -0.134180
v -0.374801 0.010000 -0.132324
v -0.394769 0.010000 -0.131208
v -0.374634 0.010000 -0.129338
v -0.394603 0.010000 -0.128225
v -0.374467 0.010000 -0.126342
v -0.394436 0.010000 -0.125232
v -0.374300 0.010000 -0.123336
v -0.394270 0.010000 -0.122230
v -0.374134 0.010000 -0.120321
v -0.394103 0.010000 -0.119218
v -0.373967 0.010000 -0.117298
v -0.393937 0.010000 -0.116198
v -0.373800 0.010000 -0.114266
v -0.393770 0.010000 -0.113169
v -0.373633 0.010000 -0.111226
v -0.393604 0.010000 -0.110132
v -0.373467 0.010000 -0.108179
v -0.393437 0.010000 -0.107087
v -0.373300 0.010000 -0.105124
v -0.393270 0.010000 -0.104035
v -0.373133 0.010000 -0.102062
v -0.393104 0.010000 -0.100975
v -0.372966 0.010000 -0.098992
v -0.392937 0.010000 -0.097909
v -0.372800 0.010000 -0.095917
v -0.392770 0.010000 -0.094835
v -0.372633 0.010000 -0.092835
v -0.392604 0.010000 -0.091756
v -0.372466 0.010000 -0.089748
v -0.392437 0.010000 -0.088670
v -0.372300 0.010000 -0.086655
v -0.392271 0.010000 -0.085579
v -0.372133 0.010000 -0.083556
v -0.392104 0.010000 -0.082483
v -0.371966 0.010000 -0.080453
v -0.391937 0.010000 -0.079381
v -0.371799 0.010000 -0.077345
v -0.391771 0.010000 -0.076275
v -0.371633 0.010000 -0.074233
v -0.391604 0.010000 -0.073164
v -0.371466 0.010000 -0.071117
v -0.391438 0.010000 -0.070049
v -0.371299 0.010000 -0.067998
v -0.391271 0.010000 -0.066931
v -0.371133 0.010000 -0.064875
v -0.391104 0.010000 -0.063809
v -0.370966 0.010000 -0.061749
v -0.390938 0.010000 -0.060684
v -0.370799 0.010000 -0.058621
v -0.390771 0.010000 -0.057557
v -0.370633 0.010000 -0.055490
v -0.390604 0.010000 -0.054427
v -0.370466 0.010000 -0.052357
v -0.390438 0.010000 -0.051295
v -0.370299 0.010000 -0.049222
v -0.390271 0.010000 -0.048161
v -0.370133 0.010000 -0.046087
v -0.390104 0.010000 -0.045025
v -0.369966 0.010000 -0.042950
v -0.389938 0.010000 -0.041889
v -0.369799 0.010000 -0.039812
v -0.389771 0.010000 -0.038751
v -0.369632 0.010000 -0.036674
v -0.389604 0.010000 -0.035613
v -0.369466 0.010000 -0.033536
v -0.389438 0.010000 -0.032475
v -0.369299 0.010000 -0.030398
v -0.389271 0.010000 -0.029338
v -0.369133 0.010000 -0.027261
v -0.389104 0.010000 -0.026200
v -0.368966 0.010000 -0.024124
v -0.388938 0.010000 -0.023063
v -0.368799 0.010000 -0.020989
v -0.388771 0.010000 -0.019927
v -0.368633 0.010000 -0.017855
v -0.388604 0.010000 -0.016793
v -0.368466 0.010000 -0.014724
v -0.388438 0.010000 -0.013660
v -0.368299 0.010000 -0.011594
v -0.388271 0.010000 -0.010530
v -0.368133 0.010000 -0.008467
v -0.388104 0.010000 -0.007402
v -0.367966 0.010000 -0.005342
v -0.387938 0.010000 -0.004277
v -0.367799 0.010000 -0.002221
v -0.387771 0.010000 -0.001154
v -0.367633 0.010000 0.000897
v -0.387604 0.010000 0.001965
v -0.367466 0.010000 0.004011
v -0.387437 0.010000 0.005080
v -0.367299 0.010000 0.007121
v -0.387271 0.010000 0.008192
v -0.367133 0.010000 0.010226
v -0.387104 0.010000 0.011299
v -0.366966 0.010000 0.013328
v -0.386937 0.010000 0.014401
v -0.366800 0.010000 0.016424
v -0.386771 0.010000 0.017499
v -0.366633 0.010000 0.019514
v -0.386604 0.010000 0.020592
v -0.366466 0.010000 0.022600
v -0.386437 0.010000 0.023679
v -0.366300 0.010000 0.025679
v -0.386270 0.010000 0.026761
v -0.366133 0.010000 0.028752
v -0.386104 0.010000 0.029836
v -0.365967 0.010000 0.031819
v -0.385937 0.010000 0.032905
v -0.365800 0.010000 0.034879
v -0.385770 0.010000 0.035967
v -0.365633 0.010000 0.037931
v -0.385604 0.010000 0.039023
v -0.365467 0.010000 0.040977
v -0.385437 0.010000 0.042070
v -0.365300 0.010000 0.044014
v -0.385270 0.010000 0.045111
v -0.365134 0.010000 0.047044
v -0.385103 0.010000 0.048143
v -0.364967 0.010000 0.050065
v -0.384937 0.010000 0.051167
v -0.364800 0.010000 0.053077
v -0.384770 0.010000 0.054183
v -0.364634 0.010000 0.056081
v -0.384603 0.010000 0.057190
v -0.364467 0.010000 0.059075
v -0.384436 0.010000 0.060187
v -0.364301 0.010000 0.062059
v -0.384269 0.010000 0.063175
v -0.364134 0.010000 0.065034
v -0.384103 0.010000 0.066154
v -0.363968 0.010000 0.067999
v -0.383936 0.010000 0.069123
v -0.363801 0.010000 0.070954
v -0.383769 0.010000 0.072081
v -0.363635 0.010000 0.073897
v -0.383602 0.010000 0.075029
v -0.363468 0.010000 0.076830
v -0.383436 0.010000 0.077966
v -0.363301 0.010000 0.079752
v -0.383269 0.010000 0.080892
v -0.363135 0.010000 0.082661
v -0.383102 0.010000 0.083806
v -0.362968 0.010000 0.085559
v -0.382935 0.010000 0.086709
v -0.362802 0.010000 0.088445
v -0.382768 0.010000 0.089600
v -0.362635 0.010000 0.091318
v -0.382602 0.010000 0.092478
v -0.362469 0.010000 0.094179
v -0.382435 0.010000 0.095344
v -0.362302 0.010000 0.097026
v -0.382268 0.010000 0.098197
v -0.362136 0.010000 0.099861
v -0.382101 0.010000 0.101036
v -0.361969 0.010000 0.102682
v -0.381934 0.010000 0.103863
v -0.361803 0.010000 0.105489
v -0.381768 0.010000 0.106676
v -0.361636 0.010000 0.108282
v -0.381601 0.010000 0.109475
v -0.361470 0.010000 0.111061
v -0.381434 0.010000 0.112260
v -0.361303 0.010000 0.113825
v -0.381267 0.010000 0.115031
v -0.361137 0.010000 0.116575
v -0.381100 0.010000 0.117787
v -0.360970 0.010000 0.119309
v -0.380933 0.010000 0.120528
v -0.360804 0.010000 0.122028
v -0.380766 0.010000 0.123254
v -0.360637 0.010000 0.124731
v -0.380599 0.010000 0.125964
v -0.360471 0.010000 0.127419
v -0.380433 0.010000 0.128659
v -0.360305 0.010000 0.130090
v -0.380266 0.010000 0.131338
v -0.360138 0.010000 0.132745
v -0.380099 0.010000 0.134000
v -0.359972 0.010000 0.135383
v -0.379932 0.010000 0.136646
v -0.359805 0.010000 0.138004
v -0.379765 0.010000 0.139275
v -0.359639 0.010000 0.140608
v -0.379598 0.010000 0.141888
v -0.359473 0.010000 0.143194
v -0.379431 0.010000 0.144482
v -0.359306 0.010000 0.145763
v -0.379264 0.010000 0.147060
v -0.359140 0.010000 0.148313
v -0.379097 0.010000 0.149619
v -0.358973 0.010000 0.150846
v -0.378930 0.010000 0.152162
v -0.358807 0.010000 0.153361
v -0.378763 0.010000 0.154686
v -0.358641 0.010000 0.155856
v -0.378596 0.010000 0.157191
v -0.358474 0.010000 0.158333
v -0.378429 0.010000 0.159678
v -0.358308 0.010000 0.160790
v -0.378262 0.010000 0.162146
v -0.358142 0.010000 0.163228
v -0.378095 0.010000 0.164595
v -0.357976 0.010000 0.165647
v -0.377928 0.010000 0.167024
v -0.357809 0.010000 0.168046
v -0.377761 0.010000 0.169434
v -0.357643 0.010000 0.170424
v -0.377594 0.010000 0.171825
v -0.357477 0.010000 0.172782
v -0.377427 0.010000 0.174195
v -0.357311 0.010000 0.175120
v -0.377260 0.010000 0.176545
v -0.357144 0.010000 0.177438
v -0.377093 0.010000 0.178875
v -0.356978 0.010000 0.179734
v -0.376925 0.010000 0.181184
v -0.356812 0.010000 0.182009
v -0.376758 0.010000 0.183473
v -0.356646 0.010000 0.184263
v -0.376591 0.010000 0.185741
v -0.356480 0.010000 0.186496
v -0.376424 0.010000 0.187987
v -0.356313 0.010000 0.188706
v -0.376257 0.010000 0.190212
v -0.356147 0.010000 0.190895
v -0.376089 0.010000 0.192416
v -0.355981 0.010000 0.193062
v -0.375922 0.010000 0.194598
v -0.355815 0.010000 0.195206
v -0.375755 0.010000 0.196758
v -0.355649 0.010000 0.197328
v -0.375588 0.010000 0.198897
v -0.355483 0.010000 0.199427
v -0.375420 0.010000 0.201012
v -0.355317 0.010000 0.201503
v -0.375253 0.010000 0.203106
v -0.355151 0.010000 0.203556
v -0.375086 0.010000 0.205177
v -0.354985 0.010000 0.205586
v -0.374918 0.010000 0.207225
v -0.354819 0.010000 0.207591
v -0.374751 0.010000 0.209249
v -0.354654 0.010000 0.209573
v -0.374583 0.010000 0.211251
v -0.354488 0.010000 0.211531
v -0.374416 0.010000 0.213229
v -0.354322 0.010000 0.213465
v -0.374248 0.010000 0.215184
v -0.354156 0.010000 0.215374
v -0.374081 0.010000 0.217114
v -0.353991 0.010000 0.217260
v -0.373913 0.010000 0.219022
v -0.353825 0.010000 0.219121
v -0.373745 0.010000 0.220906
v -0.353659 0.010000 0.220957
v -0.373578 0.010000 0.222766
v -0.353494 0.010000 0.222768
v -0.373410 0.010000 0.224601
v -0.353328 0.010000 0.224554
v -0.373242 0.010000 0.226412
v -0.353163 0.010000 0.226314
v -0.373074 0.010000 0.228199
v -0.352998 0.010000 0.228048
v -0.372906 0.010000 0.229960
v -0.352832 0.010000 0.229757
v -0.372738 0.010000 0.231697
v -0.352667 0.010000 0.231440
v -0.372570 0.010000 0.233409
v -0.352502 0.010000 0.233097
v -0.372402 0.010000 0.235096
v -0.352337 0.010000 0.234728
v -0.372233 0.010000 0.236758
v -0.352172 0.010000 0.236333
v -0.372065 0.010000 0.238395
v -0.352007 0.010000 0.237911
v -0.371897 0.010000 0.240007
v -0.351842 0.010000 0.239463
v -0.371728 0.010000 0.241593
v -0.351677 0.010000 0.240988
v -0.371560 0.010000 0.243154
v -0.351513 0.010000 0.242486
v -0.371391 0.010000 0.244689
v -0.351348 0.010000 0.243957
v -0.371222 0.010000 0.246199
v -0.351184 0.010000 0.245400
v -0.371053 0.010000 0.247683
v -0.351020 0.010000 0.246816
v -0.370884 0.010000 0.249142
v -0.350856 0.010000 0.248205
v -0.370715 0.010000 0.250574
v -0.350692 0.010000 0.249566
v -0.370545 0.010000 0.251981
v -0.350528 0.010000 0.250899
v -0.370376 0.010000 0.253362
v -0.350364 0.010000 0.252203
v -0.370206 0.010000 0.254716
v -0.350201 0.010000 0.253480
v -0.370036 0.010000 0.256045
v -0.350038 0.010000 0.254728
v -0.369866 0.010000 0.257348
v -0.349875 0.010000 0.255947
v -0.369695 0.010000 0.258624
v -0.349713 0.010000 0.257137
v -0.369524 0.010000 0.259875
v -0.349550 0.010000 0.258298
v -0.369353 0.010000 0.261099
v -0.349388 0.010000 0.259430
v -0.369182 0.010000 0.262296
v -0.349227 0.010000 0.260533
v -0.369010 0.010000 0.263467
v -0.349065 0.010000 0.261607
v -0.368838 0.010000 0.264614
v -0.348905 0.010000 0.262651
v -0.368666 0.010000 0.265735
v -0.348745 0.010000 0.263664
v -0.368492 0.010000 0.266829
v -0.348585 0.010000 0.264647
v -0.368319 0.010000 0.267898
v -0.348426 0.010000 0.265599
v -0.368145 0.010000 0.268941
v -0.348267 0.010000 0.266521
v -0.367970 0.010000 0.269959
v -0.348110 0.010000 0.267412
v -0.367794 0.010000 0.270951
v -0.347953 0.010000 0.268271
v -0.367617 0.010000 0.271918
v -0.347797 0.010000 0.269098
v -0.367440 0.010000 0.272860
v -0.347642 0.010000 0.269893
v -0.367261 0.010000 0.273777
v -0.347489 0.010000 0.270656
v -0.367082 0.010000 0.274670
v -0.347336 0.010000 0.271386
v -0.366900 0.010000 0.275539
v -0.347186 0.010000 0.272082
v -0.366718 0.010000 0.276385
v -0.347037 0.010000 0.272745
v -0.366533 0.010000 0.277208
v -0.346891 0.010000 0.273372
v -0.366346 0.010000 0.278008
v -0.346747 0.010000 0.273965
v -0.366157 0.010000 0.278787
v -0.346606 0.010000 0.274521
v -0.365965 0.010000 0.279544
v -0.346468 0.010000 0.275040
v -0.365769 0.010000 0.280282
v -0.346335 0.010000 0.275520
v -0.365569 0.010000 0.281001
v -0.346206 0.010000 0.275961
v -0.365364 0.010000 0.281702
v -0.346083 0.010000 0.276360
v -0.365154 0.010000 0.282386
v -0.345967 0.010000 0.276717
v -0.364936 0.010000 0.283057
v -0.345861 0.010000 0.277028
v -0.364710 0.010000 0.283715
v -0.345764 0.010000 0.277292
v -0.364473 0.010000 0.284363
v -0.345681 0.010000 0.277505
v -0.364222 0.010000 0.285004
v -0.345615 0.010000 0.277663
v -0.363955 0.010000 0.285641
v -0.345570 0.010000 0.277763
v -0.363667 0.010000 0.286280
v -0.345553 0.010000 0.277800
v -0.363351 0.010000 0.286923
v -0.345570 0.010000 0.277768
v -0.363000 0.010000 0.287577
v -0.345628 0.010000 0.277672
v -0.362609 0.010000 0.288238
v -0.345744 0.010000 0.277498
v -0.362160 0.010000 0.288921
v -0.345945 0.010000 0.277228
v -0.361626 0.010000 0.289642
v -0.346251 0.010000 0.276870
v -0.360986 0.010000 0.290393
v -0.346695 0.010000 0.276427
v -0.360208 0.010000 0.291172
v -0.347317 0.010000 0.275915
v -0.359253 0.010000 0.291962
v -0.348155 0.010000 0.275367
v -0.358082 0.010000 0.292730
v -0.349237 0.010000 0.274846
v -0.356667 0.010000 0.293415
v -0.350550 0.010000 0.274436
v -0.355020 0.010000 0.293930
v -0.352028 0.010000 0.274225
v -0.353209 0.010000 0.294190
v -0.353554 0.010000 0.274264
v -0.351350 0.010000 0.294142
v -0.354987 0.010000 0.274542
v -0.349583 0.010000 0.293798
v -0.356224 0.010000 0.274990
v -0.348013 0.010000 0.293227
v -0.357221 0.010000 0.275520
v -0.346683 0.010000 0.292518
v -0.357981 0.010000 0.276052
v -0.345589 0.010000 0.291750
v -0.358540 0.010000 0.276537
v -0.344697 0.010000 0.290973
v -0.358935 0.010000 0.276947
v -0.343969 0.010000 0.290214
v -0.359204 0.010000 0.277271
v -0.343366 0.010000 0.289483
v -0.359379 0.010000 0.277511
v -0.342858 0.010000 0.288783
v -0.359481 0.010000 0.277668
v -0.342422 0.010000 0.288108
v -0.359529 0.010000 0.277748
v -0.342041 0.010000 0.287453
v -0.359535 0.010000 0.277759
v -0.341702 0.010000 0.286813
v -0.359509 0.010000 0.277705
v -0.341394 0.010000 0.286182
v -0.359458 0.010000 0.277591
v -0.341112 0.010000 0.285554
v -0.359388 0.010000 0.277423
v -0.340849 0.010000 0.284927
v -0.359302 0.010000 0.277202
v -0.340602 0.010000 0.284295
v -0.359204 0.010000 0.276934
v -0.340367 0.010000 0.283655
v -0.359095 0.010000 0.276621
v -0.340142 0.010000 0.283006
v -0.358978 0.010000 0.276265
v -0.339925 0.010000 0.282345
v -0.358855 0.010000 0.275868
v -0.339715 0.010000 0.281669
v -0.358725 0.010000 0.275428
v -0.339512 0.010000 0.280981
v -0.358591 0.010000 0.274951
v -0.339313 0.010000 0.280278
v -0.358453 0.010000 0.274441
v -0.339117 0.010000 0.279554
v -0.358312 0.010000 0.273896
v -0.338925 0.010000 0.278811
v -0.358168 0.010000 0.273316
v -0.338736 0.010000 0.278049
v -0.358021 0.010000 0.272702
v -0.338549 0.010000 0.277266
v -0.357873 0.010000 0.272056
v -0.338364 0.010000 0.276463
v -0.357722 0.010000 0.271378
v -0.338181 0.010000 0.275639
v -0.357570 0.010000 0.270668
v -0.338000 0.010000 0.274794
v -0.357417 0.010000 0.269928
v -0.337820 0.010000 0.273926
v -0.357262 0.010000 0.269157
v -0.337642 0.010000 0.273037
v -0.357106 0.010000 0.268357
v -0.337464 0.010000 0.272125
v -0.356949 0.010000 0.267527
v -0.337288 0.010000 0.271190
v -0.356792 0.010000 0.266669
v -0.337112 0.010000 0.270233
v -0.356633 0.010000 0.265783
v -0.336937 0.010000 0.269253
v -0.356474 0.010000 0.264868
v -0.336762 0.010000 0.268251
v -0.356315 0.010000 0.263926
v -0.336589 0.010000 0.267225
v -0.356155 0.010000 0.262956
v -0.336416 0.010000 0.266176
v -0.355994 0.010000 0.261959
v -0.336243 0.010000 0.265104
v -0.355833 0.010000 0.260935
v -0.336071 0.010000 0.264009
v -0.355671 0.010000 0.259885
v -0.335899 0.010000 0.262891
v -0.355510 0.010000 0.258809
v -0.335727 0.010000 0.261750
v -0.355348 0.010000 0.257706
v -0.335556 0.010000 0.260586
v -0.355185 0.010000 0.256578
v -0.335385 0.010000 0.259399
v -0.355022 0.010000 0.255424
v -0.335214 0.010000 0.258190
v -0.354859 0.010000 0.254245
v -0.335044 0.010000 0.256957
v -0.354696 0.010000 0.253041
v -0.334874 0.010000 0.255701
v -0.354533 0.010000 0.251811
v -0.334704 0.010000 0.254423
v -0.354369 0.010000 0.250557
v -0.334534 0.010000 0.253122
v -0.354205 0.010000 0.249279
v -0.334365 0.010000 0.251798
v -0.354042 0.010000 0.247976
v -0.334195 0.010000 0.250452
v -0.353877 0.010000 0.246649
v -0.334026 0.010000 0.249085
v -0.353713 0.010000 0.245299
v -0.333857 0.010000 0.247696
v -0.353549 0.010000 0.243926
v -0.333688 0.010000 0.246284
v -0.353384 0.010000 0.242529
v -0.333519 0.010000 0.244850
v -0.353220 0.010000 0.241109
v -0.333351 0.010000 0.243395
v -0.353055 0.010000 0.239666
v -0.333182 0.010000 0.241918
v -0.352890 0.010000 0.238200
v -0.333014 0.010000 0.240419
v -0.352725 0.010000 0.236712
v -0.332845 0.010000 0.238899
v -0.352560 0.010000 0.235202
v -0.332677 0.010000 0.237359
v -0.352395 0.010000 0.233669
v -0.332509 0.010000 0.235797
v -0.352230 0.010000 0.232115
v -0.332340 0.010000 0.234215
v -0.352065 0.010000 0.230539
v -0.332172 0.010000 0.232612
v -0.351899 0.010000 0.228942
v -0.332004 0.010000 0.230988
v -0.351734 0.010000 0.227324
v -0.331836 0.010000 0.229345
v -0.351569 0.010000 0.225685
v -0.331668 0.010000 0.227681
v -0.351403 0.010000 0.224025
v -0.331501 0.010000 0.225998
v -0.351237 0.010000 0.222345
v -0.331333 0.010000 0.224294
v -0.351072 0.010000 0.220644
v -0.331165 0.010000 0.222572
v -0.350906 0.010000 0.218924
v -0.330997 0.010000 0.220830
v -0.350741 0.010000 0.217184
v -0.330830 0.010000 0.219069
v -0.350575 0.010000 0.215424
v -0.330662 0.010000 0.217289
v -0.350409 0.010000 0.213645
v -0.330494 0.010000 0.215490
v -0.350243 0.010000 0.211846
v -0.330327 0.010000 0.213673
v -0.350077 0.010000 0.210029
v -0.330159 0.010000 0.211837
v -0.349912 0.010000 0.208193
v -0.329992 0.010000 0.209984
v -0.349746 0.010000 0.206338
v -0.329824 0.010000 0.208112
v -0.349580 0.010000 0.204465
v -0.329657 0.010000 0.206222
v -0.349414 0.010000 0.202574
v -0.329490 0.010000 0.204315
v -0.349248 0.010000 0.200666
v -0.329322 0.010000 0.202390
v -0.349082 0.010000 0.198739
v -0.329155 0.010000 0.200448
v -0.348916 0.010000 0.196795
v -0.328988 0.010000 0.198491
v -0.348750 0.010000 0.194835
v -0.328821 0.010000 0.196516
v -0.348584 0.010000 0.192857
v -0.328653 0.010000 0.194524
v -0.348418 0.010000 0.190863
v -0.328486 0.010000 0.192517
v -0.348251 0.010000 0.188853
v -0.328319 0.010000 0.190493
v -0.348085 0.010000 0.186826
v -0.328152 0.010000 0.188454
v -0.347919 0.010000 0.184783
v -0.327984 0.010000 0.186399
v -0.347753 0.010000 0.182725
v -0.327817 0.010000 0.184328
v -0.347587 0.010000 0.180651
v -0.327650 0.010000 0.182243
v -0.347421 0.010000 0.178562
v -0.327483 0.010000 0.180143
v -0.347254 0.010000 0.176458
v -0.327316 0.010000 0.178028
v -0.347088 0.010000 0.174339
v -0.327149 0.010000 0.175899
v -0.346922 0.010000 0.172206
v -0.326982 0.010000 0.173756
v -0.346755 0.010000 0.170059
v -0.326815 0.010000 0.171598
v -0.346589 0.010000 0.167898
v -0.326648 0.010000 0.169428
v -0.346423 0.010000 0.165723
v -0.326481 0.010000 0.167243
v -0.346256 0.010000 0.163535
v -0.326314 0.010000 0.165046
v -0.346090 0.010000 0.161333
v -0.326147 0.010000 0.162836
v -0.345924 0.010000 0.159119
v -0.325980 0.010000 0.160613
v -0.345757 0.010000 0.156892
v -0.325813 0.010000 0.158377
v -0.345591 0.010000 0.154652
v -0.325646 0.010000 0.156130
v -0.345425 0.010000 0.152400
v -0.325479 0.010000 0.153870
v -0.345258 0.010000 0.150136
v -0.325312 0.010000 0.151599
v -0.345092 0.010000 0.147861
v -0.325145 0.010000 0.149316
v -0.344926 0.010000 0.145574
v -0.324978 0.010000 0.147022
v -0.344759 0.010000 0.143275
v -0.324811 0.010000 0.144717
v -0.344593 0.010000 0.140966
v -0.324644 0.010000 0.142401
v -0.344426 0.010000 0.138646
v -0.324477 0.010000 0.140074
v -0.344260 0.010000 0.136316
v -0.324310 0.010000 0.137737
v -0.344093 0.010000 0.133975
v -0.324144 0.010000 0.135391
v -0.343927 0.010000 0.131625
v -0.323977 0.010000 0.133035
v -0.343760 0.010000 0.129265
v -0.323810 0.010000 0.130669
v -0.343594 0.010000 0.126895
v -0.323643 0.010000 0.128295
v -0.343427 0.010000 0.124517
v -0.323476 0.010000 0.125911
v -0.343261 0.010000 0.122129
v -0.323309 0.010000 0.123518
v -0.343094 0.010000 0.119733
v -0.323142 0.010000 0.121118
v -0.342928 0.010000 0.117329
v -0.322976 0.010000 0.118708
v -0.342761 0.010000 0.114917
v -0.322809 0.010000 0.116292
v -0.342595 0.010000 0.112496
v -0.322642 0.010000 0.113867
v -0.342428 0.010000 0.110068
v -0.322475 0.010000 0.111435
v -0.342262 0.010000 0.107633
v -0.322308 0.010000 0.108996
v -0.342095 0.010000 0.105191
v -0.322142 0.010000 0.106550
v -0.341929 0.010000 0.102742
v -0.321975 0.010000 0.104097
v -0.341762 0.010000 0.100287
v -0.321808 0.010000 0.101638
v -0.341596 0.010000 0.097825
v -0.321641 0.010000 0.099173
v -0.341429 0.010000 0.095357
v -0.321474 0.010000 0.096703
v -0.341263 0.010000 0.092884
v -0.321308 0.010000 0.094226
v -0.341096 0.010000 0.090405
v -0.321141 0.010000 0.091745
v -0.340929 0.010000 0.087921
v -0.320974 0.010000 0.089258
v -0.340763 0.010000 0.085432
v -0.320807 0.010000 0.086767
v -0.340596 0.010000 0.082939
v -0.320641 0.010000 0.084271
v -0.340430 0.010000 0.080441
v -0.320474 0.010000 0.081770
v -0.340263 0.010000 0.077939
v -0.320307 0.010000 0.079266
v -0.340096 0.010000 0.075433
v -0.320140 0.010000 0.076758
v -0.339930 0.010000 0.072923
v -0.319974 0.010000 0.074247
v -0.339763 0.010000 0.070410
v -0.319807 0.010000 0.071733
v -0.339597 0.010000 0.067894
v -0.319640 0.010000 0.069215
v -0.339430 0.010000 0.065376
v -0.319474 0.010000 0.066695
v -0.339263 0.010000 0.062854
v -0.319307 0.010000 0.064172
v -0.339097 0.010000 0.060331
v -0.319140 0.010000 0.061648
v -0.338930 0.010000 0.057805
v -0.318973 0.010000 0.059121
v -0.338763 0.010000 0.055278
v -0.318807 0.010000 0.056593
v -0.338597 0.010000 0.052749
v -0.318640 0.010000 0.054064
v -0.338430 0.010000 0.050219
v -0.318473 0.010000 0.051533
v -0.338264 0.010000 0.047688
v -0.318307 0.010000 0.049002
v -0.338097 0.010000 0.045156
v -0.318140 0.010000 0.046470
v -0.337930 0.010000 0.042624
v -0.317973 0.010000 0.043938
v -0.337764 0.010000 0.040092
v -0.317807 0.010000 0.041406
v -0.337597 0.010000 0.037560
v -0.317640 0.010000 0.038874
v -0.337430 0.010000 0.035028
v -0.317473 0.010000 0.036342
v -0.337264 0.010000 0.032497
v -0.317307 0.010000 0.033811
v -0.337097 0.010000 0.029967
v -0.317140 0.010000 0.031282
v -0.336930 0.010000 0.027438
v -0.316973 0.010000 0.028753
v -0.336763 0.010000 0.024910
v -0.316807 0.010000 0.026226
v -0.336597 0.010000 0.022384
v -0.316640 0.010000 0.023701
v -0.336430 0.010000 0.019859
v -0.316474 0.010000 0.021178
v -0.336263 0.010000 0.017337
v -0.316307 0.010000 0.018657
v -0.336097 0.010000 0.014818
v -0.316140 0.010000 0.016139
v -0.335930 0.010000 0.012301
v -0.315974 0.010000 0.013623
v -0.335763 0.010000 0.009787
v -0.315807 0.010000 0.011111
v -0.335596 0.010000 0.007276
v -0.315640 0.010000 0.008602
v -0.335430 0.010000 0.004768
v -0.315474 0.010000 0.006096
v -0.335263 0.010000 0.002264
v -0.315307 0.010000 0.003594
v -0.335096 0.010000 -0.000235
v -0.315141 0.010000 0.001097
v -0.334929 0.010000 -0.002731
v -0.314974 0.010000 -0.001397
v -0.334763 0.010000 -0.005222
v -0.314807 0.010000 -0.003885
v -0.334596 0.010000 -0.007709
v -0.314641 0.010000 -0.006369
v -0.334429 0.010000 -0.010190
v -0.314474 0.010000 -0.008848
v -0.334262 0.010000 -0.012666
v -0.314308 0.010000 -0.011321
v -0.334096 0.010000 -0.015137
v -0.314141 0.010000 -0.013789
v -0.333929 0.010000 -0.017602
v -0.313975 0.010000 -0.016251
v -0.333762 0.010000 -0.020062
v -0.313808 0.010000 -0.018707
v -0.333595 0.010000 -0.022515
v -0.313642 0.010000 -0.021157
v -0.333429 0.010000 -0.024962
v -0.313475 0.010000 -0.023600
v -0.333262 0.010000 -0.027402
v -0.313308 0.010000 -0.026036
v -0.333095 0.010000 -0.029835
v -0.313142 0.010000 -0.028465
v -0.332928 0.010000 -0.032261
v -0.312975 0.010000 -0.030887
v -0.332761 0.010000 -0.034680
v -0.312809 0.010000 -0.033301
v -0.332595 0.010000 -0.037090
v -0.312642 0.010000 -0.035708
v -0.332428 0.010000 -0.039494
v -0.312476 0.010000 -0.038106
v -0.332261 0.010000 -0.041889
v -0.312309 0.010000 -0.040496
v -0.332094 0.010000 -0.044275
v -0.312143 0.010000 -0.042878
v -0.331927 0.010000 -0.046654
v -0.311976 0.010000 -0.045251
v -0.331760 0.010000 -0.049023
v -0.311810 0.010000 -0.047616
v -0.331593 0.010000 -0.051384
v -0.311643 0.010000 -0.049971
v -0.331427 0.010000 -0.053735
v -0.311477 0.010000 -0.052316
v -0.331260 0.010000 -0.056077
v -0.311311 0.010000 -0.054652
v -0.331093 0.010000 -0.058409
v -0.311144 0.010000 -0.056979
v -0.330926 0.010000 -0.060732
v -0.310978 0.010000 -0.059295
v -0.330759 0.010000 -0.063044
v -0.310811 0.010000 -0.061601
v -0.330592 0.010000 -0.065346
v -0.310645 0.010000 -0.063896
v -0.330425 0.010000 -0.067637
v -0.310478 0.010000 -0.066181
v -0.330258 0.010000 -0.069918
v -0.310312 0.010000 -0.068454
v -0.330091 0.010000 -0.072188
v -0.310145 0.010000 -0.070717
v -0.329924 0.010000 -0.074446
v -0.309979 0.010000 -0.072968
v -0.329757 0.010000 -0.076693
v -0.309813 0.010000 -0.075207
v -0.329590 0.010000 -0.078928
v -0.309646 0.010000 -0.077435
v -0.329424 0.010000 -0.081152
v -0.309480 0.010000 -0.079650
v -0.329257 0.010000 -0.083363
v -0.309314 0.010000 -0.081853
v -0.329090 0.010000 -0.085562
v -0.309147 0.010000 -0.084044
v -0.328923 0.010000 -0.087749
v -0.308981 0.010000 -0.086222
v -0.328756 0.010000 -0.089923
v -0.308815 0.010000 -0.088387
v -0.328589 0.010000 -0.092085
v -0.308648 0.010000 -0.090539
v -0.328422 0.010000 -0.094233
v -0.308482 0.010000 -0.092678
v -0.328254 0.010000 -0.096368
v -0.308316 0.010000 -0.094803
v -0.328087 0.010000 -0.098490
v -0.308150 0.010000 -0.096914
v -0.327920 0.010000 -0.100597
v -0.307983 0.010000 -0.099012
v -0.327753 0.010000 -0.102691
v -0.307817 0.010000 -0.101095
v -0.327586 0.010000 -0.104771
v -0.307651 0.010000 -0.103164
v -0.327419 0.010000 -0.106837
v -0.307485 0.010000 -0.105219
v -0.327252 0.010000 -0.108888
v -0.307318 0.010000 -0.107258
v -0.327085 0.010000 -0.110925
v -0.307152 0.010000 -0.109283
v -0.326918 0.010000 -0.112947
v -0.306986 0.010000 -0.111293
v -0.326750 0.010000 -0.114955
v -0.306820 0.010000 -0.113288
v -0.326583 0.010000 -0.116947
v -0.306654 0.010000 -0.115267
v -0.326416 0.010000 -0.118924
v -0.306488 0.010000 -0.117231
v -0.326249 0.010000 -0.120885
v -0.306322 0.010000 -0.119179
v -0.326081 0.010000 -0.122831
v -0.306155 0.010000 -0.121111
v -0.325914 0.010000 -0.124761
v -0.305989 0.010000 -0.123027
v -0.325747 0.010000 -0.126676
v -0.305823 0.010000 -0.124927
v -0.325579 0.010000 -0.128574
v -0.305657 0.010000 -0.126810
v -0.325412 0.010000 -0.130456
v -0.305491 0.010000 -0.128676
v -0.325245 0.010000 -0.132321
v -0.305325 0.010000 -0.130526
v -0.325077 0.010000 -0.134170
v -0.305160 0.010000 -0.132358
v -0.324910 0.010000 -0.136002
v -0.304994 0.010000 -0.134173
v -0.324742 0.010000 -0.137817
v -0.304828 0.010000 -0.135971
v -0.324575 0.010000 -0.139615
v -0.304662 0.010000 -0.137751
v -0.324407 0.010000 -0.141396
v -0.304496 0.010000 -0.139513
v -0.324240 0.010000 -0.143159
v -0.304330 0.010000 -0.141258
v -0.324072 0.010000 -0.144905
v -0.304165 0.010000 -0.142984
v -0.323905 0.010000 -0.146633
v -0.303999 0.010000 -0.144693
v -0.323737 0.010000 -0.148345
v -0.303833 0.010000 -0.146383
v -0.323569 0.010000 -0.150037
v -0.303668 0.010000 -0.148055
v -0.323401 0.010000 -0.151712
v -0.303502 0.010000 -0.149708
v -0.323234 0.010000 -0.153369
v -0.303337 0.010000 -0.151342
v -0.323066 0.010000 -0.155007
v -0.303171 0.010000 -0.152957
v -0.322898 0.010000 -0.156627
v -0.303006 0.010000 -0.154553
v -0.322730 0.010000 -0.158228
v -0.302840 0.010000 -0.156129
v -0.322562 0.010000 -0.159811
v -0.302675 0.010000 -0.157686
v -0.322394 0.010000 -0.161375
v -0.302510 0.010000 -0.159224
v -0.322226 0.010000 -0.162920
v -0.302345 0.010000 -0.160742
v -0.322057 0.010000 -0.164446
v -0.302179 0.010000 -0.162240
v -0.321889 0.010000 -0.165953
v -0.302014 0.010000 -0.163719
v -0.321721 0.010000 -0.167440
v -0.301849 0.010000 -0.165177
v -0.321552 0.010000 -0.168909
v -0.301684 0.010000 -0.166615
v -0.321384 0.010000 -0.170358
v -0.301520 0.010000 -0.168033
v -0.321215 0.010000 -0.171788
v -0.301355 0.010000 -0.169430
v -0.321047 0.010000 -0.173199
v -0.301190 0.010000 -0.170806
v -0.320878 0.010000 -0.174590
v -0.301026 0.010000 -0.172162
v -0.320709 0.010000 -0.175961
v -0.300861 0.010000 -0.173497
v -0.320540 0.010000 -0.177312
v -0.300697 0.010000 -0.174811
v -0.320371 0.010000 -0.178644
v -0.300533 0.010000 -0.176104
v -0.320202 0.010000 -0.179955
v -0.300369 0.010000 -0.177375
v -0.320032 0.010000 -0.181247
v -0.300205 0.010000 -0.178625
v -0.319863 0.010000 -0.182519
v -0.300041 0.010000 -0.179853
v -0.319693 0.010000 -0.183770
v -0.299877 0.010000 -0.181059
v -0.319523 0.010000 -0.185002
v -0.299714 0.010000 -0.182244
v -0.319353 0.010000 -0.186213
v -0.299551 0.010000 -0.183406
v -0.319183 0.010000 -0.187403
v -0.299388 0.010000 -0.184546
v -0.319012 0.010000 -0.188573
v -0.299225 0.010000 -0.185664
v -0.318841 0.010000 -0.189724
v -0.299062 0.010000 -0.186761
v -0.318670 0.010000 -0.190854
v -0.298900 0.010000 -0.187834
v -0.318499 0.010000 -0.191964
v -0.298738 0.010000 -0.188884
v -0.318328 0.010000 -0.193054
v -0.298576 0.010000 -0.189912
v -0.318156 0.010000 -0.194124
v -0.298415 0.010000 -0.190916
v -0.317984 0.010000 -0.195173
v -0.298253 0.010000 -0.191898
v -0.317811 0.010000 -0.196201
v -0.298093 0.010000 -0.192856
v -0.317638 0.010000 -0.197210
v -0.297932 0.010000 -0.193790
v -0.317464 0.010000 -0.198198
v -0.297773 0.010000 -0.194701
v -0.317290 0.010000 -0.199166
v -0.297613 0.010000 -0.195588
v -0.317116 0.010000 -0.200115
v -0.297454 0.010000 -0.196451
v -0.316941 0.010000 -0.201043
v -0.297296 0.010000 -0.197290
v -0.316765 0.010000 -0.201951
v -0.297139 0.010000 -0.198105
v -0.316589 0.010000 -0.202840
v -0.296982 0.010000 -0.198895
v -0.316411 0.010000 -0.203710
v -0.296826 0.010000 -0.199660
v -0.316233 0.010000 -0.204560
v -0.296670 0.010000 -0.200400
v -0.316054 0.010000 -0.205391
v -0.296516 0.010000 -0.201115
v -0.315874 0.010000 -0.206203
v -0.296363 0.010000 -0.201804
v -0.315692 0.010000 -0.206996
v -0.296212 0.010000 -0.202467
v -0.315509 0.010000 -0.207771
v -0.296061 0.010000 -0.203104
v -0.315324 0.010000 -0.208528
v -0.295912 0.010000 -0.203714
v -0.315138 0.010000 -0.209267
v -0.295766 0.010000 -0.204296
v -0.314950 0.010000 -0.209989
v -0.295621 0.010000 -0.204851
v -0.314759 0.010000 -0.210694
v -0.295478 0.010000 -0.205378
v -0.314565 0.010000 -0.211383
v -0.295338 0.010000 -0.205876
v -0.314368 0.010000 -0.212057
v -0.295202 0.010000 -0.206344
v -0.314168 0.010000 -0.212715
v -0.295069 0.010000 -0.206781
v -0.313964 0.010000 -0.213360
v -0.294940 0.010000 -0.207188
v -0.313754 0.010000 -0.213990
v -0.294816 0.010000 -0.207562
v -0.313541 0.010000 -0.214606
v -0.294696 0.010000 -0.207906
v -0.313320 0.010000 -0.215211
v -0.294583 0.010000 -0.208217
v -0.313091 0.010000 -0.215810
v -0.294479 0.010000 -0.208489
v -0.312852 0.010000 -0.216401
v -0.294385 0.010000 -0.208723
v -0.312602 0.010000 -0.216985
v -0.294301 0.010000 -0.208919
v -0.312339 0.010000 -0.217565
v -0.294231 0.010000 -0.209073
v -0.312059 0.010000 -0.218142
v -0.294178 0.010000 -0.209185
v -0.311760 0.010000 -0.218720
v -0.294144 0.010000 -0.209250
v -0.311436 0.010000 -0.219300
v -0.294134 0.010000 -0.209268
v -0.311082 0.010000 -0.219887
v -0.294155 0.010000 -0.209234
v -0.310690 0.010000 -0.220483
v -0.294213 0.010000 -0.209146
v -0.310252 0.010000 -0.221090
v -0.294318 0.010000 -0.209002
v -0.309756 0.010000 -0.221710
v -0.294481 0.010000 -0.208799
v -0.309187 0.010000 -0.222344
v -0.294716 0.010000 -0.208538
v -0.308529 0.010000 -0.222988
v -0.295041 0.010000 -0.208221
v -0.307764 0.010000 -0.223635
v -0.295473 0.010000 -0.207857
v -0.306871 0.010000 -0.224269
v -0.296033 0.010000 -0.207461
v -0.305834 0.010000 -0.224867
v -0.296736 0.010000 -0.207056
v -0.304647 0.010000 -0.225393
v -0.297590 0.010000 -0.206679
v -0.303320 0.010000 -0.225803
v -0.298583 0.010000 -0.206372
v -0.301885 0.010000 -0.226057
v -0.299685 0.010000 -0.206178
v -0.300396 0.010000 -0.226122
v -0.300840 0.010000 -0.206127
v -0.298920 0.010000 -0.225992
v -0.301983 0.010000 -0.206228
v -0.297521 0.010000 -0.225683
v -0.303049 0.010000 -0.206463
v -0.296245 0.010000 -0.225233
v -0.303992 0.010000 -0.206794
v -0.295115 0.010000 -0.224685
v -0.304789 0.010000 -0.207180
v -0.294133 0.010000 -0.224079
v -0.305437 0.010000 -0.207579
v -0.293289 0.010000 -0.223446
v -0.305947 0.010000 -0.207961
v -0.292566 0.010000 -0.222807
v -0.306338 0.010000 -0.208304
v -0.291941 0.010000 -0.222173
v -0.306629 0.010000 -0.208599
v -0.291408 0.010000 -0.221562
v -0.306829 0.010000 -0.208827
v -0.290940 0.010000 -0.220967
v -0.306963 0.010000 -0.208997
v -0.290518 0.010000 -0.220373
v -0.307053 0.010000 -0.209122
v -0.290139 0.010000 -0.219792
v -0.307098 0.010000 -0.209191
v -0.289795 0.010000 -0.219219
v -0.307109 0.010000 -0.209209
v -0.289478 0.010000 -0.218652
v -0.307092 0.010000 -0.209177
v -0.289185 0.010000 -0.218088
v -0.307052 0.010000 -0.209099
v -0.288911 0.010000 -0.217524
v -0.306993 0.010000 -0.208978
v -0.288652 0.010000 -0.216959
v -0.306919 0.010000 -0.208816
v -0.288405 0.010000 -0.216390
v -0.306832 0.010000 -0.208616
v -0.288169 0.010000 -0.215815
v -0.306735 0.010000 -0.208379
v -0.287941 0.010000 -0.215233
v -0.306629 0.010000 -0.208107
v -0.287721 0.010000 -0.214642
v -0.306515 0.010000 -0.207802
v -0.287508 0.010000 -0.214042
v -0.306396 0.010000 -0.207466
v -0.287299 0.010000 -0.213430
v -0.306271 0.010000 -0.207099
v -0.287096 0.010000 -0.212807
v -0.306141 0.010000 -0.206702
v -0.286896 0.010000 -0.212171
v -0.306008 0.010000 -0.206277
v -0.286699 0.010000 -0.211522
v -0.305871 0.010000 -0.205825
v -0.286506 0.010000 -0.210859
v -0.305731 0.010000 -0.205345
v -0.286315 0.010000 -0.210181
v -0.305589 0.010000 -0.204840
v -0.286126 0.010000 -0.209489
v -0.305444 0.010000 -0.204309
v -0.285940 0.010000 -0.208782
v -0.305297 0.010000 -0.203753
v -0.285755 0.010000 -0.208059
v -0.305149 0.010000 -0.203172
v -0.285572 0.010000 -0.207320
v -0.304999 0.010000 -0.202568
v -0.285390 0.010000 -0.206566
v -0.304847 0.010000 -0.201940
v -0.285209 0.010000 -0.205795
v -0.304695 0.010000 -0.201289
v -0.285029 0.010000 -0.205008
v -0.304541 0.010000 -0.200615
v -0.284851 0.010000 -0.204204
v -0.304386 0.010000 -0.199918
v -0.284673 0.010000 -0.203384
v -0.304230 0.010000 -0.199200
v -0.284496 0.010000 -0.202546
v -0.304074 0.010000 -0.198460
v -0.284320 0.010000 -0.201694
v -0.303917 0.010000 -0.197697
v -0.284145 0.010000 -0.200825
v -0.303759 0.010000 -0.196913
v -0.283970 0.010000 -0.199938
v -0.303600 0.010000 -0.196109
v -0.283796 0.010000 -0.199035
v -0.303441 0.010000 -0.195285
v -0.283622 0.010000 -0.198115
v -0.303282 0.010000 -0.194440
v -0.283449 0.010000 -0.197178
v -0.303122 0.010000 -0.193575
v -0.283276 0.010000 -0.196224
v -0.302961 0.010000 -0.192690
v -0.283103 0.010000 -0.195254
v -0.302800 0.010000 -0.191785
v -0.282931 0.010000 -0.194267
v -0.302639 0.010000 -0.190861
v -0.282759 0.010000 -0.193263
v -0.302478 0.010000 -0.189918
v -0.282588 0.010000 -0.192243
v -0.302316 0.010000 -0.188955
v -0.282417 0.010000 -0.191207
v -0.302154 0.010000 -0.187974
v -0.282246 0.010000 -0.190154
v -0.301991 0.010000 -0.186974
v -0.282075 0.010000 -0.189085
v -0.301829 0.010000 -0.185956
v -0.281904 0.010000 -0.188000
v -0.301666 0.010000 -0.184919
v -0.281734 0.010000 -0.186899
v -0.301503 0.010000 -0.183865
v -0.281564 0.010000 -0.185782
v -0.301340 0.010000 -0.182793
v -0.281394 0.010000 -0.184649
v -0.301176 0.010000 -0.181704
v -0.281224 0.010000 -0.183500
v -0.301013 0.010000 -0.180597
v -0.281055 0.010000 -0.182335
v -0.300849 0.010000 -0.179472
v -0.280885 0.010000 -0.181155
v -0.300685 0.010000 -0.178331
v -0.280716 0.010000 -0.179960
v -0.300521 0.010000 -0.177173
v -0.280547 0.010000 -0.178749
v -0.300357 0.010000 -0.175999
v -0.280378 0.010000 -0.177523
v -0.300193 0.010000 -0.174808
v -0.280209 0.010000 -0.176282
v -0.300028 0.010000 -0.173600
v -0.280040 0.010000 -0.175026
v -0.299864 0.010000 -0.172377
v -0.279871 0.010000 -0.173755
v -0.299699 0.010000 -0.171138
v -0.279702 0.010000 -0.172470
v -0.299534 0.010000 -0.169883
v -0.279534 0.010000 -0.171169
v -0.299370 0.010000 -0.168612
v -0.279365 0.010000 -0.169854
v -0.299205 0.010000 -0.167326
v -0.279197 0.010000 -0.168526
v -0.299040 0.010000 -0.166025
v -0.279029 0.010000 -0.167184
v -0.298875 0.010000 -0.164709
v -0.278860 0.010000 -0.165827
v -0.298710 0.010000 -0.163378
v -0.278692 0.010000 -0.164457
v -0.298545 0.010000 -0.162033
v -0.278524 0.010000 -0.163073
v -0.298380 0.010000 -0.160673
v -0.278356 0.010000 -0.161676
v -0.298214 0.010000 -0.159299
v -0.278188 0.010000 -0.160265
v -0.298049 0.010000 -0.157911
v -0.278020 0.010000 -0.158841
v -0.297884 0.010000 -0.156509
v -0.277852 0.010000 -0.157405
v -0.297718 0.010000 -0.155094
v -0.277684 0.010000 -0.155955
v -0.297553 0.010000 -0.153665
v -0.277516 0.010000 -0.154493
v -0.297387 0.010000 -0.152222
v -0.277349 0.010000 -0.153018
v -0.297222 0.010000 -0.150767
v -0.277181 0.010000 -0.151532
v -0.297056 0.010000 -0.149299
v -0.277013 0.010000 -0.150033
v -0.296890 0.010000 -0.147818
v -0.276846 0.010000 -0.148522
v -0.296725 0.010000 -0.146325
v -0.276678 0.010000 -0.146999
v -0.296559 0.010000 -0.144819
v -0.276510 0.010000 -0.145465
v -0.296393 0.010000 -0.143301
v -0.276343 0.010000 -0.143919
v -0.296227 0.010000 -0.141772
v -0.276175 0.010000 -0.142362
v -0.296061 0.010000 -0.140231
v -0.276008 0.010000 -0.140795
v -0.295896 0.010000 -0.138678
v -0.275840 0.010000 -0.139216
v -0.295730 0.010000 -0.137114
v -0.275673 0.010000 -0.137626
v -0.295564 0.010000 -0.135538
v -0.275506 0.010000 -0.136027
v -0.295398 0.010000 -0.133952
v -0.275338 0.010000 -0.134416
v -0.295232 0.010000 -0.132355
v -0.275171 0.010000 -0.132796
v -0.295066 0.010000 -0.130748
v -0.275004 0.010000 -0.131166
v -0.294900 0.010000 -0.129130
v -0.274836 0.010000 -0.129525
v -0.294734 0.010000 -0.127502
v -0.274669 0.010000 -0.127876
v -0.294568 0.010000 -0.125864
v -0.274502 0.010000 -0.126216
v -0.294402 0.010000 -0.124216
v -0.274335 0.010000 -0.124548
v -0.294236 0.010000 -0.122559
v -0.274168 0.010000 -0.122870
v -0.294069 0.010000 -0.120892
v -0.274000 0.010000 -0.121184
v -0.293903 0.010000 -0.119216
v -0.273833 0.010000 -0.119490
v -0.293737 0.010000 -0.117531
v -0.273666 0.010000 -0.117787
v -0.293571 0.010000 -0.115838
v -0.273499 0.010000 -0.116075
v -0.293405 0.010000 -0.114136
v -0.273332 0.010000 -0.114356
v -0.293238 0.010000 -0.112425
v -0.273165 0.010000 -0.112628
v -0.293072 0.010000 -0.110707
v -0.272998 0.010000 -0.110893
v -0.292906 0.010000 -0.108980
v -0.272831 0.010000 -0.109151
v -0.292740 0.010000 -0.107246
v -0.272664 0.010000 -0.107401
v -0.292573 0.010000 -0.105504
v -0.272497 0.010000 -0.105644
v -0.292407 0.010000 -0.103755
v -0.272330 0.010000 -0.103881
v -0.292241 0.010000 -0.101999
v -0.272162 0.010000 -0.102110
v -0.292074 0.010000 -0.100235
v -0.271995 0.010000 -0.100334
v -0.291908 0.010000 -0.098465
v -0.271829 0.010000 -0.098551
v -0.291742 0.010000 -0.096689
v -0.271662 0.010000 -0.096761
v -0.291575 0.010000 -0.094906
v -0.271495 0.010000 -0.094966
v -0.291409 0.010000 -0.093117
v -0.271328 0.010000 -0.093166
v -0.291243 0.010000 -0.091322
v -0.271161 0.010000 -0.091360
v -0.291076 0.010000 -0.089522
v -0.270994 0.010000 -0.089548
v -0.290910 0.010000 -0.087716
v -0.270827 0.010000 -0.087732
v -0.290743 0.010000 -0.085904
v -0.270660 0.010000 -0.085911
v -0.290577 0.010000 -0.084088
v -0.270493 0.010000 -0.084085
v -0.290410 0.010000 -0.082267
v -0.270326 0.010000 -0.082254
v -0.290244 0.010000 -0.080441
v -0.270159 0.010000 -0.080420
v -0.290077 0.010000 -0.078610
v -0.269993 0.010000 -0.078581
v -0.289911 0.010000 -0.076775
v -0.269826 0.010000 -0.076738
v -0.289744 0.010000 -0.074937
v -0.269659 0.010000 -0.074892
v -0.289578 0.010000 -0.073094
v -0.269492 0.010000 -0.073042
v -0.289411 0.010000 -0.071247
v -0.269325 0.010000 -0.071189
v -0.289245 0.010000 -0.069398
v -0.269159 0.010000 -0.069333
v -0.289078 0.010000 -0.067545
v -0.268992 0.010000 -0.067474
v -0.288912 0.010000 -0.065688
v -0.268825 0.010000 -0.065612
v -0.288745 0.010000 -0.063829
v -0.268658 0.010000 -0.063748
v -0.288579 0.010000 -0.061967
v -0.268491 0.010000 -0.061882
v -0.288412 0.010000 -0.060103
v -0.268325 0.010000 -0.060014
v -0.288246 0.010000 -0.058237
v -0.268158 0.010000 -0.058144
v -0.288079 0.010000 -0.056368
v -0.267991 0.010000 -0.056272
v -0.287912 0.010000 -0.054498
v -0.267825 0.010000 -0.054399
v -0.287746 0.010000 -0.052626
v -0.267658 0.010000 -0.052524
v -0.287579 0.010000 -0.050753
v -0.267491 0.010000 -0.050649
v -0.287413 0.010000 -0.048879
v -0.267324 0.010000 -0.048773
v -0.287246 0.010000 -0.047003
v -0.267158 0.010000 -0.046896
v -0.287079 0.010000 -0.045127
v -0.266991 0.010000 -0.045018
v -0.286913 0.010000 -0.043250
v -0.266824 0.010000 -0.043141
v -0.286746 0.010000 -0.041372
v -0.266658 0.010000 -0.041263
v -0.286579 0.010000 -0.039495
v -0.266491 0.010000 -0.039385
v -0.286413 0.010000 -0.037617
v -0.266324 0.010000 -0.037508
v -0.286246 0.010000 -0.035739
v -0.266158 0.010000 -0.035632
v -0.286079 0.010000 -0.033862
v -0.265991 0.010000 -0.033756
v -0.285913 0.010000 -0.031986
v -0.265824 0.010000 -0.031881
v -0.285746 0.010000 -0.030110
v -0.265658 0.010000 -0.030007
v -0.285579 0.010000 -0.028235
v -0.265491 0.010000 -0.028135
v -0.285412 0.010000 -0.026361
v -0.265325 0.010000 -0.026264
v -0.285246 0.010000 -0.024489
v -0.265158 0.010000 -0.024394
v -0.285079 0.010000 -0.022618
v -0.264991 0.010000 -0.022527
v -0.284912 0.010000 -0.020749
v -0.264825 0.010000 -0.020662
v -0.284745 0.010000 -0.018882
v -0.264658 0.010000 -0.018799
v -0.284579 0.010000 -0.017017
v -0.264492 0.010000 -0.016939
v -0.284412 0.010000 -0.015154
v -0.264325 0.010000 -0.015081
v -0.284245 0.010000 -0.013294
v -0.264159 0.010000 -0.013227
v -0.284078 0.010000 -0.011437
v -0.263992 0.010000 -0.011375
v -0.283912 0.010000 -0.009582
v -0.263826 0.010000 -0.009527
v -0.283745 0.010000 -0.007730
v -0.263659 0.010000 -0.007682
v -0.283578 0.010000 -0.005882
v -0.263493 0.010000 -0.005841
v -0.283411 0.010000 -0.004037
v -0.263326 0.010000 -0.004003
v -0.283244 0.010000 -0.002196
v -0.263160 0.010000 -0.002170
v -0.283077 0.010000 -0.000359
v -0.262993 0.010000 -0.000341
v -0.282911 0.010000 0.001474
v -0.262827 0.010000 0.001484
v -0.282744 0.010000 0.003303
v -0.262660 0.010000 0.003304
v -0.282577 0.010000 0.005128
v -0.262494 0.010000 0.005119
v -0.282410 0.010000 0.006948
v -0.262327 0.010000 0.006929
v -0.282243 0.010000 0.008763
v -0.262161 0.010000 0.008735
v -0.282076 0.010000 0.010573
v -0.261994 0.010000 0.010535
v -0.281909 0.010000 0.012379
v -0.261828 0.010000 0.012329
v -0.281742 0.010000 0.014179
v -0.261662 0.010000 0.014118
v -0.281575 0.010000 0.015973
v -0.261495 0.010000 0.015901
v -0.281408 0.010000 0.017762
v -0.261329 0.010000 0.017678
v -0.281241 0.010000 0.019545
v -0.261162 0.010000 0.019449
v -0.281074 0.010000 0.021323
v -0.260996 0.010000 0.021213
v -0.280907 0.010000 0.023094
v -0.260830 0.010000 0.022971
v -0.280740 0.010000 0.024859
v -0.260663 0.010000 0.024722
v -0.280573 0.010000 0.026617
v -0.260497 0.010000 0.026466
v -0.280406 0.010000 0.028368
v -0.260331 0.010000 0.028203
v -0.280239 0.010000 0.030113
v -0.260164 0.010000 0.029933
v -0.280072 0.010000 0.031851
v -0.259998 0.010000 0.031656
v -0.279905 0.010000 0.033582
v -0.259832 0.010000 0.033371
v -0.279738 0.010000 0.035305
v -0.259666 0.010000 0.035078
v -0.279571 0.010000 0.037021
v -0.259499 0.010000 0.036777
v -0.279404 0.010000 0.038729
v -0.259333 0.010000 0.038468
v -0.279237 0.010000 0.040429
v -0.259167 0.010000 0.040151
v -0.279070 0.010000 0.042121
v -0.259001 0.010000 0.041825
v -0.278903 0.010000 0.043805
v -0.258835 0.010000 0.043491
v -0.278736 0.010000 0.045481
v -0.258669 0.010000 0.045148
v -0.278568 0.010000 0.047149
v -0.258503 0.010000 0.046797
v -0.278401 0.010000 0.048808
v -0.258336 0.010000 0.048436
v -0.278234 0.010000 0.050458
v -0.258170 0.010000 0.050066
v -0.278067 0.010000 0.052099
v -0.258004 0.010000 0.051686
v -0.277900 0.010000 0.053731
v -0.257838 0.010000 0.053297
v -0.277732 0.010000 0.055354
v -0.257672 0.010000 0.054898
v -0.277565 0.010000 0.056967
v -0.257506 0.010000 0.056490
v -0.277398 0.010000 0.058571
v -0.257340 0.010000 0.058071
v -0.277230 0.010000 0.060165
v -0.257174 0.010000 0.059643
v -0.277063 0.010000 0.061750
v -0.257008 0.010000 0.061204
v -0.276896 0.010000 0.063325
v -0.256842 0.010000 0.062755
v -0.276728 0.010000 0.064889
v -0.256677 0.010000 0.064295
v -0.276561 0.010000 0.066444
v -0.256511 0.010000 0.065825
v -0.276393 0.010000 0.067988
v -0.256345 0.010000 0.067344
v -0.276226 0.010000 0.069522
v -0.256179 0.010000 0.068851
v -0.276058 0.010000 0.071045
v -0.256013 0.010000 0.070348
v -0.275891 0.010000 0.072558
v -0.255848 0.010000 0.071834
v -0.275723 0.010000 0.074060
v -0.255682 0.010000 0.073308
v -0.275556 0.010000 0.075550
v -0.255516 0.010000 0.074770
v -0.275388 0.010000 0.077030
v -0.255351 0.010000 0.076221
v -0.275220 0.010000 0.078499
v -0.255185 0.010000 0.077660
v -0.275053 0.010000 0.079956
v -0.255019 0.010000 0.079087
v -0.274885 0.010000 0.081401
v -0.254854 0.010000 0.080502
v -0.274717 0.010000 0.082836
v -0.254688 0.010000 0.081904
v -0.274549 0.010000 0.084258
v -0.254523 0.010000 0.083294
v -0.274381 0.010000 0.085668
v -0.254358 0.010000 0.084671
v -0.274213 0.010000 0.087068
v -0.254192 0.010000 0.086036
v -0.274045 0.010000 0.088454
v -0.254026 0.010000 0.087390
v -0.273877 0.010000 0.089827
v -0.253861 0.010000 0.088730
v -0.273709 0.010000 0.091190
v -0.253696 0.010000 0.090057
v -0.273541 0.010000 0.092540
v -0.253531 0.010000 0.091371
v -0.273373 0.010000 0.093877
v -0.253366 0.010000 0.092671
v -0.273205 0.010000 0.095202
v -0.253201 0.010000 0.093958
v -0.273037 0.010000 0.096515
v -0.253036 0.010000 0.095231
v -0.272868 0.010000 0.097814
v -0.252871 0.010000 0.096491
v -0.272700 0.010000 0.099100
v -0.252706 0.010000 0.097738
v -0.272531 0.010000 0.100374
v -0.252541 0.010000 0.098970
v -0.272363 0.010000 0.101635
v -0.252376 0.010000 0.100189
v -0.272194 0.010000 0.102882
v -0.252212 0.010000 0.101393
v -0.272026 0.010000 0.104117
v -0.252047 0.010000 0.102584
v -0.271857 0.010000 0.105338
v -0.251883 0.010000 0.103760
v -0.271688 0.010000 0.106545
v -0.251718 0.010000 0.104922
v -0.271519 0.010000 0.107740
v -0.251554 0.010000 0.106070
v -0.271350 0.010000 0.108921
v -0.251390 0.010000 0.107203
v -0.271181 0.010000 0.110088
v -0.251226 0.010000 0.108322
v -0.271012 0.010000 0.111242
v -0.251062 0.010000 0.109425
v -0.270842 0.010000 0.112382
v -0.250898 0.010000 0.110514
v -0.270673 0.010000 0.113509
v -0.250734 0.010000 0.111588
v -0.270503 0.010000 0.114622
v -0.250571 0.010000 0.112647
v -0.270333 0.010000 0.115721
v -0.250407 0.010000 0.113690
v -0.270163 0.010000 0.116806
v -0.250244 0.010000 0.114719
v -0.269993 0.010000 0.117877
v -0.250081 0.010000 0.115731
v -0.269823 0.010000 0.118934
v -0.249918 0.010000 0.116729
v -0.269653 0.010000 0.119977
v -0.249756 0.010000 0.117710
v -0.269482 0.010000 0.121006
v -0.249593 0.010000 0.118676
v -0.269311 0.010000 0.122020
v -0.249431 0.010000 0.119623
v -0.269140 0.010000 0.123022
v -0.249268 0.010000 0.120558
v -0.268969 0.010000 0.124008
v -0.249106 0.010000 0.121478
v -0.268798 0.010000 0.124978
v -0.248945 0.010000 0.122380
v -0.268626 0.010000 0.125936
v -0.248783 0.010000 0.123266
v -0.268454 0.010000 0.126880
v -0.248622 0.010000 0.124135
v -0.268282 0.010000 0.127810
v -0.248461 0.010000 0.124988
v -0.268109 0.010000 0.128725
v -0.248301 0.010000 0.125824
v -0.267936 0.010000 0.129626
v -0.248141 0.010000 0.126643
v -0.267763 0.010000 0.130513
v -0.247981 0.010000 0.127446
v -0.267589 0.010000 0.131385
v -0.247822 0.010000 0.128232
v -0.267415 0.010000 0.132243
v -0.247663 0.010000 0.129000
v -0.267241 0.010000 0.133087
v -0.247505 0.010000 0.129752
v -0.267066 0.010000 0.133917
v -0.247347 0.010000 0.130486
v -0.266891 0.010000 0.134732
v -0.247189 0.010000 0.131203
v -0.266715 0.010000 0.135534
v -0.247033 0.010000 0.131903
v -0.266538 0.010000 0.136322
v -0.246876 0.010000 0.132584
v -0.266361 0.010000 0.137096
v -0.246721 0.010000 0.133248
v -0.266183 0.010000 0.137856
v -0.246566 0.010000 0.133894
v -0.266004 0.010000 0.138602
v -0.246413 0.010000 0.134522
v -0.265825 0.010000 0.139335
v -0.246260 0.010000 0.135131
v -0.265644 0.010000 0.140054
v -0.246108 0.010000 0.135722
v -0.265463 0.010000 0.140760
v -0.245957 0.010000 0.136294
v -0.265280 0.010000 0.141453
v -0.245808 0.010000 0.136847
v -0.265097 0.010000 0.142132
v -0.245659 0.010000 0.137380
v -0.264911 0.010000 0.142799
v -0.245513 0.010000 0.137894
v -0.264725 0.010000 0.143453
v -0.245368 0.010000 0.138389
v -0.264536 0.010000 0.144095
v -0.245225 0.010000 0.138863
v -0.264346 0.010000 0.144725
v -0.245084 0.010000 0.139316
v -0.264154 0.010000 0.145342
v -0.244945 0.010000 0.139749
v -0.263960 0.010000 0.145949
v -0.244810 0.010000 0.140157
v -0.263761 0.010000 0.146546
v -0.244675 0.010000 0.140549
v -0.263562 0.010000 0.147128
v -0.244543 0.010000 0.140924
v -0.263361 0.010000 0.147696
v -0.244416 0.010000 0.141270
v -0.263155 0.010000 0.148260
v -0.244293 0.010000 0.141594
v -0.262944 0.010000 0.148814
v -0.244175 0.010000 0.141894
v -0.262729 0.010000 0.149359
v -0.244061 0.010000 0.142170
v -0.262509 0.010000 0.149895
v -0.243954 0.010000 0.142421
v -0.262283 0.010000 0.150424
v -0.243853 0.010000 0.142648
v -0.262051 0.010000 0.150945
v -0.243760 0.010000 0.142848
v -0.261811 0.010000 0.151460
v -0.243675 0.010000 0.143021
v -0.261562 0.010000 0.151969
v -0.243601 0.010000 0.143167
v -0.261303 0.010000 0.152474
v -0.243538 0.010000 0.143284
v -0.261033 0.010000 0.152975
v -0.243488 0.010000 0.143371
v -0.260749 0.010000 0.153474
v -0.243455 0.010000 0.143427
v -0.260449 0.010000 0.153971
v -0.243439 0.010000 0.143452
v -0.260132 0.010000 0.154468
v -0.243445 0.010000 0.143444
v -0.259793 0.010000 0.154965
v -0.243475 0.010000 0.143402
v -0.259429 0.010000 0.155464
v -0.243535 0.010000 0.143327
v -0.259036 0.010000 0.155965
v -0.243629 0.010000 0.143217
v -0.258609 0.010000 0.156468
v -0.243762 0.010000 0.143073
v -0.258142 0.010000 0.156973
v -0.243941 0.010000 0.142897
v -0.257630 0.010000 0.157478
v -0.244173 0.010000 0.142691
v -0.257065 0.010000 0.157982
v -0.244465 0.010000 0.142460
v -0.256440 0.010000 0.158478
v -0.244823 0.010000 0.142210
v -0.255748 0.010000 0.158962
v -0.245253 0.010000 0.141950
v -0.254984 0.010000 0.159423
v -0.245759 0.010000 0.141693
v -0.254145 0.010000 0.159850
v -0.246341 0.010000 0.141453
v -0.253230 0.010000 0.160229
v -0.246994 0.010000 0.141245
v -0.252244 0.010000 0.160544
v -0.247706 0.010000 0.141086
v -0.251199 0.010000 0.160778
v -0.248460 0.010000 0.140988
v -0.250111 0.010000 0.160919
v -0.249209 0.010000 0.140960
v -0.249027 0.010000 0.160959
v -0.249954 0.010000 0.141001
v -0.247950 0.010000 0.160900
v -0.250693 0.010000 0.141110
v -0.246877 0.010000 0.160742
v -0.251383 0.010000 0.141275
v -0.245854 0.010000 0.160496
v -0.252008 0.010000 0.141484
v -0.244895 0.010000 0.160176
v -0.252561 0.010000 0.141719
v -0.244009 0.010000 0.159798
v -0.253039 0.010000 0.141966
v -0.243199 0.010000 0.159378
v -0.253442 0.010000 0.142212
v -0.242462 0.010000 0.158928
v -0.253776 0.010000 0.142446
v -0.241794 0.010000 0.158459
v -0.254047 0.010000 0.142660
v -0.241190 0.010000 0.157980
v -0.254261 0.010000 0.142849
v -0.240643 0.010000 0.157496
v -0.254426 0.010000 0.143009
v -0.240145 0.010000 0.157011
v -0.254547 0.010000 0.143138
v -0.239690 0.010000 0.156527
v -0.254632 0.010000 0.143235
v -0.239272 0.010000 0.156044
v -0.254684 0.010000 0.143300
v -0.238886 0.010000 0.155565
v -0.254709 0.010000 0.143333
v -0.238528 0.010000 0.155087
v -0.254711 0.010000 0.143335
v -0.238193 0.010000 0.154612
v -0.254692 0.010000 0.143306
v -0.237878 0.010000 0.154137
v -0.254656 0.010000 0.143249
v -0.237581 0.010000 0.153662
v -0.254606 0.010000 0.143163
v -0.237298 0.010000 0.153186
v -0.254542 0.010000 0.143050
v -0.237029 0.010000 0.152709
v -0.254467 0.010000 0.142911
v -0.236770 0.010000 0.152229
v -0.254383 0.010000 0.142747
v -0.236521 0.010000 0.151746
v -0.254290 0.010000 0.142559
v -0.236281 0.010000 0.151258
v -0.254190 0.010000 0.142347
v -0.236048 0.010000 0.150765
v -0.254083 0.010000 0.142112
v -0.235821 0.010000 0.150267
v -0.253971 0.010000 0.141856
v -0.235600 0.010000 0.149763
v -0.253854 0.010000 0.141579
v -0.235384 0.010000 0.149252
v -0.253732 0.010000 0.141281
v -0.235172 0.010000 0.148733
v -0.253605 0.010000 0.140959
v -0.234966 0.010000 0.148211
v -0.253475 0.010000 0.140619
v -0.234762 0.010000 0.147679
v -0.253343 0.010000 0.140264
v -0.234561 0.010000 0.147136
v -0.253208 0.010000 0.139890
v -0.234362 0.010000 0.146586
v -0.253070 0.010000 0.139497
v -0.234167 0.010000 0.146027
v -0.252931 0.010000 0.139086
v -0.233973 0.010000 0.145459
v -0.252789 0.010000 0.138658
v -0.233782 0.010000 0.144882
v -0.252645 0.010000 0.138213
v -0.233592 0.010000 0.144296
v -0.252499 0.010000 0.137752
v -0.233404 0.010000 0.143700
v -0.252352 0.010000 0.137274
v -0.233218 0.010000 0.143095
v -0.252204 0.010000 0.136781
v -0.233033 0.010000 0.142480
v -0.252054 0.010000 0.136272
v -0.232849 0.010000 0.141855
v -0.251904 0.010000 0.135747
v -0.232667 0.010000 0.141220
v -0.251752 0.010000 0.135208
v -0.232485 0.010000 0.140575
v -0.251599 0.010000 0.134654
v -0.232305 0.010000 0.139920
v -0.251445 0.010000 0.134085
v -0.232125 0.010000 0.139255
v -0.251291 0.010000 0.133503
v -0.231946 0.010000 0.138580
v -0.251136 0.010000 0.132906
v -0.231768 0.010000 0.137895
v -0.250980 0.010000 0.132295
v -0.231591 0.010000 0.137200
v -0.250823 0.010000 0.131671
v -0.231414 0.010000 0.136495
v -0.250666 0.010000 0.131033
v -0.231238 0.010000 0.135779
v -0.250509 0.010000 0.130383
v -0.231062 0.010000 0.135053
v -0.250351 0.010000 0.129719
v -0.230887 0.010000 0.134318
v -0.250192 0.010000 0.129042
v -0.230712 0.010000 0.133572
v -0.250033 0.010000 0.128353
v -0.230538 0.010000 0.132817
v -0.249874 0.010000 0.127652
v -0.230364 0.010000 0.132051
v -0.249714 0.010000 0.126938
v -0.230190 0.010000 0.131275
v -0.249554 0.010000 0.126212
v -0.230017 0.010000 0.130490
v -0.249394 0.010000 0.125474
v -0.229844 0.010000 0.129695
v -0.249233 0.010000 0.124724
v -0.229671 0.010000 0.128890
v -0.249071 0.010000 0.123961
v -0.229500 0.010000 0.128077
v -0.248910 0.010000 0.123188
v -0.229327 0.010000 0.127253
v -0.248748 0.010000 0.122405
v -0.229155 0.010000 0.126418
v -0.248587 0.010000 0.121610
v -0.228984 0.010000 0.125576
v -0.248425 0.010000 0.120805
v -0.228812 0.010000 0.124724
v -0.248262 0.010000 0.119988
v -0.228641 0.010000 0.123862
v -0.248100 0.010000 0.119160
v -0.228470 0.010000 0.122992
v -0.247937 0.010000 0.118322
v -0.228300 0.010000 0.122113
v -0.247775 0.010000 0.117474
v -0.228129 0.010000 0.121224
v -0.247612 0.010000 0.116616
v -0.227959 0.010000 0.120327
v -0.247448 0.010000 0.115747
v -0.227789 0.010000 0.119421
v -0.247285 0.010000 0.114869
v -0.227619 0.010000 0.118507
v -0.247122 0.010000 0.113981
v -0.227449 0.010000 0.117584
v -0.246958 0.010000 0.113083
v -0.227279 0.010000 0.116653
v -0.246794 0.010000 0.112176
v -0.227110 0.010000 0.115713
v -0.246631 0.010000 0.111260
v -0.226940 0.010000 0.114765
v -0.246467 0.010000 0.110335
v -0.226771 0.010000 0.113809
v -0.246303 0.010000 0.109401
v -0.226601 0.010000 0.112846
v -0.246138 0.010000 0.108458
v -0.226432 0.010000 0.111874
v -0.245974 0.010000 0.107506
v -0.226263 0.010000 0.110895
v -0.245810 0.010000 0.106546
v -0.226094 0.010000 0.109908
v -0.245645 0.010000 0.105578
v -0.225925 0.010000 0.108914
v -0.245481 0.010000 0.104601
v -0.225757 0.010000 0.107912
v -0.245316 0.010000 0.103617
v -0.225588 0.010000 0.106903
v -0.245151 0.010000 0.102624
v -0.225419 0.010000 0.105887
v -0.244987 0.010000 0.101624
v -0.225251 0.010000 0.104864
v -0.244822 0.010000 0.100616
v -0.225082 0.010000 0.103834
v -0.244657 0.010000 0.099601
v -0.224914 0.010000 0.102797
v -0.244492 0.010000 0.098579
v -0.224746 0.010000 0.101754
v -0.244327 0.010000 0.097549
v -0.224577 0.010000 0.100704
v -0.244162 0.010000 0.096510
v -0.224409 0.010000 0.099650
v -0.243996 0.010000 0.095467
v -0.224241 0.010000 0.098587
v -0.243831 0.010000 0.094418
v -0.224073 0.010000 0.097517
v -0.243666 0.010000 0.093361
v -0.223905 0.010000 0.096443
v -0.243500 0.010000 0.092298
v -0.223737 0.010000 0.095363
v -0.243335 0.010000 0.091228
v -0.223569 0.010000 0.094277
v -0.243170 0.010000 0.090153
v -0.223401 0.010000 0.093185
v -0.243004 0.010000 0.089071
v -0.223233 0.010000 0.092089
v -0.242839 0.010000 0.087984
v -0.223065 0.010000 0.090986
v -0.242673 0.010000 0.086891
v -0.222898 0.010000 0.089879
v -0.242507 0.010000 0.085792
v -0.222730 0.010000 0.088767
v -0.242342 0.010000 0.084688
v -0.222562 0.010000 0.087650
v -0.242176 0.010000 0.083579
v -0.222395 0.010000 0.086528
v -0.242010 0.010000 0.082465
v -0.222227 0.010000 0.085401
v -0.241844 0.010000 0.081346
v -0.222059 0.010000 0.084270
v -0.241679 0.010000 0.080222
v -0.221892 0.010000 0.083135
v -0.241513 0.010000 0.079093
v -0.221725 0.010000 0.081995
v -0.241347 0.010000 0.077960
v -0.221557 0.010000 0.080852
v -0.241181 0.010000 0.076822
v -0.221390 0.010000 0.079704
v -0.241015 0.010000 0.075681
v -0.221222 0.010000 0.078553
v -0.240849 0.010000 0.074535
v -0.221055 0.010000 0.077398
v -0.240683 0.010000 0.073385
v -0.220888 0.010000 0.076240
v -0.240517 0.010000 0.072232
v -0.220720 0.010000 0.075078
v -0.240351 0.010000 0.071075
v -0.220553 0.010000 0.073913
v -0.240185 0.010000 0.069915
v -0.220386 0.010000 0.072745
v -0.240019 0.010000 0.068751
v -0.220219 0.010000 0.071574
v -0.239852 0.010000 0.067584
v -0.220052 0.010000 0.070400
v -0.239686 0.010000 0.066414
v -0.219885 0.010000 0.069224
v -0.239520 0.010000 0.065241
v -0.219718 0.010000 0.068045
v -0.239354 0.010000 0.064066
v -0.219550 0.010000 0.066864
v -0.239187 0.010000 0.062886
v -0.219384 0.010000 0.065682
v -0.239021 0.010000 0.061706
v -0.219216 0.010000 0.064496
v -0.238855 0.010000 0.060524
v -0.219049 0.010000 0.063307
v -0.238688 0.010000 0.059339
v -0.218882 0.010000 0.062117
v -0.238522 0.010000 0.058152
v -0.218715 0.010000 0.060926
v -0.238355 0.010000 0.056963
v -0.218548 0.010000 0.059733
v -0.238189 0.010000 0.055772
v -0.218381 0.010000 0.058539
v -0.238023 0.010000 0.054580
v -0.218215 0.010000 0.057344
v -0.237856 0.010000 0.053387
v -0.218048 0.010000 0.056148
v -0.237690 0.010000 0.052192
v -0.217881 0.010000 0.054950
v -0.237523 0.010000 0.050995
v -0.217714 0.010000 0.053752
v -0.237357 0.010000 0.049798
v -0.217547 0.010000 0.052553
v -0.237190 0.010000 0.048600
v -0.217380 0.010000 0.051354
v -0.237024 0.010000 0.047402
v -0.217214 0.010000 0.050154
v -0.236857 0.010000 0.046202
v -0.217047 0.010000 0.048953
v -0.236690 0.010000 0.045002
v -0.216880 0.010000 0.047753
v -0.236524 0.010000 0.043802
v -0.216714 0.010000 0.046553
v -0.236357 0.010000 0.042602
v -0.216547 0.010000 0.045352
v -0.236190 0.010000 0.041401
v -0.216380 0.010000 0.044152
v -0.236024 0.010000 0.040201
v -0.216214 0.010000 0.042953
v -0.235857 0.010000 0.039001
v -0.216047 0.010000 0.041754
v -0.235690 0.010000 0.037801
v -0.215881 0.010000 0.040555
v -0.235523 0.010000 0.036602
v -0.215714 0.010000 0.039357
v -0.235357 0.010000 0.035403
v -0.215548 0.010000 0.038161
v -0.235190 0.010000 0.034205
v -0.215381 0.010000 0.036965
v -0.235023 0.010000 0.033008
v -0.215215 0.010000 0.035771
v -0.234856 0.010000 0.031813
v -0.215048 0.010000 0.034578
v -0.234689 0.010000 0.030618
v -0.214882 0.010000 0.033386
v -0.234522 0.010000 0.029424
v -0.214715 0.010000 0.032196
v -0.234355 0.010000 0.028232
v -0.214549 0.010000 0.031008
v -0.234188 0.010000 0.027040
v -0.214383 0.010000 0.029823
v -0.234021 0.010000 0.025852
v -0.214216 0.010000 0.028639
v -0.233854 0.010000 0.024666
v -0.214050 0.010000 0.027455
v -0.233687 0.010000 0.023481
v -0.213883 0.010000 0.026275
v -0.233520 0.010000 0.022298
v -0.213717 0.010000 0.025097
v -0.233353 0.010000 0.021117
v -0.213551 0.010000 0.023922
v -0.233186 0.010000 0.019939
v -0.213384 0.010000 0.022750
v -0.233019 0.010000 0.018763
v -0.213218 0.010000 0.021580
v -0.232852 0.010000 0.017590
v -0.213052 0.010000 0.020413
v -0.232685 0.010000 0.016419
v -0.212886 0.010000 0.019250
v -0.232517 0.010000 0.015251
v -0.212720 0.010000 0.018089
v -0.232350 0.010000 0.014087
v -0.212554 0.010000 0.016932
v -0.232183 0.010000 0.012925
v -0.212388 0.010000 0.015778
v -0.232016 0.010000 0.011766
v -0.212222 0.010000 0.014628
v -0.231848 0.010000 0.010611
v -0.212056 0.010000 0.013481
v -0.231681 0.010000 0.009459
v -0.211890 0.010000 0.012338
v -0.231514 0.010000 0.008311
v -0.211724 0.010000 0.011199
v -0.231346 0.010000 0.007166
v -0.211558 0.010000 0.010064
v -0.231179 0.010000 0.006025
v -0.211392 0.010000 0.008933
v -0.231012 0.010000 0.004888
v -0.211226 0.010000 0.007806
v -0.230844 0.010000 0.003755
v -0.211060 0.010000 0.006684
v -0.230677 0.010000 0.002626
v -0.210894 0.010000 0.005566
v -0.230509 0.010000 0.001501
v -0.210728 0.010000 0.004453
v -0.230342 0.010000 0.000381
v -0.210562 0.010000 0.003344
v -0.230174 0.010000 -0.000736
v -0.210397 0.010000 0.002241
v -0.230006 0.010000 -0.001847
v -0.210231 0.010000 0.001142
v -0.229839 0.010000 -0.002954
v -0.210065 0.010000 0.000048
v -0.229671 0.010000 -0.004056
v -0.209900 0.010000 -0.001040
v -0.229503 0.010000 -0.005153
v -0.209734 0.010000 -0.002123
v -0.229336 0.010000 -0.006245
v -0.209569 0.010000 -0.003201
v -0.229168 0.010000 -0.007334
v -0.209403 0.010000 -0.004271
v -0.228999 0.010000 -0.008415
v -0.209238 0.010000 -0.005338
v -0.228832 0.010000 -0.009490
v -0.209072 0.010000 -0.006401
v -0.228664 0.010000 -0.010562
v -0.208906 0.010000 -0.007457
v -0.228496 0.010000 -0.011628
v -0.208741 0.010000 -0.008506
v -0.228328 0.010000 -0.012688
v -0.208576 0.010000 -0.009549
v -0.228160 0.010000 -0.013742
v -0.208411 0.010000 -0.010586
v -0.227992 0.010000 -0.014791
v -0.208245 0.010000 -0.011616
v -0.227824 0.010000 -0.015834
v -0.208080 0.010000 -0.012640
v -0.227655 0.010000 -0.016871
v -0.207915 0.010000 -0.013658
v -0.227487 0.010000 -0.017901
v -0.207750 0.010000 -0.014670
v -0.227319 0.010000 -0.018926
v -0.207585 0.010000 -0.015674
v -0.227150 0.010000 -0.019944
v -0.207420 0.010000 -0.016672
v -0.226982 0.010000 -0.020956
v -0.207255 0.010000 -0.017663
v -0.226814 0.010000 -0.021962
v -0.207090 0.010000 -0.018647
v -0.226645 0.010000 -0.022961
v -0.206926 0.010000 -0.019624
v -0.226477 0.010000 -0.023954
v -0.206761 0.010000 -0.020594
v -0.226308 0.010000 -0.024940
v -0.206596 0.010000 -0.021557
v -0.226139 0.010000 -0.025920
v -0.206432 0.010000 -0.022512
v -0.225970 0.010000 -0.026892
v -0.206267 0.010000 -0.023460
v -0.225801 0.010000 -0.027858
v -0.206103 0.010000 -0.024400
v -0.225633 0.010000 -0.028817
v -0.205938 0.010000 -0.025333
v -0.225463 0.010000 -0.029769
v -0.205774 0.010000 -0.026258
v -0.225294 0.010000 -0.030713
v -0.205610 0.010000 -0.027175
v -0.225125 0.010000 -0.031651
v -0.205446 0.010000 -0.028085
v -0.224956 0.010000 -0.032581
v -0.205282 0.010000 -0.028986
v -0.224786 0.010000 -0.033504
v -0.205118 0.010000 -0.029879
v -0.224617 0.010000 -0.034420
v -0.204954 0.010000 -0.030764
v -0.224447 0.010000 -0.035328
v -0.204790 0.010000 -0.031641
v -0.224278 0.010000 -0.036229
v -0.204627 0.010000 -0.032509
v -0.224107 0.010000 -0.037124
v -0.204464 0.010000 -0.033367
v -0.223937 0.010000 -0.038009
v -0.204300 0.010000 -0.034219
v -0.223768 0.010000 -0.038885
v -0.204136 0.010000 -0.035065
v -0.223598 0.010000 -0.039755
v -0.203973 0.010000 -0.035899
v -0.223427 0.010000 -0.040618
v -0.203810 0.010000 -0.036724
v -0.223257 0.010000 -0.041472
v -0.203647 0.010000 -0.037541
v -0.223086 0.010000 -0.042319
v -0.203484 0.010000 -0.038349
v -0.222916 0.010000 -0.043157
v -0.203322 0.010000 -0.039148
v -0.222745 0.010000 -0.043988
v -0.203159 0.010000 -0.039937
v -0.222574 0.010000 -0.044810
v -0.202997 0.010000 -0.040718
v -0.222402 0.010000 -0.045625
v -0.202835 0.010000 -0.041489
v -0.222231 0.010000 -0.046431
v -0.202673 0.010000 -0.042251
v -0.222060 0.010000 -0.047229
v -0.202511 0.010000 -0.043004
v -0.221888 0.010000 -0.048019
v -0.202349 0.010000 -0.043747
v -0.221716 0.010000 -0.048801
v -0.202188 0.010000 -0.044481
v -0.221544 0.010000 -0.049575
v -0.202027 0.010000 -0.045205
v -0.221371 0.010000 -0.050340
v -0.201866 0.010000 -0.045919
v -0.221199 0.010000 -0.051097
v -0.201705 0.010000 -0.046624
v -0.221026 0.010000 -0.051846
v -0.201545 0.010000 -0.047319
v -0.220853 0.010000 -0.052586
v -0.201385 0.010000 -0.048004
v -0.220679 0.010000 -0.053318
v -0.201225 0.010000 -0.048679
v -0.220506 0.010000 -0.054042
v -0.201065 0.010000 -0.049344
v -0.220332 0.010000 -0.054757
v -0.200906 0.010000 -0.049999
v -0.220157 0.010000 -0.055464
v -0.200747 0.010000 -0.050644
v -0.219983 0.010000 -0.056163
v -0.200588 0.010000 -0.051278
v -0.219808 0.010000 -0.056853
v -0.200430 0.010000 -0.051902
v -0.219632 0.010000 -0.057535
v -0.200272 0.010000 -0.052515
v -0.219456 0.010000 -0.058208
v -0.200115 0.010000 -0.053118
v -0.219280 0.010000 -0.058873
v -0.199958 0.010000 -0.053710
v -0.219103 0.010000 -0.059530
v -0.199801 0.010000 -0.054291
v -0.218925 0.010000 -0.060181
v -0.199646 0.010000 -0.054859
v -0.218747 0.010000 -0.060819
v -0.199490 0.010000 -0.055419
v -0.218570 0.010000 -0.061447
v -0.199334 0.010000 -0.055972
v -0.218391 0.010000 -0.062071
v -0.199180 0.010000 -0.056510
v -0.218211 0.010000 -0.062686
v -0.199026 0.010000 -0.057037
v -0.218031 0.010000 -0.063293
v -0.198873 0.010000 -0.057552
v -0.217850 0.010000 -0.063891
v -0.198720 0.010000 -0.058056
v -0.217668 0.010000 -0.064482
v -0.198569 0.010000 -0.058549
v -0.217486 0.010000 -0.065064
v -0.198418 0.010000 -0.059030
v -0.217303 0.010000 -0.065638
v -0.198268 0.010000 -0.059500
v -0.217119 0.010000 -0.066203
v -0.198119 0.010000 -0.059958
v -0.216933 0.010000 -0.066761
v -0.197971 0.010000 -0.060404
v -0.216747 0.010000 -0.067311
v -0.197823 0.010000 -0.060839
v -0.216560 0.010000 -0.067853
v -0.197677 0.010000 -0.061261
v -0.216371 0.010000 -0.068388
v -0.197533 0.010000 -0.061672
v -0.216182 0.010000 -0.068915
v -0.197389 0.010000 -0.062070
v -0.215990 0.010000 -0.069434
v -0.197247 0.010000 -0.062456
v -0.215798 0.010000 -0.069946
v -0.197106 0.010000 -0.062830
v -0.215603 0.010000 -0.070451
v -0.196967 0.010000 -0.063191
v -0.215407 0.010000 -0.070948
v -0.196830 0.010000 -0.063539
v -0.215209 0.010000 -0.071439
v -0.196695 0.010000 -0.063874
v -0.215009 0.010000 -0.071923
v -0.196562 0.010000 -0.064196
v -0.214807 0.010000 -0.072400
v -0.196431 0.010000 -0.064505
v -0.214602 0.010000 -0.072870
v -0.196302 0.010000 -0.064801
v -0.214395 0.010000 -0.073334
v -0.196176 0.010000 -0.065083
v -0.214184 0.010000 -0.073792
v -0.196053 0.010000 -0.065351
v -0.213971 0.010000 -0.074245
v -0.195933 0.010000 -0.065604
v -0.213754 0.010000 -0.074691
v -0.195817 0.010000 -0.065844
v -0.213533 0.010000 -0.075132
v -0.195705 0.010000 -0.066069
v -0.213308 0.010000 -0.075568
v -0.195596 0.010000 -0.066279
v -0.213077 0.010000 -0.076002
v -0.195495 0.010000 -0.066470
v -0.212844 0.010000 -0.076424
v -0.195393 0.010000 -0.066653
v -0.212609 0.010000 -0.076838
v -0.195295 0.010000 -0.066826
v -0.212363 0.010000 -0.077255
v -0.195207 0.010000 -0.066976
v -0.212112 0.010000 -0.077667
v -0.195125 0.010000 -0.067110
v -0.211854 0.010000 -0.078075
v -0.195050 0.010000 -0.067229
v -0.211588 0.010000 -0.078479
v -0.194983 0.010000 -0.067331
v -0.211314 0.010000 -0.078879
v -0.194924 0.010000 -0.067418
v -0.211030 0.010000 -0.079276
v -0.194873 0.010000 -0.067488
v -0.210737 0.010000 -0.079669
v -0.194833 0.010000 -0.067542
v -0.210433 0.010000 -0.080059
v -0.194804 0.010000 -0.067579
v -0.210117 0.010000 -0.080445
v -0.194787 0.010000 -0.067600
v -0.209788 0.010000 -0.080829
v -0.194783 0.010000 -0.067605
v -0.209444 0.010000 -0.081208
v -0.194793 0.010000 -0.067594
v -0.209085 0.010000 -0.081584
v -0.194819 0.010000 -0.067567
v -0.208709 0.010000 -0.081956
v -0.194862 0.010000 -0.067525
v -0.208314 0.010000 -0.082323
v -0.194923 0.010000 -0.067468
v -0.207900 0.010000 -0.082685
v -0.195004 0.010000 -0.067398
v -0.207464 0.010000 -0.083040
v -0.195107 0.010000 -0.067314
v -0.207006 0.010000 -0.083387
v -0.195232 0.010000 -0.067220
v -0.206523 0.010000 -0.083724
v -0.195381 0.010000 -0.067115
v -0.206015 0.010000 -0.084051
v -0.195556 0.010000 -0.067004
v -0.205481 0.010000 -0.084363
v -0.195756 0.010000 -0.066886
v -0.204921 0.010000 -0.084658
v -0.195983 0.010000 -0.066767
v -0.204334 0.010000 -0.084935
v -0.196237 0.010000 -0.066648
v -0.203722 0.010000 -0.085189
v -0.196516 0.010000 -0.066532
v -0.203084 0.010000 -0.085417
v -0.196820 0.010000 -0.066423
v -0.202424 0.010000 -0.085616
v -0.197147 0.010000 -0.066325
v -0.201744 0.010000 -0.085783
v -0.197494 0.010000 -0.066240
v -0.201047 0.010000 -0.085915
v -0.197857 0.010000 -0.066171
v -0.200336 0.010000 -0.086010
v -0.198235 0.010000 -0.066121
v -0.199635 0.010000 -0.086065
v -0.198602 0.010000 -0.066091
v -0.198933 0.010000 -0.086082
v -0.198971 0.010000 -0.066082
v -0.198219 0.010000 -0.086061
v -0.199352 0.010000 -0.066094
v -0.197512 0.010000 -0.086002
v -0.199725 0.010000 -0.066125
v -0.196819 0.010000 -0.085906
v -0.200085 0.010000 -0.066175
v -0.196143 0.010000 -0.085776
v -0.200428 0.010000 -0.066240
v -0.195487 0.010000 -0.085615
v -0.200751 0.010000 -0.066320
v -0.194853 0.010000 -0.085425
v -0.201051 0.010000 -0.066410
v -0.194243 0.010000 -0.085210
v -0.201327 0.010000 -0.066507
v -0.193659 0.010000 -0.084974
v -0.201578 0.010000 -0.066608
v -0.193101 0.010000 -0.084718
v -0.201803 0.010000 -0.066711
v -0.192568 0.010000 -0.084447
v -0.202003 0.010000 -0.066812
v -0.192060 0.010000 -0.084163
v -0.202177 0.010000 -0.066910
v -0.191577 0.010000 -0.083867
v -0.202327 0.010000 -0.067002
v -0.191116 0.010000 -0.083562
v -0.202454 0.010000 -0.067086
v -0.190678 0.010000 -0.083249
v -0.202559 0.010000 -0.067161
v -0.190260 0.010000 -0.082930
v -0.202644 0.010000 -0.067225
v -0.189862 0.010000 -0.082606
v -0.202709 0.010000 -0.067278
v -0.189481 0.010000 -0.082278
v -0.202756 0.010000 -0.067319
v -0.189117 0.010000 -0.081945
v -0.202787 0.010000 -0.067347
v -0.188768 0.010000 -0.081610
v -0.202803 0.010000 -0.067361
v -0.188433 0.010000 -0.081272
v -0.202804 0.010000 -0.067363
v -0.188111 0.010000 -0.080932
v -0.202793 0.010000 -0.067351
v -0.187801 0.010000 -0.080589
v -0.202770 0.010000 -0.067326
v -0.187501 0.010000 -0.080244
v -0.202736 0.010000 -0.067286
v -0.187211 0.010000 -0.079896
v -0.202693 0.010000 -0.067234
v -0.186931 0.010000 -0.079546
v -0.202640 0.010000 -0.067169
v -0.186658 0.010000 -0.079194
v -0.202579 0.010000 -0.067090
v -0.186394 0.010000 -0.078840
v -0.202511 0.010000 -0.066998
v -0.186139 0.010000 -0.078487
v -0.202433 0.010000 -0.066890
v -0.185889 0.010000 -0.078131
v -0.202348 0.010000 -0.066770
v -0.185642 0.010000 -0.077768
v -0.202262 0.010000 -0.066642
v -0.185402 0.010000 -0.077404
v -0.202169 0.010000 -0.066501
v -0.185167 0.010000 -0.077037
v -0.202070 0.010000 -0.066348
v -0.184936 0.010000 -0.076667
v -0.201968 0.010000 -0.066183
v -0.184710 0.010000 -0.076295
v -0.201861 0.010000 -0.066007
v -0.184487 0.010000 -0.075919
v -0.201750 0.010000 -0.065819
v -0.184269 0.010000 -0.075541
v -0.201635 0.010000 -0.065621
v -0.184053 0.010000 -0.075159
v -0.201517 0.010000 -0.065412
v -0.183841 0.010000 -0.074774
v -0.201397 0.010000 -0.065193
v -0.183631 0.010000 -0.074385
v -0.201273 0.010000 -0.064964
v -0.183424 0.010000 -0.073993
v -0.201147 0.010000 -0.064725
v -0.183219 0.010000 -0.073598
v -0.201018 0.010000 -0.064477
v -0.183017 0.010000 -0.073199
v -0.200887 0.010000 -0.064219
v -0.182816 0.010000 -0.072796
v -0.200755 0.010000 -0.063952
v -0.182618 0.010000 -0.072389
v -0.200620 0.010000 -0.063676
v -0.182421 0.010000 -0.071979
v -0.200483 0.010000 -0.063392
v -0.182226 0.010000 -0.071565
v -0.200345 0.010000 -0.063098
v -0.182032 0.010000 -0.071147
v -0.200205 0.010000 -0.062797
v -0.181840 0.010000 -0.070726
v -0.200064 0.010000 -0.062487
v -0.181649 0.010000 -0.070300
v -0.199922 0.010000 -0.062169
v -0.181459 0.010000 -0.069871
v -0.199778 0.010000 -0.061844
v -0.181271 0.010000 -0.069437
v -0.199633 0.010000 -0.061511
v -0.181084 0.010000 -0.069000
v -0.199487 0.010000 -0.061170
v -0.180897 0.010000 -0.068559
v -0.199340 0.010000 -0.060822
v -0.180712 0.010000 -0.068114
v -0.199192 0.010000 -0.060467
v -0.180528 0.010000 -0.067665
v -0.199043 0.010000 -0.060105
v -0.180344 0.010000 -0.067213
v -0.198894 0.010000 -0.059736
v -0.180161 0.010000 -0.066756
v -0.198743 0.010000 -0.059360
v -0.179981 0.010000 -0.066300
v -0.198590 0.010000 -0.058974
v -0.179799 0.010000 -0.065837
v -0.198438 0.010000 -0.058584
v -0.179617 0.010000 -0.065366
v -0.198286 0.010000 -0.058192
v -0.179437 0.010000 -0.064895
v -0.198133 0.010000 -0.057791
v -0.179258 0.010000 -0.064421
v -0.197979 0.010000 -0.057383
v -0.179079 0.010000 -0.063943
v -0.197824 0.010000 -0.056970
v -0.178901 0.010000 -0.063461
v -0.197669 0.010000 -0.056551
v -0.178723 0.010000 -0.062976
v -0.197514 0.010000 -0.056126
v -0.178546 0.010000 -0.062488
v -0.197357 0.010000 -0.055695
v -0.178370 0.010000 -0.061997
v -0.197201 0.010000 -0.055260
v -0.178193 0.010000 -0.061502
v -0.197044 0.010000 -0.054819
v -0.178018 0.010000 -0.061004
v -0.196886 0.010000 -0.054372
v -0.177842 0.010000 -0.060502
v -0.196728 0.010000 -0.053921
v -0.177667 0.010000 -0.059998
v -0.196570 0.010000 -0.053465
v -0.177493 0.010000 -0.059491
v -0.196411 0.010000 -0.053004
v -0.177318 0.010000 -0.058980
v -0.196252 0.010000 -0.052538
v -0.177144 0.010000 -0.058467
v -0.196093 0.010000 -0.052068
v -0.176971 0.010000 -0.057951
v -0.195933 0.010000 -0.051594
v -0.176797 0.010000 -0.057432
v -0.195773 0.010000 -0.051115
v -0.176624 0.010000 -0.056911
v -0.195613 0.010000 -0.050632
v -0.176452 0.010000 -0.056387
v -0.195452 0.010000 -0.050144
v -0.176279 0.010000 -0.055860
v -0.195292 0.010000 -0.049653
v -0.176107 0.010000 -0.055331
v -0.195131 0.010000 -0.049158
v -0.175935 0.010000 -0.054799
v -0.194969 0.010000 -0.048659
v -0.175763 0.010000 -0.054265
v -0.194808 0.010000 -0.048157
v -0.175592 0.010000 -0.053729
v -0.194646 0.010000 -0.047651
v -0.175420 0.010000 -0.053191
v -0.194484 0.010000 -0.047142
v -0.175249 0.010000 -0.052650
v -0.194322 0.010000 -0.046629
v -0.175079 0.010000 -0.052108
v -0.194159 0.010000 -0.046113
v -0.174908 0.010000 -0.051563
v -0.193996 0.010000 -0.045594
v -0.174738 0.010000 -0.051020
v -0.193833 0.010000 -0.045069
v -0.174568 0.010000 -0.050472
v -0.193669 0.010000 -0.044544
v -0.174397 0.010000 -0.049919
v -0.193507 0.010000 -0.044020
v -0.174227 0.010000 -0.049368
v -0.193343 0.010000 -0.043489
v -0.174057 0.010000 -0.048815
v -0.193180 0.010000 -0.042956
v -0.173888 0.010000 -0.048261
v -0.193016 0.010000 -0.042420
v -0.173718 0.010000 -0.047705
v -0.192852 0.010000 -0.041883
v -0.173549 0.010000 -0.047148
v -0.192688 0.010000 -0.041342
v -0.173380 0.010000 -0.046590
v -0.192524 0.010000 -0.040800
v -0.173211 0.010000 -0.046031
v -0.192359 0.010000 -0.040256
v -0.173042 0.010000 -0.045470
v -0.192195 0.010000 -0.039709
v -0.172874 0.010000 -0.044909
v -0.192030 0.010000 -0.039161
v -0.172705 0.010000 -0.044347
v -0.191865 0.010000 -0.038611
v -0.172537 0.010000 -0.043784
v -0.191700 0.010000 -0.038059
v -0.172369 0.010000 -0.043220
v -0.191535 0.010000 -0.037506
v -0.172201 0.010000 -0.042656
v -0.191370 0.010000 -0.036951
v -0.172033 0.010000 -0.042091
v -0.191204 0.010000 -0.036395
v -0.171865 0.010000 -0.041526
v -0.191039 0.010000 -0.035838
v -0.171697 0.010000 -0.040961
v -0.190873 0.010000 -0.035279
v -0.171530 0.010000 -0.040395
v -0.190708 0.010000 -0.034719
v -0.171362 0.010000 -0.039829
v -0.190542 0.010000 -0.034158
v -0.171195 0.010000 -0.039263
v -0.190376 0.010000 -0.033597
v -0.171028 0.010000 -0.038697
v -0.190210 0.010000 -0.033034
v -0.170861 0.010000 -0.038131
v -0.190043 0.010000 -0.032471
v -0.170694 0.010000 -0.037565
v -0.189877 0.010000 -0.031907
v -0.170527 0.010000 -0.037000
v -0.189710 0.010000 -0.031342
v -0.170361 0.010000 -0.036434
v -0.189544 0.010000 -0.030777
v -0.170194 0.010000 -0.035870
v -0.189377 0.010000 -0.030211
v -0.170028 0.010000 -0.035306
v -0.189210 0.010000 -0.029646
v -0.169861 0.010000 -0.034742
v -0.189043 0.010000 -0.029080
v -0.169696 0.010000 -0.034182
v -0.188875 0.010000 -0.028511
v -0.169529 0.010000 -0.033620
v -0.188708 0.010000 -0.027945
v -0.169363 0.010000 -0.033055
v -0.188541 0.010000 -0.027382
v -0.169197 0.010000 -0.032495
v -0.188374 0.010000 -0.026816
v -0.169031 0.010000 -0.031936
v -0.188206 0.010000 -0.026251
v -0.168865 0.010000 -0.031378
v -0.188038 0.010000 -0.025685
v -0.168700 0.010000 -0.030821
v -0.187870 0.010000 -0.025120
v -0.168535 0.010000 -0.030265
v -0.187702 0.010000 -0.024556
v -0.168369 0.010000 -0.029711
v -0.187534 0.010000 -0.023992
v -0.168204 0.010000 -0.029158
v -0.187366 0.010000 -0.023429
v -0.168039 0.010000 -0.028607
v -0.187198 0.010000 -0.022867
v -0.167874 0.010000 -0.028057
v -0.187029 0.010000 -0.022305
v -0.167710 0.010000 -0.027509
v -0.186861 0.010000 -0.021744
v -0.167545 0.010000 -0.026963
v -0.186692 0.010000 -0.021185
v -0.167381 0.010000 -0.026418
v -0.186523 0.010000 -0.020626
v -0.167216 0.010000 -0.025876
v -0.186354 0.010000 -0.020068
v -0.167052 0.010000 -0.025336
v -0.186185 0.010000 -0.019512
v -0.166888 0.010000 -0.024797
v -0.186016 0.010000 -0.018957
v -0.166724 0.010000 -0.024261
v -0.185847 0.010000 -0.018403
v -0.166560 0.010000 -0.023727
v -0.185677 0.010000 -0.017851
v -0.166396 0.010000 -0.023196
v -0.185508 0.010000 -0.017300
v -0.166233 0.010000 -0.022667
v -0.185338 0.010000 -0.016750
v -0.166070 0.010000 -0.022140
v -0.185168 0.010000 -0.016203
v -0.165906 0.010000 -0.021616
v -0.184998 0.010000 -0.015657
v -0.165743 0.010000 -0.021095
v -0.184828 0.010000 -0.015112
v -0.165580 0.010000 -0.020577
v -0.184657 0.010000 -0.014570
v -0.165418 0.010000 -0.020061
v -0.184486 0.010000 -0.014029
v -0.165255 0.010000 -0.019549
v -0.184316 0.010000 -0.013491
v -0.165093 0.010000 -0.019039
v -0.184145 0.010000 -0.012954
v -0.164931 0.010000 -0.018533
v -0.183973 0.010000 -0.012419
v -0.164770 0.010000 -0.018033
v -0.183801 0.010000 -0.011884
v -0.164607 0.010000 -0.017532
v -0.183630 0.010000 -0.011355
v -0.164445 0.010000 -0.017032
v -0.183459 0.010000 -0.010830
v -0.164283 0.010000 -0.016538
v -0.183287 0.010000 -0.010305
v -0.164122 0.010000 -0.016049
v -0.183115 0.010000 -0.009781
v -0.163961 0.010000 -0.015562
v -0.182942 0.010000 -0.009260
v -0.163801 0.010000 -0.015080
v -0.182770 0.010000 -0.008742
v -0.163640 0.010000 -0.014601
v -0.182597 0.010000 -0.008227
v -0.163480 0.010000 -0.014125
v -0.182424 0.010000 -0.007714
v -0.163320 0.010000 -0.013654
v -0.182251 0.010000 -0.007204
v -0.163160 0.010000 -0.013186
v -0.182077 0.010000 -0.006696
v -0.163000 0.010000 -0.012723
v -0.181904 0.010000 -0.006192
v -0.162841 0.010000 -0.012263
v -0.181730 0.010000 -0.005690
v -0.162682 0.010000 -0.011808
v -0.181556 0.010000 -0.005191
v -0.162523 0.010000 -0.011357
v -0.181381 0.010000 -0.004695
v -0.162364 0.010000 -0.010909
v -0.181206 0.010000 -0.004202
v -0.162206 0.010000 -0.010467
v -0.181031 0.010000 -0.003712
v -0.162048 0.010000 -0.010028
v -0.180856 0.010000 -0.003225
v -0.161891 0.010000 -0.009595
v -0.180680 0.010000 -0.002742
v -0.161734 0.010000 -0.009165
v -0.180504 0.010000 -0.002261
v -0.161577 0.010000 -0.008741
v -0.180327 0.010000 -0.001783
v -0.161420 0.010000 -0.008321
v -0.180151 0.010000 -0.001309
v -0.161264 0.010000 -0.007906
v -0.179973 0.010000 -0.000838
v -0.161108 0.010000 -0.007495
v -0.179796 0.010000 -0.000370
v -0.160953 0.010000 -0.007090
v -0.179618 0.010000 0.000095
v -0.160798 0.010000 -0.006690
v -0.179439 0.010000 0.000557
v -0.160644 0.010000 -0.006295
v -0.179260 0.010000 0.001015
v -0.160490 0.010000 -0.005905
v -0.179081 0.010000 0.001469
v -0.160337 0.010000 -0.005521
v -0.178901 0.010000 0.001921
v -0.160184 0.010000 -0.005141
v -0.178720 0.010000 0.002369
v -0.160033 0.010000 -0.004771
v -0.178538 0.010000 0.002817
v -0.159881 0.010000 -0.004401
v -0.178356 0.010000 0.003256
v -0.159727 0.010000 -0.004033
v -0.178176 0.010000 0.003689
v -0.159577 0.010000 -0.003676
v -0.177994 0.010000 0.004123
v -0.159427 0.010000 -0.003324
v -0.177810 0.010000 0.004554
v -0.159278 0.010000 -0.002978
v -0.177626 0.010000 0.004981
v -0.159129 0.010000 -0.002637
v -0.177441 0.010000 0.005404
v -0.158981 0.010000 -0.002303
v -0.177256 0.010000 0.005824
v -0.158834 0.010000 -0.001974
v -0.177070 0.010000 0.006240
v -0.158688 0.010000 -0.001651
v -0.176883 0.010000 0.006652
v -0.158542 0.010000 -0.001334
v -0.176695 0.010000 0.007061
v -0.158397 0.010000 -0.001023
v -0.176506 0.010000 0.007466
v -0.158254 0.010000 -0.000718
v -0.176317 0.010000 0.007867
v -0.158111 0.010000 -0.000420
v -0.176127 0.010000 0.008265
v -0.157969 0.010000 -0.000127
v -0.175935 0.010000 0.008659
v -0.157828 0.010000 0.000159
v -0.175743 0.010000 0.009050
v -0.157688 0.010000 0.000438
v -0.175549 0.010000 0.009437
v -0.157549 0.010000 0.000711
v -0.175355 0.010000 0.009820
v -0.157412 0.010000 0.000978
v -0.175159 0.010000 0.010200
v -0.157276 0.010000 0.001238
v -0.174962 0.010000 0.010577
v -0.157141 0.010000 0.001491
v -0.174763 0.010000 0.010950
v -0.157008 0.010000 0.001738
v -0.174563 0.010000 0.011319
v -0.156876 0.010000 0.001977
v -0.174362 0.010000 0.011685
v -0.156746 0.010000 0.002210
v -0.174159 0.010000 0.012048
v -0.156617 0.010000 0.002435
v -0.173954 0.010000 0.012407
v -0.156490 0.010000 0.002653
v -0.173747 0.010000 0.012763
v -0.156366 0.010000 0.002865
v -0.173539 0.010000 0.013116
v -0.156243 0.010000 0.003068
v -0.173328 0.010000 0.013465
v -0.156122 0.010000 0.003264
v -0.173115 0.010000 0.013811
v -0.156004 0.010000 0.003453
v -0.172900 0.010000 0.014154
v -0.155891 0.010000 0.003630
v -0.172680 0.010000 0.014498
v -0.155775 0.010000 0.003807
v -0.172462 0.010000 0.014831
v -0.155659 0.010000 0.003981
v -0.172245 0.010000 0.015157
v -0.155551 0.010000 0.004140
v -0.172020 0.010000 0.015488
v -0.155445 0.010000 0.004292
v -0.171792 0.010000 0.015814
v -0.155342 0.010000 0.004436
v -0.171561 0.010000 0.016138
v -0.155243 0.010000 0.004572
v -0.171328 0.010000 0.016458
v -0.155146 0.010000 0.004701
v -0.171091 0.010000 0.016775
v -0.155053 0.010000 0.004822
v -0.170850 0.010000 0.017088
v -0.154964 0.010000 0.004936
v -0.170606 0.010000 0.017398
v -0.154878 0.010000 0.005042
v -0.170359 0.010000 0.017705
v -0.154797 0.010000 0.005141
v -0.170107 0.010000 0.018009
v -0.154719 0.010000 0.005232
v -0.169851 0.010000 0.018309
v -0.154646 0.010000 0.005315
v -0.169591 0.010000 0.018606
v -0.154578 0.010000 0.005391
v -0.169326 0.010000 0.018899
v -0.154514 0.010000 0.005459
v -0.169056 0.010000 0.019190
v -0.154456 0.010000 0.005520
v -0.168781 0.010000 0.019476
v -0.154403 0.010000 0.005573
v -0.168501 0.010000 0.019760
v -0.154356 0.010000 0.005620
v -0.168215 0.010000 0.020039
v -0.154315 0.010000 0.005659
v -0.167923 0.010000 0.020315
v -0.154280 0.010000 0.005690
v -0.167624 0.010000 0.020587
v -0.154251 0.010000 0.005715
v -0.167320 0.010000 0.020856
v -0.154230 0.010000 0.005734
v -0.167008 0.010000 0.021120
v -0.154215 0.010000 0.005746
v -0.166689 0.010000 0.021379
v -0.154208 0.010000 0.005751
v -0.166363 0.010000 0.021634
v -0.154209 0.010000 0.005751
v -0.166029 0.010000 0.021884
v -0.154218 0.010000 0.005745
v -0.165687 0.010000 0.022129
v -0.154234 0.010000 0.005733
v -0.165337 0.010000 0.022369
v -0.154260 0.010000 0.005717
v -0.164978 0.010000 0.022602
v -0.154294 0.010000 0.005696
v -0.164611 0.010000 0.022829
v -0.154341 0.010000 0.005668
v -0.164230 0.010000 0.023052
v -0.154382 0.010000 0.005645
v -0.163855 0.010000 0.023260
v -0.154428 0.010000 0.005622
v -0.163476 0.010000 0.023458
v -0.154494 0.010000 0.005589
v -0.163076 0.010000 0.023654
v -0.154569 0.010000 0.005555
v -0.162668 0.010000 0.023841
v -0.154651 0.010000 0.005520
v -0.162253 0.010000 0.024019
v -0.154740 0.010000 0.005485
v -0.161831 0.010000 0.024185
v -0.154835 0.010000 0.005450
v -0.161402 0.010000 0.024341
v -0.154937 0.010000 0.005416
v -0.160966 0.010000 0.024486
v -0.155045 0.010000 0.005384
v -0.160525 0.010000 0.024618
v -0.155158 0.010000 0.005353
v -0.160079 0.010000 0.024738
v -0.155276 0.010000 0.005325
v -0.159628 0.010000 0.024846
v -0.155398 0.010000 0.005300
v -0.159172 0.010000 0.024940
v -0.155523 0.010000 0.005278
v -0.158714 0.010000 0.025022
v -0.155651 0.010000 0.005259
v -0.158253 0.010000 0.025089
v -0.155780 0.010000 0.005244
v -0.157790 0.010000 0.025143
v -0.155911 0.010000 0.005233
v -0.157326 0.010000 0.025183
v -0.156042 0.010000 0.005225
v -0.156862 0.010000 0.025209
v -0.156172 0.010000 0.005222
v -0.156399 0.010000 0.025221
v -0.156300 0.010000 0.005222
v -0.155937 0.010000 0.025219
v -0.156426 0.010000 0.005227
v -0.155478 0.010000 0.025204
v -0.156550 0.010000 0.005234
v -0.155021 0.010000 0.025176
v -0.156670 0.010000 0.005245
v -0.154568 0.010000 0.025134
v -0.156785 0.010000 0.005259
v -0.154119 0.010000 0.025080
v -0.156896 0.010000 0.005275
v -0.153675 0.010000 0.025014
v -0.157001 0.010000 0.005294
v -0.153236 0.010000 0.024937
v -0.157101 0.010000 0.005315
v -0.152804 0.010000 0.024847
v -0.157194 0.010000 0.005336
v -0.152377 0.010000 0.024748
v -0.157280 0.010000 0.005359
v -0.151957 0.010000 0.024638
v -0.157360 0.010000 0.005382
v -0.151544 0.010000 0.024518
v -0.157429 0.010000 0.005404
v -0.151142 0.010000 0.024390
v -0.157485 0.010000 0.005423
v -0.150752 0.010000 0.024256
v -0.157535 0.010000 0.005442
v -0.150368 0.010000 0.024114
v -0.157584 0.010000 0.005461
v -0.149987 0.010000 0.023962
v -0.157624 0.010000 0.005478
v -0.149613 0.010000 0.023804
v -0.157656 0.010000 0.005492
v -0.149248 0.010000 0.023639
v -0.157680 0.010000 0.005504
v -0.148891 0.010000 0.023469
v -0.157696 0.010000 0.005512
v -0.148542 0.010000 0.023294
v -0.157704 0.010000 0.005516
v -0.148200 0.010000 0.023114
v -0.157704 0.010000 0.005516
v -0.147866 0.010000 0.022929
v -0.157698 0.010000 0.005512
v -0.147539 0.010000 0.022740
v -0.157684 0.010000 0.005504
v -0.147220 0.010000 0.022548
v -0.157664 0.010000 0.005491
v -0.146907 0.010000 0.022352
v -0.157637 0.010000 0.005474
v -0.146600 0.010000 0.022153
v -0.157604 0.010000 0.005452
v -0.146300 0.010000 0.021951
v -0.157565 0.010000 0.005424
v -0.146006 0.010000 0.021746
v -0.157520 0.010000 0.005392
v -0.145717 0.010000 0.021538
v -0.157470 0.010000 0.005355
v -0.145434 0.010000 0.021328
v -0.157414 0.010000 0.005312
v -0.145157 0.010000 0.021116
v -0.157354 0.010000 0.005265
v -0.144884 0.010000 0.020901
v -0.157288 0.010000 0.005212
v -0.144616 0.010000 0.020684
v -0.157218 0.010000 0.005154
v -0.144352 0.010000 0.020466
v -0.157144 0.010000 0.005091
v -0.144093 0.010000 0.020245
v -0.157066 0.010000 0.005022
v -0.143838 0.010000 0.020023
v -0.156984 0.010000 0.004949
v -0.143587 0.010000 0.019799
v -0.156898 0.010000 0.004870
v -0.143340 0.010000 0.019574
v -0.156808 0.010000 0.004787
v -0.143096 0.010000 0.019347
v -0.156715 0.010000 0.004698
v -0.142856 0.010000 0.019118
v -0.156619 0.010000 0.004605
v -0.142619 0.010000 0.018888
v -0.156519 0.010000 0.004507
v -0.142385 0.010000 0.018656
v -0.156413 0.010000 0.004400
v -0.142158 0.010000 0.018427
v -0.156305 0.010000 0.004289
v -0.141931 0.010000 0.018195
v -0.156199 0.010000 0.004178
v -0.141705 0.010000 0.017959
v -0.156088 0.010000 0.004060
v -0.141483 0.010000 0.017723
v -0.155974 0.010000 0.003938
v -0.141263 0.010000 0.017487
v -0.155858 0.010000 0.003811
v -0.141046 0.010000 0.017249
v -0.155739 0.010000 0.003679
v -0.140831 0.010000 0.017011
v -0.155619 0.010000 0.003543
v -0.140618 0.010000 0.016771
v -0.155496 0.010000 0.003402
v -0.140408 0.010000 0.016531
v -0.155371 0.010000 0.003258
v -0.140200 0.010000 0.016290
v -0.155243 0.010000 0.003109
v -0.139994 0.010000 0.016049
v -0.155115 0.010000 0.002956
v -0.139789 0.010000 0.015807
v -0.154984 0.010000 0.002799
v -0.139587 0.010000 0.015564
v -0.154851 0.010000 0.002638
v -0.139386 0.010000 0.015320
v -0.154717 0.010000 0.002474
v -0.139187 0.010000 0.015076
v -0.154581 0.010000 0.002306
v -0.138989 0.010000 0.014831
v -0.154444 0.010000 0.002134
v -0.138793 0.010000 0.014586
v -0.154305 0.010000 0.001959
v -0.138599 0.010000 0.014340
v -0.154165 0.010000 0.001780
v -0.138406 0.010000 0.014094
v -0.154024 0.010000 0.001598
v -0.138214 0.010000 0.013848
v -0.153881 0.010000 0.001413
v -0.138023 0.010000 0.013601
v -0.153737 0.010000 0.001225
v -0.137834 0.010000 0.013353
v -0.153592 0.010000 0.001034
v -0.137646 0.010000 0.013106
v -0.153445 0.010000 0.000840
v -0.137459 0.010000 0.012858
v -0.153298 0.010000 0.000643
v -0.137273 0.010000 0.012610
v -0.153149 0.010000 0.000443
v -0.137088 0.010000 0.012362
v -0.152999 0.010000 0.000241
v -0.136905 0.010000 0.012114
v -0.152849 0.010000 0.000036
v -0.136722 0.010000 0.011866
v -0.152697 0.010000 -0.000171
v -0.136541 0.010000 0.011617
v -0.152544 0.010000 -0.000381
v -0.136360 0.010000 0.011369
v -0.152388 0.010000 -0.000597
v -0.136183 0.010000 0.011125
v -0.152232 0.010000 -0.000812
v -0.136005 0.010000 0.010878
v -0.152079 0.010000 -0.001025
v -0.135824 0.010000 0.010627
v -0.151923 0.010000 -0.001244
v -0.135648 0.010000 0.010380
v -0.151765 0.010000 -0.001465
v -0.135472 0.010000 0.010133
v -0.151607 0.010000 -0.001688
v -0.135297 0.010000 0.009887
v -0.151448 0.010000 -0.001913
v -0.135123 0.010000 0.009642
v -0.151287 0.010000 -0.002139
v -0.134950 0.010000 0.009397
v -0.151126 0.010000 -0.002368
v -0.134777 0.010000 0.009152
v -0.150965 0.010000 -0.002598
v -0.134606 0.010000 0.008909
v -0.150802 0.010000 -0.002829
v -0.134435 0.010000 0.008666
v -0.150638 0.010000 -0.003062
v -0.134265 0.010000 0.008424
v -0.150474 0.010000 -0.003296
v -0.134096 0.010000 0.008183
v -0.150309 0.010000 -0.003532
v -0.133928 0.010000 0.007943
v -0.150143 0.010000 -0.003769
v -0.133761 0.010000 0.007704
v -0.149976 0.010000 -0.004007
v -0.133594 0.010000 0.007466
v -0.149809 0.010000 -0.004246
v -0.133428 0.010000 0.007229
v -0.149641 0.010000 -0.004486
v -0.133263 0.010000 0.006994
v -0.149471 0.010000 -0.004727
v -0.133099 0.010000 0.006760
v -0.149302 0.010000 -0.004970
v -0.132936 0.010000 0.006527
v -0.149131 0.010000 -0.005212
v -0.132773 0.010000 0.006296
v -0.148959 0.010000 -0.005456
v -0.132612 0.010000 0.006066
v -0.148787 0.010000 -0.005701
v -0.132451 0.010000 0.005838
v -0.148613 0.010000 -0.005946
v -0.132291 0.010000 0.005612
v -0.148439 0.010000 -0.006191
v -0.132132 0.010000 0.005387
v -0.148264 0.010000 -0.006437
v -0.131973 0.010000 0.005165
v -0.148088 0.010000 -0.006684
v -0.131816 0.010000 0.004944
v -0.147911 0.010000 -0.006931
v -0.131660 0.010000 0.004725
v -0.147734 0.010000 -0.007178
v -0.131504 0.010000 0.004509
v -0.147555 0.010000 -0.007426
v -0.131349 0.010000 0.004295
v -0.147372 0.010000 -0.007678
v -0.131199 0.010000 0.004087
v -0.147192 0.010000 -0.007925
v -0.131045 0.010000 0.003877
v -0.147014 0.010000 -0.008169
v -0.130890 0.010000 0.003665
v -0.146831 0.010000 -0.008418
v -0.130740 0.010000 0.003460
v -0.146647 0.010000 -0.008666
v -0.130590 0.010000 0.003259
v -0.146462 0.010000 -0.008914
v -0.130442 0.010000 0.003060
v -0.146276 0.010000 -0.009162
v -0.130295 0.010000 0.002863
v -0.146088 0.010000 -0.009410
v -0.130149 0.010000 0.002670
v -0.145900 0.010000 -0.009658
v -0.130004 0.010000 0.002479
v -0.145710 0.010000 -0.009905
v -0.129860 0.010000 0.002292
v -0.145520 0.010000 -0.010152
v -0.129717 0.010000 0.002107
v -0.145328 0.010000 -0.010399
v -0.129576 0.010000 0.001926
v -0.145134 0.010000 -0.010645
v -0.129436 0.010000 0.001748
v -0.144939 0.010000 -0.010891
v -0.129298 0.010000 0.001573
v -0.144743 0.010000 -0.011136
v -0.129161 0.010000 0.001402
v -0.144545 0.010000 -0.011380
v -0.129025 0.010000 0.001234
v -0.144346 0.010000 -0.011624
v -0.128891 0.010000 0.001070
v -0.144145 0.010000 -0.011868
v -0.128759 0.010000 0.000910
v -0.143942 0.010000 -0.012110
v -0.128628 0.010000 0.000754
v -0.143738 0.010000 -0.012352
v -0.128500 0.010000 0.000601
v -0.143531 0.010000 -0.012594
v -0.128373 0.010000 0.000453
v -0.143323 0.010000 -0.012834
v -0.128248 0.010000 0.000309
v -0.143112 0.010000 -0.013074
v -0.128125 0.010000 0.000169
v -0.142900 0.010000 -0.013313
v -0.128004 0.010000 0.000033
v -0.142685 0.010000 -0.013551
v -0.127886 0.010000 -0.000098
v -0.142467 0.010000 -0.013789
v -0.127770 0.010000 -0.000225
v -0.142248 0.010000 -0.014025
v -0.127657 0.010000 -0.000347
v -0.142025 0.010000 -0.014261
v -0.127546 0.010000 -0.000464
v -0.141800 0.010000 -0.014495
v -0.127438 0.010000 -0.000576
v -0.141572 0.010000 -0.014728
v -0.127333 0.010000 -0.000684
v -0.141337 0.010000 -0.014965
v -0.127234 0.010000 -0.000783
v -0.141105 0.010000 -0.015193
v -0.127132 0.010000 -0.000883
v -0.140873 0.010000 -0.015417
v -0.127030 0.010000 -0.000982
v -0.140632 0.010000 -0.015646
v -0.126938 0.010000 -0.001069
v -0.140387 0.010000 -0.015874
v -0.126850 0.010000 -0.001152
v -0.140139 0.010000 -0.016099
v -0.126765 0.010000 -0.001229
v -0.139887 0.010000 -0.016323
v -0.126683 0.010000 -0.001301
v -0.139631 0.010000 -0.016546
v -0.126606 0.010000 -0.001368
v -0.139371 0.010000 -0.016766
v -0.126533 0.010000 -0.001430
v -0.139106 0.010000 -0.016985
v -0.126464 0.010000 -0.001487
v -0.138837 0.010000 -0.017201
v -0.126400 0.010000 -0.001539
v -0.138564 0.010000 -0.017416
v -0.126340 0.010000 -0.001586
v -0.138285 0.010000 -0.017628
v -0.126286 0.010000 -0.001627
v -0.138001 0.010000 -0.017838
v -0.126236 0.010000 -0.001664
v -0.137712 0.010000 -0.018045
v -0.126192 0.010000 -0.001695
v -0.137416 0.010000 -0.018249
v -0.126154 0.010000 -0.001722
v -0.137115 0.010000 -0.018451
v -0.126122 0.010000 -0.001743
v -0.136808 0.010000 -0.018650
v -0.126096 0.010000 -0.001760
v -0.136494 0.010000 -0.018845
v -0.126076 0.010000 -0.001773
v -0.136174 0.010000 -0.019037
v -0.126063 0.010000 -0.001780
v -0.135847 0.010000 -0.019224
v -0.126058 0.010000 -0.001784
v -0.135512 0.010000 -0.019408
v -0.126059 0.010000 -0.001783
v -0.135170 0.010000 -0.019587
v -0.126067 0.010000 -0.001779
v -0.134820 0.010000 -0.019761
v -0.126084 0.010000 -0.001770
v -0.134463 0.010000 -0.019930
v -0.126108 0.010000 -0.001759
v -0.134098 0.010000 -0.020094
v -0.126140 0.010000 -0.001745
v -0.133724 0.010000 -0.020251
v -0.126180 0.010000 -0.001728
v -0.133342 0.010000 -0.020401
v -0.126229 0.010000 -0.001709
v -0.132952 0.010000 -0.020544
v -0.126285 0.010000 -0.001688
v -0.132554 0.010000 -0.020680
v -0.126351 0.010000 -0.001666
v -0.132144 0.010000 -0.020808
v -0.126427 0.010000 -0.001642
v -0.131740 0.010000 -0.020923
v -0.126497 0.010000 -0.001622
v -0.131331 0.010000 -0.021028
v -0.126573 0.010000 -0.001603
v -0.130902 0.010000 -0.021127
v -0.126669 0.010000 -0.001581
v -0.130466 0.010000 -0.021216
v -0.126771 0.010000 -0.001560
v -0.130025 0.010000 -0.021292
v -0.126878 0.010000 -0.001541
v -0.129579 0.010000 -0.021357
v -0.126991 0.010000 -0.001525
v -0.129128 0.010000 -0.021409
v -0.127109 0.010000 -0.001511
v -0.128674 0.010000 -0.021449
v -0.127230 0.010000 -0.001501
v -0.128215 0.010000 -0.021475
v -0.127355 0.010000 -0.001494
v -0.127755 0.010000 -0.021488
v -0.127483 0.010000 -0.001490
v -0.127292 0.010000 -0.021488
v -0.127612 0.010000 -0.001490
v -0.126828 0.010000 -0.021473
v -0.127743 0.010000 -0.001494
v -0.126364 0.010000 -0.021445
v -0.127874 0.010000 -0.001502
v -0.125900 0.010000 -0.021403
v -0.128004 0.010000 -0.001514
v -0.125437 0.010000 -0.021347
v -0.128133 0.010000 -0.001530
v -0.124977 0.010000 -0.021277
v -0.128260 0.010000 -0.001549
v -0.124519 0.010000 -0.021194
v -0.128385 0.010000 -0.001571
v -0.124065 0.010000 -0.021098
v -0.128506 0.010000 -0.001597
v -0.123615 0.010000 -0.020989
v -0.128622 0.010000 -0.001625
v -0.123170 0.010000 -0.020867
v -0.128734 0.010000 -0.001656
v -0.122731 0.010000 -0.020732
v -0.128840 0.010000 -0.001688
v -0.122298 0.010000 -0.020587
v -0.128940 0.010000 -0.001722
v -0.121871 0.010000 -0.020430
v -0.129034 0.010000 -0.001756
v -0.121451 0.010000 -0.020262
v -0.129120 0.010000 -0.001791
v -0.121038 0.010000 -0.020084
v -0.129200 0.010000 -0.001825
v -0.120632 0.010000 -0.019896
v -0.129272 0.010000 -0.001859
v -0.120234 0.010000 -0.019699
v -0.129337 0.010000 -0.001891
v -0.119844 0.010000 -0.019494
v -0.129393 0.010000 -0.001920
v -0.119462 0.010000 -0.019280
v -0.129442 0.010000 -0.001948
v -0.119092 0.010000 -0.019061
v -0.129479 0.010000 -0.001969
v -0.118734 0.010000 -0.018837
v -0.129503 0.010000 -0.001984
v -0.118379 0.010000 -0.018605
v -0.129525 0.010000 -0.001998
v -0.118029 0.010000 -0.018364
v -0.129542 0.010000 -0.002010
v -0.117687 0.010000 -0.018118
v -0.129550 0.010000 -0.002016
v -0.117353 0.010000 -0.017866
v -0.129551 0.010000 -0.002017
v -0.117027 0.010000 -0.017610
v -0.129544 0.010000 -0.002011
v -0.116708 0.010000 -0.017349
v -0.129529 0.010000 -0.001999
v -0.116397 0.010000 -0.017084
v -0.129507 0.010000 -0.001980
v -0.116093 0.010000 -0.016815
v -0.129478 0.010000 -0.001954
v -0.115795 0.010000 -0.016542
v -0.129442 0.010000 -0.001922
v -0.115503 0.010000 -0.016265
v -0.129400 0.010000 -0.001882
v -0.115218 0.010000 -0.015985
v -0.129353 0.010000 -0.001835
v -0.114938 0.010000 -0.015701
v -0.129299 0.010000 -0.001780
v -0.114664 0.010000 -0.015413
v -0.129240 0.010000 -0.001718
v -0.114395 0.010000 -0.015123
v -0.129175 0.010000 -0.001649
v -0.114131 0.010000 -0.014829
v -0.129106 0.010000 -0.001572
v -0.113872 0.010000 -0.014531
v -0.129032 0.010000 -0.001487
v -0.113617 0.010000 -0.014231
v -0.128954 0.010000 -0.001395
v -0.113366 0.010000 -0.013927
v -0.128872 0.010000 -0.001295
v -0.113119 0.010000 -0.013620
v -0.128785 0.010000 -0.001187
v -0.112876 0.010000 -0.013310
v -0.128695 0.010000 -0.001072
v -0.112636 0.010000 -0.012996
v -0.128601 0.010000 -0.000949
v -0.112400 0.010000 -0.012679
v -0.128504 0.010000 -0.000819
v -0.112167 0.010000 -0.012359
v -0.128404 0.010000 -0.000681
v -0.111937 0.010000 -0.012036
v -0.128300 0.010000 -0.000535
v -0.111710 0.010000 -0.011709
v -0.128194 0.010000 -0.000383
v -0.111486 0.010000 -0.011379
v -0.128085 0.010000 -0.000222
v -0.111264 0.010000 -0.011045
v -0.127973 0.010000 -0.000054
v -0.111045 0.010000 -0.010708
v -0.127860 0.010000 0.000121
v -0.110830 0.010000 -0.010372
v -0.127741 0.010000 0.000307
v -0.110617 0.010000 -0.010031
v -0.127620 0.010000 0.000501
v -0.110404 0.010000 -0.009683
v -0.127500 0.010000 0.000697
v -0.110193 0.010000 -0.009333
v -0.127377 0.010000 0.000901
v -0.109985 0.010000 -0.008980
v -0.127252 0.010000 0.001112
v -0.109778 0.010000 -0.008623
v -0.127125 0.010000 0.001331
v -0.109574 0.010000 -0.008263
v -0.126997 0.010000 0.001557
v -0.109370 0.010000 -0.007899
v -0.126867 0.010000 0.001790
v -0.109169 0.010000 -0.007532
v -0.126735 0.010000 0.002031
v -0.108969 0.010000 -0.007162
v -0.126601 0.010000 0.002278
v -0.108771 0.010000 -0.006789
v -0.126466 0.010000 0.002532
v -0.108574 0.010000 -0.006411
v -0.126330 0.010000 0.002793
v -0.108378 0.010000 -0.006031
v -0.126192 0.010000 0.003060
v -0.108184 0.010000 -0.005647
v -0.126054 0.010000 0.003334
v -0.107990 0.010000 -0.005259
v -0.125914 0.010000 0.003615
v -0.107798 0.010000 -0.004868
v -0.125773 0.010000 0.003902
v -0.107607 0.010000 -0.004473
v -0.125630 0.010000 0.004195
v -0.107417 0.010000 -0.004075
v -0.125487 0.010000 0.004495
v -0.107227 0.010000 -0.003673
v -0.125343 0.010000 0.004801
v -0.107039 0.010000 -0.003268
v -0.125198 0.010000 0.005113
v -0.106851 0.010000 -0.002859
v -0.125053 0.010000 0.005431
v -0.106665 0.010000 -0.002446
v -0.124906 0.010000 0.005755
v -0.106479 0.010000 -0.002030
v -0.124759 0.010000 0.006085
v -0.106293 0.010000 -0.001610
v -0.124611 0.010000 0.006420
v -0.106109 0.010000 -0.001186
v -0.124462 0.010000 0.006762
v -0.105925 0.010000 -0.000759
v -0.124312 0.010000 0.007109
v -0.105742 0.010000 -0.000328
v -0.124162 0.010000 0.007462
v -0.105559 0.010000 0.000106
v -0.124012 0.010000 0.007820
v -0.105377 0.010000 0.000545
v -0.123861 0.010000 0.008184
v -0.105196 0.010000 0.000986
v -0.123709 0.010000 0.008553
v -0.105016 0.010000 0.001428
v -0.123555 0.010000 0.008931
v -0.104836 0.010000 0.001875
v -0.123401 0.010000 0.009313
v -0.104655 0.010000 0.002329
v -0.123249 0.010000 0.009696
v -0.104475 0.010000 0.002784
v -0.123095 0.010000 0.010086
v -0.104297 0.010000 0.003243
v -0.122941 0.010000 0.010482
v -0.104118 0.010000 0.003705
v -0.122786 0.010000 0.010883
v -0.103940 0.010000 0.004171
v -0.122630 0.010000 0.011288
v -0.103762 0.010000 0.004639
v -0.122475 0.010000 0.011699
v -0.103585 0.010000 0.005111
v -0.122319 0.010000 0.012115
v -0.103408 0.010000 0.005586
v -0.122162 0.010000 0.012535
v -0.103232 0.010000 0.006064
v -0.122005 0.010000 0.012961
v -0.103056 0.010000 0.006545
v -0.121848 0.010000 0.013391
v -0.102880 0.010000 0.007030
v -0.121690 0.010000 0.013825
v -0.102705 0.010000 0.007517
v -0.121532 0.010000 0.014264
v -0.102530 0.010000 0.008008
v -0.121374 0.010000 0.014707
v -0.102355 0.010000 0.008501
v -0.121216 0.010000 0.015155
v -0.102181 0.010000 0.008998
v -0.121057 0.010000 0.015607
v -0.102006 0.010000 0.009497
v -0.120898 0.010000 0.016063
v -0.101832 0.010000 0.009999
v -0.120738 0.010000 0.016524
v -0.101659 0.010000 0.010504
v -0.120579 0.010000 0.016988
v -0.101485 0.010000 0.011012
v -0.120419 0.010000 0.017456
v -0.101312 0.010000 0.011522
v -0.120259 0.010000 0.017928
v -0.101139 0.010000 0.012035
v -0.120098 0.010000 0.018404
v -0.100967 0.010000 0.012551
v -0.119938 0.010000 0.018884
v -0.100794 0.010000 0.013069
v -0.119777 0.010000 0.019367
v -0.100622 0.010000 0.013590
v -0.119616 0.010000 0.019854
v -0.100450 0.010000 0.014114
v -0.119455 0.010000 0.020344
v -0.100278 0.010000 0.014640
v -0.119293 0.010000 0.020838
v -0.100106 0.010000 0.015168
v -0.119132 0.010000 0.021335
v -0.099935 0.010000 0.015699
v -0.118970 0.010000 0.021836
v -0.099764 0.010000 0.016229
v -0.118807 0.010000 0.022342
v -0.099593 0.010000 0.016763
v -0.118644 0.010000 0.022850
v -0.099421 0.010000 0.017302
v -0.118482 0.010000 0.023357
v -0.099250 0.010000 0.017841
v -0.118320 0.010000 0.023870
v -0.099080 0.010000 0.018382
v -0.118157 0.010000 0.024386
v -0.098909 0.010000 0.018925
v -0.117994 0.010000 0.024905
v -0.098739 0.010000 0.019469
v -0.117831 0.010000 0.025426
v -0.098569 0.010000 0.020016
v -0.117668 0.010000 0.025950
v -0.098399 0.010000 0.020564
v -0.117505 0.010000 0.026477
v -0.098229 0.010000 0.021114
v -0.117341 0.010000 0.027006
v -0.098060 0.010000 0.021665
v -0.117178 0.010000 0.027538
v -0.097890 0.010000 0.022217
v -0.117014 0.010000 0.028072
v -0.097721 0.010000 0.022771
v -0.116850 0.010000 0.028609
v -0.097552 0.010000 0.023327
v -0.116686 0.010000 0.029148
v -0.097382 0.010000 0.023883
v -0.116522 0.010000 0.029688
v -0.097214 0.010000 0.024441
v -0.116357 0.010000 0.030231
v -0.097045 0.010000 0.025000
v -0.116193 0.010000 0.030776
v -0.096876 0.010000 0.025560
v -0.116028 0.010000 0.031322
v -0.096708 0.010000 0.026121
v -0.115863 0.010000 0.031871
v -0.096539 0.010000 0.026682
v -0.115698 0.010000 0.032421
v -0.096371 0.010000 0.027245
v -0.115533 0.010000 0.032972
v -0.096203 0.010000 0.027808
v -0.115368 0.010000 0.033525
v -0.096035 0.010000 0.028372
v -0.115203 0.010000 0.034080
v -0.095867 0.010000 0.028936
v -0.115037 0.010000 0.034636
v -0.095699 0.010000 0.029501
v -0.114872 0.010000 0.035193
v -0.095531 0.010000 0.030066
v -0.114706 0.010000 0.035751
v -0.095364 0.010000 0.030632
v -0.114541 0.010000 0.036310
v -0.095196 0.010000 0.031198
v -0.114375 0.010000 0.036871
v -0.095029 0.010000 0.031764
v -0.114209 0.010000 0.037432
v -0.094862 0.010000 0.032330
v -0.114043 0.010000 0.037994
v -0.094695 0.010000 0.032894
v -0.113876 0.010000 0.038560
v -0.094528 0.010000 0.033459
v -0.113709 0.010000 0.039124
v -0.094360 0.010000 0.034027
v -0.113543 0.010000 0.039686
v -0.094194 0.010000 0.034593
v -0.113377 0.010000 0.040251
v -0.094027 0.010000 0.035158
v -0.113210 0.010000 0.040816
v -0.093861 0.010000 0.035722
v -0.113043 0.010000 0.041381
v -0.093694 0.010000 0.036286
v -0.112876 0.010000 0.041947
v -0.093528 0.010000 0.036849
v -0.112709 0.010000 0.042513
v -0.093362 0.010000 0.037412
v -0.112542 0.010000 0.043079
v -0.093196 0.010000 0.037974
v -0.112375 0.010000 0.043645
v -0.093030 0.010000 0.038534
v -0.112207 0.010000 0.044211
v -0.092864 0.010000 0.039094
v -0.112040 0.010000 0.044777
v -0.092698 0.010000 0.039652
v -0.111872 0.010000 0.045342
v -0.092533 0.010000 0.040210
v -0.111704 0.010000 0.045907
v -0.092368 0.010000 0.040766
v -0.111536 0.010000 0.046472
v -0.092202 0.010000 0.041320
v -0.111368 0.010000 0.047036
v -0.092037 0.010000 0.041873
v -0.111200 0.010000 0.047600
v -0.091872 0.010000 0.042425
v -0.111032 0.010000 0.048162
v -0.091708 0.010000 0.042975
v -0.110863 0.010000 0.048724
v -0.091543 0.010000 0.043523
v -0.110695 0.010000 0.049286
v -0.091378 0.010000 0.044069
v -0.110526 0.010000 0.049846
v -0.091214 0.010000 0.044613
v -0.110357 0.010000 0.050405
v -0.091050 0.010000 0.045155
v -0.110188 0.010000 0.050963
v -0.090886 0.010000 0.045695
v -0.110019 0.010000 0.051520
v -0.090722 0.010000 0.046232
v -0.109849 0.010000 0.052075
v -0.090558 0.010000 0.046767
v -0.109680 0.010000 0.052629
v -0.090394 0.010000 0.047300
v -0.109510 0.010000 0.053182
v -0.090231 0.010000 0.047830
v -0.109340 0.010000 0.053733
v -0.090068 0.010000 0.048357
v -0.109170 0.010000 0.054282
v -0.089905 0.010000 0.048882
v -0.109000 0.010000 0.054830
v -0.089743 0.010000 0.049400
v -0.108828 0.010000 0.055379
v -0.089580 0.010000 0.049919
v -0.108657 0.010000 0.055923
v -0.089416 0.010000 0.050437
v -0.108487 0.010000 0.056462
v -0.089254 0.010000 0.050950
v -0.108316 0.010000 0.057003
v -0.089092 0.010000 0.051458
v -0.108145 0.010000 0.057541
v -0.088930 0.010000 0.051964
v -0.107973 0.010000 0.058077
v -0.088769 0.010000 0.052466
v -0.107802 0.010000 0.058610
v -0.088608 0.010000 0.052964
v -0.107630 0.010000 0.059141
v -0.088446 0.010000 0.053458
v -0.107457 0.010000 0.059670
v -0.088286 0.010000 0.053949
v -0.107285 0.010000 0.060197
v -0.088125 0.010000 0.054435
v -0.107112 0.010000 0.060720
v -0.087965 0.010000 0.054918
v -0.106939 0.010000 0.061241
v -0.087805 0.010000 0.055396
v -0.106766 0.010000 0.061760
v -0.087645 0.010000 0.055870
v -0.106592 0.010000 0.062275
v -0.087486 0.010000 0.056339
v -0.106418 0.010000 0.062788
v -0.087327 0.010000 0.056804
v -0.106244 0.010000 0.063298
v -0.087169 0.010000 0.057265
v -0.106069 0.010000 0.063805
v -0.087010 0.010000 0.057720
v -0.105894 0.010000 0.064309
v -0.086852 0.010000 0.058171
v -0.105718 0.010000 0.064810
v -0.086695 0.010000 0.058616
v -0.105542 0.010000 0.065307
v -0.086538 0.010000 0.059056
v -0.105366 0.010000 0.065802
v -0.086381 0.010000 0.059491
v -0.105189 0.010000 0.066293
v -0.086225 0.010000 0.059921
v -0.105012 0.010000 0.066780
v -0.086070 0.010000 0.060345
v -0.104835 0.010000 0.067265
v -0.085915 0.010000 0.060764
v -0.104656 0.010000 0.067746
v -0.085760 0.010000 0.061176
v -0.104477 0.010000 0.068223
v -0.085606 0.010000 0.061583
v -0.104298 0.010000 0.068697
v -0.085453 0.010000 0.061983
v -0.104118 0.010000 0.069167
v -0.085300 0.010000 0.062378
v -0.103937 0.010000 0.069634
v -0.085148 0.010000 0.062766
v -0.103756 0.010000 0.070097
v -0.084999 0.010000 0.063143
v -0.103572 0.010000 0.070560
v -0.084848 0.010000 0.063519
v -0.103389 0.010000 0.071015
v -0.084696 0.010000 0.063891
v -0.103207 0.010000 0.071463
v -0.084548 0.010000 0.064252
v -0.103023 0.010000 0.071912
v -0.084400 0.010000 0.064606
v -0.102837 0.010000 0.072356
v -0.084253 0.010000 0.064953
v -0.102651 0.010000 0.072797
v -0.084107 0.010000 0.065293
v -0.102463 0.010000 0.073234
v -0.083963 0.010000 0.065625
v -0.102275 0.010000 0.073666
v -0.083819 0.010000 0.065949
v -0.102085 0.010000 0.074095
v -0.083677 0.010000 0.066265
v -0.101894 0.010000 0.074520
v -0.083536 0.010000 0.066574
v -0.101701 0.010000 0.074942
v -0.083396 0.010000 0.066874
v -0.101507 0.010000 0.075359
v -0.083259 0.010000 0.067166
v -0.101312 0.010000 0.075773
v -0.083122 0.010000 0.067449
v -0.101115 0.010000 0.076182
v -0.082988 0.010000 0.067724
v -0.100916 0.010000 0.076588
v -0.082855 0.010000 0.067989
v -0.100715 0.010000 0.076990
v -0.082725 0.010000 0.068246
v -0.100512 0.010000 0.077389
v -0.082597 0.010000 0.068493
v -0.100307 0.010000 0.077784
v -0.082471 0.010000 0.068730
v -0.100100 0.010000 0.078175
v -0.082347 0.010000 0.068958
v -0.099890 0.010000 0.078563
v -0.082227 0.010000 0.069175
v -0.099677 0.010000 0.078948
v -0.082110 0.010000 0.069383
v -0.099461 0.010000 0.079329
v -0.081996 0.010000 0.069579
v -0.099242 0.010000 0.079707
v -0.081885 0.010000 0.069765
v -0.099019 0.010000 0.080081
v -0.081778 0.010000 0.069940
v -0.098792 0.010000 0.080453
v -0.081676 0.010000 0.070104
v -0.098561 0.010000 0.080822
v -0.081578 0.010000 0.070255
v -0.098326 0.010000 0.081188
v -0.081486 0.010000 0.070395
v -0.098085 0.010000 0.081552
v -0.081399 0.010000 0.070523
v -0.097839 0.010000 0.081913
v -0.081318 0.010000 0.070638
v -0.097587 0.010000 0.082271
v -0.081246 0.010000 0.070737
v -0.097325 0.010000 0.082632
v -0.081176 0.010000 0.070829
v -0.097061 0.010000 0.082982
v -0.081111 0.010000 0.070913
v -0.096792 0.010000 0.083327
v -0.081060 0.010000 0.070977
v -0.096510 0.010000 0.083677
v -0.081018 0.010000 0.071027
v -0.096219 0.010000 0.084025
v -0.080987 0.010000 0.071063
v -0.095917 0.010000 0.084370
v -0.080966 0.010000 0.071086
v -0.095605 0.010000 0.084714
v -0.080957 0.010000 0.071096
v -0.095280 0.010000 0.085054
v -0.080961 0.010000 0.071092
v -0.094943 0.010000 0.085392
v -0.080979 0.010000 0.071075
v -0.094591 0.010000 0.085727
v -0.081013 0.010000 0.071044
v -0.094224 0.010000 0.086059
v -0.081063 0.010000 0.071001
v -0.093841 0.010000 0.086387
v -0.081131 0.010000 0.070947
v -0.093439 0.010000 0.086711
v -0.081219 0.010000 0.070880
v -0.093018 0.010000 0.087029
v -0.081327 0.010000 0.070804
v -0.092577 0.010000 0.087341
v -0.081458 0.010000 0.070719
v -0.092113 0.010000 0.087644
v -0.081612 0.010000 0.070626
v -0.091626 0.010000 0.087938
v -0.081790 0.010000 0.070528
v -0.091114 0.010000 0.088221
v -0.081993 0.010000 0.070426
v -0.090578 0.010000 0.088490
v -0.082221 0.010000 0.070324
v -0.090016 0.010000 0.088742
v -0.082475 0.010000 0.070223
v -0.089429 0.010000 0.088975
v -0.082754 0.010000 0.070127
v -0.088816 0.010000 0.089186
v -0.083057 0.010000 0.070039
v -0.088180 0.010000 0.089372
v -0.083382 0.010000 0.069962
v -0.087522 0.010000 0.089528
v -0.083726 0.010000 0.069898
v -0.086845 0.010000 0.089653
v -0.084086 0.010000 0.069851
v -0.086151 0.010000 0.089744
v -0.084458 0.010000 0.069823
v -0.085446 0.010000 0.089798
v -0.084838 0.010000 0.069814
v -0.084733 0.010000 0.089814
v -0.085221 0.010000 0.069827
v -0.084017 0.010000 0.089791
v -0.085602 0.010000 0.069860
v -0.083303 0.010000 0.089728
v -0.085973 0.010000 0.069913
v -0.082598 0.010000 0.089627
v -0.086320 0.010000 0.069982
v -0.081917 0.010000 0.089492
v -0.086654 0.010000 0.070067
v -0.081250 0.010000 0.089323
v -0.086980 0.010000 0.070167
v -0.080590 0.010000 0.089119
v -0.087283 0.010000 0.070278
v -0.079954 0.010000 0.088887
v -0.087561 0.010000 0.070395
v -0.079343 0.010000 0.088629
v -0.087812 0.010000 0.070515
v -0.078758 0.010000 0.088349
v -0.088036 0.010000 0.070635
v -0.078201 0.010000 0.088050
v -0.088234 0.010000 0.070752
v -0.077670 0.010000 0.087735
v -0.088405 0.010000 0.070864
v -0.077165 0.010000 0.087406
v -0.088551 0.010000 0.070967
v -0.076686 0.010000 0.087067
v -0.088674 0.010000 0.071060
v -0.076230 0.010000 0.086718
v -0.088773 0.010000 0.071142
v -0.075798 0.010000 0.086362
v -0.088851 0.010000 0.071211
v -0.075386 0.010000 0.085999
v -0.088910 0.010000 0.071266
v -0.074994 0.010000 0.085631
v -0.088950 0.010000 0.071305
v -0.074621 0.010000 0.085259
v -0.088973 0.010000 0.071330
v -0.074264 0.010000 0.084882
v -0.088981 0.010000 0.071338
v -0.073923 0.010000 0.084502
v -0.088974 0.010000 0.071331
v -0.073596 0.010000 0.084118
v -0.088955 0.010000 0.071307
v -0.073283 0.010000 0.083732
v -0.088924 0.010000 0.071266
v -0.072980 0.010000 0.083342
v -0.088882 0.010000 0.071210
v -0.072689 0.010000 0.082948
v -0.088830 0.010000 0.071137
v -0.072408 0.010000 0.082552
v -0.088769 0.010000 0.071047
v -0.072135 0.010000 0.082151
v -0.088700 0.010000 0.070942
v -0.071870 0.010000 0.081747
v -0.088624 0.010000 0.070821
v -0.071613 0.010000 0.081339
v -0.088541 0.010000 0.070684
v -0.071363 0.010000 0.080927
v -0.088452 0.010000 0.070532
v -0.071119 0.010000 0.080510
v -0.088357 0.010000 0.070364
v -0.070881 0.010000 0.080089
v -0.088257 0.010000 0.070181
v -0.070647 0.010000 0.079662
v -0.088150 0.010000 0.069979
v -0.070421 0.010000 0.079235
v -0.088039 0.010000 0.069764
v -0.070198 0.010000 0.078801
v -0.087927 0.010000 0.069538
v -0.069977 0.010000 0.078359
v -0.087810 0.010000 0.069297
v -0.069760 0.010000 0.077911
v -0.087690 0.010000 0.069042
v -0.069547 0.010000 0.077458
v -0.087567 0.010000 0.068772
v -0.069337 0.010000 0.076998
v -0.087441 0.010000 0.068489
v -0.069130 0.010000 0.076533
v -0.087312 0.010000 0.068192
v -0.068925 0.010000 0.076061
v -0.087181 0.010000 0.067881
v -0.068723 0.010000 0.075583
v -0.087047 0.010000 0.067557
v -0.068523 0.010000 0.075098
v -0.086912 0.010000 0.067220
v -0.068325 0.010000 0.074606
v -0.086774 0.010000 0.066870
v -0.068130 0.010000 0.074107
v -0.086635 0.010000 0.066507
v -0.067936 0.010000 0.073601
v -0.086494 0.010000 0.066132
v -0.067743 0.010000 0.073088
v -0.086352 0.010000 0.065744
v -0.067552 0.010000 0.072568
v -0.086208 0.010000 0.065344
v -0.067362 0.010000 0.072040
v -0.086063 0.010000 0.064931
v -0.067174 0.010000 0.071504
v -0.085917 0.010000 0.064507
v -0.066987 0.010000 0.070961
v -0.085770 0.010000 0.064070
v -0.066801 0.010000 0.070410
v -0.085621 0.010000 0.063622
v -0.066616 0.010000 0.069851
v -0.085472 0.010000 0.063162
v -0.066432 0.010000 0.069284
v -0.085322 0.010000 0.062690
v -0.066249 0.010000 0.068709
v -0.085171 0.010000 0.062207
v -0.066067 0.010000 0.068126
v -0.085019 0.010000 0.061713
v -0.065885 0.010000 0.067534
v -0.084867 0.010000 0.061207
v -0.065704 0.010000 0.066935
v -0.084713 0.010000 0.060690
v -0.065524 0.010000 0.066327
v -0.084559 0.010000 0.060161
v -0.065345 0.010000 0.065711
v -0.084405 0.010000 0.059622
v -0.065166 0.010000 0.065087
v -0.084250 0.010000 0.059072
v -0.064988 0.010000 0.064454
v -0.084094 0.010000 0.058510
v -0.064810 0.010000 0.063813
v -0.083938 0.010000 0.057936
v -0.064633 0.010000 0.063165
v -0.083780 0.010000 0.057351
v -0.064457 0.010000 0.062508
v -0.083624 0.010000 0.056759
v -0.064280 0.010000 0.061841
v -0.083466 0.010000 0.056156
v -0.064104 0.010000 0.061166
v -0.083308 0.010000 0.055541
v -0.063929 0.010000 0.060483
v -0.083150 0.010000 0.054916
v -0.063754 0.010000 0.059791
v -0.082992 0.010000 0.054280
v -0.063579 0.010000 0.059091
v -0.082833 0.010000 0.053634
v -0.063405 0.010000 0.058383
v -0.082673 0.010000 0.052978
v -0.063231 0.010000 0.057667
v -0.082514 0.010000 0.052311
v -0.063057 0.010000 0.056941
v -0.082354 0.010000 0.051635
v -0.062884 0.010000 0.056208
v -0.082193 0.010000 0.050948
v -0.062710 0.010000 0.055466
v -0.082033 0.010000 0.050252
v -0.062538 0.010000 0.054716
v -0.081872 0.010000 0.049546
v -0.062365 0.010000 0.053958
v -0.081711 0.010000 0.048830
v -0.062193 0.010000 0.053191
v -0.081550 0.010000 0.048104
v -0.062021 0.010000 0.052417
v -0.081389 0.010000 0.047369
v -0.061849 0.010000 0.051633
v -0.081227 0.010000 0.046624
v -0.061677 0.010000 0.050842
v -0.081065 0.010000 0.045870
v -0.061505 0.010000 0.050043
v -0.080903 0.010000 0.045106
v -0.061334 0.010000 0.049235
v -0.080741 0.010000 0.044333
v -0.061163 0.010000 0.048420
v -0.080579 0.010000 0.043552
v -0.060992 0.010000 0.047596
v -0.080416 0.010000 0.042760
v -0.060821 0.010000 0.046764
v -0.080254 0.010000 0.041960
v -0.060651 0.010000 0.045925
v -0.080091 0.010000 0.041151
v -0.060480 0.010000 0.045077
v -0.079928 0.010000 0.040333
v -0.060310 0.010000 0.044222
v -0.079765 0.010000 0.039507
v -0.060139 0.010000 0.043358
v -0.079602 0.010000 0.038671
v -0.059969 0.010000 0.042487
v -0.079439 0.010000 0.037827
v -0.059799 0.010000 0.041608
v -0.079275 0.010000 0.036974
v -0.059629 0.010000 0.040721
v -0.079111 0.010000 0.036111
v -0.059460 0.010000 0.039828
v -0.078947 0.010000 0.035241
v -0.059290 0.010000 0.038927
v -0.078784 0.010000 0.034364
v -0.059120 0.010000 0.038016
v -0.078620 0.010000 0.033478
v -0.058950 0.010000 0.037099
v -0.078456 0.010000 0.032584
v -0.058781 0.010000 0.036175
v -0.078292 0.010000 0.031682
v -0.058612 0.010000 0.035244
v -0.078128 0.010000 0.030771
v -0.058443 0.010000 0.034305
v -0.077964 0.010000 0.029853
v -0.058273 0.010000 0.033359
v -0.077799 0.010000 0.028927
v -0.058104 0.010000 0.032407
v -0.077635 0.010000 0.027993
v -0.057936 0.010000 0.031447
v -0.077471 0.010000 0.027051
v -0.057767 0.010000 0.030480
v -0.077306 0.010000 0.026102
v -0.057598 0.010000 0.029506
v -0.077141 0.010000 0.025146
v -0.057429 0.010000 0.028526
v -0.076977 0.010000 0.024182
v -0.057260 0.010000 0.027538
v -0.076812 0.010000 0.023211
v -0.057092 0.010000 0.026545
v -0.076647 0.010000 0.022233
v -0.056923 0.010000 0.025544
v -0.076482 0.010000 0.021248
v -0.056755 0.010000 0.024538
v -0.076318 0.010000 0.020255
v -0.056587 0.010000 0.023525
v -0.076153 0.010000 0.019257
v -0.056418 0.010000 0.022505
v -0.075988 0.010000 0.018251
v -0.056250 0.010000 0.021480
v -0.075822 0.010000 0.017239
v -0.056082 0.010000 0.020448
v -0.075657 0.010000 0.016220
v -0.055913 0.010000 0.019410
v -0.075492 0.010000 0.015195
v -0.055745 0.010000 0.018367
v -0.075327 0.010000 0.014163
v -0.055577 0.010000 0.017317
v -0.075162 0.010000 0.013125
v -0.055409 0.010000 0.016262
v -0.074996 0.010000 0.012081
v -0.055241 0.010000 0.015201
v -0.074831 0.010000 0.011031
v -0.055073 0.010000 0.014135
v -0.074666 0.010000 0.009975
v -0.054905 0.010000 0.013063
v -0.074500 0.010000 0.008914
v -0.054737 0.010000 0.011985
v -0.074335 0.010000 0.007846
v -0.054570 0.010000 0.010902
v -0.074169 0.010000 0.006771
v -0.054402 0.010000 0.009816
v -0.074003 0.010000 0.005692
v -0.054234 0.010000 0.008723
v -0.073838 0.010000 0.004610
v -0.054066 0.010000 0.007624
v -0.073672 0.010000 0.003521
v -0.053898 0.010000 0.006521
v -0.073506 0.010000 0.002427
v -0.053731 0.010000 0.005414
v -0.073341 0.010000 0.001327
v -0.053563 0.010000 0.004302
v -0.073175 0.010000 0.000223
v -0.053395 0.010000 0.003185
v -0.073009 0.010000 -0.000886
v -0.053228 0.010000 0.002064
v -0.072843 0.010000 -0.002000
v -0.053060 0.010000 0.000938
v -0.072678 0.010000 -0.003119
v -0.052893 0.010000 -0.000191
v -0.072512 0.010000 -0.004242
v -0.052726 0.010000 -0.001325
v -0.072346 0.010000 -0.005369
v -0.052558 0.010000 -0.002463
v -0.072180 0.010000 -0.006501
v -0.052391 0.010000 -0.003604
v -0.072014 0.010000 -0.007637
v -0.052223 0.010000 -0.004750
v -0.071848 0.010000 -0.008776
v -0.052056 0.010000 -0.005898
v -0.071682 0.010000 -0.009920
v -0.051889 0.010000 -0.007051
v -0.071516 0.010000 -0.011067
v -0.051721 0.010000 -0.008207
v -0.071350 0.010000 -0.012218
v -0.051554 0.010000 -0.009366
v -0.071184 0.010000 -0.013372
v -0.051387 0.010000 -0.010528
v -0.071018 0.010000 -0.014530
v -0.051220 0.010000 -0.011693
v -0.070851 0.010000 -0.015691
v -0.051053 0.010000 -0.012862
v -0.070685 0.010000 -0.016855
v -0.050886 0.010000 -0.014033
v -0.070519 0.010000 -0.018022
v -0.050718 0.010000 -0.015206
v -0.070353 0.010000 -0.019192
v -0.050551 0.010000 -0.016383
v -0.070187 0.010000 -0.020365
v -0.050384 0.010000 -0.017561
v -0.070020 0.010000 -0.021541
v -0.050217 0.010000 -0.018742
v -0.069854 0.010000 -0.022718
v -0.050050 0.010000 -0.019925
v -0.069688 0.010000 -0.023899
v -0.049883 0.010000 -0.021111
v -0.069521 0.010000 -0.025081
v -0.049716 0.010000 -0.022298
v -0.069355 0.010000 -0.026266
v -0.049549 0.010000 -0.023487
v -0.069189 0.010000 -0.027454
v -0.049382 0.010000 -0.024676
v -0.069022 0.010000 -0.028643
v -0.049215 0.010000 -0.025869
v -0.068856 0.010000 -0.029832
v -0.049048 0.010000 -0.027064
v -0.068689 0.010000 -0.031023
v -0.048881 0.010000 -0.028259
v -0.068523 0.010000 -0.032217
v -0.048714 0.010000 -0.029455
v -0.068356 0.010000 -0.033411
v -0.048548 0.010000 -0.030652
v -0.068190 0.010000 -0.034607
v -0.048381 0.010000 -0.031850
v -0.068023 0.010000 -0.035804
v -0.048214 0.010000 -0.033048
v -0.067857 0.010000 -0.037001
v -0.048047 0.010000 -0.034248
v -0.067690 0.010000 -0.038200
v -0.047880 0.010000 -0.035448
v -0.067524 0.010000 -0.039399
v -0.047714 0.010000 -0.036648
v -0.067357 0.010000 -0.040599
v -0.047547 0.010000 -0.037848
v -0.067190 0.010000 -0.041799
v -0.047380 0.010000 -0.039049
v -0.067024 0.010000 -0.042999
v -0.047214 0.010000 -0.040249
v -0.066857 0.010000 -0.044200
v -0.047047 0.010000 -0.041449
v -0.066690 0.010000 -0.045400
v -0.046880 0.010000 -0.042649
v -0.066524 0.010000 -0.046600
v -0.046714 0.010000 -0.043848
v -0.066357 0.010000 -0.047800
v -0.046547 0.010000 -0.045047
v -0.066190 0.010000 -0.049000
v -0.046381 0.010000 -0.046245
v -0.066023 0.010000 -0.050199
v -0.046214 0.010000 -0.047442
v -0.065856 0.010000 -0.051397
v -0.046048 0.010000 -0.048638
v -0.065690 0.010000 -0.052594
v -0.045881 0.010000 -0.049833
v -0.065523 0.010000 -0.053790
v -0.045715 0.010000 -0.051026
v -0.065356 0.010000 -0.054985
v -0.045548 0.010000 -0.052218
v -0.065189 0.010000 -0.056179
v -0.045382 0.010000 -0.053408
v -0.065022 0.010000 -0.057372
v -0.045215 0.010000 -0.054597
v -0.064855 0.010000 -0.058562
v -0.045049 0.010000 -0.055784
v -0.064688 0.010000 -0.059752
v -0.044883 0.010000 -0.056968
v -0.064521 0.010000 -0.060939
v -0.044716 0.010000 -0.058151
v -0.064354 0.010000 -0.062124
v -0.044550 0.010000 -0.059331
v -0.064187 0.010000 -0.063309
v -0.044384 0.010000 -0.060508
v -0.064019 0.010000 -0.064490
v -0.044218 0.010000 -0.061683
v -0.063853 0.010000 -0.065667
v -0.044051 0.010000 -0.062857
v -0.063685 0.010000 -0.066843
v -0.043885 0.010000 -0.064026
v -0.063518 0.010000 -0.068017
v -0.043719 0.010000 -0.065193
v -0.063351 0.010000 -0.069187
v -0.043553 0.010000 -0.066356
v -0.063184 0.010000 -0.070355
v -0.043386 0.010000 -0.067516
v -0.063017 0.010000 -0.071519
v -0.043220 0.010000 -0.068672
v -0.062849 0.010000 -0.072681
v -0.043054 0.010000 -0.069825
v -0.062682 0.010000 -0.073838
v -0.042888 0.010000 -0.070974
v -0.062515 0.010000 -0.074993
v -0.042722 0.010000 -0.072119
v -0.062347 0.010000 -0.076143
v -0.042556 0.010000 -0.073260
v -0.062180 0.010000 -0.077290
v -0.042390 0.010000 -0.074397
v -0.062013 0.010000 -0.078433
v -0.042225 0.010000 -0.075529
v -0.061845 0.010000 -0.079572
v -0.042059 0.010000 -0.076657
v -0.061678 0.010000 -0.080707
v -0.041893 0.010000 -0.077780
v -0.061510 0.010000 -0.081837
v -0.041727 0.010000 -0.078899
v -0.061343 0.010000 -0.082963
v -0.041561 0.010000 -0.080012
v -0.061175 0.010000 -0.084084
v -0.041396 0.010000 -0.081121
v -0.061007 0.010000 -0.085201
v -0.041230 0.010000 -0.082224
v -0.060840 0.010000 -0.086312
v -0.041064 0.010000 -0.083322
v -0.060672 0.010000 -0.087419
v -0.040899 0.010000 -0.084414
v -0.060504 0.010000 -0.088520
v -0.040733 0.010000 -0.085500
v -0.060336 0.010000 -0.089616
v -0.040568 0.010000 -0.086581
v -0.060168 0.010000 -0.090707
v -0.040402 0.010000 -0.087656
v -0.060000 0.010000 -0.091792
v -0.040237 0.010000 -0.088725
v -0.059832 0.010000 -0.092871
v -0.040072 0.010000 -0.089787
v -0.059664 0.010000 -0.093945
v -0.039906 0.010000 -0.090843
v -0.059496 0.010000 -0.095012
v -0.039741 0.010000 -0.091892
v -0.059328 0.010000 -0.096074
v -0.039576 0.010000 -0.092935
v -0.059160 0.010000 -0.097130
v -0.039411 0.010000 -0.093969
v -0.058991 0.010000 -0.098179
v -0.039246 0.010000 -0.094997
v -0.058823 0.010000 -0.099220
v -0.039081 0.010000 -0.096021
v -0.058655 0.010000 -0.100255
v -0.038916 0.010000 -0.097035
v -0.058486 0.010000 -0.101284
v -0.038751 0.010000 -0.098042
v -0.058318 0.010000 -0.102307
v -0.038586 0.010000 -0.099041
v -0.058149 0.010000 -0.103322
v -0.038421 0.010000 -0.100032
v -0.057980 0.010000 -0.104330
v -0.038257 0.010000 -0.101015
v -0.057812 0.010000 -0.105330
v -0.038092 0.010000 -0.101991
v -0.057643 0.010000 -0.106323
v -0.037928 0.010000 -0.102958
v -0.057474 0.010000 -0.107309
v -0.037764 0.010000 -0.103916
v -0.057305 0.010000 -0.108287
v -0.037599 0.010000 -0.104867
v -0.057135 0.010000 -0.109258
v -0.037435 0.010000 -0.105808
v -0.056966 0.010000 -0.110220
v -0.037271 0.010000 -0.106741
v -0.056797 0.010000 -0.111175
v -0.037107 0.010000 -0.107665
v -0.056627 0.010000 -0.112121
v -0.036943 0.010000 -0.108580
v -0.056458 0.010000 -0.113060
v -0.036780 0.010000 -0.109485
v -0.056288 0.010000 -0.113990
v -0.036616 0.010000 -0.110381
v -0.056118 0.010000 -0.114911
v -0.036453 0.010000 -0.111268
v -0.055948 0.010000 -0.115824
v -0.036289 0.010000 -0.112145
v -0.055778 0.010000 -0.116729
v -0.036126 0.010000 -0.113012
v -0.055607 0.010000 -0.117625
v -0.035963 0.010000 -0.113869
v -0.055437 0.010000 -0.118512
v -0.035801 0.010000 -0.114715
v -0.055266 0.010000 -0.119390
v -0.035638 0.010000 -0.115552
v -0.055095 0.010000 -0.120259
v -0.035475 0.010000 -0.116378
v -0.054924 0.010000 -0.121119
v -0.035313 0.010000 -0.117193
v -0.054753 0.010000 -0.121969
v -0.035151 0.010000 -0.117998
v -0.054581 0.010000 -0.122811
v -0.034990 0.010000 -0.118791
v -0.054410 0.010000 -0.123643
v -0.034828 0.010000 -0.119573
v -0.054238 0.010000 -0.124465
v -0.034667 0.010000 -0.120344
v -0.054065 0.010000 -0.125280
v -0.034506 0.010000 -0.121101
v -0.053892 0.010000 -0.126083
v -0.034345 0.010000 -0.121850
v -0.053720 0.010000 -0.126874
v -0.034184 0.010000 -0.122589
v -0.053546 0.010000 -0.127659
v -0.034024 0.010000 -0.123313
v -0.053373 0.010000 -0.128433
v -0.033864 0.010000 -0.124025
v -0.053199 0.010000 -0.129197
v -0.033705 0.010000 -0.124725
v -0.053024 0.010000 -0.129952
v -0.033546 0.010000 -0.125412
v -0.052849 0.010000 -0.130696
v -0.033388 0.010000 -0.126087
v -0.052674 0.010000 -0.131430
v -0.033230 0.010000 -0.126748
v -0.052498 0.010000 -0.132154
v -0.033072 0.010000 -0.127397
v -0.052322 0.010000 -0.132868
v -0.032915 0.010000 -0.128033
v -0.052145 0.010000 -0.133572
v -0.032759 0.010000 -0.128655
v -0.051967 0.010000 -0.134266
v -0.032603 0.010000 -0.129263
v -0.051789 0.010000 -0.134950
v -0.032448 0.010000 -0.129858
v -0.051610 0.010000 -0.135623
v -0.032294 0.010000 -0.130438
v -0.051430 0.010000 -0.136286
v -0.032140 0.010000 -0.131005
v -0.051250 0.010000 -0.136940
v -0.031988 0.010000 -0.131556
v -0.051068 0.010000 -0.137583
v -0.031836 0.010000 -0.132094
v -0.050885 0.010000 -0.138216
v -0.031685 0.010000 -0.132616
v -0.050701 0.010000 -0.138840
v -0.031536 0.010000 -0.133122
v -0.050516 0.010000 -0.139453
v -0.031388 0.010000 -0.133614
v -0.050330 0.010000 -0.140057
v -0.031241 0.010000 -0.134089
v -0.050142 0.010000 -0.140651
v -0.031096 0.010000 -0.134548
v -0.049952 0.010000 -0.141236
v -0.030952 0.010000 -0.134991
v -0.049760 0.010000 -0.141811
v -0.030810 0.010000 -0.135416
v -0.049567 0.010000 -0.142378
v -0.030671 0.010000 -0.135825
v -0.049371 0.010000 -0.142935
v -0.030533 0.010000 -0.136215
v -0.049172 0.010000 -0.143484
v -0.030399 0.010000 -0.136588
v -0.048971 0.010000 -0.144024
v -0.030267 0.010000 -0.136942
v -0.048766 0.010000 -0.144556
v -0.030138 0.010000 -0.137276
v -0.048556 0.010000 -0.145084
v -0.030015 0.010000 -0.137588
v -0.048345 0.010000 -0.145599
v -0.029892 0.010000 -0.137885
v -0.048131 0.010000 -0.146103
v -0.029773 0.010000 -0.138165
v -0.047909 0.010000 -0.146607
v -0.029662 0.010000 -0.138418
v -0.047681 0.010000 -0.147105
v -0.029556 0.010000 -0.138649
v -0.047446 0.010000 -0.147598
v -0.029457 0.010000 -0.138857
v -0.047205 0.010000 -0.148085
v -0.029366 0.010000 -0.139042
v -0.046954 0.010000 -0.148568
v -0.029283 0.010000 -0.139202
v -0.046694 0.010000 -0.149048
v -0.029210 0.010000 -0.139337
v -0.046422 0.010000 -0.149526
v -0.029148 0.010000 -0.139445
v -0.046137 0.010000 -0.150001
v -0.029100 0.010000 -0.139526
v -0.045837 0.010000 -0.150476
v -0.029067 0.010000 -0.139579
v -0.045519 0.010000 -0.150952
v -0.029051 0.010000 -0.139603
v -0.045181 0.010000 -0.151428
v -0.029056 0.010000 -0.139596
v -0.044819 0.010000 -0.151905
v -0.029085 0.010000 -0.139558
v -0.044428 0.010000 -0.152385
v -0.029142 0.010000 -0.139488
v -0.044005 0.010000 -0.152868
v -0.029232 0.010000 -0.139386
v -0.043544 0.010000 -0.153352
v -0.029360 0.010000 -0.139253
v -0.043040 0.010000 -0.153837
v -0.029531 0.010000 -0.139088
v -0.042485 0.010000 -0.154320
v -0.029753 0.010000 -0.138896
v -0.041872 0.010000 -0.154798
v -0.030032 0.010000 -0.138679
v -0.041196 0.010000 -0.155263
v -0.030375 0.010000 -0.138443
v -0.040450 0.010000 -0.155709
v -0.030788 0.010000 -0.138197
v -0.039629 0.010000 -0.156123
v -0.031275 0.010000 -0.137952
v -0.038734 0.010000 -0.156493
v -0.031837 0.010000 -0.137720
v -0.037768 0.010000 -0.156803
v -0.032469 0.010000 -0.137517
v -0.036740 0.010000 -0.157037
v -0.033164 0.010000 -0.137359
v -0.035666 0.010000 -0.157182
v -0.033905 0.010000 -0.137260
v -0.034565 0.010000 -0.157228
v -0.034672 0.010000 -0.137228
v -0.033463 0.010000 -0.157170
v -0.035442 0.010000 -0.137268
v -0.032384 0.010000 -0.157012
v -0.036187 0.010000 -0.137377
v -0.031367 0.010000 -0.156768
v -0.036870 0.010000 -0.137540
v -0.030406 0.010000 -0.156449
v -0.037497 0.010000 -0.137748
v -0.029498 0.010000 -0.156062
v -0.038072 0.010000 -0.137993
v -0.028666 0.010000 -0.155628
v -0.038571 0.010000 -0.138253
v -0.027911 0.010000 -0.155162
v -0.038993 0.010000 -0.138513
v -0.027228 0.010000 -0.154675
v -0.039342 0.010000 -0.138761
v -0.026611 0.010000 -0.154176
v -0.039626 0.010000 -0.138990
v -0.026053 0.010000 -0.153671
v -0.039851 0.010000 -0.139193
v -0.025547 0.010000 -0.153165
v -0.040023 0.010000 -0.139365
v -0.025086 0.010000 -0.152660
v -0.040151 0.010000 -0.139504
v -0.024665 0.010000 -0.152157
v -0.040239 0.010000 -0.139609
v -0.024276 0.010000 -0.151656
v -0.040294 0.010000 -0.139680
v -0.023916 0.010000 -0.151157
v -0.040321 0.010000 -0.139717
v -0.023581 0.010000 -0.150660
v -0.040323 0.010000 -0.139720
v -0.023266 0.010000 -0.150163
v -0.040305 0.010000 -0.139690
v -0.022969 0.010000 -0.149666
v -0.040268 0.010000 -0.139628
v -0.022688 0.010000 -0.149167
v -0.040216 0.010000 -0.139536
v -0.022419 0.010000 -0.148665
v -0.040151 0.010000 -0.139415
v -0.022162 0.010000 -0.148160
v -0.040075 0.010000 -0.139265
v -0.021915 0.010000 -0.147650
v -0.039989 0.010000 -0.139087
v -0.021676 0.010000 -0.147135
v -0.039894 0.010000 -0.138883
v -0.021445 0.010000 -0.146613
v -0.039792 0.010000 -0.138652
v -0.021220 0.010000 -0.146084
v -0.039684 0.010000 -0.138397
v -0.021001 0.010000 -0.145547
v -0.039570 0.010000 -0.138117
v -0.020787 0.010000 -0.145001
v -0.039451 0.010000 -0.137813
v -0.020577 0.010000 -0.144446
v -0.039327 0.010000 -0.137486
v -0.020371 0.010000 -0.143881
v -0.039200 0.010000 -0.137136
v -0.020169 0.010000 -0.143306
v -0.039069 0.010000 -0.136764
v -0.019970 0.010000 -0.142721
v -0.038935 0.010000 -0.136371
v -0.019774 0.010000 -0.142127
v -0.038797 0.010000 -0.135953
v -0.019580 0.010000 -0.141520
v -0.038657 0.010000 -0.135514
v -0.019388 0.010000 -0.140900
v -0.038516 0.010000 -0.135059
v -0.019198 0.010000 -0.140269
v -0.038372 0.010000 -0.134582
v -0.019010 0.010000 -0.139625
v -0.038227 0.010000 -0.134086
v -0.018823 0.010000 -0.138969
v -0.038081 0.010000 -0.133569
v -0.018638 0.010000 -0.138300
v -0.037932 0.010000 -0.133033
v -0.018455 0.010000 -0.137618
v -0.037783 0.010000 -0.132477
v -0.018272 0.010000 -0.136924
v -0.037632 0.010000 -0.131903
v -0.018091 0.010000 -0.136216
v -0.037480 0.010000 -0.131309
v -0.017910 0.010000 -0.135494
v -0.037327 0.010000 -0.130697
v -0.017731 0.010000 -0.134759
v -0.037173 0.010000 -0.130067
v -0.017552 0.010000 -0.134011
v -0.037018 0.010000 -0.129418
v -0.017375 0.010000 -0.133249
v -0.036863 0.010000 -0.128752
v -0.017198 0.010000 -0.132473
v -0.036706 0.010000 -0.128067
v -0.017021 0.010000 -0.131683
v -0.036550 0.010000 -0.127365
v -0.016845 0.010000 -0.130879
v -0.036392 0.010000 -0.126646
v -0.016670 0.010000 -0.130061
v -0.036234 0.010000 -0.125909
v -0.016495 0.010000 -0.129229
v -0.036076 0.010000 -0.125154
v -0.016321 0.010000 -0.128383
v -0.035917 0.010000 -0.124383
v -0.016147 0.010000 -0.127523
v -0.035757 0.010000 -0.123595
v -0.015973 0.010000 -0.126648
v -0.035597 0.010000 -0.122789
v -0.015800 0.010000 -0.125760
v -0.035437 0.010000 -0.121967
v -0.015627 0.010000 -0.124857
v -0.035277 0.010000 -0.121129
v -0.015455 0.010000 -0.123940
v -0.035116 0.010000 -0.120274
v -0.015283 0.010000 -0.123008
v -0.034955 0.010000 -0.119402
v -0.015111 0.010000 -0.122063
v -0.034793 0.010000 -0.118514
v -0.014939 0.010000 -0.121103
v -0.034632 0.010000 -0.117610
v -0.014768 0.010000 -0.120128
v -0.034470 0.010000 -0.116690
v -0.014597 0.010000 -0.119139
v -0.034308 0.010000 -0.115753
v -0.014426 0.010000 -0.118138
v -0.034145 0.010000 -0.114799
v -0.014255 0.010000 -0.117122
v -0.033982 0.010000 -0.113830
v -0.014084 0.010000 -0.116090
v -0.033820 0.010000 -0.112848
v -0.013914 0.010000 -0.115045
v -0.033657 0.010000 -0.111849
v -0.013744 0.010000 -0.113986
v -0.033494 0.010000 -0.110834
v -0.013573 0.010000 -0.112913
v -0.033330 0.010000 -0.109804
v -0.013404 0.010000 -0.111826
v -0.033167 0.010000 -0.108758
v -0.013234 0.010000 -0.110725
v -0.033003 0.010000 -0.107697
v -0.013064 0.010000 -0.109610
v -0.032840 0.010000 -0.106621
v -0.012895 0.010000 -0.108481
v -0.032676 0.010000 -0.105530
v -0.012725 0.010000 -0.107339
v -0.032512 0.010000 -0.104424
v -0.012556 0.010000 -0.106183
v -0.032348 0.010000 -0.103303
v -0.012387 0.010000 -0.105013
v -0.032184 0.010000 -0.102168
v -0.012218 0.010000 -0.103830
v -0.032019 0.010000 -0.101018
v -0.012049 0.010000 -0.102634
v -0.031855 0.010000 -0.099854
v -0.011880 0.010000 -0.101424
v -0.031690 0.010000 -0.098675
v -0.011711 0.010000 -0.100201
v -0.031526 0.010000 -0.097482
v -0.011543 0.010000 -0.098964
v -0.031361 0.010000 -0.096276
v -0.011374 0.010000 -0.097715
v -0.031197 0.010000 -0.095055
v -0.011206 0.010000 -0.096452
v -0.031032 0.010000 -0.093820
v -0.011037 0.010000 -0.095177
v -0.030867 0.010000 -0.092572
v -0.010869 0.010000 -0.093888
v -0.030702 0.010000 -0.091310
v -0.010701 0.010000 -0.092587
v -0.030537 0.010000 -0.090034
v -0.010532 0.010000 -0.091273
v -0.030372 0.010000 -0.088745
v -0.010364 0.010000 -0.089946
v -0.030207 0.010000 -0.087443
v -0.010196 0.010000 -0.088607
v -0.030042 0.010000 -0.086127
v -0.010028 0.010000 -0.087256
v -0.029876 0.010000 -0.084799
v -0.009860 0.010000 -0.085892
v -0.029711 0.010000 -0.083457
v -0.009692 0.010000 -0.084515
v -0.029546 0.010000 -0.082103
v -0.009524 0.010000 -0.083127
v -0.029380 0.010000 -0.080736
v -0.009356 0.010000 -0.081727
v -0.029215 0.010000 -0.079355
v -0.009188 0.010000 -0.080315
v -0.029049 0.010000 -0.077962
v -0.009020 0.010000 -0.078890
v -0.028884 0.010000 -0.076559
v -0.008852 0.010000 -0.077455
v -0.028718 0.010000 -0.075142
v -0.008684 0.010000 -0.076007
v -0.028553 0.010000 -0.073714
v -0.008517 0.010000 -0.074549
v -0.028387 0.010000 -0.072273
v -0.008349 0.010000 -0.073078
v -0.028221 0.010000 -0.070821
v -0.008182 0.010000 -0.071597
v -0.028056 0.010000 -0.069357
v -0.008014 0.010000 -0.070105
v -0.027890 0.010000 -0.067881
v -0.007846 0.010000 -0.068601
v -0.027724 0.010000 -0.066394
v -0.007679 0.010000 -0.067087
v -0.027558 0.010000 -0.064895
v -0.007511 0.010000 -0.065562
v -0.027393 0.010000 -0.063386
v -0.007344 0.010000 -0.064027
v -0.027227 0.010000 -0.061865
v -0.007176 0.010000 -0.062481
v -0.027061 0.010000 -0.060334
v -0.007009 0.010000 -0.060925
v -0.026895 0.010000 -0.058792
v -0.006842 0.010000 -0.059358
v -0.026729 0.010000 -0.057240
v -0.006674 0.010000 -0.057782
v -0.026563 0.010000 -0.055677
v -0.006507 0.010000 -0.056196
v -0.026397 0.010000 -0.054104
v -0.006340 0.010000 -0.054600
v -0.026231 0.010000 -0.052521
v -0.006172 0.010000 -0.052995
v -0.026065 0.010000 -0.050928
v -0.006005 0.010000 -0.051380
v -0.025899 0.010000 -0.049325
v -0.005838 0.010000 -0.049756
v -0.025733 0.010000 -0.047713
v -0.005670 0.010000 -0.048122
v -0.025567 0.010000 -0.046091
v -0.005503 0.010000 -0.046480
v -0.025401 0.010000 -0.044459
v -0.005336 0.010000 -0.044829
v -0.025235 0.010000 -0.042819
v -0.005169 0.010000 -0.043169
v -0.025069 0.010000 -0.041170
v -0.005002 0.010000 -0.041500
v -0.024903 0.010000 -0.039511
v -0.004835 0.010000 -0.039823
v -0.024736 0.010000 -0.037844
v -0.004667 0.010000 -0.038137
v -0.024570 0.010000 -0.036169
v -0.004500 0.010000 -0.036444
v -0.024404 0.010000 -0.034484
v -0.004333 0.010000 -0.034743
v -0.024238 0.010000 -0.032791
v -0.004166 0.010000 -0.033034
v -0.024071 0.010000 -0.031090
v -0.003999 0.010000 -0.031316
v -0.023905 0.010000 -0.029383
v -0.003832 0.010000 -0.029592
v -0.023739 0.010000 -0.027667
v -0.003665 0.010000 -0.027860
v -0.023573 0.010000 -0.025944
v -0.003498 0.010000 -0.026122
v -0.023406 0.010000 -0.024213
v -0.003330 0.010000 -0.024376
v -0.023240 0.010000 -0.022475
v -0.003163 0.010000 -0.022623
v -0.023074 0.010000 -0.020730
v -0.002997 0.010000 -0.020864
v -0.022907 0.010000 -0.018978
v -0.002829 0.010000 -0.019098
v -0.022741 0.010000 -0.017219
v -0.002663 0.010000 -0.017326
v -0.022575 0.010000 -0.015453
v -0.002496 0.010000 -0.015548
v -0.022408 0.010000 -0.013682
v -0.002329 0.010000 -0.013764
v -0.022242 0.010000 -0.011904
v -0.002162 0.010000 -0.011974
v -0.022076 0.010000 -0.010120
v -0.001995 0.010000 -0.010179
v -0.021909 0.010000 -0.008330
v -0.001828 0.010000 -0.008378
v -0.021743 0.010000 -0.006535
v -0.001661 0.010000 -0.006572
v -0.021576 0.010000 -0.004734
v -0.001494 0.010000 -0.004760
v -0.021410 0.010000 -0.002928
v -0.001327 0.010000 -0.002944
v -0.021244 0.010000 -0.001117
v -0.001160 0.010000 -0.001124
v -0.021077 0.010000 0.000699
v -0.000993 0.010000 0.000702
v -0.020911 0.010000 0.002520
v -0.000827 0.010000 0.002531
v -0.020744 0.010000 0.004346
v -0.000660 0.010000 0.004365
v -0.020578 0.010000 0.006175
v -0.000493 0.010000 0.006203
v -0.020411 0.010000 0.008009
v -0.000326 0.010000 0.008044
v -0.020245 0.010000 0.009847
v -0.000159 0.010000 0.009890
v -0.020078 0.010000 0.011689
v 0.000008 0.010000 0.011738
v -0.019912 0.010000 0.013534
v 0.000174 0.010000 0.013590
v -0.019745 0.010000 0.015383
v 0.000341 0.010000 0.015445
v -0.019579 0.010000 0.017235
v 0.000508 0.010000 0.017303
v -0.019412 0.010000 0.019090
v 0.000675 0.010000 0.019163
v -0.019246 0.010000 0.020949
v 0.000842 0.010000 0.021026
v -0.019079 0.010000 0.022810
v 0.001009 0.010000 0.022892
v -0.018912 0.010000 0.024672
v 0.001175 0.010000 0.024760
v -0.018746 0.010000 0.026537
v 0.001342 0.010000 0.026629
v -0.018579 0.010000 0.028405
v 0.001509 0.010000 0.028500
v -0.018412 0.010000 0.030274
v 0.001675 0.010000 0.030372
v -0.018246 0.010000 0.032145
v 0.001842 0.010000 0.032246
v -0.018079 0.010000 0.034018
v 0.002009 0.010000 0.034121
v -0.017913 0.010000 0.035892
v 0.002176 0.010000 0.035997
v -0.017746 0.010000 0.037767
v 0.002342 0.010000 0.037874
v -0.017579 0.010000 0.039643
v 0.002509 0.010000 0.039751
v -0.017413 0.010000 0.041520
v 0.002676 0.010000 0.041629
v -0.017246 0.010000 0.043397
v 0.002842 0.010000 0.043507
v -0.017079 0.010000 0.045275
v 0.003009 0.010000 0.045384
v -0.016913 0.010000 0.047152
v 0.003175 0.010000 0.047262
v -0.016746 0.010000 0.049030
v 0.003342 0.010000 0.049138
v -0.016580 0.010000 0.050907
v 0.003509 0.010000 0.051015
v -0.016413 0.010000 0.052784
v 0.003675 0.010000 0.052890
v -0.016246 0.010000 0.054660
v 0.003842 0.010000 0.054764
v -0.016079 0.010000 0.056536
v 0.004009 0.010000 0.056638
v -0.015913 0.010000 0.058410
v 0.004175 0.010000 0.058509
v -0.015746 0.010000 0.060283
v 0.004342 0.010000 0.060379
v -0.015579 0.010000 0.062155
v 0.004508 0.010000 0.062247
v -0.015413 0.010000 0.064024
v 0.004675 0.010000 0.064113
v -0.015246 0.010000 0.065892
v 0.004841 0.010000 0.065977
v -0.015079 0.010000 0.067758
v 0.005008 0.010000 0.067838
v -0.014912 0.010000 0.069622
v 0.005175 0.010000 0.069697
v -0.014746 0.010000 0.071483
v 0.005341 0.010000 0.071553
v -0.014579 0.010000 0.073342
v 0.005508 0.010000 0.073405
v -0.014412 0.010000 0.075197
v 0.005674 0.010000 0.075254
v -0.014245 0.010000 0.077051
v 0.005841 0.010000 0.077100
v -0.014078 0.010000 0.078900
v 0.006007 0.010000 0.078943
v -0.013911 0.010000 0.080745
v 0.006174 0.010000 0.080781
v -0.013744 0.010000 0.082587
v 0.006340 0.010000 0.082615
v -0.013578 0.010000 0.084425
v 0.006507 0.010000 0.084445
v -0.013411 0.010000 0.086259
v 0.006673 0.010000 0.086270
v -0.013244 0.010000 0.088089
v 0.006840 0.010000 0.088091
v -0.013077 0.010000 0.089914
v 0.007006 0.010000 0.089907
v -0.012910 0.010000 0.091735
v 0.007173 0.010000 0.091717
v -0.012743 0.010000 0.093551
v 0.007339 0.010000 0.093523
v -0.012576 0.010000 0.095361
v 0.007505 0.010000 0.095322
v -0.012409 0.010000 0.097166
v 0.007672 0.010000 0.097116
v -0.012242 0.010000 0.098966
v 0.007838 0.010000 0.098904
v -0.012075 0.010000 0.100760
v 0.008005 0.010000 0.100686
v -0.011909 0.010000 0.102548
v 0.008171 0.010000 0.102462
v -0.011742 0.010000 0.104331
v 0.008337 0.010000 0.104231
v -0.011575 0.010000 0.106106
v 0.008504 0.010000 0.105993
v -0.011408 0.010000 0.107876
v 0.008670 0.010000 0.107748
v -0.011241 0.010000 0.109638
v 0.008836 0.010000 0.109496
v -0.011074 0.010000 0.111394
v 0.009002 0.010000 0.111237
v -0.010907 0.010000 0.113143
v 0.009169 0.010000 0.112970
v -0.010740 0.010000 0.114884
v 0.009335 0.010000 0.114695
v -0.010572 0.010000 0.116618
v 0.009501 0.010000 0.116413
v -0.010405 0.010000 0.118344
v 0.009667 0.010000 0.118122
v -0.010238 0.010000 0.120062
v 0.009834 0.010000 0.119823
v -0.010071 0.010000 0.121773
v 0.010000 0.010000 0.121515
v -0.009904 0.010000 0.123475
v 0.010166 0.010000 0.123199
v -0.009737 0.010000 0.125168
v 0.010332 0.010000 0.124873
v -0.009570 0.010000 0.126853
v 0.010498 0.010000 0.126538
v -0.009403 0.010000 0.128529
v 0.010664 0.010000 0.128193
v -0.009235 0.010000 0.130197
v 0.010831 0.010000 0.129839
v -0.009068 0.010000 0.131855
v 0.010997 0.010000 0.131477
v -0.008900 0.010000 0.133502
v 0.011163 0.010000 0.133104
v -0.008733 0.010000 0.135141
v 0.011329 0.010000 0.134720
v -0.008566 0.010000 0.136770
v 0.011495 0.010000 0.136326
v -0.008399 0.010000 0.138389
v 0.011661 0.010000 0.137921
v -0.008231 0.010000 0.139998
v 0.011827 0.010000 0.139506
v -0.008064 0.010000 0.141596
v 0.011993 0.010000 0.141080
v -0.007896 0.010000 0.143184
v 0.012158 0.010000 0.142642
v -0.007729 0.010000 0.144761
v 0.012324 0.010000 0.144193
v -0.007562 0.010000 0.146327
v 0.012490 0.010000 0.145733
v -0.007394 0.010000 0.147882
v 0.012656 0.010000 0.147260
v -0.007227 0.010000 0.149426
v 0.012822 0.010000 0.148776
v -0.007059 0.010000 0.150959
v 0.012987 0.010000 0.150280
v -0.006891 0.010000 0.152479
v 0.013153 0.010000 0.151771
v -0.006724 0.010000 0.153988
v 0.013319 0.010000 0.153250
v -0.006556 0.010000 0.155485
v 0.013484 0.010000 0.154716
v -0.006388 0.010000 0.156970
v 0.013650 0.010000 0.156170
v -0.006221 0.010000 0.158443
v 0.013815 0.010000 0.157610
v -0.006053 0.010000 0.159903
v 0.013981 0.010000 0.159037
v -0.005885 0.010000 0.161351
v 0.014146 0.010000 0.160450
v -0.005717 0.010000 0.162786
v 0.014312 0.010000 0.161850
v -0.005549 0.010000 0.164208
v 0.014477 0.010000 0.163236
v -0.005381 0.010000 0.165616
v 0.014642 0.010000 0.164608
v -0.005213 0.010000 0.167012
v 0.014807 0.010000 0.165966
v -0.005045 0.010000 0.168394
v 0.014972 0.010000 0.167309
v -0.004877 0.010000 0.169762
v 0.015137 0.010000 0.168638
v -0.004708 0.010000 0.171117
v 0.015302 0.010000 0.169952
v -0.004540 0.010000 0.172457
v 0.015467 0.010000 0.171250
v -0.004372 0.010000 0.173784
v 0.015632 0.010000 0.172532
v -0.004203 0.010000 0.175097
v 0.015797 0.010000 0.173801
v -0.004034 0.010000 0.176394
v 0.015962 0.010000 0.175055
v -0.003866 0.010000 0.177676
v 0.016126 0.010000 0.176292
v -0.003697 0.010000 0.178945
v 0.016291 0.010000 0.177514
v -0.003528 0.010000 0.180199
v 0.016455 0.010000 0.178718
v -0.003359 0.010000 0.181438
v 0.016619 0.010000 0.179907
v -0.003190 0.010000 0.182662
v 0.016784 0.010000 0.181079
v -0.003021 0.010000 0.183871
v 0.016948 0.010000 0.182235
v -0.002851 0.010000 0.185064
v 0.017111 0.010000 0.183373
v -0.002682 0.010000 0.186242
v 0.017275 0.010000 0.184495
v -0.002512 0.010000 0.187404
v 0.017439 0.010000 0.185599
v -0.002342 0.010000 0.188550
v 0.017602 0.010000 0.186686
v -0.002173 0.010000 0.189681
v 0.017765 0.010000 0.187755
v -0.002002 0.010000 0.190796
v 0.017928 0.010000 0.188807
v -0.001832 0.010000 0.191894
v 0.018091 0.010000 0.189840
v -0.001662 0.010000 0.192977
v 0.018253 0.010000 0.190856
v -0.001491 0.010000 0.194044
v 0.018416 0.010000 0.191853
v -0.001320 0.010000 0.195094
v 0.018578 0.010000 0.192831
v -0.001149 0.010000 0.196128
v 0.018740 0.010000 0.193791
v -0.000977 0.010000 0.197145
v 0.018901 0.010000 0.194731
v -0.000805 0.010000 0.198146
v 0.019062 0.010000 0.195653
v -0.000633 0.010000 0.199130
v 0.019223 0.010000 0.196555
v -0.000461 0.010000 0.200098
v 0.019383 0.010000 0.197437
v -0.000288 0.010000 0.201049
v 0.019543 0.010000 0.198299
v -0.000114 0.010000 0.201984
v 0.019703 0.010000 0.199141
v 0.000060 0.010000 0.202902
v 0.019862 0.010000 0.199963
v 0.000234 0.010000 0.203803
v 0.020020 0.010000 0.200763
v 0.000409 0.010000 0.204687
v 0.020178 0.010000 0.201543
v 0.000584 0.010000 0.205555
v 0.020335 0.010000 0.202302
v 0.000761 0.010000 0.206405
v 0.020491 0.010000 0.203036
v 0.000938 0.010000 0.207242
v 0.020647 0.010000 0.203752
v 0.001116 0.010000 0.208058
v 0.020802 0.010000 0.204449
v 0.001294 0.010000 0.208856
v 0.020956 0.010000 0.205120
v 0.001474 0.010000 0.209642
v 0.021108 0.010000 0.205767
v 0.001655 0.010000 0.210410
v 0.021259 0.010000 0.206392
v 0.001837 0.010000 0.211163
v 0.021409 0.010000 0.206993
v 0.002020 0.010000 0.211899
v 0.021557 0.010000 0.207570
v 0.002205 0.010000 0.212620
v 0.021704 0.010000 0.208122
v 0.002392 0.010000 0.213325
v 0.021848 0.010000 0.208649
v 0.002581 0.010000 0.214015
v 0.021990 0.010000 0.209151
v 0.002773 0.010000 0.214691
v 0.022129 0.010000 0.209626
v 0.002967 0.010000 0.215352
v 0.022266 0.010000 0.210074
v 0.003164 0.010000 0.215999
v 0.022399 0.010000 0.210495
v 0.003364 0.010000 0.216633
v 0.022528 0.010000 0.210887
v 0.003568 0.010000 0.217254
v 0.022652 0.010000 0.211249
v 0.003778 0.010000 0.217864
v 0.022771 0.010000 0.211581
v 0.003992 0.010000 0.218463
v 0.022883 0.010000 0.211881
v 0.004213 0.010000 0.219052
v 0.022988 0.010000 0.212147
v 0.004441 0.010000 0.219633
v 0.023084 0.010000 0.212379
v 0.004679 0.010000 0.220207
v 0.023169 0.010000 0.212574
v 0.004927 0.010000 0.220775
v 0.023241 0.010000 0.212730
v 0.005188 0.010000 0.221339
v 0.023297 0.010000 0.212845
v 0.005465 0.010000 0.221902
v 0.023335 0.010000 0.212917
v 0.005761 0.010000 0.222465
v 0.023349 0.010000 0.212943
v 0.006080 0.010000 0.223032
v 0.023334 0.010000 0.212919
v 0.006428 0.010000 0.223605
v 0.023284 0.010000 0.212844
v 0.006812 0.010000 0.224188
v 0.023189 0.010000 0.212713
v 0.007240 0.010000 0.224781
v 0.023038 0.010000 0.212525
v 0.007724 0.010000 0.225389
v 0.022818 0.010000 0.212278
v 0.008278 0.010000 0.226011
v 0.022507 0.010000 0.211971
v 0.008922 0.010000 0.226649
v 0.022112 0.010000 0.211633
v 0.009651 0.010000 0.227276
v 0.021602 0.010000 0.211261
v 0.010494 0.010000 0.227893
v 0.020932 0.010000 0.210860
v 0.011498 0.010000 0.228495
v 0.020111 0.010000 0.210477
v 0.012652 0.010000 0.229034
v 0.019145 0.010000 0.210155
v 0.013952 0.010000 0.229469
v 0.018061 0.010000 0.209937
v 0.015369 0.010000 0.229755
v 0.016909 0.010000 0.209857
v 0.016854 0.010000 0.229857
v 0.015754 0.010000 0.209931
v 0.018342 0.010000 0.229763
v 0.014663 0.010000 0.210145
v 0.019767 0.010000 0.229483
v 0.013687 0.010000 0.210466
v 0.021076 0.010000 0.229051
v 0.012855 0.010000 0.210850
v 0.022241 0.010000 0.228511
v 0.012174 0.010000 0.211256
v 0.023256 0.010000 0.227905
v 0.011635 0.010000 0.211649
v 0.024128 0.010000 0.227267
v 0.011220 0.010000 0.212007
v 0.024876 0.010000 0.226619
v 0.010911 0.010000 0.212315
v 0.025518 0.010000 0.225977
v 0.010688 0.010000 0.212567
v 0.026074 0.010000 0.225345
v 0.010535 0.010000 0.212760
v 0.026561 0.010000 0.224727
v 0.010439 0.010000 0.212896
v 0.026991 0.010000 0.224122
v 0.010387 0.010000 0.212975
v 0.027376 0.010000 0.223529
v 0.010372 0.010000 0.213000
v 0.027724 0.010000 0.222944
v 0.010385 0.010000 0.212975
v 0.028044 0.010000 0.222364
v 0.010422 0.010000 0.212901
v 0.028340 0.010000 0.221787
v 0.010479 0.010000 0.212783
v 0.028617 0.010000 0.221210
v 0.010551 0.010000 0.212622
v 0.028878 0.010000 0.220631
v 0.010637 0.010000 0.212420
v 0.029126 0.010000 0.220047
v 0.010733 0.010000 0.212180
v 0.029363 0.010000 0.219456
v 0.010838 0.010000 0.211903
v 0.029591 0.010000 0.218856
v 0.010951 0.010000 0.211590
v 0.029811 0.010000 0.218247
v 0.011071 0.010000 0.211243
v 0.030025 0.010000 0.217626
v 0.011196 0.010000 0.210861
v 0.030233 0.010000 0.216995
v 0.011327 0.010000 0.210447
v 0.030436 0.010000 0.216351
v 0.011461 0.010000 0.210005
v 0.030636 0.010000 0.215690
v 0.011598 0.010000 0.209534
v 0.030832 0.010000 0.215014
v 0.011738 0.010000 0.209032
v 0.031025 0.010000 0.214323
v 0.011880 0.010000 0.208502
v 0.031216 0.010000 0.213615
v 0.012026 0.010000 0.207943
v 0.031404 0.010000 0.212891
v 0.012173 0.010000 0.207357
v 0.031590 0.010000 0.212149
v 0.012322 0.010000 0.206743
v 0.031775 0.010000 0.211389
v 0.012472 0.010000 0.206102
v 0.031957 0.010000 0.210611
v 0.012624 0.010000 0.205435
v 0.032139 0.010000 0.209815
v 0.012777 0.010000 0.204742
v 0.032319 0.010000 0.209000
v 0.012932 0.010000 0.204024
v 0.032498 0.010000 0.208166
v 0.013087 0.010000 0.203280
v 0.032676 0.010000 0.207313
v 0.013243 0.010000 0.202511
v 0.032853 0.010000 0.206440
v 0.013400 0.010000 0.201717
v 0.033029 0.010000 0.205548
v 0.013558 0.010000 0.200898
v 0.033205 0.010000 0.204637
v 0.013716 0.010000 0.200056
v 0.033380 0.010000 0.203705
v 0.013875 0.010000 0.199189
v 0.033554 0.010000 0.202754
v 0.014034 0.010000 0.198298
v 0.033728 0.010000 0.201783
v 0.014194 0.010000 0.197384
v 0.033902 0.010000 0.200792
v 0.014355 0.010000 0.196445
v 0.034075 0.010000 0.199780
v 0.014515 0.010000 0.195484
v 0.034247 0.010000 0.198748
v 0.014677 0.010000 0.194499
v 0.034419 0.010000 0.197697
v 0.014838 0.010000 0.193491
v 0.034591 0.010000 0.196624
v 0.015000 0.010000 0.192461
v 0.034763 0.010000 0.195532
v 0.015162 0.010000 0.191407
v 0.034934 0.010000 0.194419
v 0.015324 0.010000 0.190331
v 0.035105 0.010000 0.193286
v 0.015487 0.010000 0.189232
v 0.035275 0.010000 0.192132
v 0.015650 0.010000 0.188110
v 0.035446 0.010000 0.190958
v 0.015813 0.010000 0.186965
v 0.035616 0.010000 0.189765
v 0.015977 0.010000 0.185798
v 0.035786 0.010000 0.188551
v 0.016140 0.010000 0.184612
v 0.035956 0.010000 0.187316
v 0.016304 0.010000 0.183403
v 0.036126 0.010000 0.186062
v 0.016467 0.010000 0.182172
v 0.036296 0.010000 0.184788
v 0.016631 0.010000 0.180919
v 0.036465 0.010000 0.183493
v 0.016795 0.010000 0.179645
v 0.036634 0.010000 0.182179
v 0.016960 0.010000 0.178349
v 0.036803 0.010000 0.180844
v 0.017124 0.010000 0.177032
v 0.036972 0.010000 0.179490
v 0.017288 0.010000 0.175694
v 0.037141 0.010000 0.178116
v 0.017453 0.010000 0.174335
v 0.037310 0.010000 0.176722
v 0.017618 0.010000 0.172955
v 0.037479 0.010000 0.175308
v 0.017782 0.010000 0.171555
v 0.037647 0.010000 0.173875
v 0.017947 0.010000 0.170134
v 0.037816 0.010000 0.172423
v 0.018112 0.010000 0.168693
v 0.037984 0.010000 0.170951
v 0.018277 0.010000 0.167231
v 0.038152 0.010000 0.169461
v 0.018442 0.010000 0.165750
v 0.038321 0.010000 0.167951
v 0.018607 0.010000 0.164249
v 0.038489 0.010000 0.166422
v 0.018772 0.010000 0.162727
v 0.038657 0.010000 0.164874
v 0.018938 0.010000 0.161187
v 0.038825 0.010000 0.163307
v 0.019103 0.010000 0.159627
v 0.038993 0.010000 0.161722
v 0.019268 0.010000 0.158047
v 0.039161 0.010000 0.160118
v 0.019434 0.010000 0.156448
v 0.039329 0.010000 0.158495
v 0.019599 0.010000 0.154831
v 0.039497 0.010000 0.156854
v 0.019765 0.010000 0.153194
v 0.039664 0.010000 0.155195
v 0.019930 0.010000 0.151538
v 0.039832 0.010000 0.153518
v 0.020096 0.010000 0.149864
v 0.040000 0.010000 0.151823
v 0.020262 0.010000 0.148172
v 0.040168 0.010000 0.150109
v 0.020427 0.010000 0.146460
v 0.040335 0.010000 0.148378
v 0.020593 0.010000 0.144731
v 0.040503 0.010000 0.146629
v 0.020759 0.010000 0.142983
v 0.040670 0.010000 0.144864
v 0.020925 0.010000 0.141217
v 0.040838 0.010000 0.143080
v 0.021091 0.010000 0.139435
v 0.041006 0.010000 0.141279
v 0.021257 0.010000 0.137635
v 0.041173 0.010000 0.139462
v 0.021423 0.010000 0.135818
v 0.041340 0.010000 0.137627
v 0.021588 0.010000 0.133983
v 0.041508 0.010000 0.135776
v 0.021754 0.010000 0.132131
v 0.041675 0.010000 0.133908
v 0.021920 0.010000 0.130262
v 0.041843 0.010000 0.132024
v 0.022086 0.010000 0.128377
v 0.042010 0.010000 0.130123
v 0.022252 0.010000 0.126475
v 0.042177 0.010000 0.128207
v 0.022418 0.010000 0.124557
v 0.042344 0.010000 0.126274
v 0.022584 0.010000 0.122622
v 0.042512 0.010000 0.124326
v 0.022750 0.010000 0.120672
v 0.042679 0.010000 0.122362
v 0.022917 0.010000 0.118705
v 0.042846 0.010000 0.120383
v 0.023083 0.010000 0.116724
v 0.043013 0.010000 0.118388
v 0.023249 0.010000 0.114727
v 0.043181 0.010000 0.116378
v 0.023415 0.010000 0.112714
v 0.043348 0.010000 0.114354
v 0.023581 0.010000 0.110687
v 0.043515 0.010000 0.112315
v 0.023747 0.010000 0.108645
v 0.043682 0.010000 0.110261
v 0.023914 0.010000 0.106588
v 0.043849 0.010000 0.108193
v 0.024080 0.010000 0.104517
v 0.044016 0.010000 0.106111
v 0.024246 0.010000 0.102431
v 0.044183 0.010000 0.104015
v 0.024412 0.010000 0.100332
v 0.044350 0.010000 0.101906
v 0.024579 0.010000 0.098218
v 0.044517 0.010000 0.099782
v 0.024745 0.010000 0.096091
v 0.044684 0.010000 0.097645
v 0.024911 0.010000 0.093951
v 0.044851 0.010000 0.095495
v 0.025077 0.010000 0.091797
v 0.045018 0.010000 0.093332
v 0.025244 0.010000 0.089630
v 0.045185 0.010000 0.091156
v 0.025410 0.010000 0.087450
v 0.045352 0.010000 0.088967
v 0.025576 0.010000 0.085258
v 0.045519 0.010000 0.086766
v 0.025743 0.010000 0.083052
v 0.045686 0.010000 0.084553
v 0.025909 0.010000 0.080834
v 0.045854 0.010000 0.082328
v 0.026076 0.010000 0.078606
v 0.046021 0.010000 0.080090
v 0.026242 0.010000 0.076365
v 0.046188 0.010000 0.077842
v 0.026408 0.010000 0.074112
v 0.046354 0.010000 0.075582
v 0.026575 0.010000 0.071848
v 0.046521 0.010000 0.073311
v 0.026741 0.010000 0.069573
v 0.046688 0.010000 0.071028
v 0.026908 0.010000 0.067287
v 0.046855 0.010000 0.068735
v 0.027074 0.010000 0.064990
v 0.047022 0.010000 0.066432
v 0.027241 0.010000 0.062682
v 0.047189 0.010000 0.064118
v 0.027407 0.010000 0.060365
v 0.047356 0.010000 0.061794
v 0.027573 0.010000 0.058037
v 0.047523 0.010000 0.059460
v 0.027740 0.010000 0.055699
v 0.047690 0.010000 0.057117
v 0.027906 0.010000 0.053352
v 0.047856 0.010000 0.054764
v 0.028073 0.010000 0.050996
v 0.048023 0.010000 0.052402
v 0.028239 0.010000 0.048630
v 0.048190 0.010000 0.050031
v 0.028406 0.010000 0.046256
v 0.048357 0.010000 0.047652
v 0.028572 0.010000 0.043872
v 0.048524 0.010000 0.045264
v 0.028739 0.010000 0.041481
v 0.048691 0.010000 0.042867
v 0.028905 0.010000 0.039081
v 0.048857 0.010000 0.040463
v 0.029072 0.010000 0.036673
v 0.049024 0.010000 0.038051
v 0.029238 0.010000 0.034258
v 0.049191 0.010000 0.035631
v 0.029405 0.010000 0.031835
v 0.049358 0.010000 0.033204
v 0.029571 0.010000 0.029405
v 0.049525 0.010000 0.030770
v 0.029738 0.010000 0.026968
v 0.049691 0.010000 0.028329
v 0.029904 0.010000 0.024524
v 0.049858 0.010000 0.025882
v 0.030071 0.010000 0.022073
v 0.050025 0.010000 0.023428
v 0.030237 0.010000 0.019617
v 0.050192 0.010000 0.020968
v 0.030404 0.010000 0.017154
v 0.050358 0.010000 0.018501
v 0.030570 0.010000 0.014685
v 0.050525 0.010000 0.016030
v 0.030737 0.010000 0.012210
v 0.050692 0.010000 0.013553
v 0.030904 0.010000 0.009730
v 0.050859 0.010000 0.011071
v 0.031071 0.010000 0.007246
v 0.051026 0.010000 0.008583
v 0.031237 0.010000 0.004757
v 0.051193 0.010000 0.006091
v 0.031404 0.010000 0.002263
v 0.051359 0.010000 0.003595
v 0.031570 0.010000 -0.000235
v 0.051526 0.010000 0.001095
v 0.031737 0.010000 -0.002737
v 0.051693 0.010000 -0.001410
v 0.031903 0.010000 -0.005243
v 0.051859 0.010000 -0.003918
v 0.032070 0.010000 -0.007753
v 0.052026 0.010000 -0.006429
v 0.032237 0.010000 -0.010266
v 0.052193 0.010000 -0.008944
v 0.032403 0.010000 -0.012782
v 0.052360 0.010000 -0.011461
v 0.032570 0.010000 -0.015300
v 0.052526 0.010000 -0.013981
v 0.032736 0.010000 -0.017822
v 0.052693 0.010000 -0.016503
v 0.032903 0.010000 -0.020345
v 0.052860 0.010000 -0.019028
v 0.033070 0.010000 -0.022871
v 0.053026 0.010000 -0.021554
v 0.033236 0.010000 -0.025398
v 0.053193 0.010000 -0.024082
v 0.033403 0.010000 -0.027927
v 0.053360 0.010000 -0.026612
v 0.033570 0.010000 -0.030457
v 0.053526 0.010000 -0.029142
v 0.033736 0.010000 -0.032987
v 0.053693 0.010000 -0.031674
v 0.033903 0.010000 -0.035519
v 0.053860 0.010000 -0.034205
v 0.034070 0.010000 -0.038051
v 0.054026 0.010000 -0.036738
v 0.034236 0.010000 -0.040583
v 0.054193 0.010000 -0.039270
v 0.034403 0.010000 -0.043115
v 0.054360 0.010000 -0.041802
v 0.034569 0.010000 -0.045647
v 0.054526 0.010000 -0.044333
v 0.034736 0.010000 -0.048178
v 0.054693 0.010000 -0.046864
v 0.034903 0.010000 -0.050709
v 0.054860 0.010000 -0.049394
v 0.035070 0.010000 -0.053238
v 0.055026 0.010000 -0.051922
v 0.035236 0.010000 -0.055766
v 0.055193 0.010000 -0.054449
v 0.035403 0.010000 -0.058292
v 0.055359 0.010000 -0.056975
v 0.035570 0.010000 -0.060816
v 0.055526 0.010000 -0.059498
v 0.035736 0.010000 -0.063339
v 0.055693 0.010000 -0.062018
v 0.035903 0.010000 -0.065859
v 0.055860 0.010000 -0.064537
v 0.036070 0.010000 -0.068375
v 0.056026 0.010000 -0.067053
v 0.036237 0.010000 -0.070890
v 0.056193 0.010000 -0.069565
v 0.036403 0.010000 -0.073400
v 0.056359 0.010000 -0.072074
v 0.036570 0.010000 -0.075908
v 0.056526 0.010000 -0.074580
v 0.036737 0.010000 -0.078411
v 0.056693 0.010000 -0.077081
v 0.036904 0.010000 -0.080911
v 0.056859 0.010000 -0.079579
v 0.037070 0.010000 -0.083406
v 0.057026 0.010000 -0.082072
v 0.037237 0.010000 -0.085897
v 0.057192 0.010000 -0.084560
v 0.037404 0.010000 -0.088383
v 0.057359 0.010000 -0.087043
v 0.037571 0.010000 -0.090864
v 0.057526 0.010000 -0.089521
v 0.037737 0.010000 -0.093339
v 0.057692 0.010000 -0.091993
v 0.037904 0.010000 -0.095809
v 0.057859 0.010000 -0.094460
v 0.038071 0.010000 -0.098273
v 0.058025 0.010000 -0.096921
v 0.038238 0.010000 -0.100731
v 0.058192 0.010000 -0.099375
v 0.038404 0.010000 -0.103183
v 0.058358 0.010000 -0.101823
v 0.038571 0.010000 -0.105628
v 0.058525 0.010000 -0.104265
v 0.038738 0.010000 -0.108066
v 0.058691 0.010000 -0.106699
v 0.038905 0.010000 -0.110497
v 0.058858 0.010000 -0.109125
v 0.039072 0.010000 -0.112920
v 0.059024 0.010000 -0.111544
v 0.039238 0.010000 -0.115336
v 0.059191 0.010000 -0.113956
v 0.039405 0.010000 -0.117744
v 0.059357 0.010000 -0.116359
v 0.039572 0.010000 -0.120143
v 0.059524 0.010000 -0.118754
v 0.039739 0.010000 -0.122534
v 0.059690 0.010000 -0.121140
v 0.039906 0.010000 -0.124917
v 0.059857 0.010000 -0.123517
v 0.040073 0.010000 -0.127290
v 0.060023 0.010000 -0.125885
v 0.040239 0.010000 -0.129655
v 0.060190 0.010000 -0.128244
v 0.040406 0.010000 -0.132009
v 0.060356 0.010000 -0.130593
v 0.040573 0.010000 -0.134354
v 0.060522 0.010000 -0.132932
v 0.040740 0.010000 -0.136690
v 0.060689 0.010000 -0.135260
v 0.040907 0.010000 -0.139015
v 0.060856 0.010000 -0.137578
v 0.041074 0.010000 -0.141328
v 0.061022 0.010000 -0.139886
v 0.041241 0.010000 -0.143632
v 0.061189 0.010000 -0.142183
v 0.041408 0.010000 -0.145924
v 0.061355 0.010000 -0.144469
v 0.041575 0.010000 -0.148206
v 0.061521 0.010000 -0.146742
v 0.041742 0.010000 -0.150475
v 0.061688 0.010000 -0.149005
v 0.041909 0.010000 -0.152733
v 0.061854 0.010000 -0.151255
v 0.042076 0.010000 -0.154979
v 0.062020 0.010000 -0.153492
v 0.042243 0.010000 -0.157213
v 0.062187 0.010000 -0.155718
v 0.042410 0.010000 -0.159434
v 0.062353 0.010000 -0.157930
v 0.042577 0.010000 -0.161642
v 0.062519 0.010000 -0.160130
v 0.042744 0.010000 -0.163838
v 0.062686 0.010000 -0.162316
v 0.042911 0.010000 -0.166020
v 0.062852 0.010000 -0.164489
v 0.043078 0.010000 -0.168189
v 0.063018 0.010000 -0.166648
v 0.043245 0.010000 -0.170344
v 0.063185 0.010000 -0.168793
v 0.043412 0.010000 -0.172485
v 0.063351 0.010000 -0.170924
v 0.043579 0.010000 -0.174612
v 0.063517 0.010000 -0.173040
v 0.043746 0.010000 -0.176724
v 0.063683 0.010000 -0.175142
v 0.043913 0.010000 -0.178822
v 0.063850 0.010000 -0.177229
v 0.044080 0.010000 -0.180905
v 0.064016 0.010000 -0.179300
v 0.044247 0.010000 -0.182973
v 0.064182 0.010000 -0.181356
v 0.044415 0.010000 -0.185026
v 0.064348 0.010000 -0.183397
v 0.044582 0.010000 -0.187063
v 0.064514 0.010000 -0.185421
v 0.044749 0.010000 -0.189084
v 0.064680 0.010000 -0.187429
v 0.044916 0.010000 -0.191090
v 0.064846 0.010000 -0.189421
v 0.045083 0.010000 -0.193079
v 0.065012 0.010000 -0.191396
v 0.045251 0.010000 -0.195051
v 0.065178 0.010000 -0.193354
v 0.045418 0.010000 -0.197007
v 0.065344 0.010000 -0.195295
v 0.045585 0.010000 -0.198946
v 0.065510 0.010000 -0.197219
v 0.045753 0.010000 -0.200869
v 0.065676 0.010000 -0.199124
v 0.045920 0.010000 -0.202773
v 0.065843 0.010000 -0.201012
v 0.046088 0.010000 -0.204659
v 0.066009 0.010000 -0.202883
v 0.046255 0.010000 -0.206528
v 0.066175 0.010000 -0.204736
v 0.046423 0.010000 -0.208380
v 0.066340 0.010000 -0.206569
v 0.046590 0.010000 -0.210213
v 0.066506 0.010000 -0.208384
v 0.046758 0.010000 -0.212028
v 0.066672 0.010000 -0.210179
v 0.046925 0.010000 -0.213824
v 0.066838 0.010000 -0.211956
v 0.047093 0.010000 -0.215601
v 0.067003 0.010000 -0.213713
v 0.047260 0.010000 -0.217359
v 0.067169 0.010000 -0.215450
v 0.047428 0.010000 -0.219098
v 0.067335 0.010000 -0.217167
v 0.047596 0.010000 -0.220818
v 0.067500 0.010000 -0.218865
v 0.047764 0.010000 -0.222518
v 0.067666 0.010000 -0.220542
v 0.047931 0.010000 -0.224198
v 0.067831 0.010000 -0.222198
v 0.048099 0.010000 -0.225859
v 0.067997 0.010000 -0.223834
v 0.048267 0.010000 -0.227499
v 0.068162 0.010000 -0.225449
v 0.048435 0.010000 -0.229119
v 0.068327 0.010000 -0.227043
v 0.048603 0.010000 -0.230719
v 0.068492 0.010000 -0.228615
v 0.048772 0.010000 -0.232298
v 0.068658 0.010000 -0.230166
v 0.048940 0.010000 -0.233857
v 0.068823 0.010000 -0.231695
v 0.049108 0.010000 -0.235394
v 0.068988 0.010000 -0.233202
v 0.049277 0.010000 -0.236911
v 0.069153 0.010000 -0.234687
v 0.049445 0.010000 -0.238406
v 0.069317 0.010000 -0.236150
v 0.049614 0.010000 -0.239880
v 0.069482 0.010000 -0.237589
v 0.049782 0.010000 -0.241332
v 0.069647 0.010000 -0.239006
v 0.049951 0.010000 -0.242763
v 0.069811 0.010000 -0.240400
v 0.050120 0.010000 -0.244171
v 0.069975 0.010000 -0.241770
v 0.050289 0.010000 -0.245558
v 0.070140 0.010000 -0.243117
v 0.050459 0.010000 -0.246923
v 0.070304 0.010000 -0.244440
v 0.050628 0.010000 -0.248265
v 0.070468 0.010000 -0.245738
v 0.050798 0.010000 -0.249586
v 0.070631 0.010000 -0.247011
v 0.050968 0.010000 -0.250883
v 0.070795 0.010000 -0.248262
v 0.051137 0.010000 -0.252156
v 0.070959 0.010000 -0.249489
v 0.051308 0.010000 -0.253409
v 0.071122 0.010000 -0.250690
v 0.051478 0.010000 -0.254639
v 0.071285 0.010000 -0.251866
v 0.051649 0.010000 -0.255845
v 0.071448 0.010000 -0.253016
v 0.051820 0.010000 -0.257029
v 0.071610 0.010000 -0.254141
v 0.051991 0.010000 -0.258190
v 0.071772 0.010000 -0.255239
v 0.052162 0.010000 -0.259328
v 0.071934 0.010000 -0.256312
v 0.052334 0.010000 -0.260442
v 0.072095 0.010000 -0.257358
v 0.052507 0.010000 -0.261534
v 0.072256 0.010000 -0.258377
v 0.052679 0.010000 -0.262602
v 0.072417 0.010000 -0.259370
v 0.052853 0.010000 -0.263647
v 0.072577 0.010000 -0.260336
v 0.053027 0.010000 -0.264669
v 0.072736 0.010000 -0.261274
v 0.053201 0.010000 -0.265669
v 0.072895 0.010000 -0.262184
v 0.053376 0.010000 -0.266645
v 0.073053 0.010000 -0.263066
v 0.053552 0.010000 -0.267599
v 0.073211 0.010000 -0.263920
v 0.053729 0.010000 -0.268530
v 0.073367 0.010000 -0.264745
v 0.053906 0.010000 -0.269438
v 0.073523 0.010000 -0.265541
v 0.054085 0.010000 -0.270324
v 0.073677 0.010000 -0.266307
v 0.054265 0.010000 -0.271188
v 0.073831 0.010000 -0.267043
v 0.054447 0.010000 -0.272030
v 0.073983 0.010000 -0.267748
v 0.054630 0.010000 -0.272851
v 0.074133 0.010000 -0.268422
v 0.054815 0.010000 -0.273651
v 0.074281 0.010000 -0.269063
v 0.055002 0.010000 -0.274430
v 0.074428 0.010000 -0.269672
v 0.055191 0.010000 -0.275189
v 0.074571 0.010000 -0.270248
v 0.055384 0.010000 -0.275929
v 0.074712 0.010000 -0.270789
v 0.055580 0.010000 -0.276650
v 0.074849 0.010000 -0.271295
v 0.055780 0.010000 -0.277354
v 0.074982 0.010000 -0.271763
v 0.055985 0.010000 -0.278042
v 0.075111 0.010000 -0.272193
v 0.056197 0.010000 -0.278718
v 0.075232 0.010000 -0.272581
v 0.056414 0.010000 -0.279373
v 0.075349 0.010000 -0.272934
v 0.056638 0.010000 -0.280015
v 0.075458 0.010000 -0.273248
v 0.056875 0.010000 -0.280653
v 0.075555 0.010000 -0.273509
v 0.057124 0.010000 -0.281285
v 0.075639 0.010000 -0.273722
v 0.057390 0.010000 -0.281914
v 0.075706 0.010000 -0.273882
v 0.057676 0.010000 -0.282542
v 0.075754 0.010000 -0.273987
v 0.057988 0.010000 -0.283175
v 0.075775 0.010000 -0.274031
v 0.058333 0.010000 -0.283818
v 0.075763 0.010000 -0.274010
v 0.058722 0.010000 -0.284476
v 0.075708 0.010000 -0.273917
v 0.059168 0.010000 -0.285155
v 0.075595 0.010000 -0.273747
v 0.059689 0.010000 -0.285861
v 0.075407 0.010000 -0.273494
v 0.060309 0.010000 -0.286596
v 0.075120 0.010000 -0.273156
v 0.061061 0.010000 -0.287359
v 0.074702 0.010000 -0.272733
v 0.061981 0.010000 -0.288137
v 0.074115 0.010000 -0.272238
v 0.063110 0.010000 -0.288901
v 0.073319 0.010000 -0.271702
v 0.064478 0.010000 -0.289593
v 0.072285 0.010000 -0.271180
v 0.066082 0.010000 -0.290135
v 0.071014 0.010000 -0.270752
v 0.067869 0.010000 -0.290436
v 0.069560 0.010000 -0.270508
v 0.069728 0.010000 -0.290436
v 0.068035 0.010000 -0.270508
v 0.071519 0.010000 -0.290133
v 0.066577 0.010000 -0.270754
v 0.073131 0.010000 -0.289588
v 0.065298 0.010000 -0.271185
v 0.074507 0.010000 -0.288888
v 0.064256 0.010000 -0.271714
v 0.075642 0.010000 -0.288115
v 0.063453 0.010000 -0.272258
v 0.076567 0.010000 -0.287326
v 0.062862 0.010000 -0.272761
v 0.077322 0.010000 -0.286553
v 0.062441 0.010000 -0.273190
v 0.077943 0.010000 -0.285808
v 0.062152 0.010000 -0.273534
v 0.078465 0.010000 -0.285093
v 0.061964 0.010000 -0.273791
v 0.078910 0.010000 -0.284404
v 0.061852 0.010000 -0.273962
v 0.079298 0.010000 -0.283737
v 0.061798 0.010000 -0.274055
v 0.079640 0.010000 -0.283089
v 0.061789 0.010000 -0.274071
v 0.079948 0.010000 -0.282453
v 0.061815 0.010000 -0.274016
v 0.080232 0.010000 -0.281818
v 0.061864 0.010000 -0.273906
v 0.080497 0.010000 -0.281179
v 0.061932 0.010000 -0.273741
v 0.080746 0.010000 -0.280537
v 0.062017 0.010000 -0.273521
v 0.080982 0.010000 -0.279887
v 0.062114 0.010000 -0.273252
v 0.081207 0.010000 -0.279227
v 0.062223 0.010000 -0.272934
v 0.081424 0.010000 -0.278554
v 0.062339 0.010000 -0.272572
v 0.081633 0.010000 -0.277866
v 0.062463 0.010000 -0.272166
v 0.081837 0.010000 -0.277163
v 0.062592 0.010000 -0.271720
v 0.082036 0.010000 -0.276441
v 0.062726 0.010000 -0.271233
v 0.082232 0.010000 -0.275700
v 0.062864 0.010000 -0.270709
v 0.082423 0.010000 -0.274939
v 0.063006 0.010000 -0.270147
v 0.082612 0.010000 -0.274157
v 0.063150 0.010000 -0.269550
v 0.082799 0.010000 -0.273353
v 0.063297 0.010000 -0.268916
v 0.082983 0.010000 -0.272527
v 0.063446 0.010000 -0.268249
v 0.083166 0.010000 -0.271678
v 0.063597 0.010000 -0.267547
v 0.083347 0.010000 -0.270805
v 0.063749 0.010000 -0.266812
v 0.083526 0.010000 -0.269908
v 0.063903 0.010000 -0.266044
v 0.083705 0.010000 -0.268987
v 0.064058 0.010000 -0.265244
v 0.083882 0.010000 -0.268042
v 0.064214 0.010000 -0.264411
v 0.084058 0.010000 -0.267071
v 0.064371 0.010000 -0.263548
v 0.084234 0.010000 -0.266076
v 0.064529 0.010000 -0.262652
v 0.084408 0.010000 -0.265054
v 0.064687 0.010000 -0.261726
v 0.084583 0.010000 -0.264008
v 0.064847 0.010000 -0.260769
v 0.084756 0.010000 -0.262936
v 0.065006 0.010000 -0.259782
v 0.084929 0.010000 -0.261837
v 0.065167 0.010000 -0.258764
v 0.085102 0.010000 -0.260713
v 0.065327 0.010000 -0.257717
v 0.085274 0.010000 -0.259563
v 0.065489 0.010000 -0.256639
v 0.085445 0.010000 -0.258387
v 0.065650 0.010000 -0.255532
v 0.085617 0.010000 -0.257186
v 0.065812 0.010000 -0.254393
v 0.085788 0.010000 -0.255958
v 0.065975 0.010000 -0.253227
v 0.085959 0.010000 -0.254703
v 0.066138 0.010000 -0.252034
v 0.086129 0.010000 -0.253423
v 0.066301 0.010000 -0.250811
v 0.086299 0.010000 -0.252117
v 0.066464 0.010000 -0.249559
v 0.086469 0.010000 -0.250784
v 0.066627 0.010000 -0.248279
v 0.086639 0.010000 -0.249426
v 0.066790 0.010000 -0.246970
v 0.086809 0.010000 -0.248041
v 0.066954 0.010000 -0.245633
v 0.086978 0.010000 -0.246631
v 0.067118 0.010000 -0.244268
v 0.087147 0.010000 -0.245194
v 0.067282 0.010000 -0.242875
v 0.087316 0.010000 -0.243732
v 0.067446 0.010000 -0.241455
v 0.087485 0.010000 -0.242244
v 0.067611 0.010000 -0.240007
v 0.087654 0.010000 -0.240730
v 0.067775 0.010000 -0.238532
v 0.087823 0.010000 -0.239191
v 0.067940 0.010000 -0.237030
v 0.087991 0.010000 -0.237626
v 0.068105 0.010000 -0.235501
v 0.088160 0.010000 -0.236036
v 0.068269 0.010000 -0.233945
v 0.088328 0.010000 -0.234420
v 0.068434 0.010000 -0.232363
v 0.088497 0.010000 -0.232779
v 0.068599 0.010000 -0.230754
v 0.088665 0.010000 -0.231113
v 0.068765 0.010000 -0.229119
v 0.088833 0.010000 -0.229422
v 0.068930 0.010000 -0.227458
v 0.089001 0.010000 -0.227707
v 0.069095 0.010000 -0.225771
v 0.089169 0.010000 -0.225966
v 0.069260 0.010000 -0.224058
v 0.089337 0.010000 -0.224201
v 0.069426 0.010000 -0.222320
v 0.089505 0.010000 -0.222411
v 0.069591 0.010000 -0.220556
v 0.089673 0.010000 -0.220597
v 0.069757 0.010000 -0.218767
v 0.089840 0.010000 -0.218758
v 0.069922 0.010000 -0.216953
v 0.090008 0.010000 -0.216895
v 0.070088 0.010000 -0.215113
v 0.090176 0.010000 -0.215008
v 0.070253 0.010000 -0.213249
v 0.090343 0.010000 -0.213097
v 0.070419 0.010000 -0.211360
v 0.090511 0.010000 -0.211162
v 0.070585 0.010000 -0.209447
v 0.090679 0.010000 -0.209204
v 0.070751 0.010000 -0.207508
v 0.090846 0.010000 -0.207222
v 0.070917 0.010000 -0.205545
v 0.091014 0.010000 -0.205216
v 0.071083 0.010000 -0.203561
v 0.091181 0.010000 -0.203188
v 0.071248 0.010000 -0.201552
v 0.091349 0.010000 -0.201137
v 0.071414 0.010000 -0.199519
v 0.091516 0.010000 -0.199063
v 0.071580 0.010000 -0.197463
v 0.091683 0.010000 -0.196967
v 0.071746 0.010000 -0.195384
v 0.091851 0.010000 -0.194848
v 0.071912 0.010000 -0.193282
v 0.092018 0.010000 -0.192706
v 0.072078 0.010000 -0.191157
v 0.092185 0.010000 -0.190543
v 0.072244 0.010000 -0.189009
v 0.092353 0.010000 -0.188357
v 0.072410 0.010000 -0.186839
v 0.092520 0.010000 -0.186150
v 0.072576 0.010000 -0.184647
v 0.092687 0.010000 -0.183922
v 0.072743 0.010000 -0.182432
v 0.092854 0.010000 -0.181672
v 0.072909 0.010000 -0.180197
v 0.093021 0.010000 -0.179401
v 0.073075 0.010000 -0.177939
v 0.093188 0.010000 -0.177109
v 0.073241 0.010000 -0.175661
v 0.093356 0.010000 -0.174796
v 0.073407 0.010000 -0.173361
v 0.093523 0.010000 -0.172463
v 0.073573 0.010000 -0.171041
v 0.093690 0.010000 -0.170110
v 0.073740 0.010000 -0.168700
v 0.093857 0.010000 -0.167737
v 0.073906 0.010000 -0.166338
v 0.094024 0.010000 -0.165343
v 0.074072 0.010000 -0.163956
v 0.094191 0.010000 -0.162931
v 0.074238 0.010000 -0.161555
v 0.094358 0.010000 -0.160498
v 0.074405 0.010000 -0.159133
v 0.094525 0.010000 -0.158047
v 0.074571 0.010000 -0.156693
v 0.094692 0.010000 -0.155576
v 0.074737 0.010000 -0.154232
v 0.094859 0.010000 -0.153087
v 0.074903 0.010000 -0.151753
v 0.095026 0.010000 -0.150579
v 0.075070 0.010000 -0.149255
v 0.095193 0.010000 -0.148052
v 0.075236 0.010000 -0.146738
v 0.095360 0.010000 -0.145507
v 0.075402 0.010000 -0.144203
v 0.095527 0.010000 -0.142945
v 0.075569 0.010000 -0.141649
v 0.095694 0.010000 -0.140365
v 0.075735 0.010000 -0.139077
v 0.095861 0.010000 -0.137767
v 0.075902 0.010000 -0.136487
v 0.096028 0.010000 -0.135152
v 0.076068 0.010000 -0.133882
v 0.096195 0.010000 -0.132520
v 0.076235 0.010000 -0.131258
v 0.096362 0.010000 -0.129872
v 0.076401 0.010000 -0.128618
v 0.096529 0.010000 -0.127207
v 0.076568 0.010000 -0.125961
v 0.096696 0.010000 -0.124526
v 0.076734 0.010000 -0.123287
v 0.096862 0.010000 -0.121829
v 0.076900 0.010000 -0.120598
v 0.097029 0.010000 -0.119117
v 0.077067 0.010000 -0.117892
v 0.097196 0.010000 -0.116388
v 0.077233 0.010000 -0.115171
v 0.097363 0.010000 -0.113645
v 0.077400 0.010000 -0.112434
v 0.097530 0.010000 -0.110887
v 0.077566 0.010000 -0.109682
v 0.097697 0.010000 -0.108114
v 0.077733 0.010000 -0.106916
v 0.097864 0.010000 -0.105327
v 0.077899 0.010000 -0.104135
v 0.098030 0.010000 -0.102525
v 0.078066 0.010000 -0.101339
v 0.098197 0.010000 -0.099710
v 0.078232 0.010000 -0.098530
v 0.098364 0.010000 -0.096882
v 0.078399 0.010000 -0.095707
v 0.098531 0.010000 -0.094040
v 0.078565 0.010000 -0.092870
v 0.098698 0.010000 -0.091185
v 0.078732 0.010000 -0.090021
v 0.098864 0.010000 -0.088317
v 0.078898 0.010000 -0.087158
v 0.099031 0.010000 -0.085437
v 0.079065 0.010000 -0.084283
v 0.099198 0.010000 -0.082544
v 0.079231 0.010000 -0.081395
v 0.099365 0.010000 -0.079640
v 0.079398 0.010000 -0.078496
v 0.099532 0.010000 -0.076724
v 0.079564 0.010000 -0.075584
v 0.099698 0.010000 -0.073797
v 0.079731 0.010000 -0.072661
v 0.099865 0.010000 -0.070858
v 0.079897 0.010000 -0.069727
v 0.100032 0.010000 -0.067909
v 0.080064 0.010000 -0.066782
v 0.100199 0.010000 -0.064949
v 0.080230 0.010000 -0.063826
v 0.100366 0.010000 -0.061979
v 0.080397 0.010000 -0.060860
v 0.100532 0.010000 -0.058999
v 0.080563 0.010000 -0.057883
v 0.100699 0.010000 -0.056009
v 0.080730 0.010000 -0.054896
v 0.100866 0.010000 -0.053010
v 0.080897 0.010000 -0.051900
v 0.101033 0.010000 -0.050002
v 0.081063 0.010000 -0.048896
v 0.101200 0.010000 -0.046985
v 0.081230 0.010000 -0.045883
v 0.101366 0.010000 -0.043960
v 0.081397 0.010000 -0.042860
v 0.101533 0.010000 -0.040926
v 0.081563 0.010000 -0.039830
v 0.101700 0.010000 -0.037885
v 0.081730 0.010000 -0.036791
v 0.101867 0.010000 -0.034836
v 0.081896 0.010000 -0.033745
v 0.102033 0.010000 -0.031779
v 0.082063 0.010000 -0.030691
v 0.102200 0.010000 -0.028716
v 0.082229 0.010000 -0.027630
v 0.102367 0.010000 -0.025646
v 0.082396 0.010000 -0.024563
v 0.102533 0.010000 -0.022570
v 0.082563 0.010000 -0.021489
v 0.102700 0.010000 -0.019487
v 0.082729 0.010000 -0.018408
v 0.102867 0.010000 -0.016399
v 0.082896 0.010000 -0.015322
v 0.103034 0.010000 -0.013306
v 0.083062 0.010000 -0.012230
v 0.103200 0.010000 -0.010207
v 0.083229 0.010000 -0.009134
v 0.103367 0.010000 -0.007104
v 0.083396 0.010000 -0.006032
v 0.103534 0.010000 -0.003996
v 0.083562 0.010000 -0.002925
v 0.103700 0.010000 -0.000884
v 0.083729 0.010000 0.000185
v 0.103867 0.010000 0.002232
v 0.083896 0.010000 0.003300
v 0.104034 0.010000 0.005352
v 0.084062 0.010000 0.006419
v 0.104200 0.010000 0.008475
v 0.084229 0.010000 0.009540
v 0.104367 0.010000 0.011600
v 0.084395 0.010000 0.012665
v 0.104534 0.010000 0.014729
v 0.084562 0.010000 0.015793
v 0.104700 0.010000 0.017860
v 0.084729 0.010000 0.018922
v 0.104867 0.010000 0.020992
v 0.084895 0.010000 0.022055
v 0.105034 0.010000 0.024127
v 0.085062 0.010000 0.025188
v 0.105200 0.010000 0.027262
v 0.085229 0.010000 0.028324
v 0.105367 0.010000 0.030399
v 0.085395 0.010000 0.031460
v 0.105534 0.010000 0.033537
v 0.085562 0.010000 0.034598
v 0.105700 0.010000 0.036674
v 0.085729 0.010000 0.037736
v 0.105867 0.010000 0.039813
v 0.085896 0.010000 0.040874
v 0.106034 0.010000 0.042951
v 0.086062 0.010000 0.044012
v 0.106201 0.010000 0.046088
v 0.086229 0.010000 0.047149
v 0.106367 0.010000 0.049225
v 0.086396 0.010000 0.050286
v 0.106534 0.010000 0.052360
v 0.086562 0.010000 0.053422
v 0.106701 0.010000 0.055494
v 0.086729 0.010000 0.056556
v 0.106867 0.010000 0.058626
v 0.086896 0.010000 0.059689
v 0.107034 0.010000 0.061755
v 0.087062 0.010000 0.062819
v 0.107201 0.010000 0.064882
v 0.087229 0.010000 0.065947
v 0.107367 0.010000 0.068007
v 0.087396 0.010000 0.069073
v 0.107534 0.010000 0.071128
v 0.087562 0.010000 0.072195
v 0.107700 0.010000 0.074246
v 0.087729 0.010000 0.075314
v 0.107867 0.010000 0.077360
v 0.087896 0.010000 0.078429
v 0.108034 0.010000 0.080470
v 0.088062 0.010000 0.081541
v 0.108200 0.010000 0.083576
v 0.088229 0.010000 0.084648
v 0.108367 0.010000 0.086676
v 0.088396 0.010000 0.087750
v 0.108534 0.010000 0.089772
v 0.088562 0.010000 0.090848
v 0.108700 0.010000 0.092863
v 0.088729 0.010000 0.093940
v 0.108867 0.010000 0.095947
v 0.088896 0.010000 0.097027
v 0.109033 0.010000 0.099026
v 0.089063 0.010000 0.100108
v 0.109200 0.010000 0.102098
v 0.089229 0.010000 0.103182
v 0.109366 0.010000 0.105164
v 0.089396 0.010000 0.106250
v 0.109533 0.010000 0.108222
v 0.089563 0.010000 0.109311
v 0.109700 0.010000 0.111274
v 0.089729 0.010000 0.112365
v 0.109866 0.010000 0.114318
v 0.089896 0.010000 0.115412
v 0.110033 0.010000 0.117353
v 0.090063 0.010000 0.118451
v 0.110199 0.010000 0.120381
v 0.090230 0.010000 0.121481
v 0.110366 0.010000 0.123400
v 0.090396 0.010000 0.124503
v 0.110533 0.010000 0.126410
v 0.090563 0.010000 0.127516
v 0.110699 0.010000 0.129410
v 0.090730 0.010000 0.130521
v 0.110866 0.010000 0.132401
v 0.090897 0.010000 0.133516
v 0.111033 0.010000 0.135383
v 0.091064 0.010000 0.136500
v 0.111199 0.010000 0.138354
v 0.091231 0.010000 0.139476
v 0.111366 0.010000 0.141315
v 0.091397 0.010000 0.142440
v 0.111532 0.010000 0.144265
v 0.091564 0.010000 0.145394
v 0.111699 0.010000 0.147204
v 0.091731 0.010000 0.148337
v 0.111865 0.010000 0.150131
v 0.091898 0.010000 0.151269
v 0.112032 0.010000 0.153046
v 0.092064 0.010000 0.154189
v 0.112198 0.010000 0.155950
v 0.092231 0.010000 0.157097
v 0.112365 0.010000 0.158841
v 0.092398 0.010000 0.159993
v 0.112531 0.010000 0.161719
v 0.092565 0.010000 0.162877
v 0.112698 0.010000 0.164585
v 0.092732 0.010000 0.165747
v 0.112864 0.010000 0.167437
v 0.092898 0.010000 0.168605
v 0.113031 0.010000 0.170275
v 0.093065 0.010000 0.171449
v 0.113197 0.010000 0.173100
v 0.093232 0.010000 0.174279
v 0.113364 0.010000 0.175910
v 0.093399 0.010000 0.177096
v 0.113530 0.010000 0.178706
v 0.093566 0.010000 0.179898
v 0.113697 0.010000 0.181487
v 0.093733 0.010000 0.182685
v 0.113863 0.010000 0.184253
v 0.093899 0.010000 0.185458
v 0.114030 0.010000 0.187003
v 0.094066 0.010000 0.188215
v 0.114196 0.010000 0.189738
v 0.094233 0.010000 0.190957
v 0.114362 0.010000 0.192457
v 0.094400 0.010000 0.193683
v 0.114529 0.010000 0.195160
v 0.094567 0.010000 0.196393
v 0.114695 0.010000 0.197845
v 0.094734 0.010000 0.199086
v 0.114862 0.010000 0.200514
v 0.094901 0.010000 0.201763
v 0.115028 0.010000 0.203166
v 0.095068 0.010000 0.204423
v 0.115194 0.010000 0.205800
v 0.095235 0.010000 0.207065
v 0.115361 0.010000 0.208416
v 0.095401 0.010000 0.209690
v 0.115527 0.010000 0.211015
v 0.095568 0.010000 0.212297
v 0.115694 0.010000 0.213593
v 0.095735 0.010000 0.214887
v 0.115860 0.010000 0.216154
v 0.095903 0.010000 0.217457
v 0.116027 0.010000 0.218698
v 0.096070 0.010000 0.220008
v 0.116193 0.010000 0.221221
v 0.096237 0.010000 0.222542
v 0.116359 0.010000 0.223725
v 0.096404 0.010000 0.225055
v 0.116526 0.010000 0.226208
v 0.096571 0.010000 0.227550
v 0.116692 0.010000 0.228672
v 0.096738 0.010000 0.230024
v 0.116858 0.010000 0.231115
v 0.096905 0.010000 0.232478
v 0.117024 0.010000 0.233537
v 0.097072 0.010000 0.234912
v 0.117191 0.010000 0.235939
v 0.097239 0.010000 0.237326
v 0.117357 0.010000 0.238319
v 0.097406 0.010000 0.239718
v 0.117523 0.010000 0.240678
v 0.097573 0.010000 0.242090
v 0.117689 0.010000 0.243015
v 0.097740 0.010000 0.244440
v 0.117855 0.010000 0.245330
v 0.097907 0.010000 0.246769
v 0.118022 0.010000 0.247623
v 0.098074 0.010000 0.249075
v 0.118188 0.010000 0.249893
v 0.098242 0.010000 0.251360
v 0.118354 0.010000 0.252141
v 0.098409 0.010000 0.253622
v 0.118520 0.010000 0.254365
v 0.098576 0.010000 0.255862
v 0.118686 0.010000 0.256567
v 0.098743 0.010000 0.258079
v 0.118852 0.010000 0.258745
v 0.098911 0.010000 0.260273
v 0.119018 0.010000 0.260898
v 0.099078 0.010000 0.262444
v 0.119184 0.010000 0.263028
v 0.099245 0.010000 0.264591
v 0.119350 0.010000 0.265134
v 0.099413 0.010000 0.266714
v 0.119516 0.010000 0.267215
v 0.099580 0.010000 0.268814
v 0.119682 0.010000 0.269271
v 0.099747 0.010000 0.270889
v 0.119848 0.010000 0.271302
v 0.099915 0.010000 0.272940
v 0.120013 0.010000 0.273308
v 0.100082 0.010000 0.274966
v 0.120179 0.010000 0.275287
v 0.100250 0.010000 0.276967
v 0.120345 0.010000 0.277241
v 0.100417 0.010000 0.278943
v 0.120511 0.010000 0.279169
v 0.100585 0.010000 0.280893
v 0.120676 0.010000 0.281069
v 0.100753 0.010000 0.282819
v 0.120842 0.010000 0.282944
v 0.100921 0.010000 0.284718
v 0.121008 0.010000 0.284794
v 0.101089 0.010000 0.286590
v 0.121173 0.010000 0.286615
v 0.101256 0.010000 0.288438
v 0.121339 0.010000 0.288409
v 0.101424 0.010000 0.290259
v 0.121504 0.010000 0.290175
v 0.101592 0.010000 0.292054
v 0.121669 0.010000 0.291914
v 0.101760 0.010000 0.293822
v 0.121834 0.010000 0.293624
v 0.101929 0.010000 0.295562
v 0.121999 0.010000 0.295306
v 0.102097 0.010000 0.297276
v 0.122164 0.010000 0.296960
v 0.102265 0.010000 0.298962
v 0.122329 0.010000 0.298584
v 0.102433 0.010000 0.300621
v 0.122494 0.010000 0.300180
v 0.102602 0.010000 0.302253
v 0.122659 0.010000 0.301747
v 0.102771 0.010000 0.303857
v 0.122823 0.010000 0.303284
v 0.102939 0.010000 0.305433
v 0.122988 0.010000 0.304792
v 0.103108 0.010000 0.306981
v 0.123152 0.010000 0.306269
v 0.103277 0.010000 0.308501
v 0.123316 0.010000 0.307717
v 0.103446 0.010000 0.309993
v 0.123480 0.010000 0.309134
v 0.103616 0.010000 0.311457
v 0.123644 0.010000 0.310521
v 0.103785 0.010000 0.312892
v 0.123808 0.010000 0.311877
v 0.103955 0.010000 0.314299
v 0.123971 0.010000 0.313202
v 0.104125 0.010000 0.315677
v 0.124134 0.010000 0.314495
v 0.104295 0.010000 0.317026
v 0.124297 0.010000 0.315757
v 0.104465 0.010000 0.318347
v 0.124460 0.010000 0.316986
v 0.104636 0.010000 0.319639
v 0.124622 0.010000 0.318184
v 0.104807 0.010000 0.320902
v 0.124784 0.010000 0.319349
v 0.104979 0.010000 0.322137
v 0.124945 0.010000 0.320481
v 0.105151 0.010000 0.323342
v 0.125106 0.010000 0.321579
v 0.105323 0.010000 0.324518
v 0.125266 0.010000 0.322644
v 0.105496 0.010000 0.325666
v 0.125426 0.010000 0.323675
v 0.105669 0.010000 0.326785
v 0.125585 0.010000 0.324670
v 0.105844 0.010000 0.327877
v 0.125744 0.010000 0.325632
v 0.106019 0.010000 0.328937
v 0.125902 0.010000 0.326563
v 0.106194 0.010000 0.329968
v 0.126059 0.010000 0.327455
v 0.106371 0.010000 0.330974
v 0.126214 0.010000 0.328311
v 0.106549 0.010000 0.331951
v 0.126369 0.010000 0.329129
v 0.106728 0.010000 0.332901
v 0.126522 0.010000 0.329911
v 0.106908 0.010000 0.333824
v 0.126673 0.010000 0.330655
v 0.107090 0.010000 0.334719
v 0.126822 0.010000 0.331359
v 0.107274 0.010000 0.335588
v 0.126969 0.010000 0.332025
v 0.107461 0.010000 0.336432
v 0.127113 0.010000 0.332649
v 0.107650 0.010000 0.337251
v 0.127254 0.010000 0.333232
v 0.107842 0.010000 0.338046
v 0.127391 0.010000 0.333772
v 0.108038 0.010000 0.338818
v 0.127523 0.010000 0.334267
v 0.108239 0.010000 0.339569
v 0.127650 0.010000 0.334715
v 0.108446 0.010000 0.340301
v 0.127770 0.010000 0.335115
v 0.108660 0.010000 0.341015
v 0.127880 0.010000 0.335463
v 0.108882 0.010000 0.341714
v 0.127980 0.010000 0.335756
v 0.109116 0.010000 0.342401
v 0.128065 0.010000 0.335991
v 0.109364 0.010000 0.343080
v 0.128132 0.010000 0.336162
v 0.109630 0.010000 0.343756
v 0.128176 0.010000 0.336264
v 0.109920 0.010000 0.344434
v 0.128187 0.010000 0.336290
v 0.110242 0.010000 0.345120
v 0.128156 0.010000 0.336231
v 0.110607 0.010000 0.345824
v 0.128066 0.010000 0.336078
v 0.111030 0.010000 0.346555
v 0.127894 0.010000 0.335818
v 0.111535 0.010000 0.347324
v 0.127609 0.010000 0.335445
v 0.112154 0.010000 0.348139
v 0.127163 0.010000 0.334952
v 0.112933 0.010000 0.349005
v 0.126496 0.010000 0.334350
v 0.113933 0.010000 0.349912
v 0.125539 0.010000 0.333682
v 0.115223 0.010000 0.350816
v 0.124236 0.010000 0.333038
v 0.116859 0.010000 0.351628
v 0.122597 0.010000 0.332562
v 0.118832 0.010000 0.352204
v 0.120798 0.010000 0.332398
v 0.120965 0.010000 0.352398
v 0.119006 0.010000 0.332591
v 0.123090 0.010000 0.352169
v 0.117386 0.010000 0.333090
v 0.125044 0.010000 0.351566
v 0.116107 0.010000 0.333745
v 0.126656 0.010000 0.350737
v 0.115172 0.010000 0.334415
v 0.127924 0.010000 0.349823
v 0.114524 0.010000 0.335014
v 0.128905 0.010000 0.348913
v 0.114093 0.010000 0.335501
v 0.129670 0.010000 0.348044
v 0.113818 0.010000 0.335867
v 0.130278 0.010000 0.347228
v 0.113654 0.010000 0.336119
v 0.130775 0.010000 0.346457
v 0.113570 0.010000 0.336265
v 0.131192 0.010000 0.345723
v 0.113544 0.010000 0.336315
v 0.131552 0.010000 0.345015
v 0.113559 0.010000 0.336281
v 0.131870 0.010000 0.344324
v 0.113605 0.010000 0.336170
v 0.132158 0.010000 0.343641
v 0.113675 0.010000 0.335989
v 0.132421 0.010000 0.342958
v 0.113762 0.010000 0.335744
v 0.132667 0.010000 0.342271
v 0.113864 0.010000 0.335439
v 0.132899 0.010000 0.341575
v 0.113976 0.010000 0.335079
v 0.133120 0.010000 0.340866
v 0.114096 0.010000 0.334667
v 0.133333 0.010000 0.340140
v 0.114224 0.010000 0.334204
v 0.133538 0.010000 0.339396
v 0.114357 0.010000 0.333694
v 0.133739 0.010000 0.338631
v 0.114495 0.010000 0.333138
v 0.133934 0.010000 0.337843
v 0.114637 0.010000 0.332538
v 0.134126 0.010000 0.337031
v 0.114782 0.010000 0.331894
v 0.134314 0.010000 0.336194
v 0.114929 0.010000 0.331209
v 0.134500 0.010000 0.335331
v 0.115079 0.010000 0.330482
v 0.134683 0.010000 0.334440
v 0.115231 0.010000 0.329715
v 0.134865 0.010000 0.333521
v 0.115384 0.010000 0.328908
v 0.135045 0.010000 0.332574
v 0.115539 0.010000 0.328062
v 0.135224 0.010000 0.331598
v 0.115695 0.010000 0.327178
v 0.135401 0.010000 0.330592
v 0.115852 0.010000 0.326254
v 0.135577 0.010000 0.329557
v 0.116010 0.010000 0.325292
v 0.135753 0.010000 0.328492
v 0.116169 0.010000 0.324297
v 0.135927 0.010000 0.327396
v 0.116328 0.010000 0.323264
v 0.136101 0.010000 0.326270
v 0.116488 0.010000 0.322194
v 0.136274 0.010000 0.325112
v 0.116649 0.010000 0.321088
v 0.136447 0.010000 0.323924
v 0.116810 0.010000 0.319947
v 0.136619 0.010000 0.322704
v 0.116972 0.010000 0.318769
v 0.136791 0.010000 0.321453
v 0.117134 0.010000 0.317557
v 0.136962 0.010000 0.320171
v 0.117296 0.010000 0.316309
v 0.137133 0.010000 0.318858
v 0.117459 0.010000 0.315026
v 0.137304 0.010000 0.317513
v 0.117622 0.010000 0.313709
v 0.137474 0.010000 0.316137
v 0.117785 0.010000 0.312358
v 0.137644 0.010000 0.314729
v 0.117949 0.010000 0.310973
v 0.137814 0.010000 0.313291
v 0.118112 0.010000 0.309553
v 0.137984 0.010000 0.311820
v 0.118276 0.010000 0.308101
v 0.138153 0.010000 0.310319
v 0.118440 0.010000 0.306614
v 0.138322 0.010000 0.308786
v 0.118605 0.010000 0.305095
v 0.138491 0.010000 0.307223
v 0.118769 0.010000 0.303542
v 0.138660 0.010000 0.305628
v 0.118934 0.010000 0.301957
v 0.138829 0.010000 0.304002
v 0.119098 0.010000 0.300339
v 0.138997 0.010000 0.302345
v 0.119263 0.010000 0.298688
v 0.139166 0.010000 0.300657
v 0.119428 0.010000 0.297006
v 0.139334 0.010000 0.298939
v 0.119593 0.010000 0.295291
v 0.139503 0.010000 0.297189
v 0.119758 0.010000 0.293544
v 0.139671 0.010000 0.295409
v 0.119923 0.010000 0.291765
v 0.139839 0.010000 0.293598
v 0.120089 0.010000 0.289954
v 0.140007 0.010000 0.291757
v 0.120254 0.010000 0.288112
v 0.140175 0.010000 0.289886
v 0.120419 0.010000 0.286239
v 0.140343 0.010000 0.287984
v 0.120585 0.010000 0.284334
v 0.140511 0.010000 0.286052
v 0.120750 0.010000 0.282398
v 0.140679 0.010000 0.284091
v 0.120916 0.010000 0.280431
v 0.140847 0.010000 0.282099
v 0.121082 0.010000 0.278436
v 0.141014 0.010000 0.280078
v 0.121248 0.010000 0.276409
v 0.141182 0.010000 0.278028
v 0.121413 0.010000 0.274353
v 0.141350 0.010000 0.275948
v 0.121579 0.010000 0.272266
v 0.141517 0.010000 0.273839
v 0.121745 0.010000 0.270150
v 0.141685 0.010000 0.271702
v 0.121911 0.010000 0.268004
v 0.141852 0.010000 0.269535
v 0.122077 0.010000 0.265829
v 0.142020 0.010000 0.267339
v 0.122243 0.010000 0.263624
v 0.142187 0.010000 0.265116
v 0.122409 0.010000 0.261391
v 0.142354 0.010000 0.262864
v 0.122575 0.010000 0.259129
v 0.142522 0.010000 0.260584
v 0.122741 0.010000 0.256839
v 0.142689 0.010000 0.258276
v 0.122907 0.010000 0.254520
v 0.142856 0.010000 0.255940
v 0.123073 0.010000 0.252174
v 0.143023 0.010000 0.253577
v 0.123239 0.010000 0.249799
v 0.143191 0.010000 0.251187
v 0.123405 0.010000 0.247398
v 0.143358 0.010000 0.248770
v 0.123571 0.010000 0.244969
v 0.143525 0.010000 0.246326
v 0.123737 0.010000 0.242513
v 0.143692 0.010000 0.243856
v 0.123903 0.010000 0.240030
v 0.143859 0.010000 0.241359
v 0.124070 0.010000 0.237521
v 0.144026 0.010000 0.238836
v 0.124236 0.010000 0.234986
v 0.144193 0.010000 0.236287
v 0.124402 0.010000 0.232424
v 0.144360 0.010000 0.233713
v 0.124568 0.010000 0.229837
v 0.144527 0.010000 0.231113
v 0.124735 0.010000 0.227223
v 0.144695 0.010000 0.228487
v 0.124901 0.010000 0.224585
v 0.144862 0.010000 0.225837
v 0.125067 0.010000 0.221921
v 0.145029 0.010000 0.223162
v 0.125233 0.010000 0.219232
v 0.145196 0.010000 0.220462
v 0.125400 0.010000 0.216519
v 0.145363 0.010000 0.217737
v 0.125566 0.010000 0.213781
v 0.145530 0.010000 0.214988
v 0.125732 0.010000 0.211018
v 0.145697 0.010000 0.212216
v 0.125899 0.010000 0.208232
v 0.145864 0.010000 0.209420
v 0.126065 0.010000 0.205423
v 0.146031 0.010000 0.206601
v 0.126232 0.010000 0.202591
v 0.146198 0.010000 0.203759
v 0.126398 0.010000 0.199735
v 0.146365 0.010000 0.200894
v 0.126565 0.010000 0.196857
v 0.146532 0.010000 0.198007
v 0.126731 0.010000 0.193956
v 0.146698 0.010000 0.195097
v 0.126897 0.010000 0.191033
v 0.146865 0.010000 0.192165
v 0.127064 0.010000 0.188087
v 0.147032 0.010000 0.189212
v 0.127230 0.010000 0.185120
v 0.147199 0.010000 0.186237
v 0.127397 0.010000 0.182132
v 0.147366 0.010000 0.183240
v 0.127563 0.010000 0.179123
v 0.147533 0.010000 0.180223
v 0.127730 0.010000 0.176092
v 0.147700 0.010000 0.177186
v 0.127896 0.010000 0.173042
v 0.147867 0.010000 0.174128
v 0.128063 0.010000 0.169971
v 0.148033 0.010000 0.171050
v 0.128229 0.010000 0.166880
v 0.148200 0.010000 0.167953
v 0.128395 0.010000 0.163770
v 0.148367 0.010000 0.164836
v 0.128562 0.010000 0.160640
v 0.148534 0.010000 0.161700
v 0.128729 0.010000 0.157492
v 0.148701 0.010000 0.158545
v 0.128895 0.010000 0.154325
v 0.148868 0.010000 0.155372
v 0.129061 0.010000 0.151139
v 0.149034 0.010000 0.152180
v 0.129228 0.010000 0.147936
v 0.149201 0.010000 0.148971
v 0.129394 0.010000 0.144714
v 0.149368 0.010000 0.145744
v 0.129561 0.010000 0.141475
v 0.149535 0.010000 0.142500
v 0.129728 0.010000 0.138220
v 0.149702 0.010000 0.139238
v 0.129894 0.010000 0.134947
v 0.149868 0.010000 0.135960
v 0.130061 0.010000 0.131657
v 0.150035 0.010000 0.132666
v 0.130227 0.010000 0.128352
v 0.150202 0.010000 0.129356
v 0.130394 0.010000 0.125030
v 0.150369 0.010000 0.126029
v 0.130560 0.010000 0.121693
v 0.150535 0.010000 0.122687
v 0.130727 0.010000 0.118340
v 0.150702 0.010000 0.119331
v 0.130894 0.010000 0.114972
v 0.150869 0.010000 0.115959
v 0.131060 0.010000 0.111591
v 0.151036 0.010000 0.112573
v 0.131227 0.010000 0.108195
v 0.151203 0.010000 0.109173
v 0.131393 0.010000 0.104785
v 0.151370 0.010000 0.105759
v 0.131560 0.010000 0.101362
v 0.151536 0.010000 0.102332
v 0.131727 0.010000 0.097925
v 0.151703 0.010000 0.098891
v 0.131893 0.010000 0.094475
v 0.151870 0.010000 0.095438
v 0.132060 0.010000 0.091013
v 0.152037 0.010000 0.091972
v 0.132226 0.010000 0.087538
v 0.152203 0.010000 0.088494
v 0.132393 0.010000 0.084052
v 0.152370 0.010000 0.085005
v 0.132559 0.010000 0.080554
v 0.152537 0.010000 0.081504
v 0.132726 0.010000 0.077045
v 0.152704 0.010000 0.077992
v 0.132893 0.010000 0.073525
v 0.152870 0.010000 0.074469
v 0.133059 0.010000 0.069995
v 0.153037 0.010000 0.070936
v 0.133226 0.010000 0.066454
v 0.153204 0.010000 0.067393
v 0.133392 0.010000 0.062904
v 0.153370 0.010000 0.063840
v 0.133559 0.010000 0.059345
v 0.153537 0.010000 0.060278
v 0.133726 0.010000 0.055776
v 0.153704 0.010000 0.056707
v 0.133892 0.010000 0.052199
v 0.153871 0.010000 0.053128
v 0.134059 0.010000 0.048613
v 0.154037 0.010000 0.049540
v 0.134225 0.010000 0.045019
v 0.154204 0.010000 0.045944
v 0.134392 0.010000 0.041418
v 0.154371 0.010000 0.042341
v 0.134559 0.010000 0.037809
v 0.154537 0.010000 0.038731
v 0.134725 0.010000 0.034194
v 0.154704 0.010000 0.035113
v 0.134892 0.010000 0.030571
v 0.154871 0.010000 0.031490
v 0.135058 0.010000 0.026943
v 0.155037 0.010000 0.027860
v 0.135225 0.010000 0.023309
v 0.155204 0.010000 0.024224
v 0.135392 0.010000 0.019669
v 0.155371 0.010000 0.020583
v 0.135558 0.010000 0.016024
v 0.155537 0.010000 0.016937
v 0.135725 0.010000 0.012374
v 0.155704 0.010000 0.013286
v 0.135892 0.010000 0.008720
v 0.155871 0.010000 0.009631
v 0.136059 0.010000 0.005062
v 0.156038 0.010000 0.005972
v 0.136225 0.010000 0.001400
v 0.156205 0.010000 0.002309
v 0.136392 0.010000 -0.002265
v 0.156371 0.010000 -0.001357
v 0.136558 0.010000 -0.005932
v 0.156538 0.010000 -0.005025
v 0.136725 0.010000 -0.009603
v 0.156705 0.010000 -0.008696
v 0.136892 0.010000 -0.013276
v 0.156871 0.010000 -0.012369
v 0.137058 0.010000 -0.016950
v 0.157038 0.010000 -0.016044
v 0.137225 0.010000 -0.020626
v 0.157205 0.010000 -0.019720
v 0.137392 0.010000 -0.024303
v 0.157371 0.010000 -0.023397
v 0.137558 0.010000 -0.027980
v 0.157538 0.010000 -0.027075
v 0.137725 0.010000 -0.031658
v 0.157704 0.010000 -0.030753
v 0.137892 0.010000 -0.035336
v 0.157871 0.010000 -0.034431
v 0.138058 0.010000 -0.039013
v 0.158038 0.010000 -0.038108
v 0.138225 0.010000 -0.042690
v 0.158204 0.010000 -0.041784
v 0.138392 0.010000 -0.046365
v 0.158371 0.010000 -0.045459
v 0.138558 0.010000 -0.050039
v 0.158538 0.010000 -0.049133
v 0.138725 0.010000 -0.053711
v 0.158704 0.010000 -0.052804
v 0.138892 0.010000 -0.057381
v 0.158871 0.010000 -0.056473
v 0.139058 0.010000 -0.061048
v 0.159038 0.010000 -0.060139
v 0.139225 0.010000 -0.064712
v 0.159204 0.010000 -0.063803
v 0.139392 0.010000 -0.068372
v 0.159371 0.010000 -0.067462
v 0.139558 0.010000 -0.072029
v 0.159538 0.010000 -0.071118
v 0.139725 0.010000 -0.075682
v 0.159704 0.010000 -0.074769
v 0.139892 0.010000 -0.079330
v 0.159871 0.010000 -0.078416
v 0.140058 0.010000 -0.082973
v 0.160037 0.010000 -0.082058
v 0.140225 0.010000 -0.086610
v 0.160204 0.010000 -0.085694
v 0.140392 0.010000 -0.090243
v 0.160371 0.010000 -0.089325
v 0.140558 0.010000 -0.093869
v 0.160537 0.010000 -0.092950
v 0.140725 0.010000 -0.097489
v 0.160704 0.010000 -0.096567
v 0.140892 0.010000 -0.101102
v 0.160871 0.010000 -0.100178
v 0.141059 0.010000 -0.104707
v 0.161038 0.010000 -0.103783
v 0.141226 0.010000 -0.108306
v 0.161204 0.010000 -0.107379
v 0.141392 0.010000 -0.111896
v 0.161371 0.010000 -0.110967
v 0.141559 0.010000 -0.115478
v 0.161537 0.010000 -0.114547
v 0.141726 0.010000 -0.119052
v 0.161704 0.010000 -0.118119
v 0.141892 0.010000 -0.122616
v 0.161871 0.010000 -0.121681
v 0.142059 0.010000 -0.126171
v 0.162037 0.010000 -0.125233
v 0.142226 0.010000 -0.129716
v 0.162204 0.010000 -0.128776
v 0.142393 0.010000 -0.133252
v 0.162370 0.010000 -0.132308
v 0.142559 0.010000 -0.136776
v 0.162537 0.010000 -0.135830
v 0.142726 0.010000 -0.140290
v 0.162703 0.010000 -0.139341
v 0.142893 0.010000 -0.143793
v 0.162870 0.010000 -0.142841
v 0.143059 0.010000 -0.147284
v 0.163037 0.010000 -0.146328
v 0.143226 0.010000 -0.150763
v 0.163203 0.010000 -0.149804
v 0.143393 0.010000 -0.154230
v 0.163370 0.010000 -0.153268
v 0.143560 0.010000 -0.157685
v 0.163536 0.010000 -0.156719
v 0.143726 0.010000 -0.161126
v 0.163703 0.010000 -0.160156
v 0.143893 0.010000 -0.164554
v 0.163869 0.010000 -0.163581
v 0.144060 0.010000 -0.167969
v 0.164036 0.010000 -0.166991
v 0.144227 0.010000 -0.171369
v 0.164203 0.010000 -0.170387
v 0.144393 0.010000 -0.174755
v 0.164369 0.010000 -0.173769
v 0.144560 0.010000 -0.178126
v 0.164536 0.010000 -0.177135
v 0.144727 0.010000 -0.181482
v 0.164702 0.010000 -0.180487
v 0.144894 0.010000 -0.184822
v 0.164869 0.010000 -0.183823
v 0.145061 0.010000 -0.188147
v 0.165035 0.010000 -0.187142
v 0.145227 0.010000 -0.191455
v 0.165202 0.010000 -0.190446
v 0.145394 0.010000 -0.194747
v 0.165368 0.010000 -0.193732
v 0.145561 0.010000 -0.198022
v 0.165535 0.010000 -0.197002
v 0.145728 0.010000 -0.201280
v 0.165701 0.010000 -0.200253
v 0.145895 0.010000 -0.204520
v 0.165868 0.010000 -0.203488
v 0.146062 0.010000 -0.207742
v 0.166035 0.010000 -0.206705
v 0.146228 0.010000 -0.210946
v 0.166201 0.010000 -0.209903
v 0.146395 0.010000 -0.214132
v 0.166368 0.010000 -0.213083
v 0.146562 0.010000 -0.217298
v 0.166534 0.010000 -0.216243
v 0.146729 0.010000 -0.220445
v 0.166701 0.010000 -0.219383
v 0.146896 0.010000 -0.223573
v 0.166867 0.010000 -0.222504
v 0.147063 0.010000 -0.226681
v 0.167034 0.010000 -0.225605
v 0.147229 0.010000 -0.229768
v 0.167200 0.010000 -0.228685
v 0.147396 0.010000 -0.232835
v 0.167367 0.010000 -0.231744
v 0.147563 0.010000 -0.235881
v 0.167533 0.010000 -0.234783
v 0.147730 0.010000 -0.238905
v 0.167699 0.010000 -0.237800
v 0.147897 0.010000 -0.241908
v 0.167866 0.010000 -0.240795
v 0.148064 0.010000 -0.244890
v 0.168032 0.010000 -0.243768
v 0.148231 0.010000 -0.247849
v 0.168199 0.010000 -0.246719
v 0.148398 0.010000 -0.250786
v 0.168365 0.010000 -0.249647
v 0.148565 0.010000 -0.253700
v 0.168531 0.010000 -0.252552
v 0.148731 0.010000 -0.256591
v 0.168698 0.010000 -0.255433
v 0.148898 0.010000 -0.259458
v 0.168864 0.010000 -0.258291
v 0.149065 0.010000 -0.262302
v 0.169031 0.010000 -0.261125
v 0.149232 0.010000 -0.265122
v 0.169197 0.010000 -0.263935
v 0.149399 0.010000 -0.267918
v 0.169363 0.010000 -0.266720
v 0.149566 0.010000 -0.270689
v 0.169530 0.010000 -0.269480
v 0.149733 0.010000 -0.273435
v 0.169696 0.010000 -0.272215
v 0.149900 0.010000 -0.276156
v 0.169862 0.010000 -0.274925
v 0.150067 0.010000 -0.278851
v 0.170029 0.010000 -0.277608
v 0.150234 0.010000 -0.281521
v 0.170195 0.010000 -0.280266
v 0.150401 0.010000 -0.284164
v 0.170361 0.010000 -0.282896
v 0.150568 0.010000 -0.286781
v 0.170527 0.010000 -0.285500
v 0.150735 0.010000 -0.289372
v 0.170694 0.010000 -0.288076
v 0.150903 0.010000 -0.291935
v 0.170860 0.010000 -0.290626
v 0.151070 0.010000 -0.294471
v 0.171026 0.010000 -0.293149
v 0.151237 0.010000 -0.296980
v 0.171192 0.010000 -0.295644
v 0.151404 0.010000 -0.299462
v 0.171359 0.010000 -0.298110
v 0.151572 0.010000 -0.301915
v 0.171525 0.010000 -0.300547
v 0.151739 0.010000 -0.304340
v 0.171691 0.010000 -0.302956
v 0.151906 0.010000 -0.306737
v 0.171857 0.010000 -0.305336
v 0.152073 0.010000 -0.309104
v 0.172023 0.010000 -0.307686
v 0.152241 0.010000 -0.311443
v 0.172189 0.010000 -0.310007
v 0.152408 0.010000 -0.313752
v 0.172355 0.010000 -0.312297
v 0.152575 0.010000 -0.316032
v 0.172521 0.010000 -0.314558
v 0.152743 0.010000 -0.318282
v 0.172687 0.010000 -0.316788
v 0.152910 0.010000 -0.320503
v 0.172853 0.010000 -0.318988
v 0.153078 0.010000 -0.322693
v 0.173019 0.010000 -0.321157
v 0.153245 0.010000 -0.324852
v 0.173184 0.010000 -0.323295
v 0.153413 0.010000 -0.326982
v 0.173350 0.010000 -0.325401
v 0.153580 0.010000 -0.329080
v 0.173516 0.010000 -0.327476
v 0.153748 0.010000 -0.331148
v 0.173681 0.010000 -0.329518
v 0.153916 0.010000 -0.333184
v 0.173847 0.010000 -0.331529
v 0.154083 0.010000 -0.335189
v 0.174013 0.010000 -0.333507
v 0.154251 0.010000 -0.337162
v 0.174178 0.010000 -0.335453
v 0.154419 0.010000 -0.339103
v 0.174343 0.010000 -0.337365
v 0.154587 0.010000 -0.341013
v 0.174509 0.010000 -0.339244
v 0.154755 0.010000 -0.342890
v 0.174674 0.010000 -0.341090
v 0.154923 0.010000 -0.344734
v 0.174839 0.010000 -0.342902
v 0.155092 0.010000 -0.346546
v 0.175004 0.010000 -0.344680
v 0.155260 0.010000 -0.348326
v 0.175169 0.010000 -0.346423
v 0.155428 0.010000 -0.350072
v 0.175334 0.010000 -0.348132
v 0.155597 0.010000 -0.351785
v 0.175499 0.010000 -0.349806
v 0.155766 0.010000 -0.353466
v 0.175663 0.010000 -0.351444
v 0.155935 0.010000 -0.355111
v 0.175828 0.010000 -0.353047
v 0.156104 0.010000 -0.356724
v 0.175993 0.010000 -0.354618
v 0.156273 0.010000 -0.358304
v 0.176157 0.010000 -0.356151
v 0.156442 0.010000 -0.359850
v 0.176321 0.010000 -0.357647
v 0.156612 0.010000 -0.361363
v 0.176484 0.010000 -0.359107
v 0.156782 0.010000 -0.362841
v 0.176648 0.010000 -0.360531
v 0.156952 0.010000 -0.364286
v 0.176811 0.010000 -0.361917
v 0.157122 0.010000 -0.365696
v 0.176974 0.010000 -0.363266
v 0.157293 0.010000 -0.367072
v 0.177137 0.010000 -0.364578
v 0.157464 0.010000 -0.368415
v 0.177299 0.010000 -0.365852
v 0.157635 0.010000 -0.369723
v 0.177461 0.010000 -0.367087
v 0.157807 0.010000 -0.370997
v 0.177622 0.010000 -0.368285
v 0.157979 0.010000 -0.372238
v 0.177783 0.010000 -0.369443
v 0.158152 0.010000 -0.373445
v 0.177944 0.010000 -0.370563
v 0.158326 0.010000 -0.374618
v 0.178103 0.010000 -0.371642
v 0.158500 0.010000 -0.375757
v 0.178262 0.010000 -0.372682
v 0.158675 0.010000 -0.376864
v 0.178421 0.010000 -0.373682
v 0.158852 0.010000 -0.377937
v 0.178578 0.010000 -0.374640
v 0.159029 0.010000 -0.378978
v 0.178734 0.010000 -0.375556
v 0.159207 0.010000 -0.379987
v 0.178889 0.010000 -0.376431
v 0.159387 0.010000 -0.380964
v 0.179042 0.010000 -0.377262
v 0.159569 0.010000 -0.381909
v 0.179193 0.010000 -0.378049
v 0.159753 0.010000 -0.382825
v 0.179342 0.010000 -0.378791
v 0.159940 0.010000 -0.383710
v 0.179489 0.010000 -0.379488
v 0.160130 0.010000 -0.384568
v 0.179633 0.010000 -0.380136
v 0.160323 0.010000 -0.385398
v 0.179772 0.010000 -0.380736
v 0.160522 0.010000 -0.386202
v 0.179908 0.010000 -0.381285
v 0.160726 0.010000 -0.386984
v 0.180037 0.010000 -0.381780
v 0.160937 0.010000 -0.387744
v 0.180159 0.010000 -0.382219
v 0.161158 0.010000 -0.388489
v 0.180271 0.010000 -0.382596
v 0.161389 0.010000 -0.389212
v 0.180374 0.010000 -0.382918
v 0.161634 0.010000 -0.389923
v 0.180462 0.010000 -0.383178
v 0.161902 0.010000 -0.390639
v 0.180528 0.010000 -0.383354
v 0.162197 0.010000 -0.391359
v 0.180566 0.010000 -0.383450
v 0.162529 0.010000 -0.392092
v 0.180567 0.010000 -0.383453
v 0.162914 0.010000 -0.392850
v 0.180516 0.010000 -0.383354
v 0.163374 0.010000 -0.393648
v 0.180389 0.010000 -0.383137
v 0.163943 0.010000 -0.394500
v 0.180154 0.010000 -0.382787
v 0.164671 0.010000 -0.395421
v 0.179758 0.010000 -0.382291
v 0.165634 0.010000 -0.396409
v 0.179129 0.010000 -0.381648
v 0.166926 0.010000 -0.397433
v 0.178170 0.010000 -0.380893
v 0.168641 0.010000 -0.398390
v 0.176788 0.010000 -0.380125
v 0.170795 0.010000 -0.399093
v 0.174967 0.010000 -0.379533
v 0.173237 0.010000 -0.399328
v 0.172859 0.010000 -0.379331
v 0.175652 0.010000 -0.399005
v 0.170778 0.010000 -0.379608
v 0.177743 0.010000 -0.398244
v 0.169020 0.010000 -0.380246
v 0.179386 0.010000 -0.397262
v 0.167710 0.010000 -0.381025
v 0.180619 0.010000 -0.396236
v 0.166810 0.010000 -0.381769
v 0.181538 0.010000 -0.395255
v 0.166224 0.010000 -0.382391
v 0.182237 0.010000 -0.394343
v 0.165859 0.010000 -0.382864
v 0.182785 0.010000 -0.393498
v 0.165644 0.010000 -0.383193
v 0.183230 0.010000 -0.392705
v 0.165532 0.010000 -0.383390
v 0.183605 0.010000 -0.391949
v 0.165491 0.010000 -0.383471
v 0.183930 0.010000 -0.391216
v 0.165499 0.010000 -0.383451
v 0.184220 0.010000 -0.390494
v 0.165543 0.010000 -0.383340
v 0.184483 0.010000 -0.389775
v 0.165613 0.010000 -0.383148
v 0.184727 0.010000 -0.389050
v 0.165702 0.010000 -0.382883
v 0.184957 0.010000 -0.388314
v 0.165806 0.010000 -0.382550
v 0.185175 0.010000 -0.387563
v 0.165921 0.010000 -0.382153
v 0.185384 0.010000 -0.386794
v 0.166045 0.010000 -0.381695
v 0.185586 0.010000 -0.386003
v 0.166177 0.010000 -0.381180
v 0.185784 0.010000 -0.385186
v 0.166313 0.010000 -0.380615
v 0.185976 0.010000 -0.384341
v 0.166453 0.010000 -0.380000
v 0.186165 0.010000 -0.383468
v 0.166597 0.010000 -0.379334
v 0.186351 0.010000 -0.382565
v 0.166745 0.010000 -0.378619
v 0.186535 0.010000 -0.381632
v 0.166894 0.010000 -0.377857
v 0.186716 0.010000 -0.380666
v 0.167046 0.010000 -0.377048
v 0.186896 0.010000 -0.379668
v 0.167200 0.010000 -0.376194
v 0.187074 0.010000 -0.378636
v 0.167355 0.010000 -0.375296
v 0.187251 0.010000 -0.377571
v 0.167512 0.010000 -0.374354
v 0.187427 0.010000 -0.376471
v 0.167669 0.010000 -0.373369
v 0.187602 0.010000 -0.375337
v 0.167828 0.010000 -0.372341
v 0.187776 0.010000 -0.374168
v 0.167987 0.010000 -0.371271
v 0.187949 0.010000 -0.372964
v 0.168147 0.010000 -0.370159
v 0.188122 0.010000 -0.371724
v 0.168307 0.010000 -0.369007
v 0.188294 0.010000 -0.370450
v 0.168469 0.010000 -0.367813
v 0.188466 0.010000 -0.369139
v 0.168630 0.010000 -0.366579
v 0.188637 0.010000 -0.367793
v 0.168792 0.010000 -0.365304
v 0.188808 0.010000 -0.366410
v 0.168955 0.010000 -0.363990
v 0.188978 0.010000 -0.364992
v 0.169118 0.010000 -0.362636
v 0.189148 0.010000 -0.363538
v 0.169281 0.010000 -0.361242
v 0.189318 0.010000 -0.362048
v 0.169444 0.010000 -0.359810
v 0.189488 0.010000 -0.360522
v 0.169608 0.010000 -0.358338
v 0.189658 0.010000 -0.358959
v 0.169771 0.010000 -0.356828
v 0.189827 0.010000 -0.357361
v 0.169936 0.010000 -0.355279
v 0.189996 0.010000 -0.355727
v 0.170100 0.010000 -0.353692
v 0.190165 0.010000 -0.354057
v 0.170264 0.010000 -0.352066
v 0.190334 0.010000 -0.352350
v 0.170429 0.010000 -0.350403
v 0.190502 0.010000 -0.350608
v 0.170593 0.010000 -0.348701
v 0.190671 0.010000 -0.348831
v 0.170758 0.010000 -0.346961
v 0.190839 0.010000 -0.347017
v 0.170924 0.010000 -0.345184
v 0.191008 0.010000 -0.345169
v 0.171089 0.010000 -0.343373
v 0.191176 0.010000 -0.343285
v 0.171254 0.010000 -0.341523
v 0.191344 0.010000 -0.341366
v 0.171419 0.010000 -0.339637
v 0.191512 0.010000 -0.339412
v 0.171584 0.010000 -0.337714
v 0.191680 0.010000 -0.337423
v 0.171750 0.010000 -0.335755
v 0.191848 0.010000 -0.335399
v 0.171915 0.010000 -0.333760
v 0.192016 0.010000 -0.333340
v 0.172081 0.010000 -0.331729
v 0.192183 0.010000 -0.331246
v 0.172246 0.010000 -0.329662
v 0.192351 0.010000 -0.329119
v 0.172412 0.010000 -0.327560
v 0.192519 0.010000 -0.326957
v 0.172578 0.010000 -0.325423
v 0.192686 0.010000 -0.324761
v 0.172743 0.010000 -0.323251
v 0.192854 0.010000 -0.322531
v 0.172909 0.010000 -0.321044
v 0.193021 0.010000 -0.320267
v 0.173075 0.010000 -0.318802
v 0.193189 0.010000 -0.317970
v 0.173241 0.010000 -0.316527
v 0.193356 0.010000 -0.315640
v 0.173407 0.010000 -0.314217
v 0.193523 0.010000 -0.313277
v 0.173573 0.010000 -0.311874
v 0.193691 0.010000 -0.310881
v 0.173739 0.010000 -0.309497
v 0.193858 0.010000 -0.308452
v 0.173905 0.010000 -0.307087
v 0.194025 0.010000 -0.305991
v 0.174071 0.010000 -0.304644
v 0.194192 0.010000 -0.303498
v 0.174237 0.010000 -0.302168
v 0.194360 0.010000 -0.300973
v 0.174403 0.010000 -0.299660
v 0.194527 0.010000 -0.298415
v 0.174569 0.010000 -0.297119
v 0.194694 0.010000 -0.295826
v 0.174735 0.010000 -0.294546
v 0.194861 0.010000 -0.293206
v 0.174901 0.010000 -0.291940
v 0.195028 0.010000 -0.290554
v 0.175067 0.010000 -0.289304
v 0.195195 0.010000 -0.287872
v 0.175234 0.010000 -0.286635
v 0.195363 0.010000 -0.285158
v 0.175400 0.010000 -0.283936
v 0.195530 0.010000 -0.282414
v 0.175566 0.010000 -0.281205
v 0.195697 0.010000 -0.279640
v 0.175732 0.010000 -0.278443
v 0.195864 0.010000 -0.276835
v 0.175899 0.010000 -0.275651
v 0.196031 0.010000 -0.274002
v 0.176065 0.010000 -0.272831
v 0.196198 0.010000 -0.271139
v 0.176232 0.010000 -0.269980
v 0.196365 0.010000 -0.268247
v 0.176398 0.010000 -0.267099
v 0.196532 0.010000 -0.265325
v 0.176564 0.010000 -0.264189
v 0.196699 0.010000 -0.262375
v 0.176731 0.010000 -0.261250
v 0.196866 0.010000 -0.259397
v 0.176897 0.010000 -0.258283
v 0.197033 0.010000 -0.256390
v 0.177063 0.010000 -0.255286
v 0.197200 0.010000 -0.253355
v 0.177230 0.010000 -0.252262
v 0.197367 0.010000 -0.250293
v 0.177396 0.010000 -0.249210
v 0.197534 0.010000 -0.247204
v 0.177562 0.010000 -0.246130
v 0.197701 0.010000 -0.244088
v 0.177729 0.010000 -0.243023
v 0.197867 0.010000 -0.240945
v 0.177895 0.010000 -0.239889
v 0.198034 0.010000 -0.237776
v 0.178062 0.010000 -0.236728
v 0.198201 0.010000 -0.234580
v 0.178228 0.010000 -0.233542
v 0.198368 0.010000 -0.231359
v 0.178395 0.010000 -0.230329
v 0.198535 0.010000 -0.228113
v 0.178561 0.010000 -0.227090
v 0.198702 0.010000 -0.224842
v 0.178728 0.010000 -0.223827
v 0.198869 0.010000 -0.221545
v 0.178894 0.010000 -0.220538
v 0.199035 0.010000 -0.218224
v 0.179060 0.010000 -0.217225
v 0.199202 0.010000 -0.214879
v 0.179227 0.010000 -0.213887
v 0.199369 0.010000 -0.211510
v 0.179393 0.010000 -0.210525
v 0.199536 0.010000 -0.208118
v 0.179560 0.010000 -0.207139
v 0.199703 0.010000 -0.204702
v 0.179726 0.010000 -0.203730
v 0.199870 0.010000 -0.201263
v 0.179893 0.010000 -0.200298
v 0.200036 0.010000 -0.197802
v 0.180059 0.010000 -0.196842
v 0.200203 0.010000 -0.194318
v 0.180226 0.010000 -0.193365
v 0.200370 0.010000 -0.190812
v 0.180392 0.010000 -0.189865
v 0.200537 0.010000 -0.187285
v 0.180559 0.010000 -0.186343
v 0.200704 0.010000 -0.183736
v 0.180725 0.010000 -0.182799
v 0.200871 0.010000 -0.180166
v 0.180892 0.010000 -0.179234
v 0.201037 0.010000 -0.176576
v 0.181059 0.010000 -0.175650
v 0.201204 0.010000 -0.172966
v 0.181225 0.010000 -0.172045
v 0.201371 0.010000 -0.169335
v 0.181392 0.010000 -0.168420
v 0.201538 0.010000 -0.165686
v 0.181558 0.010000 -0.164775
v 0.201705 0.010000 -0.162017
v 0.181725 0.010000 -0.161111
v 0.201871 0.010000 -0.158329
v 0.181892 0.010000 -0.157427
v 0.202038 0.010000 -0.154622
v 0.182058 0.010000 -0.153725
v 0.202205 0.010000 -0.150898
v 0.182225 0.010000 -0.150005
v 0.202372 0.010000 -0.147155
v 0.182391 0.010000 -0.146267
v 0.202538 0.010000 -0.143396
v 0.182558 0.010000 -0.142511
v 0.202705 0.010000 -0.139619
v 0.182724 0.010000 -0.138739
v 0.202872 0.010000 -0.135826
v 0.182891 0.010000 -0.134949
v 0.203038 0.010000 -0.132016
v 0.183058 0.010000 -0.131143
v 0.203205 0.010000 -0.128191
v 0.183224 0.010000 -0.127321
v 0.203372 0.010000 -0.124350
v 0.183391 0.010000 -0.123484
v 0.203539 0.010000 -0.120494
v 0.183557 0.010000 -0.119631
v 0.203705 0.010000 -0.116623
v 0.183724 0.010000 -0.115764
v 0.203872 0.010000 -0.112738
v 0.183890 0.010000 -0.111882
v 0.204039 0.010000 -0.108839
v 0.184057 0.010000 -0.107986
v 0.204206 0.010000 -0.104926
v 0.184224 0.010000 -0.104076
v 0.204372 0.010000 -0.101000
v 0.184390 0.010000 -0.100153
v 0.204539 0.010000 -0.097061
v 0.184557 0.010000 -0.096217
v 0.204706 0.010000 -0.093110
v 0.184723 0.010000 -0.092268
v 0.204872 0.010000 -0.089147
v 0.184890 0.010000 -0.088308
v 0.205039 0.010000 -0.085172
v 0.185057 0.010000 -0.084335
v 0.205206 0.010000 -0.081186
v 0.185223 0.010000 -0.080351
v 0.205373 0.010000 -0.077188
v 0.185390 0.010000 -0.076356
v 0.205539 0.010000 -0.073180
v 0.185556 0.010000 -0.072350
v 0.205706 0.010000 -0.069163
v 0.185723 0.010000 -0.068334
v 0.205873 0.010000 -0.065135
v 0.185890 0.010000 -0.064308
v 0.206040 0.010000 -0.061098
v 0.186057 0.010000 -0.060273
v 0.206206 0.010000 -0.057052
v 0.186223 0.010000 -0.056230
v 0.206373 0.010000 -0.052998
v 0.186390 0.010000 -0.052177
v 0.206540 0.010000 -0.048935
v 0.186557 0.010000 -0.048116
v 0.206706 0.010000 -0.044865
v 0.186723 0.010000 -0.044048
v 0.206873 0.010000 -0.040788
v 0.186890 0.010000 -0.039972
v 0.207040 0.010000 -0.036704
v 0.187056 0.010000 -0.035889
v 0.207206 0.010000 -0.032613
v 0.187223 0.010000 -0.031799
v 0.207373 0.010000 -0.028516
v 0.187390 0.010000 -0.027704
v 0.207540 0.010000 -0.024414
v 0.187556 0.010000 -0.023603
v 0.207706 0.010000 -0.020306
v 0.187723 0.010000 -0.019496
v 0.207873 0.010000 -0.016194
v 0.187890 0.010000 -0.015384
v 0.208040 0.010000 -0.012077
v 0.188056 0.010000 -0.011268
v 0.208206 0.010000 -0.007956
v 0.188223 0.010000 -0.007148
v 0.208373 0.010000 -0.003832
v 0.188389 0.010000 -0.003025
v 0.208540 0.010000 0.000296
v 0.188556 0.010000 0.001102
v 0.208706 0.010000 0.004426
v 0.188723 0.010000 0.005232
v 0.208873 0.010000 0.008559
v 0.188889 0.010000 0.009364
v 0.209040 0.010000 0.012693
v 0.189056 0.010000 0.013499
v 0.209206 0.010000 0.016829
v 0.189223 0.010000 0.017635
v 0.209373 0.010000 0.020967
v 0.189389 0.010000 0.021772
v 0.209540 0.010000 0.025104
v 0.189556 0.010000 0.025909
v 0.209706 0.010000 0.029242
v 0.189723 0.010000 0.030047
v 0.209873 0.010000 0.033380
v 0.189889 0.010000 0.034185
v 0.210040 0.010000 0.037518
v 0.190056 0.010000 0.038323
v 0.210206 0.010000 0.041654
v 0.190223 0.010000 0.042459
v 0.210373 0.010000 0.045789
v 0.190389 0.010000 0.046595
v 0.210540 0.010000 0.049922
v 0.190556 0.010000 0.050728
v 0.210706 0.010000 0.054053
v 0.190723 0.010000 0.054860
v 0.210873 0.010000 0.058181
v 0.190890 0.010000 0.058989
v 0.211040 0.010000 0.062307
v 0.191056 0.010000 0.063115
v 0.211207 0.010000 0.066429
v 0.191223 0.010000 0.067237
v 0.211373 0.010000 0.070546
v 0.191390 0.010000 0.071355
v 0.211540 0.010000 0.074660
v 0.191556 0.010000 0.075470
v 0.211707 0.010000 0.078768
v 0.191723 0.010000 0.079579
v 0.211873 0.010000 0.082872
v 0.191890 0.010000 0.083684
v 0.212040 0.010000 0.086969
v 0.192056 0.010000 0.087783
v 0.212206 0.010000 0.091061
v 0.192223 0.010000 0.091875
v 0.212373 0.010000 0.095146
v 0.192390 0.010000 0.095962
v 0.212540 0.010000 0.099225
v 0.192556 0.010000 0.100042
v 0.212706 0.010000 0.103296
v 0.192723 0.010000 0.104115
v 0.212873 0.010000 0.107359
v 0.192890 0.010000 0.108180
v 0.213040 0.010000 0.111415
v 0.193057 0.010000 0.112237
v 0.213206 0.010000 0.115462
v 0.193223 0.010000 0.116285
v 0.213373 0.010000 0.119499
v 0.193390 0.010000 0.120325
v 0.213539 0.010000 0.123528
v 0.193557 0.010000 0.124356
v 0.213706 0.010000 0.127547
v 0.193723 0.010000 0.128376
v 0.213873 0.010000 0.131556
v 0.193890 0.010000 0.132387
v 0.214039 0.010000 0.135554
v 0.194057 0.010000 0.136388
v 0.214206 0.010000 0.139541
v 0.194223 0.010000 0.140377
v 0.214373 0.010000 0.143517
v 0.194390 0.010000 0.144355
v 0.214539 0.010000 0.147481
v 0.194557 0.010000 0.148322
v 0.214706 0.010000 0.151432
v 0.194723 0.010000 0.152276
v 0.214872 0.010000 0.155371
v 0.194890 0.010000 0.156218
v 0.215039 0.010000 0.159297
v 0.195057 0.010000 0.160147
v 0.215205 0.010000 0.163210
v 0.195224 0.010000 0.164062
v 0.215372 0.010000 0.167108
v 0.195390 0.010000 0.167964
v 0.215539 0.010000 0.170993
v 0.195557 0.010000 0.171851
v 0.215705 0.010000 0.174862
v 0.195724 0.010000 0.175725
v 0.215872 0.010000 0.178716
v 0.195891 0.010000 0.179582
v 0.216039 0.010000 0.182556
v 0.196058 0.010000 0.183425
v 0.216205 0.010000 0.186380
v 0.196224 0.010000 0.187252
v 0.216372 0.010000 0.190187
v 0.196391 0.010000 0.191063
v 0.216538 0.010000 0.193978
v 0.196558 0.010000 0.194858
v 0.216705 0.010000 0.197751
v 0.196725 0.010000 0.198635
v 0.216872 0.010000 0.201507
v 0.196891 0.010000 0.202395
v 0.217038 0.010000 0.205245
v 0.197058 0.010000 0.206137
v 0.217205 0.010000 0.208965
v 0.197225 0.010000 0.209861
v 0.217371 0.010000 0.212666
v 0.197392 0.010000 0.213567
v 0.217538 0.010000 0.216348
v 0.197558 0.010000 0.217254
v 0.217704 0.010000 0.220011
v 0.197725 0.010000 0.220922
v 0.217871 0.010000 0.223654
v 0.197892 0.010000 0.224570
v 0.218037 0.010000 0.227277
v 0.198059 0.010000 0.228198
v 0.218204 0.010000 0.230879
v 0.198225 0.010000 0.231805
v 0.218370 0.010000 0.234461
v 0.198392 0.010000 0.235392
v 0.218537 0.010000 0.238021
v 0.198559 0.010000 0.238958
v 0.218704 0.010000 0.241560
v 0.198726 0.010000 0.242503
v 0.218870 0.010000 0.245076
v 0.198893 0.010000 0.246025
v 0.219037 0.010000 0.248571
v 0.199059 0.010000 0.249526
v 0.219203 0.010000 0.252042
v 0.199226 0.010000 0.253004
v 0.219370 0.010000 0.255491
v 0.199393 0.010000 0.256459
v 0.219536 0.010000 0.258916
v 0.199560 0.010000 0.259890
v 0.219703 0.010000 0.262317
v 0.199727 0.010000 0.263298
v 0.219869 0.010000 0.265694
v 0.199893 0.010000 0.266682
v 0.220035 0.010000 0.269046
v 0.200060 0.010000 0.270042
v 0.220202 0.010000 0.272373
v 0.200227 0.010000 0.273376
v 0.220368 0.010000 0.275675
v 0.200394 0.010000 0.276686
v 0.220535 0.010000 0.278951
v 0.200561 0.010000 0.279970
v 0.220701 0.010000 0.282201
v 0.200728 0.010000 0.283229
v 0.220868 0.010000 0.285424
v 0.200895 0.010000 0.286461
v 0.221035 0.010000 0.288623
v 0.201062 0.010000 0.289666
v 0.221201 0.010000 0.291793
v 0.201229 0.010000 0.292846
v 0.221367 0.010000 0.294936
v 0.201396 0.010000 0.295998
v 0.221534 0.010000 0.298051
v 0.201563 0.010000 0.299123
v 0.221700 0.010000 0.301138
v 0.201729 0.010000 0.302219
v 0.221867 0.010000 0.304197
v 0.201896 0.010000 0.305288
v 0.222033 0.010000 0.307226
v 0.202063 0.010000 0.308328
v 0.222199 0.010000 0.310227
v 0.202230 0.010000 0.311339
v 0.222366 0.010000 0.313198
v 0.202397 0.010000 0.314322
v 0.222532 0.010000 0.316140
v 0.202564 0.010000 0.317275
v 0.222698 0.010000 0.319051
v 0.202731 0.010000 0.320198
v 0.222865 0.010000 0.321932
v 0.202898 0.010000 0.323091
v 0.223031 0.010000 0.324783
v 0.203065 0.010000 0.325954
v 0.223197 0.010000 0.327603
v 0.203232 0.010000 0.328787
v 0.223363 0.010000 0.330391
v 0.203399 0.010000 0.331588
v 0.223530 0.010000 0.333148
v 0.203566 0.010000 0.334359
v 0.223696 0.010000 0.335874
v 0.203733 0.010000 0.337098
v 0.223862 0.010000 0.338567
v 0.203901 0.010000 0.339806
v 0.224028 0.010000 0.341227
v 0.204068 0.010000 0.342482
v 0.224194 0.010000 0.343855
v 0.204235 0.010000 0.345125
v 0.224361 0.010000 0.346450
v 0.204402 0.010000 0.347736
v 0.224527 0.010000 0.349011
v 0.204569 0.010000 0.350314
v 0.224693 0.010000 0.351539
v 0.204736 0.010000 0.352859
v 0.224859 0.010000 0.354032
v 0.204904 0.010000 0.355370
v 0.225025 0.010000 0.356492
v 0.205071 0.010000 0.357848
v 0.225191 0.010000 0.358916
v 0.205238 0.010000 0.360292
v 0.225357 0.010000 0.361306
v 0.205406 0.010000 0.362702
v 0.225523 0.010000 0.363661
v 0.205573 0.010000 0.365077
v 0.225689 0.010000 0.365979
v 0.205740 0.010000 0.367418
v 0.225855 0.010000 0.368262
v 0.205908 0.010000 0.369723
v 0.226021 0.010000 0.370511
v 0.206076 0.010000 0.371994
v 0.226186 0.010000 0.372723
v 0.206243 0.010000 0.374230
v 0.226352 0.010000 0.374898
v 0.206411 0.010000 0.376430
v 0.226518 0.010000 0.377037
v 0.206579 0.010000 0.378595
v 0.226683 0.010000 0.379138
v 0.206746 0.010000 0.380723
v 0.226849 0.010000 0.381202
v 0.206914 0.010000 0.382815
v 0.227014 0.010000 0.383228
v 0.207082 0.010000 0.384871
v 0.227180 0.010000 0.385216
v 0.207250 0.010000 0.386890
v 0.227345 0.010000 0.387167
v 0.207418 0.010000 0.388872
v 0.227510 0.010000 0.389078
v 0.207586 0.010000 0.390817
v 0.227675 0.010000 0.390952
v 0.207754 0.010000 0.392726
v 0.227840 0.010000 0.392786
v 0.207922 0.010000 0.394597
v 0.228005 0.010000 0.394582
v 0.208091 0.010000 0.396431
v 0.228170 0.010000 0.396338
v 0.208259 0.010000 0.398227
v 0.228335 0.010000 0.398055
v 0.208428 0.010000 0.399986
v 0.228499 0.010000 0.399732
v 0.208597 0.010000 0.401707
v 0.228663 0.010000 0.401368
v 0.208766 0.010000 0.403390
v 0.228828 0.010000 0.402965
v 0.208935 0.010000 0.405035
v 0.228992 0.010000 0.404520
v 0.209104 0.010000 0.406643
v 0.229155 0.010000 0.406035
v 0.209274 0.010000 0.408212
v 0.229319 0.010000 0.407508
v 0.209444 0.010000 0.409743
v 0.229482 0.010000 0.408939
v 0.209614 0.010000 0.411236
v 0.229645 0.010000 0.410329
v 0.209785 0.010000 0.412690
v 0.229807 0.010000 0.411676
v 0.209955 0.010000 0.414107
v 0.229969 0.010000 0.412981
v 0.210127 0.010000 0.415485
v 0.230131 0.010000 0.414242
v 0.210298 0.010000 0.416825
v 0.230292 0.010000 0.415459
v 0.210470 0.010000 0.418126
v 0.230452 0.010000 0.416633
v 0.210643 0.010000 0.419390
v 0.230612 0.010000 0.417760
v 0.210817 0.010000 0.420617
v 0.230772 0.010000 0.418845
v 0.210992 0.010000 0.421803
v 0.230930 0.010000 0.419887
v 0.211166 0.010000 0.422952
v 0.231087 0.010000 0.420881
v 0.211343 0.010000 0.424067
v 0.231243 0.010000 0.421827
v 0.211520 0.010000 0.425145
v 0.231397 0.010000 0.422726
v 0.211699 0.010000 0.426186
v 0.231550 0.010000 0.423577
v 0.211880 0.010000 0.427192
v 0.231701 0.010000 0.424378
v 0.212062 0.010000 0.428164
v 0.231849 0.010000 0.425129
v 0.212247 0.010000 0.429101
v 0.231994 0.010000 0.425827
v 0.212435 0.010000 0.430006
v 0.232136 0.010000 0.426472
v 0.212627 0.010000 0.430880
v 0.232273 0.010000 0.427062
v 0.212824 0.010000 0.431724
v 0.232404 0.010000 0.427594
v 0.213026 0.010000 0.432542
v 0.232528 0.010000 0.428065
v 0.213235 0.010000 0.433335
v 0.232643 0.010000 0.428471
v 0.213453 0.010000 0.434107
v 0.232745 0.010000 0.428809
v 0.213684 0.010000 0.434864
v 0.232832 0.010000 0.429071
v 0.213931 0.010000 0.435609
v 0.232897 0.010000 0.429252
v 0.214199 0.010000 0.436351
v 0.232931 0.010000 0.429340
v 0.214498 0.010000 0.437100
v 0.232923 0.010000 0.429324
v 0.214839 0.010000 0.437866
v 0.232854 0.010000 0.429188
v 0.215242 0.010000 0.438667
v 0.232692 0.010000 0.428913
v 0.215737 0.010000 0.439520
v 0.232393 0.010000 0.428478
v 0.216370 0.010000 0.440447
v 0.231881 0.010000 0.427867
v 0.217215 0.010000 0.441465
v 0.231048 0.010000 0.427087
v 0.218381 0.010000 0.442564
v 0.229760 0.010000 0.426212
v 0.220002 0.010000 0.443670
v 0.227925 0.010000 0.425437
v 0.222170 0.010000 0.444591
v 0.225643 0.010000 0.425052
v 0.224786 0.010000 0.445034
v 0.223281 0.010000 0.425251
v 0.227481 0.010000 0.444805
v 0.221264 0.010000 0.425934
v 0.229831 0.010000 0.444006
v 0.219796 0.010000 0.426808
v 0.231633 0.010000 0.442929
v 0.218842 0.010000 0.427620
v 0.232921 0.010000 0.441825
v 0.218244 0.010000 0.428283
v 0.233853 0.010000 0.440787
v 0.217875 0.010000 0.428786
v 0.234555 0.010000 0.439821
v 0.217669 0.010000 0.429120
v 0.235094 0.010000 0.438937
v 0.217571 0.010000 0.429304
v 0.235525 0.010000 0.438115
v 0.217544 0.010000 0.429360
v 0.235886 0.010000 0.437334
v 0.217566 0.010000 0.429305
v 0.236197 0.010000 0.436577
v 0.217622 0.010000 0.429153
v 0.236474 0.010000 0.435829
v 0.217702 0.010000 0.428914
v 0.236727 0.010000 0.435082
v 0.217800 0.010000 0.428597
v 0.236963 0.010000 0.434325
v 0.217912 0.010000 0.428209
v 0.237184 0.010000 0.433554
v 0.218033 0.010000 0.427754
v 0.237396 0.010000 0.432762
v 0.218163 0.010000 0.427236
v 0.237600 0.010000 0.431947
v 0.218298 0.010000 0.426658
v 0.237798 0.010000 0.431105
v 0.218439 0.010000 0.426023
v 0.237991 0.010000 0.430234
v 0.218583 0.010000 0.425334
v 0.238180 0.010000 0.429331
v 0.218731 0.010000 0.424591
v 0.238365 0.010000 0.428396
v 0.218881 0.010000 0.423797
v 0.238549 0.010000 0.427427
v 0.219033 0.010000 0.422952
v 0.238730 0.010000 0.426422
v 0.219187 0.010000 0.422057
v 0.238909 0.010000 0.425381
v 0.219343 0.010000 0.421114
v 0.239087 0.010000 0.424304
v 0.219499 0.010000 0.420122
v 0.239263 0.010000 0.423189
v 0.219657 0.010000 0.419084
v 0.239438 0.010000 0.422036
v 0.219816 0.010000 0.417998
v 0.239613 0.010000 0.420844
v 0.219976 0.010000 0.416867
v 0.239786 0.010000 0.419614
v 0.220136 0.010000 0.415689
v 0.239959 0.010000 0.418344
v 0.220297 0.010000 0.414466
v 0.240132 0.010000 0.417035
v 0.220459 0.010000 0.413198
v 0.240304 0.010000 0.415687
v 0.220621 0.010000 0.411886
v 0.240475 0.010000 0.414298
v 0.220783 0.010000 0.410527
v 0.240646 0.010000 0.412871
v 0.220947 0.010000 0.409125
v 0.240816 0.010000 0.411403
v 0.221110 0.010000 0.407682
v 0.240987 0.010000 0.409897
v 0.221273 0.010000 0.406195
v 0.241157 0.010000 0.408350
v 0.221437 0.010000 0.404664
v 0.241326 0.010000 0.406763
v 0.221601 0.010000 0.403091
v 0.241496 0.010000 0.405136
v 0.221765 0.010000 0.401474
v 0.241665 0.010000 0.403470
v 0.221929 0.010000 0.399815
v 0.241834 0.010000 0.401763
v 0.222093 0.010000 0.398114
v 0.242003 0.010000 0.400017
v 0.222258 0.010000 0.396371
v 0.242171 0.010000 0.398231
v 0.222423 0.010000 0.394587
v 0.242340 0.010000 0.396406
v 0.222588 0.010000 0.392761
v 0.242508 0.010000 0.394541
v 0.222753 0.010000 0.390894
v 0.242677 0.010000 0.392636
v 0.222918 0.010000 0.388986
v 0.242845 0.010000 0.390693
v 0.223083 0.010000 0.387037
v 0.243013 0.010000 0.388710
v 0.223248 0.010000 0.385048
v 0.243181 0.010000 0.386689
v 0.223414 0.010000 0.383019
v 0.243349 0.010000 0.384628
v 0.223579 0.010000 0.380950
v 0.243517 0.010000 0.382530
v 0.223745 0.010000 0.378841
v 0.243685 0.010000 0.380392
v 0.223910 0.010000 0.376693
v 0.243852 0.010000 0.378216
v 0.224076 0.010000 0.374505
v 0.244020 0.010000 0.376002
v 0.224242 0.010000 0.372279
v 0.244187 0.010000 0.373750
v 0.224407 0.010000 0.370013
v 0.244355 0.010000 0.371461
v 0.224573 0.010000 0.367709
v 0.244523 0.010000 0.369133
v 0.224739 0.010000 0.365367
v 0.244690 0.010000 0.366768
v 0.224905 0.010000 0.362986
v 0.244857 0.010000 0.364365
v 0.225071 0.010000 0.360567
v 0.245025 0.010000 0.361926
v 0.225237 0.010000 0.358111
v 0.245192 0.010000 0.359449
v 0.225403 0.010000 0.355617
v 0.245359 0.010000 0.356935
v 0.225569 0.010000 0.353085
v 0.245527 0.010000 0.354385
v 0.225735 0.010000 0.350516
v 0.245694 0.010000 0.351799
v 0.225902 0.010000 0.347910
v 0.245861 0.010000 0.349176
v 0.226068 0.010000 0.345271
v 0.246029 0.010000 0.346518
v 0.226234 0.010000 0.342594
v 0.246196 0.010000 0.343825
v 0.226400 0.010000 0.339881
v 0.246363 0.010000 0.341096
v 0.226566 0.010000 0.337132
v 0.246530 0.010000 0.338332
v 0.226732 0.010000 0.334348
v 0.246697 0.010000 0.335533
v 0.226899 0.010000 0.331529
v 0.246864 0.010000 0.332699
v 0.227065 0.010000 0.328675
v 0.247031 0.010000 0.329831
v 0.227231 0.010000 0.325786
v 0.247198 0.010000 0.326928
v 0.227397 0.010000 0.322863
v 0.247365 0.010000 0.323992
v 0.227564 0.010000 0.319906
v 0.247532 0.010000 0.321023
v 0.227730 0.010000 0.316916
v 0.247699 0.010000 0.318020
v 0.227896 0.010000 0.313892
v 0.247866 0.010000 0.314984
v 0.228063 0.010000 0.310835
v 0.248033 0.010000 0.311916
v 0.228229 0.010000 0.307745
v 0.248200 0.010000 0.308815
v 0.228395 0.010000 0.304624
v 0.248367 0.010000 0.305683
v 0.228562 0.010000 0.301470
v 0.248534 0.010000 0.302518
v 0.228728 0.010000 0.298284
v 0.248701 0.010000 0.299322
v 0.228895 0.010000 0.295067
v 0.248868 0.010000 0.296095
v 0.229061 0.010000 0.291818
v 0.249035 0.010000 0.292837
v 0.229227 0.010000 0.288539
v 0.249202 0.010000 0.289548
v 0.229394 0.010000 0.285229
v 0.249369 0.010000 0.286229
v 0.229560 0.010000 0.281889
v 0.249536 0.010000 0.282880
v 0.229727 0.010000 0.278520
v 0.249703 0.010000 0.279502
v 0.229893 0.010000 0.275120
v 0.249869 0.010000 0.276094
v 0.230060 0.010000 0.271691
v 0.250036 0.010000 0.272657
v 0.230226 0.010000 0.268233
v 0.250203 0.010000 0.269191
v 0.230392 0.010000 0.264747
v 0.250370 0.010000 0.265697
v 0.230559 0.010000 0.261232
v 0.250537 0.010000 0.262174
v 0.230725 0.010000 0.257688
v 0.250704 0.010000 0.258624
v 0.230892 0.010000 0.254117
v 0.250871 0.010000 0.255046
v 0.231059 0.010000 0.250521
v 0.251038 0.010000 0.251442
v 0.231225 0.010000 0.246897
v 0.251204 0.010000 0.247811
v 0.231392 0.010000 0.243246
v 0.251371 0.010000 0.244154
v 0.231558 0.010000 0.239569
v 0.251538 0.010000 0.240471
v 0.231725 0.010000 0.235866
v 0.251705 0.010000 0.236762
v 0.231891 0.010000 0.232138
v 0.251872 0.010000 0.233027
v 0.232058 0.010000 0.228385
v 0.252038 0.010000 0.229268
v 0.232224 0.010000 0.224607
v 0.252205 0.010000 0.225484
v 0.232391 0.010000 0.220804
v 0.252372 0.010000 0.221677
v 0.232557 0.010000 0.216978
v 0.252539 0.010000 0.217845
v 0.232724 0.010000 0.213128
v 0.252705 0.010000 0.213990
v 0.232891 0.010000 0.209255
v 0.252872 0.010000 0.210112
v 0.233057 0.010000 0.205359
v 0.253039 0.010000 0.206211
v 0.233224 0.010000 0.201441
v 0.253206 0.010000 0.202288
v 0.233390 0.010000 0.197501
v 0.253372 0.010000 0.198343
v 0.233557 0.010000 0.193539
v 0.253539 0.010000 0.194377
v 0.233723 0.010000 0.189556
v 0.253706 0.010000 0.190390
v 0.233890 0.010000 0.185553
v 0.253873 0.010000 0.186382
v 0.234056 0.010000 0.181529
v 0.254039 0.010000 0.182354
v 0.234223 0.010000 0.177484
v 0.254206 0.010000 0.178306
v 0.234390 0.010000 0.173421
v 0.254373 0.010000 0.174238
v 0.234556 0.010000 0.169338
v 0.254540 0.010000 0.170151
v 0.234723 0.010000 0.165236
v 0.254706 0.010000 0.166045
v 0.234889 0.010000 0.161115
v 0.254873 0.010000 0.161921
v 0.235056 0.010000 0.156977
v 0.255040 0.010000 0.157780
v 0.235223 0.010000 0.152821
v 0.255207 0.010000 0.153620
v 0.235389 0.010000 0.148647
v 0.255373 0.010000 0.149443
v 0.235556 0.010000 0.144457
v 0.255540 0.010000 0.145250
v 0.235722 0.010000 0.140249
v 0.255707 0.010000 0.141040
v 0.235889 0.010000 0.136026
v 0.255874 0.010000 0.136814
v 0.236056 0.010000 0.131789
v 0.256040 0.010000 0.132573
v 0.236222 0.010000 0.127536
v 0.256207 0.010000 0.128317
v 0.236389 0.010000 0.123268
v 0.256374 0.010000 0.124047
v 0.236556 0.010000 0.118986
v 0.256541 0.010000 0.119762
v 0.236722 0.010000 0.114689
v 0.256707 0.010000 0.115463
v 0.236889 0.010000 0.110380
v 0.256874 0.010000 0.111151
v 0.237055 0.010000 0.106057
v 0.257041 0.010000 0.106826
v 0.237222 0.010000 0.101722
v 0.257207 0.010000 0.102489
v 0.237389 0.010000 0.097374
v 0.257374 0.010000 0.098139
v 0.237555 0.010000 0.093015
v 0.257541 0.010000 0.093778
v 0.237722 0.010000 0.088645
v 0.257707 0.010000 0.089406
v 0.237889 0.010000 0.084264
v 0.257874 0.010000 0.085023
v 0.238055 0.010000 0.079872
v 0.258041 0.010000 0.080630
v 0.238222 0.010000 0.075471
v 0.258207 0.010000 0.076226
v 0.238388 0.010000 0.071060
v 0.258374 0.010000 0.071814
v 0.238555 0.010000 0.066640
v 0.258541 0.010000 0.067392
v 0.238722 0.010000 0.062211
v 0.258708 0.010000 0.062962
v 0.238888 0.010000 0.057774
v 0.258874 0.010000 0.058524
v 0.239055 0.010000 0.053330
v 0.259041 0.010000 0.054078
v 0.239222 0.010000 0.048878
v 0.259208 0.010000 0.049625
v 0.239388 0.010000 0.044419
v 0.259374 0.010000 0.045165
v 0.239555 0.010000 0.039954
v 0.259541 0.010000 0.040699
v 0.239721 0.010000 0.035483
v 0.259708 0.010000 0.036227
v 0.239888 0.010000 0.031006
v 0.259874 0.010000 0.031750
v 0.240055 0.010000 0.026524
v 0.260041 0.010000 0.027267
v 0.240221 0.010000 0.022038
v 0.260208 0.010000 0.022780
v 0.240388 0.010000 0.017548
v 0.260374 0.010000 0.018289
v 0.240555 0.010000 0.013053
v 0.260541 0.010000 0.013794
v 0.240721 0.010000 0.008555
v 0.260708 0.010000 0.009296
v 0.240888 0.010000 0.004055
v 0.260875 0.010000 0.004795
v 0.241055 0.010000 -0.000448
v 0.261041 0.010000 0.000292
v 0.241222 0.010000 -0.004952
v 0.261208 0.010000 -0.004213
v 0.241388 0.010000 -0.009458
v 0.261375 0.010000 -0.008719
v 0.241555 0.010000 -0.013965
v 0.261541 0.010000 -0.013227
v 0.241722 0.010000 -0.018473
v 0.261708 0.010000 -0.017734
v 0.241888 0.010000 -0.022981
v 0.261875 0.010000 -0.022242
v 0.242055 0.010000 -0.027488
v 0.262041 0.010000 -0.026749
v 0.242222 0.010000 -0.031995
v 0.262208 0.010000 -0.031255
v 0.242388 0.010000 -0.036500
v 0.262375 0.010000 -0.035760
v 0.242555 0.010000 -0.041003
v 0.262541 0.010000 -0.040263
v 0.242722 0.010000 -0.045505
v 0.262708 0.010000 -0.044764
v 0.242888 0.010000 -0.050003
v 0.262874 0.010000 -0.049263
v 0.243055 0.010000 -0.054499
v 0.263041 0.010000 -0.053758
v 0.243222 0.010000 -0.058991
v 0.263208 0.010000 -0.058249
v 0.243388 0.010000 -0.063479
v 0.263374 0.010000 -0.062736
v 0.243555 0.010000 -0.067963
v 0.263541 0.010000 -0.067219
v 0.243722 0.010000 -0.072441
v 0.263708 0.010000 -0.071697
v 0.243888 0.010000 -0.076915
v 0.263874 0.010000 -0.076169
v 0.244055 0.010000 -0.081382
v 0.264041 0.010000 -0.080636
v 0.244222 0.010000 -0.085843
v 0.264208 0.010000 -0.085096
v 0.244388 0.010000 -0.090298
v 0.264374 0.010000 -0.089549
v 0.244555 0.010000 -0.094745
v 0.264541 0.010000 -0.093996
v 0.244722 0.010000 -0.099185
v 0.264708 0.010000 -0.098434
v 0.244888 0.010000 -0.103617
v 0.264874 0.010000 -0.102864
v 0.245055 0.010000 -0.108040
v 0.265041 0.010000 -0.107286
v 0.245222 0.010000 -0.112454
v 0.265207 0.010000 -0.111699
v 0.245388 0.010000 -0.116859
v 0.265374 0.010000 -0.116102
v 0.245555 0.010000 -0.121254
v 0.265541 0.010000 -0.120495
v 0.245722 0.010000 -0.125639
v 0.265707 0.010000 -0.124877
v 0.245889 0.010000 -0.130012
v 0.265874 0.010000 -0.129249
v 0.246055 0.010000 -0.134375
v 0.266041 0.010000 -0.133610
v 0.246222 0.010000 -0.138726
v 0.266207 0.010000 -0.137959
v 0.246389 0.010000 -0.143065
v 0.266374 0.010000 -0.142296
v 0.246556 0.010000 -0.147391
v 0.266541 0.010000 -0.146620
v 0.246722 0.010000 -0.151704
v 0.266707 0.010000 -0.150931
v 0.246889 0.010000 -0.156004
v 0.266874 0.010000 -0.155228
v 0.247056 0.010000 -0.160290
v 0.267040 0.010000 -0.159512
v 0.247222 0.010000 -0.164562
v 0.267207 0.010000 -0.163781
v 0.247389 0.010000 -0.168819
v 0.267374 0.010000 -0.168035
v 0.247556 0.010000 -0.173060
v 0.267540 0.010000 -0.172274
v 0.247723 0.010000 -0.177287
v 0.267707 0.010000 -0.176497
v 0.247889 0.010000 -0.181497
v 0.267873 0.010000 -0.180704
v 0.248056 0.010000 -0.185690
v 0.268040 0.010000 -0.184894
v 0.248223 0.010000 -0.189867
v 0.268207 0.010000 -0.189068
v 0.248389 0.010000 -0.194027
v 0.268373 0.010000 -0.193224
v 0.248556 0.010000 -0.198169
v 0.268540 0.010000 -0.197362
v 0.248723 0.010000 -0.202292
v 0.268706 0.010000 -0.201483
v 0.248890 0.010000 -0.206398
v 0.268873 0.010000 -0.205584
v 0.249056 0.010000 -0.210484
v 0.269040 0.010000 -0.209666
v 0.249223 0.010000 -0.214551
v 0.269206 0.010000 -0.213729
v 0.249390 0.010000 -0.218598
v 0.269373 0.010000 -0.217772
v 0.249556 0.010000 -0.222624
v 0.269539 0.010000 -0.221795
v 0.249723 0.010000 -0.226630
v 0.269706 0.010000 -0.225796
v 0.249890 0.010000 -0.230615
v 0.269872 0.010000 -0.229777
v 0.250057 0.010000 -0.234579
v 0.270039 0.010000 -0.233736
v 0.250224 0.010000 -0.238520
v 0.270205 0.010000 -0.237672
v 0.250390 0.010000 -0.242439
v 0.270372 0.010000 -0.241587
v 0.250557 0.010000 -0.246336
v 0.270539 0.010000 -0.245478
v 0.250724 0.010000 -0.250209
v 0.270705 0.010000 -0.249345
v 0.250891 0.010000 -0.254059
v 0.270872 0.010000 -0.253189
v 0.251058 0.010000 -0.257885
v 0.271039 0.010000 -0.257011
v 0.251224 0.010000 -0.261687
v 0.271205 0.010000 -0.260807
v 0.251391 0.010000 -0.265464
v 0.271372 0.010000 -0.264578
v 0.251558 0.010000 -0.269216
v 0.271538 0.010000 -0.268324
v 0.251725 0.010000 -0.272942
v 0.271705 0.010000 -0.272045
v 0.251892 0.010000 -0.276642
v 0.271871 0.010000 -0.275739
v 0.252058 0.010000 -0.280317
v 0.272038 0.010000 -0.279406
v 0.252225 0.010000 -0.283964
v 0.272204 0.010000 -0.283047
v 0.252392 0.010000 -0.287585
v 0.272371 0.010000 -0.286661
v 0.252559 0.010000 -0.291178
v 0.272537 0.010000 -0.290247
v 0.252726 0.010000 -0.294743
v 0.272704 0.010000 -0.293805
v 0.252893 0.010000 -0.298281
v 0.272870 0.010000 -0.297335
v 0.253059 0.010000 -0.301790
v 0.273037 0.010000 -0.300836
v 0.253226 0.010000 -0.305270
v 0.273203 0.010000 -0.304308
v 0.253393 0.010000 -0.308721
v 0.273370 0.010000 -0.307751
v 0.253560 0.010000 -0.312143
v 0.273536 0.010000 -0.311164
v 0.253727 0.010000 -0.315535
v 0.273702 0.010000 -0.314548
v 0.253894 0.010000 -0.318896
v 0.273869 0.010000 -0.317900
v 0.254061 0.010000 -0.322228
v 0.274035 0.010000 -0.321222
v 0.254227 0.010000 -0.325528
v 0.274202 0.010000 -0.324513
v 0.254394 0.010000 -0.328797
v 0.274368 0.010000 -0.327772
v 0.254561 0.010000 -0.332034
v 0.274534 0.010000 -0.330999
v 0.254728 0.010000 -0.335240
v 0.274701 0.010000 -0.334195
v 0.254895 0.010000 -0.338413
v 0.274867 0.010000 -0.337357
v 0.255062 0.010000 -0.341554
v 0.275034 0.010000 -0.340486
v 0.255229 0.010000 -0.344661
v 0.275200 0.010000 -0.343583
v 0.255396 0.010000 -0.347736
v 0.275366 0.010000 -0.346645
v 0.255563 0.010000 -0.350776
v 0.275533 0.010000 -0.349673
v 0.255730 0.010000 -0.353784
v 0.275699 0.010000 -0.352667
v 0.255898 0.010000 -0.356756
v 0.275866 0.010000 -0.355626
v 0.256064 0.010000 -0.359694
v 0.276032 0.010000 -0.358552
v 0.256232 0.010000 -0.362598
v 0.276198 0.010000 -0.361442
v 0.256399 0.010000 -0.365467
v 0.276364 0.010000 -0.364297
v 0.256566 0.010000 -0.368300
v 0.276531 0.010000 -0.367115
v 0.256733 0.010000 -0.371097
v 0.276697 0.010000 -0.369897
v 0.256900 0.010000 -0.373859
v 0.276863 0.010000 -0.372642
v 0.257067 0.010000 -0.376584
v 0.277029 0.010000 -0.375351
v 0.257234 0.010000 -0.379272
v 0.277195 0.010000 -0.378022
v 0.257402 0.010000 -0.381924
v 0.277361 0.010000 -0.380656
v 0.257569 0.010000 -0.384539
v 0.277527 0.010000 -0.383253
v 0.257736 0.010000 -0.387116
v 0.277693 0.010000 -0.385811
v 0.257903 0.010000 -0.389656
v 0.277859 0.010000 -0.388332
v 0.258071 0.010000 -0.392158
v 0.278025 0.010000 -0.390814
v 0.258238 0.010000 -0.394623
v 0.278191 0.010000 -0.393257
v 0.258405 0.010000 -0.397049
v 0.278357 0.010000 -0.395661
v 0.258573 0.010000 -0.399436
v 0.278523 0.010000 -0.398026
v 0.258740 0.010000 -0.401785
v 0.278689 0.010000 -0.400351
v 0.258908 0.010000 -0.404096
v 0.278855 0.010000 -0.402636
v 0.259076 0.010000 -0.406366
v 0.279020 0.010000 -0.404881
v 0.259243 0.010000 -0.408598
v 0.279186 0.010000 -0.407086
v 0.259411 0.010000 -0.410790
v 0.279352 0.010000 -0.409250
v 0.259579 0.010000 -0.412942
v 0.279517 0.010000 -0.411373
v 0.259747 0.010000 -0.415055
v 0.279683 0.010000 -0.413455
v 0.259915 0.010000 -0.417127
v 0.279848 0.010000 -0.415495
v 0.260083 0.010000 -0.419158
v 0.280013 0.010000 -0.417493
v 0.260251 0.010000 -0.421149
v 0.280178 0.010000 -0.419448
v 0.260419 0.010000 -0.423100
v 0.280343 0.010000 -0.421362
v 0.260587 0.010000 -0.425009
v 0.280508 0.010000 -0.423232
v 0.260756 0.010000 -0.426878
v 0.280673 0.010000 -0.425058
v 0.260925 0.010000 -0.428704
v 0.280838 0.010000 -0.426842
v 0.261094 0.010000 -0.430489
v 0.281003 0.010000 -0.428586
v 0.261263 0.010000 -0.432235
v 0.281167 0.010000 -0.430283
v 0.261432 0.010000 -0.433939
v 0.281331 0.010000 -0.431937
v 0.261601 0.010000 -0.435600
v 0.281495 0.010000 -0.433546
v 0.261771 0.010000 -0.437221
v 0.281659 0.010000 -0.435110
v 0.261941 0.010000 -0.438799
v 0.281822 0.010000 -0.436629
v 0.262111 0.010000 -0.440336
v 0.281986 0.010000 -0.438102
v 0.262281 0.010000 -0.441831
v 0.282148 0.010000 -0.439530
v 0.262452 0.010000 -0.443284
v 0.282311 0.010000 -0.440912
v 0.262623 0.010000 -0.444696
v 0.282473 0.010000 -0.442248
v 0.262795 0.010000 -0.446066
v 0.282634 0.010000 -0.443537
v 0.262967 0.010000 -0.447395
v 0.282795 0.010000 -0.444779
v 0.263140 0.010000 -0.448683
v 0.282956 0.010000 -0.445973
v 0.263314 0.010000 -0.449930
v 0.283115 0.010000 -0.447119
v 0.263489 0.010000 -0.451137
v 0.283274 0.010000 -0.448217
v 0.263664 0.010000 -0.452303
v 0.283432 0.010000 -0.449265
v 0.263841 0.010000 -0.453429
v 0.283589 0.010000 -0.450263
v 0.264019 0.010000 -0.454517
v 0.283744 0.010000 -0.451211
v 0.264199 0.010000 -0.455566
v 0.283897 0.010000 -0.452107
v 0.264380 0.010000 -0.456577
v 0.284049 0.010000 -0.452950
v 0.264565 0.010000 -0.457551
v 0.284198 0.010000 -0.453739
v 0.264752 0.010000 -0.458490
v 0.284344 0.010000 -0.454473
v 0.264943 0.010000 -0.459395
v 0.284487 0.010000 -0.455149
v 0.265138 0.010000 -0.460268
v 0.284624 0.010000 -0.455765
v 0.265339 0.010000 -0.461112
v 0.284756 0.010000 -0.456319
v 0.265548 0.010000 -0.461930
v 0.284881 0.010000 -0.456807
v 0.265767 0.010000 -0.462725
v 0.284996 0.010000 -0.457226
v 0.265998 0.010000 -0.463503
v 0.285097 0.010000 -0.457568
v 0.266249 0.010000 -0.464275
v 0.285180 0.010000 -0.457825
v 0.266520 0.010000 -0.465033
v 0.285243 0.010000 -0.458002
v 0.266822 0.010000 -0.465798
v 0.285274 0.010000 -0.458082
v 0.267178 0.010000 -0.466598
v 0.285252 0.010000 -0.458035
v 0.267606 0.010000 -0.467441
v 0.285157 0.010000 -0.457851
v 0.268146 0.010000 -0.468352
v 0.284950 0.010000 -0.457506
v 0.268861 0.010000 -0.469356
v 0.284569 0.010000 -0.456976
v 0.269852 0.010000 -0.470467
v 0.283911 0.010000 -0.456243
v 0.271264 0.010000 -0.471656
v 0.282832 0.010000 -0.455341
v 0.273254 0.010000 -0.472777
v 0.281175 0.010000 -0.454412
v 0.275843 0.010000 -0.473525
v 0.278919 0.010000 -0.453763
v 0.278728 0.010000 -0.473578
v 0.276369 0.010000 -0.453717
v 0.281381 0.010000 -0.472908
v 0.274048 0.010000 -0.454301
v 0.283456 0.010000 -0.471816
v 0.272307 0.010000 -0.455212
v 0.284937 0.010000 -0.470626
v 0.271159 0.010000 -0.456129
v 0.285974 0.010000 -0.469502
v 0.270455 0.010000 -0.456886
v 0.286719 0.010000 -0.468485
v 0.270043 0.010000 -0.457443
v 0.287278 0.010000 -0.467564
v 0.269818 0.010000 -0.457811
v 0.287719 0.010000 -0.466714
v 0.269710 0.010000 -0.458015
v 0.288083 0.010000 -0.465910
v 0.269679 0.010000 -0.458080
v 0.288395 0.010000 -0.465133
v 0.269701 0.010000 -0.458025
v 0.288672 0.010000 -0.464366
v 0.269757 0.010000 -0.457866
v 0.288923 0.010000 -0.463598
v 0.269839 0.010000 -0.457615
v 0.289157 0.010000 -0.462821
v 0.269939 0.010000 -0.457281
v 0.289377 0.010000 -0.462026
v 0.270052 0.010000 -0.456871
v 0.289587 0.010000 -0.461210
v 0.270176 0.010000 -0.456391
v 0.289789 0.010000 -0.460366
v 0.270307 0.010000 -0.455843
v 0.289985 0.010000 -0.459493
v 0.270444 0.010000 -0.455233
v 0.290176 0.010000 -0.458588
v 0.270586 0.010000 -0.454562
v 0.290364 0.010000 -0.457648
v 0.270732 0.010000 -0.453832
v 0.290548 0.010000 -0.456674
v 0.270881 0.010000 -0.453044
v 0.290731 0.010000 -0.455662
v 0.271033 0.010000 -0.452200
v 0.290911 0.010000 -0.454612
v 0.271186 0.010000 -0.451306
v 0.291089 0.010000 -0.453523
v 0.271341 0.010000 -0.450360
v 0.291266 0.010000 -0.452393
v 0.271497 0.010000 -0.449361
v 0.291442 0.010000 -0.451222
v 0.271655 0.010000 -0.448311
v 0.291616 0.010000 -0.450011
v 0.271813 0.010000 -0.447210
v 0.291790 0.010000 -0.448758
v 0.271973 0.010000 -0.446060
v 0.291963 0.010000 -0.447463
v 0.272133 0.010000 -0.444860
v 0.292135 0.010000 -0.446126
v 0.272294 0.010000 -0.443612
v 0.292307 0.010000 -0.444747
v 0.272456 0.010000 -0.442315
v 0.292479 0.010000 -0.443326
v 0.272618 0.010000 -0.440970
v 0.292649 0.010000 -0.441862
v 0.272780 0.010000 -0.439578
v 0.292820 0.010000 -0.440355
v 0.272943 0.010000 -0.438139
v 0.292990 0.010000 -0.438806
v 0.273106 0.010000 -0.436653
v 0.293160 0.010000 -0.437214
v 0.273270 0.010000 -0.435121
v 0.293329 0.010000 -0.435579
v 0.273433 0.010000 -0.433543
v 0.293499 0.010000 -0.433902
v 0.273597 0.010000 -0.431919
v 0.293668 0.010000 -0.432182
v 0.273761 0.010000 -0.430249
v 0.293837 0.010000 -0.430420
v 0.273926 0.010000 -0.428535
v 0.294006 0.010000 -0.428615
v 0.274090 0.010000 -0.426775
v 0.294174 0.010000 -0.426767
v 0.274255 0.010000 -0.424971
v 0.294343 0.010000 -0.424877
v 0.274420 0.010000 -0.423122
v 0.294511 0.010000 -0.422945
v 0.274585 0.010000 -0.421228
v 0.294679 0.010000 -0.420971
v 0.274750 0.010000 -0.419291
v 0.294847 0.010000 -0.418954
v 0.274915 0.010000 -0.417310
v 0.295015 0.010000 -0.416895
v 0.275080 0.010000 -0.415285
v 0.295183 0.010000 -0.414794
v 0.275246 0.010000 -0.413216
v 0.295351 0.010000 -0.412652
v 0.275411 0.010000 -0.411105
v 0.295519 0.010000 -0.410467
v 0.275577 0.010000 -0.408950
v 0.295687 0.010000 -0.408242
v 0.275742 0.010000 -0.406751
v 0.295855 0.010000 -0.405974
v 0.275908 0.010000 -0.404511
v 0.296022 0.010000 -0.403667
v 0.276074 0.010000 -0.402230
v 0.296190 0.010000 -0.401319
v 0.276240 0.010000 -0.399907
v 0.296357 0.010000 -0.398930
v 0.276406 0.010000 -0.397543
v 0.296525 0.010000 -0.396500
v 0.276571 0.010000 -0.395136
v 0.296692 0.010000 -0.394030
v 0.276737 0.010000 -0.392688
v 0.296860 0.010000 -0.391520
v 0.276903 0.010000 -0.390199
v 0.297027 0.010000 -0.388969
v 0.277069 0.010000 -0.387670
v 0.297194 0.010000 -0.386380
v 0.277235 0.010000 -0.385100
v 0.297362 0.010000 -0.383751
v 0.277401 0.010000 -0.382490
v 0.297529 0.010000 -0.381082
v 0.277567 0.010000 -0.379840
v 0.297696 0.010000 -0.378375
v 0.277733 0.010000 -0.377151
v 0.297863 0.010000 -0.375629
v 0.277900 0.010000 -0.374422
v 0.298030 0.010000 -0.372845
v 0.278066 0.010000 -0.371655
v 0.298197 0.010000 -0.370023
v 0.278232 0.010000 -0.368849
v 0.298365 0.010000 -0.367163
v 0.278398 0.010000 -0.366004
v 0.298532 0.010000 -0.364266
v 0.278564 0.010000 -0.363122
v 0.298699 0.010000 -0.361331
v 0.278731 0.010000 -0.360201
v 0.298866 0.010000 -0.358359
v 0.278897 0.010000 -0.357244
v 0.299033 0.010000 -0.355350
v 0.279063 0.010000 -0.354249
v 0.299200 0.010000 -0.352305
v 0.279229 0.010000 -0.351217
v 0.299367 0.010000 -0.349224
v 0.279396 0.010000 -0.348148
v 0.299534 0.010000 -0.346107
v 0.279562 0.010000 -0.345043
v 0.299701 0.010000 -0.342954
v 0.279728 0.010000 -0.341902
v 0.299868 0.010000 -0.339765
v 0.279895 0.010000 -0.338725
v 0.300035 0.010000 -0.336542
v 0.280061 0.010000 -0.335513
v 0.300202 0.010000 -0.333283
v 0.280227 0.010000 -0.332265
v 0.300368 0.010000 -0.329990
v 0.280394 0.010000 -0.328983
v 0.300535 0.010000 -0.326663
v 0.280560 0.010000 -0.325666
v 0.300702 0.010000 -0.323302
v 0.280727 0.010000 -0.322314
v 0.300870 0.010000 -0.319907
v 0.280894 0.010000 -0.318928
v 0.301036 0.010000 -0.316479
v 0.281060 0.010000 -0.315511
v 0.301203 0.010000 -0.313019
v 0.281226 0.010000 -0.312060
v 0.301370 0.010000 -0.309526
v 0.281393 0.010000 -0.308576
v 0.301537 0.010000 -0.306001
v 0.281559 0.010000 -0.305060
v 0.301704 0.010000 -0.302444
v 0.281726 0.010000 -0.301511
v 0.301871 0.010000 -0.298855
v 0.281892 0.010000 -0.297930
v 0.302038 0.010000 -0.295235
v 0.282059 0.010000 -0.294318
v 0.302204 0.010000 -0.291585
v 0.282225 0.010000 -0.290675
v 0.302371 0.010000 -0.287903
v 0.282392 0.010000 -0.287002
v 0.302538 0.010000 -0.284192
v 0.282558 0.010000 -0.283298
v 0.302705 0.010000 -0.280451
v 0.282725 0.010000 -0.279564
v 0.302872 0.010000 -0.276681
v 0.282891 0.010000 -0.275800
v 0.303038 0.010000 -0.272881
v 0.283058 0.010000 -0.272008
v 0.303205 0.010000 -0.269054
v 0.283224 0.010000 -0.268186
v 0.303372 0.010000 -0.265198
v 0.283391 0.010000 -0.264336
v 0.303539 0.010000 -0.261314
v 0.283557 0.010000 -0.260459
v 0.303706 0.010000 -0.257402
v 0.283724 0.010000 -0.256553
v 0.303872 0.010000 -0.253464
v 0.283890 0.010000 -0.252621
v 0.304039 0.010000 -0.249499
v 0.284057 0.010000 -0.248661
v 0.304206 0.010000 -0.245508
v 0.284223 0.010000 -0.244675
v 0.304373 0.010000 -0.241490
v 0.284390 0.010000 -0.240663
v 0.304539 0.010000 -0.237448
v 0.284556 0.010000 -0.236626
v 0.304706 0.010000 -0.233379
v 0.284723 0.010000 -0.232563
v 0.304873 0.010000 -0.229287
v 0.284889 0.010000 -0.228475
v 0.305040 0.010000 -0.225169
v 0.285056 0.010000 -0.224362
v 0.305206 0.010000 -0.221028
v 0.285223 0.010000 -0.220226
v 0.305373 0.010000 -0.216863
v 0.285389 0.010000 -0.216065
v 0.305540 0.010000 -0.212675
v 0.285556 0.010000 -0.211881
v 0.305707 0.010000 -0.208464
v 0.285722 0.010000 -0.207674
v 0.305874 0.010000 -0.204231
v 0.285889 0.010000 -0.203445
v 0.306041 0.010000 -0.199976
v 0.286056 0.010000 -0.199195
v 0.306207 0.010000 -0.195700
v 0.286222 0.010000 -0.194922
v 0.306374 0.010000 -0.191402
v 0.286389 0.010000 -0.190629
v 0.306541 0.010000 -0.187084
v 0.286556 0.010000 -0.186314
v 0.306707 0.010000 -0.182746
v 0.286722 0.010000 -0.181979
v 0.306874 0.010000 -0.178388
v 0.286889 0.010000 -0.177625
v 0.307041 0.010000 -0.174010
v 0.287055 0.010000 -0.173250
v 0.307208 0.010000 -0.169614
v 0.287222 0.010000 -0.168857
v 0.307374 0.010000 -0.165199
v 0.287389 0.010000 -0.164445
v 0.307541 0.010000 -0.160766
v 0.287555 0.010000 -0.160016
v 0.307708 0.010000 -0.156315
v 0.287722 0.010000 -0.155568
v 0.307874 0.010000 -0.151847
v 0.287888 0.010000 -0.151103
v 0.308041 0.010000 -0.147363
v 0.288055 0.010000 -0.146621
v 0.308208 0.010000 -0.142863
v 0.288221 0.010000 -0.142124
v 0.308375 0.010000 -0.138346
v 0.288388 0.010000 -0.137610
v 0.308541 0.010000 -0.133815
v 0.288555 0.010000 -0.133081
v 0.308708 0.010000 -0.129268
v 0.288721 0.010000 -0.128536
v 0.308875 0.010000 -0.124707
v 0.288888 0.010000 -0.123978
v 0.309041 0.010000 -0.120132
v 0.289055 0.010000 -0.119405
v 0.309208 0.010000 -0.115544
v 0.289221 0.010000 -0.114819
v 0.309375 0.010000 -0.110942
v 0.289388 0.010000 -0.110219
v 0.309541 0.010000 -0.106328
v 0.289554 0.010000 -0.105607
v 0.309708 0.010000 -0.101702
v 0.289721 0.010000 -0.100982
v 0.309875 0.010000 -0.097064
v 0.289888 0.010000 -0.096346
v 0.310041 0.010000 -0.092414
v 0.290054 0.010000 -0.091699
v 0.310208 0.010000 -0.087754
v 0.290221 0.010000 -0.087040
v 0.310375 0.010000 -0.083083
v 0.290388 0.010000 -0.082371
v 0.310542 0.010000 -0.078403
v 0.290554 0.010000 -0.077692
v 0.310708 0.010000 -0.073713
v 0.290721 0.010000 -0.073003
v 0.310875 0.010000 -0.069014
v 0.290888 0.010000 -0.068305
v 0.311042 0.010000 -0.064307
v 0.291054 0.010000 -0.063600
v 0.311209 0.010000 -0.059592
v 0.291221 0.010000 -0.058886
v 0.311375 0.010000 -0.054869
v 0.291388 0.010000 -0.054164
v 0.311542 0.010000 -0.050140
v 0.291554 0.010000 -0.049436
v 0.311709 0.010000 -0.045403
v 0.291721 0.010000 -0.044701
v 0.311875 0.010000 -0.040661
v 0.291888 0.010000 -0.039959
v 0.312042 0.010000 -0.035913
v 0.292054 0.010000 -0.035212
v 0.312209 0.010000 -0.031160
v 0.292221 0.010000 -0.030460
v 0.312375 0.010000 -0.026403
v 0.292388 0.010000 -0.025703
v 0.312542 0.010000 -0.021641
v 0.292554 0.010000 -0.020941
v 0.312709 0.010000 -0.016875
v 0.292721 0.010000 -0.016176
v 0.312875 0.010000 -0.012106
v 0.292887 0.010000 -0.011408
v 0.313042 0.010000 -0.007335
v 0.293054 0.010000 -0.006637
v 0.313209 0.010000 -0.002561
v 0.293221 0.010000 -0.001863
v 0.313375 0.010000 0.002214
v 0.293387 0.010000 0.002912
v 0.313542 0.010000 0.006991
v 0.293554 0.010000 0.007688
v 0.313709 0.010000 0.011769
v 0.293721 0.010000 0.012466
v 0.313875 0.010000 0.016547
v 0.293887 0.010000 0.017244
v 0.314042 0.010000 0.021324
v 0.294054 0.010000 0.022022
v 0.314209 0.010000 0.026102
v 0.294221 0.010000 0.026799
v 0.314375 0.010000 0.030878
v 0.294387 0.010000 0.031575
v 0.314542 0.010000 0.035652
v 0.294554 0.010000 0.036350
v 0.314708 0.010000 0.040425
v 0.294721 0.010000 0.041123
v 0.314875 0.010000 0.045194
v 0.294887 0.010000 0.045893
v 0.315042 0.010000 0.049961
v 0.295054 0.010000 0.050660
v 0.315208 0.010000 0.054725
v 0.295221 0.010000 0.055424
v 0.315375 0.010000 0.059484
v 0.295387 0.010000 0.060184
v 0.315542 0.010000 0.064239
v 0.295554 0.010000 0.064940
v 0.315708 0.010000 0.068988
v 0.295721 0.010000 0.069691
v 0.315875 0.010000 0.073733
v 0.295888 0.010000 0.074436
v 0.316042 0.010000 0.078472
v 0.296054 0.010000 0.079175
v 0.316209 0.010000 0.083204
v 0.296221 0.010000 0.083909
v 0.316375 0.010000 0.087930
v 0.296388 0.010000 0.088635
v 0.316542 0.010000 0.092648
v 0.296554 0.010000 0.093354
v 0.316709 0.010000 0.097358
v 0.296721 0.010000 0.098065
v 0.316875 0.010000 0.102059
v 0.296888 0.010000 0.102768
v 0.317042 0.010000 0.106752
v 0.297054 0.010000 0.107463
v 0.317208 0.010000 0.111436
v 0.297221 0.010000 0.112148
v 0.317375 0.010000 0.116110
v 0.297388 0.010000 0.116823
v 0.317542 0.010000 0.120774
v 0.297554 0.010000 0.121489
v 0.317708 0.010000 0.125427
v 0.297721 0.010000 0.126143
v 0.317875 0.010000 0.130069
v 0.297888 0.010000 0.130787
v 0.318042 0.010000 0.134699
v 0.298055 0.010000 0.135419
v 0.318208 0.010000 0.139317
v 0.298221 0.010000 0.140039
v 0.318375 0.010000 0.143923
v 0.298388 0.010000 0.144647
v 0.318541 0.010000 0.148516
v 0.298555 0.010000 0.149242
v 0.318708 0.010000 0.153095
v 0.298721 0.010000 0.153823
v 0.318875 0.010000 0.157660
v 0.298888 0.010000 0.158391
v 0.319041 0.010000 0.162211
v 0.299055 0.010000 0.162944
v 0.319208 0.010000 0.166747
v 0.299221 0.010000 0.167482
v 0.319374 0.010000 0.171268
v 0.299388 0.010000 0.172006
v 0.319541 0.010000 0.175773
v 0.299555 0.010000 0.176513
v 0.319708 0.010000 0.180261
v 0.299721 0.010000 0.181004
v 0.319874 0.010000 0.184733
v 0.299888 0.010000 0.185479
v 0.320041 0.010000 0.189188
v 0.300055 0.010000 0.189937
v 0.320207 0.010000 0.193625
v 0.300222 0.010000 0.194377
v 0.320374 0.010000 0.198044
v 0.300388 0.010000 0.198799
v 0.320541 0.010000 0.202444
v 0.300555 0.010000 0.203202
v 0.320707 0.010000 0.206825
v 0.300722 0.010000 0.207587
v 0.320874 0.010000 0.211186
v 0.300889 0.010000 0.211952
v 0.321041 0.010000 0.215529
v 0.301056 0.010000 0.216298
v 0.321207 0.010000 0.219851
v 0.301222 0.010000 0.220623
v 0.321374 0.010000 0.224152
v 0.301389 0.010000 0.224928
v 0.321541 0.010000 0.228432
v 0.301556 0.010000 0.229212
v 0.321707 0.010000 0.232690
v 0.301722 0.010000 0.233474
v 0.321874 0.010000 0.236926
v 0.301889 0.010000 0.237714
v 0.322040 0.010000 0.241139
v 0.302056 0.010000 0.241931
v 0.322207 0.010000 0.245329
v 0.302223 0.010000 0.246126
v 0.322373 0.010000 0.249496
v 0.302389 0.010000 0.250297
v 0.322540 0.010000 0.253640
v 0.302556 0.010000 0.254445
v 0.322706 0.010000 0.257758
v 0.302723 0.010000 0.258569
v 0.322873 0.010000 0.261853
v 0.302890 0.010000 0.262668
v 0.323040 0.010000 0.265922
v 0.303056 0.010000 0.266742
v 0.323206 0.010000 0.269966
v 0.303223 0.010000 0.270791
v 0.323373 0.010000 0.273984
v 0.303390 0.010000 0.274815
v 0.323539 0.010000 0.277975
v 0.303557 0.010000 0.278812
v 0.323706 0.010000 0.281940
v 0.303724 0.010000 0.282783
v 0.323872 0.010000 0.285878
v 0.303890 0.010000 0.286726
v 0.324039 0.010000 0.289789
v 0.304057 0.010000 0.290643
v 0.324205 0.010000 0.293671
v 0.304224 0.010000 0.294531
v 0.324372 0.010000 0.297525
v 0.304391 0.010000 0.298392
v 0.324538 0.010000 0.301351
v 0.304557 0.010000 0.302224
v 0.324705 0.010000 0.305147
v 0.304724 0.010000 0.306027
v 0.324871 0.010000 0.308914
v 0.304891 0.010000 0.309801
v 0.325038 0.010000 0.312651
v 0.305058 0.010000 0.313544
v 0.325204 0.010000 0.316357
v 0.305225 0.010000 0.317258
v 0.325371 0.010000 0.320032
v 0.305391 0.010000 0.320941
v 0.325537 0.010000 0.323677
v 0.305558 0.010000 0.324593
v 0.325704 0.010000 0.327289
v 0.305725 0.010000 0.328214
v 0.325871 0.010000 0.330869
v 0.305892 0.010000 0.331803
v 0.326037 0.010000 0.334420
v 0.306059 0.010000 0.335361
v 0.326204 0.010000 0.337937
v 0.306226 0.010000 0.338887
v 0.326370 0.010000 0.341420
v 0.306393 0.010000 0.342379
v 0.326536 0.010000 0.344870
v 0.306560 0.010000 0.345839
v 0.326703 0.010000 0.348287
v 0.306727 0.010000 0.349265
v 0.326869 0.010000 0.351669
v 0.306894 0.010000 0.352657
v 0.327036 0.010000 0.355017
v 0.307061 0.010000 0.356015
v 0.327202 0.010000 0.358329
v 0.307227 0.010000 0.359338
v 0.327368 0.010000 0.361607
v 0.307394 0.010000 0.362627
v 0.327535 0.010000 0.364850
v 0.307561 0.010000 0.365880
v 0.327701 0.010000 0.368056
v 0.307728 0.010000 0.369098
v 0.327867 0.010000 0.371227
v 0.307895 0.010000 0.372281
v 0.328034 0.010000 0.374361
v 0.308062 0.010000 0.375427
v 0.328200 0.010000 0.377459
v 0.308229 0.010000 0.378538
v 0.328366 0.010000 0.380519
v 0.308396 0.010000 0.381611
v 0.328533 0.010000 0.383542
v 0.308563 0.010000 0.384648
v 0.328699 0.010000 0.386528
v 0.308730 0.010000 0.387647
v 0.328865 0.010000 0.389475
v 0.308897 0.010000 0.390609
v 0.329031 0.010000 0.392384
v 0.309064 0.010000 0.393533
v 0.329198 0.010000 0.395254
v 0.309232 0.010000 0.396418
v 0.329364 0.010000 0.398086
v 0.309399 0.010000 0.399266
v 0.329530 0.010000 0.400878
v 0.309566 0.010000 0.402074
v 0.329696 0.010000 0.403630
v 0.309733 0.010000 0.404844
v 0.329862 0.010000 0.406343
v 0.309900 0.010000 0.407574
v 0.330028 0.010000 0.409015
v 0.310067 0.010000 0.410265
v 0.330194 0.010000 0.411646
v 0.310235 0.010000 0.412915
v 0.330360 0.010000 0.414236
v 0.310402 0.010000 0.415526
v 0.330526 0.010000 0.416785
v 0.310569 0.010000 0.418095
v 0.330692 0.010000 0.419292
v 0.310737 0.010000 0.420625
v 0.330859 0.010000 0.421758
v 0.310904 0.010000 0.423113
v 0.331024 0.010000 0.424184
v 0.311072 0.010000 0.425560
v 0.331190 0.010000 0.426566
v 0.311239 0.010000 0.427967
v 0.331356 0.010000 0.428906
v 0.311407 0.010000 0.430332
v 0.331522 0.010000 0.431202
v 0.311575 0.010000 0.432655
v 0.331687 0.010000 0.433456
v 0.311742 0.010000 0.434936
v 0.331853 0.010000 0.435665
v 0.311910 0.010000 0.437174
v 0.332018 0.010000 0.437831
v 0.312078 0.010000 0.439371
v 0.332184 0.010000 0.439954
v 0.312246 0.010000 0.441524
v 0.332349 0.010000 0.442032
v 0.312414 0.010000 0.443635
v 0.332514 0.010000 0.444065
v 0.312582 0.010000 0.445703
v 0.332680 0.010000 0.446054
v 0.312750 0.010000 0.447727
v 0.332845 0.010000 0.447998
v 0.312918 0.010000 0.449709
v 0.333010 0.010000 0.449896
v 0.313086 0.010000 0.451647
v 0.333174 0.010000 0.451749
v 0.313255 0.010000 0.453542
v 0.333339 0.010000 0.453557
v 0.313424 0.010000 0.455394
v 0.333504 0.010000 0.455318
v 0.313592 0.010000 0.457202
v 0.333668 0.010000 0.457033
v 0.313761 0.010000 0.458966
v 0.333832 0.010000 0.458702
v 0.313931 0.010000 0.460686
v 0.333996 0.010000 0.460323
v 0.314100 0.010000 0.462363
v 0.334159 0.010000 0.461897
v 0.314270 0.010000 0.463995
v 0.334323 0.010000 0.463424
v 0.314440 0.010000 0.465584
v 0.334486 0.010000 0.464903
v 0.314610 0.010000 0.467128
v 0.334648 0.010000 0.466333
v 0.314781 0.010000 0.468629
v 0.334811 0.010000 0.467714
v 0.314952 0.010000 0.470086
v 0.334972 0.010000 0.469046
v 0.315123 0.010000 0.471499
v 0.335134 0.010000 0.470329
v 0.315295 0.010000 0.472868
v 0.335294 0.010000 0.471561
v 0.315468 0.010000 0.474194
v 0.335454 0.010000 0.472742
v 0.315642 0.010000 0.475476
v 0.335613 0.010000 0.473870
v 0.315816 0.010000 0.476717
v 0.335771 0.010000 0.474949
v 0.315992 0.010000 0.477912
v 0.335928 0.010000 0.475979
v 0.316168 0.010000 0.479065
v 0.336084 0.010000 0.476952
v 0.316346 0.010000 0.480179
v 0.336238 0.010000 0.477871
v 0.316525 0.010000 0.481253
v 0.336389 0.010000 0.478734
v 0.316707 0.010000 0.482286
v 0.336538 0.010000 0.479540
v 0.316891 0.010000 0.483280
v 0.336685 0.010000 0.480288
v 0.317078 0.010000 0.484237
v 0.336827 0.010000 0.480976
v 0.317269 0.010000 0.485158
v 0.336965 0.010000 0.481601
v 0.317465 0.010000 0.486045
v 0.337096 0.010000 0.482160
v 0.317666 0.010000 0.486901
v 0.337220 0.010000 0.482651
v 0.317876 0.010000 0.487730
v 0.337334 0.010000 0.483068
v 0.318096 0.010000 0.488535
v 0.337434 0.010000 0.483407
v 0.318329 0.010000 0.489324
v 0.337515 0.010000 0.483658
v 0.318581 0.010000 0.490102
v 0.337569 0.010000 0.483813
v 0.318860 0.010000 0.490881
v 0.337586 0.010000 0.483857
v 0.319176 0.010000 0.491672
v 0.337547 0.010000 0.483774
v 0.319549 0.010000 0.492495
v 0.337423 0.010000 0.483540
v 0.320006 0.010000 0.493371
v 0.337166 0.010000 0.483127
v 0.320597 0.010000 0.494328
v 0.336695 0.010000 0.482508
v 0.321401 0.010000 0.495396
v 0.335881 0.010000 0.481673
v 0.322548 0.010000 0.496581
v 0.334545 0.010000 0.480690
v 0.324218 0.010000 0.497817
v 0.332538 0.010000 0.479789
v 0.326558 0.010000 0.498873
v 0.329972 0.010000 0.479363
v 0.329457 0.010000 0.499357
v 0.327348 0.010000 0.479666
v 0.332415 0.010000 0.499014
v 0.325216 0.010000 0.480516
v 0.334880 0.010000 0.498026
v 0.323763 0.010000 0.481513
v 0.336666 0.010000 0.496793
v 0.322867 0.010000 0.482387
v 0.337895 0.010000 0.495584
v 0.322345 0.010000 0.483050
v 0.338751 0.010000 0.494489
v 0.322059 0.010000 0.483496
v 0.339370 0.010000 0.493513
v 0.321922 0.010000 0.483749
v 0.339841 0.010000 0.492631
v 0.321873 0.010000 0.483851
v 0.340223 0.010000 0.491806
v 0.321880 0.010000 0.483831
v 0.340549 0.010000 0.491006
v 0.321929 0.010000 0.483696
v 0.340834 0.010000 0.490222
v 0.322006 0.010000 0.483460
v 0.341090 0.010000 0.489441
v 0.322103 0.010000 0.483134
v 0.341327 0.010000 0.488653
v 0.322215 0.010000 0.482728
v 0.341548 0.010000 0.487847
v 0.322337 0.010000 0.482246
v 0.341759 0.010000 0.487020
v 0.322468 0.010000 0.481694
v 0.341962 0.010000 0.486165
v 0.322605 0.010000 0.481076
v 0.342158 0.010000 0.485281
v 0.322747 0.010000 0.480395
v 0.342349 0.010000 0.484362
v 0.322893 0.010000 0.479652
v 0.342537 0.010000 0.483408
v 0.323042 0.010000 0.478851
v 0.342721 0.010000 0.482417
v 0.323193 0.010000 0.477992
v 0.342903 0.010000 0.481386
v 0.323347 0.010000 0.477078
v 0.343083 0.010000 0.480316
v 0.323502 0.010000 0.476109
v 0.343261 0.010000 0.479205
v 0.323659 0.010000 0.475086
v 0.343437 0.010000 0.478052
v 0.323816 0.010000 0.474010
v 0.343613 0.010000 0.476856
v 0.323975 0.010000 0.472881
v 0.343787 0.010000 0.475618
v 0.324135 0.010000 0.471701
v 0.343961 0.010000 0.474336
v 0.324296 0.010000 0.470470
v 0.344134 0.010000 0.473011
v 0.324457 0.010000 0.469189
v 0.344306 0.010000 0.471641
v 0.324618 0.010000 0.467857
v 0.344477 0.010000 0.470228
v 0.324781 0.010000 0.466475
v 0.344649 0.010000 0.468770
v 0.324943 0.010000 0.465044
v 0.344819 0.010000 0.467267
v 0.325106 0.010000 0.463564
v 0.344990 0.010000 0.465720
v 0.325269 0.010000 0.462035
v 0.345160 0.010000 0.464128
v 0.325433 0.010000 0.460457
v 0.345329 0.010000 0.462491
v 0.325597 0.010000 0.458832
v 0.345499 0.010000 0.460810
v 0.325761 0.010000 0.457157
v 0.345668 0.010000 0.459084
v 0.325926 0.010000 0.455434
v 0.345837 0.010000 0.457313
v 0.326090 0.010000 0.453668
v 0.346006 0.010000 0.455498
v 0.326255 0.010000 0.451853
v 0.346175 0.010000 0.453639
v 0.326420 0.010000 0.449992
v 0.346343 0.010000 0.451735
v 0.326584 0.010000 0.448084
v 0.346512 0.010000 0.449787
v 0.326750 0.010000 0.446130
v 0.346680 0.010000 0.447794
v 0.326915 0.010000 0.444129
v 0.346848 0.010000 0.445757
v 0.327080 0.010000 0.442083
v 0.347016 0.010000 0.443676
v 0.327245 0.010000 0.439992
v 0.347184 0.010000 0.441552
v 0.327411 0.010000 0.437855
v 0.347352 0.010000 0.439384
v 0.327576 0.010000 0.435674
v 0.347520 0.010000 0.437172
v 0.327742 0.010000 0.433447
v 0.347688 0.010000 0.434917
v 0.327907 0.010000 0.431177
v 0.347855 0.010000 0.432619
v 0.328073 0.010000 0.428862
v 0.348023 0.010000 0.430278
v 0.328239 0.010000 0.426504
v 0.348191 0.010000 0.427894
v 0.328405 0.010000 0.424102
v 0.348358 0.010000 0.425468
v 0.328571 0.010000 0.421658
v 0.348525 0.010000 0.423000
v 0.328736 0.010000 0.419170
v 0.348693 0.010000 0.420489
v 0.328902 0.010000 0.416639
v 0.348860 0.010000 0.417937
v 0.329068 0.010000 0.414066
v 0.349028 0.010000 0.415343
v 0.329234 0.010000 0.411451
v 0.349195 0.010000 0.412708
v 0.329400 0.010000 0.408794
v 0.349362 0.010000 0.410032
v 0.329567 0.010000 0.406095
v 0.349529 0.010000 0.407314
v 0.329733 0.010000 0.403355
v 0.349697 0.010000 0.404556
v 0.329899 0.010000 0.400573
v 0.349864 0.010000 0.401757
v 0.330065 0.010000 0.397751
v 0.350031 0.010000 0.398918
v 0.330231 0.010000 0.394888
v 0.350198 0.010000 0.396039
v 0.330397 0.010000 0.391985
v 0.350365 0.010000 0.393120
v 0.330564 0.010000 0.389042
v 0.350532 0.010000 0.390162
v 0.330730 0.010000 0.386058
v 0.350699 0.010000 0.387164
v 0.330896 0.010000 0.383034
v 0.350867 0.010000 0.384127
v 0.331063 0.010000 0.379974
v 0.351034 0.010000 0.381053
v 0.331229 0.010000 0.376875
v 0.351201 0.010000 0.377940
v 0.331395 0.010000 0.373737
v 0.351368 0.010000 0.374789
v 0.331562 0.010000 0.370561
v 0.351535 0.010000 0.371600
v 0.331728 0.010000 0.367346
v 0.351702 0.010000 0.368374
v 0.331894 0.010000 0.364095
v 0.351869 0.010000 0.365111
v 0.332061 0.010000 0.360806
v 0.352035 0.010000 0.361810
v 0.332227 0.010000 0.357480
v 0.352202 0.010000 0.358474
v 0.332394 0.010000 0.354118
v 0.352369 0.010000 0.355101
v 0.332560 0.010000 0.350719
v 0.352536 0.010000 0.351692
v 0.332726 0.010000 0.347285
v 0.352703 0.010000 0.348248
v 0.332893 0.010000 0.343816
v 0.352870 0.010000 0.344769
v 0.333059 0.010000 0.340311
v 0.353037 0.010000 0.341255
v 0.333226 0.010000 0.336772
v 0.353204 0.010000 0.337707
v 0.333392 0.010000 0.333199
v 0.353371 0.010000 0.334125
v 0.333559 0.010000 0.329591
v 0.353537 0.010000 0.330509
v 0.333725 0.010000 0.325951
v 0.353704 0.010000 0.326860
v 0.333891 0.010000 0.322276
v 0.353871 0.010000 0.323178
v 0.334058 0.010000 0.318570
v 0.354038 0.010000 0.319463
v 0.334224 0.010000 0.314830
v 0.354205 0.010000 0.315716
v 0.334391 0.010000 0.311059
v 0.354372 0.010000 0.311937
v 0.334557 0.010000 0.307255
v 0.354538 0.010000 0.308126
v 0.334724 0.010000 0.303420
v 0.354705 0.010000 0.304285
v 0.334890 0.010000 0.299555
v 0.354872 0.010000 0.300412
v 0.335057 0.010000 0.295658
v 0.355039 0.010000 0.296509
v 0.335223 0.010000 0.291731
v 0.355206 0.010000 0.292575
v 0.335390 0.010000 0.287775
v 0.355372 0.010000 0.288612
v 0.335557 0.010000 0.283788
v 0.355539 0.010000 0.284620
v 0.335723 0.010000 0.279772
v 0.355706 0.010000 0.280599
v 0.335890 0.010000 0.275727
v 0.355873 0.010000 0.276548
v 0.336056 0.010000 0.271656
v 0.356040 0.010000 0.272470
v 0.336223 0.010000 0.267556
v 0.356207 0.010000 0.268365
v 0.336390 0.010000 0.263429
v 0.356373 0.010000 0.264233
v 0.336556 0.010000 0.259274
v 0.356540 0.010000 0.260073
v 0.336723 0.010000 0.255093
v 0.356707 0.010000 0.255887
v 0.336889 0.010000 0.250886
v 0.356874 0.010000 0.251675
v 0.337056 0.010000 0.246653
v 0.357040 0.010000 0.247437
v 0.337222 0.010000 0.242394
v 0.357207 0.010000 0.243174
v 0.337389 0.010000 0.238111
v 0.357374 0.010000 0.238886
v 0.337555 0.010000 0.233803
v 0.357541 0.010000 0.234573
v 0.337722 0.010000 0.229471
v 0.357707 0.010000 0.230237
v 0.337889 0.010000 0.225115
v 0.357874 0.010000 0.225878
v 0.338055 0.010000 0.220737
v 0.358041 0.010000 0.221495
v 0.338222 0.010000 0.216335
v 0.358208 0.010000 0.217090
v 0.338388 0.010000 0.211912
v 0.358374 0.010000 0.212662
v 0.338555 0.010000 0.207466
v 0.358541 0.010000 0.208213
v 0.338722 0.010000 0.202999
v 0.358708 0.010000 0.203743
v 0.338888 0.010000 0.198512
v 0.358874 0.010000 0.199252
v 0.339055 0.010000 0.194003
v 0.359041 0.010000 0.194740
v 0.339221 0.010000 0.189475
v 0.359208 0.010000 0.190209
v 0.339388 0.010000 0.184927
v 0.359375 0.010000 0.185658
v 0.339555 0.010000 0.180360
v 0.359541 0.010000 0.181088
v 0.339721 0.010000 0.175775
v 0.359708 0.010000 0.176499
v 0.339888 0.010000 0.171171
v 0.359875 0.010000 0.171892
v 0.340054 0.010000 0.166549
v 0.360041 0.010000 0.167268
v 0.340221 0.010000 0.161910
v 0.360208 0.010000 0.162626
v 0.340388 0.010000 0.157253
v 0.360375 0.010000 0.157967
v 0.340554 0.010000 0.152581
v 0.360542 0.010000 0.153292
v 0.340721 0.010000 0.147892
v 0.360708 0.010000 0.148602
v 0.340888 0.010000 0.143187
v 0.360875 0.010000 0.143895
v 0.341054 0.010000 0.138469
v 0.361042 0.010000 0.139174
v 0.341221 0.010000 0.133736
v 0.361209 0.010000 0.134439
v 0.341388 0.010000 0.128989
v 0.361375 0.010000 0.129689
v 0.341554 0.010000 0.124228
v 0.361542 0.010000 0.124927
v 0.341721 0.010000 0.119454
v 0.361709 0.010000 0.120151
v 0.341887 0.010000 0.114667
v 0.361875 0.010000 0.115362
v 0.342054 0.010000 0.109869
v 0.362042 0.010000 0.110562
v 0.342221 0.010000 0.105058
v 0.362209 0.010000 0.105750
v 0.342387 0.010000 0.100237
v 0.362375 0.010000 0.100927
v 0.342554 0.010000 0.095405
v 0.362542 0.010000 0.096093
v 0.342721 0.010000 0.090562
v 0.362709 0.010000 0.091249
v 0.342887 0.010000 0.085710
v 0.362876 0.010000 0.086396
v 0.343054 0.010000 0.080849
v 0.363042 0.010000 0.081534
v 0.343221 0.010000 0.075979
v 0.363209 0.010000 0.076663
v 0.343387 0.010000 0.071101
v 0.363376 0.010000 0.071783
v 0.343554 0.010000 0.066215
v 0.363542 0.010000 0.066897
v 0.343720 0.010000 0.061322
v 0.363709 0.010000 0.062003
v 0.343887 0.010000 0.056422
v 0.363876 0.010000 0.057102
v 0.344054 0.010000 0.051516
v 0.364042 0.010000 0.052195
v 0.344220 0.010000 0.046605
v 0.364209 0.010000 0.047282
v 0.344387 0.010000 0.041688
v 0.364376 0.010000 0.042365
v 0.344554 0.010000 0.036766
v 0.364542 0.010000 0.037442
v 0.344720 0.010000 0.031840
v 0.364709 0.010000 0.032515
v 0.344887 0.010000 0.026910
v 0.364875 0.010000 0.027585
v 0.345054 0.010000 0.021976
v 0.365042 0.010000 0.022651
v 0.345220 0.010000 0.017040
v 0.365209 0.010000 0.017715
v 0.345387 0.010000 0.012102
v 0.365376 0.010000 0.012776
v 0.345554 0.010000 0.007162
v 0.365542 0.010000 0.007836
v 0.345720 0.010000 0.002220
v 0.365709 0.010000 0.002894
v 0.345887 0.010000 -0.002723
v 0.365876 0.010000 -0.002048
v 0.346054 0.010000 -0.007665
v 0.366042 0.010000 -0.006991
v 0.346220 0.010000 -0.012608
v 0.366209 0.010000 -0.011934
v 0.346387 0.010000 -0.017550
v 0.366376 0.010000 -0.016875
v 0.346554 0.010000 -0.022490
v 0.366542 0.010000 -0.021816
v 0.346720 0.010000 -0.027429
v 0.366709 0.010000 -0.026755
v 0.346887 0.010000 -0.032366
v 0.366876 0.010000 -0.031691
v 0.347054 0.010000 -0.037300
v 0.367042 0.010000 -0.036625
v 0.347220 0.010000 -0.042231
v 0.367209 0.010000 -0.041555
v 0.347387 0.010000 -0.047158
v 0.367376 0.010000 -0.046482
v 0.347554 0.010000 -0.052081
v 0.367542 0.010000 -0.051404
v 0.347720 0.010000 -0.057000
v 0.367709 0.010000 -0.056322
v 0.347887 0.010000 -0.061913
v 0.367876 0.010000 -0.061234
v 0.348054 0.010000 -0.066820
v 0.368042 0.010000 -0.066141
v 0.348220 0.010000 -0.071722
v 0.368209 0.010000 -0.071042
v 0.348387 0.010000 -0.076617
v 0.368376 0.010000 -0.075936
v 0.348554 0.010000 -0.081505
v 0.368542 0.010000 -0.080822
v 0.348720 0.010000 -0.086385
v 0.368709 0.010000 -0.085702
v 0.348887 0.010000 -0.091257
v 0.368875 0.010000 -0.090572
v 0.349054 0.010000 -0.096120
v 0.369042 0.010000 -0.095435
v 0.349221 0.010000 -0.100975
v 0.369209 0.010000 -0.100288
v 0.349387 0.010000 -0.105820
v 0.369375 0.010000 -0.105131
v 0.349554 0.010000 -0.110654
v 0.369542 0.010000 -0.109965
v 0.349721 0.010000 -0.115479
v 0.369709 0.010000 -0.114787
v 0.349887 0.010000 -0.120292
v 0.369875 0.010000 -0.119599
v 0.350054 0.010000 -0.125093
v 0.370042 0.010000 -0.124399
v 0.350221 0.010000 -0.129883
v 0.370208 0.010000 -0.129186
v 0.350387 0.010000 -0.134660
v 0.370375 0.010000 -0.133962
v 0.350554 0.010000 -0.139424
v 0.370542 0.010000 -0.138724
v 0.350721 0.010000 -0.144175
v 0.370708 0.010000 -0.143472
v 0.350888 0.010000 -0.148912
v 0.370875 0.010000 -0.148206
v 0.351054 0.010000 -0.153634
v 0.371042 0.010000 -0.152927
v 0.351221 0.010000 -0.158342
v 0.371209 0.010000 -0.157633
v 0.351388 0.010000 -0.163034
v 0.371375 0.010000 -0.162323
v 0.351555 0.010000 -0.167710
v 0.371542 0.010000 -0.166996
v 0.351721 0.010000 -0.172370
v 0.371708 0.010000 -0.171654
v 0.351888 0.010000 -0.177013
v 0.371875 0.010000 -0.176294
v 0.352055 0.010000 -0.181639
v 0.372042 0.010000 -0.180917
v 0.352221 0.010000 -0.186247
v 0.372208 0.010000 -0.185522
v 0.352388 0.010000 -0.190836
v 0.372375 0.010000 -0.190109
v 0.352555 0.010000 -0.195408
v 0.372541 0.010000 -0.194677
v 0.352721 0.010000 -0.199960
v 0.372708 0.010000 -0.199226
v 0.352888 0.010000 -0.204492
v 0.372875 0.010000 -0.203756
v 0.353055 0.010000 -0.209005
v 0.373041 0.010000 -0.208265
v 0.353222 0.010000 -0.213497
v 0.373208 0.010000 -0.212753
v 0.353388 0.010000 -0.217968
v 0.373374 0.010000 -0.217221
v 0.353555 0.010000 -0.222418
v 0.373541 0.010000 -0.221667
v 0.353722 0.010000 -0.226846
v 0.373708 0.010000 -0.226092
v 0.353888 0.010000 -0.231252
v 0.373874 0.010000 -0.230494
v 0.354055 0.010000 -0.235635
v 0.374041 0.010000 -0.234873
v 0.354222 0.010000 -0.239995
v 0.374207 0.010000 -0.239229
v 0.354389 0.010000 -0.244332
v 0.374374 0.010000 -0.243561
v 0.354555 0.010000 -0.248644
v 0.374540 0.010000 -0.247869
v 0.354722 0.010000 -0.252932
v 0.374707 0.010000 -0.252153
v 0.354889 0.010000 -0.257195
v 0.374874 0.010000 -0.256411
v 0.355056 0.010000 -0.261433
v 0.375040 0.010000 -0.260644
v 0.355222 0.010000 -0.265645
v 0.375207 0.010000 -0.264851
v 0.355389 0.010000 -0.269830
v 0.375373 0.010000 -0.269032
v 0.355556 0.010000 -0.273989
v 0.375540 0.010000 -0.273185
v 0.355723 0.010000 -0.278121
v 0.375706 0.010000 -0.277311
v 0.355890 0.010000 -0.282225
v 0.375873 0.010000 -0.281410
v 0.356057 0.010000 -0.286302
v 0.376040 0.010000 -0.285482
v 0.356223 0.010000 -0.290351
v 0.376206 0.010000 -0.289525
v 0.356390 0.010000 -0.294371
v 0.376373 0.010000 -0.293539
v 0.356557 0.010000 -0.298361
v 0.376539 0.010000 -0.297523
v 0.356724 0.010000 -0.302322
v 0.376706 0.010000 -0.301478
v 0.356890 0.010000 -0.306254
v 0.376872 0.010000 -0.305402
v 0.357057 0.010000 -0.310154
v 0.377039 0.010000 -0.309296
v 0.357224 0.010000 -0.314024
v 0.377205 0.010000 -0.313160
v 0.357391 0.010000 -0.317863
v 0.377372 0.010000 -0.316991
v 0.357558 0.010000 -0.321671
v 0.377538 0.010000 -0.320792
v 0.357725 0.010000 -0.325446
v 0.377705 0.010000 -0.324560
v 0.357891 0.010000 -0.329190
v 0.377871 0.010000 -0.328295
v 0.358058 0.010000 -0.332901
v 0.378038 0.010000 -0.331998
v 0.358225 0.010000 -0.336579
v 0.378204 0.010000 -0.335668
v 0.358392 0.010000 -0.340224
v 0.378371 0.010000 -0.339305
v 0.358559 0.010000 -0.343835
v 0.378537 0.010000 -0.342907
v 0.358726 0.010000 -0.347412
v 0.378704 0.010000 -0.346475
v 0.358892 0.010000 -0.350955
v 0.378870 0.010000 -0.350009
v 0.359059 0.010000 -0.354463
v 0.379037 0.010000 -0.353508
v 0.359226 0.010000 -0.357936
v 0.379203 0.010000 -0.356971
v 0.359393 0.010000 -0.361374
v 0.379369 0.010000 -0.360399
v 0.359560 0.010000 -0.364775
v 0.379536 0.010000 -0.363790
v 0.359727 0.010000 -0.368141
v 0.379702 0.010000 -0.367145
v 0.359894 0.010000 -0.371470
v 0.379869 0.010000 -0.370463
v 0.360061 0.010000 -0.374762
v 0.380035 0.010000 -0.373744
v 0.360228 0.010000 -0.378017
v 0.380201 0.010000 -0.376987
v 0.360395 0.010000 -0.381235
v 0.380368 0.010000 -0.380192
v 0.360562 0.010000 -0.384414
v 0.380534 0.010000 -0.383359
v 0.360729 0.010000 -0.387556
v 0.380700 0.010000 -0.386486
v 0.360896 0.010000 -0.390658
v 0.380867 0.010000 -0.389575
v 0.361063 0.010000 -0.393723
v 0.381033 0.010000 -0.392628
v 0.361230 0.010000 -0.396749
v 0.381199 0.010000 -0.395639
v 0.361397 0.010000 -0.399735
v 0.381366 0.010000 -0.398611
v 0.361564 0.010000 -0.402682
v 0.381532 0.010000 -0.401542
v 0.361731 0.010000 -0.405588
v 0.381698 0.010000 -0.404432
v 0.361899 0.010000 -0.408454
v 0.381864 0.010000 -0.407282
v 0.362066 0.010000 -0.411280
v 0.382030 0.010000 -0.410090
v 0.362233 0.010000 -0.414065
v 0.382196 0.010000 -0.412857
v 0.362400 0.010000 -0.416809
v 0.382363 0.010000 -0.415583
v 0.362567 0.010000 -0.419511
v 0.382529 0.010000 -0.418266
v 0.362735 0.010000 -0.422173
v 0.382695 0.010000 -0.420908
v 0.362902 0.010000 -0.424792
v 0.382861 0.010000 -0.423507
v 0.363069 0.010000 -0.427369
v 0.383027 0.010000 -0.426063
v 0.363237 0.010000 -0.429905
v 0.383193 0.010000 -0.428576
v 0.363404 0.010000 -0.432398
v 0.383358 0.010000 -0.431046
v 0.363572 0.010000 -0.434848
v 0.383524 0.010000 -0.433472
v 0.363739 0.010000 -0.437255
v 0.383690 0.010000 -0.435854
v 0.363907 0.010000 -0.439620
v 0.383856 0.010000 -0.438192
v 0.364074 0.010000 -0.441941
v 0.384021 0.010000 -0.440486
v 0.364242 0.010000 -0.444218
v 0.384187 0.010000 -0.442735
v 0.364410 0.010000 -0.446452
v 0.384353 0.010000 -0.444939
v 0.364578 0.010000 -0.448642
v 0.384518 0.010000 -0.447098
v 0.364746 0.010000 -0.450788
v 0.384683 0.010000 -0.449211
v 0.364914 0.010000 -0.452890
v 0.384849 0.010000 -0.451278
v 0.365082 0.010000 -0.454947
v 0.385014 0.010000 -0.453299
v 0.365250 0.010000 -0.456959
v 0.385179 0.010000 -0.455273
v 0.365418 0.010000 -0.458927
v 0.385344 0.010000 -0.457201
v 0.365587 0.010000 -0.460849
v 0.385509 0.010000 -0.459081
v 0.365756 0.010000 -0.462727
v 0.385673 0.010000 -0.460913
v 0.365925 0.010000 -0.464559
v 0.385838 0.010000 -0.462698
v 0.366094 0.010000 -0.466346
v 0.386003 0.010000 -0.464439
v 0.366263 0.010000 -0.468089
v 0.386167 0.010000 -0.466130
v 0.366432 0.010000 -0.469787
v 0.386331 0.010000 -0.467772
v 0.366602 0.010000 -0.471439
v 0.386494 0.010000 -0.469365
v 0.366772 0.010000 -0.473045
v 0.386658 0.010000 -0.470908
v 0.366942 0.010000 -0.474606
v 0.386821 0.010000 -0.472403
v 0.367113 0.010000 -0.476122
v 0.386983 0.010000 -0.473847
v 0.367284 0.010000 -0.477592
v 0.387145 0.010000 -0.475242
v 0.367456 0.010000 -0.479018
v 0.387307 0.010000 -0.476585
v 0.367628 0.010000 -0.480398
v 0.387468 0.010000 -0.477878
v 0.367800 0.010000 -0.481734
v 0.387629 0.010000 -0.479120
v 0.367974 0.010000 -0.483025
v 0.387789 0.010000 -0.480310
v 0.368148 0.010000 -0.484273
v 0.387948 0.010000 -0.481447
v 0.368324 0.010000 -0.485477
v 0.388106 0.010000 -0.482531
v 0.368500 0.010000 -0.486637
v 0.388262 0.010000 -0.483561
v 0.368678 0.010000 -0.487756
v 0.388418 0.010000 -0.484537
v 0.368858 0.010000 -0.488832
v 0.388571 0.010000 -0.485456
v 0.369040 0.010000 -0.489868
v 0.388723 0.010000 -0.486319
v 0.369224 0.010000 -0.490864
v 0.388871 0.010000 -0.487124
v 0.369412 0.010000 -0.491823
v 0.389017 0.010000 -0.487868
v 0.369604 0.010000 -0.492745
v 0.389159 0.010000 -0.488551
v 0.369800 0.010000 -0.493634
v 0.389295 0.010000 -0.489168
v 0.370004 0.010000 -0.494491
v 0.389426 0.010000 -0.489718
v 0.370215 0.010000 -0.495322
v 0.389547 0.010000 -0.490196
v 0.370438 0.010000 -0.496130
v 0.389657 0.010000 -0.490597
v 0.370677 0.010000 -0.496923
v 0.389752 0.010000 -0.490914
v 0.370936 0.010000 -0.497709
v 0.389826 0.010000 -0.491138
v 0.371227 0.010000 -0.498500
v 0.389869 0.010000 -0.491257
v 0.371563 0.010000 -0.499315
v 0.389866 0.010000 -0.491253
v 0.371958 0.010000 -0.500152
v 0.389805 0.010000 -0.491126
v 0.372451 0.010000 -0.501054
v 0.389646 0.010000 -0.490840
v 0.373114 0.010000 -0.502067
v 0.389315 0.010000 -0.490340
v 0.374044 0.010000 -0.503205
v 0.388719 0.010000 -0.489616
v 0.375401 0.010000 -0.504455
v 0.387696 0.010000 -0.488680
v 0.377380 0.010000 -0.505686
v 0.386050 0.010000 -0.487662
v 0.380058 0.010000 -0.506563
v 0.383705 0.010000 -0.486898
v 0.383124 0.010000 -0.506679
v 0.380972 0.010000 -0.486795
v 0.385950 0.010000 -0.505970
v 0.378479 0.010000 -0.487418
v 0.388114 0.010000 -0.504794
v 0.376649 0.010000 -0.488407
v 0.389613 0.010000 -0.503534
v 0.375483 0.010000 -0.489380
v 0.390636 0.010000 -0.502367
v 0.374793 0.010000 -0.490161
v 0.391358 0.010000 -0.501327
v 0.374405 0.010000 -0.490715
v 0.391894 0.010000 -0.500391
v 0.374202 0.010000 -0.491065
v 0.392316 0.010000 -0.499529
v 0.374114 0.010000 -0.491242
v 0.392664 0.010000 -0.498713
v 0.374099 0.010000 -0.491273
v 0.392963 0.010000 -0.497921
v 0.374133 0.010000 -0.491181
v 0.393229 0.010000 -0.497137
v 0.374200 0.010000 -0.490983
v 0.393473 0.010000 -0.496347
v 0.374290 0.010000 -0.490689
v 0.393699 0.010000 -0.495544
v 0.374396 0.010000 -0.490311
v 0.393914 0.010000 -0.494721
v 0.374515 0.010000 -0.489854
v 0.394119 0.010000 -0.493871
v 0.374643 0.010000 -0.489324
v 0.394318 0.010000 -0.492991
v 0.374778 0.010000 -0.488725
v 0.394511 0.010000 -0.492078
v 0.374918 0.010000 -0.488061
v 0.394699 0.010000 -0.491129
v 0.375063 0.010000 -0.487333
v 0.394885 0.010000 -0.490143
v 0.375211 0.010000 -0.486545
v 0.395067 0.010000 -0.489116
v 0.375362 0.010000 -0.485698
v 0.395248 0.010000 -0.488049
v 0.375515 0.010000 -0.484793
v 0.395426 0.010000 -0.486940
v 0.375669 0.010000 -0.483832
v 0.395603 0.010000 -0.485790
v 0.375826 0.010000 -0.482813
v 0.395779 0.010000 -0.484596
v 0.375984 0.010000 -0.481740
v 0.395954 0.010000 -0.483359
v 0.376143 0.010000 -0.480617
v 0.396127 0.010000 -0.482078
v 0.376302 0.010000 -0.479441
v 0.396300 0.010000 -0.480752
v 0.376462 0.010000 -0.478211
v 0.396473 0.010000 -0.479380
v 0.376623 0.010000 -0.476930
v 0.396644 0.010000 -0.477964
v 0.376785 0.010000 -0.475597
v 0.396816 0.010000 -0.476503
v 0.376947 0.010000 -0.474213
v 0.396986 0.010000 -0.474996
v 0.377110 0.010000 -0.472779
v 0.397157 0.010000 -0.473443
v 0.377273 0.010000 -0.471294
v 0.397327 0.010000 -0.471845
v 0.377436 0.010000 -0.469760
v 0.397497 0.010000 -0.470202
v 0.377599 0.010000 -0.468176
v 0.397666 0.010000 -0.468513
v 0.377763 0.010000 -0.466543
v 0.397835 0.010000 -0.466779
v 0.377927 0.010000 -0.464862
v 0.398004 0.010000 -0.464999
v 0.378092 0.010000 -0.463133
v 0.398173 0.010000 -0.463174
v 0.378256 0.010000 -0.461355
v 0.398342 0.010000 -0.461304
v 0.378421 0.010000 -0.459529
v 0.398510 0.010000 -0.459389
v 0.378586 0.010000 -0.457657
v 0.398679 0.010000 -0.457429
v 0.378750 0.010000 -0.455737
v 0.398847 0.010000 -0.455423
v 0.378915 0.010000 -0.453770
v 0.399015 0.010000 -0.453373
v 0.379081 0.010000 -0.451756
v 0.399183 0.010000 -0.451278
v 0.379246 0.010000 -0.449696
v 0.399351 0.010000 -0.449139
v 0.379411 0.010000 -0.447590
v 0.399519 0.010000 -0.446955
v 0.379577 0.010000 -0.445438
v 0.399687 0.010000 -0.444727
v 0.379742 0.010000 -0.443240
v 0.399855 0.010000 -0.442455
v 0.379908 0.010000 -0.440997
v 0.400022 0.010000 -0.440138
v 0.380073 0.010000 -0.438708
v 0.400190 0.010000 -0.437778
v 0.380239 0.010000 -0.436374
v 0.400357 0.010000 -0.435374
v 0.380405 0.010000 -0.433996
v 0.400525 0.010000 -0.432927
v 0.380571 0.010000 -0.431573
v 0.400692 0.010000 -0.430437
v 0.380737 0.010000 -0.429105
v 0.400860 0.010000 -0.427903
v 0.380903 0.010000 -0.426593
v 0.401028 0.010000 -0.425327
v 0.381069 0.010000 -0.424041
v 0.401195 0.010000 -0.422709
v 0.381235 0.010000 -0.421444
v 0.401362 0.010000 -0.420049
v 0.381401 0.010000 -0.418804
v 0.401529 0.010000 -0.417347
v 0.381567 0.010000 -0.416121
v 0.401697 0.010000 -0.414603
v 0.381733 0.010000 -0.413395
v 0.401864 0.010000 -0.411817
v 0.381899 0.010000 -0.410628
v 0.402031 0.010000 -0.408990
v 0.382065 0.010000 -0.407818
v 0.402198 0.010000 -0.406122
v 0.382231 0.010000 -0.404967
v 0.402365 0.010000 -0.403214
v 0.382398 0.010000 -0.402074
v 0.402532 0.010000 -0.400265
v 0.382564 0.010000 -0.399141
v 0.402699 0.010000 -0.397276
v 0.382730 0.010000 -0.396167
v 0.402866 0.010000 -0.394248
v 0.382896 0.010000 -0.393153
v 0.403033 0.010000 -0.391179
v 0.383063 0.010000 -0.390099
v 0.403200 0.010000 -0.388072
v 0.383229 0.010000 -0.387005
v 0.403367 0.010000 -0.384926
v 0.383395 0.010000 -0.383872
v 0.403534 0.010000 -0.381742
v 0.383562 0.010000 -0.380701
v 0.403701 0.010000 -0.378519
v 0.383728 0.010000 -0.377490
v 0.403868 0.010000 -0.375258
v 0.383894 0.010000 -0.374241
v 0.404035 0.010000 -0.371960
v 0.384061 0.010000 -0.370955
v 0.404202 0.010000 -0.368625
v 0.384227 0.010000 -0.367630
v 0.404369 0.010000 -0.365252
v 0.384393 0.010000 -0.364269
v 0.404536 0.010000 -0.361843
v 0.384560 0.010000 -0.360870
v 0.404703 0.010000 -0.358397
v 0.384726 0.010000 -0.357435
v 0.404870 0.010000 -0.354916
v 0.384893 0.010000 -0.353963
v 0.405037 0.010000 -0.351398
v 0.385059 0.010000 -0.350455
v 0.405204 0.010000 -0.347846
v 0.385225 0.010000 -0.346912
v 0.405371 0.010000 -0.344258
v 0.385392 0.010000 -0.343333
v 0.405537 0.010000 -0.340635
v 0.385558 0.010000 -0.339719
v 0.405704 0.010000 -0.336978
v 0.385725 0.010000 -0.336070
v 0.405871 0.010000 -0.333287
v 0.385892 0.010000 -0.332387
v 0.406038 0.010000 -0.329563
v 0.386058 0.010000 -0.328672
v 0.406205 0.010000 -0.325806
v 0.386225 0.010000 -0.324923
v 0.406372 0.010000 -0.322016
v 0.386391 0.010000 -0.321141
v 0.406539 0.010000 -0.318194
v 0.386558 0.010000 -0.317326
v 0.406706 0.010000 -0.314339
v 0.386724 0.010000 -0.313478
v 0.406872 0.010000 -0.310453
v 0.386891 0.010000 -0.309599
v 0.407039 0.010000 -0.306536
v 0.387057 0.010000 -0.305688
v 0.407206 0.010000 -0.302587
v 0.387224 0.010000 -0.301746
v 0.407373 0.010000 -0.298608
v 0.387390 0.010000 -0.297774
v 0.407539 0.010000 -0.294599
v 0.387557 0.010000 -0.293771
v 0.407706 0.010000 -0.290560
v 0.387723 0.010000 -0.289738
v 0.407873 0.010000 -0.286493
v 0.387890 0.010000 -0.285676
v 0.408040 0.010000 -0.282396
v 0.388056 0.010000 -0.281585
v 0.408207 0.010000 -0.278271
v 0.388223 0.010000 -0.277466
v 0.408373 0.010000 -0.274118
v 0.388389 0.010000 -0.273318
v 0.408540 0.010000 -0.269937
v 0.388556 0.010000 -0.269142
v 0.408707 0.010000 -0.265729
v 0.388722 0.010000 -0.264940
v 0.408874 0.010000 -0.261494
v 0.388889 0.010000 -0.260710
v 0.409040 0.010000 -0.257234
v 0.389056 0.010000 -0.256454
v 0.409207 0.010000 -0.252947
v 0.389222 0.010000 -0.252172
v 0.409374 0.010000 -0.248634
v 0.389389 0.010000 -0.247864
v 0.409541 0.010000 -0.244297
v 0.389555 0.010000 -0.243531
v 0.409707 0.010000 -0.239935
v 0.389722 0.010000 -0.239173
v 0.409874 0.010000 -0.235549
v 0.389888 0.010000 -0.234791
v 0.410041 0.010000 -0.231138
v 0.390055 0.010000 -0.230385
v 0.410208 0.010000 -0.226705
v 0.390222 0.010000 -0.225955
v 0.410374 0.010000 -0.222248
v 0.390388 0.010000 -0.221502
v 0.410541 0.010000 -0.217769
v 0.390555 0.010000 -0.217027
v 0.410708 0.010000 -0.213268
v 0.390721 0.010000 -0.212529
v 0.410875 0.010000 -0.208745
v 0.390888 0.010000 -0.208009
v 0.411041 0.010000 -0.204201
v 0.391055 0.010000 -0.203470
v 0.411208 0.010000 -0.199637
v 0.391221 0.010000 -0.198909
v 0.411375 0.010000 -0.195053
v 0.391388 0.010000 -0.194328
v 0.411542 0.010000 -0.190449
v 0.391555 0.010000 -0.189727
v 0.411708 0.010000 -0.185825
v 0.391721 0.010000 -0.185106
v 0.411875 0.010000 -0.181183
v 0.391888 0.010000 -0.180467
v 0.412042 0.010000 -0.176523
v 0.392054 0.010000 -0.175809
v 0.412208 0.010000 -0.171844
v 0.392221 0.010000 -0.171133
v 0.412375 0.010000 -0.167148
v 0.392388 0.010000 -0.166440
v 0.412542 0.010000 -0.162435
v 0.392554 0.010000 -0.161730
v 0.412709 0.010000 -0.157706
v 0.392721 0.010000 -0.157003
v 0.412875 0.010000 -0.152961
v 0.392888 0.010000 -0.152260
v 0.413042 0.010000 -0.148200
v 0.393054 0.010000 -0.147501
v 0.413209 0.010000 -0.143425
v 0.393221 0.010000 -0.142728
v 0.413375 0.010000 -0.138634
v 0.393387 0.010000 -0.137940
v 0.413542 0.010000 -0.133830
v 0.393554 0.010000 -0.133138
v 0.413709 0.010000 -0.129013
v 0.393721 0.010000 -0.128322
v 0.413875 0.010000 -0.124182
v 0.393887 0.010000 -0.123493
v 0.414042 0.010000 -0.119338
v 0.394054 0.010000 -0.118651
v 0.414209 0.010000 -0.114483
v 0.394220 0.010000 -0.113797
v 0.414375 0.010000 -0.109616
v 0.394387 0.010000 -0.108932
v 0.414542 0.010000 -0.104737
v 0.394554 0.010000 -0.104055
v 0.414709 0.010000 -0.099849
v 0.394720 0.010000 -0.099168
v 0.414875 0.010000 -0.094949
v 0.394887 0.010000 -0.094270
v 0.415042 0.010000 -0.090041
v 0.395054 0.010000 -0.089363
v 0.415209 0.010000 -0.085123
v 0.395220 0.010000 -0.084446
v 0.415375 0.010000 -0.080196
v 0.395387 0.010000 -0.079520
v 0.415542 0.010000 -0.075261
v 0.395554 0.010000 -0.074586
v 0.415709 0.010000 -0.070319
v 0.395720 0.010000 -0.069644
v 0.415876 0.010000 -0.065369
v 0.395887 0.010000 -0.064695
v 0.416043 0.010000 -0.060412
v 0.396054 0.010000 -0.059740
v 0.416209 0.010000 -0.055449
v 0.396220 0.010000 -0.054778
v 0.416376 0.010000 -0.050481
v 0.396387 0.010000 -0.049811
v 0.416543 0.010000 -0.045507
v 0.396554 0.010000 -0.044838
v 0.416709 0.010000 -0.040529
v 0.396720 0.010000 -0.039860
v 0.416876 0.010000 -0.035546
v 0.396887 0.010000 -0.034878
v 0.417043 0.010000 -0.030560
v 0.397054 0.010000 -0.029892
v 0.417209 0.010000 -0.025571
v 0.397220 0.010000 -0.024903
v 0.417376 0.010000 -0.020579
v 0.397387 0.010000 -0.019912
v 0.417543 0.010000 -0.015585
v 0.397554 0.010000 -0.014918
v 0.417709 0.010000 -0.010589
v 0.397720 0.010000 -0.009922
v 0.417876 0.010000 -0.005592
v 0.397887 0.010000 -0.004925
v 0.418042 0.010000 -0.000594
v 0.398054 0.010000 0.000073
v 0.418209 0.010000 0.004404
v 0.398220 0.010000 0.005071
v 0.418376 0.010000 0.009402
v 0.398387 0.010000 0.010068
v 0.418542 0.010000 0.014398
v 0.398554 0.010000 0.015065
v 0.418709 0.010000 0.019394
v 0.398720 0.010000 0.020061
v 0.418876 0.010000 0.024388
v 0.398887 0.010000 0.025055
v 0.419042 0.010000 0.029379
v 0.399054 0.010000 0.030047
v 0.419209 0.010000 0.034367
v 0.399220 0.010000 0.035035
v 0.419376 0.010000 0.039353
v 0.399387 0.010000 0.040021
v 0.419542 0.010000 0.044334
v 0.399554 0.010000 0.045003
v 0.419709 0.010000 0.049311
v 0.399720 0.010000 0.049981
v 0.419876 0.010000 0.054283
v 0.399887 0.010000 0.054953
v 0.420042 0.010000 0.059250
v 0.400054 0.010000 0.059921
v 0.420209 0.010000 0.064211
v 0.400220 0.010000 0.064883
v 0.420376 0.010000 0.069165
v 0.400387 0.010000 0.069838
v 0.420542 0.010000 0.074113
v 0.400554 0.010000 0.074787
v 0.420709 0.010000 0.079053
v 0.400720 0.010000 0.079729
v 0.420876 0.010000 0.083986
v 0.400887 0.010000 0.084662
v 0.421042 0.010000 0.088911
v 0.401054 0.010000 0.089588
v 0.421209 0.010000 0.093826
v 0.401221 0.010000 0.094505
v 0.421376 0.010000 0.098733
v 0.401387 0.010000 0.099412
v 0.421542 0.010000 0.103629
v 0.401554 0.010000 0.104310
v 0.421709 0.010000 0.108515
v 0.401721 0.010000 0.109197
v 0.421876 0.010000 0.113390
v 0.401887 0.010000 0.114074
v 0.422042 0.010000 0.118254
v 0.402054 0.010000 0.118939
v 0.422209 0.010000 0.123106
v 0.402221 0.010000 0.123793
v 0.422376 0.010000 0.127946
v 0.402387 0.010000 0.128635
v 0.422542 0.010000 0.132773
v 0.402554 0.010000 0.133463
v 0.422709 0.010000 0.137586
v 0.402721 0.010000 0.138279
v 0.422875 0.010000 0.142386
v 0.402887 0.010000 0.143081
v 0.423042 0.010000 0.147172
v 0.403054 0.010000 0.147869
v 0.423209 0.010000 0.151943
v 0.403221 0.010000 0.152642
v 0.423375 0.010000 0.156699
v 0.403387 0.010000 0.157401
v 0.423542 0.010000 0.161440
v 0.403554 0.010000 0.162144
v 0.423708 0.010000 0.166164
v 0.403721 0.010000 0.166870
v 0.423875 0.010000 0.170872
v 0.403888 0.010000 0.171581
v 0.424042 0.010000 0.175563
v 0.404054 0.010000 0.176274
v 0.424208 0.010000 0.180236
v 0.404221 0.010000 0.180950
v 0.424375 0.010000 0.184891
v 0.404388 0.010000 0.185608
v 0.424541 0.010000 0.189528
v 0.404554 0.010000 0.190247
v 0.424708 0.010000 0.194145
v 0.404721 0.010000 0.194868
v 0.424875 0.010000 0.198744
v 0.404888 0.010000 0.199469
v 0.425041 0.010000 0.203322
v 0.405055 0.010000 0.204051
v 0.425208 0.010000 0.207880
v 0.405221 0.010000 0.208612
v 0.425374 0.010000 0.212417
v 0.405388 0.010000 0.213153
v 0.425541 0.010000 0.216933
v 0.405555 0.010000 0.217672
v 0.425708 0.010000 0.221426
v 0.405721 0.010000 0.222170
v 0.425875 0.010000 0.225898
v 0.405888 0.010000 0.226645
v 0.426041 0.010000 0.230348
v 0.406055 0.010000 0.231098
v 0.426208 0.010000 0.234775
v 0.406222 0.010000 0.235529
v 0.426374 0.010000 0.239178
v 0.406389 0.010000 0.239936
v 0.426541 0.010000 0.243556
v 0.406555 0.010000 0.244319
v 0.426707 0.010000 0.247911
v 0.406722 0.010000 0.248677
v 0.426874 0.010000 0.252240
v 0.406889 0.010000 0.253011
v 0.427041 0.010000 0.256544
v 0.407056 0.010000 0.257320
v 0.427207 0.010000 0.260822
v 0.407222 0.010000 0.261603
v 0.427374 0.010000 0.265075
v 0.407389 0.010000 0.265860
v 0.427540 0.010000 0.269300
v 0.407556 0.010000 0.270090
v 0.427707 0.010000 0.273499
v 0.407723 0.010000 0.274294
v 0.427873 0.010000 0.277670
v 0.407889 0.010000 0.278470
v 0.428040 0.010000 0.281813
v 0.408056 0.010000 0.282619
v 0.428206 0.010000 0.285928
v 0.408223 0.010000 0.286740
v 0.428373 0.010000 0.290015
v 0.408390 0.010000 0.290832
v 0.428540 0.010000 0.294073
v 0.408556 0.010000 0.294896
v 0.428706 0.010000 0.298101
v 0.408723 0.010000 0.298930
v 0.428873 0.010000 0.302099
v 0.408890 0.010000 0.302934
v 0.429039 0.010000 0.306067
v 0.409057 0.010000 0.306909
v 0.429206 0.010000 0.310004
v 0.409224 0.010000 0.310853
v 0.429372 0.010000 0.313910
v 0.409390 0.010000 0.314766
v 0.429539 0.010000 0.317785
v 0.409557 0.010000 0.318647
v 0.429705 0.010000 0.321628
v 0.409724 0.010000 0.322497
v 0.429872 0.010000 0.325438
v 0.409891 0.010000 0.326315
v 0.430038 0.010000 0.329216
v 0.410058 0.010000 0.330100
v 0.430205 0.010000 0.332960
v 0.410224 0.010000 0.333853
v 0.430371 0.010000 0.336671
v 0.410391 0.010000 0.337572
v 0.430538 0.010000 0.340348
v 0.410558 0.010000 0.341257
v 0.430704 0.010000 0.343991
v 0.410725 0.010000 0.344909
v 0.430871 0.010000 0.347598
v 0.410892 0.010000 0.348525
v 0.431037 0.010000 0.351173
v 0.411059 0.010000 0.352108
v 0.431204 0.010000 0.354712
v 0.411226 0.010000 0.355657
v 0.431370 0.010000 0.358215
v 0.411393 0.010000 0.359169
v 0.431536 0.010000 0.361682
v 0.411560 0.010000 0.362646
v 0.431703 0.010000 0.365112
v 0.411727 0.010000 0.366086
v 0.431869 0.010000 0.368505
v 0.411894 0.010000 0.369490
v 0.432036 0.010000 0.371861
v 0.412060 0.010000 0.372857
v 0.432202 0.010000 0.375180
v 0.412227 0.010000 0.376187
v 0.432368 0.010000 0.378461
v 0.412394 0.010000 0.379479
v 0.432535 0.010000 0.381704
v 0.412561 0.010000 0.382734
v 0.432701 0.010000 0.384908
v 0.412728 0.010000 0.385951
v 0.432867 0.010000 0.388074
v 0.412895 0.010000 0.389130
v 0.433034 0.010000 0.391201
v 0.413062 0.010000 0.392270
v 0.433200 0.010000 0.394288
v 0.413229 0.010000 0.395371
v 0.433366 0.010000 0.397336
v 0.413396 0.010000 0.398433
v 0.433533 0.010000 0.400344
v 0.413563 0.010000 0.401455
v 0.433699 0.010000 0.403312
v 0.413731 0.010000 0.404438
v 0.433865 0.010000 0.406239
v 0.413898 0.010000 0.407381
v 0.434031 0.010000 0.409125
v 0.414065 0.010000 0.410283
v 0.434197 0.010000 0.411970
v 0.414232 0.010000 0.413145
v 0.434363 0.010000 0.414774
v 0.414399 0.010000 0.415966
v 0.434530 0.010000 0.417535
v 0.414566 0.010000 0.418745
v 0.434696 0.010000 0.420255
v 0.414733 0.010000 0.421483
v 0.434862 0.010000 0.422932
v 0.414901 0.010000 0.424180
v 0.435028 0.010000 0.425566
v 0.415068 0.010000 0.426834
v 0.435194 0.010000 0.428157
v 0.415235 0.010000 0.429446
v 0.435360 0.010000 0.430704
v 0.415403 0.010000 0.432016
v 0.435526 0.010000 0.433208
v 0.415570 0.010000 0.434542
v 0.435691 0.010000 0.435667
v 0.415738 0.010000 0.437026
v 0.435858 0.010000 0.438083
v 0.415905 0.010000 0.439466
v 0.436023 0.010000 0.440456
v 0.416073 0.010000 0.441863
v 0.436189 0.010000 0.442784
v 0.416241 0.010000 0.444218
v 0.436355 0.010000 0.445066
v 0.416408 0.010000 0.446528
v 0.436520 0.010000 0.447303
v 0.416576 0.010000 0.448794
v 0.436686 0.010000 0.449494
v 0.416744 0.010000 0.451016
v 0.436851 0.010000 0.451640
v 0.416912 0.010000 0.453194
v 0.437017 0.010000 0.453739
v 0.417080 0.010000 0.455327
v 0.437182 0.010000 0.455792
v 0.417248 0.010000 0.457415
v 0.437347 0.010000 0.457799
v 0.417416 0.010000 0.459458
v 0.437512 0.010000 0.459759
v 0.417584 0.010000 0.461457
v 0.437677 0.010000 0.461671
v 0.417753 0.010000 0.463410
v 0.437842 0.010000 0.463537
v 0.417921 0.010000 0.465318
v 0.438006 0.010000 0.465355
v 0.418090 0.010000 0.467182
v 0.438171 0.010000 0.467125
v 0.418259 0.010000 0.468999
v 0.438335 0.010000 0.468847
v 0.418428 0.010000 0.470772
v 0.438499 0.010000 0.470521
v 0.418597 0.010000 0.472499
v 0.438663 0.010000 0.472146
v 0.418766 0.010000 0.474181
v 0.438826 0.010000 0.473722
v 0.418936 0.010000 0.475817
v 0.438990 0.010000 0.475249
v 0.419106 0.010000 0.477408
v 0.439152 0.010000 0.476726
v 0.419277 0.010000 0.478954
v 0.439315 0.010000 0.478154
v 0.419448 0.010000 0.480454
v 0.439477 0.010000 0.479530
v 0.419619 0.010000 0.481909
v 0.439638 0.010000 0.480856
v 0.419791 0.010000 0.483319
v 0.439799 0.010000 0.482130
v 0.419963 0.010000 0.484683
v 0.439960 0.010000 0.483353
v 0.420136 0.010000 0.486003
v 0.440119 0.010000 0.484522
v 0.420310 0.010000 0.487279
v 0.440278 0.010000 0.485639
v 0.420485 0.010000 0.488510
v 0.440435 0.010000 0.486701
v 0.420661 0.010000 0.489697
v 0.440591 0.010000 0.487706
v 0.420838 0.010000 0.490843
v 0.440746 0.010000 0.488660
v 0.421017 0.010000 0.491943
v 0.440899 0.010000 0.489561
v 0.421197 0.010000 0.493001
v 0.441049 0.010000 0.490400
v 0.421380 0.010000 0.494023
v 0.441197 0.010000 0.491179
v 0.421566 0.010000 0.495004
v 0.441341 0.010000 0.491897
v 0.421755 0.010000 0.495949
v 0.441480 0.010000 0.492552
v 0.421949 0.010000 0.496857
v 0.441614 0.010000 0.493141
v 0.422149 0.010000 0.497733
v 0.441741 0.010000 0.493660
v 0.422355 0.010000 0.498578
v 0.441858 0.010000 0.494105
v 0.422571 0.010000 0.499399
v 0.441962 0.010000 0.494471
v 0.422800 0.010000 0.500200
v 0.442049 0.010000 0.494750
v 0.423047 0.010000 0.500988
v 0.442112 0.010000 0.494933
v 0.423318 0.010000 0.501773
v 0.442139 0.010000 0.495007
v 0.423623 0.010000 0.502568
v 0.442115 0.010000 0.494954
v 0.423981 0.010000 0.503389
v 0.442012 0.010000 0.494753
v 0.424417 0.010000 0.504261
v 0.441786 0.010000 0.494373
v 0.424977 0.010000 0.505210
v 0.441361 0.010000 0.493785
v 0.425735 0.010000 0.506269
v 0.440612 0.010000 0.492972
v 0.426818 0.010000 0.507453
v 0.439357 0.010000 0.491981
v 0.428406 0.010000 0.508716
v 0.437421 0.010000 0.491020
v 0.430675 0.010000 0.509848
v 0.434860 0.010000 0.490491
v 0.433570 0.010000 0.510449
v 0.432154 0.010000 0.490707
v 0.436609 0.010000 0.510205
v 0.429909 0.010000 0.491533
v 0.439187 0.010000 0.509251
v 0.428366 0.010000 0.492552
v 0.441063 0.010000 0.508004
v 0.427417 0.010000 0.493459
v 0.442345 0.010000 0.506770
v 0.426868 0.010000 0.494149
v 0.443228 0.010000 0.505653
v 0.426566 0.010000 0.494617
v 0.443863 0.010000 0.504657
v 0.426416 0.010000 0.494894
v 0.444347 0.010000 0.503753
v 0.426361 0.010000 0.495009
v 0.444734 0.010000 0.502910
v 0.426370 0.010000 0.494984
v 0.445059 0.010000 0.502107
v 0.426422 0.010000 0.494839
v 0.445341 0.010000 0.501324
v 0.426500 0.010000 0.494599
v 0.445597 0.010000 0.500542
v 0.426597 0.010000 0.494271
v 0.445833 0.010000 0.499746
v 0.426709 0.010000 0.493860
v 0.446054 0.010000 0.498934
v 0.426831 0.010000 0.493372
v 0.446265 0.010000 0.498100
v 0.426962 0.010000 0.492813
v 0.446467 0.010000 0.497237
v 0.427100 0.010000 0.492186
v 0.446663 0.010000 0.496344
v 0.427242 0.010000 0.491495
v 0.446854 0.010000 0.495416
v 0.427388 0.010000 0.490741
v 0.447041 0.010000 0.494452
v 0.427538 0.010000 0.489928
v 0.447225 0.010000 0.493449
v 0.427689 0.010000 0.489056
v 0.447407 0.010000 0.492407
v 0.427843 0.010000 0.488128
v 0.447586 0.010000 0.491324
v 0.427999 0.010000 0.487144
v 0.447764 0.010000 0.490199
v 0.428156 0.010000 0.486105
v 0.447940 0.010000 0.489032
v 0.428314 0.010000 0.485013
v 0.448116 0.010000 0.487821
v 0.428473 0.010000 0.483868
v 0.448290 0.010000 0.486567
v 0.428633 0.010000 0.482670
v 0.448463 0.010000 0.485269
v 0.428793 0.010000 0.481420
v 0.448636 0.010000 0.483926
v 0.428955 0.010000 0.480119
v 0.448808 0.010000 0.482539
v 0.429117 0.010000 0.478768
v 0.448979 0.010000 0.481107
v 0.429279 0.010000 0.477366
v 0.449150 0.010000 0.479630
v 0.429442 0.010000 0.475914
v 0.449321 0.010000 0.478107
v 0.429605 0.010000 0.474412
v 0.449491 0.010000 0.476540
v 0.429768 0.010000 0.472861
v 0.449661 0.010000 0.474927
v 0.429932 0.010000 0.471262
v 0.449831 0.010000 0.473269
v 0.430096 0.010000 0.469613
v 0.450000 0.010000 0.471565
v 0.430260 0.010000 0.467916
v 0.450169 0.010000 0.469816
v 0.430424 0.010000 0.466170
v 0.450338 0.010000 0.468021
v 0.430589 0.010000 0.464377
v 0.450507 0.010000 0.466182
v 0.430753 0.010000 0.462535
v 0.450676 0.010000 0.464297
v 0.430919 0.010000 0.460646
v 0.450844 0.010000 0.462367
v 0.431084 0.010000 0.458713
v 0.451013 0.010000 0.460394
v 0.431249 0.010000 0.456732
v 0.451181 0.010000 0.458375
v 0.431414 0.010000 0.454705
v 0.451349 0.010000 0.456312
v 0.431579 0.010000 0.452631
v 0.451517 0.010000 0.454204
v 0.431744 0.010000 0.450512
v 0.451685 0.010000 0.452052
v 0.431910 0.010000 0.448347
v 0.451853 0.010000 0.449855
v 0.432075 0.010000 0.446136
v 0.452021 0.010000 0.447615
v 0.432241 0.010000 0.443880
v 0.452188 0.010000 0.445331
v 0.432407 0.010000 0.441580
v 0.452356 0.010000 0.443003
v 0.432572 0.010000 0.439235
v 0.452524 0.010000 0.440632
v 0.432738 0.010000 0.436846
v 0.452691 0.010000 0.438218
v 0.432904 0.010000 0.434413
v 0.452859 0.010000 0.435761
v 0.433070 0.010000 0.431936
v 0.453026 0.010000 0.433262
v 0.433236 0.010000 0.429417
v 0.453193 0.010000 0.430720
v 0.433402 0.010000 0.426854
v 0.453361 0.010000 0.428136
v 0.433568 0.010000 0.424248
v 0.453528 0.010000 0.425510
v 0.433734 0.010000 0.421601
v 0.453695 0.010000 0.422843
v 0.433900 0.010000 0.418911
v 0.453863 0.010000 0.420134
v 0.434066 0.010000 0.416179
v 0.454030 0.010000 0.417384
v 0.434232 0.010000 0.413405
v 0.454197 0.010000 0.414593
v 0.434398 0.010000 0.410591
v 0.454364 0.010000 0.411761
v 0.434565 0.010000 0.407735
v 0.454531 0.010000 0.408889
v 0.434731 0.010000 0.404839
v 0.454698 0.010000 0.405977
v 0.434897 0.010000 0.401902
v 0.454865 0.010000 0.403025
v 0.435063 0.010000 0.398925
v 0.455033 0.010000 0.400033
v 0.435229 0.010000 0.395908
v 0.455200 0.010000 0.397002
v 0.435396 0.010000 0.392852
v 0.455367 0.010000 0.393932
v 0.435562 0.010000 0.389756
v 0.455534 0.010000 0.390822
v 0.435728 0.010000 0.386621
v 0.455701 0.010000 0.387675
v 0.435895 0.010000 0.383447
v 0.455868 0.010000 0.384489
v 0.436061 0.010000 0.380237
v 0.456035 0.010000 0.381266
v 0.436228 0.010000 0.376989
v 0.456202 0.010000 0.378006
v 0.436394 0.010000 0.373703
v 0.456369 0.010000 0.374709
v 0.436560 0.010000 0.370380
v 0.456536 0.010000 0.371374
v 0.436727 0.010000 0.367020
v 0.456703 0.010000 0.368004
v 0.436893 0.010000 0.363623
v 0.456870 0.010000 0.364597
v 0.437060 0.010000 0.360190
v 0.457036 0.010000 0.361154
v 0.437226 0.010000 0.356722
v 0.457203 0.010000 0.357675
v 0.437393 0.010000 0.353218
v 0.457370 0.010000 0.354162
v 0.437559 0.010000 0.349679
v 0.457537 0.010000 0.350614
v 0.437725 0.010000 0.346105
v 0.457704 0.010000 0.347031
v 0.437892 0.010000 0.342498
v 0.457871 0.010000 0.343415
v 0.438058 0.010000 0.338856
v 0.458038 0.010000 0.339765
v 0.438225 0.010000 0.335181
v 0.458205 0.010000 0.336082
v 0.438391 0.010000 0.331473
v 0.458371 0.010000 0.332366
v 0.438558 0.010000 0.327732
v 0.458538 0.010000 0.328617
v 0.438724 0.010000 0.323959
v 0.458705 0.010000 0.324837
v 0.438891 0.010000 0.320154
v 0.458872 0.010000 0.321025
v 0.439057 0.010000 0.316317
v 0.459039 0.010000 0.317181
v 0.439224 0.010000 0.312449
v 0.459205 0.010000 0.313306
v 0.439390 0.010000 0.308551
v 0.459372 0.010000 0.309401
v 0.439557 0.010000 0.304622
v 0.459539 0.010000 0.305466
v 0.439723 0.010000 0.300663
v 0.459706 0.010000 0.301500
v 0.439890 0.010000 0.296674
v 0.459873 0.010000 0.297506
v 0.440056 0.010000 0.292657
v 0.460039 0.010000 0.293482
v 0.440223 0.010000 0.288610
v 0.460206 0.010000 0.289429
v 0.440389 0.010000 0.284535
v 0.460373 0.010000 0.285348
v 0.440556 0.010000 0.280431
v 0.460540 0.010000 0.281240
v 0.440723 0.010000 0.276300
v 0.460706 0.010000 0.277104
v 0.440890 0.010000 0.272141
v 0.460874 0.010000 0.272940
v 0.441056 0.010000 0.267957
v 0.461040 0.010000 0.268750
v 0.441223 0.010000 0.263747
v 0.461207 0.010000 0.264535
v 0.441389 0.010000 0.259510
v 0.461374 0.010000 0.260294
v 0.441556 0.010000 0.255249
v 0.461541 0.010000 0.256027
v 0.441722 0.010000 0.250961
v 0.461707 0.010000 0.251736
v 0.441889 0.010000 0.246650
v 0.461874 0.010000 0.247420
v 0.442055 0.010000 0.242314
v 0.462041 0.010000 0.243080
v 0.442222 0.010000 0.237955
v 0.462207 0.010000 0.238716
v 0.442389 0.010000 0.233572
v 0.462374 0.010000 0.234330
v 0.442555 0.010000 0.229166
v 0.462541 0.010000 0.229920
v 0.442722 0.010000 0.224739
v 0.462708 0.010000 0.225489
v 0.442888 0.010000 0.220289
v 0.462874 0.010000 0.221036
v 0.443055 0.010000 0.215818
v 0.463041 0.010000 0.216561
v 0.443222 0.010000 0.211326
v 0.463208 0.010000 0.212066
v 0.443388 0.010000 0.206814
v 0.463375 0.010000 0.207550
v 0.443555 0.010000 0.202281
v 0.463541 0.010000 0.203014
v 0.443721 0.010000 0.197729
v 0.463708 0.010000 0.198459
v 0.443888 0.010000 0.193158
v 0.463875 0.010000 0.193885
v 0.444055 0.010000 0.188569
v 0.464041 0.010000 0.189293
v 0.444221 0.010000 0.183961
v 0.464208 0.010000 0.184682
v 0.444388 0.010000 0.179335
v 0.464375 0.010000 0.180054
v 0.444554 0.010000 0.174692
v 0.464542 0.010000 0.175408
v 0.444721 0.010000 0.170033
v 0.464708 0.010000 0.170746
v 0.444888 0.010000 0.165357
v 0.464875 0.010000 0.166068
v 0.445054 0.010000 0.160665
v 0.465042 0.010000 0.161373
v 0.445221 0.010000 0.155957
v 0.465208 0.010000 0.156664
v 0.445387 0.010000 0.151235
v 0.465375 0.010000 0.151939
v 0.445554 0.010000 0.146498
v 0.465542 0.010000 0.147200
v 0.445721 0.010000 0.141747
v 0.465708 0.010000 0.142448
v 0.445888 0.010000 0.136982
v 0.465875 0.010000 0.137681
v 0.446054 0.010000 0.132206
v 0.466042 0.010000 0.132902
v 0.446221 0.010000 0.127416
v 0.466209 0.010000 0.128111
v 0.446388 0.010000 0.122615
v 0.466375 0.010000 0.123307
v 0.446554 0.010000 0.117801
v 0.466542 0.010000 0.118493
v 0.446721 0.010000 0.112977
v 0.466709 0.010000 0.113667
v 0.446887 0.010000 0.108142
v 0.466876 0.010000 0.108831
v 0.447054 0.010000 0.103297
v 0.467042 0.010000 0.103984
v 0.447221 0.010000 0.098443
v 0.467209 0.010000 0.099128
v 0.447387 0.010000 0.093579
v 0.467376 0.010000 0.094264
v 0.447554 0.010000 0.088707
v 0.467542 0.010000 0.089390
v 0.447721 0.010000 0.083827
v 0.467709 0.010000 0.084509
v 0.447887 0.010000 0.078939
v 0.467876 0.010000 0.079620
v 0.448054 0.010000 0.074044
v 0.468042 0.010000 0.074724
v 0.448220 0.010000 0.069143
v 0.468209 0.010000 0.069822
v 0.448387 0.010000 0.064235
v 0.468376 0.010000 0.064913
v 0.448554 0.010000 0.059321
v 0.468542 0.010000 0.059999
v 0.448720 0.010000 0.054403
v 0.468709 0.010000 0.055080
v 0.448887 0.010000 0.049480
v 0.468876 0.010000 0.050156
v 0.449054 0.010000 0.044553
v 0.469042 0.010000 0.045228
v 0.449220 0.010000 0.039622
v 0.469209 0.010000 0.040297
v 0.449387 0.010000 0.034687
v 0.469376 0.010000 0.035362
v 0.449554 0.010000 0.029751
v 0.469542 0.010000 0.030425
v 0.449720 0.010000 0.024812
v 0.469709 0.010000 0.025486
v 0.449887 0.010000 0.019871
v 0.469876 0.010000 0.020545
v 0.450054 0.010000 0.014929
v 0.470042 0.010000 0.015603
v 0.450220 0.010000 0.009987
v 0.470209 0.010000 0.010661
v 0.450387 0.010000 0.005044
v 0.470376 0.010000 0.005718
v 0.450554 0.010000 0.000102
v 0.470542 0.010000 0.000776
v 0.450720 0.010000 -0.004840
v 0.470709 0.010000 -0.004165
v 0.450887 0.010000 -0.009780
v 0.470876 0.010000 -0.009105
v 0.451054 0.010000 -0.014718
v 0.471043 0.010000 -0.014044
v 0.451221 0.010000 -0.019655
v 0.471209 0.010000 -0.018980
v 0.451387 0.010000 -0.024588
v 0.471376 0.010000 -0.023912
v 0.451554 0.010000 -0.029518
v 0.471542 0.010000 -0.028842
v 0.451721 0.010000 -0.034444
v 0.471709 0.010000 -0.033768
v 0.451887 0.010000 -0.039366
v 0.471876 0.010000 -0.038689
v 0.452054 0.010000 -0.044283
v 0.472042 0.010000 -0.043605
v 0.452220 0.010000 -0.049195
v 0.472209 0.010000 -0.048516
v 0.452387 0.010000 -0.054101
v 0.472376 0.010000 -0.053421
v 0.452554 0.010000 -0.059000
v 0.472542 0.010000 -0.058320
v 0.452721 0.010000 -0.063893
v 0.472709 0.010000 -0.063212
v 0.452887 0.010000 -0.068779
v 0.472876 0.010000 -0.068097
v 0.453054 0.010000 -0.073657
v 0.473042 0.010000 -0.072973
v 0.453221 0.010000 -0.078527
v 0.473209 0.010000 -0.077842
v 0.453387 0.010000 -0.083388
v 0.473375 0.010000 -0.082702
v 0.453554 0.010000 -0.088240
v 0.473542 0.010000 -0.087552
v 0.453721 0.010000 -0.093082
v 0.473709 0.010000 -0.092393
v 0.453887 0.010000 -0.097914
v 0.473875 0.010000 -0.097224
v 0.454054 0.010000 -0.102735
v 0.474042 0.010000 -0.102044
v 0.454221 0.010000 -0.107546
v 0.474209 0.010000 -0.106852
v 0.454387 0.010000 -0.112344
v 0.474375 0.010000 -0.111649
v 0.454554 0.010000 -0.117131
v 0.474542 0.010000 -0.116434
v 0.454721 0.010000 -0.121905
v 0.474708 0.010000 -0.121206
v 0.454887 0.010000 -0.126666
v 0.474875 0.010000 -0.125965
v 0.455054 0.010000 -0.131413
v 0.475042 0.010000 -0.130710
v 0.455221 0.010000 -0.136147
v 0.475208 0.010000 -0.135442
v 0.455387 0.010000 -0.140865
v 0.475375 0.010000 -0.140158
v 0.455554 0.010000 -0.145569
v 0.475542 0.010000 -0.144860
v 0.455721 0.010000 -0.150258
v 0.475708 0.010000 -0.149545
v 0.455888 0.010000 -0.154930
v 0.475875 0.010000 -0.154215
v 0.456055 0.010000 -0.159586
v 0.476042 0.010000 -0.158869
v 0.456221 0.010000 -0.164226
v 0.476208 0.010000 -0.163506
v 0.456388 0.010000 -0.168848
v 0.476375 0.010000 -0.168126
v 0.456555 0.010000 -0.173452
v 0.476542 0.010000 -0.172727
v 0.456721 0.010000 -0.178038
v 0.476708 0.010000 -0.177310
v 0.456888 0.010000 -0.182606
v 0.476875 0.010000 -0.181875
v 0.457055 0.010000 -0.187154
v 0.477041 0.010000 -0.186420
v 0.457222 0.010000 -0.191682
v 0.477208 0.010000 -0.190945
v 0.457388 0.010000 -0.196191
v 0.477375 0.010000 -0.195450
v 0.457555 0.010000 -0.200679
v 0.477541 0.010000 -0.199935
v 0.457722 0.010000 -0.205146
v 0.477708 0.010000 -0.204398
v 0.457888 0.010000 -0.209592
v 0.477874 0.010000 -0.208840
v 0.458055 0.010000 -0.214016
v 0.478041 0.010000 -0.213261
v 0.458222 0.010000 -0.218417
v 0.478207 0.010000 -0.217658
v 0.458389 0.010000 -0.222796
v 0.478374 0.010000 -0.222034
v 0.458555 0.010000 -0.227153
v 0.478541 0.010000 -0.226385
v 0.458722 0.010000 -0.231485
v 0.478707 0.010000 -0.230714
v 0.458889 0.010000 -0.235794
v 0.478874 0.010000 -0.235018
v 0.459056 0.010000 -0.240078
v 0.479040 0.010000 -0.239298
v 0.459222 0.010000 -0.244337
v 0.479207 0.010000 -0.243553
v 0.459389 0.010000 -0.248571
v 0.479373 0.010000 -0.247782
v 0.459556 0.010000 -0.252780
v 0.479540 0.010000 -0.251986
v 0.459723 0.010000 -0.256962
v 0.479707 0.010000 -0.256163
v 0.459889 0.010000 -0.261118
v 0.479873 0.010000 -0.260313
v 0.460056 0.010000 -0.265247
v 0.480040 0.010000 -0.264437
v 0.460223 0.010000 -0.269348
v 0.480206 0.010000 -0.268533
v 0.460390 0.010000 -0.273422
v 0.480373 0.010000 -0.272601
v 0.460556 0.010000 -0.277467
v 0.480539 0.010000 -0.276640
v 0.460723 0.010000 -0.281484
v 0.480706 0.010000 -0.280651
v 0.460890 0.010000 -0.285472
v 0.480873 0.010000 -0.284632
v 0.461057 0.010000 -0.289431
v 0.481039 0.010000 -0.288586
v 0.461224 0.010000 -0.293360
v 0.481206 0.010000 -0.292509
v 0.461391 0.010000 -0.297259
v 0.481372 0.010000 -0.296401
v 0.461558 0.010000 -0.301127
v 0.481539 0.010000 -0.300262
v 0.461724 0.010000 -0.304965
v 0.481705 0.010000 -0.304093
v 0.461891 0.010000 -0.308771
v 0.481872 0.010000 -0.307891
v 0.462058 0.010000 -0.312545
v 0.482038 0.010000 -0.311658
v 0.462225 0.010000 -0.316287
v 0.482205 0.010000 -0.315393
v 0.462392 0.010000 -0.319997
v 0.482371 0.010000 -0.319095
v 0.462558 0.010000 -0.323674
v 0.482538 0.010000 -0.322764
v 0.462725 0.010000 -0.327319
v 0.482704 0.010000 -0.326400
v 0.462892 0.010000 -0.330929
v 0.482871 0.010000 -0.330002
v 0.463059 0.010000 -0.334506
v 0.483037 0.010000 -0.333570
v 0.463226 0.010000 -0.338049
v 0.483203 0.010000 -0.337103
v 0.463393 0.010000 -0.341558
v 0.483370 0.010000 -0.340603
v 0.463560 0.010000 -0.345031
v 0.483536 0.010000 -0.344067
v 0.463727 0.010000 -0.348470
v 0.483703 0.010000 -0.347495
v 0.463893 0.010000 -0.351873
v 0.483869 0.010000 -0.350888
v 0.464060 0.010000 -0.355240
v 0.484036 0.010000 -0.354245
v 0.464227 0.010000 -0.358572
v 0.484202 0.010000 -0.357565
v 0.464394 0.010000 -0.361866
v 0.484368 0.010000 -0.360849
v 0.464561 0.010000 -0.365124
v 0.484535 0.010000 -0.364095
v 0.464728 0.010000 -0.368345
v 0.484701 0.010000 -0.367304
v 0.464895 0.010000 -0.371529
v 0.484867 0.010000 -0.370475
v 0.465062 0.010000 -0.374675
v 0.485034 0.010000 -0.373608
v 0.465229 0.010000 -0.377782
v 0.485200 0.010000 -0.376702
v 0.465396 0.010000 -0.380851
v 0.485366 0.010000 -0.379757
v 0.465563 0.010000 -0.383881
v 0.485532 0.010000 -0.382773
v 0.465730 0.010000 -0.386873
v 0.485699 0.010000 -0.385749
v 0.465898 0.010000 -0.389825
v 0.485865 0.010000 -0.388686
v 0.466065 0.010000 -0.392738
v 0.486032 0.010000 -0.391585
v 0.466232 0.010000 -0.395612
v 0.486198 0.010000 -0.394442
v 0.466399 0.010000 -0.398445
v 0.486364 0.010000 -0.397259
v 0.466566 0.010000 -0.401238
v 0.486530 0.010000 -0.400035
v 0.466733 0.010000 -0.403991
v 0.486696 0.010000 -0.402769
v 0.466901 0.010000 -0.406702
v 0.486862 0.010000 -0.405462
v 0.467068 0.010000 -0.409373
v 0.487028 0.010000 -0.408113
v 0.467235 0.010000 -0.412002
v 0.487194 0.010000 -0.410721
v 0.467403 0.010000 -0.414589
v 0.487360 0.010000 -0.413288
v 0.467570 0.010000 -0.417135
v 0.487526 0.010000 -0.415812
v 0.467737 0.010000 -0.419639
v 0.487692 0.010000 -0.418293
v 0.467905 0.010000 -0.422101
v 0.487858 0.010000 -0.420732
v 0.468072 0.010000 -0.424520
v 0.488024 0.010000 -0.423126
v 0.468240 0.010000 -0.426897
v 0.488190 0.010000 -0.425478
v 0.468408 0.010000 -0.429232
v 0.488355 0.010000 -0.427786
v 0.468575 0.010000 -0.431523
v 0.488521 0.010000 -0.430049
v 0.468743 0.010000 -0.433771
v 0.488686 0.010000 -0.432269
v 0.468911 0.010000 -0.435976
v 0.488852 0.010000 -0.434443
v 0.469079 0.010000 -0.438138
v 0.489017 0.010000 -0.436573
v 0.469247 0.010000 -0.440256
v 0.489183 0.010000 -0.438658
v 0.469415 0.010000 -0.442330
v 0.489348 0.010000 -0.440697
v 0.469583 0.010000 -0.444361
v 0.489513 0.010000 -0.442691
v 0.469751 0.010000 -0.446347
v 0.489678 0.010000 -0.444639
v 0.469920 0.010000 -0.448289
v 0.489843 0.010000 -0.446541
v 0.470088 0.010000 -0.450187
v 0.490008 0.010000 -0.448395
v 0.470257 0.010000 -0.452040
v 0.490172 0.010000 -0.450204
v 0.470426 0.010000 -0.453848
v 0.490337 0.010000 -0.451965
v 0.470595 0.010000 -0.455612
v 0.490501 0.010000 -0.453678
v 0.470764 0.010000 -0.457332
v 0.490665 0.010000 -0.455342
v 0.470934 0.010000 -0.459005
v 0.490829 0.010000 -0.456961
vn -0.0000 1.0000 -0.0000
vt 0.000000 1.000000
vt 0.000167 1.000000
vt 0.000167 0.000000
vt 0.000000 0.000000
vt 0.000333 1.000000
vt 0.000333 0.000000
vt 0.000500 1.000000
vt 0.000500 0.000000
vt 0.000667 1.000000
vt 0.000667 0.000000
vt 0.000833 1.000000
vt 0.000833 0.000000
vt 0.001000 1.000000
vt 0.001000 0.000000
vt 0.001167 1.000000
vt 0.001167 0.000000
vt 0.001333 1.000000
vt 0.001333 0.000000
vt 0.001500 1.000000
vt 0.001500 0.000000
vt 0.001667 1.000000
vt 0.001667 0.000000
vt 0.001833 1.000000
vt 0.001833 0.000000
vt 0.002000 1.000000
vt 0.002000 0.000000
vt 0.002167 1.000000
vt 0.002167 0.000000
vt 0.002333 1.000000
vt 0.002333 0.000000
vt 0.002500 1.000000
vt 0.002500 0.000000
vt 0.002667 1.000000
vt 0.002667 0.000000
vt 0.002833 1.000000
vt 0.002833 0.000000
vt 0.003000 1.000000
vt 0.003000 0.000000
vt 0.003167 1.000000
vt 0.003167 0.000000
vt 0.003333 1.000000
vt 0.003333 0.000000
vt 0.003500 1.000000
vt 0.003500 0.000000
vt 0.003667 1.000000
vt 0.003667 0.000000
vt 0.003833 1.000000
vt 0.003833 0.000000
vt 0.004000 1.000000
vt 0.004000 0.000000
vt 0.004167 1.000000
vt 0.004167 0.000000
vt 0.004333 1.000000
vt 0.004333 0.000000
vt 0.004500 1.000000
vt 0.004500 0.000000
vt 0.004667 1.000000
vt 0.004667 0.000000
vt 0.004833 1.000000
vt 0.004833 0.000000
vt 0.005000 1.000000
vt 0.005000 0.000000
vt 0.005167 1.000000
vt 0.005167 0.000000
vt 0.005333 1.000000
vt 0.005333 0.000000
vt 0.005500 1.000000
vt 0.005500 0.000000
vt 0.005667 1.000000
vt 0.005667 0.000000
vt 0.005833 1.000000
vt 0.005833 0.000000
vt 0.006000 1.000000
vt 0.006000 0.000000
vt 0.006167 1.000000
vt 0.006167 0.000000
vt 0.006333 1.000000
vt 0.006333 0.000000
vt 0.006500 1.000000
vt 0.006500 0.000000
vt 0.006667 1.000000
vt 0.006667 0.000000
vt 0.006833 1.000000
vt 0.006833 0.000000
vt 0.007000 1.000000
vt 0.007000 0.000000
vt 0.007167 1.000000
vt 0.007167 0.000000
vt 0.007333 1.000000
vt 0.007333 0.000000
vt 0.007500 1.000000
vt 0.007500 0.000000
vt 0.007667 1.000000
vt 0.007667 0.000000
vt 0.007833 1.000000
vt 0.007833 0.000000
vt 0.008000 1.000000
vt 0.008000 0.000000
vt 0.008167 1.000000
vt 0.008167 0.000000
vt 0.008333 1.000000
vt 0.008333 0.000000
vt 0.008500 1.000000
vt 0.008500 0.000000
vt 0.008667 1.000000
vt 0.008667 0.000000
vt 0.008833 1.000000
vt 0.008833 0.000000
vt 0.009000 1.000000
vt 0.009000 0.000000
vt 0.009167 1.000000
vt 0.009167 0.000000
vt 0.009333 1.000000
vt 0.009333 0.000000
vt 0.009500 1.000000
vt 0.009500 0.000000
vt 0.009667 1.000000
vt 0.009667 0.000000
vt 0.009833 1.000000
vt 0.009833 0.000000
vt 0.010000 1.000000
vt 0.010000 0.000000
vt 0.010167 1.000000
vt 0.010167 0.000000
vt 0.010333 1.000000
vt 0.010333 0.000000
vt 0.010500 1.000000
vt 0.010500 0.000000
vt 0.010667 1.000000
vt 0.010667 0.000000
vt 0.010833 1.000000
vt 0.010833 0.000000
vt 0.011000 1.000000
vt 0.011000 0.000000
vt 0.011167 1.000000
vt 0.011167 0.000000
vt 0.011333 1.000000
vt 0.011333 0.000000
vt 0.011500 1.000000
vt 0.011500 0.000000
vt 0.011667 1.000000
vt 0.011667 0.000000
vt 0.011833 1.000000
vt 0.011833 0.000000
vt 0.012000 1.000000
vt 0.012000 0.000000
vt 0.012167 1.000000
vt 0.012167 0.000000
vt 0.012333 1.000000
vt 0.012333 0.000000
vt 0.012500 1.000000
vt 0.012500 0.000000
vt 0.012667 1.000000
vt 0.012667 0.000000
vt 0.012833 1.000000
vt 0.012833 0.000000
vt 0.013000 1.000000
vt 0.013000 0.000000
vt 0.013167 1.000000
vt 0.013167 0.000000
vt 0.013333 1.000000
vt 0.013333 0.000000
vt 0.013500 1.000000
vt 0.013500 0.000000
vt 0.013667 1.000000
vt 0.013667 0.000000
vt 0.013833 1.000000
vt 0.013833 0.000000
vt 0.014000 1.000000
vt 0.014000 0.000000
vt 0.014167 1.000000
vt 0.014167 0.000000
vt 0.014333 1.000000
vt 0.014333 0.000000
vt 0.014500 1.000000
vt 0.014500 0.000000
vt 0.014667 1.000000
vt 0.014667 0.000000
vt 0.014833 1.000000
vt 0.014833 0.000000
vt 0.015000 1.000000
vt 0.015000 0.000000
vt 0.015167 1.000000
vt 0.015167 0.000000
vt 0.015333 1.000000
vt 0.015333 0.000000
vt 0.015500 1.000000
vt 0.015500 0.000000
vt 0.015667 1.000000
vt 0.015667 0.000000
vt 0.015833 1.000000
vt 0.015833 0.000000
vt 0.016000 1.000000
vt 0.016000 0.000000
vt 0.016167 1.000000
vt 0.016167 0.000000
vt 0.016333 1.000000
vt 0.016333 0.000000
vt 0.016500 1.000000
vt 0.016500 0.000000
vt 0.016667 1.000000
vt 0.016667 0.000000
vt 0.016833 1.000000
vt 0.016833 0.000000
vt 0.017000 1.000000
vt 0.017000 0.000000
vt 0.017167 1.000000
vt 0.017167 0.000000
vt 0.017333 1.000000
vt 0.017333 0.000000
vt 0.017500 1.000000
vt 0.017500 0.000000
vt 0.017667 1.000000
vt 0.017667 0.000000
vt 0.017833 1.000000
vt 0.017833 0.000000
vt 0.018000 1.000000
vt 0.018000 0.000000
vt 0.018167 1.000000
vt 0.018167 0.000000
vt 0.018333 1.000000
vt 0.018333 0.000000
vt 0.018500 1.000000
vt 0.018500 0.000000
vt 0.018667 1.000000
vt 0.018667 0.000000
vt 0.018833 1.000000
vt 0.018833 0.000000
vt 0.019000 1.000000
vt 0.019000 0.000000
vt 0.019167 1.000000
vt 0.019167 0.000000
vt 0.019333 1.000000
vt 0.019333 0.000000
vt 0.019500 1.000000
vt 0.019500 0.000000
vt 0.019667 1.000000
vt 0.019667 0.000000
vt 0.019833 1.000000
vt 0.019833 0.000000
vt 0.020000 1.000000
vt 0.020000 0.000000
vt 0.020167 1.000000
vt 0.020167 0.000000
vt 0.020333 1.000000
vt 0.020333 0.000000
vt 0.020500 1.000000
vt 0.020500 0.000000
vt 0.020667 1.000000
vt 0.020667 0.000000
vt 0.020833 1.000000
vt 0.020833 0.000000
vt 0.021000 1.000000
vt 0.021000 0.000000
vt 0.021167 1.000000
vt 0.021167 0.000000
vt 0.021333 1.000000
vt 0.021333 0.000000
vt 0.021500 1.000000
vt 0.021500 0.000000
vt 0.021667 1.000000
vt 0.021667 0.000000
vt 0.021833 1.000000
vt 0.021833 0.000000
vt 0.022000 1.000000
vt 0.022000 0.000000
vt 0.022167 1.000000
vt 0.022167 0.000000
vt 0.022333 1.000000
vt 0.022333 0.000000
vt 0.022500 1.000000
vt 0.022500 0.000000
vt 0.022667 1.000000
vt 0.022667 0.000000
vt 0.022833 1.000000
vt 0.022833 0.000000
vt 0.023000 1.000000
vt 0.023000 0.000000
vt 0.023167 1.000000
vt 0.023167 0.000000
vt 0.023333 1.000000
vt 0.023333 0.000000
vt 0.023500 1.000000
vt 0.023500 0.000000
vt 0.023667 1.000000
vt 0.023667 0.000000
vt 0.023833 1.000000
vt 0.023833 0.000000
vt 0.024000 1.000000
vt 0.024000 0.000000
vt 0.024167 1.000000
vt 0.024167 0.000000
vt 0.024333 1.000000
vt 0.024333 0.000000
vt 0.024500 1.000000
vt 0.024500 0.000000
vt 0.024667 1.000000
vt 0.024667 0.000000
vt 0.024833 1.000000
vt 0.024833 0.000000
vt 0.025000 1.000000
vt 0.025000 0.000000
vt 0.025167 1.000000
vt 0.025167 0.000000
vt 0.025333 1.000000
vt 0.025333 0.000000
vt 0.025500 1.000000
vt 0.025500 0.000000
vt 0.025667 1.000000
vt 0.025667 0.000000
vt 0.025833 1.000000
vt 0.025833 0.000000
vt 0.026000 1.000000
vt 0.026000 0.000000
vt 0.026167 1.000000
vt 0.026167 0.000000
vt 0.026333 1.000000
vt 0.026333 0.000000
vt 0.026500 1.000000
vt 0.026500 0.000000
vt 0.026667 1.000000
vt 0.026667 0.000000
vt 0.026833 1.000000
vt 0.026833 0.000000
vt 0.027000 1.000000
vt 0.027000 0.000000
vt 0.027167 1.000000
vt 0.027167 0.000000
vt 0.027333 1.000000
vt 0.027333 0.000000
vt 0.027500 1.000000
vt 0.027500 0.000000
vt 0.027667 1.000000
vt 0.027667 0.000000
vt 0.027833 1.000000
vt 0.027833 0.000000
vt 0.028000 1.000000
vt 0.028000 0.000000
vt 0.028167 1.000000
vt 0.028167 0.000000
vt 0.028333 1.000000
vt 0.028333 0.000000
vt 0.028500 1.000000
vt 0.028500 0.000000
vt 0.028667 1.000000
vt 0.028667 0.000000
vt 0.028833 1.000000
vt 0.028833 0.000000
vt 0.029000 1.000000
vt 0.029000 0.000000
vt 0.029167 1.000000
vt 0.029167 0.000000
vt 0.029333 1.000000
vt 0.029333 0.000000
vt 0.029500 1.000000
vt 0.029500 0.000000
vt 0.029667 1.000000
vt 0.029667 0.000000
vt 0.029833 1.000000
vt 0.029833 0.000000
vt 0.030000 1.000000
vt 0.030000 0.000000
vt 0.030167 1.000000
vt 0.030167 0.000000
vt 0.030333 1.000000
vt 0.030333 0.000000
vt 0.030500 1.000000
vt 0.030500 0.000000
vt 0.030667 1.000000
vt 0.030667 0.000000
vt 0.030833 1.000000
vt 0.030833 0.000000
vt 0.031000 1.000000
vt 0.031000 0.000000
vt 0.031167 1.000000
vt 0.031167 0.000000
vt 0.031333 1.000000
vt 0.031333 0.000000
vt 0.031500 1.000000
vt 0.031500 0.000000
vt 0.031667 1.000000
vt 0.031667 0.000000
vt 0.031833 1.000000
vt 0.031833 0.000000
vt 0.032000 1.000000
vt 0.032000 0.000000
vt 0.032167 1.000000
vt 0.032167 0.000000
vt 0.032333 1.000000
vt 0.032333 0.000000
vt 0.032500 1.000000
vt 0.032500 0.000000
vt 0.032667 1.000000
vt 0.032667 0.000000
vt 0.032833 1.000000
vt 0.032833 0.000000
vt 0.033000 1.000000
vt 0.033000 0.000000
vt 0.033167 1.000000
vt 0.033167 0.000000
vt 0.033333 1.000000
vt 0.033333 0.000000
vt 0.033500 1.000000
vt 0.033500 0.000000
vt 0.033667 1.000000
vt 0.033667 0.000000
vt 0.033833 1.000000
vt 0.033833 0.000000
vt 0.034000 1.000000
vt 0.034000 0.000000
vt 0.034167 1.000000
vt 0.034167 0.000000
vt 0.034333 1.000000
vt 0.034333 0.000000
vt 0.034500 1.000000
vt 0.034500 0.000000
vt 0.034667 1.000000
vt 0.034667 0.000000
vt 0.034833 1.000000
vt 0.034833 0.000000
vt 0.035000 1.000000
vt 0.035000 0.000000
vt 0.035167 1.000000
vt 0.035167 0.000000
vt 0.035333 1.000000
vt 0.035333 0.000000
vt 0.035500 1.000000
vt 0.035500 0.000000
vt 0.035667 1.000000
vt 0.035667 0.000000
vt 0.035833 1.000000
vt 0.035833 0.000000
vt 0.036000 1.000000
vt 0.036000 0.000000
vt 0.036167 1.000000
vt 0.036167 0.000000
vt 0.036333 1.000000
vt 0.036333 0.000000
vt 0.036500 1.000000
vt 0.036500 0.000000
vt 0.036667 1.000000
vt 0.036667 0.000000
vt 0.036833 1.000000
vt 0.036833 0.000000
vt 0.037000 1.000000
vt 0.037000 0.000000
vt 0.037167 1.000000
vt 0.037167 0.000000
vt 0.037333 1.000000
vt 0.037333 0.000000
vt 0.037500 1.000000
vt 0.037500 0.000000
vt 0.037667 1.000000
vt 0.037667 0.000000
vt 0.037833 1.000000
vt 0.037833 0.000000
vt 0.038000 1.000000
vt 0.038000 0.000000
vt 0.038167 1.000000
vt 0.038167 0.000000
vt 0.038333 1.000000
vt 0.038333 0.000000
vt 0.038500 1.000000
vt 0.038500 0.000000
vt 0.038667 1.000000
vt 0.038667 0.000000
vt 0.038833 1.000000
vt 0.038833 0.000000
vt 0.039000 1.000000
vt 0.039000 0.000000
vt 0.039167 1.000000
vt 0.039167 0.000000
vt 0.039333 1.000000
vt 0.039333 0.000000
vt 0.039500 1.000000
vt 0.039500 0.000000
vt 0.039667 1.000000
vt 0.039667 0.000000
vt 0.039833 1.000000
vt 0.039833 0.000000
vt 0.040000 1.000000
vt 0.040000 0.000000
vt 0.040167 1.000000
vt 0.040167 0.000000
vt 0.040333 1.000000
vt 0.040333 0.000000
vt 0.040500 1.000000
vt 0.040500 0.000000
vt 0.040667 1.000000
vt 0.040667 0.000000
vt 0.040833 1.000000
vt 0.040833 0.000000
vt 0.041000 1.000000
vt 0.041000 0.000000
vt 0.041167 1.000000
vt 0.041167 0.000000
vt 0.041333 1.000000
vt 0.041333 0.000000
vt 0.041500 1.000000
vt 0.041500 0.000000
vt 0.041667 1.000000
vt 0.041667 0.000000
vt 0.041833 1.000000
vt 0.041833 0.000000
vt 0.042000 1.000000
vt 0.042000 0.000000
vt 0.042167 1.000000
vt 0.042167 0.000000
vt 0.042333 1.000000
vt 0.042333 0.000000
vt 0.042500 1.000000
vt 0.042500 0.000000
vt 0.042667 1.000000
vt 0.042667 0.000000
vt 0.042833 1.000000
vt 0.042833 0.000000
vt 0.043000 1.000000
vt 0.043000 0.000000
vt 0.043167 1.000000
vt 0.043167 0.000000
vt 0.043333 1.000000
vt 0.043333 0.000000
vt 0.043500 1.000000
vt 0.043500 0.000000
vt 0.043667 1.000000
vt 0.043667 0.000000
vt 0.043833 1.000000
vt 0.043833 0.000000
vt 0.044000 1.000000
vt 0.044000 0.000000
vt 0.044167 1.000000
vt 0.044167 0.000000
vt 0.044333 1.000000
vt 0.044333 0.000000
vt 0.044500 1.000000
vt 0.044500 0.000000
vt 0.044667 1.000000
vt 0.044667 0.000000
vt 0.044833 1.000000
vt 0.044833 0.000000
vt 0.045000 1.000000
vt 0.045000 0.000000
vt 0.045167 1.000000
vt 0.045167 0.000000
vt 0.045333 1.000000
vt 0.045333 0.000000
vt 0.045500 1.000000
vt 0.045500 0.000000
vt 0.045667 1.000000
vt 0.045667 0.000000
vt 0.045833 1.000000
vt 0.045833 0.000000
vt 0.046000 1.000000
vt 0.046000 0.000000
vt 0.046167 1.000000
vt 0.046167 0.000000
vt 0.046333 1.000000
vt 0.046333 0.000000
vt 0.046500 1.000000
vt 0.046500 0.000000
vt 0.046667 1.000000
vt 0.046667 0.000000
vt 0.046833 1.000000
vt 0.046833 0.000000
vt 0.047000 1.000000
vt 0.047000 0.000000
vt 0.047167 1.000000
vt 0.047167 0.000000
vt 0.047333 1.000000
vt 0.047333 0.000000
vt 0.047500 1.000000
vt 0.047500 0.000000
vt 0.047667 1.000000
vt 0.047667 0.000000
vt 0.047833 1.000000
vt 0.047833 0.000000
vt 0.048000 1.000000
vt 0.048000 0.000000
vt 0.048167 1.000000
vt 0.048167 0.000000
vt 0.048333 1.000000
vt 0.048333 0.000000
vt 0.048500 1.000000
vt 0.048500 0.000000
vt 0.048667 1.000000
vt 0.048667 0.000000
vt 0.048833 1.000000
vt 0.048833 0.000000
vt 0.049000 1.000000
vt 0.049000 0.000000
vt 0.049167 1.000000
vt 0.049167 0.000000
vt 0.049333 1.000000
vt 0.049333 0.000000
vt 0.049500 1.000000
vt 0.049500 0.000000
vt 0.049667 1.000000
vt 0.049667 0.000000
vt 0.049833 1.000000
vt 0.049833 0.000000
vt 0.050000 1.000000
vt 0.050000 0.000000
vt 0.050167 1.000000
vt 0.050167 0.000000
vt 0.050333 1.000000
vt 0.050333 0.000000
vt 0.050500 1.000000
vt 0.050500 0.000000
vt 0.050667 1.000000
vt 0.050667 0.000000
vt 0.050833 1.000000
vt 0.050833 0.000000
vt 0.051000 1.000000
vt 0.051000 0.000000
vt 0.051167 1.000000
vt 0.051167 0.000000
vt 0.051333 1.000000
vt 0.051333 0.000000
vt 0.051500 1.000000
vt 0.051500 0.000000
vt 0.051667 1.000000
vt 0.051667 0.000000
vt 0.051833 1.000000
vt 0.051833 0.000000
vt 0.052000 1.000000
vt 0.052000 0.000000
vt 0.052167 1.000000
vt 0.052167 0.000000
vt 0.052333 1.000000
vt 0.052333 0.000000
vt 0.052500 1.000000
vt 0.052500 0.000000
vt 0.052667 1.000000
vt 0.052667 0.000000
vt 0.052833 1.000000
vt 0.052833 0.000000
vt 0.053000 1.000000
vt 0.053000 0.000000
vt 0.053167 1.000000
vt 0.053167 0.000000
vt 0.053333 1.000000
vt 0.053333 0.000000
vt 0.053500 1.000000
vt 0.053500 0.000000
vt 0.053667 1.000000
vt 0.053667 0.000000
vt 0.053833 1.000000
vt 0.053833 0.000000
vt 0.054000 1.000000
vt 0.054000 0.000000
vt 0.054167 1.000000
vt 0.054167 0.000000
vt 0.054333 1.000000
vt 0.054333 0.000000
vt 0.054500 1.000000
vt 0.054500 0.000000
vt 0.054667 1.000000
vt 0.054667 0.000000
vt 0.054833 1.000000
vt 0.054833 0.000000
vt 0.055000 1.000000
vt 0.055000 0.000000
vt 0.055167 1.000000
vt 0.055167 0.000000
vt 0.055333 1.000000
vt 0.055333 0.000000
vt 0.055500 1.000000
vt 0.055500 0.000000
vt 0.055667 1.000000
vt 0.055667 0.000000
vt 0.055833 1.000000
vt 0.055833 0.000000
vt 0.056000 1.000000
vt 0.056000 0.000000
vt 0.056167 1.000000
vt 0.056167 0.000000
vt 0.056333 1.000000
vt 0.056333 0.000000
vt 0.056500 1.000000
vt 0.056500 0.000000
vt 0.056667 1.000000
vt 0.056667 0.000000
vt 0.056833 1.000000
vt 0.056833 0.000000
vt 0.057000 1.000000
vt 0.057000 0.000000
vt 0.057167 1.000000
vt 0.057167 0.000000
vt 0.057333 1.000000
vt 0.057333 0.000000
vt 0.057500 1.000000
vt 0.057500 0.000000
vt 0.057667 1.000000
vt 0.057667 0.000000
vt 0.057833 1.000000
vt 0.057833 0.000000
vt 0.058000 1.000000
vt 0.058000 0.000000
vt 0.058167 1.000000
vt 0.058167 0.000000
vt 0.058333 1.000000
vt 0.058333 0.000000
vt 0.058500 1.000000
vt 0.058500 0.000000
vt 0.058667 1.000000
vt 0.058667 0.000000
vt 0.058833 1.000000
vt 0.058833 0.000000
vt 0.059000 1.000000
vt 0.059000 0.000000
vt 0.059167 1.000000
vt 0.059167 0.000000
vt 0.059333 1.000000
vt 0.059333 0.000000
vt 0.059500 1.000000
vt 0.059500 0.000000
vt 0.059667 1.000000
vt 0.059667 0.000000
vt 0.059833 1.000000
vt 0.059833 0.000000
vt 0.060000 1.000000
vt 0.060000 0.000000
vt 0.060167 1.000000
vt 0.060167 0.000000
vt 0.060333 1.000000
vt 0.060333 0.000000
vt 0.060500 1.000000
vt 0.060500 0.000000
vt 0.060667 1.000000
vt 0.060667 0.000000
vt 0.060833 1.000000
vt 0.060833 0.000000
vt 0.061000 1.000000
vt 0.061000 0.000000
vt 0.061167 1.000000
vt 0.061167 0.000000
vt 0.061333 1.000000
vt 0.061333 0.000000
vt 0.061500 1.000000
vt 0.061500 0.000000
vt 0.061667 1.000000
vt 0.061667 0.000000
vt 0.061833 1.000000
vt 0.061833 0.000000
vt 0.062000 1.000000
vt 0.062000 0.000000
vt 0.062167 1.000000
vt 0.062167 0.000000
vt 0.062333 1.000000
vt 0.062333 0.000000
vt 0.062500 1.000000
vt 0.062500 0.000000
vt 0.062667 1.000000
vt 0.062667 0.000000
vt 0.062833 1.000000
vt 0.062833 0.000000
vt 0.063000 1.000000
vt 0.063000 0.000000
vt 0.063167 1.000000
vt 0.063167 0.000000
vt 0.063333 1.000000
vt 0.063333 0.000000
vt 0.063500 1.000000
vt 0.063500 0.000000
vt 0.063667 1.000000
vt 0.063667 0.000000
vt 0.063833 1.000000
vt 0.063833 0.000000
vt 0.064000 1.000000
vt 0.064000 0.000000
vt 0.064167 1.000000
vt 0.064167 0.000000
vt 0.064333 1.000000
vt 0.064333 0.000000
vt 0.064500 1.000000
vt 0.064500 0.000000
vt 0.064667 1.000000
vt 0.064667 0.000000
vt 0.064833 1.000000
vt 0.064833 0.000000
vt 0.065000 1.000000
vt 0.065000 0.000000
vt 0.065167 1.000000
vt 0.065167 0.000000
vt 0.065333 1.000000
vt 0.065333 0.000000
vt 0.065500 1.000000
vt 0.065500 0.000000
vt 0.065667 1.000000
vt 0.065667 0.000000
vt 0.065833 1.000000
vt 0.065833 0.000000
vt 0.066000 1.000000
vt 0.066000 0.000000
vt 0.066167 1.000000
vt 0.066167 0.000000
vt 0.066333 1.000000
vt 0.066333 0.000000
vt 0.066500 1.000000
vt 0.066500 0.000000
vt 0.066667 1.000000
vt 0.066667 0.000000
vt 0.066833 1.000000
vt 0.066833 0.000000
vt 0.067000 1.000000
vt 0.067000 0.000000
vt 0.067167 1.000000
vt 0.067167 0.000000
vt 0.067333 1.000000
vt 0.067333 0.000000
vt 0.067500 1.000000
vt 0.067500 0.000000
vt 0.067667 1.000000
vt 0.067667 0.000000
vt 0.067833 1.000000
vt 0.067833 0.000000
vt 0.068000 1.000000
vt 0.068000 0.000000
vt 0.068167 1.000000
vt 0.068167 0.000000
vt 0.068333 1.000000
vt 0.068333 0.000000
vt 0.068500 1.000000
vt 0.068500 0.000000
vt 0.068667 1.000000
vt 0.068667 0.000000
vt 0.068833 1.000000
vt 0.068833 0.000000
vt 0.069000 1.000000
vt 0.069000 0.000000
vt 0.069167 1.000000
vt 0.069167 0.000000
vt 0.069333 1.000000
vt 0.069333 0.000000
vt 0.069500 1.000000
vt 0.069500 0.000000
vt 0.069667 1.000000
vt 0.069667 0.000000
vt 0.069833 1.000000
vt 0.069833 0.000000
vt 0.070000 1.000000
vt 0.070000 0.000000
vt 0.070167 1.000000
vt 0.070167 0.000000
vt 0.070333 1.000000
vt 0.070333 0.000000
vt 0.070500 1.000000
vt 0.070500 0.000000
vt 0.070667 1.000000
vt 0.070667 0.000000
vt 0.070833 1.000000
vt 0.070833 0.000000
vt 0.071000 1.000000
vt 0.071000 0.000000
vt 0.071167 1.000000
vt 0.071167 0.000000
vt 0.071333 1.000000
vt 0.071333 0.000000
vt 0.071500 1.000000
vt 0.071500 0.000000
vt 0.071667 1.000000
vt 0.071667 0.000000
vt 0.071833 1.000000
vt 0.071833 0.000000
vt 0.072000 1.000000
vt 0.072000 0.000000
vt 0.072167 1.000000
vt 0.072167 0.000000
vt 0.072333 1.000000
vt 0.072333 0.000000
vt 0.072500 1.000000
vt 0.072500 0.000000
vt 0.072667 1.000000
vt 0.072667 0.000000
vt 0.072833 1.000000
vt 0.072833 0.000000
vt 0.073000 1.000000
vt 0.073000 0.000000
vt 0.073167 1.000000
vt 0.073167 0.000000
vt 0.073333 1.000000
vt 0.073333 0.000000
vt 0.073500 1.000000
vt 0.073500 0.000000
vt 0.073667 1.000000
vt 0.073667 0.000000
vt 0.073833 1.000000
vt 0.073833 0.000000
vt 0.074000 1.000000
vt 0.074000 0.000000
vt 0.074167 1.000000
vt 0.074167 0.000000
vt 0.074333 1.000000
vt 0.074333 0.000000
vt 0.074500 1.000000
vt 0.074500 0.000000
vt 0.074667 1.000000
vt 0.074667 0.000000
vt 0.074833 1.000000
vt 0.074833 0.000000
vt 0.075000 1.000000
vt 0.075000 0.000000
vt 0.075167 1.000000
vt 0.075167 0.000000
vt 0.075333 1.000000
vt 0.075333 0.000000
vt 0.075500 1.000000
vt 0.075500 0.000000
vt 0.075667 1.000000
vt 0.075667 0.000000
vt 0.075833 1.000000
vt 0.075833 0.000000
vt 0.076000 1.000000
vt 0.076000 0.000000
vt 0.076167 1.000000
vt 0.076167 0.000000
vt 0.076333 1.000000
vt 0.076333 0.000000
vt 0.076500 1.000000
vt 0.076500 0.000000
vt 0.076667 1.000000
vt 0.076667 0.000000
vt 0.076833 1.000000
vt 0.076833 0.000000
vt 0.077000 1.000000
vt 0.077000 0.000000
vt 0.077167 1.000000
vt 0.077167 0.000000
vt 0.077333 1.000000
vt 0.077333 0.000000
vt 0.077500 1.000000
vt 0.077500 0.000000
vt 0.077667 1.000000
vt 0.077667 0.000000
vt 0.077833 1.000000
vt 0.077833 0.000000
vt 0.078000 1.000000
vt 0.078000 0.000000
vt 0.078167 1.000000
vt 0.078167 0.000000
vt 0.078333 1.000000
vt 0.078333 0.000000
vt 0.078500 1.000000
vt 0.078500 0.000000
vt 0.078667 1.000000
vt 0.078667 0.000000
vt 0.078833 1.000000
vt 0.078833 0.000000
vt 0.079000 1.000000
vt 0.079000 0.000000
vt 0.079167 1.000000
vt 0.079167 0.000000
vt 0.079333 1.000000
vt 0.079333 0.000000
vt 0.079500 1.000000
vt 0.079500 0.000000
vt 0.079667 1.000000
vt 0.079667 0.000000
vt 0.079833 1.000000
vt 0.079833 0.000000
vt 0.080000 1.000000
vt 0.080000 0.000000
vt 0.080167 1.000000
vt 0.080167 0.000000
vt 0.080333 1.000000
vt 0.080333 0.000000
vt 0.080500 1.000000
vt 0.080500 0.000000
vt 0.080667 1.000000
vt 0.080667 0.000000
vt 0.080833 1.000000
vt 0.080833 0.000000
vt 0.081000 1.000000
vt 0.081000 0.000000
vt 0.081167 1.000000
vt 0.081167 0.000000
vt 0.081333 1.000000
vt 0.081333 0.000000
vt 0.081500 1.000000
vt 0.081500 0.000000
vt 0.081667 1.000000
vt 0.081667 0.000000
vt 0.081833 1.000000
vt 0.081833 0.000000
vt 0.082000 1.000000
vt 0.082000 0.000000
vt 0.082167 1.000000
vt 0.082167 0.000000
vt 0.082333 1.000000
vt 0.082333 0.000000
vt 0.082500 1.000000
vt 0.082500 0.000000
vt 0.082667 1.000000
vt 0.082667 0.000000
vt 0.082833 1.000000
vt 0.082833 0.000000
vt 0.083000 1.000000
vt 0.083000 0.000000
vt 0.083167 1.000000
vt 0.083167 0.000000
vt 0.083333 1.000000
vt 0.083333 0.000000
vt 0.083500 1.000000
vt 0.083500 0.000000
vt 0.083667 1.000000
vt 0.083667 0.000000
vt 0.083833 1.000000
vt 0.083833 0.000000
vt 0.084000 1.000000
vt 0.084000 0.000000
vt 0.084167 1.000000
vt 0.084167 0.000000
vt 0.084333 1.000000
vt 0.084333 0.000000
vt 0.084500 1.000000
vt 0.084500 0.000000
vt 0.084667 1.000000
vt 0.084667 0.000000
vt 0.084833 1.000000
vt 0.084833 0.000000
vt 0.085000 1.000000
vt 0.085000 0.000000
vt 0.085167 1.000000
vt 0.085167 0.000000
vt 0.085333 1.000000
vt 0.085333 0.000000
vt 0.085500 1.000000
vt 0.085500 0.000000
vt 0.085667 1.000000
vt 0.085667 0.000000
vt 0.085833 1.000000
vt 0.085833 0.000000
vt 0.086000 1.000000
vt 0.086000 0.000000
vt 0.086167 1.000000
vt 0.086167 0.000000
vt 0.086333 1.000000
vt 0.086333 0.000000
vt 0.086500 1.000000
vt 0.086500 0.000000
vt 0.086667 1.000000
vt 0.086667 0.000000
vt 0.086833 1.000000
vt 0.086833 0.000000
vt 0.087000 1.000000
vt 0.087000 0.000000
vt 0.087167 1.000000
vt 0.087167 0.000000
vt 0.087333 1.000000
vt 0.087333 0.000000
vt 0.087500 1.000000
vt 0.087500 0.000000
vt 0.087667 1.000000
vt 0.087667 0.000000
vt 0.087833 1.000000
vt 0.087833 0.000000
vt 0.088000 1.000000
vt 0.088000 0.000000
vt 0.088167 1.000000
vt 0.088167 0.000000
vt 0.088333 1.000000
vt 0.088333 0.000000
vt 0.088500 1.000000
vt 0.088500 0.000000
vt 0.088667 1.000000
vt 0.088667 0.000000
vt 0.088833 1.000000
vt 0.088833 0.000000
vt 0.089000 1.000000
vt 0.089000 0.000000
vt 0.089167 1.000000
vt 0.089167 0.000000
vt 0.089333 1.000000
vt 0.089333 0.000000
vt 0.089500 1.000000
vt 0.089500 0.000000
vt 0.089667 1.000000
vt 0.089667 0.000000
vt 0.089833 1.000000
vt 0.089833 0.000000
vt 0.090000 1.000000
vt 0.090000 0.000000
vt 0.090167 1.000000
vt 0.090167 0.000000
vt 0.090333 1.000000
vt 0.090333 0.000000
vt 0.090500 1.000000
vt 0.090500 0.000000
vt 0.090667 1.000000
vt 0.090667 0.000000
vt 0.090833 1.000000
vt 0.090833 0.000000
vt 0.091000 1.000000
vt 0.091000 0.000000
vt 0.091167 1.000000
vt 0.091167 0.000000
vt 0.091333 1.000000
vt 0.091333 0.000000
vt 0.091500 1.000000
vt 0.091500 0.000000
vt 0.091667 1.000000
vt 0.091667 0.000000
vt 0.091833 1.000000
vt 0.091833 0.000000
vt 0.092000 1.000000
vt 0.092000 0.000000
vt 0.092167 1.000000
vt 0.092167 0.000000
vt 0.092333 1.000000
vt 0.092333 0.000000
vt 0.092500 1.000000
vt 0.092500 0.000000
vt 0.092667 1.000000
vt 0.092667 0.000000
vt 0.092833 1.000000
vt 0.092833 0.000000
vt 0.093000 1.000000
vt 0.093000 0.000000
vt 0.093167 1.000000
vt 0.093167 0.000000
vt 0.093333 1.000000
vt 0.093333 0.000000
vt 0.093500 1.000000
vt 0.093500 0.000000
vt 0.093667 1.000000
vt 0.093667 0.000000
vt 0.093833 1.000000
vt 0.093833 0.000000
vt 0.094000 1.000000
vt 0.094000 0.000000
vt 0.094167 1.000000
vt 0.094167 0.000000
vt 0.094333 1.000000
vt 0.094333 0.000000
vt 0.094500 1.000000
vt 0.094500 0.000000
vt 0.094667 1.000000
vt 0.094667 0.000000
vt 0.094833 1.000000
vt 0.094833 0.000000
vt 0.095000 1.000000
vt 0.095000 0.000000
vt 0.095167 1.000000
vt 0.095167 0.000000
vt 0.095333 1.000000
vt 0.095333 0.000000
vt 0.095500 1.000000
vt 0.095500 0.000000
vt 0.095667 1.000000
vt 0.095667 0.000000
vt 0.095833 1.000000
vt 0.095833 0.000000
vt 0.096000 1.000000
vt 0.096000 0.000000
vt 0.096167 1.000000
vt 0.096167 0.000000
vt 0.096333 1.000000
vt 0.096333 0.000000
vt 0.096500 1.000000
vt 0.096500 0.000000
vt 0.096667 1.000000
vt 0.096667 0.000000
vt 0.096833 1.000000
vt 0.096833 0.000000
vt 0.097000 1.000000
vt 0.097000 0.000000
vt 0.097167 1.000000
vt 0.097167 0.000000
vt 0.097333 1.000000
vt 0.097333 0.000000
vt 0.097500 1.000000
vt 0.097500 0.000000
vt 0.097667 1.000000
vt 0.097667 0.000000
vt 0.097833 1.000000
vt 0.097833 0.000000
vt 0.098000 1.000000
vt 0.098000 0.000000
vt 0.098167 1.000000
vt 0.098167 0.000000
vt 0.098333 1.000000
vt 0.098333 0.000000
vt 0.098500 1.000000
vt 0.098500 0.000000
vt 0.098667 1.000000
vt 0.098667 0.000000
vt 0.098833 1.000000
vt 0.098833 0.000000
vt 0.099000 1.000000
vt 0.099000 0.000000
vt 0.099167 1.000000
vt 0.099167 0.000000
vt 0.099333 1.000000
vt 0.099333 0.000000
vt 0.099500 1.000000
vt 0.099500 0.000000
vt 0.099667 1.000000
vt 0.099667 0.000000
vt 0.099833 1.000000
vt 0.099833 0.000000
vt 0.100000 1.000000
vt 0.100000 0.000000
vt 0.100167 1.000000
vt 0.100167 0.000000
vt 0.100333 1.000000
vt 0.100333 0.000000
vt 0.100500 1.000000
vt 0.100500 0.000000
vt 0.100667 1.000000
vt 0.100667 0.000000
vt 0.100833 1.000000
vt 0.100833 0.000000
vt 0.101000 1.000000
vt 0.101000 0.000000
vt 0.101167 1.000000
vt 0.101167 0.000000
vt 0.101333 1.000000
vt 0.101333 0.000000
vt 0.101500 1.000000
vt 0.101500 0.000000
vt 0.101667 1.000000
vt 0.101667 0.000000
vt 0.101833 1.000000
vt 0.101833 0.000000
vt 0.102000 1.000000
vt 0.102000 0.000000
vt 0.102167 1.000000
vt 0.102167 0.000000
vt 0.102333 1.000000
vt 0.102333 0.000000
vt 0.102500 1.000000
vt 0.102500 0.000000
vt 0.102667 1.000000
vt 0.102667 0.000000
vt 0.102833 1.000000
vt 0.102833 0.000000
vt 0.103000 1.000000
vt 0.103000 0.000000
vt 0.103167 1.000000
vt 0.103167 0.000000
vt 0.103333 1.000000
vt 0.103333 0.000000
vt 0.103500 1.000000
vt 0.103500 0.000000
vt 0.103667 1.000000
vt 0.103667 0.000000
vt 0.103833 1.000000
vt 0.103833 0.000000
vt 0.104000 1.000000
vt 0.104000 0.000000
vt 0.104167 1.000000
vt 0.104167 0.000000
vt 0.104333 1.000000
vt 0.104333 0.000000
vt 0.104500 1.000000
vt 0.104500 0.000000
vt 0.104667 1.000000
vt 0.104667 0.000000
vt 0.104833 1.000000
vt 0.104833 0.000000
vt 0.105000 1.000000
vt 0.105000 0.000000
vt 0.105167 1.000000
vt 0.105167 0.000000
vt 0.105333 1.000000
vt 0.105333 0.000000
vt 0.105500 1.000000
vt 0.105500 0.000000
vt 0.105667 1.000000
vt 0.105667 0.000000
vt 0.105833 1.000000
vt 0.105833 0.000000
vt 0.106000 1.000000
vt 0.106000 0.000000
vt 0.106167 1.000000
vt 0.106167 0.000000
vt 0.106333 1.000000
vt 0.106333 0.000000
vt 0.106500 1.000000
vt 0.106500 0.000000
vt 0.106667 1.000000
vt 0.106667 0.000000
vt 0.106833 1.000000
vt 0.106833 0.000000
vt 0.107000 1.000000
vt 0.107000 0.000000
vt 0.107167 1.000000
vt 0.107167 0.000000
vt 0.107333 1.000000
vt 0.107333 0.000000
vt 0.107500 1.000000
vt 0.107500 0.000000
vt 0.107667 1.000000
vt 0.107667 0.000000
vt 0.107833 1.000000
vt 0.107833 0.000000
vt 0.108000 1.000000
vt 0.108000 0.000000
vt 0.108167 1.000000
vt 0.108167 0.000000
vt 0.108333 1.000000
vt 0.108333 0.000000
vt 0.108500 1.000000
vt 0.108500 0.000000
vt 0.108667 1.000000
vt 0.108667 0.000000
vt 0.108833 1.000000
vt 0.108833 0.000000
vt 0.109000 1.000000
vt 0.109000 0.000000
vt 0.109167 1.000000
vt 0.109167 0.000000
vt 0.109333 1.000000
vt 0.109333 0.000000
vt 0.109500 1.000000
vt 0.109500 0.000000
vt 0.109667 1.000000
vt 0.109667 0.000000
vt 0.109833 1.000000
vt 0.109833 0.000000
vt 0.110000 1.000000
vt 0.110000 0.000000
vt 0.110167 1.000000
vt 0.110167 0.000000
vt 0.110333 1.000000
vt 0.110333 0.000000
vt 0.110500 1.000000
vt 0.110500 0.000000
vt 0.110667 1.000000
vt 0.110667 0.000000
vt 0.110833 1.000000
vt 0.110833 0.000000
vt 0.111000 1.000000
vt 0.111000 0.000000
vt 0.111167 1.000000
vt 0.111167 0.000000
vt 0.111333 1.000000
vt 0.111333 0.000000
vt 0.111500 1.000000
vt 0.111500 0.000000
vt 0.111667 1.000000
vt 0.111667 0.000000
vt 0.111833 1.000000
vt 0.111833 0.000000
vt 0.112000 1.000000
vt 0.112000 0.000000
vt 0.112167 1.000000
vt 0.112167 0.000000
vt 0.112333 1.000000
vt 0.112333 0.000000
vt 0.112500 1.000000
vt 0.112500 0.000000
vt 0.112667 1.000000
vt 0.112667 0.000000
vt 0.112833 1.000000
vt 0.112833 0.000000
vt 0.113000 1.000000
vt 0.113000 0.000000
vt 0.113167 1.000000
vt 0.113167 0.000000
vt 0.113333 1.000000
vt 0.113333 0.000000
vt 0.113500 1.000000
vt 0.113500 0.000000
vt 0.113667 1.000000
vt 0.113667 0.000000
vt 0.113833 1.000000
vt 0.113833 0.000000
vt 0.114000 1.000000
vt 0.114000 0.000000
vt 0.114167 1.000000
vt 0.114167 0.000000
vt 0.114333 1.000000
vt 0.114333 0.000000
vt 0.114500 1.000000
vt 0.114500 0.000000
vt 0.114667 1.000000
vt 0.114667 0.000000
vt 0.114833 1.000000
vt 0.114833 0.000000
vt 0.115000 1.000000
vt 0.115000 0.000000
vt 0.115167 1.000000
vt 0.115167 0.000000
vt 0.115333 1.000000
vt 0.115333 0.000000
vt 0.115500 1.000000
vt 0.115500 0.000000
vt 0.115667 1.000000
vt 0.115667 0.000000
vt 0.115833 1.000000
vt 0.115833 0.000000
vt 0.116000 1.000000
vt 0.116000 0.000000
vt 0.116167 1.000000
vt 0.116167 0.000000
vt 0.116333 1.000000
vt 0.116333 0.000000
vt 0.116500 1.000000
vt 0.116500 0.000000
vt 0.116667 1.000000
vt 0.116667 0.000000
vt 0.116833 1.000000
vt 0.116833 0.000000
vt 0.117000 1.000000
vt 0.117000 0.000000
vt 0.117167 1.000000
vt 0.117167 0.000000
vt 0.117333 1.000000
vt 0.117333 0.000000
vt 0.117500 1.000000
vt 0.117500 0.000000
vt 0.117667 1.000000
vt 0.117667 0.000000
vt 0.117833 1.000000
vt 0.117833 0.000000
vt 0.118000 1.000000
vt 0.118000 0.000000
vt 0.118167 1.000000
vt 0.118167 0.000000
vt 0.118333 1.000000
vt 0.118333 0.000000
vt 0.118500 1.000000
vt 0.118500 0.000000
vt 0.118667 1.000000
vt 0.118667 0.000000
vt 0.118833 1.000000
vt 0.118833 0.000000
vt 0.119000 1.000000
vt 0.119000 0.000000
vt 0.119167 1.000000
vt 0.119167 0.000000
vt 0.119333 1.000000
vt 0.119333 0.000000
vt 0.119500 1.000000
vt 0.119500 0.000000
vt 0.119667 1.000000
vt 0.119667 0.000000
vt 0.119833 1.000000
vt 0.119833 0.000000
vt 0.120000 1.000000
vt 0.120000 0.000000
vt 0.120167 1.000000
vt 0.120167 0.000000
vt 0.120333 1.000000
vt 0.120333 0.000000
vt 0.120500 1.000000
vt 0.120500 0.000000
vt 0.120667 1.000000
vt 0.120667 0.000000
vt 0.120833 1.000000
vt 0.120833 0.000000
vt 0.121000 1.000000
vt 0.121000 0.000000
vt 0.121167 1.000000
vt 0.121167 0.000000
vt 0.121333 1.000000
vt 0.121333 0.000000
vt 0.121500 1.000000
vt 0.121500 0.000000
vt 0.121667 1.000000
vt 0.121667 0.000000
vt 0.121833 1.000000
vt 0.121833 0.000000
vt 0.122000 1.000000
vt 0.122000 0.000000
vt 0.122167 1.000000
vt 0.122167 0.000000
vt 0.122333 1.000000
vt 0.122333 0.000000
vt 0.122500 1.000000
vt 0.122500 0.000000
vt 0.122667 1.000000
vt 0.122667 0.000000
vt 0.122833 1.000000
vt 0.122833 0.000000
vt 0.123000 1.000000
vt 0.123000 0.000000
vt 0.123167 1.000000
vt 0.123167 0.000000
vt 0.123333 1.000000
vt 0.123333 0.000000
vt 0.123500 1.000000
vt 0.123500 0.000000
vt 0.123667 1.000000
vt 0.123667 0.000000
vt 0.123833 1.000000
vt 0.123833 0.000000
vt 0.124000 1.000000
vt 0.124000 0.000000
vt 0.124167 1.000000
vt 0.124167 0.000000
vt 0.124333 1.000000
vt 0.124333 0.000000
vt 0.124500 1.000000
vt 0.124500 0.000000
vt 0.124667 1.000000
vt 0.124667 0.000000
vt 0.124833 1.000000
vt 0.124833 0.000000
vt 0.125000 1.000000
vt 0.125000 0.000000
vt 0.125167 1.000000
vt 0.125167 0.000000
vt 0.125333 1.000000
vt 0.125333 0.000000
vt 0.125500 1.000000
vt 0.125500 0.000000
vt 0.125667 1.000000
vt 0.125667 0.000000
vt 0.125833 1.000000
vt 0.125833 0.000000
vt 0.126000 1.000000
vt 0.126000 0.000000
vt 0.126167 1.000000
vt 0.126167 0.000000
vt 0.126333 1.000000
vt 0.126333 0.000000
vt 0.126500 1.000000
vt 0.126500 0.000000
vt 0.126667 1.000000
vt 0.126667 0.000000
vt 0.126833 1.000000
vt 0.126833 0.000000
vt 0.127000 1.000000
vt 0.127000 0.000000
vt 0.127167 1.000000
vt 0.127167 0.000000
vt 0.127333 1.000000
vt 0.127333 0.000000
vt 0.127500 1.000000
vt 0.127500 0.000000
vt 0.127667 1.000000
vt 0.127667 0.000000
vt 0.127833 1.000000
vt 0.127833 0.000000
vt 0.128000 1.000000
vt 0.128000 0.000000
vt 0.128167 1.000000
vt 0.128167 0.000000
vt 0.128333 1.000000
vt 0.128333 0.000000
vt 0.128500 1.000000
vt 0.128500 0.000000
vt 0.128667 1.000000
vt 0.128667 0.000000
vt 0.128833 1.000000
vt 0.128833 0.000000
vt 0.129000 1.000000
vt 0.129000 0.000000
vt 0.129167 1.000000
vt 0.129167 0.000000
vt 0.129333 1.000000
vt 0.129333 0.000000
vt 0.129500 1.000000
vt 0.129500 0.000000
vt 0.129667 1.000000
vt 0.129667 0.000000
vt 0.129833 1.000000
vt 0.129833 0.000000
vt 0.130000 1.000000
vt 0.130000 0.000000
vt 0.130167 1.000000
vt 0.130167 0.000000
vt 0.130333 1.000000
vt 0.130333 0.000000
vt 0.130500 1.000000
vt 0.130500 0.000000
vt 0.130667 1.000000
vt 0.130667 0.000000
vt 0.130833 1.000000
vt 0.130833 0.000000
vt 0.131000 1.000000
vt 0.131000 0.000000
vt 0.131167 1.000000
vt 0.131167 0.000000
vt 0.131333 1.000000
vt 0.131333 0.000000
vt 0.131500 1.000000
vt 0.131500 0.000000
vt 0.131667 1.000000
vt 0.131667 0.000000
vt 0.131833 1.000000
vt 0.131833 0.000000
vt 0.132000 1.000000
vt 0.132000 0.000000
vt 0.132167 1.000000
vt 0.132167 0.000000
vt 0.132333 1.000000
vt 0.132333 0.000000
vt 0.132500 1.000000
vt 0.132500 0.000000
vt 0.132667 1.000000
vt 0.132667 0.000000
vt 0.132833 1.000000
vt 0.132833 0.000000
vt 0.133000 1.000000
vt 0.133000 0.000000
vt 0.133167 1.000000
vt 0.133167 0.000000
vt 0.133333 1.000000
vt 0.133333 0.000000
vt 0.133500 1.000000
vt 0.133500 0.000000
vt 0.133667 1.000000
vt 0.133667 0.000000
vt 0.133833 1.000000
vt 0.133833 0.000000
vt 0.134000 1.000000
vt 0.134000 0.000000
vt 0.134167 1.000000
vt 0.134167 0.000000
vt 0.134333 1.000000
vt 0.134333 0.000000
vt 0.134500 1.000000
vt 0.134500 0.000000
vt 0.134667 1.000000
vt 0.134667 0.000000
vt 0.134833 1.000000
vt 0.134833 0.000000
vt 0.135000 1.000000
vt 0.135000 0.000000
vt 0.135167 1.000000
vt 0.135167 0.000000
vt 0.135333 1.000000
vt 0.135333 0.000000
vt 0.135500 1.000000
vt 0.135500 0.000000
vt 0.135667 1.000000
vt 0.135667 0.000000
vt 0.135833 1.000000
vt 0.135833 0.000000
vt 0.136000 1.000000
vt 0.136000 0.000000
vt 0.136167 1.000000
vt 0.136167 0.000000
vt 0.136333 1.000000
vt 0.136333 0.000000
vt 0.136500 1.000000
vt 0.136500 0.000000
vt 0.136667 1.000000
vt 0.136667 0.000000
vt 0.136833 1.000000
vt 0.136833 0.000000
vt 0.137000 1.000000
vt 0.137000 0.000000
vt 0.137167 1.000000
vt 0.137167 0.000000
vt 0.137333 1.000000
vt 0.137333 0.000000
vt 0.137500 1.000000
vt 0.137500 0.000000
vt 0.137667 1.000000
vt 0.137667 0.000000
vt 0.137833 1.000000
vt 0.137833 0.000000
vt 0.138000 1.000000
vt 0.138000 0.000000
vt 0.138167 1.000000
vt 0.138167 0.000000
vt 0.138333 1.000000
vt 0.138333 0.000000
vt 0.138500 1.000000
vt 0.138500 0.000000
vt 0.138667 1.000000
vt 0.138667 0.000000
vt 0.138833 1.000000
vt 0.138833 0.000000
vt 0.139000 1.000000
vt 0.139000 0.000000
vt 0.139167 1.000000
vt 0.139167 0.000000
vt 0.139333 1.000000
vt 0.139333 0.000000
vt 0.139500 1.000000
vt 0.139500 0.000000
vt 0.139667 1.000000
vt 0.139667 0.000000
vt 0.139833 1.000000
vt 0.139833 0.000000
vt 0.140000 1.000000
vt 0.140000 0.000000
vt 0.140167 1.000000
vt 0.140167 0.000000
vt 0.140333 1.000000
vt 0.140333 0.000000
vt 0.140500 1.000000
vt 0.140500 0.000000
vt 0.140667 1.000000
vt 0.140667 0.000000
vt 0.140833 1.000000
vt 0.140833 0.000000
vt 0.141000 1.000000
vt 0.141000 0.000000
vt 0.141167 1.000000
vt 0.141167 0.000000
vt 0.141333 1.000000
vt 0.141333 0.000000
vt 0.141500 1.000000
vt 0.141500 0.000000
vt 0.141667 1.000000
vt 0.141667 0.000000
vt 0.141833 1.000000
vt 0.141833 0.000000
vt 0.142000 1.000000
vt 0.142000 0.000000
vt 0.142167 1.000000
vt 0.142167 0.000000
vt 0.142333 1.000000
vt 0.142333 0.000000
vt 0.142500 1.000000
vt 0.142500 0.000000
vt 0.142667 1.000000
vt 0.142667 0.000000
vt 0.142833 1.000000
vt 0.142833 0.000000
vt 0.143000 1.000000
vt 0.143000 0.000000
vt 0.143167 1.000000
vt 0.143167 0.000000
vt 0.143333 1.000000
vt 0.143333 0.000000
vt 0.143500 1.000000
vt 0.143500 0.000000
vt 0.143667 1.000000
vt 0.143667 0.000000
vt 0.143833 1.000000
vt 0.143833 0.000000
vt 0.144000 1.000000
vt 0.144000 0.000000
vt 0.144167 1.000000
vt 0.144167 0.000000
vt 0.144333 1.000000
vt 0.144333 0.000000
vt 0.144500 1.000000
vt 0.144500 0.000000
vt 0.144667 1.000000
vt 0.144667 0.000000
vt 0.144833 1.000000
vt 0.144833 0.000000
vt 0.145000 1.000000
vt 0.145000 0.000000
vt 0.145167 1.000000
vt 0.145167 0.000000
vt 0.145333 1.000000
vt 0.145333 0.000000
vt 0.145500 1.000000
vt 0.145500 0.000000
vt 0.145667 1.000000
vt 0.145667 0.000000
vt 0.145833 1.000000
vt 0.145833 0.000000
vt 0.146000 1.000000
vt 0.146000 0.000000
vt 0.146167 1.000000
vt 0.146167 0.000000
vt 0.146333 1.000000
vt 0.146333 0.000000
vt 0.146500 1.000000
vt 0.146500 0.000000
vt 0.146667 1.000000
vt 0.146667 0.000000
vt 0.146833 1.000000
vt 0.146833 0.000000
vt 0.147000 1.000000
vt 0.147000 0.000000
vt 0.147167 1.000000
vt 0.147167 0.000000
vt 0.147333 1.000000
vt 0.147333 0.000000
vt 0.147500 1.000000
vt 0.147500 0.000000
vt 0.147667 1.000000
vt 0.147667 0.000000
vt 0.147833 1.000000
vt 0.147833 0.000000
vt 0.148000 1.000000
vt 0.148000 0.000000
vt 0.148167 1.000000
vt 0.148167 0.000000
vt 0.148333 1.000000
vt 0.148333 0.000000
vt 0.148500 1.000000
vt 0.148500 0.000000
vt 0.148667 1.000000
vt 0.148667 0.000000
vt 0.148833 1.000000
vt 0.148833 0.000000
vt 0.149000 1.000000
vt 0.149000 0.000000
vt 0.149167 1.000000
vt 0.149167 0.000000
vt 0.149333 1.000000
vt 0.149333 0.000000
vt 0.149500 1.000000
vt 0.149500 0.000000
vt 0.149667 1.000000
vt 0.149667 0.000000
vt 0.149833 1.000000
vt 0.149833 0.000000
vt 0.150000 1.000000
vt 0.150000 0.000000
vt 0.150167 1.000000
vt 0.150167 0.000000
vt 0.150333 1.000000
vt 0.150333 0.000000
vt 0.150500 1.000000
vt 0.150500 0.000000
vt 0.150667 1.000000
vt 0.150667 0.000000
vt 0.150833 1.000000
vt 0.150833 0.000000
vt 0.151000 1.000000
vt 0.151000 0.000000
vt 0.151167 1.000000
vt 0.151167 0.000000
vt 0.151333 1.000000
vt 0.151333 0.000000
vt 0.151500 1.000000
vt 0.151500 0.000000
vt 0.151667 1.000000
vt 0.151667 0.000000
vt 0.151833 1.000000
vt 0.151833 0.000000
vt 0.152000 1.000000
vt 0.152000 0.000000
vt 0.152167 1.000000
vt 0.152167 0.000000
vt 0.152333 1.000000
vt 0.152333 0.000000
vt 0.152500 1.000000
vt 0.152500 0.000000
vt 0.152667 1.000000
vt 0.152667 0.000000
vt 0.152833 1.000000
vt 0.152833 0.000000
vt 0.153000 1.000000
vt 0.153000 0.000000
vt 0.153167 1.000000
vt 0.153167 0.000000
vt 0.153333 1.000000
vt 0.153333 0.000000
vt 0.153500 1.000000
vt 0.153500 0.000000
vt 0.153667 1.000000
vt 0.153667 0.000000
vt 0.153833 1.000000
vt 0.153833 0.000000
vt 0.154000 1.000000
vt 0.154000 0.000000
vt 0.154167 1.000000
vt 0.154167 0.000000
vt 0.154333 1.000000
vt 0.154333 0.000000
vt 0.154500 1.000000
vt 0.154500 0.000000
vt 0.154667 1.000000
vt 0.154667 0.000000
vt 0.154833 1.000000
vt 0.154833 0.000000
vt 0.155000 1.000000
vt 0.155000 0.000000
vt 0.155167 1.000000
vt 0.155167 0.000000
vt 0.155333 1.000000
vt 0.155333 0.000000
vt 0.155500 1.000000
vt 0.155500 0.000000
vt 0.155667 1.000000
vt 0.155667 0.000000
vt 0.155833 1.000000
vt 0.155833 0.000000
vt 0.156000 1.000000
vt 0.156000 0.000000
vt 0.156167 1.000000
vt 0.156167 0.000000
vt 0.156333 1.000000
vt 0.156333 0.000000
vt 0.156500 1.000000
vt 0.156500 0.000000
vt 0.156667 1.000000
vt 0.156667 0.000000
vt 0.156833 1.000000
vt 0.156833 0.000000
vt 0.157000 1.000000
vt 0.157000 0.000000
vt 0.157167 1.000000
vt 0.157167 0.000000
vt 0.157333 1.000000
vt 0.157333 0.000000
vt 0.157500 1.000000
vt 0.157500 0.000000
vt 0.157667 1.000000
vt 0.157667 0.000000
vt 0.157833 1.000000
vt 0.157833 0.000000
vt 0.158000 1.000000
vt 0.158000 0.000000
vt 0.158167 1.000000
vt 0.158167 0.000000
vt 0.158333 1.000000
vt 0.158333 0.000000
vt 0.158500 1.000000
vt 0.158500 0.000000
vt 0.158667 1.000000
vt 0.158667 0.000000
vt 0.158833 1.000000
vt 0.158833 0.000000
vt 0.159000 1.000000
vt 0.159000 0.000000
vt 0.159167 1.000000
vt 0.159167 0.000000
vt 0.159333 1.000000
vt 0.159333 0.000000
vt 0.159500 1.000000
vt 0.159500 0.000000
vt 0.159667 1.000000
vt 0.159667 0.000000
vt 0.159833 1.000000
vt 0.159833 0.000000
vt 0.160000 1.000000
vt 0.160000 0.000000
vt 0.160167 1.000000
vt 0.160167 0.000000
vt 0.160333 1.000000
vt 0.160333 0.000000
vt 0.160500 1.000000
vt 0.160500 0.000000
vt 0.160667 1.000000
vt 0.160667 0.000000
vt 0.160833 1.000000
vt 0.160833 0.000000
vt 0.161000 1.000000
vt 0.161000 0.000000
vt 0.161167 1.000000
vt 0.161167 0.000000
vt 0.161333 1.000000
vt 0.161333 0.000000
vt 0.161500 1.000000
vt 0.161500 0.000000
vt 0.161667 1.000000
vt 0.161667 0.000000
vt 0.161833 1.000000
vt 0.161833 0.000000
vt 0.162000 1.000000
vt 0.162000 0.000000
vt 0.162167 1.000000
vt 0.162167 0.000000
vt 0.162333 1.000000
vt 0.162333 0.000000
vt 0.162500 1.000000
vt 0.162500 0.000000
vt 0.162667 1.000000
vt 0.162667 0.000000
vt 0.162833 1.000000
vt 0.162833 0.000000
vt 0.163000 1.000000
vt 0.163000 0.000000
vt 0.163167 1.000000
vt 0.163167 0.000000
vt 0.163333 1.000000
vt 0.163333 0.000000
vt 0.163500 1.000000
vt 0.163500 0.000000
vt 0.163667 1.000000
vt 0.163667 0.000000
vt 0.163833 1.000000
vt 0.163833 0.000000
vt 0.164000 1.000000
vt 0.164000 0.000000
vt 0.164167 1.000000
vt 0.164167 0.000000
vt 0.164333 1.000000
vt 0.164333 0.000000
vt 0.164500 1.000000
vt 0.164500 0.000000
vt 0.164667 1.000000
vt 0.164667 0.000000
vt 0.164833 1.000000
vt 0.164833 0.000000
vt 0.165000 1.000000
vt 0.165000 0.000000
vt 0.165167 1.000000
vt 0.165167 0.000000
vt 0.165333 1.000000
vt 0.165333 0.000000
vt 0.165500 1.000000
vt 0.165500 0.000000
vt 0.165667 1.000000
vt 0.165667 0.000000
vt 0.165833 1.000000
vt 0.165833 0.000000
vt 0.166000 1.000000
vt 0.166000 0.000000
vt 0.166167 1.000000
vt 0.166167 0.000000
vt 0.166333 1.000000
vt 0.166333 0.000000
vt 0.166500 1.000000
vt 0.166500 0.000000
vt 0.166667 1.000000
vt 0.166667 0.000000
vt 0.166833 1.000000
vt 0.166833 0.000000
vt 0.167000 1.000000
vt 0.167000 0.000000
vt 0.167167 1.000000
vt 0.167167 0.000000
vt 0.167333 1.000000
vt 0.167333 0.000000
vt 0.167500 1.000000
vt 0.167500 0.000000
vt 0.167667 1.000000
vt 0.167667 0.000000
vt 0.167833 1.000000
vt 0.167833 0.000000
vt 0.168000 1.000000
vt 0.168000 0.000000
vt 0.168167 1.000000
vt 0.168167 0.000000
vt 0.168333 1.000000
vt 0.168333 0.000000
vt 0.168500 1.000000
vt 0.168500 0.000000
vt 0.168667 1.000000
vt 0.168667 0.000000
vt 0.168833 1.000000
vt 0.168833 0.000000
vt 0.169000 1.000000
vt 0.169000 0.000000
vt 0.169167 1.000000
vt 0.169167 0.000000
vt 0.169333 1.000000
vt 0.169333 0.000000
vt 0.169500 1.000000
vt 0.169500 0.000000
vt 0.169667 1.000000
vt 0.169667 0.000000
vt 0.169833 1.000000
vt 0.169833 0.000000
vt 0.170000 1.000000
vt 0.170000 0.000000
vt 0.170167 1.000000
vt 0.170167 0.000000
vt 0.170333 1.000000
vt 0.170333 0.000000
vt 0.170500 1.000000
vt 0.170500 0.000000
vt 0.170667 1.000000
vt 0.170667 0.000000
vt 0.170833 1.000000
vt 0.170833 0.000000
vt 0.171000 1.000000
vt 0.171000 0.000000
vt 0.171167 1.000000
vt 0.171167 0.000000
vt 0.171333 1.000000
vt 0.171333 0.000000
vt 0.171500 1.000000
vt 0.171500 0.000000
vt 0.171667 1.000000
vt 0.171667 0.000000
vt 0.171833 1.000000
vt 0.171833 0.000000
vt 0.172000 1.000000
vt 0.172000 0.000000
vt 0.172167 1.000000
vt 0.172167 0.000000
vt 0.172333 1.000000
vt 0.172333 0.000000
vt 0.172500 1.000000
vt 0.172500 0.000000
vt 0.172667 1.000000
vt 0.172667 0.000000
vt 0.172833 1.000000
vt 0.172833 0.000000
vt 0.173000 1.000000
vt 0.173000 0.000000
vt 0.173167 1.000000
vt 0.173167 0.000000
vt 0.173333 1.000000
vt 0.173333 0.000000
vt 0.173500 1.000000
vt 0.173500 0.000000
vt 0.173667 1.000000
vt 0.173667 0.000000
vt 0.173833 1.000000
vt 0.173833 0.000000
vt 0.174000 1.000000
vt 0.174000 0.000000
vt 0.174167 1.000000
vt 0.174167 0.000000
vt 0.174333 1.000000
vt 0.174333 0.000000
vt 0.174500 1.000000
vt 0.174500 0.000000
vt 0.174667 1.000000
vt 0.174667 0.000000
vt 0.174833 1.000000
vt 0.174833 0.000000
vt 0.175000 1.000000
vt 0.175000 0.000000
vt 0.175167 1.000000
vt 0.175167 0.000000
vt 0.175333 1.000000
vt 0.175333 0.000000
vt 0.175500 1.000000
vt 0.175500 0.000000
vt 0.175667 1.000000
vt 0.175667 0.000000
vt 0.175833 1.000000
vt 0.175833 0.000000
vt 0.176000 1.000000
vt 0.176000 0.000000
vt 0.176167 1.000000
vt 0.176167 0.000000
vt 0.176333 1.000000
vt 0.176333 0.000000
vt 0.176500 1.000000
vt 0.176500 0.000000
vt 0.176667 1.000000
vt 0.176667 0.000000
vt 0.176833 1.000000
vt 0.176833 0.000000
vt 0.177000 1.000000
vt 0.177000 0.000000
vt 0.177167 1.000000
vt 0.177167 0.000000
vt 0.177333 1.000000
vt 0.177333 0.000000
vt 0.177500 1.000000
vt 0.177500 0.000000
vt 0.177667 1.000000
vt 0.177667 0.000000
vt 0.177833 1.000000
vt 0.177833 0.000000
vt 0.178000 1.000000
vt 0.178000 0.000000
vt 0.178167 1.000000
vt 0.178167 0.000000
vt 0.178333 1.000000
vt 0.178333 0.000000
vt 0.178500 1.000000
vt 0.178500 0.000000
vt 0.178667 1.000000
vt 0.178667 0.000000
vt 0.178833 1.000000
vt 0.178833 0.000000
vt 0.179000 1.000000
vt 0.179000 0.000000
vt 0.179167 1.000000
vt 0.179167 0.000000
vt 0.179333 1.000000
vt 0.179333 0.000000
vt 0.179500 1.000000
vt 0.179500 0.000000
vt 0.179667 1.000000
vt 0.179667 0.000000
vt 0.179833 1.000000
vt 0.179833 0.000000
vt 0.180000 1.000000
vt 0.180000 0.000000
vt 0.180167 1.000000
vt 0.180167 0.000000
vt 0.180333 1.000000
vt 0.180333 0.000000
vt 0.180500 1.000000
vt 0.180500 0.000000
vt 0.180667 1.000000
vt 0.180667 0.000000
vt 0.180833 1.000000
vt 0.180833 0.000000
vt 0.181000 1.000000
vt 0.181000 0.000000
vt 0.181167 1.000000
vt 0.181167 0.000000
vt 0.181333 1.000000
vt 0.181333 0.000000
vt 0.181500 1.000000
vt 0.181500 0.000000
vt 0.181667 1.000000
vt 0.181667 0.000000
vt 0.181833 1.000000
vt 0.181833 0.000000
vt 0.182000 1.000000
vt 0.182000 0.000000
vt 0.182167 1.000000
vt 0.182167 0.000000
vt 0.182333 1.000000
vt 0.182333 0.000000
vt 0.182500 1.000000
vt 0.182500 0.000000
vt 0.182667 1.000000
vt 0.182667 0.000000
vt 0.182833 1.000000
vt 0.182833 0.000000
vt 0.183000 1.000000
vt 0.183000 0.000000
vt 0.183167 1.000000
vt 0.183167 0.000000
vt 0.183333 1.000000
vt 0.183333 0.000000
vt 0.183500 1.000000
vt 0.183500 0.000000
vt 0.183667 1.000000
vt 0.183667 0.000000
vt 0.183833 1.000000
vt 0.183833 0.000000
vt 0.184000 1.000000
vt 0.184000 0.000000
vt 0.184167 1.000000
vt 0.184167 0.000000
vt 0.184333 1.000000
vt 0.184333 0.000000
vt 0.184500 1.000000
vt 0.184500 0.000000
vt 0.184667 1.000000
vt 0.184667 0.000000
vt 0.184833 1.000000
vt 0.184833 0.000000
vt 0.185000 1.000000
vt 0.185000 0.000000
vt 0.185167 1.000000
vt 0.185167 0.000000
vt 0.185333 1.000000
vt 0.185333 0.000000
vt 0.185500 1.000000
vt 0.185500 0.000000
vt 0.185667 1.000000
vt 0.185667 0.000000
vt 0.185833 1.000000
vt 0.185833 0.000000
vt 0.186000 1.000000
vt 0.186000 0.000000
vt 0.186167 1.000000
vt 0.186167 0.000000
vt 0.186333 1.000000
vt 0.186333 0.000000
vt 0.186500 1.000000
vt 0.186500 0.000000
vt 0.186667 1.000000
vt 0.186667 0.000000
vt 0.186833 1.000000
vt 0.186833 0.000000
vt 0.187000 1.000000
vt 0.187000 0.000000
vt 0.187167 1.000000
vt 0.187167 0.000000
vt 0.187333 1.000000
vt 0.187333 0.000000
vt 0.187500 1.000000
vt 0.187500 0.000000
vt 0.187667 1.000000
vt 0.187667 0.000000
vt 0.187833 1.000000
vt 0.187833 0.000000
vt 0.188000 1.000000
vt 0.188000 0.000000
vt 0.188167 1.000000
vt 0.188167 0.000000
vt 0.188333 1.000000
vt 0.188333 0.000000
vt 0.188500 1.000000
vt 0.188500 0.000000
vt 0.188667 1.000000
vt 0.188667 0.000000
vt 0.188833 1.000000
vt 0.188833 0.000000
vt 0.189000 1.000000
vt 0.189000 0.000000
vt 0.189167 1.000000
vt 0.189167 0.000000
vt 0.189333 1.000000
vt 0.189333 0.000000
vt 0.189500 1.000000
vt 0.189500 0.000000
vt 0.189667 1.000000
vt 0.189667 0.000000
vt 0.189833 1.000000
vt 0.189833 0.000000
vt 0.190000 1.000000
vt 0.190000 0.000000
vt 0.190167 1.000000
vt 0.190167 0.000000
vt 0.190333 1.000000
vt 0.190333 0.000000
vt 0.190500 1.000000
vt 0.190500 0.000000
vt 0.190667 1.000000
vt 0.190667 0.000000
vt 0.190833 1.000000
vt 0.190833 0.000000
vt 0.191000 1.000000
vt 0.191000 0.000000
vt 0.191167 1.000000
vt 0.191167 0.000000
vt 0.191333 1.000000
vt 0.191333 0.000000
vt 0.191500 1.000000
vt 0.191500 0.000000
vt 0.191667 1.000000
vt 0.191667 0.000000
vt 0.191833 1.000000
vt 0.191833 0.000000
vt 0.192000 1.000000
vt 0.192000 0.000000
vt 0.192167 1.000000
vt 0.192167 0.000000
vt 0.192333 1.000000
vt 0.192333 0.000000
vt 0.192500 1.000000
vt 0.192500 0.000000
vt 0.192667 1.000000
vt 0.192667 0.000000
vt 0.192833 1.000000
vt 0.192833 0.000000
vt 0.193000 1.000000
vt 0.193000 0.000000
vt 0.193167 1.000000
vt 0.193167 0.000000
vt 0.193333 1.000000
vt 0.193333 0.000000
vt 0.193500 1.000000
vt 0.193500 0.000000
vt 0.193667 1.000000
vt 0.193667 0.000000
vt 0.193833 1.000000
vt 0.193833 0.000000
vt 0.194000 1.000000
vt 0.194000 0.000000
vt 0.194167 1.000000
vt 0.194167 0.000000
vt 0.194333 1.000000
vt 0.194333 0.000000
vt 0.194500 1.000000
vt 0.194500 0.000000
vt 0.194667 1.000000
vt 0.194667 0.000000
vt 0.194833 1.000000
vt 0.194833 0.000000
vt 0.195000 1.000000
vt 0.195000 0.000000
vt 0.195167 1.000000
vt 0.195167 0.000000
vt 0.195333 1.000000
vt 0.195333 0.000000
vt 0.195500 1.000000
vt 0.195500 0.000000
vt 0.195667 1.000000
vt 0.195667 0.000000
vt 0.195833 1.000000
vt 0.195833 0.000000
vt 0.196000 1.000000
vt 0.196000 0.000000
vt 0.196167 1.000000
vt 0.196167 0.000000
vt 0.196333 1.000000
vt 0.196333 0.000000
vt 0.196500 1.000000
vt 0.196500 0.000000
vt 0.196667 1.000000
vt 0.196667 0.000000
vt 0.196833 1.000000
vt 0.196833 0.000000
vt 0.197000 1.000000
vt 0.197000 0.000000
vt 0.197167 1.000000
vt 0.197167 0.000000
vt 0.197333 1.000000
vt 0.197333 0.000000
vt 0.197500 1.000000
vt 0.197500 0.000000
vt 0.197667 1.000000
vt 0.197667 0.000000
vt 0.197833 1.000000
vt 0.197833 0.000000
vt 0.198000 1.000000
vt 0.198000 0.000000
vt 0.198167 1.000000
vt 0.198167 0.000000
vt 0.198333 1.000000
vt 0.198333 0.000000
vt 0.198500 1.000000
vt 0.198500 0.000000
vt 0.198667 1.000000
vt 0.198667 0.000000
vt 0.198833 1.000000
vt 0.198833 0.000000
vt 0.199000 1.000000
vt 0.199000 0.000000
vt 0.199167 1.000000
vt 0.199167 0.000000
vt 0.199333 1.000000
vt 0.199333 0.000000
vt 0.199500 1.000000
vt 0.199500 0.000000
vt 0.199667 1.000000
vt 0.199667 0.000000
vt 0.199833 1.000000
vt 0.199833 0.000000
vt 0.200000 1.000000
vt 0.200000 0.000000
vt 0.200167 1.000000
vt 0.200167 0.000000
vt 0.200333 1.000000
vt 0.200333 0.000000
vt 0.200500 1.000000
vt 0.200500 0.000000
vt 0.200667 1.000000
vt 0.200667 0.000000
vt 0.200833 1.000000
vt 0.200833 0.000000
vt 0.201000 1.000000
vt 0.201000 0.000000
vt 0.201167 1.000000
vt 0.201167 0.000000
vt 0.201333 1.000000
vt 0.201333 0.000000
vt 0.201500 1.000000
vt 0.201500 0.000000
vt 0.201667 1.000000
vt 0.201667 0.000000
vt 0.201833 1.000000
vt 0.201833 0.000000
vt 0.202000 1.000000
vt 0.202000 0.000000
vt 0.202167 1.000000
vt 0.202167 0.000000
vt 0.202333 1.000000
vt 0.202333 0.000000
vt 0.202500 1.000000
vt 0.202500 0.000000
vt 0.202667 1.000000
vt 0.202667 0.000000
vt 0.202833 1.000000
vt 0.202833 0.000000
vt 0.203000 1.000000
vt 0.203000 0.000000
vt 0.203167 1.000000
vt 0.203167 0.000000
vt 0.203333 1.000000
vt 0.203333 0.000000
vt 0.203500 1.000000
vt 0.203500 0.000000
vt 0.203667 1.000000
vt 0.203667 0.000000
vt 0.203833 1.000000
vt 0.203833 0.000000
vt 0.204000 1.000000
vt 0.204000 0.000000
vt 0.204167 1.000000
vt 0.204167 0.000000
vt 0.204333 1.000000
vt 0.204333 0.000000
vt 0.204500 1.000000
vt 0.204500 0.000000
vt 0.204667 1.000000
vt 0.204667 0.000000
vt 0.204833 1.000000
vt 0.204833 0.000000
vt 0.205000 1.000000
vt 0.205000 0.000000
vt 0.205167 1.000000
vt 0.205167 0.000000
vt 0.205333 1.000000
vt 0.205333 0.000000
vt 0.205500 1.000000
vt 0.205500 0.000000
vt 0.205667 1.000000
vt 0.205667 0.000000
vt 0.205833 1.000000
vt 0.205833 0.000000
vt 0.206000 1.000000
vt 0.206000 0.000000
vt 0.206167 1.000000
vt 0.206167 0.000000
vt 0.206333 1.000000
vt 0.206333 0.000000
vt 0.206500 1.000000
vt 0.206500 0.000000
vt 0.206667 1.000000
vt 0.206667 0.000000
vt 0.206833 1.000000
vt 0.206833 0.000000
vt 0.207000 1.000000
vt 0.207000 0.000000
vt 0.207167 1.000000
vt 0.207167 0.000000
vt 0.207333 1.000000
vt 0.207333 0.000000
vt 0.207500 1.000000
vt 0.207500 0.000000
vt 0.207667 1.000000
vt 0.207667 0.000000
vt 0.207833 1.000000
vt 0.207833 0.000000
vt 0.208000 1.000000
vt 0.208000 0.000000
vt 0.208167 1.000000
vt 0.208167 0.000000
vt 0.208333 1.000000
vt 0.208333 0.000000
vt 0.208500 1.000000
vt 0.208500 0.000000
vt 0.208667 1.000000
vt 0.208667 0.000000
vt 0.208833 1.000000
vt 0.208833 0.000000
vt 0.209000 1.000000
vt 0.209000 0.000000
vt 0.209167 1.000000
vt 0.209167 0.000000
vt 0.209333 1.000000
vt 0.209333 0.000000
vt 0.209500 1.000000
vt 0.209500 0.000000
vt 0.209667 1.000000
vt 0.209667 0.000000
vt 0.209833 1.000000
vt 0.209833 0.000000
vt 0.210000 1.000000
vt 0.210000 0.000000
vt 0.210167 1.000000
vt 0.210167 0.000000
vt 0.210333 1.000000
vt 0.210333 0.000000
vt 0.210500 1.000000
vt 0.210500 0.000000
vt 0.210667 1.000000
vt 0.210667 0.000000
vt 0.210833 1.000000
vt 0.210833 0.000000
vt 0.211000 1.000000
vt 0.211000 0.000000
vt 0.211167 1.000000
vt 0.211167 0.000000
vt 0.211333 1.000000
vt 0.211333 0.000000
vt 0.211500 1.000000
vt 0.211500 0.000000
vt 0.211667 1.000000
vt 0.211667 0.000000
vt 0.211833 1.000000
vt 0.211833 0.000000
vt 0.212000 1.000000
vt 0.212000 0.000000
vt 0.212167 1.000000
vt 0.212167 0.000000
vt 0.212333 1.000000
vt 0.212333 0.000000
vt 0.212500 1.000000
vt 0.212500 0.000000
vt 0.212667 1.000000
vt 0.212667 0.000000
vt 0.212833 1.000000
vt 0.212833 0.000000
vt 0.213000 1.000000
vt 0.213000 0.000000
vt 0.213167 1.000000
vt 0.213167 0.000000
vt 0.213333 1.000000
vt 0.213333 0.000000
vt 0.213500 1.000000
vt 0.213500 0.000000
vt 0.213667 1.000000
vt 0.213667 0.000000
vt 0.213833 1.000000
vt 0.213833 0.000000
vt 0.214000 1.000000
vt 0.214000 0.000000
vt 0.214167 1.000000
vt 0.214167 0.000000
vt 0.214333 1.000000
vt 0.214333 0.000000
vt 0.214500 1.000000
vt 0.214500 0.000000
vt 0.214667 1.000000
vt 0.214667 0.000000
vt 0.214833 1.000000
vt 0.214833 0.000000
vt 0.215000 1.000000
vt 0.215000 0.000000
vt 0.215167 1.000000
vt 0.215167 0.000000
vt 0.215333 1.000000
vt 0.215333 0.000000
vt 0.215500 1.000000
vt 0.215500 0.000000
vt 0.215667 1.000000
vt 0.215667 0.000000
vt 0.215833 1.000000
vt 0.215833 0.000000
vt 0.216000 1.000000
vt 0.216000 0.000000
vt 0.216167 1.000000
vt 0.216167 0.000000
vt 0.216333 1.000000
vt 0.216333 0.000000
vt 0.216500 1.000000
vt 0.216500 0.000000
vt 0.216667 1.000000
vt 0.216667 0.000000
vt 0.216833 1.000000
vt 0.216833 0.000000
vt 0.217000 1.000000
vt 0.217000 0.000000
vt 0.217167 1.000000
vt 0.217167 0.000000
vt 0.217333 1.000000
vt 0.217333 0.000000
vt 0.217500 1.000000
vt 0.217500 0.000000
vt 0.217667 1.000000
vt 0.217667 0.000000
vt 0.217833 1.000000
vt 0.217833 0.000000
vt 0.218000 1.000000
vt 0.218000 0.000000
vt 0.218167 1.000000
vt 0.218167 0.000000
vt 0.218333 1.000000
vt 0.218333 0.000000
vt 0.218500 1.000000
vt 0.218500 0.000000
vt 0.218667 1.000000
vt 0.218667 0.000000
vt 0.218833 1.000000
vt 0.218833 0.000000
vt 0.219000 1.000000
vt 0.219000 0.000000
vt 0.219167 1.000000
vt 0.219167 0.000000
vt 0.219333 1.000000
vt 0.219333 0.000000
vt 0.219500 1.000000
vt 0.219500 0.000000
vt 0.219667 1.000000
vt 0.219667 0.000000
vt 0.219833 1.000000
vt 0.219833 0.000000
vt 0.220000 1.000000
vt 0.220000 0.000000
vt 0.220167 1.000000
vt 0.220167 0.000000
vt 0.220333 1.000000
vt 0.220333 0.000000
vt 0.220500 1.000000
vt 0.220500 0.000000
vt 0.220667 1.000000
vt 0.220667 0.000000
vt 0.220833 1.000000
vt 0.220833 0.000000
vt 0.221000 1.000000
vt 0.221000 0.000000
vt 0.221167 1.000000
vt 0.221167 0.000000
vt 0.221333 1.000000
vt 0.221333 0.000000
vt 0.221500 1.000000
vt 0.221500 0.000000
vt 0.221667 1.000000
vt 0.221667 0.000000
vt 0.221833 1.000000
vt 0.221833 0.000000
vt 0.222000 1.000000
vt 0.222000 0.000000
vt 0.222167 1.000000
vt 0.222167 0.000000
vt 0.222333 1.000000
vt 0.222333 0.000000
vt 0.222500 1.000000
vt 0.222500 0.000000
vt 0.222667 1.000000
vt 0.222667 0.000000
vt 0.222833 1.000000
vt 0.222833 0.000000
vt 0.223000 1.000000
vt 0.223000 0.000000
vt 0.223167 1.000000
vt 0.223167 0.000000
vt 0.223333 1.000000
vt 0.223333 0.000000
vt 0.223500 1.000000
vt 0.223500 0.000000
vt 0.223667 1.000000
vt 0.223667 0.000000
vt 0.223833 1.000000
vt 0.223833 0.000000
vt 0.224000 1.000000
vt 0.224000 0.000000
vt 0.224167 1.000000
vt 0.224167 0.000000
vt 0.224333 1.000000
vt 0.224333 0.000000
vt 0.224500 1.000000
vt 0.224500 0.000000
vt 0.224667 1.000000
vt 0.224667 0.000000
vt 0.224833 1.000000
vt 0.224833 0.000000
vt 0.225000 1.000000
vt 0.225000 0.000000
vt 0.225167 1.000000
vt 0.225167 0.000000
vt 0.225333 1.000000
vt 0.225333 0.000000
vt 0.225500 1.000000
vt 0.225500 0.000000
vt 0.225667 1.000000
vt 0.225667 0.000000
vt 0.225833 1.000000
vt 0.225833 0.000000
vt 0.226000 1.000000
vt 0.226000 0.000000
vt 0.226167 1.000000
vt 0.226167 0.000000
vt 0.226333 1.000000
vt 0.226333 0.000000
vt 0.226500 1.000000
vt 0.226500 0.000000
vt 0.226667 1.000000
vt 0.226667 0.000000
vt 0.226833 1.000000
vt 0.226833 0.000000
vt 0.227000 1.000000
vt 0.227000 0.000000
vt 0.227167 1.000000
vt 0.227167 0.000000
vt 0.227333 1.000000
vt 0.227333 0.000000
vt 0.227500 1.000000
vt 0.227500 0.000000
vt 0.227667 1.000000
vt 0.227667 0.000000
vt 0.227833 1.000000
vt 0.227833 0.000000
vt 0.228000 1.000000
vt 0.228000 0.000000
vt 0.228167 1.000000
vt 0.228167 0.000000
vt 0.228333 1.000000
vt 0.228333 0.000000
vt 0.228500 1.000000
vt 0.228500 0.000000
vt 0.228667 1.000000
vt 0.228667 0.000000
vt 0.228833 1.000000
vt 0.228833 0.000000
vt 0.229000 1.000000
vt 0.229000 0.000000
vt 0.229167 1.000000
vt 0.229167 0.000000
vt 0.229333 1.000000
vt 0.229333 0.000000
vt 0.229500 1.000000
vt 0.229500 0.000000
vt 0.229667 1.000000
vt 0.229667 0.000000
vt 0.229833 1.000000
vt 0.229833 0.000000
vt 0.230000 1.000000
vt 0.230000 0.000000
vt 0.230167 1.000000
vt 0.230167 0.000000
vt 0.230333 1.000000
vt 0.230333 0.000000
vt 0.230500 1.000000
vt 0.230500 0.000000
vt 0.230667 1.000000
vt 0.230667 0.000000
vt 0.230833 1.000000
vt 0.230833 0.000000
vt 0.231000 1.000000
vt 0.231000 0.000000
vt 0.231167 1.000000
vt 0.231167 0.000000
vt 0.231333 1.000000
vt 0.231333 0.000000
vt 0.231500 1.000000
vt 0.231500 0.000000
vt 0.231667 1.000000
vt 0.231667 0.000000
vt 0.231833 1.000000
vt 0.231833 0.000000
vt 0.232000 1.000000
vt 0.232000 0.000000
vt 0.232167 1.000000
vt 0.232167 0.000000
vt 0.232333 1.000000
vt 0.232333 0.000000
vt 0.232500 1.000000
vt 0.232500 0.000000
vt 0.232667 1.000000
vt 0.232667 0.000000
vt 0.232833 1.000000
vt 0.232833 0.000000
vt 0.233000 1.000000
vt 0.233000 0.000000
vt 0.233167 1.000000
vt 0.233167 0.000000
vt 0.233333 1.000000
vt 0.233333 0.000000
vt 0.233500 1.000000
vt 0.233500 0.000000
vt 0.233667 1.000000
vt 0.233667 0.000000
vt 0.233833 1.000000
vt 0.233833 0.000000
vt 0.234000 1.000000
vt 0.234000 0.000000
vt 0.234167 1.000000
vt 0.234167 0.000000
vt 0.234333 1.000000
vt 0.234333 0.000000
vt 0.234500 1.000000
vt 0.234500 0.000000
vt 0.234667 1.000000
vt 0.234667 0.000000
vt 0.234833 1.000000
vt 0.234833 0.000000
vt 0.235000 1.000000
vt 0.235000 0.000000
vt 0.235167 1.000000
vt 0.235167 0.000000
vt 0.235333 1.000000
vt 0.235333 0.000000
vt 0.235500 1.000000
vt 0.235500 0.000000
vt 0.235667 1.000000
vt 0.235667 0.000000
vt 0.235833 1.000000
vt 0.235833 0.000000
vt 0.236000 1.000000
vt 0.236000 0.000000
vt 0.236167 1.000000
vt 0.236167 0.000000
vt 0.236333 1.000000
vt 0.236333 0.000000
vt 0.236500 1.000000
vt 0.236500 0.000000
vt 0.236667 1.000000
vt 0.236667 0.000000
vt 0.236833 1.000000
vt 0.236833 0.000000
vt 0.237000 1.000000
vt 0.237000 0.000000
vt 0.237167 1.000000
vt 0.237167 0.000000
vt 0.237333 1.000000
vt 0.237333 0.000000
vt 0.237500 1.000000
vt 0.237500 0.000000
vt 0.237667 1.000000
vt 0.237667 0.000000
vt 0.237833 1.000000
vt 0.237833 0.000000
vt 0.238000 1.000000
vt 0.238000 0.000000
vt 0.238167 1.000000
vt 0.238167 0.000000
vt 0.238333 1.000000
vt 0.238333 0.000000
vt 0.238500 1.000000
vt 0.238500 0.000000
vt 0.238667 1.000000
vt 0.238667 0.000000
vt 0.238833 1.000000
vt 0.238833 0.000000
vt 0.239000 1.000000
vt 0.239000 0.000000
vt 0.239167 1.000000
vt 0.239167 0.000000
vt 0.239333 1.000000
vt 0.239333 0.000000
vt 0.239500 1.000000
vt 0.239500 0.000000
vt 0.239667 1.000000
vt 0.239667 0.000000
vt 0.239833 1.000000
vt 0.239833 0.000000
vt 0.240000 1.000000
vt 0.240000 0.000000
vt 0.240167 1.000000
vt 0.240167 0.000000
vt 0.240333 1.000000
vt 0.240333 0.000000
vt 0.240500 1.000000
vt 0.240500 0.000000
vt 0.240667 1.000000
vt 0.240667 0.000000
vt 0.240833 1.000000
vt 0.240833 0.000000
vt 0.241000 1.000000
vt 0.241000 0.000000
vt 0.241167 1.000000
vt 0.241167 0.000000
vt 0.241333 1.000000
vt 0.241333 0.000000
vt 0.241500 1.000000
vt 0.241500 0.000000
vt 0.241667 1.000000
vt 0.241667 0.000000
vt 0.241833 1.000000
vt 0.241833 0.000000
vt 0.242000 1.000000
vt 0.242000 0.000000
vt 0.242167 1.000000
vt 0.242167 0.000000
vt 0.242333 1.000000
vt 0.242333 0.000000
vt 0.242500 1.000000
vt 0.242500 0.000000
vt 0.242667 1.000000
vt 0.242667 0.000000
vt 0.242833 1.000000
vt 0.242833 0.000000
vt 0.243000 1.000000
vt 0.243000 0.000000
vt 0.243167 1.000000
vt 0.243167 0.000000
vt 0.243333 1.000000
vt 0.243333 0.000000
vt 0.243500 1.000000
vt 0.243500 0.000000
vt 0.243667 1.000000
vt 0.243667 0.000000
vt 0.243833 1.000000
vt 0.243833 0.000000
vt 0.244000 1.000000
vt 0.244000 0.000000
vt 0.244167 1.000000
vt 0.244167 0.000000
vt 0.244333 1.000000
vt 0.244333 0.000000
vt 0.244500 1.000000
vt 0.244500 0.000000
vt 0.244667 1.000000
vt 0.244667 0.000000
vt 0.244833 1.000000
vt 0.244833 0.000000
vt 0.245000 1.000000
vt 0.245000 0.000000
vt 0.245167 1.000000
vt 0.245167 0.000000
vt 0.245333 1.000000
vt 0.245333 0.000000
vt 0.245500 1.000000
vt 0.245500 0.000000
vt 0.245667 1.000000
vt 0.245667 0.000000
vt 0.245833 1.000000
vt 0.245833 0.000000
vt 0.246000 1.000000
vt 0.246000 0.000000
vt 0.246167 1.000000
vt 0.246167 0.000000
vt 0.246333 1.000000
vt 0.246333 0.000000
vt 0.246500 1.000000
vt 0.246500 0.000000
vt 0.246667 1.000000
vt 0.246667 0.000000
vt 0.246833 1.000000
vt 0.246833 0.000000
vt 0.247000 1.000000
vt 0.247000 0.000000
vt 0.247167 1.000000
vt 0.247167 0.000000
vt 0.247333 1.000000
vt 0.247333 0.000000
vt 0.247500 1.000000
vt 0.247500 0.000000
vt 0.247667 1.000000
vt 0.247667 0.000000
vt 0.247833 1.000000
vt 0.247833 0.000000
vt 0.248000 1.000000
vt 0.248000 0.000000
vt 0.248167 1.000000
vt 0.248167 0.000000
vt 0.248333 1.000000
vt 0.248333 0.000000
vt 0.248500 1.000000
vt 0.248500 0.000000
vt 0.248667 1.000000
vt 0.248667 0.000000
vt 0.248833 1.000000
vt 0.248833 0.000000
vt 0.249000 1.000000
vt 0.249000 0.000000
vt 0.249167 1.000000
vt 0.249167 0.000000
vt 0.249333 1.000000
vt 0.249333 0.000000
vt 0.249500 1.000000
vt 0.249500 0.000000
vt 0.249667 1.000000
vt 0.249667 0.000000
vt 0.249833 1.000000
vt 0.249833 0.000000
vt 0.250000 1.000000
vt 0.250000 0.000000
vt 0.250167 1.000000
vt 0.250167 0.000000
vt 0.250333 1.000000
vt 0.250333 0.000000
vt 0.250500 1.000000
vt 0.250500 0.000000
vt 0.250667 1.000000
vt 0.250667 0.000000
vt 0.250833 1.000000
vt 0.250833 0.000000
vt 0.251000 1.000000
vt 0.251000 0.000000
vt 0.251167 1.000000
vt 0.251167 0.000000
vt 0.251333 1.000000
vt 0.251333 0.000000
vt 0.251500 1.000000
vt 0.251500 0.000000
vt 0.251667 1.000000
vt 0.251667 0.000000
vt 0.251833 1.000000
vt 0.251833 0.000000
vt 0.252000 1.000000
vt 0.252000 0.000000
vt 0.252167 1.000000
vt 0.252167 0.000000
vt 0.252333 1.000000
vt 0.252333 0.000000
vt 0.252500 1.000000
vt 0.252500 0.000000
vt 0.252667 1.000000
vt 0.252667 0.000000
vt 0.252833 1.000000
vt 0.252833 0.000000
vt 0.253000 1.000000
vt 0.253000 0.000000
vt 0.253167 1.000000
vt 0.253167 0.000000
vt 0.253333 1.000000
vt 0.253333 0.000000
vt 0.253500 1.000000
vt 0.253500 0.000000
vt 0.253667 1.000000
vt 0.253667 0.000000
vt 0.253833 1.000000
vt 0.253833 0.000000
vt 0.254000 1.000000
vt 0.254000 0.000000
vt 0.254167 1.000000
vt 0.254167 0.000000
vt 0.254333 1.000000
vt 0.254333 0.000000
vt 0.254500 1.000000
vt 0.254500 0.000000
vt 0.254667 1.000000
vt 0.254667 0.000000
vt 0.254833 1.000000
vt 0.254833 0.000000
vt 0.255000 1.000000
vt 0.255000 0.000000
vt 0.255167 1.000000
vt 0.255167 0.000000
vt 0.255333 1.000000
vt 0.255333 0.000000
vt 0.255500 1.000000
vt 0.255500 0.000000
vt 0.255667 1.000000
vt 0.255667 0.000000
vt 0.255833 1.000000
vt 0.255833 0.000000
vt 0.256000 1.000000
vt 0.256000 0.000000
vt 0.256167 1.000000
vt 0.256167 0.000000
vt 0.256333 1.000000
vt 0.256333 0.000000
vt 0.256500 1.000000
vt 0.256500 0.000000
vt 0.256667 1.000000
vt 0.256667 0.000000
vt 0.256833 1.000000
vt 0.256833 0.000000
vt 0.257000 1.000000
vt 0.257000 0.000000
vt 0.257167 1.000000
vt 0.257167 0.000000
vt 0.257333 1.000000
vt 0.257333 0.000000
vt 0.257500 1.000000
vt 0.257500 0.000000
vt 0.257667 1.000000
vt 0.257667 0.000000
vt 0.257833 1.000000
vt 0.257833 0.000000
vt 0.258000 1.000000
vt 0.258000 0.000000
vt 0.258167 1.000000
vt 0.258167 0.000000
vt 0.258333 1.000000
vt 0.258333 0.000000
vt 0.258500 1.000000
vt 0.258500 0.000000
vt 0.258667 1.000000
vt 0.258667 0.000000
vt 0.258833 1.000000
vt 0.258833 0.000000
vt 0.259000 1.000000
vt 0.259000 0.000000
vt 0.259167 1.000000
vt 0.259167 0.000000
vt 0.259333 1.000000
vt 0.259333 0.000000
vt 0.259500 1.000000
vt 0.259500 0.000000
vt 0.259667 1.000000
vt 0.259667 0.000000
vt 0.259833 1.000000
vt 0.259833 0.000000
vt 0.260000 1.000000
vt 0.260000 0.000000
vt 0.260167 1.000000
vt 0.260167 0.000000
vt 0.260333 1.000000
vt 0.260333 0.000000
vt 0.260500 1.000000
vt 0.260500 0.000000
vt 0.260667 1.000000
vt 0.260667 0.000000
vt 0.260833 1.000000
vt 0.260833 0.000000
vt 0.261000 1.000000
vt 0.261000 0.000000
vt 0.261167 1.000000
vt 0.261167 0.000000
vt 0.261333 1.000000
vt 0.261333 0.000000
vt 0.261500 1.000000
vt 0.261500 0.000000
vt 0.261667 1.000000
vt 0.261667 0.000000
vt 0.261833 1.000000
vt 0.261833 0.000000
vt 0.262000 1.000000
vt 0.262000 0.000000
vt 0.262167 1.000000
vt 0.262167 0.000000
vt 0.262333 1.000000
vt 0.262333 0.000000
vt 0.262500 1.000000
vt 0.262500 0.000000
vt 0.262667 1.000000
vt 0.262667 0.000000
vt 0.262833 1.000000
vt 0.262833 0.000000
vt 0.263000 1.000000
vt 0.263000 0.000000
vt 0.263167 1.000000
vt 0.263167 0.000000
vt 0.263333 1.000000
vt 0.263333 0.000000
vt 0.263500 1.000000
vt 0.263500 0.000000
vt 0.263667 1.000000
vt 0.263667 0.000000
vt 0.263833 1.000000
vt 0.263833 0.000000
vt 0.264000 1.000000
vt 0.264000 0.000000
vt 0.264167 1.000000
vt 0.264167 0.000000
vt 0.264333 1.000000
vt 0.264333 0.000000
vt 0.264500 1.000000
vt 0.264500 0.000000
vt 0.264667 1.000000
vt 0.264667 0.000000
vt 0.264833 1.000000
vt 0.264833 0.000000
vt 0.265000 1.000000
vt 0.265000 0.000000
vt 0.265167 1.000000
vt 0.265167 0.000000
vt 0.265333 1.000000
vt 0.265333 0.000000
vt 0.265500 1.000000
vt 0.265500 0.000000
vt 0.265667 1.000000
vt 0.265667 0.000000
vt 0.265833 1.000000
vt 0.265833 0.000000
vt 0.266000 1.000000
vt 0.266000 0.000000
vt 0.266167 1.000000
vt 0.266167 0.000000
vt 0.266333 1.000000
vt 0.266333 0.000000
vt 0.266500 1.000000
vt 0.266500 0.000000
vt 0.266667 1.000000
vt 0.266667 0.000000
vt 0.266833 1.000000
vt 0.266833 0.000000
vt 0.267000 1.000000
vt 0.267000 0.000000
vt 0.267167 1.000000
vt 0.267167 0.000000
vt 0.267333 1.000000
vt 0.267333 0.000000
vt 0.267500 1.000000
vt 0.267500 0.000000
vt 0.267667 1.000000
vt 0.267667 0.000000
vt 0.267833 1.000000
vt 0.267833 0.000000
vt 0.268000 1.000000
vt 0.268000 0.000000
vt 0.268167 1.000000
vt 0.268167 0.000000
vt 0.268333 1.000000
vt 0.268333 0.000000
vt 0.268500 1.000000
vt 0.268500 0.000000
vt 0.268667 1.000000
vt 0.268667 0.000000
vt 0.268833 1.000000
vt 0.268833 0.000000
vt 0.269000 1.000000
vt 0.269000 0.000000
vt 0.269167 1.000000
vt 0.269167 0.000000
vt 0.269333 1.000000
vt 0.269333 0.000000
vt 0.269500 1.000000
vt 0.269500 0.000000
vt 0.269667 1.000000
vt 0.269667 0.000000
vt 0.269833 1.000000
vt 0.269833 0.000000
vt 0.270000 1.000000
vt 0.270000 0.000000
vt 0.270167 1.000000
vt 0.270167 0.000000
vt 0.270333 1.000000
vt 0.270333 0.000000
vt 0.270500 1.000000
vt 0.270500 0.000000
vt 0.270667 1.000000
vt 0.270667 0.000000
vt 0.270833 1.000000
vt 0.270833 0.000000
vt 0.271000 1.000000
vt 0.271000 0.000000
vt 0.271167 1.000000
vt 0.271167 0.000000
vt 0.271333 1.000000
vt 0.271333 0.000000
vt 0.271500 1.000000
vt 0.271500 0.000000
vt 0.271667 1.000000
vt 0.271667 0.000000
vt 0.271833 1.000000
vt 0.271833 0.000000
vt 0.272000 1.000000
vt 0.272000 0.000000
vt 0.272167 1.000000
vt 0.272167 0.000000
vt 0.272333 1.000000
vt 0.272333 0.000000
vt 0.272500 1.000000
vt 0.272500 0.000000
vt 0.272667 1.000000
vt 0.272667 0.000000
vt 0.272833 1.000000
vt 0.272833 0.000000
vt 0.273000 1.000000
vt 0.273000 0.000000
vt 0.273167 1.000000
vt 0.273167 0.000000
vt 0.273333 1.000000
vt 0.273333 0.000000
vt 0.273500 1.000000
vt 0.273500 0.000000
vt 0.273667 1.000000
vt 0.273667 0.000000
vt 0.273833 1.000000
vt 0.273833 0.000000
vt 0.274000 1.000000
vt 0.274000 0.000000
vt 0.274167 1.000000
vt 0.274167 0.000000
vt 0.274333 1.000000
vt 0.274333 0.000000
vt 0.274500 1.000000
vt 0.274500 0.000000
vt 0.274667 1.000000
vt 0.274667 0.000000
vt 0.274833 1.000000
vt 0.274833 0.000000
vt 0.275000 1.000000
vt 0.275000 0.000000
vt 0.275167 1.000000
vt 0.275167 0.000000
vt 0.275333 1.000000
vt 0.275333 0.000000
vt 0.275500 1.000000
vt 0.275500 0.000000
vt 0.275667 1.000000
vt 0.275667 0.000000
vt 0.275833 1.000000
vt 0.275833 0.000000
vt 0.276000 1.000000
vt 0.276000 0.000000
vt 0.276167 1.000000
vt 0.276167 0.000000
vt 0.276333 1.000000
vt 0.276333 0.000000
vt 0.276500 1.000000
vt 0.276500 0.000000
vt 0.276667 1.000000
vt 0.276667 0.000000
vt 0.276833 1.000000
vt 0.276833 0.000000
vt 0.277000 1.000000
vt 0.277000 0.000000
vt 0.277167 1.000000
vt 0.277167 0.000000
vt 0.277333 1.000000
vt 0.277333 0.000000
vt 0.277500 1.000000
vt 0.277500 0.000000
vt 0.277667 1.000000
vt 0.277667 0.000000
vt 0.277833 1.000000
vt 0.277833 0.000000
vt 0.278000 1.000000
vt 0.278000 0.000000
vt 0.278167 1.000000
vt 0.278167 0.000000
vt 0.278333 1.000000
vt 0.278333 0.000000
vt 0.278500 1.000000
vt 0.278500 0.000000
vt 0.278667 1.000000
vt 0.278667 0.000000
vt 0.278833 1.000000
vt 0.278833 0.000000
vt 0.279000 1.000000
vt 0.279000 0.000000
vt 0.279167 1.000000
vt 0.279167 0.000000
vt 0.279333 1.000000
vt 0.279333 0.000000
vt 0.279500 1.000000
vt 0.279500 0.000000
vt 0.279667 1.000000
vt 0.279667 0.000000
vt 0.279833 1.000000
vt 0.279833 0.000000
vt 0.280000 1.000000
vt 0.280000 0.000000
vt 0.280167 1.000000
vt 0.280167 0.000000
vt 0.280333 1.000000
vt 0.280333 0.000000
vt 0.280500 1.000000
vt 0.280500 0.000000
vt 0.280667 1.000000
vt 0.280667 0.000000
vt 0.280833 1.000000
vt 0.280833 0.000000
vt 0.281000 1.000000
vt 0.281000 0.000000
vt 0.281167 1.000000
vt 0.281167 0.000000
vt 0.281333 1.000000
vt 0.281333 0.000000
vt 0.281500 1.000000
vt 0.281500 0.000000
vt 0.281667 1.000000
vt 0.281667 0.000000
vt 0.281833 1.000000
vt 0.281833 0.000000
vt 0.282000 1.000000
vt 0.282000 0.000000
vt 0.282167 1.000000
vt 0.282167 0.000000
vt 0.282333 1.000000
vt 0.282333 0.000000
vt 0.282500 1.000000
vt 0.282500 0.000000
vt 0.282667 1.000000
vt 0.282667 0.000000
vt 0.282833 1.000000
vt 0.282833 0.000000
vt 0.283000 1.000000
vt 0.283000 0.000000
vt 0.283167 1.000000
vt 0.283167 0.000000
vt 0.283333 1.000000
vt 0.283333 0.000000
vt 0.283500 1.000000
vt 0.283500 0.000000
vt 0.283667 1.000000
vt 0.283667 0.000000
vt 0.283833 1.000000
vt 0.283833 0.000000
vt 0.284000 1.000000
vt 0.284000 0.000000
vt 0.284167 1.000000
vt 0.284167 0.000000
vt 0.284333 1.000000
vt 0.284333 0.000000
vt 0.284500 1.000000
vt 0.284500 0.000000
vt 0.284667 1.000000
vt 0.284667 0.000000
vt 0.284833 1.000000
vt 0.284833 0.000000
vt 0.285000 1.000000
vt 0.285000 0.000000
vt 0.285167 1.000000
vt 0.285167 0.000000
vt 0.285333 1.000000
vt 0.285333 0.000000
vt 0.285500 1.000000
vt 0.285500 0.000000
vt 0.285667 1.000000
vt 0.285667 0.000000
vt 0.285833 1.000000
vt 0.285833 0.000000
vt 0.286000 1.000000
vt 0.286000 0.000000
vt 0.286167 1.000000
vt 0.286167 0.000000
vt 0.286333 1.000000
vt 0.286333 0.000000
vt 0.286500 1.000000
vt 0.286500 0.000000
vt 0.286667 1.000000
vt 0.286667 0.000000
vt 0.286833 1.000000
vt 0.286833 0.000000
vt 0.287000 1.000000
vt 0.287000 0.000000
vt 0.287167 1.000000
vt 0.287167 0.000000
vt 0.287333 1.000000
vt 0.287333 0.000000
vt 0.287500 1.000000
vt 0.287500 0.000000
vt 0.287667 1.000000
vt 0.287667 0.000000
vt 0.287833 1.000000
vt 0.287833 0.000000
vt 0.288000 1.000000
vt 0.288000 0.000000
vt 0.288167 1.000000
vt 0.288167 0.000000
vt 0.288333 1.000000
vt 0.288333 0.000000
vt 0.288500 1.000000
vt 0.288500 0.000000
vt 0.288667 1.000000
vt 0.288667 0.000000
vt 0.288833 1.000000
vt 0.288833 0.000000
vt 0.289000 1.000000
vt 0.289000 0.000000
vt 0.289167 1.000000
vt 0.289167 0.000000
vt 0.289333 1.000000
vt 0.289333 0.000000
vt 0.289500 1.000000
vt 0.289500 0.000000
vt 0.289667 1.000000
vt 0.289667 0.000000
vt 0.289833 1.000000
vt 0.289833 0.000000
vt 0.290000 1.000000
vt 0.290000 0.000000
vt 0.290167 1.000000
vt 0.290167 0.000000
vt 0.290333 1.000000
vt 0.290333 0.000000
vt 0.290500 1.000000
vt 0.290500 0.000000
vt 0.290667 1.000000
vt 0.290667 0.000000
vt 0.290833 1.000000
vt 0.290833 0.000000
vt 0.291000 1.000000
vt 0.291000 0.000000
vt 0.291167 1.000000
vt 0.291167 0.000000
vt 0.291333 1.000000
vt 0.291333 0.000000
vt 0.291500 1.000000
vt 0.291500 0.000000
vt 0.291667 1.000000
vt 0.291667 0.000000
vt 0.291833 1.000000
vt 0.291833 0.000000
vt 0.292000 1.000000
vt 0.292000 0.000000
vt 0.292167 1.000000
vt 0.292167 0.000000
vt 0.292333 1.000000
vt 0.292333 0.000000
vt 0.292500 1.000000
vt 0.292500 0.000000
vt 0.292667 1.000000
vt 0.292667 0.000000
vt 0.292833 1.000000
vt 0.292833 0.000000
vt 0.293000 1.000000
vt 0.293000 0.000000
vt 0.293167 1.000000
vt 0.293167 0.000000
vt 0.293333 1.000000
vt 0.293333 0.000000
vt 0.293500 1.000000
vt 0.293500 0.000000
vt 0.293667 1.000000
vt 0.293667 0.000000
vt 0.293833 1.000000
vt 0.293833 0.000000
vt 0.294000 1.000000
vt 0.294000 0.000000
vt 0.294167 1.000000
vt 0.294167 0.000000
vt 0.294333 1.000000
vt 0.294333 0.000000
vt 0.294500 1.000000
vt 0.294500 0.000000
vt 0.294667 1.000000
vt 0.294667 0.000000
vt 0.294833 1.000000
vt 0.294833 0.000000
vt 0.295000 1.000000
vt 0.295000 0.000000
vt 0.295167 1.000000
vt 0.295167 0.000000
vt 0.295333 1.000000
vt 0.295333 0.000000
vt 0.295500 1.000000
vt 0.295500 0.000000
vt 0.295667 1.000000
vt 0.295667 0.000000
vt 0.295833 1.000000
vt 0.295833 0.000000
vt 0.296000 1.000000
vt 0.296000 0.000000
vt 0.296167 1.000000
vt 0.296167 0.000000
vt 0.296333 1.000000
vt 0.296333 0.000000
vt 0.296500 1.000000
vt 0.296500 0.000000
vt 0.296667 1.000000
vt 0.296667 0.000000
vt 0.296833 1.000000
vt 0.296833 0.000000
vt 0.297000 1.000000
vt 0.297000 0.000000
vt 0.297167 1.000000
vt 0.297167 0.000000
vt 0.297333 1.000000
vt 0.297333 0.000000
vt 0.297500 1.000000
vt 0.297500 0.000000
vt 0.297667 1.000000
vt 0.297667 0.000000
vt 0.297833 1.000000
vt 0.297833 0.000000
vt 0.298000 1.000000
vt 0.298000 0.000000
vt 0.298167 1.000000
vt 0.298167 0.000000
vt 0.298333 1.000000
vt 0.298333 0.000000
vt 0.298500 1.000000
vt 0.298500 0.000000
vt 0.298667 1.000000
vt 0.298667 0.000000
vt 0.298833 1.000000
vt 0.298833 0.000000
vt 0.299000 1.000000
vt 0.299000 0.000000
vt 0.299167 1.000000
vt 0.299167 0.000000
vt 0.299333 1.000000
vt 0.299333 0.000000
vt 0.299500 1.000000
vt 0.299500 0.000000
vt 0.299667 1.000000
vt 0.299667 0.000000
vt 0.299833 1.000000
vt 0.299833 0.000000
vt 0.300000 1.000000
vt 0.300000 0.000000
vt 0.300167 1.000000
vt 0.300167 0.000000
vt 0.300333 1.000000
vt 0.300333 0.000000
vt 0.300500 1.000000
vt 0.300500 0.000000
vt 0.300667 1.000000
vt 0.300667 0.000000
vt 0.300833 1.000000
vt 0.300833 0.000000
vt 0.301000 1.000000
vt 0.301000 0.000000
vt 0.301167 1.000000
vt 0.301167 0.000000
vt 0.301333 1.000000
vt 0.301333 0.000000
vt 0.301500 1.000000
vt 0.301500 0.000000
vt 0.301667 1.000000
vt 0.301667 0.000000
vt 0.301833 1.000000
vt 0.301833 0.000000
vt 0.302000 1.000000
vt 0.302000 0.000000
vt 0.302167 1.000000
vt 0.302167 0.000000
vt 0.302333 1.000000
vt 0.302333 0.000000
vt 0.302500 1.000000
vt 0.302500 0.000000
vt 0.302667 1.000000
vt 0.302667 0.000000
vt 0.302833 1.000000
vt 0.302833 0.000000
vt 0.303000 1.000000
vt 0.303000 0.000000
vt 0.303167 1.000000
vt 0.303167 0.000000
vt 0.303333 1.000000
vt 0.303333 0.000000
vt 0.303500 1.000000
vt 0.303500 0.000000
vt 0.303667 1.000000
vt 0.303667 0.000000
vt 0.303833 1.000000
vt 0.303833 0.000000
vt 0.304000 1.000000
vt 0.304000 0.000000
vt 0.304167 1.000000
vt 0.304167 0.000000
vt 0.304333 1.000000
vt 0.304333 0.000000
vt 0.304500 1.000000
vt 0.304500 0.000000
vt 0.304667 1.000000
vt 0.304667 0.000000
vt 0.304833 1.000000
vt 0.304833 0.000000
vt 0.305000 1.000000
vt 0.305000 0.000000
vt 0.305167 1.000000
vt 0.305167 0.000000
vt 0.305333 1.000000
vt 0.305333 0.000000
vt 0.305500 1.000000
vt 0.305500 0.000000
vt 0.305667 1.000000
vt 0.305667 0.000000
vt 0.305833 1.000000
vt 0.305833 0.000000
vt 0.306000 1.000000
vt 0.306000 0.000000
vt 0.306167 1.000000
vt 0.306167 0.000000
vt 0.306333 1.000000
vt 0.306333 0.000000
vt 0.306500 1.000000
vt 0.306500 0.000000
vt 0.306667 1.000000
vt 0.306667 0.000000
vt 0.306833 1.000000
vt 0.306833 0.000000
vt 0.307000 1.000000
vt 0.307000 0.000000
vt 0.307167 1.000000
vt 0.307167 0.000000
vt 0.307333 1.000000
vt 0.307333 0.000000
vt 0.307500 1.000000
vt 0.307500 0.000000
vt 0.307667 1.000000
vt 0.307667 0.000000
vt 0.307833 1.000000
vt 0.307833 0.000000
vt 0.308000 1.000000
vt 0.308000 0.000000
vt 0.308167 1.000000
vt 0.308167 0.000000
vt 0.308333 1.000000
vt 0.308333 0.000000
vt 0.308500 1.000000
vt 0.308500 0.000000
vt 0.308667 1.000000
vt 0.308667 0.000000
vt 0.308833 1.000000
vt 0.308833 0.000000
vt 0.309000 1.000000
vt 0.309000 0.000000
vt 0.309167 1.000000
vt 0.309167 0.000000
vt 0.309333 1.000000
vt 0.309333 0.000000
vt 0.309500 1.000000
vt 0.309500 0.000000
vt 0.309667 1.000000
vt 0.309667 0.000000
vt 0.309833 1.000000
vt 0.309833 0.000000
vt 0.310000 1.000000
vt 0.310000 0.000000
vt 0.310167 1.000000
vt 0.310167 0.000000
vt 0.310333 1.000000
vt 0.310333 0.000000
vt 0.310500 1.000000
vt 0.310500 0.000000
vt 0.310667 1.000000
vt 0.310667 0.000000
vt 0.310833 1.000000
vt 0.310833 0.000000
vt 0.311000 1.000000
vt 0.311000 0.000000
vt 0.311167 1.000000
vt 0.311167 0.000000
vt 0.311333 1.000000
vt 0.311333 0.000000
vt 0.311500 1.000000
vt 0.311500 0.000000
vt 0.311667 1.000000
vt 0.311667 0.000000
vt 0.311833 1.000000
vt 0.311833 0.000000
vt 0.312000 1.000000
vt 0.312000 0.000000
vt 0.312167 1.000000
vt 0.312167 0.000000
vt 0.312333 1.000000
vt 0.312333 0.000000
vt 0.312500 1.000000
vt 0.312500 0.000000
vt 0.312667 1.000000
vt 0.312667 0.000000
vt 0.312833 1.000000
vt 0.312833 0.000000
vt 0.313000 1.000000
vt 0.313000 0.000000
vt 0.313167 1.000000
vt 0.313167 0.000000
vt 0.313333 1.000000
vt 0.313333 0.000000
vt 0.313500 1.000000
vt 0.313500 0.000000
vt 0.313667 1.000000
vt 0.313667 0.000000
vt 0.313833 1.000000
vt 0.313833 0.000000
vt 0.314000 1.000000
vt 0.314000 0.000000
vt 0.314167 1.000000
vt 0.314167 0.000000
vt 0.314333 1.000000
vt 0.314333 0.000000
vt 0.314500 1.000000
vt 0.314500 0.000000
vt 0.314667 1.000000
vt 0.314667 0.000000
vt 0.314833 1.000000
vt 0.314833 0.000000
vt 0.315000 1.000000
vt 0.315000 0.000000
vt 0.315167 1.000000
vt 0.315167 0.000000
vt 0.315333 1.000000
vt 0.315333 0.000000
vt 0.315500 1.000000
vt 0.315500 0.000000
vt 0.315667 1.000000
vt 0.315667 0.000000
vt 0.315833 1.000000
vt 0.315833 0.000000
vt 0.316000 1.000000
vt 0.316000 0.000000
vt 0.316167 1.000000
vt 0.316167 0.000000
vt 0.316333 1.000000
vt 0.316333 0.000000
vt 0.316500 1.000000
vt 0.316500 0.000000
vt 0.316667 1.000000
vt 0.316667 0.000000
vt 0.316833 1.000000
vt 0.316833 0.000000
vt 0.317000 1.000000
vt 0.317000 0.000000
vt 0.317167 1.000000
vt 0.317167 0.000000
vt 0.317333 1.000000
vt 0.317333 0.000000
vt 0.317500 1.000000
vt 0.317500 0.000000
vt 0.317667 1.000000
vt 0.317667 0.000000
vt 0.317833 1.000000
vt 0.317833 0.000000
vt 0.318000 1.000000
vt 0.318000 0.000000
vt 0.318167 1.000000
vt 0.318167 0.000000
vt 0.318333 1.000000
vt 0.318333 0.000000
vt 0.318500 1.000000
vt 0.318500 0.000000
vt 0.318667 1.000000
vt 0.318667 0.000000
vt 0.318833 1.000000
vt 0.318833 0.000000
vt 0.319000 1.000000
vt 0.319000 0.000000
vt 0.319167 1.000000
vt 0.319167 0.000000
vt 0.319333 1.000000
vt 0.319333 0.000000
vt 0.319500 1.000000
vt 0.319500 0.000000
vt 0.319667 1.000000
vt 0.319667 0.000000
vt 0.319833 1.000000
vt 0.319833 0.000000
vt 0.320000 1.000000
vt 0.320000 0.000000
vt 0.320167 1.000000
vt 0.320167 0.000000
vt 0.320333 1.000000
vt 0.320333 0.000000
vt 0.320500 1.000000
vt 0.320500 0.000000
vt 0.320667 1.000000
vt 0.320667 0.000000
vt 0.320833 1.000000
vt 0.320833 0.000000
vt 0.321000 1.000000
vt 0.321000 0.000000
vt 0.321167 1.000000
vt 0.321167 0.000000
vt 0.321333 1.000000
vt 0.321333 0.000000
vt 0.321500 1.000000
vt 0.321500 0.000000
vt 0.321667 1.000000
vt 0.321667 0.000000
vt 0.321833 1.000000
vt 0.321833 0.000000
vt 0.322000 1.000000
vt 0.322000 0.000000
vt 0.322167 1.000000
vt 0.322167 0.000000
vt 0.322333 1.000000
vt 0.322333 0.000000
vt 0.322500 1.000000
vt 0.322500 0.000000
vt 0.322667 1.000000
vt 0.322667 0.000000
vt 0.322833 1.000000
vt 0.322833 0.000000
vt 0.323000 1.000000
vt 0.323000 0.000000
vt 0.323167 1.000000
vt 0.323167 0.000000
vt 0.323333 1.000000
vt 0.323333 0.000000
vt 0.323500 1.000000
vt 0.323500 0.000000
vt 0.323667 1.000000
vt 0.323667 0.000000
vt 0.323833 1.000000
vt 0.323833 0.000000
vt 0.324000 1.000000
vt 0.324000 0.000000
vt 0.324167 1.000000
vt 0.324167 0.000000
vt 0.324333 1.000000
vt 0.324333 0.000000
vt 0.324500 1.000000
vt 0.324500 0.000000
vt 0.324667 1.000000
vt 0.324667 0.000000
vt 0.324833 1.000000
vt 0.324833 0.000000
vt 0.325000 1.000000
vt 0.325000 0.000000
vt 0.325167 1.000000
vt 0.325167 0.000000
vt 0.325333 1.000000
vt 0.325333 0.000000
vt 0.325500 1.000000
vt 0.325500 0.000000
vt 0.325667 1.000000
vt 0.325667 0.000000
vt 0.325833 1.000000
vt 0.325833 0.000000
vt 0.326000 1.000000
vt 0.326000 0.000000
vt 0.326167 1.000000
vt 0.326167 0.000000
vt 0.326333 1.000000
vt 0.326333 0.000000
vt 0.326500 1.000000
vt 0.326500 0.000000
vt 0.326667 1.000000
vt 0.326667 0.000000
vt 0.326833 1.000000
vt 0.326833 0.000000
vt 0.327000 1.000000
vt 0.327000 0.000000
vt 0.327167 1.000000
vt 0.327167 0.000000
vt 0.327333 1.000000
vt 0.327333 0.000000
vt 0.327500 1.000000
vt 0.327500 0.000000
vt 0.327667 1.000000
vt 0.327667 0.000000
vt 0.327833 1.000000
vt 0.327833 0.000000
vt 0.328000 1.000000
vt 0.328000 0.000000
vt 0.328167 1.000000
vt 0.328167 0.000000
vt 0.328333 1.000000
vt 0.328333 0.000000
vt 0.328500 1.000000
vt 0.328500 0.000000
vt 0.328667 1.000000
vt 0.328667 0.000000
vt 0.328833 1.000000
vt 0.328833 0.000000
vt 0.329000 1.000000
vt 0.329000 0.000000
vt 0.329167 1.000000
vt 0.329167 0.000000
vt 0.329333 1.000000
vt 0.329333 0.000000
vt 0.329500 1.000000
vt 0.329500 0.000000
vt 0.329667 1.000000
vt 0.329667 0.000000
vt 0.329833 1.000000
vt 0.329833 0.000000
vt 0.330000 1.000000
vt 0.330000 0.000000
vt 0.330167 1.000000
vt 0.330167 0.000000
vt 0.330333 1.000000
vt 0.330333 0.000000
vt 0.330500 1.000000
vt 0.330500 0.000000
vt 0.330667 1.000000
vt 0.330667 0.000000
vt 0.330833 1.000000
vt 0.330833 0.000000
vt 0.331000 1.000000
vt 0.331000 0.000000
vt 0.331167 1.000000
vt 0.331167 0.000000
vt 0.331333 1.000000
vt 0.331333 0.000000
vt 0.331500 1.000000
vt 0.331500 0.000000
vt 0.331667 1.000000
vt 0.331667 0.000000
vt 0.331833 1.000000
vt 0.331833 0.000000
vt 0.332000 1.000000
vt 0.332000 0.000000
vt 0.332167 1.000000
vt 0.332167 0.000000
vt 0.332333 1.000000
vt 0.332333 0.000000
vt 0.332500 1.000000
vt 0.332500 0.000000
vt 0.332667 1.000000
vt 0.332667 0.000000
vt 0.332833 1.000000
vt 0.332833 0.000000
vt 0.333000 1.000000
vt 0.333000 0.000000
vt 0.333167 1.000000
vt 0.333167 0.000000
vt 0.333333 1.000000
vt 0.333333 0.000000
vt 0.333500 1.000000
vt 0.333500 0.000000
vt 0.333667 1.000000
vt 0.333667 0.000000
vt 0.333833 1.000000
vt 0.333833 0.000000
vt 0.334000 1.000000
vt 0.334000 0.000000
vt 0.334167 1.000000
vt 0.334167 0.000000
vt 0.334333 1.000000
vt 0.334333 0.000000
vt 0.334500 1.000000
vt 0.334500 0.000000
vt 0.334667 1.000000
vt 0.334667 0.000000
vt 0.334833 1.000000
vt 0.334833 0.000000
vt 0.335000 1.000000
vt 0.335000 0.000000
vt 0.335167 1.000000
vt 0.335167 0.000000
vt 0.335333 1.000000
vt 0.335333 0.000000
vt 0.335500 1.000000
vt 0.335500 0.000000
vt 0.335667 1.000000
vt 0.335667 0.000000
vt 0.335833 1.000000
vt 0.335833 0.000000
vt 0.336000 1.000000
vt 0.336000 0.000000
vt 0.336167 1.000000
vt 0.336167 0.000000
vt 0.336333 1.000000
vt 0.336333 0.000000
vt 0.336500 1.000000
vt 0.336500 0.000000
vt 0.336667 1.000000
vt 0.336667 0.000000
vt 0.336833 1.000000
vt 0.336833 0.000000
vt 0.337000 1.000000
vt 0.337000 0.000000
vt 0.337167 1.000000
vt 0.337167 0.000000
vt 0.337333 1.000000
vt 0.337333 0.000000
vt 0.337500 1.000000
vt 0.337500 0.000000
vt 0.337667 1.000000
vt 0.337667 0.000000
vt 0.337833 1.000000
vt 0.337833 0.000000
vt 0.338000 1.000000
vt 0.338000 0.000000
vt 0.338167 1.000000
vt 0.338167 0.000000
vt 0.338333 1.000000
vt 0.338333 0.000000
vt 0.338500 1.000000
vt 0.338500 0.000000
vt 0.338667 1.000000
vt 0.338667 0.000000
vt 0.338833 1.000000
vt 0.338833 0.000000
vt 0.339000 1.000000
vt 0.339000 0.000000
vt 0.339167 1.000000
vt 0.339167 0.000000
vt 0.339333 1.000000
vt 0.339333 0.000000
vt 0.339500 1.000000
vt 0.339500 0.000000
vt 0.339667 1.000000
vt 0.339667 0.000000
vt 0.339833 1.000000
vt 0.339833 0.000000
vt 0.340000 1.000000
vt 0.340000 0.000000
vt 0.340167 1.000000
vt 0.340167 0.000000
vt 0.340333 1.000000
vt 0.340333 0.000000
vt 0.340500 1.000000
vt 0.340500 0.000000
vt 0.340667 1.000000
vt 0.340667 0.000000
vt 0.340833 1.000000
vt 0.340833 0.000000
vt 0.341000 1.000000
vt 0.341000 0.000000
vt 0.341167 1.000000
vt 0.341167 0.000000
vt 0.341333 1.000000
vt 0.341333 0.000000
vt 0.341500 1.000000
vt 0.341500 0.000000
vt 0.341667 1.000000
vt 0.341667 0.000000
vt 0.341833 1.000000
vt 0.341833 0.000000
vt 0.342000 1.000000
vt 0.342000 0.000000
vt 0.342167 1.000000
vt 0.342167 0.000000
vt 0.342333 1.000000
vt 0.342333 0.000000
vt 0.342500 1.000000
vt 0.342500 0.000000
vt 0.342667 1.000000
vt 0.342667 0.000000
vt 0.342833 1.000000
vt 0.342833 0.000000
vt 0.343000 1.000000
vt 0.343000 0.000000
vt 0.343167 1.000000
vt 0.343167 0.000000
vt 0.343333 1.000000
vt 0.343333 0.000000
vt 0.343500 1.000000
vt 0.343500 0.000000
vt 0.343667 1.000000
vt 0.343667 0.000000
vt 0.343833 1.000000
vt 0.343833 0.000000
vt 0.344000 1.000000
vt 0.344000 0.000000
vt 0.344167 1.000000
vt 0.344167 0.000000
vt 0.344333 1.000000
vt 0.344333 0.000000
vt 0.344500 1.000000
vt 0.344500 0.000000
vt 0.344667 1.000000
vt 0.344667 0.000000
vt 0.344833 1.000000
vt 0.344833 0.000000
vt 0.345000 1.000000
vt 0.345000 0.000000
vt 0.345167 1.000000
vt 0.345167 0.000000
vt 0.345333 1.000000
vt 0.345333 0.000000
vt 0.345500 1.000000
vt 0.345500 0.000000
vt 0.345667 1.000000
vt 0.345667 0.000000
vt 0.345833 1.000000
vt 0.345833 0.000000
vt 0.346000 1.000000
vt 0.346000 0.000000
vt 0.346167 1.000000
vt 0.346167 0.000000
vt 0.346333 1.000000
vt 0.346333 0.000000
vt 0.346500 1.000000
vt 0.346500 0.000000
vt 0.346667 1.000000
vt 0.346667 0.000000
vt 0.346833 1.000000
vt 0.346833 0.000000
vt 0.347000 1.000000
vt 0.347000 0.000000
vt 0.347167 1.000000
vt 0.347167 0.000000
vt 0.347333 1.000000
vt 0.347333 0.000000
vt 0.347500 1.000000
vt 0.347500 0.000000
vt 0.347667 1.000000
vt 0.347667 0.000000
vt 0.347833 1.000000
vt 0.347833 0.000000
vt 0.348000 1.000000
vt 0.348000 0.000000
vt 0.348167 1.000000
vt 0.348167 0.000000
vt 0.348333 1.000000
vt 0.348333 0.000000
vt 0.348500 1.000000
vt 0.348500 0.000000
vt 0.348667 1.000000
vt 0.348667 0.000000
vt 0.348833 1.000000
vt 0.348833 0.000000
vt 0.349000 1.000000
vt 0.349000 0.000000
vt 0.349167 1.000000
vt 0.349167 0.000000
vt 0.349333 1.000000
vt 0.349333 0.000000
vt 0.349500 1.000000
vt 0.349500 0.000000
vt 0.349667 1.000000
vt 0.349667 0.000000
vt 0.349833 1.000000
vt 0.349833 0.000000
vt 0.350000 1.000000
vt 0.350000 0.000000
vt 0.350167 1.000000
vt 0.350167 0.000000
vt 0.350333 1.000000
vt 0.350333 0.000000
vt 0.350500 1.000000
vt 0.350500 0.000000
vt 0.350667 1.000000
vt 0.350667 0.000000
vt 0.350833 1.000000
vt 0.350833 0.000000
vt 0.351000 1.000000
vt 0.351000 0.000000
vt 0.351167 1.000000
vt 0.351167 0.000000
vt 0.351333 1.000000
vt 0.351333 0.000000
vt 0.351500 1.000000
vt 0.351500 0.000000
vt 0.351667 1.000000
vt 0.351667 0.000000
vt 0.351833 1.000000
vt 0.351833 0.000000
vt 0.352000 1.000000
vt 0.352000 0.000000
vt 0.352167 1.000000
vt 0.352167 0.000000
vt 0.352333 1.000000
vt 0.352333 0.000000
vt 0.352500 1.000000
vt 0.352500 0.000000
vt 0.352667 1.000000
vt 0.352667 0.000000
vt 0.352833 1.000000
vt 0.352833 0.000000
vt 0.353000 1.000000
vt 0.353000 0.000000
vt 0.353167 1.000000
vt 0.353167 0.000000
vt 0.353333 1.000000
vt 0.353333 0.000000
vt 0.353500 1.000000
vt 0.353500 0.000000
vt 0.353667 1.000000
vt 0.353667 0.000000
vt 0.353833 1.000000
vt 0.353833 0.000000
vt 0.354000 1.000000
vt 0.354000 0.000000
vt 0.354167 1.000000
vt 0.354167 0.000000
vt 0.354333 1.000000
vt 0.354333 0.000000
vt 0.354500 1.000000
vt 0.354500 0.000000
vt 0.354667 1.000000
vt 0.354667 0.000000
vt 0.354833 1.000000
vt 0.354833 0.000000
vt 0.355000 1.000000
vt 0.355000 0.000000
vt 0.355167 1.000000
vt 0.355167 0.000000
vt 0.355333 1.000000
vt 0.355333 0.000000
vt 0.355500 1.000000
vt 0.355500 0.000000
vt 0.355667 1.000000
vt 0.355667 0.000000
vt 0.355833 1.000000
vt 0.355833 0.000000
vt 0.356000 1.000000
vt 0.356000 0.000000
vt 0.356167 1.000000
vt 0.356167 0.000000
vt 0.356333 1.000000
vt 0.356333 0.000000
vt 0.356500 1.000000
vt 0.356500 0.000000
vt 0.356667 1.000000
vt 0.356667 0.000000
vt 0.356833 1.000000
vt 0.356833 0.000000
vt 0.357000 1.000000
vt 0.357000 0.000000
vt 0.357167 1.000000
vt 0.357167 0.000000
vt 0.357333 1.000000
vt 0.357333 0.000000
vt 0.357500 1.000000
vt 0.357500 0.000000
vt 0.357667 1.000000
vt 0.357667 0.000000
vt 0.357833 1.000000
vt 0.357833 0.000000
vt 0.358000 1.000000
vt 0.358000 0.000000
vt 0.358167 1.000000
vt 0.358167 0.000000
vt 0.358333 1.000000
vt 0.358333 0.000000
vt 0.358500 1.000000
vt 0.358500 0.000000
vt 0.358667 1.000000
vt 0.358667 0.000000
vt 0.358833 1.000000
vt 0.358833 0.000000
vt 0.359000 1.000000
vt 0.359000 0.000000
vt 0.359167 1.000000
vt 0.359167 0.000000
vt 0.359333 1.000000
vt 0.359333 0.000000
vt 0.359500 1.000000
vt 0.359500 0.000000
vt 0.359667 1.000000
vt 0.359667 0.000000
vt 0.359833 1.000000
vt 0.359833 0.000000
vt 0.360000 1.000000
vt 0.360000 0.000000
vt 0.360167 1.000000
vt 0.360167 0.000000
vt 0.360333 1.000000
vt 0.360333 0.000000
vt 0.360500 1.000000
vt 0.360500 0.000000
vt 0.360667 1.000000
vt 0.360667 0.000000
vt 0.360833 1.000000
vt 0.360833 0.000000
vt 0.361000 1.000000
vt 0.361000 0.000000
vt 0.361167 1.000000
vt 0.361167 0.000000
vt 0.361333 1.000000
vt 0.361333 0.000000
vt 0.361500 1.000000
vt 0.361500 0.000000
vt 0.361667 1.000000
vt 0.361667 0.000000
vt 0.361833 1.000000
vt 0.361833 0.000000
vt 0.362000 1.000000
vt 0.362000 0.000000
vt 0.362167 1.000000
vt 0.362167 0.000000
vt 0.362333 1.000000
vt 0.362333 0.000000
vt 0.362500 1.000000
vt 0.362500 0.000000
vt 0.362667 1.000000
vt 0.362667 0.000000
vt 0.362833 1.000000
vt 0.362833 0.000000
vt 0.363000 1.000000
vt 0.363000 0.000000
vt 0.363167 1.000000
vt 0.363167 0.000000
vt 0.363333 1.000000
vt 0.363333 0.000000
vt 0.363500 1.000000
vt 0.363500 0.000000
vt 0.363667 1.000000
vt 0.363667 0.000000
vt 0.363833 1.000000
vt 0.363833 0.000000
vt 0.364000 1.000000
vt 0.364000 0.000000
vt 0.364167 1.000000
vt 0.364167 0.000000
vt 0.364333 1.000000
vt 0.364333 0.000000
vt 0.364500 1.000000
vt 0.364500 0.000000
vt 0.364667 1.000000
vt 0.364667 0.000000
vt 0.364833 1.000000
vt 0.364833 0.000000
vt 0.365000 1.000000
vt 0.365000 0.000000
vt 0.365167 1.000000
vt 0.365167 0.000000
vt 0.365333 1.000000
vt 0.365333 0.000000
vt 0.365500 1.000000
vt 0.365500 0.000000
vt 0.365667 1.000000
vt 0.365667 0.000000
vt 0.365833 1.000000
vt 0.365833 0.000000
vt 0.366000 1.000000
vt 0.366000 0.000000
vt 0.366167 1.000000
vt 0.366167 0.000000
vt 0.366333 1.000000
vt 0.366333 0.000000
vt 0.366500 1.000000
vt 0.366500 0.000000
vt 0.366667 1.000000
vt 0.366667 0.000000
vt 0.366833 1.000000
vt 0.366833 0.000000
vt 0.367000 1.000000
vt 0.367000 0.000000
vt 0.367167 1.000000
vt 0.367167 0.000000
vt 0.367333 1.000000
vt 0.367333 0.000000
vt 0.367500 1.000000
vt 0.367500 0.000000
vt 0.367667 1.000000
vt 0.367667 0.000000
vt 0.367833 1.000000
vt 0.367833 0.000000
vt 0.368000 1.000000
vt 0.368000 0.000000
vt 0.368167 1.000000
vt 0.368167 0.000000
vt 0.368333 1.000000
vt 0.368333 0.000000
vt 0.368500 1.000000
vt 0.368500 0.000000
vt 0.368667 1.000000
vt 0.368667 0.000000
vt 0.368833 1.000000
vt 0.368833 0.000000
vt 0.369000 1.000000
vt 0.369000 0.000000
vt 0.369167 1.000000
vt 0.369167 0.000000
vt 0.369333 1.000000
vt 0.369333 0.000000
vt 0.369500 1.000000
vt 0.369500 0.000000
vt 0.369667 1.000000
vt 0.369667 0.000000
vt 0.369833 1.000000
vt 0.369833 0.000000
vt 0.370000 1.000000
vt 0.370000 0.000000
vt 0.370167 1.000000
vt 0.370167 0.000000
vt 0.370333 1.000000
vt 0.370333 0.000000
vt 0.370500 1.000000
vt 0.370500 0.000000
vt 0.370667 1.000000
vt 0.370667 0.000000
vt 0.370833 1.000000
vt 0.370833 0.000000
vt 0.371000 1.000000
vt 0.371000 0.000000
vt 0.371167 1.000000
vt 0.371167 0.000000
vt 0.371333 1.000000
vt 0.371333 0.000000
vt 0.371500 1.000000
vt 0.371500 0.000000
vt 0.371667 1.000000
vt 0.371667 0.000000
vt 0.371833 1.000000
vt 0.371833 0.000000
vt 0.372000 1.000000
vt 0.372000 0.000000
vt 0.372167 1.000000
vt 0.372167 0.000000
vt 0.372333 1.000000
vt 0.372333 0.000000
vt 0.372500 1.000000
vt 0.372500 0.000000
vt 0.372667 1.000000
vt 0.372667 0.000000
vt 0.372833 1.000000
vt 0.372833 0.000000
vt 0.373000 1.000000
vt 0.373000 0.000000
vt 0.373167 1.000000
vt 0.373167 0.000000
vt 0.373333 1.000000
vt 0.373333 0.000000
vt 0.373500 1.000000
vt 0.373500 0.000000
vt 0.373667 1.000000
vt 0.373667 0.000000
vt 0.373833 1.000000
vt 0.373833 0.000000
vt 0.374000 1.000000
vt 0.374000 0.000000
vt 0.374167 1.000000
vt 0.374167 0.000000
vt 0.374333 1.000000
vt 0.374333 0.000000
vt 0.374500 1.000000
vt 0.374500 0.000000
vt 0.374667 1.000000
vt 0.374667 0.000000
vt 0.374833 1.000000
vt 0.374833 0.000000
vt 0.375000 1.000000
vt 0.375000 0.000000
vt 0.375167 1.000000
vt 0.375167 0.000000
vt 0.375333 1.000000
vt 0.375333 0.000000
vt 0.375500 1.000000
vt 0.375500 0.000000
vt 0.375667 1.000000
vt 0.375667 0.000000
vt 0.375833 1.000000
vt 0.375833 0.000000
vt 0.376000 1.000000
vt 0.376000 0.000000
vt 0.376167 1.000000
vt 0.376167 0.000000
vt 0.376333 1.000000
vt 0.376333 0.000000
vt 0.376500 1.000000
vt 0.376500 0.000000
vt 0.376667 1.000000
vt 0.376667 0.000000
vt 0.376833 1.000000
vt 0.376833 0.000000
vt 0.377000 1.000000
vt 0.377000 0.000000
vt 0.377167 1.000000
vt 0.377167 0.000000
vt 0.377333 1.000000
vt 0.377333 0.000000
vt 0.377500 1.000000
vt 0.377500 0.000000
vt 0.377667 1.000000
vt 0.377667 0.000000
vt 0.377833 1.000000
vt 0.377833 0.000000
vt 0.378000 1.000000
vt 0.378000 0.000000
vt 0.378167 1.000000
vt 0.378167 0.000000
vt 0.378333 1.000000
vt 0.378333 0.000000
vt 0.378500 1.000000
vt 0.378500 0.000000
vt 0.378667 1.000000
vt 0.378667 0.000000
vt 0.378833 1.000000
vt 0.378833 0.000000
vt 0.379000 1.000000
vt 0.379000 0.000000
vt 0.379167 1.000000
vt 0.379167 0.000000
vt 0.379333 1.000000
vt 0.379333 0.000000
vt 0.379500 1.000000
vt 0.379500 0.000000
vt 0.379667 1.000000
vt 0.379667 0.000000
vt 0.379833 1.000000
vt 0.379833 0.000000
vt 0.380000 1.000000
vt 0.380000 0.000000
vt 0.380167 1.000000
vt 0.380167 0.000000
vt 0.380333 1.000000
vt 0.380333 0.000000
vt 0.380500 1.000000
vt 0.380500 0.000000
vt 0.380667 1.000000
vt 0.380667 0.000000
vt 0.380833 1.000000
vt 0.380833 0.000000
vt 0.381000 1.000000
vt 0.381000 0.000000
vt 0.381167 1.000000
vt 0.381167 0.000000
vt 0.381333 1.000000
vt 0.381333 0.000000
vt 0.381500 1.000000
vt 0.381500 0.000000
vt 0.381667 1.000000
vt 0.381667 0.000000
vt 0.381833 1.000000
vt 0.381833 0.000000
vt 0.382000 1.000000
vt 0.382000 0.000000
vt 0.382167 1.000000
vt 0.382167 0.000000
vt 0.382333 1.000000
vt 0.382333 0.000000
vt 0.382500 1.000000
vt 0.382500 0.000000
vt 0.382667 1.000000
vt 0.382667 0.000000
vt 0.382833 1.000000
vt 0.382833 0.000000
vt 0.383000 1.000000
vt 0.383000 0.000000
vt 0.383167 1.000000
vt 0.383167 0.000000
vt 0.383333 1.000000
vt 0.383333 0.000000
vt 0.383500 1.000000
vt 0.383500 0.000000
vt 0.383667 1.000000
vt 0.383667 0.000000
vt 0.383833 1.000000
vt 0.383833 0.000000
vt 0.384000 1.000000
vt 0.384000 0.000000
vt 0.384167 1.000000
vt 0.384167 0.000000
vt 0.384333 1.000000
vt 0.384333 0.000000
vt 0.384500 1.000000
vt 0.384500 0.000000
vt 0.384667 1.000000
vt 0.384667 0.000000
vt 0.384833 1.000000
vt 0.384833 0.000000
vt 0.385000 1.000000
vt 0.385000 0.000000
vt 0.385167 1.000000
vt 0.385167 0.000000
vt 0.385333 1.000000
vt 0.385333 0.000000
vt 0.385500 1.000000
vt 0.385500 0.000000
vt 0.385667 1.000000
vt 0.385667 0.000000
vt 0.385833 1.000000
vt 0.385833 0.000000
vt 0.386000 1.000000
vt 0.386000 0.000000
vt 0.386167 1.000000
vt 0.386167 0.000000
vt 0.386333 1.000000
vt 0.386333 0.000000
vt 0.386500 1.000000
vt 0.386500 0.000000
vt 0.386667 1.000000
vt 0.386667 0.000000
vt 0.386833 1.000000
vt 0.386833 0.000000
vt 0.387000 1.000000
vt 0.387000 0.000000
vt 0.387167 1.000000
vt 0.387167 0.000000
vt 0.387333 1.000000
vt 0.387333 0.000000
vt 0.387500 1.000000
vt 0.387500 0.000000
vt 0.387667 1.000000
vt 0.387667 0.000000
vt 0.387833 1.000000
vt 0.387833 0.000000
vt 0.388000 1.000000
vt 0.388000 0.000000
vt 0.388167 1.000000
vt 0.388167 0.000000
vt 0.388333 1.000000
vt 0.388333 0.000000
vt 0.388500 1.000000
vt 0.388500 0.000000
vt 0.388667 1.000000
vt 0.388667 0.000000
vt 0.388833 1.000000
vt 0.388833 0.000000
vt 0.389000 1.000000
vt 0.389000 0.000000
vt 0.389167 1.000000
vt 0.389167 0.000000
vt 0.389333 1.000000
vt 0.389333 0.000000
vt 0.389500 1.000000
vt 0.389500 0.000000
vt 0.389667 1.000000
vt 0.389667 0.000000
vt 0.389833 1.000000
vt 0.389833 0.000000
vt 0.390000 1.000000
vt 0.390000 0.000000
vt 0.390167 1.000000
vt 0.390167 0.000000
vt 0.390333 1.000000
vt 0.390333 0.000000
vt 0.390500 1.000000
vt 0.390500 0.000000
vt 0.390667 1.000000
vt 0.390667 0.000000
vt 0.390833 1.000000
vt 0.390833 0.000000
vt 0.391000 1.000000
vt 0.391000 0.000000
vt 0.391167 1.000000
vt 0.391167 0.000000
vt 0.391333 1.000000
vt 0.391333 0.000000
vt 0.391500 1.000000
vt 0.391500 0.000000
vt 0.391667 1.000000
vt 0.391667 0.000000
vt 0.391833 1.000000
vt 0.391833 0.000000
vt 0.392000 1.000000
vt 0.392000 0.000000
vt 0.392167 1.000000
vt 0.392167 0.000000
vt 0.392333 1.000000
vt 0.392333 0.000000
vt 0.392500 1.000000
vt 0.392500 0.000000
vt 0.392667 1.000000
vt 0.392667 0.000000
vt 0.392833 1.000000
vt 0.392833 0.000000
vt 0.393000 1.000000
vt 0.393000 0.000000
vt 0.393167 1.000000
vt 0.393167 0.000000
vt 0.393333 1.000000
vt 0.393333 0.000000
vt 0.393500 1.000000
vt 0.393500 0.000000
vt 0.393667 1.000000
vt 0.393667 0.000000
vt 0.393833 1.000000
vt 0.393833 0.000000
vt 0.394000 1.000000
vt 0.394000 0.000000
vt 0.394167 1.000000
vt 0.394167 0.000000
vt 0.394333 1.000000
vt 0.394333 0.000000
vt 0.394500 1.000000
vt 0.394500 0.000000
vt 0.394667 1.000000
vt 0.394667 0.000000
vt 0.394833 1.000000
vt 0.394833 0.000000
vt 0.395000 1.000000
vt 0.395000 0.000000
vt 0.395167 1.000000
vt 0.395167 0.000000
vt 0.395333 1.000000
vt 0.395333 0.000000
vt 0.395500 1.000000
vt 0.395500 0.000000
vt 0.395667 1.000000
vt 0.395667 0.000000
vt 0.395833 1.000000
vt 0.395833 0.000000
vt 0.396000 1.000000
vt 0.396000 0.000000
vt 0.396167 1.000000
vt 0.396167 0.000000
vt 0.396333 1.000000
vt 0.396333 0.000000
vt 0.396500 1.000000
vt 0.396500 0.000000
vt 0.396667 1.000000
vt 0.396667 0.000000
vt 0.396833 1.000000
vt 0.396833 0.000000
vt 0.397000 1.000000
vt 0.397000 0.000000
vt 0.397167 1.000000
vt 0.397167 0.000000
vt 0.397333 1.000000
vt 0.397333 0.000000
vt 0.397500 1.000000
vt 0.397500 0.000000
vt 0.397667 1.000000
vt 0.397667 0.000000
vt 0.397833 1.000000
vt 0.397833 0.000000
vt 0.398000 1.000000
vt 0.398000 0.000000
vt 0.398167 1.000000
vt 0.398167 0.000000
vt 0.398333 1.000000
vt 0.398333 0.000000
vt 0.398500 1.000000
vt 0.398500 0.000000
vt 0.398667 1.000000
vt 0.398667 0.000000
vt 0.398833 1.000000
vt 0.398833 0.000000
vt 0.399000 1.000000
vt 0.399000 0.000000
vt 0.399167 1.000000
vt 0.399167 0.000000
vt 0.399333 1.000000
vt 0.399333 0.000000
vt 0.399500 1.000000
vt 0.399500 0.000000
vt 0.399667 1.000000
vt 0.399667 0.000000
vt 0.399833 1.000000
vt 0.399833 0.000000
vt 0.400000 1.000000
vt 0.400000 0.000000
vt 0.400167 1.000000
vt 0.400167 0.000000
vt 0.400333 1.000000
vt 0.400333 0.000000
vt 0.400500 1.000000
vt 0.400500 0.000000
vt 0.400667 1.000000
vt 0.400667 0.000000
vt 0.400833 1.000000
vt 0.400833 0.000000
vt 0.401000 1.000000
vt 0.401000 0.000000
vt 0.401167 1.000000
vt 0.401167 0.000000
vt 0.401333 1.000000
vt 0.401333 0.000000
vt 0.401500 1.000000
vt 0.401500 0.000000
vt 0.401667 1.000000
vt 0.401667 0.000000
vt 0.401833 1.000000
vt 0.401833 0.000000
vt 0.402000 1.000000
vt 0.402000 0.000000
vt 0.402167 1.000000
vt 0.402167 0.000000
vt 0.402333 1.000000
vt 0.402333 0.000000
vt 0.402500 1.000000
vt 0.402500 0.000000
vt 0.402667 1.000000
vt 0.402667 0.000000
vt 0.402833 1.000000
vt 0.402833 0.000000
vt 0.403000 1.000000
vt 0.403000 0.000000
vt 0.403167 1.000000
vt 0.403167 0.000000
vt 0.403333 1.000000
vt 0.403333 0.000000
vt 0.403500 1.000000
vt 0.403500 0.000000
vt 0.403667 1.000000
vt 0.403667 0.000000
vt 0.403833 1.000000
vt 0.403833 0.000000
vt 0.404000 1.000000
vt 0.404000 0.000000
vt 0.404167 1.000000
vt 0.404167 0.000000
vt 0.404333 1.000000
vt 0.404333 0.000000
vt 0.404500 1.000000
vt 0.404500 0.000000
vt 0.404667 1.000000
vt 0.404667 0.000000
vt 0.404833 1.000000
vt 0.404833 0.000000
vt 0.405000 1.000000
vt 0.405000 0.000000
vt 0.405167 1.000000
vt 0.405167 0.000000
vt 0.405333 1.000000
vt 0.405333 0.000000
vt 0.405500 1.000000
vt 0.405500 0.000000
vt 0.405667 1.000000
vt 0.405667 0.000000
vt 0.405833 1.000000
vt 0.405833 0.000000
vt 0.406000 1.000000
vt 0.406000 0.000000
vt 0.406167 1.000000
vt 0.406167 0.000000
vt 0.406333 1.000000
vt 0.406333 0.000000
vt 0.406500 1.000000
vt 0.406500 0.000000
vt 0.406667 1.000000
vt 0.406667 0.000000
vt 0.406833 1.000000
vt 0.406833 0.000000
vt 0.407000 1.000000
vt 0.407000 0.000000
vt 0.407167 1.000000
vt 0.407167 0.000000
vt 0.407333 1.000000
vt 0.407333 0.000000
vt 0.407500 1.000000
vt 0.407500 0.000000
vt 0.407667 1.000000
vt 0.407667 0.000000
vt 0.407833 1.000000
vt 0.407833 0.000000
vt 0.408000 1.000000
vt 0.408000 0.000000
vt 0.408167 1.000000
vt 0.408167 0.000000
vt 0.408333 1.000000
vt 0.408333 0.000000
vt 0.408500 1.000000
vt 0.408500 0.000000
vt 0.408667 1.000000
vt 0.408667 0.000000
vt 0.408833 1.000000
vt 0.408833 0.000000
vt 0.409000 1.000000
vt 0.409000 0.000000
vt 0.409167 1.000000
vt 0.409167 0.000000
vt 0.409333 1.000000
vt 0.409333 0.000000
vt 0.409500 1.000000
vt 0.409500 0.000000
vt 0.409667 1.000000
vt 0.409667 0.000000
vt 0.409833 1.000000
vt 0.409833 0.000000
vt 0.410000 1.000000
vt 0.410000 0.000000
vt 0.410167 1.000000
vt 0.410167 0.000000
vt 0.410333 1.000000
vt 0.410333 0.000000
vt 0.410500 1.000000
vt 0.410500 0.000000
vt 0.410667 1.000000
vt 0.410667 0.000000
vt 0.410833 1.000000
vt 0.410833 0.000000
vt 0.411000 1.000000
vt 0.411000 0.000000
vt 0.411167 1.000000
vt 0.411167 0.000000
vt 0.411333 1.000000
vt 0.411333 0.000000
vt 0.411500 1.000000
vt 0.411500 0.000000
vt 0.411667 1.000000
vt 0.411667 0.000000
vt 0.411833 1.000000
vt 0.411833 0.000000
vt 0.412000 1.000000
vt 0.412000 0.000000
vt 0.412167 1.000000
vt 0.412167 0.000000
vt 0.412333 1.000000
vt 0.412333 0.000000
vt 0.412500 1.000000
vt 0.412500 0.000000
vt 0.412667 1.000000
vt 0.412667 0.000000
vt 0.412833 1.000000
vt 0.412833 0.000000
vt 0.413000 1.000000
vt 0.413000 0.000000
vt 0.413167 1.000000
vt 0.413167 0.000000
vt 0.413333 1.000000
vt 0.413333 0.000000
vt 0.413500 1.000000
vt 0.413500 0.000000
vt 0.413667 1.000000
vt 0.413667 0.000000
vt 0.413833 1.000000
vt 0.413833 0.000000
vt 0.414000 1.000000
vt 0.414000 0.000000
vt 0.414167 1.000000
vt 0.414167 0.000000
vt 0.414333 1.000000
vt 0.414333 0.000000
vt 0.414500 1.000000
vt 0.414500 0.000000
vt 0.414667 1.000000
vt 0.414667 0.000000
vt 0.414833 1.000000
vt 0.414833 0.000000
vt 0.415000 1.000000
vt 0.415000 0.000000
vt 0.415167 1.000000
vt 0.415167 0.000000
vt 0.415333 1.000000
vt 0.415333 0.000000
vt 0.415500 1.000000
vt 0.415500 0.000000
vt 0.415667 1.000000
vt 0.415667 0.000000
vt 0.415833 1.000000
vt 0.415833 0.000000
vt 0.416000 1.000000
vt 0.416000 0.000000
vt 0.416167 1.000000
vt 0.416167 0.000000
vt 0.416333 1.000000
vt 0.416333 0.000000
vt 0.416500 1.000000
vt 0.416500 0.000000
vt 0.416667 1.000000
vt 0.416667 0.000000
vt 0.416833 1.000000
vt 0.416833 0.000000
vt 0.417000 1.000000
vt 0.417000 0.000000
vt 0.417167 1.000000
vt 0.417167 0.000000
vt 0.417333 1.000000
vt 0.417333 0.000000
vt 0.417500 1.000000
vt 0.417500 0.000000
vt 0.417667 1.000000
vt 0.417667 0.000000
vt 0.417833 1.000000
vt 0.417833 0.000000
vt 0.418000 1.000000
vt 0.418000 0.000000
vt 0.418167 1.000000
vt 0.418167 0.000000
vt 0.418333 1.000000
vt 0.418333 0.000000
vt 0.418500 1.000000
vt 0.418500 0.000000
vt 0.418667 1.000000
vt 0.418667 0.000000
vt 0.418833 1.000000
vt 0.418833 0.000000
vt 0.419000 1.000000
vt 0.419000 0.000000
vt 0.419167 1.000000
vt 0.419167 0.000000
vt 0.419333 1.000000
vt 0.419333 0.000000
vt 0.419500 1.000000
vt 0.419500 0.000000
vt 0.419667 1.000000
vt 0.419667 0.000000
vt 0.419833 1.000000
vt 0.419833 0.000000
vt 0.420000 1.000000
vt 0.420000 0.000000
vt 0.420167 1.000000
vt 0.420167 0.000000
vt 0.420333 1.000000
vt 0.420333 0.000000
vt 0.420500 1.000000
vt 0.420500 0.000000
vt 0.420667 1.000000
vt 0.420667 0.000000
vt 0.420833 1.000000
vt 0.420833 0.000000
vt 0.421000 1.000000
vt 0.421000 0.000000
vt 0.421167 1.000000
vt 0.421167 0.000000
vt 0.421333 1.000000
vt 0.421333 0.000000
vt 0.421500 1.000000
vt 0.421500 0.000000
vt 0.421667 1.000000
vt 0.421667 0.000000
vt 0.421833 1.000000
vt 0.421833 0.000000
vt 0.422000 1.000000
vt 0.422000 0.000000
vt 0.422167 1.000000
vt 0.422167 0.000000
vt 0.422333 1.000000
vt 0.422333 0.000000
vt 0.422500 1.000000
vt 0.422500 0.000000
vt 0.422667 1.000000
vt 0.422667 0.000000
vt 0.422833 1.000000
vt 0.422833 0.000000
vt 0.423000 1.000000
vt 0.423000 0.000000
vt 0.423167 1.000000
vt 0.423167 0.000000
vt 0.423333 1.000000
vt 0.423333 0.000000
vt 0.423500 1.000000
vt 0.423500 0.000000
vt 0.423667 1.000000
vt 0.423667 0.000000
vt 0.423833 1.000000
vt 0.423833 0.000000
vt 0.424000 1.000000
vt 0.424000 0.000000
vt 0.424167 1.000000
vt 0.424167 0.000000
vt 0.424333 1.000000
vt 0.424333 0.000000
vt 0.424500 1.000000
vt 0.424500 0.000000
vt 0.424667 1.000000
vt 0.424667 0.000000
vt 0.424833 1.000000
vt 0.424833 0.000000
vt 0.425000 1.000000
vt 0.425000 0.000000
vt 0.425167 1.000000
vt 0.425167 0.000000
vt 0.425333 1.000000
vt 0.425333 0.000000
vt 0.425500 1.000000
vt 0.425500 0.000000
vt 0.425667 1.000000
vt 0.425667 0.000000
vt 0.425833 1.000000
vt 0.425833 0.000000
vt 0.426000 1.000000
vt 0.426000 0.000000
vt 0.426167 1.000000
vt 0.426167 0.000000
vt 0.426333 1.000000
vt 0.426333 0.000000
vt 0.426500 1.000000
vt 0.426500 0.000000
vt 0.426667 1.000000
vt 0.426667 0.000000
vt 0.426833 1.000000
vt 0.426833 0.000000
vt 0.427000 1.000000
vt 0.427000 0.000000
vt 0.427167 1.000000
vt 0.427167 0.000000
vt 0.427333 1.000000
vt 0.427333 0.000000
vt 0.427500 1.000000
vt 0.427500 0.000000
vt 0.427667 1.000000
vt 0.427667 0.000000
vt 0.427833 1.000000
vt 0.427833 0.000000
vt 0.428000 1.000000
vt 0.428000 0.000000
vt 0.428167 1.000000
vt 0.428167 0.000000
vt 0.428333 1.000000
vt 0.428333 0.000000
vt 0.428500 1.000000
vt 0.428500 0.000000
vt 0.428667 1.000000
vt 0.428667 0.000000
vt 0.428833 1.000000
vt 0.428833 0.000000
vt 0.429000 1.000000
vt 0.429000 0.000000
vt 0.429167 1.000000
vt 0.429167 0.000000
vt 0.429333 1.000000
vt 0.429333 0.000000
vt 0.429500 1.000000
vt 0.429500 0.000000
vt 0.429667 1.000000
vt 0.429667 0.000000
vt 0.429833 1.000000
vt 0.429833 0.000000
vt 0.430000 1.000000
vt 0.430000 0.000000
vt 0.430167 1.000000
vt 0.430167 0.000000
vt 0.430333 1.000000
vt 0.430333 0.000000
vt 0.430500 1.000000
vt 0.430500 0.000000
vt 0.430667 1.000000
vt 0.430667 0.000000
vt 0.430833 1.000000
vt 0.430833 0.000000
vt 0.431000 1.000000
vt 0.431000 0.000000
vt 0.431167 1.000000
vt 0.431167 0.000000
vt 0.431333 1.000000
vt 0.431333 0.000000
vt 0.431500 1.000000
vt 0.431500 0.000000
vt 0.431667 1.000000
vt 0.431667 0.000000
vt 0.431833 1.000000
vt 0.431833 0.000000
vt 0.432000 1.000000
vt 0.432000 0.000000
vt 0.432167 1.000000
vt 0.432167 0.000000
vt 0.432333 1.000000
vt 0.432333 0.000000
vt 0.432500 1.000000
vt 0.432500 0.000000
vt 0.432667 1.000000
vt 0.432667 0.000000
vt 0.432833 1.000000
vt 0.432833 0.000000
vt 0.433000 1.000000
vt 0.433000 0.000000
vt 0.433167 1.000000
vt 0.433167 0.000000
vt 0.433333 1.000000
vt 0.433333 0.000000
vt 0.433500 1.000000
vt 0.433500 0.000000
vt 0.433667 1.000000
vt 0.433667 0.000000
vt 0.433833 1.000000
vt 0.433833 0.000000
vt 0.434000 1.000000
vt 0.434000 0.000000
vt 0.434167 1.000000
vt 0.434167 0.000000
vt 0.434333 1.000000
vt 0.434333 0.000000
vt 0.434500 1.000000
vt 0.434500 0.000000
vt 0.434667 1.000000
vt 0.434667 0.000000
vt 0.434833 1.000000
vt 0.434833 0.000000
vt 0.435000 1.000000
vt 0.435000 0.000000
vt 0.435167 1.000000
vt 0.435167 0.000000
vt 0.435333 1.000000
vt 0.435333 0.000000
vt 0.435500 1.000000
vt 0.435500 0.000000
vt 0.435667 1.000000
vt 0.435667 0.000000
vt 0.435833 1.000000
vt 0.435833 0.000000
vt 0.436000 1.000000
vt 0.436000 0.000000
vt 0.436167 1.000000
vt 0.436167 0.000000
vt 0.436333 1.000000
vt 0.436333 0.000000
vt 0.436500 1.000000
vt 0.436500 0.000000
vt 0.436667 1.000000
vt 0.436667 0.000000
vt 0.436833 1.000000
vt 0.436833 0.000000
vt 0.437000 1.000000
vt 0.437000 0.000000
vt 0.437167 1.000000
vt 0.437167 0.000000
vt 0.437333 1.000000
vt 0.437333 0.000000
vt 0.437500 1.000000
vt 0.437500 0.000000
vt 0.437667 1.000000
vt 0.437667 0.000000
vt 0.437833 1.000000
vt 0.437833 0.000000
vt 0.438000 1.000000
vt 0.438000 0.000000
vt 0.438167 1.000000
vt 0.438167 0.000000
vt 0.438333 1.000000
vt 0.438333 0.000000
vt 0.438500 1.000000
vt 0.438500 0.000000
vt 0.438667 1.000000
vt 0.438667 0.000000
vt 0.438833 1.000000
vt 0.438833 0.000000
vt 0.439000 1.000000
vt 0.439000 0.000000
vt 0.439167 1.000000
vt 0.439167 0.000000
vt 0.439333 1.000000
vt 0.439333 0.000000
vt 0.439500 1.000000
vt 0.439500 0.000000
vt 0.439667 1.000000
vt 0.439667 0.000000
vt 0.439833 1.000000
vt 0.439833 0.000000
vt 0.440000 1.000000
vt 0.440000 0.000000
vt 0.440167 1.000000
vt 0.440167 0.000000
vt 0.440333 1.000000
vt 0.440333 0.000000
vt 0.440500 1.000000
vt 0.440500 0.000000
vt 0.440667 1.000000
vt 0.440667 0.000000
vt 0.440833 1.000000
vt 0.440833 0.000000
vt 0.441000 1.000000
vt 0.441000 0.000000
vt 0.441167 1.000000
vt 0.441167 0.000000
vt 0.441333 1.000000
vt 0.441333 0.000000
vt 0.441500 1.000000
vt 0.441500 0.000000
vt 0.441667 1.000000
vt 0.441667 0.000000
vt 0.441833 1.000000
vt 0.441833 0.000000
vt 0.442000 1.000000
vt 0.442000 0.000000
vt 0.442167 1.000000
vt 0.442167 0.000000
vt 0.442333 1.000000
vt 0.442333 0.000000
vt 0.442500 1.000000
vt 0.442500 0.000000
vt 0.442667 1.000000
vt 0.442667 0.000000
vt 0.442833 1.000000
vt 0.442833 0.000000
vt 0.443000 1.000000
vt 0.443000 0.000000
vt 0.443167 1.000000
vt 0.443167 0.000000
vt 0.443333 1.000000
vt 0.443333 0.000000
vt 0.443500 1.000000
vt 0.443500 0.000000
vt 0.443667 1.000000
vt 0.443667 0.000000
vt 0.443833 1.000000
vt 0.443833 0.000000
vt 0.444000 1.000000
vt 0.444000 0.000000
vt 0.444167 1.000000
vt 0.444167 0.000000
vt 0.444333 1.000000
vt 0.444333 0.000000
vt 0.444500 1.000000
vt 0.444500 0.000000
vt 0.444667 1.000000
vt 0.444667 0.000000
vt 0.444833 1.000000
vt 0.444833 0.000000
vt 0.445000 1.000000
vt 0.445000 0.000000
vt 0.445167 1.000000
vt 0.445167 0.000000
vt 0.445333 1.000000
vt 0.445333 0.000000
vt 0.445500 1.000000
vt 0.445500 0.000000
vt 0.445667 1.000000
vt 0.445667 0.000000
vt 0.445833 1.000000
vt 0.445833 0.000000
vt 0.446000 1.000000
vt 0.446000 0.000000
vt 0.446167 1.000000
vt 0.446167 0.000000
vt 0.446333 1.000000
vt 0.446333 0.000000
vt 0.446500 1.000000
vt 0.446500 0.000000
vt 0.446667 1.000000
vt 0.446667 0.000000
vt 0.446833 1.000000
vt 0.446833 0.000000
vt 0.447000 1.000000
vt 0.447000 0.000000
vt 0.447167 1.000000
vt 0.447167 0.000000
vt 0.447333 1.000000
vt 0.447333 0.000000
vt 0.447500 1.000000
vt 0.447500 0.000000
vt 0.447667 1.000000
vt 0.447667 0.000000
vt 0.447833 1.000000
vt 0.447833 0.000000
vt 0.448000 1.000000
vt 0.448000 0.000000
vt 0.448167 1.000000
vt 0.448167 0.000000
vt 0.448333 1.000000
vt 0.448333 0.000000
vt 0.448500 1.000000
vt 0.448500 0.000000
vt 0.448667 1.000000
vt 0.448667 0.000000
vt 0.448833 1.000000
vt 0.448833 0.000000
vt 0.449000 1.000000
vt 0.449000 0.000000
vt 0.449167 1.000000
vt 0.449167 0.000000
vt 0.449333 1.000000
vt 0.449333 0.000000
vt 0.449500 1.000000
vt 0.449500 0.000000
vt 0.449667 1.000000
vt 0.449667 0.000000
vt 0.449833 1.000000
vt 0.449833 0.000000
vt 0.450000 1.000000
vt 0.450000 0.000000
vt 0.450167 1.000000
vt 0.450167 0.000000
vt 0.450333 1.000000
vt 0.450333 0.000000
vt 0.450500 1.000000
vt 0.450500 0.000000
vt 0.450667 1.000000
vt 0.450667 0.000000
vt 0.450833 1.000000
vt 0.450833 0.000000
vt 0.451000 1.000000
vt 0.451000 0.000000
vt 0.451167 1.000000
vt 0.451167 0.000000
vt 0.451333 1.000000
vt 0.451333 0.000000
vt 0.451500 1.000000
vt 0.451500 0.000000
vt 0.451667 1.000000
vt 0.451667 0.000000
vt 0.451833 1.000000
vt 0.451833 0.000000
vt 0.452000 1.000000
vt 0.452000 0.000000
vt 0.452167 1.000000
vt 0.452167 0.000000
vt 0.452333 1.000000
vt 0.452333 0.000000
vt 0.452500 1.000000
vt 0.452500 0.000000
vt 0.452667 1.000000
vt 0.452667 0.000000
vt 0.452833 1.000000
vt 0.452833 0.000000
vt 0.453000 1.000000
vt 0.453000 0.000000
vt 0.453167 1.000000
vt 0.453167 0.000000
vt 0.453333 1.000000
vt 0.453333 0.000000
vt 0.453500 1.000000
vt 0.453500 0.000000
vt 0.453667 1.000000
vt 0.453667 0.000000
vt 0.453833 1.000000
vt 0.453833 0.000000
vt 0.454000 1.000000
vt 0.454000 0.000000
vt 0.454167 1.000000
vt 0.454167 0.000000
vt 0.454333 1.000000
vt 0.454333 0.000000
vt 0.454500 1.000000
vt 0.454500 0.000000
vt 0.454667 1.000000
vt 0.454667 0.000000
vt 0.454833 1.000000
vt 0.454833 0.000000
vt 0.455000 1.000000
vt 0.455000 0.000000
vt 0.455167 1.000000
vt 0.455167 0.000000
vt 0.455333 1.000000
vt 0.455333 0.000000
vt 0.455500 1.000000
vt 0.455500 0.000000
vt 0.455667 1.000000
vt 0.455667 0.000000
vt 0.455833 1.000000
vt 0.455833 0.000000
vt 0.456000 1.000000
vt 0.456000 0.000000
vt 0.456167 1.000000
vt 0.456167 0.000000
vt 0.456333 1.000000
vt 0.456333 0.000000
vt 0.456500 1.000000
vt 0.456500 0.000000
vt 0.456667 1.000000
vt 0.456667 0.000000
vt 0.456833 1.000000
vt 0.456833 0.000000
vt 0.457000 1.000000
vt 0.457000 0.000000
vt 0.457167 1.000000
vt 0.457167 0.000000
vt 0.457333 1.000000
vt 0.457333 0.000000
vt 0.457500 1.000000
vt 0.457500 0.000000
vt 0.457667 1.000000
vt 0.457667 0.000000
vt 0.457833 1.000000
vt 0.457833 0.000000
vt 0.458000 1.000000
vt 0.458000 0.000000
vt 0.458167 1.000000
vt 0.458167 0.000000
vt 0.458333 1.000000
vt 0.458333 0.000000
vt 0.458500 1.000000
vt 0.458500 0.000000
vt 0.458667 1.000000
vt 0.458667 0.000000
vt 0.458833 1.000000
vt 0.458833 0.000000
vt 0.459000 1.000000
vt 0.459000 0.000000
vt 0.459167 1.000000
vt 0.459167 0.000000
vt 0.459333 1.000000
vt 0.459333 0.000000
vt 0.459500 1.000000
vt 0.459500 0.000000
vt 0.459667 1.000000
vt 0.459667 0.000000
vt 0.459833 1.000000
vt 0.459833 0.000000
vt 0.460000 1.000000
vt 0.460000 0.000000
vt 0.460167 1.000000
vt 0.460167 0.000000
vt 0.460333 1.000000
vt 0.460333 0.000000
vt 0.460500 1.000000
vt 0.460500 0.000000
vt 0.460667 1.000000
vt 0.460667 0.000000
vt 0.460833 1.000000
vt 0.460833 0.000000
vt 0.461000 1.000000
vt 0.461000 0.000000
vt 0.461167 1.000000
vt 0.461167 0.000000
vt 0.461333 1.000000
vt 0.461333 0.000000
vt 0.461500 1.000000
vt 0.461500 0.000000
vt 0.461667 1.000000
vt 0.461667 0.000000
vt 0.461833 1.000000
vt 0.461833 0.000000
vt 0.462000 1.000000
vt 0.462000 0.000000
vt 0.462167 1.000000
vt 0.462167 0.000000
vt 0.462333 1.000000
vt 0.462333 0.000000
vt 0.462500 1.000000
vt 0.462500 0.000000
vt 0.462667 1.000000
vt 0.462667 0.000000
vt 0.462833 1.000000
vt 0.462833 0.000000
vt 0.463000 1.000000
vt 0.463000 0.000000
vt 0.463167 1.000000
vt 0.463167 0.000000
vt 0.463333 1.000000
vt 0.463333 0.000000
vt 0.463500 1.000000
vt 0.463500 0.000000
vt 0.463667 1.000000
vt 0.463667 0.000000
vt 0.463833 1.000000
vt 0.463833 0.000000
vt 0.464000 1.000000
vt 0.464000 0.000000
vt 0.464167 1.000000
vt 0.464167 0.000000
vt 0.464333 1.000000
vt 0.464333 0.000000
vt 0.464500 1.000000
vt 0.464500 0.000000
vt 0.464667 1.000000
vt 0.464667 0.000000
vt 0.464833 1.000000
vt 0.464833 0.000000
vt 0.465000 1.000000
vt 0.465000 0.000000
vt 0.465167 1.000000
vt 0.465167 0.000000
vt 0.465333 1.000000
vt 0.465333 0.000000
vt 0.465500 1.000000
vt 0.465500 0.000000
vt 0.465667 1.000000
vt 0.465667 0.000000
vt 0.465833 1.000000
vt 0.465833 0.000000
vt 0.466000 1.000000
vt 0.466000 0.000000
vt 0.466167 1.000000
vt 0.466167 0.000000
vt 0.466333 1.000000
vt 0.466333 0.000000
vt 0.466500 1.000000
vt 0.466500 0.000000
vt 0.466667 1.000000
vt 0.466667 0.000000
vt 0.466833 1.000000
vt 0.466833 0.000000
vt 0.467000 1.000000
vt 0.467000 0.000000
vt 0.467167 1.000000
vt 0.467167 0.000000
vt 0.467333 1.000000
vt 0.467333 0.000000
vt 0.467500 1.000000
vt 0.467500 0.000000
vt 0.467667 1.000000
vt 0.467667 0.000000
vt 0.467833 1.000000
vt 0.467833 0.000000
vt 0.468000 1.000000
vt 0.468000 0.000000
vt 0.468167 1.000000
vt 0.468167 0.000000
vt 0.468333 1.000000
vt 0.468333 0.000000
vt 0.468500 1.000000
vt 0.468500 0.000000
vt 0.468667 1.000000
vt 0.468667 0.000000
vt 0.468833 1.000000
vt 0.468833 0.000000
vt 0.469000 1.000000
vt 0.469000 0.000000
vt 0.469167 1.000000
vt 0.469167 0.000000
vt 0.469333 1.000000
vt 0.469333 0.000000
vt 0.469500 1.000000
vt 0.469500 0.000000
vt 0.469667 1.000000
vt 0.469667 0.000000
vt 0.469833 1.000000
vt 0.469833 0.000000
vt 0.470000 1.000000
vt 0.470000 0.000000
vt 0.470167 1.000000
vt 0.470167 0.000000
vt 0.470333 1.000000
vt 0.470333 0.000000
vt 0.470500 1.000000
vt 0.470500 0.000000
vt 0.470667 1.000000
vt 0.470667 0.000000
vt 0.470833 1.000000
vt 0.470833 0.000000
vt 0.471000 1.000000
vt 0.471000 0.000000
vt 0.471167 1.000000
vt 0.471167 0.000000
vt 0.471333 1.000000
vt 0.471333 0.000000
vt 0.471500 1.000000
vt 0.471500 0.000000
vt 0.471667 1.000000
vt 0.471667 0.000000
vt 0.471833 1.000000
vt 0.471833 0.000000
vt 0.472000 1.000000
vt 0.472000 0.000000
vt 0.472167 1.000000
vt 0.472167 0.000000
vt 0.472333 1.000000
vt 0.472333 0.000000
vt 0.472500 1.000000
vt 0.472500 0.000000
vt 0.472667 1.000000
vt 0.472667 0.000000
vt 0.472833 1.000000
vt 0.472833 0.000000
vt 0.473000 1.000000
vt 0.473000 0.000000
vt 0.473167 1.000000
vt 0.473167 0.000000
vt 0.473333 1.000000
vt 0.473333 0.000000
vt 0.473500 1.000000
vt 0.473500 0.000000
vt 0.473667 1.000000
vt 0.473667 0.000000
vt 0.473833 1.000000
vt 0.473833 0.000000
vt 0.474000 1.000000
vt 0.474000 0.000000
vt 0.474167 1.000000
vt 0.474167 0.000000
vt 0.474333 1.000000
vt 0.474333 0.000000
vt 0.474500 1.000000
vt 0.474500 0.000000
vt 0.474667 1.000000
vt 0.474667 0.000000
vt 0.474833 1.000000
vt 0.474833 0.000000
vt 0.475000 1.000000
vt 0.475000 0.000000
vt 0.475167 1.000000
vt 0.475167 0.000000
vt 0.475333 1.000000
vt 0.475333 0.000000
vt 0.475500 1.000000
vt 0.475500 0.000000
vt 0.475667 1.000000
vt 0.475667 0.000000
vt 0.475833 1.000000
vt 0.475833 0.000000
vt 0.476000 1.000000
vt 0.476000 0.000000
vt 0.476167 1.000000
vt 0.476167 0.000000
vt 0.476333 1.000000
vt 0.476333 0.000000
vt 0.476500 1.000000
vt 0.476500 0.000000
vt 0.476667 1.000000
vt 0.476667 0.000000
vt 0.476833 1.000000
vt 0.476833 0.000000
vt 0.477000 1.000000
vt 0.477000 0.000000
vt 0.477167 1.000000
vt 0.477167 0.000000
vt 0.477333 1.000000
vt 0.477333 0.000000
vt 0.477500 1.000000
vt 0.477500 0.000000
vt 0.477667 1.000000
vt 0.477667 0.000000
vt 0.477833 1.000000
vt 0.477833 0.000000
vt 0.478000 1.000000
vt 0.478000 0.000000
vt 0.478167 1.000000
vt 0.478167 0.000000
vt 0.478333 1.000000
vt 0.478333 0.000000
vt 0.478500 1.000000
vt 0.478500 0.000000
vt 0.478667 1.000000
vt 0.478667 0.000000
vt 0.478833 1.000000
vt 0.478833 0.000000
vt 0.479000 1.000000
vt 0.479000 0.000000
vt 0.479167 1.000000
vt 0.479167 0.000000
vt 0.479333 1.000000
vt 0.479333 0.000000
vt 0.479500 1.000000
vt 0.479500 0.000000
vt 0.479667 1.000000
vt 0.479667 0.000000
vt 0.479833 1.000000
vt 0.479833 0.000000
vt 0.480000 1.000000
vt 0.480000 0.000000
vt 0.480167 1.000000
vt 0.480167 0.000000
vt 0.480333 1.000000
vt 0.480333 0.000000
vt 0.480500 1.000000
vt 0.480500 0.000000
vt 0.480667 1.000000
vt 0.480667 0.000000
vt 0.480833 1.000000
vt 0.480833 0.000000
vt 0.481000 1.000000
vt 0.481000 0.000000
vt 0.481167 1.000000
vt 0.481167 0.000000
vt 0.481333 1.000000
vt 0.481333 0.000000
vt 0.481500 1.000000
vt 0.481500 0.000000
vt 0.481667 1.000000
vt 0.481667 0.000000
vt 0.481833 1.000000
vt 0.481833 0.000000
vt 0.482000 1.000000
vt 0.482000 0.000000
vt 0.482167 1.000000
vt 0.482167 0.000000
vt 0.482333 1.000000
vt 0.482333 0.000000
vt 0.482500 1.000000
vt 0.482500 0.000000
vt 0.482667 1.000000
vt 0.482667 0.000000
vt 0.482833 1.000000
vt 0.482833 0.000000
vt 0.483000 1.000000
vt 0.483000 0.000000
vt 0.483167 1.000000
vt 0.483167 0.000000
vt 0.483333 1.000000
vt 0.483333 0.000000
vt 0.483500 1.000000
vt 0.483500 0.000000
vt 0.483667 1.000000
vt 0.483667 0.000000
vt 0.483833 1.000000
vt 0.483833 0.000000
vt 0.484000 1.000000
vt 0.484000 0.000000
vt 0.484167 1.000000
vt 0.484167 0.000000
vt 0.484333 1.000000
vt 0.484333 0.000000
vt 0.484500 1.000000
vt 0.484500 0.000000
vt 0.484667 1.000000
vt 0.484667 0.000000
vt 0.484833 1.000000
vt 0.484833 0.000000
vt 0.485000 1.000000
vt 0.485000 0.000000
vt 0.485167 1.000000
vt 0.485167 0.000000
vt 0.485333 1.000000
vt 0.485333 0.000000
vt 0.485500 1.000000
vt 0.485500 0.000000
vt 0.485667 1.000000
vt 0.485667 0.000000
vt 0.485833 1.000000
vt 0.485833 0.000000
vt 0.486000 1.000000
vt 0.486000 0.000000
vt 0.486167 1.000000
vt 0.486167 0.000000
vt 0.486333 1.000000
vt 0.486333 0.000000
vt 0.486500 1.000000
vt 0.486500 0.000000
vt 0.486667 1.000000
vt 0.486667 0.000000
vt 0.486833 1.000000
vt 0.486833 0.000000
vt 0.487000 1.000000
vt 0.487000 0.000000
vt 0.487167 1.000000
vt 0.487167 0.000000
vt 0.487333 1.000000
vt 0.487333 0.000000
vt 0.487500 1.000000
vt 0.487500 0.000000
vt 0.487667 1.000000
vt 0.487667 0.000000
vt 0.487833 1.000000
vt 0.487833 0.000000
vt 0.488000 1.000000
vt 0.488000 0.000000
vt 0.488167 1.000000
vt 0.488167 0.000000
vt 0.488333 1.000000
vt 0.488333 0.000000
vt 0.488500 1.000000
vt 0.488500 0.000000
vt 0.488667 1.000000
vt 0.488667 0.000000
vt 0.488833 1.000000
vt 0.488833 0.000000
vt 0.489000 1.000000
vt 0.489000 0.000000
vt 0.489167 1.000000
vt 0.489167 0.000000
vt 0.489333 1.000000
vt 0.489333 0.000000
vt 0.489500 1.000000
vt 0.489500 0.000000
vt 0.489667 1.000000
vt 0.489667 0.000000
vt 0.489833 1.000000
vt 0.489833 0.000000
vt 0.490000 1.000000
vt 0.490000 0.000000
vt 0.490167 1.000000
vt 0.490167 0.000000
vt 0.490333 1.000000
vt 0.490333 0.000000
vt 0.490500 1.000000
vt 0.490500 0.000000
vt 0.490667 1.000000
vt 0.490667 0.000000
vt 0.490833 1.000000
vt 0.490833 0.000000
vt 0.491000 1.000000
vt 0.491000 0.000000
vt 0.491167 1.000000
vt 0.491167 0.000000
vt 0.491333 1.000000
vt 0.491333 0.000000
vt 0.491500 1.000000
vt 0.491500 0.000000
vt 0.491667 1.000000
vt 0.491667 0.000000
vt 0.491833 1.000000
vt 0.491833 0.000000
vt 0.492000 1.000000
vt 0.492000 0.000000
vt 0.492167 1.000000
vt 0.492167 0.000000
vt 0.492333 1.000000
vt 0.492333 0.000000
vt 0.492500 1.000000
vt 0.492500 0.000000
vt 0.492667 1.000000
vt 0.492667 0.000000
vt 0.492833 1.000000
vt 0.492833 0.000000
vt 0.493000 1.000000
vt 0.493000 0.000000
vt 0.493167 1.000000
vt 0.493167 0.000000
vt 0.493333 1.000000
vt 0.493333 0.000000
vt 0.493500 1.000000
vt 0.493500 0.000000
vt 0.493667 1.000000
vt 0.493667 0.000000
vt 0.493833 1.000000
vt 0.493833 0.000000
vt 0.494000 1.000000
vt 0.494000 0.000000
vt 0.494167 1.000000
vt 0.494167 0.000000
vt 0.494333 1.000000
vt 0.494333 0.000000
vt 0.494500 1.000000
vt 0.494500 0.000000
vt 0.494667 1.000000
vt 0.494667 0.000000
vt 0.494833 1.000000
vt 0.494833 0.000000
vt 0.495000 1.000000
vt 0.495000 0.000000
vt 0.495167 1.000000
vt 0.495167 0.000000
vt 0.495333 1.000000
vt 0.495333 0.000000
vt 0.495500 1.000000
vt 0.495500 0.000000
vt 0.495667 1.000000
vt 0.495667 0.000000
vt 0.495833 1.000000
vt 0.495833 0.000000
vt 0.496000 1.000000
vt 0.496000 0.000000
vt 0.496167 1.000000
vt 0.496167 0.000000
vt 0.496333 1.000000
vt 0.496333 0.000000
vt 0.496500 1.000000
vt 0.496500 0.000000
vt 0.496667 1.000000
vt 0.496667 0.000000
vt 0.496833 1.000000
vt 0.496833 0.000000
vt 0.497000 1.000000
vt 0.497000 0.000000
vt 0.497167 1.000000
vt 0.497167 0.000000
vt 0.497333 1.000000
vt 0.497333 0.000000
vt 0.497500 1.000000
vt 0.497500 0.000000
vt 0.497667 1.000000
vt 0.497667 0.000000
vt 0.497833 1.000000
vt 0.497833 0.000000
vt 0.498000 1.000000
vt 0.498000 0.000000
vt 0.498167 1.000000
vt 0.498167 0.000000
vt 0.498333 1.000000
vt 0.498333 0.000000
vt 0.498500 1.000000
vt 0.498500 0.000000
vt 0.498667 1.000000
vt 0.498667 0.000000
vt 0.498833 1.000000
vt 0.498833 0.000000
vt 0.499000 1.000000
vt 0.499000 0.000000
vt 0.499167 1.000000
vt 0.499167 0.000000
vt 0.499333 1.000000
vt 0.499333 0.000000
vt 0.499500 1.000000
vt 0.499500 0.000000
vt 0.499667 1.000000
vt 0.499667 0.000000
vt 0.499833 1.000000
vt 0.499833 0.000000
vt 0.500000 1.000000
vt 0.500000 0.000000
vt 0.500167 1.000000
vt 0.500167 0.000000
vt 0.500333 1.000000
vt 0.500333 0.000000
vt 0.500500 1.000000
vt 0.500500 0.000000
vt 0.500667 1.000000
vt 0.500667 0.000000
vt 0.500833 1.000000
vt 0.500833 0.000000
vt 0.501000 1.000000
vt 0.501000 0.000000
vt 0.501167 1.000000
vt 0.501167 0.000000
vt 0.501333 1.000000
vt 0.501333 0.000000
vt 0.501500 1.000000
vt 0.501500 0.000000
vt 0.501667 1.000000
vt 0.501667 0.000000
vt 0.501833 1.000000
vt 0.501833 0.000000
vt 0.502000 1.000000
vt 0.502000 0.000000
vt 0.502167 1.000000
vt 0.502167 0.000000
vt 0.502333 1.000000
vt 0.502333 0.000000
vt 0.502500 1.000000
vt 0.502500 0.000000
vt 0.502667 1.000000
vt 0.502667 0.000000
vt 0.502833 1.000000
vt 0.502833 0.000000
vt 0.503000 1.000000
vt 0.503000 0.000000
vt 0.503167 1.000000
vt 0.503167 0.000000
vt 0.503333 1.000000
vt 0.503333 0.000000
vt 0.503500 1.000000
vt 0.503500 0.000000
vt 0.503667 1.000000
vt 0.503667 0.000000
vt 0.503833 1.000000
vt 0.503833 0.000000
vt 0.504000 1.000000
vt 0.504000 0.000000
vt 0.504167 1.000000
vt 0.504167 0.000000
vt 0.504333 1.000000
vt 0.504333 0.000000
vt 0.504500 1.000000
vt 0.504500 0.000000
vt 0.504667 1.000000
vt 0.504667 0.000000
vt 0.504833 1.000000
vt 0.504833 0.000000
vt 0.505000 1.000000
vt 0.505000 0.000000
vt 0.505167 1.000000
vt 0.505167 0.000000
vt 0.505333 1.000000
vt 0.505333 0.000000
vt 0.505500 1.000000
vt 0.505500 0.000000
vt 0.505667 1.000000
vt 0.505667 0.000000
vt 0.505833 1.000000
vt 0.505833 0.000000
vt 0.506000 1.000000
vt 0.506000 0.000000
vt 0.506167 1.000000
vt 0.506167 0.000000
vt 0.506333 1.000000
vt 0.506333 0.000000
vt 0.506500 1.000000
vt 0.506500 0.000000
vt 0.506667 1.000000
vt 0.506667 0.000000
vt 0.506833 1.000000
vt 0.506833 0.000000
vt 0.507000 1.000000
vt 0.507000 0.000000
vt 0.507167 1.000000
vt 0.507167 0.000000
vt 0.507333 1.000000
vt 0.507333 0.000000
vt 0.507500 1.000000
vt 0.507500 0.000000
vt 0.507667 1.000000
vt 0.507667 0.000000
vt 0.507833 1.000000
vt 0.507833 0.000000
vt 0.508000 1.000000
vt 0.508000 0.000000
vt 0.508167 1.000000
vt 0.508167 0.000000
vt 0.508333 1.000000
vt 0.508333 0.000000
vt 0.508500 1.000000
vt 0.508500 0.000000
vt 0.508667 1.000000
vt 0.508667 0.000000
vt 0.508833 1.000000
vt 0.508833 0.000000
vt 0.509000 1.000000
vt 0.509000 0.000000
vt 0.509167 1.000000
vt 0.509167 0.000000
vt 0.509333 1.000000
vt 0.509333 0.000000
vt 0.509500 1.000000
vt 0.509500 0.000000
vt 0.509667 1.000000
vt 0.509667 0.000000
vt 0.509833 1.000000
vt 0.509833 0.000000
vt 0.510000 1.000000
vt 0.510000 0.000000
vt 0.510167 1.000000
vt 0.510167 0.000000
vt 0.510333 1.000000
vt 0.510333 0.000000
vt 0.510500 1.000000
vt 0.510500 0.000000
vt 0.510667 1.000000
vt 0.510667 0.000000
vt 0.510833 1.000000
vt 0.510833 0.000000
vt 0.511000 1.000000
vt 0.511000 0.000000
vt 0.511167 1.000000
vt 0.511167 0.000000
vt 0.511333 1.000000
vt 0.511333 0.000000
vt 0.511500 1.000000
vt 0.511500 0.000000
vt 0.511667 1.000000
vt 0.511667 0.000000
vt 0.511833 1.000000
vt 0.511833 0.000000
vt 0.512000 1.000000
vt 0.512000 0.000000
vt 0.512167 1.000000
vt 0.512167 0.000000
vt 0.512333 1.000000
vt 0.512333 0.000000
vt 0.512500 1.000000
vt 0.512500 0.000000
vt 0.512667 1.000000
vt 0.512667 0.000000
vt 0.512833 1.000000
vt 0.512833 0.000000
vt 0.513000 1.000000
vt 0.513000 0.000000
vt 0.513167 1.000000
vt 0.513167 0.000000
vt 0.513333 1.000000
vt 0.513333 0.000000
vt 0.513500 1.000000
vt 0.513500 0.000000
vt 0.513667 1.000000
vt 0.513667 0.000000
vt 0.513833 1.000000
vt 0.513833 0.000000
vt 0.514000 1.000000
vt 0.514000 0.000000
vt 0.514167 1.000000
vt 0.514167 0.000000
vt 0.514333 1.000000
vt 0.514333 0.000000
vt 0.514500 1.000000
vt 0.514500 0.000000
vt 0.514667 1.000000
vt 0.514667 0.000000
vt 0.514833 1.000000
vt 0.514833 0.000000
vt 0.515000 1.000000
vt 0.515000 0.000000
vt 0.515167 1.000000
vt 0.515167 0.000000
vt 0.515333 1.000000
vt 0.515333 0.000000
vt 0.515500 1.000000
vt 0.515500 0.000000
vt 0.515667 1.000000
vt 0.515667 0.000000
vt 0.515833 1.000000
vt 0.515833 0.000000
vt 0.516000 1.000000
vt 0.516000 0.000000
vt 0.516167 1.000000
vt 0.516167 0.000000
vt 0.516333 1.000000
vt 0.516333 0.000000
vt 0.516500 1.000000
vt 0.516500 0.000000
vt 0.516667 1.000000
vt 0.516667 0.000000
vt 0.516833 1.000000
vt 0.516833 0.000000
vt 0.517000 1.000000
vt 0.517000 0.000000
vt 0.517167 1.000000
vt 0.517167 0.000000
vt 0.517333 1.000000
vt 0.517333 0.000000
vt 0.517500 1.000000
vt 0.517500 0.000000
vt 0.517667 1.000000
vt 0.517667 0.000000
vt 0.517833 1.000000
vt 0.517833 0.000000
vt 0.518000 1.000000
vt 0.518000 0.000000
vt 0.518167 1.000000
vt 0.518167 0.000000
vt 0.518333 1.000000
vt 0.518333 0.000000
vt 0.518500 1.000000
vt 0.518500 0.000000
vt 0.518667 1.000000
vt 0.518667 0.000000
vt 0.518833 1.000000
vt 0.518833 0.000000
vt 0.519000 1.000000
vt 0.519000 0.000000
vt 0.519167 1.000000
vt 0.519167 0.000000
vt 0.519333 1.000000
vt 0.519333 0.000000
vt 0.519500 1.000000
vt 0.519500 0.000000
vt 0.519667 1.000000
vt 0.519667 0.000000
vt 0.519833 1.000000
vt 0.519833 0.000000
vt 0.520000 1.000000
vt 0.520000 0.000000
vt 0.520167 1.000000
vt 0.520167 0.000000
vt 0.520333 1.000000
vt 0.520333 0.000000
vt 0.520500 1.000000
vt 0.520500 0.000000
vt 0.520667 1.000000
vt 0.520667 0.000000
vt 0.520833 1.000000
vt 0.520833 0.000000
vt 0.521000 1.000000
vt 0.521000 0.000000
vt 0.521167 1.000000
vt 0.521167 0.000000
vt 0.521333 1.000000
vt 0.521333 0.000000
vt 0.521500 1.000000
vt 0.521500 0.000000
vt 0.521667 1.000000
vt 0.521667 0.000000
vt 0.521833 1.000000
vt 0.521833 0.000000
vt 0.522000 1.000000
vt 0.522000 0.000000
vt 0.522167 1.000000
vt 0.522167 0.000000
vt 0.522333 1.000000
vt 0.522333 0.000000
vt 0.522500 1.000000
vt 0.522500 0.000000
vt 0.522667 1.000000
vt 0.522667 0.000000
vt 0.522833 1.000000
vt 0.522833 0.000000
vt 0.523000 1.000000
vt 0.523000 0.000000
vt 0.523167 1.000000
vt 0.523167 0.000000
vt 0.523333 1.000000
vt 0.523333 0.000000
vt 0.523500 1.000000
vt 0.523500 0.000000
vt 0.523667 1.000000
vt 0.523667 0.000000
vt 0.523833 1.000000
vt 0.523833 0.000000
vt 0.524000 1.000000
vt 0.524000 0.000000
vt 0.524167 1.000000
vt 0.524167 0.000000
vt 0.524333 1.000000
vt 0.524333 0.000000
vt 0.524500 1.000000
vt 0.524500 0.000000
vt 0.524667 1.000000
vt 0.524667 0.000000
vt 0.524833 1.000000
vt 0.524833 0.000000
vt 0.525000 1.000000
vt 0.525000 0.000000
vt 0.525167 1.000000
vt 0.525167 0.000000
vt 0.525333 1.000000
vt 0.525333 0.000000
vt 0.525500 1.000000
vt 0.525500 0.000000
vt 0.525667 1.000000
vt 0.525667 0.000000
vt 0.525833 1.000000
vt 0.525833 0.000000
vt 0.526000 1.000000
vt 0.526000 0.000000
vt 0.526167 1.000000
vt 0.526167 0.000000
vt 0.526333 1.000000
vt 0.526333 0.000000
vt 0.526500 1.000000
vt 0.526500 0.000000
vt 0.526667 1.000000
vt 0.526667 0.000000
vt 0.526833 1.000000
vt 0.526833 0.000000
vt 0.527000 1.000000
vt 0.527000 0.000000
vt 0.527167 1.000000
vt 0.527167 0.000000
vt 0.527333 1.000000
vt 0.527333 0.000000
vt 0.527500 1.000000
vt 0.527500 0.000000
vt 0.527667 1.000000
vt 0.527667 0.000000
vt 0.527833 1.000000
vt 0.527833 0.000000
vt 0.528000 1.000000
vt 0.528000 0.000000
vt 0.528167 1.000000
vt 0.528167 0.000000
vt 0.528333 1.000000
vt 0.528333 0.000000
vt 0.528500 1.000000
vt 0.528500 0.000000
vt 0.528667 1.000000
vt 0.528667 0.000000
vt 0.528833 1.000000
vt 0.528833 0.000000
vt 0.529000 1.000000
vt 0.529000 0.000000
vt 0.529167 1.000000
vt 0.529167 0.000000
vt 0.529333 1.000000
vt 0.529333 0.000000
vt 0.529500 1.000000
vt 0.529500 0.000000
vt 0.529667 1.000000
vt 0.529667 0.000000
vt 0.529833 1.000000
vt 0.529833 0.000000
vt 0.530000 1.000000
vt 0.530000 0.000000
vt 0.530167 1.000000
vt 0.530167 0.000000
vt 0.530333 1.000000
vt 0.530333 0.000000
vt 0.530500 1.000000
vt 0.530500 0.000000
vt 0.530667 1.000000
vt 0.530667 0.000000
vt 0.530833 1.000000
vt 0.530833 0.000000
vt 0.531000 1.000000
vt 0.531000 0.000000
vt 0.531167 1.000000
vt 0.531167 0.000000
vt 0.531333 1.000000
vt 0.531333 0.000000
vt 0.531500 1.000000
vt 0.531500 0.000000
vt 0.531667 1.000000
vt 0.531667 0.000000
vt 0.531833 1.000000
vt 0.531833 0.000000
vt 0.532000 1.000000
vt 0.532000 0.000000
vt 0.532167 1.000000
vt 0.532167 0.000000
vt 0.532333 1.000000
vt 0.532333 0.000000
vt 0.532500 1.000000
vt 0.532500 0.000000
vt 0.532667 1.000000
vt 0.532667 0.000000
vt 0.532833 1.000000
vt 0.532833 0.000000
vt 0.533000 1.000000
vt 0.533000 0.000000
vt 0.533167 1.000000
vt 0.533167 0.000000
vt 0.533333 1.000000
vt 0.533333 0.000000
vt 0.533500 1.000000
vt 0.533500 0.000000
vt 0.533667 1.000000
vt 0.533667 0.000000
vt 0.533833 1.000000
vt 0.533833 0.000000
vt 0.534000 1.000000
vt 0.534000 0.000000
vt 0.534167 1.000000
vt 0.534167 0.000000
vt 0.534333 1.000000
vt 0.534333 0.000000
vt 0.534500 1.000000
vt 0.534500 0.000000
vt 0.534667 1.000000
vt 0.534667 0.000000
vt 0.534833 1.000000
vt 0.534833 0.000000
vt 0.535000 1.000000
vt 0.535000 0.000000
vt 0.535167 1.000000
vt 0.535167 0.000000
vt 0.535333 1.000000
vt 0.535333 0.000000
vt 0.535500 1.000000
vt 0.535500 0.000000
vt 0.535667 1.000000
vt 0.535667 0.000000
vt 0.535833 1.000000
vt 0.535833 0.000000
vt 0.536000 1.000000
vt 0.536000 0.000000
vt 0.536167 1.000000
vt 0.536167 0.000000
vt 0.536333 1.000000
vt 0.536333 0.000000
vt 0.536500 1.000000
vt 0.536500 0.000000
vt 0.536667 1.000000
vt 0.536667 0.000000
vt 0.536833 1.000000
vt 0.536833 0.000000
vt 0.537000 1.000000
vt 0.537000 0.000000
vt 0.537167 1.000000
vt 0.537167 0.000000
vt 0.537333 1.000000
vt 0.537333 0.000000
vt 0.537500 1.000000
vt 0.537500 0.000000
vt 0.537667 1.000000
vt 0.537667 0.000000
vt 0.537833 1.000000
vt 0.537833 0.000000
vt 0.538000 1.000000
vt 0.538000 0.000000
vt 0.538167 1.000000
vt 0.538167 0.000000
vt 0.538333 1.000000
vt 0.538333 0.000000
vt 0.538500 1.000000
vt 0.538500 0.000000
vt 0.538667 1.000000
vt 0.538667 0.000000
vt 0.538833 1.000000
vt 0.538833 0.000000
vt 0.539000 1.000000
vt 0.539000 0.000000
vt 0.539167 1.000000
vt 0.539167 0.000000
vt 0.539333 1.000000
vt 0.539333 0.000000
vt 0.539500 1.000000
vt 0.539500 0.000000
vt 0.539667 1.000000
vt 0.539667 0.000000
vt 0.539833 1.000000
vt 0.539833 0.000000
vt 0.540000 1.000000
vt 0.540000 0.000000
vt 0.540167 1.000000
vt 0.540167 0.000000
vt 0.540333 1.000000
vt 0.540333 0.000000
vt 0.540500 1.000000
vt 0.540500 0.000000
vt 0.540667 1.000000
vt 0.540667 0.000000
vt 0.540833 1.000000
vt 0.540833 0.000000
vt 0.541000 1.000000
vt 0.541000 0.000000
vt 0.541167 1.000000
vt 0.541167 0.000000
vt 0.541333 1.000000
vt 0.541333 0.000000
vt 0.541500 1.000000
vt 0.541500 0.000000
vt 0.541667 1.000000
vt 0.541667 0.000000
vt 0.541833 1.000000
vt 0.541833 0.000000
vt 0.542000 1.000000
vt 0.542000 0.000000
vt 0.542167 1.000000
vt 0.542167 0.000000
vt 0.542333 1.000000
vt 0.542333 0.000000
vt 0.542500 1.000000
vt 0.542500 0.000000
vt 0.542667 1.000000
vt 0.542667 0.000000
vt 0.542833 1.000000
vt 0.542833 0.000000
vt 0.543000 1.000000
vt 0.543000 0.000000
vt 0.543167 1.000000
vt 0.543167 0.000000
vt 0.543333 1.000000
vt 0.543333 0.000000
vt 0.543500 1.000000
vt 0.543500 0.000000
vt 0.543667 1.000000
vt 0.543667 0.000000
vt 0.543833 1.000000
vt 0.543833 0.000000
vt 0.544000 1.000000
vt 0.544000 0.000000
vt 0.544167 1.000000
vt 0.544167 0.000000
vt 0.544333 1.000000
vt 0.544333 0.000000
vt 0.544500 1.000000
vt 0.544500 0.000000
vt 0.544667 1.000000
vt 0.544667 0.000000
vt 0.544833 1.000000
vt 0.544833 0.000000
vt 0.545000 1.000000
vt 0.545000 0.000000
vt 0.545167 1.000000
vt 0.545167 0.000000
vt 0.545333 1.000000
vt 0.545333 0.000000
vt 0.545500 1.000000
vt 0.545500 0.000000
vt 0.545667 1.000000
vt 0.545667 0.000000
vt 0.545833 1.000000
vt 0.545833 0.000000
vt 0.546000 1.000000
vt 0.546000 0.000000
vt 0.546167 1.000000
vt 0.546167 0.000000
vt 0.546333 1.000000
vt 0.546333 0.000000
vt 0.546500 1.000000
vt 0.546500 0.000000
vt 0.546667 1.000000
vt 0.546667 0.000000
vt 0.546833 1.000000
vt 0.546833 0.000000
vt 0.547000 1.000000
vt 0.547000 0.000000
vt 0.547167 1.000000
vt 0.547167 0.000000
vt 0.547333 1.000000
vt 0.547333 0.000000
vt 0.547500 1.000000
vt 0.547500 0.000000
vt 0.547667 1.000000
vt 0.547667 0.000000
vt 0.547833 1.000000
vt 0.547833 0.000000
vt 0.548000 1.000000
vt 0.548000 0.000000
vt 0.548167 1.000000
vt 0.548167 0.000000
vt 0.548333 1.000000
vt 0.548333 0.000000
vt 0.548500 1.000000
vt 0.548500 0.000000
vt 0.548667 1.000000
vt 0.548667 0.000000
vt 0.548833 1.000000
vt 0.548833 0.000000
vt 0.549000 1.000000
vt 0.549000 0.000000
vt 0.549167 1.000000
vt 0.549167 0.000000
vt 0.549333 1.000000
vt 0.549333 0.000000
vt 0.549500 1.000000
vt 0.549500 0.000000
vt 0.549667 1.000000
vt 0.549667 0.000000
vt 0.549833 1.000000
vt 0.549833 0.000000
vt 0.550000 1.000000
vt 0.550000 0.000000
vt 0.550167 1.000000
vt 0.550167 0.000000
vt 0.550333 1.000000
vt 0.550333 0.000000
vt 0.550500 1.000000
vt 0.550500 0.000000
vt 0.550667 1.000000
vt 0.550667 0.000000
vt 0.550833 1.000000
vt 0.550833 0.000000
vt 0.551000 1.000000
vt 0.551000 0.000000
vt 0.551167 1.000000
vt 0.551167 0.000000
vt 0.551333 1.000000
vt 0.551333 0.000000
vt 0.551500 1.000000
vt 0.551500 0.000000
vt 0.551667 1.000000
vt 0.551667 0.000000
vt 0.551833 1.000000
vt 0.551833 0.000000
vt 0.552000 1.000000
vt 0.552000 0.000000
vt 0.552167 1.000000
vt 0.552167 0.000000
vt 0.552333 1.000000
vt 0.552333 0.000000
vt 0.552500 1.000000
vt 0.552500 0.000000
vt 0.552667 1.000000
vt 0.552667 0.000000
vt 0.552833 1.000000
vt 0.552833 0.000000
vt 0.553000 1.000000
vt 0.553000 0.000000
vt 0.553167 1.000000
vt 0.553167 0.000000
vt 0.553333 1.000000
vt 0.553333 0.000000
vt 0.553500 1.000000
vt 0.553500 0.000000
vt 0.553667 1.000000
vt 0.553667 0.000000
vt 0.553833 1.000000
vt 0.553833 0.000000
vt 0.554000 1.000000
vt 0.554000 0.000000
vt 0.554167 1.000000
vt 0.554167 0.000000
vt 0.554333 1.000000
vt 0.554333 0.000000
vt 0.554500 1.000000
vt 0.554500 0.000000
vt 0.554667 1.000000
vt 0.554667 0.000000
vt 0.554833 1.000000
vt 0.554833 0.000000
vt 0.555000 1.000000
vt 0.555000 0.000000
vt 0.555167 1.000000
vt 0.555167 0.000000
vt 0.555333 1.000000
vt 0.555333 0.000000
vt 0.555500 1.000000
vt 0.555500 0.000000
vt 0.555667 1.000000
vt 0.555667 0.000000
vt 0.555833 1.000000
vt 0.555833 0.000000
vt 0.556000 1.000000
vt 0.556000 0.000000
vt 0.556167 1.000000
vt 0.556167 0.000000
vt 0.556333 1.000000
vt 0.556333 0.000000
vt 0.556500 1.000000
vt 0.556500 0.000000
vt 0.556667 1.000000
vt 0.556667 0.000000
vt 0.556833 1.000000
vt 0.556833 0.000000
vt 0.557000 1.000000
vt 0.557000 0.000000
vt 0.557167 1.000000
vt 0.557167 0.000000
vt 0.557333 1.000000
vt 0.557333 0.000000
vt 0.557500 1.000000
vt 0.557500 0.000000
vt 0.557667 1.000000
vt 0.557667 0.000000
vt 0.557833 1.000000
vt 0.557833 0.000000
vt 0.558000 1.000000
vt 0.558000 0.000000
vt 0.558167 1.000000
vt 0.558167 0.000000
vt 0.558333 1.000000
vt 0.558333 0.000000
vt 0.558500 1.000000
vt 0.558500 0.000000
vt 0.558667 1.000000
vt 0.558667 0.000000
vt 0.558833 1.000000
vt 0.558833 0.000000
vt 0.559000 1.000000
vt 0.559000 0.000000
vt 0.559167 1.000000
vt 0.559167 0.000000
vt 0.559333 1.000000
vt 0.559333 0.000000
vt 0.559500 1.000000
vt 0.559500 0.000000
vt 0.559667 1.000000
vt 0.559667 0.000000
vt 0.559833 1.000000
vt 0.559833 0.000000
vt 0.560000 1.000000
vt 0.560000 0.000000
vt 0.560167 1.000000
vt 0.560167 0.000000
vt 0.560333 1.000000
vt 0.560333 0.000000
vt 0.560500 1.000000
vt 0.560500 0.000000
vt 0.560667 1.000000
vt 0.560667 0.000000
vt 0.560833 1.000000
vt 0.560833 0.000000
vt 0.561000 1.000000
vt 0.561000 0.000000
vt 0.561167 1.000000
vt 0.561167 0.000000
vt 0.561333 1.000000
vt 0.561333 0.000000
vt 0.561500 1.000000
vt 0.561500 0.000000
vt 0.561667 1.000000
vt 0.561667 0.000000
vt 0.561833 1.000000
vt 0.561833 0.000000
vt 0.562000 1.000000
vt 0.562000 0.000000
vt 0.562167 1.000000
vt 0.562167 0.000000
vt 0.562333 1.000000
vt 0.562333 0.000000
vt 0.562500 1.000000
vt 0.562500 0.000000
vt 0.562667 1.000000
vt 0.562667 0.000000
vt 0.562833 1.000000
vt 0.562833 0.000000
vt 0.563000 1.000000
vt 0.563000 0.000000
vt 0.563167 1.000000
vt 0.563167 0.000000
vt 0.563333 1.000000
vt 0.563333 0.000000
vt 0.563500 1.000000
vt 0.563500 0.000000
vt 0.563667 1.000000
vt 0.563667 0.000000
vt 0.563833 1.000000
vt 0.563833 0.000000
vt 0.564000 1.000000
vt 0.564000 0.000000
vt 0.564167 1.000000
vt 0.564167 0.000000
vt 0.564333 1.000000
vt 0.564333 0.000000
vt 0.564500 1.000000
vt 0.564500 0.000000
vt 0.564667 1.000000
vt 0.564667 0.000000
vt 0.564833 1.000000
vt 0.564833 0.000000
vt 0.565000 1.000000
vt 0.565000 0.000000
vt 0.565167 1.000000
vt 0.565167 0.000000
vt 0.565333 1.000000
vt 0.565333 0.000000
vt 0.565500 1.000000
vt 0.565500 0.000000
vt 0.565667 1.000000
vt 0.565667 0.000000
vt 0.565833 1.000000
vt 0.565833 0.000000
vt 0.566000 1.000000
vt 0.566000 0.000000
vt 0.566167 1.000000
vt 0.566167 0.000000
vt 0.566333 1.000000
vt 0.566333 0.000000
vt 0.566500 1.000000
vt 0.566500 0.000000
vt 0.566667 1.000000
vt 0.566667 0.000000
vt 0.566833 1.000000
vt 0.566833 0.000000
vt 0.567000 1.000000
vt 0.567000 0.000000
vt 0.567167 1.000000
vt 0.567167 0.000000
vt 0.567333 1.000000
vt 0.567333 0.000000
vt 0.567500 1.000000
vt 0.567500 0.000000
vt 0.567667 1.000000
vt 0.567667 0.000000
vt 0.567833 1.000000
vt 0.567833 0.000000
vt 0.568000 1.000000
vt 0.568000 0.000000
vt 0.568167 1.000000
vt 0.568167 0.000000
vt 0.568333 1.000000
vt 0.568333 0.000000
vt 0.568500 1.000000
vt 0.568500 0.000000
vt 0.568667 1.000000
vt 0.568667 0.000000
vt 0.568833 1.000000
vt 0.568833 0.000000
vt 0.569000 1.000000
vt 0.569000 0.000000
vt 0.569167 1.000000
vt 0.569167 0.000000
vt 0.569333 1.000000
vt 0.569333 0.000000
vt 0.569500 1.000000
vt 0.569500 0.000000
vt 0.569667 1.000000
vt 0.569667 0.000000
vt 0.569833 1.000000
vt 0.569833 0.000000
vt 0.570000 1.000000
vt 0.570000 0.000000
vt 0.570167 1.000000
vt 0.570167 0.000000
vt 0.570333 1.000000
vt 0.570333 0.000000
vt 0.570500 1.000000
vt 0.570500 0.000000
vt 0.570667 1.000000
vt 0.570667 0.000000
vt 0.570833 1.000000
vt 0.570833 0.000000
vt 0.571000 1.000000
vt 0.571000 0.000000
vt 0.571167 1.000000
vt 0.571167 0.000000
vt 0.571333 1.000000
vt 0.571333 0.000000
vt 0.571500 1.000000
vt 0.571500 0.000000
vt 0.571667 1.000000
vt 0.571667 0.000000
vt 0.571833 1.000000
vt 0.571833 0.000000
vt 0.572000 1.000000
vt 0.572000 0.000000
vt 0.572167 1.000000
vt 0.572167 0.000000
vt 0.572333 1.000000
vt 0.572333 0.000000
vt 0.572500 1.000000
vt 0.572500 0.000000
vt 0.572667 1.000000
vt 0.572667 0.000000
vt 0.572833 1.000000
vt 0.572833 0.000000
vt 0.573000 1.000000
vt 0.573000 0.000000
vt 0.573167 1.000000
vt 0.573167 0.000000
vt 0.573333 1.000000
vt 0.573333 0.000000
vt 0.573500 1.000000
vt 0.573500 0.000000
vt 0.573667 1.000000
vt 0.573667 0.000000
vt 0.573833 1.000000
vt 0.573833 0.000000
vt 0.574000 1.000000
vt 0.574000 0.000000
vt 0.574167 1.000000
vt 0.574167 0.000000
vt 0.574333 1.000000
vt 0.574333 0.000000
vt 0.574500 1.000000
vt 0.574500 0.000000
vt 0.574667 1.000000
vt 0.574667 0.000000
vt 0.574833 1.000000
vt 0.574833 0.000000
vt 0.575000 1.000000
vt 0.575000 0.000000
vt 0.575167 1.000000
vt 0.575167 0.000000
vt 0.575333 1.000000
vt 0.575333 0.000000
vt 0.575500 1.000000
vt 0.575500 0.000000
vt 0.575667 1.000000
vt 0.575667 0.000000
vt 0.575833 1.000000
vt 0.575833 0.000000
vt 0.576000 1.000000
vt 0.576000 0.000000
vt 0.576167 1.000000
vt 0.576167 0.000000
vt 0.576333 1.000000
vt 0.576333 0.000000
vt 0.576500 1.000000
vt 0.576500 0.000000
vt 0.576667 1.000000
vt 0.576667 0.000000
vt 0.576833 1.000000
vt 0.576833 0.000000
vt 0.577000 1.000000
vt 0.577000 0.000000
vt 0.577167 1.000000
vt 0.577167 0.000000
vt 0.577333 1.000000
vt 0.577333 0.000000
vt 0.577500 1.000000
vt 0.577500 0.000000
vt 0.577667 1.000000
vt 0.577667 0.000000
vt 0.577833 1.000000
vt 0.577833 0.000000
vt 0.578000 1.000000
vt 0.578000 0.000000
vt 0.578167 1.000000
vt 0.578167 0.000000
vt 0.578333 1.000000
vt 0.578333 0.000000
vt 0.578500 1.000000
vt 0.578500 0.000000
vt 0.578667 1.000000
vt 0.578667 0.000000
vt 0.578833 1.000000
vt 0.578833 0.000000
vt 0.579000 1.000000
vt 0.579000 0.000000
vt 0.579167 1.000000
vt 0.579167 0.000000
vt 0.579333 1.000000
vt 0.579333 0.000000
vt 0.579500 1.000000
vt 0.579500 0.000000
vt 0.579667 1.000000
vt 0.579667 0.000000
vt 0.579833 1.000000
vt 0.579833 0.000000
vt 0.580000 1.000000
vt 0.580000 0.000000
vt 0.580167 1.000000
vt 0.580167 0.000000
vt 0.580333 1.000000
vt 0.580333 0.000000
vt 0.580500 1.000000
vt 0.580500 0.000000
vt 0.580667 1.000000
vt 0.580667 0.000000
vt 0.580833 1.000000
vt 0.580833 0.000000
vt 0.581000 1.000000
vt 0.581000 0.000000
vt 0.581167 1.000000
vt 0.581167 0.000000
vt 0.581333 1.000000
vt 0.581333 0.000000
vt 0.581500 1.000000
vt 0.581500 0.000000
vt 0.581667 1.000000
vt 0.581667 0.000000
vt 0.581833 1.000000
vt 0.581833 0.000000
vt 0.582000 1.000000
vt 0.582000 0.000000
vt 0.582167 1.000000
vt 0.582167 0.000000
vt 0.582333 1.000000
vt 0.582333 0.000000
vt 0.582500 1.000000
vt 0.582500 0.000000
vt 0.582667 1.000000
vt 0.582667 0.000000
vt 0.582833 1.000000
vt 0.582833 0.000000
vt 0.583000 1.000000
vt 0.583000 0.000000
vt 0.583167 1.000000
vt 0.583167 0.000000
vt 0.583333 1.000000
vt 0.583333 0.000000
vt 0.583500 1.000000
vt 0.583500 0.000000
vt 0.583667 1.000000
vt 0.583667 0.000000
vt 0.583833 1.000000
vt 0.583833 0.000000
vt 0.584000 1.000000
vt 0.584000 0.000000
vt 0.584167 1.000000
vt 0.584167 0.000000
vt 0.584333 1.000000
vt 0.584333 0.000000
vt 0.584500 1.000000
vt 0.584500 0.000000
vt 0.584667 1.000000
vt 0.584667 0.000000
vt 0.584833 1.000000
vt 0.584833 0.000000
vt 0.585000 1.000000
vt 0.585000 0.000000
vt 0.585167 1.000000
vt 0.585167 0.000000
vt 0.585333 1.000000
vt 0.585333 0.000000
vt 0.585500 1.000000
vt 0.585500 0.000000
vt 0.585667 1.000000
vt 0.585667 0.000000
vt 0.585833 1.000000
vt 0.585833 0.000000
vt 0.586000 1.000000
vt 0.586000 0.000000
vt 0.586167 1.000000
vt 0.586167 0.000000
vt 0.586333 1.000000
vt 0.586333 0.000000
vt 0.586500 1.000000
vt 0.586500 0.000000
vt 0.586667 1.000000
vt 0.586667 0.000000
vt 0.586833 1.000000
vt 0.586833 0.000000
vt 0.587000 1.000000
vt 0.587000 0.000000
vt 0.587167 1.000000
vt 0.587167 0.000000
vt 0.587333 1.000000
vt 0.587333 0.000000
vt 0.587500 1.000000
vt 0.587500 0.000000
vt 0.587667 1.000000
vt 0.587667 0.000000
vt 0.587833 1.000000
vt 0.587833 0.000000
vt 0.588000 1.000000
vt 0.588000 0.000000
vt 0.588167 1.000000
vt 0.588167 0.000000
vt 0.588333 1.000000
vt 0.588333 0.000000
vt 0.588500 1.000000
vt 0.588500 0.000000
vt 0.588667 1.000000
vt 0.588667 0.000000
vt 0.588833 1.000000
vt 0.588833 0.000000
vt 0.589000 1.000000
vt 0.589000 0.000000
vt 0.589167 1.000000
vt 0.589167 0.000000
vt 0.589333 1.000000
vt 0.589333 0.000000
vt 0.589500 1.000000
vt 0.589500 0.000000
vt 0.589667 1.000000
vt 0.589667 0.000000
vt 0.589833 1.000000
vt 0.589833 0.000000
vt 0.590000 1.000000
vt 0.590000 0.000000
vt 0.590167 1.000000
vt 0.590167 0.000000
vt 0.590333 1.000000
vt 0.590333 0.000000
vt 0.590500 1.000000
vt 0.590500 0.000000
vt 0.590667 1.000000
vt 0.590667 0.000000
vt 0.590833 1.000000
vt 0.590833 0.000000
vt 0.591000 1.000000
vt 0.591000 0.000000
vt 0.591167 1.000000
vt 0.591167 0.000000
vt 0.591333 1.000000
vt 0.591333 0.000000
vt 0.591500 1.000000
vt 0.591500 0.000000
vt 0.591667 1.000000
vt 0.591667 0.000000
vt 0.591833 1.000000
vt 0.591833 0.000000
vt 0.592000 1.000000
vt 0.592000 0.000000
vt 0.592167 1.000000
vt 0.592167 0.000000
vt 0.592333 1.000000
vt 0.592333 0.000000
vt 0.592500 1.000000
vt 0.592500 0.000000
vt 0.592667 1.000000
vt 0.592667 0.000000
vt 0.592833 1.000000
vt 0.592833 0.000000
vt 0.593000 1.000000
vt 0.593000 0.000000
vt 0.593167 1.000000
vt 0.593167 0.000000
vt 0.593333 1.000000
vt 0.593333 0.000000
vt 0.593500 1.000000
vt 0.593500 0.000000
vt 0.593667 1.000000
vt 0.593667 0.000000
vt 0.593833 1.000000
vt 0.593833 0.000000
vt 0.594000 1.000000
vt 0.594000 0.000000
vt 0.594167 1.000000
vt 0.594167 0.000000
vt 0.594333 1.000000
vt 0.594333 0.000000
vt 0.594500 1.000000
vt 0.594500 0.000000
vt 0.594667 1.000000
vt 0.594667 0.000000
vt 0.594833 1.000000
vt 0.594833 0.000000
vt 0.595000 1.000000
vt 0.595000 0.000000
vt 0.595167 1.000000
vt 0.595167 0.000000
vt 0.595333 1.000000
vt 0.595333 0.000000
vt 0.595500 1.000000
vt 0.595500 0.000000
vt 0.595667 1.000000
vt 0.595667 0.000000
vt 0.595833 1.000000
vt 0.595833 0.000000
vt 0.596000 1.000000
vt 0.596000 0.000000
vt 0.596167 1.000000
vt 0.596167 0.000000
vt 0.596333 1.000000
vt 0.596333 0.000000
vt 0.596500 1.000000
vt 0.596500 0.000000
vt 0.596667 1.000000
vt 0.596667 0.000000
vt 0.596833 1.000000
vt 0.596833 0.000000
vt 0.597000 1.000000
vt 0.597000 0.000000
vt 0.597167 1.000000
vt 0.597167 0.000000
vt 0.597333 1.000000
vt 0.597333 0.000000
vt 0.597500 1.000000
vt 0.597500 0.000000
vt 0.597667 1.000000
vt 0.597667 0.000000
vt 0.597833 1.000000
vt 0.597833 0.000000
vt 0.598000 1.000000
vt 0.598000 0.000000
vt 0.598167 1.000000
vt 0.598167 0.000000
vt 0.598333 1.000000
vt 0.598333 0.000000
vt 0.598500 1.000000
vt 0.598500 0.000000
vt 0.598667 1.000000
vt 0.598667 0.000000
vt 0.598833 1.000000
vt 0.598833 0.000000
vt 0.599000 1.000000
vt 0.599000 0.000000
vt 0.599167 1.000000
vt 0.599167 0.000000
vt 0.599333 1.000000
vt 0.599333 0.000000
vt 0.599500 1.000000
vt 0.599500 0.000000
vt 0.599667 1.000000
vt 0.599667 0.000000
vt 0.599833 1.000000
vt 0.599833 0.000000
vt 0.600000 1.000000
vt 0.600000 0.000000
vt 0.600167 1.000000
vt 0.600167 0.000000
vt 0.600333 1.000000
vt 0.600333 0.000000
vt 0.600500 1.000000
vt 0.600500 0.000000
vt 0.600667 1.000000
vt 0.600667 0.000000
vt 0.600833 1.000000
vt 0.600833 0.000000
vt 0.601000 1.000000
vt 0.601000 0.000000
vt 0.601167 1.000000
vt 0.601167 0.000000
vt 0.601333 1.000000
vt 0.601333 0.000000
vt 0.601500 1.000000
vt 0.601500 0.000000
vt 0.601667 1.000000
vt 0.601667 0.000000
vt 0.601833 1.000000
vt 0.601833 0.000000
vt 0.602000 1.000000
vt 0.602000 0.000000
vt 0.602167 1.000000
vt 0.602167 0.000000
vt 0.602333 1.000000
vt 0.602333 0.000000
vt 0.602500 1.000000
vt 0.602500 0.000000
vt 0.602667 1.000000
vt 0.602667 0.000000
vt 0.602833 1.000000
vt 0.602833 0.000000
vt 0.603000 1.000000
vt 0.603000 0.000000
vt 0.603167 1.000000
vt 0.603167 0.000000
vt 0.603333 1.000000
vt 0.603333 0.000000
vt 0.603500 1.000000
vt 0.603500 0.000000
vt 0.603667 1.000000
vt 0.603667 0.000000
vt 0.603833 1.000000
vt 0.603833 0.000000
vt 0.604000 1.000000
vt 0.604000 0.000000
vt 0.604167 1.000000
vt 0.604167 0.000000
vt 0.604333 1.000000
vt 0.604333 0.000000
vt 0.604500 1.000000
vt 0.604500 0.000000
vt 0.604667 1.000000
vt 0.604667 0.000000
vt 0.604833 1.000000
vt 0.604833 0.000000
vt 0.605000 1.000000
vt 0.605000 0.000000
vt 0.605167 1.000000
vt 0.605167 0.000000
vt 0.605333 1.000000
vt 0.605333 0.000000
vt 0.605500 1.000000
vt 0.605500 0.000000
vt 0.605667 1.000000
vt 0.605667 0.000000
vt 0.605833 1.000000
vt 0.605833 0.000000
vt 0.606000 1.000000
vt 0.606000 0.000000
vt 0.606167 1.000000
vt 0.606167 0.000000
vt 0.606333 1.000000
vt 0.606333 0.000000
vt 0.606500 1.000000
vt 0.606500 0.000000
vt 0.606667 1.000000
vt 0.606667 0.000000
vt 0.606833 1.000000
vt 0.606833 0.000000
vt 0.607000 1.000000
vt 0.607000 0.000000
vt 0.607167 1.000000
vt 0.607167 0.000000
vt 0.607333 1.000000
vt 0.607333 0.000000
vt 0.607500 1.000000
vt 0.607500 0.000000
vt 0.607667 1.000000
vt 0.607667 0.000000
vt 0.607833 1.000000
vt 0.607833 0.000000
vt 0.608000 1.000000
vt 0.608000 0.000000
vt 0.608167 1.000000
vt 0.608167 0.000000
vt 0.608333 1.000000
vt 0.608333 0.000000
vt 0.608500 1.000000
vt 0.608500 0.000000
vt 0.608667 1.000000
vt 0.608667 0.000000
vt 0.608833 1.000000
vt 0.608833 0.000000
vt 0.609000 1.000000
vt 0.609000 0.000000
vt 0.609167 1.000000
vt 0.609167 0.000000
vt 0.609333 1.000000
vt 0.609333 0.000000
vt 0.609500 1.000000
vt 0.609500 0.000000
vt 0.609667 1.000000
vt 0.609667 0.000000
vt 0.609833 1.000000
vt 0.609833 0.000000
vt 0.610000 1.000000
vt 0.610000 0.000000
vt 0.610167 1.000000
vt 0.610167 0.000000
vt 0.610333 1.000000
vt 0.610333 0.000000
vt 0.610500 1.000000
vt 0.610500 0.000000
vt 0.610667 1.000000
vt 0.610667 0.000000
vt 0.610833 1.000000
vt 0.610833 0.000000
vt 0.611000 1.000000
vt 0.611000 0.000000
vt 0.611167 1.000000
vt 0.611167 0.000000
vt 0.611333 1.000000
vt 0.611333 0.000000
vt 0.611500 1.000000
vt 0.611500 0.000000
vt 0.611667 1.000000
vt 0.611667 0.000000
vt 0.611833 1.000000
vt 0.611833 0.000000
vt 0.612000 1.000000
vt 0.612000 0.000000
vt 0.612167 1.000000
vt 0.612167 0.000000
vt 0.612333 1.000000
vt 0.612333 0.000000
vt 0.612500 1.000000
vt 0.612500 0.000000
vt 0.612667 1.000000
vt 0.612667 0.000000
vt 0.612833 1.000000
vt 0.612833 0.000000
vt 0.613000 1.000000
vt 0.613000 0.000000
vt 0.613167 1.000000
vt 0.613167 0.000000
vt 0.613333 1.000000
vt 0.613333 0.000000
vt 0.613500 1.000000
vt 0.613500 0.000000
vt 0.613667 1.000000
vt 0.613667 0.000000
vt 0.613833 1.000000
vt 0.613833 0.000000
vt 0.614000 1.000000
vt 0.614000 0.000000
vt 0.614167 1.000000
vt 0.614167 0.000000
vt 0.614333 1.000000
vt 0.614333 0.000000
vt 0.614500 1.000000
vt 0.614500 0.000000
vt 0.614667 1.000000
vt 0.614667 0.000000
vt 0.614833 1.000000
vt 0.614833 0.000000
vt 0.615000 1.000000
vt 0.615000 0.000000
vt 0.615167 1.000000
vt 0.615167 0.000000
vt 0.615333 1.000000
vt 0.615333 0.000000
vt 0.615500 1.000000
vt 0.615500 0.000000
vt 0.615667 1.000000
vt 0.615667 0.000000
vt 0.615833 1.000000
vt 0.615833 0.000000
vt 0.616000 1.000000
vt 0.616000 0.000000
vt 0.616167 1.000000
vt 0.616167 0.000000
vt 0.616333 1.000000
vt 0.616333 0.000000
vt 0.616500 1.000000
vt 0.616500 0.000000
vt 0.616667 1.000000
vt 0.616667 0.000000
vt 0.616833 1.000000
vt 0.616833 0.000000
vt 0.617000 1.000000
vt 0.617000 0.000000
vt 0.617167 1.000000
vt 0.617167 0.000000
vt 0.617333 1.000000
vt 0.617333 0.000000
vt 0.617500 1.000000
vt 0.617500 0.000000
vt 0.617667 1.000000
vt 0.617667 0.000000
vt 0.617833 1.000000
vt 0.617833 0.000000
vt 0.618000 1.000000
vt 0.618000 0.000000
vt 0.618167 1.000000
vt 0.618167 0.000000
vt 0.618333 1.000000
vt 0.618333 0.000000
vt 0.618500 1.000000
vt 0.618500 0.000000
vt 0.618667 1.000000
vt 0.618667 0.000000
vt 0.618833 1.000000
vt 0.618833 0.000000
vt 0.619000 1.000000
vt 0.619000 0.000000
vt 0.619167 1.000000
vt 0.619167 0.000000
vt 0.619333 1.000000
vt 0.619333 0.000000
vt 0.619500 1.000000
vt 0.619500 0.000000
vt 0.619667 1.000000
vt 0.619667 0.000000
vt 0.619833 1.000000
vt 0.619833 0.000000
vt 0.620000 1.000000
vt 0.620000 0.000000
vt 0.620167 1.000000
vt 0.620167 0.000000
vt 0.620333 1.000000
vt 0.620333 0.000000
vt 0.620500 1.000000
vt 0.620500 0.000000
vt 0.620667 1.000000
vt 0.620667 0.000000
vt 0.620833 1.000000
vt 0.620833 0.000000
vt 0.621000 1.000000
vt 0.621000 0.000000
vt 0.621167 1.000000
vt 0.621167 0.000000
vt 0.621333 1.000000
vt 0.621333 0.000000
vt 0.621500 1.000000
vt 0.621500 0.000000
vt 0.621667 1.000000
vt 0.621667 0.000000
vt 0.621833 1.000000
vt 0.621833 0.000000
vt 0.622000 1.000000
vt 0.622000 0.000000
vt 0.622167 1.000000
vt 0.622167 0.000000
vt 0.622333 1.000000
vt 0.622333 0.000000
vt 0.622500 1.000000
vt 0.622500 0.000000
vt 0.622667 1.000000
vt 0.622667 0.000000
vt 0.622833 1.000000
vt 0.622833 0.000000
vt 0.623000 1.000000
vt 0.623000 0.000000
vt 0.623167 1.000000
vt 0.623167 0.000000
vt 0.623333 1.000000
vt 0.623333 0.000000
vt 0.623500 1.000000
vt 0.623500 0.000000
vt 0.623667 1.000000
vt 0.623667 0.000000
vt 0.623833 1.000000
vt 0.623833 0.000000
vt 0.624000 1.000000
vt 0.624000 0.000000
vt 0.624167 1.000000
vt 0.624167 0.000000
vt 0.624333 1.000000
vt 0.624333 0.000000
vt 0.624500 1.000000
vt 0.624500 0.000000
vt 0.624667 1.000000
vt 0.624667 0.000000
vt 0.624833 1.000000
vt 0.624833 0.000000
vt 0.625000 1.000000
vt 0.625000 0.000000
vt 0.625167 1.000000
vt 0.625167 0.000000
vt 0.625333 1.000000
vt 0.625333 0.000000
vt 0.625500 1.000000
vt 0.625500 0.000000
vt 0.625667 1.000000
vt 0.625667 0.000000
vt 0.625833 1.000000
vt 0.625833 0.000000
vt 0.626000 1.000000
vt 0.626000 0.000000
vt 0.626167 1.000000
vt 0.626167 0.000000
vt 0.626333 1.000000
vt 0.626333 0.000000
vt 0.626500 1.000000
vt 0.626500 0.000000
vt 0.626667 1.000000
vt 0.626667 0.000000
vt 0.626833 1.000000
vt 0.626833 0.000000
vt 0.627000 1.000000
vt 0.627000 0.000000
vt 0.627167 1.000000
vt 0.627167 0.000000
vt 0.627333 1.000000
vt 0.627333 0.000000
vt 0.627500 1.000000
vt 0.627500 0.000000
vt 0.627667 1.000000
vt 0.627667 0.000000
vt 0.627833 1.000000
vt 0.627833 0.000000
vt 0.628000 1.000000
vt 0.628000 0.000000
vt 0.628167 1.000000
vt 0.628167 0.000000
vt 0.628333 1.000000
vt 0.628333 0.000000
vt 0.628500 1.000000
vt 0.628500 0.000000
vt 0.628667 1.000000
vt 0.628667 0.000000
vt 0.628833 1.000000
vt 0.628833 0.000000
vt 0.629000 1.000000
vt 0.629000 0.000000
vt 0.629167 1.000000
vt 0.629167 0.000000
vt 0.629333 1.000000
vt 0.629333 0.000000
vt 0.629500 1.000000
vt 0.629500 0.000000
vt 0.629667 1.000000
vt 0.629667 0.000000
vt 0.629833 1.000000
vt 0.629833 0.000000
vt 0.630000 1.000000
vt 0.630000 0.000000
vt 0.630167 1.000000
vt 0.630167 0.000000
vt 0.630333 1.000000
vt 0.630333 0.000000
vt 0.630500 1.000000
vt 0.630500 0.000000
vt 0.630667 1.000000
vt 0.630667 0.000000
vt 0.630833 1.000000
vt 0.630833 0.000000
vt 0.631000 1.000000
vt 0.631000 0.000000
vt 0.631167 1.000000
vt 0.631167 0.000000
vt 0.631333 1.000000
vt 0.631333 0.000000
vt 0.631500 1.000000
vt 0.631500 0.000000
vt 0.631667 1.000000
vt 0.631667 0.000000
vt 0.631833 1.000000
vt 0.631833 0.000000
vt 0.632000 1.000000
vt 0.632000 0.000000
vt 0.632167 1.000000
vt 0.632167 0.000000
vt 0.632333 1.000000
vt 0.632333 0.000000
vt 0.632500 1.000000
vt 0.632500 0.000000
vt 0.632667 1.000000
vt 0.632667 0.000000
vt 0.632833 1.000000
vt 0.632833 0.000000
vt 0.633000 1.000000
vt 0.633000 0.000000
vt 0.633167 1.000000
vt 0.633167 0.000000
vt 0.633333 1.000000
vt 0.633333 0.000000
vt 0.633500 1.000000
vt 0.633500 0.000000
vt 0.633667 1.000000
vt 0.633667 0.000000
vt 0.633833 1.000000
vt 0.633833 0.000000
vt 0.634000 1.000000
vt 0.634000 0.000000
vt 0.634167 1.000000
vt 0.634167 0.000000
vt 0.634333 1.000000
vt 0.634333 0.000000
vt 0.634500 1.000000
vt 0.634500 0.000000
vt 0.634667 1.000000
vt 0.634667 0.000000
vt 0.634833 1.000000
vt 0.634833 0.000000
vt 0.635000 1.000000
vt 0.635000 0.000000
vt 0.635167 1.000000
vt 0.635167 0.000000
vt 0.635333 1.000000
vt 0.635333 0.000000
vt 0.635500 1.000000
vt 0.635500 0.000000
vt 0.635667 1.000000
vt 0.635667 0.000000
vt 0.635833 1.000000
vt 0.635833 0.000000
vt 0.636000 1.000000
vt 0.636000 0.000000
vt 0.636167 1.000000
vt 0.636167 0.000000
vt 0.636333 1.000000
vt 0.636333 0.000000
vt 0.636500 1.000000
vt 0.636500 0.000000
vt 0.636667 1.000000
vt 0.636667 0.000000
vt 0.636833 1.000000
vt 0.636833 0.000000
vt 0.637000 1.000000
vt 0.637000 0.000000
vt 0.637167 1.000000
vt 0.637167 0.000000
vt 0.637333 1.000000
vt 0.637333 0.000000
vt 0.637500 1.000000
vt 0.637500 0.000000
vt 0.637667 1.000000
vt 0.637667 0.000000
vt 0.637833 1.000000
vt 0.637833 0.000000
vt 0.638000 1.000000
vt 0.638000 0.000000
vt 0.638167 1.000000
vt 0.638167 0.000000
vt 0.638333 1.000000
vt 0.638333 0.000000
vt 0.638500 1.000000
vt 0.638500 0.000000
vt 0.638667 1.000000
vt 0.638667 0.000000
vt 0.638833 1.000000
vt 0.638833 0.000000
vt 0.639000 1.000000
vt 0.639000 0.000000
vt 0.639167 1.000000
vt 0.639167 0.000000
vt 0.639333 1.000000
vt 0.639333 0.000000
vt 0.639500 1.000000
vt 0.639500 0.000000
vt 0.639667 1.000000
vt 0.639667 0.000000
vt 0.639833 1.000000
vt 0.639833 0.000000
vt 0.640000 1.000000
vt 0.640000 0.000000
vt 0.640167 1.000000
vt 0.640167 0.000000
vt 0.640333 1.000000
vt 0.640333 0.000000
vt 0.640500 1.000000
vt 0.640500 0.000000
vt 0.640667 1.000000
vt 0.640667 0.000000
vt 0.640833 1.000000
vt 0.640833 0.000000
vt 0.641000 1.000000
vt 0.641000 0.000000
vt 0.641167 1.000000
vt 0.641167 0.000000
vt 0.641333 1.000000
vt 0.641333 0.000000
vt 0.641500 1.000000
vt 0.641500 0.000000
vt 0.641667 1.000000
vt 0.641667 0.000000
vt 0.641833 1.000000
vt 0.641833 0.000000
vt 0.642000 1.000000
vt 0.642000 0.000000
vt 0.642167 1.000000
vt 0.642167 0.000000
vt 0.642333 1.000000
vt 0.642333 0.000000
vt 0.642500 1.000000
vt 0.642500 0.000000
vt 0.642667 1.000000
vt 0.642667 0.000000
vt 0.642833 1.000000
vt 0.642833 0.000000
vt 0.643000 1.000000
vt 0.643000 0.000000
vt 0.643167 1.000000
vt 0.643167 0.000000
vt 0.643333 1.000000
vt 0.643333 0.000000
vt 0.643500 1.000000
vt 0.643500 0.000000
vt 0.643667 1.000000
vt 0.643667 0.000000
vt 0.643833 1.000000
vt 0.643833 0.000000
vt 0.644000 1.000000
vt 0.644000 0.000000
vt 0.644167 1.000000
vt 0.644167 0.000000
vt 0.644333 1.000000
vt 0.644333 0.000000
vt 0.644500 1.000000
vt 0.644500 0.000000
vt 0.644667 1.000000
vt 0.644667 0.000000
vt 0.644833 1.000000
vt 0.644833 0.000000
vt 0.645000 1.000000
vt 0.645000 0.000000
vt 0.645167 1.000000
vt 0.645167 0.000000
vt 0.645333 1.000000
vt 0.645333 0.000000
vt 0.645500 1.000000
vt 0.645500 0.000000
vt 0.645667 1.000000
vt 0.645667 0.000000
vt 0.645833 1.000000
vt 0.645833 0.000000
vt 0.646000 1.000000
vt 0.646000 0.000000
vt 0.646167 1.000000
vt 0.646167 0.000000
vt 0.646333 1.000000
vt 0.646333 0.000000
vt 0.646500 1.000000
vt 0.646500 0.000000
vt 0.646667 1.000000
vt 0.646667 0.000000
vt 0.646833 1.000000
vt 0.646833 0.000000
vt 0.647000 1.000000
vt 0.647000 0.000000
vt 0.647167 1.000000
vt 0.647167 0.000000
vt 0.647333 1.000000
vt 0.647333 0.000000
vt 0.647500 1.000000
vt 0.647500 0.000000
vt 0.647667 1.000000
vt 0.647667 0.000000
vt 0.647833 1.000000
vt 0.647833 0.000000
vt 0.648000 1.000000
vt 0.648000 0.000000
vt 0.648167 1.000000
vt 0.648167 0.000000
vt 0.648333 1.000000
vt 0.648333 0.000000
vt 0.648500 1.000000
vt 0.648500 0.000000
vt 0.648667 1.000000
vt 0.648667 0.000000
vt 0.648833 1.000000
vt 0.648833 0.000000
vt 0.649000 1.000000
vt 0.649000 0.000000
vt 0.649167 1.000000
vt 0.649167 0.000000
vt 0.649333 1.000000
vt 0.649333 0.000000
vt 0.649500 1.000000
vt 0.649500 0.000000
vt 0.649667 1.000000
vt 0.649667 0.000000
vt 0.649833 1.000000
vt 0.649833 0.000000
vt 0.650000 1.000000
vt 0.650000 0.000000
vt 0.650167 1.000000
vt 0.650167 0.000000
vt 0.650333 1.000000
vt 0.650333 0.000000
vt 0.650500 1.000000
vt 0.650500 0.000000
vt 0.650667 1.000000
vt 0.650667 0.000000
vt 0.650833 1.000000
vt 0.650833 0.000000
vt 0.651000 1.000000
vt 0.651000 0.000000
vt 0.651167 1.000000
vt 0.651167 0.000000
vt 0.651333 1.000000
vt 0.651333 0.000000
vt 0.651500 1.000000
vt 0.651500 0.000000
vt 0.651667 1.000000
vt 0.651667 0.000000
vt 0.651833 1.000000
vt 0.651833 0.000000
vt 0.652000 1.000000
vt 0.652000 0.000000
vt 0.652167 1.000000
vt 0.652167 0.000000
vt 0.652333 1.000000
vt 0.652333 0.000000
vt 0.652500 1.000000
vt 0.652500 0.000000
vt 0.652667 1.000000
vt 0.652667 0.000000
vt 0.652833 1.000000
vt 0.652833 0.000000
vt 0.653000 1.000000
vt 0.653000 0.000000
vt 0.653167 1.000000
vt 0.653167 0.000000
vt 0.653333 1.000000
vt 0.653333 0.000000
vt 0.653500 1.000000
vt 0.653500 0.000000
vt 0.653667 1.000000
vt 0.653667 0.000000
vt 0.653833 1.000000
vt 0.653833 0.000000
vt 0.654000 1.000000
vt 0.654000 0.000000
vt 0.654167 1.000000
vt 0.654167 0.000000
vt 0.654333 1.000000
vt 0.654333 0.000000
vt 0.654500 1.000000
vt 0.654500 0.000000
vt 0.654667 1.000000
vt 0.654667 0.000000
vt 0.654833 1.000000
vt 0.654833 0.000000
vt 0.655000 1.000000
vt 0.655000 0.000000
vt 0.655167 1.000000
vt 0.655167 0.000000
vt 0.655333 1.000000
vt 0.655333 0.000000
vt 0.655500 1.000000
vt 0.655500 0.000000
vt 0.655667 1.000000
vt 0.655667 0.000000
vt 0.655833 1.000000
vt 0.655833 0.000000
vt 0.656000 1.000000
vt 0.656000 0.000000
vt 0.656167 1.000000
vt 0.656167 0.000000
vt 0.656333 1.000000
vt 0.656333 0.000000
vt 0.656500 1.000000
vt 0.656500 0.000000
vt 0.656667 1.000000
vt 0.656667 0.000000
vt 0.656833 1.000000
vt 0.656833 0.000000
vt 0.657000 1.000000
vt 0.657000 0.000000
vt 0.657167 1.000000
vt 0.657167 0.000000
vt 0.657333 1.000000
vt 0.657333 0.000000
vt 0.657500 1.000000
vt 0.657500 0.000000
vt 0.657667 1.000000
vt 0.657667 0.000000
vt 0.657833 1.000000
vt 0.657833 0.000000
vt 0.658000 1.000000
vt 0.658000 0.000000
vt 0.658167 1.000000
vt 0.658167 0.000000
vt 0.658333 1.000000
vt 0.658333 0.000000
vt 0.658500 1.000000
vt 0.658500 0.000000
vt 0.658667 1.000000
vt 0.658667 0.000000
vt 0.658833 1.000000
vt 0.658833 0.000000
vt 0.659000 1.000000
vt 0.659000 0.000000
vt 0.659167 1.000000
vt 0.659167 0.000000
vt 0.659333 1.000000
vt 0.659333 0.000000
vt 0.659500 1.000000
vt 0.659500 0.000000
vt 0.659667 1.000000
vt 0.659667 0.000000
vt 0.659833 1.000000
vt 0.659833 0.000000
vt 0.660000 1.000000
vt 0.660000 0.000000
vt 0.660167 1.000000
vt 0.660167 0.000000
vt 0.660333 1.000000
vt 0.660333 0.000000
vt 0.660500 1.000000
vt 0.660500 0.000000
vt 0.660667 1.000000
vt 0.660667 0.000000
vt 0.660833 1.000000
vt 0.660833 0.000000
vt 0.661000 1.000000
vt 0.661000 0.000000
vt 0.661167 1.000000
vt 0.661167 0.000000
vt 0.661333 1.000000
vt 0.661333 0.000000
vt 0.661500 1.000000
vt 0.661500 0.000000
vt 0.661667 1.000000
vt 0.661667 0.000000
vt 0.661833 1.000000
vt 0.661833 0.000000
vt 0.662000 1.000000
vt 0.662000 0.000000
vt 0.662167 1.000000
vt 0.662167 0.000000
vt 0.662333 1.000000
vt 0.662333 0.000000
vt 0.662500 1.000000
vt 0.662500 0.000000
vt 0.662667 1.000000
vt 0.662667 0.000000
vt 0.662833 1.000000
vt 0.662833 0.000000
vt 0.663000 1.000000
vt 0.663000 0.000000
vt 0.663167 1.000000
vt 0.663167 0.000000
vt 0.663333 1.000000
vt 0.663333 0.000000
vt 0.663500 1.000000
vt 0.663500 0.000000
vt 0.663667 1.000000
vt 0.663667 0.000000
vt 0.663833 1.000000
vt 0.663833 0.000000
vt 0.664000 1.000000
vt 0.664000 0.000000
vt 0.664167 1.000000
vt 0.664167 0.000000
vt 0.664333 1.000000
vt 0.664333 0.000000
vt 0.664500 1.000000
vt 0.664500 0.000000
vt 0.664667 1.000000
vt 0.664667 0.000000
vt 0.664833 1.000000
vt 0.664833 0.000000
vt 0.665000 1.000000
vt 0.665000 0.000000
vt 0.665167 1.000000
vt 0.665167 0.000000
vt 0.665333 1.000000
vt 0.665333 0.000000
vt 0.665500 1.000000
vt 0.665500 0.000000
vt 0.665667 1.000000
vt 0.665667 0.000000
vt 0.665833 1.000000
vt 0.665833 0.000000
vt 0.666000 1.000000
vt 0.666000 0.000000
vt 0.666167 1.000000
vt 0.666167 0.000000
vt 0.666333 1.000000
vt 0.666333 0.000000
vt 0.666500 1.000000
vt 0.666500 0.000000
vt 0.666667 1.000000
vt 0.666667 0.000000
vt 0.666833 1.000000
vt 0.666833 0.000000
vt 0.667000 1.000000
vt 0.667000 0.000000
vt 0.667167 1.000000
vt 0.667167 0.000000
vt 0.667333 1.000000
vt 0.667333 0.000000
vt 0.667500 1.000000
vt 0.667500 0.000000
vt 0.667667 1.000000
vt 0.667667 0.000000
vt 0.667833 1.000000
vt 0.667833 0.000000
vt 0.668000 1.000000
vt 0.668000 0.000000
vt 0.668167 1.000000
vt 0.668167 0.000000
vt 0.668333 1.000000
vt 0.668333 0.000000
vt 0.668500 1.000000
vt 0.668500 0.000000
vt 0.668667 1.000000
vt 0.668667 0.000000
vt 0.668833 1.000000
vt 0.668833 0.000000
vt 0.669000 1.000000
vt 0.669000 0.000000
vt 0.669167 1.000000
vt 0.669167 0.000000
vt 0.669333 1.000000
vt 0.669333 0.000000
vt 0.669500 1.000000
vt 0.669500 0.000000
vt 0.669667 1.000000
vt 0.669667 0.000000
vt 0.669833 1.000000
vt 0.669833 0.000000
vt 0.670000 1.000000
vt 0.670000 0.000000
vt 0.670167 1.000000
vt 0.670167 0.000000
vt 0.670333 1.000000
vt 0.670333 0.000000
vt 0.670500 1.000000
vt 0.670500 0.000000
vt 0.670667 1.000000
vt 0.670667 0.000000
vt 0.670833 1.000000
vt 0.670833 0.000000
vt 0.671000 1.000000
vt 0.671000 0.000000
vt 0.671167 1.000000
vt 0.671167 0.000000
vt 0.671333 1.000000
vt 0.671333 0.000000
vt 0.671500 1.000000
vt 0.671500 0.000000
vt 0.671667 1.000000
vt 0.671667 0.000000
vt 0.671833 1.000000
vt 0.671833 0.000000
vt 0.672000 1.000000
vt 0.672000 0.000000
vt 0.672167 1.000000
vt 0.672167 0.000000
vt 0.672333 1.000000
vt 0.672333 0.000000
vt 0.672500 1.000000
vt 0.672500 0.000000
vt 0.672667 1.000000
vt 0.672667 0.000000
vt 0.672833 1.000000
vt 0.672833 0.000000
vt 0.673000 1.000000
vt 0.673000 0.000000
vt 0.673167 1.000000
vt 0.673167 0.000000
vt 0.673333 1.000000
vt 0.673333 0.000000
vt 0.673500 1.000000
vt 0.673500 0.000000
vt 0.673667 1.000000
vt 0.673667 0.000000
vt 0.673833 1.000000
vt 0.673833 0.000000
vt 0.674000 1.000000
vt 0.674000 0.000000
vt 0.674167 1.000000
vt 0.674167 0.000000
vt 0.674333 1.000000
vt 0.674333 0.000000
vt 0.674500 1.000000
vt 0.674500 0.000000
vt 0.674667 1.000000
vt 0.674667 0.000000
vt 0.674833 1.000000
vt 0.674833 0.000000
vt 0.675000 1.000000
vt 0.675000 0.000000
vt 0.675167 1.000000
vt 0.675167 0.000000
vt 0.675333 1.000000
vt 0.675333 0.000000
vt 0.675500 1.000000
vt 0.675500 0.000000
vt 0.675667 1.000000
vt 0.675667 0.000000
vt 0.675833 1.000000
vt 0.675833 0.000000
vt 0.676000 1.000000
vt 0.676000 0.000000
vt 0.676167 1.000000
vt 0.676167 0.000000
vt 0.676333 1.000000
vt 0.676333 0.000000
vt 0.676500 1.000000
vt 0.676500 0.000000
vt 0.676667 1.000000
vt 0.676667 0.000000
vt 0.676833 1.000000
vt 0.676833 0.000000
vt 0.677000 1.000000
vt 0.677000 0.000000
vt 0.677167 1.000000
vt 0.677167 0.000000
vt 0.677333 1.000000
vt 0.677333 0.000000
vt 0.677500 1.000000
vt 0.677500 0.000000
vt 0.677667 1.000000
vt 0.677667 0.000000
vt 0.677833 1.000000
vt 0.677833 0.000000
vt 0.678000 1.000000
vt 0.678000 0.000000
vt 0.678167 1.000000
vt 0.678167 0.000000
vt 0.678333 1.000000
vt 0.678333 0.000000
vt 0.678500 1.000000
vt 0.678500 0.000000
vt 0.678667 1.000000
vt 0.678667 0.000000
vt 0.678833 1.000000
vt 0.678833 0.000000
vt 0.679000 1.000000
vt 0.679000 0.000000
vt 0.679167 1.000000
vt 0.679167 0.000000
vt 0.679333 1.000000
vt 0.679333 0.000000
vt 0.679500 1.000000
vt 0.679500 0.000000
vt 0.679667 1.000000
vt 0.679667 0.000000
vt 0.679833 1.000000
vt 0.679833 0.000000
vt 0.680000 1.000000
vt 0.680000 0.000000
vt 0.680167 1.000000
vt 0.680167 0.000000
vt 0.680333 1.000000
vt 0.680333 0.000000
vt 0.680500 1.000000
vt 0.680500 0.000000
vt 0.680667 1.000000
vt 0.680667 0.000000
vt 0.680833 1.000000
vt 0.680833 0.000000
vt 0.681000 1.000000
vt 0.681000 0.000000
vt 0.681167 1.000000
vt 0.681167 0.000000
vt 0.681333 1.000000
vt 0.681333 0.000000
vt 0.681500 1.000000
vt 0.681500 0.000000
vt 0.681667 1.000000
vt 0.681667 0.000000
vt 0.681833 1.000000
vt 0.681833 0.000000
vt 0.682000 1.000000
vt 0.682000 0.000000
vt 0.682167 1.000000
vt 0.682167 0.000000
vt 0.682333 1.000000
vt 0.682333 0.000000
vt 0.682500 1.000000
vt 0.682500 0.000000
vt 0.682667 1.000000
vt 0.682667 0.000000
vt 0.682833 1.000000
vt 0.682833 0.000000
vt 0.683000 1.000000
vt 0.683000 0.000000
vt 0.683167 1.000000
vt 0.683167 0.000000
vt 0.683333 1.000000
vt 0.683333 0.000000
vt 0.683500 1.000000
vt 0.683500 0.000000
vt 0.683667 1.000000
vt 0.683667 0.000000
vt 0.683833 1.000000
vt 0.683833 0.000000
vt 0.684000 1.000000
vt 0.684000 0.000000
vt 0.684167 1.000000
vt 0.684167 0.000000
vt 0.684333 1.000000
vt 0.684333 0.000000
vt 0.684500 1.000000
vt 0.684500 0.000000
vt 0.684667 1.000000
vt 0.684667 0.000000
vt 0.684833 1.000000
vt 0.684833 0.000000
vt 0.685000 1.000000
vt 0.685000 0.000000
vt 0.685167 1.000000
vt 0.685167 0.000000
vt 0.685333 1.000000
vt 0.685333 0.000000
vt 0.685500 1.000000
vt 0.685500 0.000000
vt 0.685667 1.000000
vt 0.685667 0.000000
vt 0.685833 1.000000
vt 0.685833 0.000000
vt 0.686000 1.000000
vt 0.686000 0.000000
vt 0.686167 1.000000
vt 0.686167 0.000000
vt 0.686333 1.000000
vt 0.686333 0.000000
vt 0.686500 1.000000
vt 0.686500 0.000000
vt 0.686667 1.000000
vt 0.686667 0.000000
vt 0.686833 1.000000
vt 0.686833 0.000000
vt 0.687000 1.000000
vt 0.687000 0.000000
vt 0.687167 1.000000
vt 0.687167 0.000000
vt 0.687333 1.000000
vt 0.687333 0.000000
vt 0.687500 1.000000
vt 0.687500 0.000000
vt 0.687667 1.000000
vt 0.687667 0.000000
vt 0.687833 1.000000
vt 0.687833 0.000000
vt 0.688000 1.000000
vt 0.688000 0.000000
vt 0.688167 1.000000
vt 0.688167 0.000000
vt 0.688333 1.000000
vt 0.688333 0.000000
vt 0.688500 1.000000
vt 0.688500 0.000000
vt 0.688667 1.000000
vt 0.688667 0.000000
vt 0.688833 1.000000
vt 0.688833 0.000000
vt 0.689000 1.000000
vt 0.689000 0.000000
vt 0.689167 1.000000
vt 0.689167 0.000000
vt 0.689333 1.000000
vt 0.689333 0.000000
vt 0.689500 1.000000
vt 0.689500 0.000000
vt 0.689667 1.000000
vt 0.689667 0.000000
vt 0.689833 1.000000
vt 0.689833 0.000000
vt 0.690000 1.000000
vt 0.690000 0.000000
vt 0.690167 1.000000
vt 0.690167 0.000000
vt 0.690333 1.000000
vt 0.690333 0.000000
vt 0.690500 1.000000
vt 0.690500 0.000000
vt 0.690667 1.000000
vt 0.690667 0.000000
vt 0.690833 1.000000
vt 0.690833 0.000000
vt 0.691000 1.000000
vt 0.691000 0.000000
vt 0.691167 1.000000
vt 0.691167 0.000000
vt 0.691333 1.000000
vt 0.691333 0.000000
vt 0.691500 1.000000
vt 0.691500 0.000000
vt 0.691667 1.000000
vt 0.691667 0.000000
vt 0.691833 1.000000
vt 0.691833 0.000000
vt 0.692000 1.000000
vt 0.692000 0.000000
vt 0.692167 1.000000
vt 0.692167 0.000000
vt 0.692333 1.000000
vt 0.692333 0.000000
vt 0.692500 1.000000
vt 0.692500 0.000000
vt 0.692667 1.000000
vt 0.692667 0.000000
vt 0.692833 1.000000
vt 0.692833 0.000000
vt 0.693000 1.000000
vt 0.693000 0.000000
vt 0.693167 1.000000
vt 0.693167 0.000000
vt 0.693333 1.000000
vt 0.693333 0.000000
vt 0.693500 1.000000
vt 0.693500 0.000000
vt 0.693667 1.000000
vt 0.693667 0.000000
vt 0.693833 1.000000
vt 0.693833 0.000000
vt 0.694000 1.000000
vt 0.694000 0.000000
vt 0.694167 1.000000
vt 0.694167 0.000000
vt 0.694333 1.000000
vt 0.694333 0.000000
vt 0.694500 1.000000
vt 0.694500 0.000000
vt 0.694667 1.000000
vt 0.694667 0.000000
vt 0.694833 1.000000
vt 0.694833 0.000000
vt 0.695000 1.000000
vt 0.695000 0.000000
vt 0.695167 1.000000
vt 0.695167 0.000000
vt 0.695333 1.000000
vt 0.695333 0.000000
vt 0.695500 1.000000
vt 0.695500 0.000000
vt 0.695667 1.000000
vt 0.695667 0.000000
vt 0.695833 1.000000
vt 0.695833 0.000000
vt 0.696000 1.000000
vt 0.696000 0.000000
vt 0.696167 1.000000
vt 0.696167 0.000000
vt 0.696333 1.000000
vt 0.696333 0.000000
vt 0.696500 1.000000
vt 0.696500 0.000000
vt 0.696667 1.000000
vt 0.696667 0.000000
vt 0.696833 1.000000
vt 0.696833 0.000000
vt 0.697000 1.000000
vt 0.697000 0.000000
vt 0.697167 1.000000
vt 0.697167 0.000000
vt 0.697333 1.000000
vt 0.697333 0.000000
vt 0.697500 1.000000
vt 0.697500 0.000000
vt 0.697667 1.000000
vt 0.697667 0.000000
vt 0.697833 1.000000
vt 0.697833 0.000000
vt 0.698000 1.000000
vt 0.698000 0.000000
vt 0.698167 1.000000
vt 0.698167 0.000000
vt 0.698333 1.000000
vt 0.698333 0.000000
vt 0.698500 1.000000
vt 0.698500 0.000000
vt 0.698667 1.000000
vt 0.698667 0.000000
vt 0.698833 1.000000
vt 0.698833 0.000000
vt 0.699000 1.000000
vt 0.699000 0.000000
vt 0.699167 1.000000
vt 0.699167 0.000000
vt 0.699333 1.000000
vt 0.699333 0.000000
vt 0.699500 1.000000
vt 0.699500 0.000000
vt 0.699667 1.000000
vt 0.699667 0.000000
vt 0.699833 1.000000
vt 0.699833 0.000000
vt 0.700000 1.000000
vt 0.700000 0.000000
vt 0.700167 1.000000
vt 0.700167 0.000000
vt 0.700333 1.000000
vt 0.700333 0.000000
vt 0.700500 1.000000
vt 0.700500 0.000000
vt 0.700667 1.000000
vt 0.700667 0.000000
vt 0.700833 1.000000
vt 0.700833 0.000000
vt 0.701000 1.000000
vt 0.701000 0.000000
vt 0.701167 1.000000
vt 0.701167 0.000000
vt 0.701333 1.000000
vt 0.701333 0.000000
vt 0.701500 1.000000
vt 0.701500 0.000000
vt 0.701667 1.000000
vt 0.701667 0.000000
vt 0.701833 1.000000
vt 0.701833 0.000000
vt 0.702000 1.000000
vt 0.702000 0.000000
vt 0.702167 1.000000
vt 0.702167 0.000000
vt 0.702333 1.000000
vt 0.702333 0.000000
vt 0.702500 1.000000
vt 0.702500 0.000000
vt 0.702667 1.000000
vt 0.702667 0.000000
vt 0.702833 1.000000
vt 0.702833 0.000000
vt 0.703000 1.000000
vt 0.703000 0.000000
vt 0.703167 1.000000
vt 0.703167 0.000000
vt 0.703333 1.000000
vt 0.703333 0.000000
vt 0.703500 1.000000
vt 0.703500 0.000000
vt 0.703667 1.000000
vt 0.703667 0.000000
vt 0.703833 1.000000
vt 0.703833 0.000000
vt 0.704000 1.000000
vt 0.704000 0.000000
vt 0.704167 1.000000
vt 0.704167 0.000000
vt 0.704333 1.000000
vt 0.704333 0.000000
vt 0.704500 1.000000
vt 0.704500 0.000000
vt 0.704667 1.000000
vt 0.704667 0.000000
vt 0.704833 1.000000
vt 0.704833 0.000000
vt 0.705000 1.000000
vt 0.705000 0.000000
vt 0.705167 1.000000
vt 0.705167 0.000000
vt 0.705333 1.000000
vt 0.705333 0.000000
vt 0.705500 1.000000
vt 0.705500 0.000000
vt 0.705667 1.000000
vt 0.705667 0.000000
vt 0.705833 1.000000
vt 0.705833 0.000000
vt 0.706000 1.000000
vt 0.706000 0.000000
vt 0.706167 1.000000
vt 0.706167 0.000000
vt 0.706333 1.000000
vt 0.706333 0.000000
vt 0.706500 1.000000
vt 0.706500 0.000000
vt 0.706667 1.000000
vt 0.706667 0.000000
vt 0.706833 1.000000
vt 0.706833 0.000000
vt 0.707000 1.000000
vt 0.707000 0.000000
vt 0.707167 1.000000
vt 0.707167 0.000000
vt 0.707333 1.000000
vt 0.707333 0.000000
vt 0.707500 1.000000
vt 0.707500 0.000000
vt 0.707667 1.000000
vt 0.707667 0.000000
vt 0.707833 1.000000
vt 0.707833 0.000000
vt 0.708000 1.000000
vt 0.708000 0.000000
vt 0.708167 1.000000
vt 0.708167 0.000000
vt 0.708333 1.000000
vt 0.708333 0.000000
vt 0.708500 1.000000
vt 0.708500 0.000000
vt 0.708667 1.000000
vt 0.708667 0.000000
vt 0.708833 1.000000
vt 0.708833 0.000000
vt 0.709000 1.000000
vt 0.709000 0.000000
vt 0.709167 1.000000
vt 0.709167 0.000000
vt 0.709333 1.000000
vt 0.709333 0.000000
vt 0.709500 1.000000
vt 0.709500 0.000000
vt 0.709667 1.000000
vt 0.709667 0.000000
vt 0.709833 1.000000
vt 0.709833 0.000000
vt 0.710000 1.000000
vt 0.710000 0.000000
vt 0.710167 1.000000
vt 0.710167 0.000000
vt 0.710333 1.000000
vt 0.710333 0.000000
vt 0.710500 1.000000
vt 0.710500 0.000000
vt 0.710667 1.000000
vt 0.710667 0.000000
vt 0.710833 1.000000
vt 0.710833 0.000000
vt 0.711000 1.000000
vt 0.711000 0.000000
vt 0.711167 1.000000
vt 0.711167 0.000000
vt 0.711333 1.000000
vt 0.711333 0.000000
vt 0.711500 1.000000
vt 0.711500 0.000000
vt 0.711667 1.000000
vt 0.711667 0.000000
vt 0.711833 1.000000
vt 0.711833 0.000000
vt 0.712000 1.000000
vt 0.712000 0.000000
vt 0.712167 1.000000
vt 0.712167 0.000000
vt 0.712333 1.000000
vt 0.712333 0.000000
vt 0.712500 1.000000
vt 0.712500 0.000000
vt 0.712667 1.000000
vt 0.712667 0.000000
vt 0.712833 1.000000
vt 0.712833 0.000000
vt 0.713000 1.000000
vt 0.713000 0.000000
vt 0.713167 1.000000
vt 0.713167 0.000000
vt 0.713333 1.000000
vt 0.713333 0.000000
vt 0.713500 1.000000
vt 0.713500 0.000000
vt 0.713667 1.000000
vt 0.713667 0.000000
vt 0.713833 1.000000
vt 0.713833 0.000000
vt 0.714000 1.000000
vt 0.714000 0.000000
vt 0.714167 1.000000
vt 0.714167 0.000000
vt 0.714333 1.000000
vt 0.714333 0.000000
vt 0.714500 1.000000
vt 0.714500 0.000000
vt 0.714667 1.000000
vt 0.714667 0.000000
vt 0.714833 1.000000
vt 0.714833 0.000000
vt 0.715000 1.000000
vt 0.715000 0.000000
vt 0.715167 1.000000
vt 0.715167 0.000000
vt 0.715333 1.000000
vt 0.715333 0.000000
vt 0.715500 1.000000
vt 0.715500 0.000000
vt 0.715667 1.000000
vt 0.715667 0.000000
vt 0.715833 1.000000
vt 0.715833 0.000000
vt 0.716000 1.000000
vt 0.716000 0.000000
vt 0.716167 1.000000
vt 0.716167 0.000000
vt 0.716333 1.000000
vt 0.716333 0.000000
vt 0.716500 1.000000
vt 0.716500 0.000000
vt 0.716667 1.000000
vt 0.716667 0.000000
vt 0.716833 1.000000
vt 0.716833 0.000000
vt 0.717000 1.000000
vt 0.717000 0.000000
vt 0.717167 1.000000
vt 0.717167 0.000000
vt 0.717333 1.000000
vt 0.717333 0.000000
vt 0.717500 1.000000
vt 0.717500 0.000000
vt 0.717667 1.000000
vt 0.717667 0.000000
vt 0.717833 1.000000
vt 0.717833 0.000000
vt 0.718000 1.000000
vt 0.718000 0.000000
vt 0.718167 1.000000
vt 0.718167 0.000000
vt 0.718333 1.000000
vt 0.718333 0.000000
vt 0.718500 1.000000
vt 0.718500 0.000000
vt 0.718667 1.000000
vt 0.718667 0.000000
vt 0.718833 1.000000
vt 0.718833 0.000000
vt 0.719000 1.000000
vt 0.719000 0.000000
vt 0.719167 1.000000
vt 0.719167 0.000000
vt 0.719333 1.000000
vt 0.719333 0.000000
vt 0.719500 1.000000
vt 0.719500 0.000000
vt 0.719667 1.000000
vt 0.719667 0.000000
vt 0.719833 1.000000
vt 0.719833 0.000000
vt 0.720000 1.000000
vt 0.720000 0.000000
vt 0.720167 1.000000
vt 0.720167 0.000000
vt 0.720333 1.000000
vt 0.720333 0.000000
vt 0.720500 1.000000
vt 0.720500 0.000000
vt 0.720667 1.000000
vt 0.720667 0.000000
vt 0.720833 1.000000
vt 0.720833 0.000000
vt 0.721000 1.000000
vt 0.721000 0.000000
vt 0.721167 1.000000
vt 0.721167 0.000000
vt 0.721333 1.000000
vt 0.721333 0.000000
vt 0.721500 1.000000
vt 0.721500 0.000000
vt 0.721667 1.000000
vt 0.721667 0.000000
vt 0.721833 1.000000
vt 0.721833 0.000000
vt 0.722000 1.000000
vt 0.722000 0.000000
vt 0.722167 1.000000
vt 0.722167 0.000000
vt 0.722333 1.000000
vt 0.722333 0.000000
vt 0.722500 1.000000
vt 0.722500 0.000000
vt 0.722667 1.000000
vt 0.722667 0.000000
vt 0.722833 1.000000
vt 0.722833 0.000000
vt 0.723000 1.000000
vt 0.723000 0.000000
vt 0.723167 1.000000
vt 0.723167 0.000000
vt 0.723333 1.000000
vt 0.723333 0.000000
vt 0.723500 1.000000
vt 0.723500 0.000000
vt 0.723667 1.000000
vt 0.723667 0.000000
vt 0.723833 1.000000
vt 0.723833 0.000000
vt 0.724000 1.000000
vt 0.724000 0.000000
vt 0.724167 1.000000
vt 0.724167 0.000000
vt 0.724333 1.000000
vt 0.724333 0.000000
vt 0.724500 1.000000
vt 0.724500 0.000000
vt 0.724667 1.000000
vt 0.724667 0.000000
vt 0.724833 1.000000
vt 0.724833 0.000000
vt 0.725000 1.000000
vt 0.725000 0.000000
vt 0.725167 1.000000
vt 0.725167 0.000000
vt 0.725333 1.000000
vt 0.725333 0.000000
vt 0.725500 1.000000
vt 0.725500 0.000000
vt 0.725667 1.000000
vt 0.725667 0.000000
vt 0.725833 1.000000
vt 0.725833 0.000000
vt 0.726000 1.000000
vt 0.726000 0.000000
vt 0.726167 1.000000
vt 0.726167 0.000000
vt 0.726333 1.000000
vt 0.726333 0.000000
vt 0.726500 1.000000
vt 0.726500 0.000000
vt 0.726667 1.000000
vt 0.726667 0.000000
vt 0.726833 1.000000
vt 0.726833 0.000000
vt 0.727000 1.000000
vt 0.727000 0.000000
vt 0.727167 1.000000
vt 0.727167 0.000000
vt 0.727333 1.000000
vt 0.727333 0.000000
vt 0.727500 1.000000
vt 0.727500 0.000000
vt 0.727667 1.000000
vt 0.727667 0.000000
vt 0.727833 1.000000
vt 0.727833 0.000000
vt 0.728000 1.000000
vt 0.728000 0.000000
vt 0.728167 1.000000
vt 0.728167 0.000000
vt 0.728333 1.000000
vt 0.728333 0.000000
vt 0.728500 1.000000
vt 0.728500 0.000000
vt 0.728667 1.000000
vt 0.728667 0.000000
vt 0.728833 1.000000
vt 0.728833 0.000000
vt 0.729000 1.000000
vt 0.729000 0.000000
vt 0.729167 1.000000
vt 0.729167 0.000000
vt 0.729333 1.000000
vt 0.729333 0.000000
vt 0.729500 1.000000
vt 0.729500 0.000000
vt 0.729667 1.000000
vt 0.729667 0.000000
vt 0.729833 1.000000
vt 0.729833 0.000000
vt 0.730000 1.000000
vt 0.730000 0.000000
vt 0.730167 1.000000
vt 0.730167 0.000000
vt 0.730333 1.000000
vt 0.730333 0.000000
vt 0.730500 1.000000
vt 0.730500 0.000000
vt 0.730667 1.000000
vt 0.730667 0.000000
vt 0.730833 1.000000
vt 0.730833 0.000000
vt 0.731000 1.000000
vt 0.731000 0.000000
vt 0.731167 1.000000
vt 0.731167 0.000000
vt 0.731333 1.000000
vt 0.731333 0.000000
vt 0.731500 1.000000
vt 0.731500 0.000000
vt 0.731667 1.000000
vt 0.731667 0.000000
vt 0.731833 1.000000
vt 0.731833 0.000000
vt 0.732000 1.000000
vt 0.732000 0.000000
vt 0.732167 1.000000
vt 0.732167 0.000000
vt 0.732333 1.000000
vt 0.732333 0.000000
vt 0.732500 1.000000
vt 0.732500 0.000000
vt 0.732667 1.000000
vt 0.732667 0.000000
vt 0.732833 1.000000
vt 0.732833 0.000000
vt 0.733000 1.000000
vt 0.733000 0.000000
vt 0.733167 1.000000
vt 0.733167 0.000000
vt 0.733333 1.000000
vt 0.733333 0.000000
vt 0.733500 1.000000
vt 0.733500 0.000000
vt 0.733667 1.000000
vt 0.733667 0.000000
vt 0.733833 1.000000
vt 0.733833 0.000000
vt 0.734000 1.000000
vt 0.734000 0.000000
vt 0.734167 1.000000
vt 0.734167 0.000000
vt 0.734333 1.000000
vt 0.734333 0.000000
vt 0.734500 1.000000
vt 0.734500 0.000000
vt 0.734667 1.000000
vt 0.734667 0.000000
vt 0.734833 1.000000
vt 0.734833 0.000000
vt 0.735000 1.000000
vt 0.735000 0.000000
vt 0.735167 1.000000
vt 0.735167 0.000000
vt 0.735333 1.000000
vt 0.735333 0.000000
vt 0.735500 1.000000
vt 0.735500 0.000000
vt 0.735667 1.000000
vt 0.735667 0.000000
vt 0.735833 1.000000
vt 0.735833 0.000000
vt 0.736000 1.000000
vt 0.736000 0.000000
vt 0.736167 1.000000
vt 0.736167 0.000000
vt 0.736333 1.000000
vt 0.736333 0.000000
vt 0.736500 1.000000
vt 0.736500 0.000000
vt 0.736667 1.000000
vt 0.736667 0.000000
vt 0.736833 1.000000
vt 0.736833 0.000000
vt 0.737000 1.000000
vt 0.737000 0.000000
vt 0.737167 1.000000
vt 0.737167 0.000000
vt 0.737333 1.000000
vt 0.737333 0.000000
vt 0.737500 1.000000
vt 0.737500 0.000000
vt 0.737667 1.000000
vt 0.737667 0.000000
vt 0.737833 1.000000
vt 0.737833 0.000000
vt 0.738000 1.000000
vt 0.738000 0.000000
vt 0.738167 1.000000
vt 0.738167 0.000000
vt 0.738333 1.000000
vt 0.738333 0.000000
vt 0.738500 1.000000
vt 0.738500 0.000000
vt 0.738667 1.000000
vt 0.738667 0.000000
vt 0.738833 1.000000
vt 0.738833 0.000000
vt 0.739000 1.000000
vt 0.739000 0.000000
vt 0.739167 1.000000
vt 0.739167 0.000000
vt 0.739333 1.000000
vt 0.739333 0.000000
vt 0.739500 1.000000
vt 0.739500 0.000000
vt 0.739667 1.000000
vt 0.739667 0.000000
vt 0.739833 1.000000
vt 0.739833 0.000000
vt 0.740000 1.000000
vt 0.740000 0.000000
vt 0.740167 1.000000
vt 0.740167 0.000000
vt 0.740333 1.000000
vt 0.740333 0.000000
vt 0.740500 1.000000
vt 0.740500 0.000000
vt 0.740667 1.000000
vt 0.740667 0.000000
vt 0.740833 1.000000
vt 0.740833 0.000000
vt 0.741000 1.000000
vt 0.741000 0.000000
vt 0.741167 1.000000
vt 0.741167 0.000000
vt 0.741333 1.000000
vt 0.741333 0.000000
vt 0.741500 1.000000
vt 0.741500 0.000000
vt 0.741667 1.000000
vt 0.741667 0.000000
vt 0.741833 1.000000
vt 0.741833 0.000000
vt 0.742000 1.000000
vt 0.742000 0.000000
vt 0.742167 1.000000
vt 0.742167 0.000000
vt 0.742333 1.000000
vt 0.742333 0.000000
vt 0.742500 1.000000
vt 0.742500 0.000000
vt 0.742667 1.000000
vt 0.742667 0.000000
vt 0.742833 1.000000
vt 0.742833 0.000000
vt 0.743000 1.000000
vt 0.743000 0.000000
vt 0.743167 1.000000
vt 0.743167 0.000000
vt 0.743333 1.000000
vt 0.743333 0.000000
vt 0.743500 1.000000
vt 0.743500 0.000000
vt 0.743667 1.000000
vt 0.743667 0.000000
vt 0.743833 1.000000
vt 0.743833 0.000000
vt 0.744000 1.000000
vt 0.744000 0.000000
vt 0.744167 1.000000
vt 0.744167 0.000000
vt 0.744333 1.000000
vt 0.744333 0.000000
vt 0.744500 1.000000
vt 0.744500 0.000000
vt 0.744667 1.000000
vt 0.744667 0.000000
vt 0.744833 1.000000
vt 0.744833 0.000000
vt 0.745000 1.000000
vt 0.745000 0.000000
vt 0.745167 1.000000
vt 0.745167 0.000000
vt 0.745333 1.000000
vt 0.745333 0.000000
vt 0.745500 1.000000
vt 0.745500 0.000000
vt 0.745667 1.000000
vt 0.745667 0.000000
vt 0.745833 1.000000
vt 0.745833 0.000000
vt 0.746000 1.000000
vt 0.746000 0.000000
vt 0.746167 1.000000
vt 0.746167 0.000000
vt 0.746333 1.000000
vt 0.746333 0.000000
vt 0.746500 1.000000
vt 0.746500 0.000000
vt 0.746667 1.000000
vt 0.746667 0.000000
vt 0.746833 1.000000
vt 0.746833 0.000000
vt 0.747000 1.000000
vt 0.747000 0.000000
vt 0.747167 1.000000
vt 0.747167 0.000000
vt 0.747333 1.000000
vt 0.747333 0.000000
vt 0.747500 1.000000
vt 0.747500 0.000000
vt 0.747667 1.000000
vt 0.747667 0.000000
vt 0.747833 1.000000
vt 0.747833 0.000000
vt 0.748000 1.000000
vt 0.748000 0.000000
vt 0.748167 1.000000
vt 0.748167 0.000000
vt 0.748333 1.000000
vt 0.748333 0.000000
vt 0.748500 1.000000
vt 0.748500 0.000000
vt 0.748667 1.000000
vt 0.748667 0.000000
vt 0.748833 1.000000
vt 0.748833 0.000000
vt 0.749000 1.000000
vt 0.749000 0.000000
vt 0.749167 1.000000
vt 0.749167 0.000000
vt 0.749333 1.000000
vt 0.749333 0.000000
vt 0.749500 1.000000
vt 0.749500 0.000000
vt 0.749667 1.000000
vt 0.749667 0.000000
vt 0.749833 1.000000
vt 0.749833 0.000000
vt 0.750000 1.000000
vt 0.750000 0.000000
vt 0.750167 1.000000
vt 0.750167 0.000000
vt 0.750333 1.000000
vt 0.750333 0.000000
vt 0.750500 1.000000
vt 0.750500 0.000000
vt 0.750667 1.000000
vt 0.750667 0.000000
vt 0.750833 1.000000
vt 0.750833 0.000000
vt 0.751000 1.000000
vt 0.751000 0.000000
vt 0.751167 1.000000
vt 0.751167 0.000000
vt 0.751333 1.000000
vt 0.751333 0.000000
vt 0.751500 1.000000
vt 0.751500 0.000000
vt 0.751667 1.000000
vt 0.751667 0.000000
vt 0.751833 1.000000
vt 0.751833 0.000000
vt 0.752000 1.000000
vt 0.752000 0.000000
vt 0.752167 1.000000
vt 0.752167 0.000000
vt 0.752333 1.000000
vt 0.752333 0.000000
vt 0.752500 1.000000
vt 0.752500 0.000000
vt 0.752667 1.000000
vt 0.752667 0.000000
vt 0.752833 1.000000
vt 0.752833 0.000000
vt 0.753000 1.000000
vt 0.753000 0.000000
vt 0.753167 1.000000
vt 0.753167 0.000000
vt 0.753333 1.000000
vt 0.753333 0.000000
vt 0.753500 1.000000
vt 0.753500 0.000000
vt 0.753667 1.000000
vt 0.753667 0.000000
vt 0.753833 1.000000
vt 0.753833 0.000000
vt 0.754000 1.000000
vt 0.754000 0.000000
vt 0.754167 1.000000
vt 0.754167 0.000000
vt 0.754333 1.000000
vt 0.754333 0.000000
vt 0.754500 1.000000
vt 0.754500 0.000000
vt 0.754667 1.000000
vt 0.754667 0.000000
vt 0.754833 1.000000
vt 0.754833 0.000000
vt 0.755000 1.000000
vt 0.755000 0.000000
vt 0.755167 1.000000
vt 0.755167 0.000000
vt 0.755333 1.000000
vt 0.755333 0.000000
vt 0.755500 1.000000
vt 0.755500 0.000000
vt 0.755667 1.000000
vt 0.755667 0.000000
vt 0.755833 1.000000
vt 0.755833 0.000000
vt 0.756000 1.000000
vt 0.756000 0.000000
vt 0.756167 1.000000
vt 0.756167 0.000000
vt 0.756333 1.000000
vt 0.756333 0.000000
vt 0.756500 1.000000
vt 0.756500 0.000000
vt 0.756667 1.000000
vt 0.756667 0.000000
vt 0.756833 1.000000
vt 0.756833 0.000000
vt 0.757000 1.000000
vt 0.757000 0.000000
vt 0.757167 1.000000
vt 0.757167 0.000000
vt 0.757333 1.000000
vt 0.757333 0.000000
vt 0.757500 1.000000
vt 0.757500 0.000000
vt 0.757667 1.000000
vt 0.757667 0.000000
vt 0.757833 1.000000
vt 0.757833 0.000000
vt 0.758000 1.000000
vt 0.758000 0.000000
vt 0.758167 1.000000
vt 0.758167 0.000000
vt 0.758333 1.000000
vt 0.758333 0.000000
vt 0.758500 1.000000
vt 0.758500 0.000000
vt 0.758667 1.000000
vt 0.758667 0.000000
vt 0.758833 1.000000
vt 0.758833 0.000000
vt 0.759000 1.000000
vt 0.759000 0.000000
vt 0.759167 1.000000
vt 0.759167 0.000000
vt 0.759333 1.000000
vt 0.759333 0.000000
vt 0.759500 1.000000
vt 0.759500 0.000000
vt 0.759667 1.000000
vt 0.759667 0.000000
vt 0.759833 1.000000
vt 0.759833 0.000000
vt 0.760000 1.000000
vt 0.760000 0.000000
vt 0.760167 1.000000
vt 0.760167 0.000000
vt 0.760333 1.000000
vt 0.760333 0.000000
vt 0.760500 1.000000
vt 0.760500 0.000000
vt 0.760667 1.000000
vt 0.760667 0.000000
vt 0.760833 1.000000
vt 0.760833 0.000000
vt 0.761000 1.000000
vt 0.761000 0.000000
vt 0.761167 1.000000
vt 0.761167 0.000000
vt 0.761333 1.000000
vt 0.761333 0.000000
vt 0.761500 1.000000
vt 0.761500 0.000000
vt 0.761667 1.000000
vt 0.761667 0.000000
vt 0.761833 1.000000
vt 0.761833 0.000000
vt 0.762000 1.000000
vt 0.762000 0.000000
vt 0.762167 1.000000
vt 0.762167 0.000000
vt 0.762333 1.000000
vt 0.762333 0.000000
vt 0.762500 1.000000
vt 0.762500 0.000000
vt 0.762667 1.000000
vt 0.762667 0.000000
vt 0.762833 1.000000
vt 0.762833 0.000000
vt 0.763000 1.000000
vt 0.763000 0.000000
vt 0.763167 1.000000
vt 0.763167 0.000000
vt 0.763333 1.000000
vt 0.763333 0.000000
vt 0.763500 1.000000
vt 0.763500 0.000000
vt 0.763667 1.000000
vt 0.763667 0.000000
vt 0.763833 1.000000
vt 0.763833 0.000000
vt 0.764000 1.000000
vt 0.764000 0.000000
vt 0.764167 1.000000
vt 0.764167 0.000000
vt 0.764333 1.000000
vt 0.764333 0.000000
vt 0.764500 1.000000
vt 0.764500 0.000000
vt 0.764667 1.000000
vt 0.764667 0.000000
vt 0.764833 1.000000
vt 0.764833 0.000000
vt 0.765000 1.000000
vt 0.765000 0.000000
vt 0.765167 1.000000
vt 0.765167 0.000000
vt 0.765333 1.000000
vt 0.765333 0.000000
vt 0.765500 1.000000
vt 0.765500 0.000000
vt 0.765667 1.000000
vt 0.765667 0.000000
vt 0.765833 1.000000
vt 0.765833 0.000000
vt 0.766000 1.000000
vt 0.766000 0.000000
vt 0.766167 1.000000
vt 0.766167 0.000000
vt 0.766333 1.000000
vt 0.766333 0.000000
vt 0.766500 1.000000
vt 0.766500 0.000000
vt 0.766667 1.000000
vt 0.766667 0.000000
vt 0.766833 1.000000
vt 0.766833 0.000000
vt 0.767000 1.000000
vt 0.767000 0.000000
vt 0.767167 1.000000
vt 0.767167 0.000000
vt 0.767333 1.000000
vt 0.767333 0.000000
vt 0.767500 1.000000
vt 0.767500 0.000000
vt 0.767667 1.000000
vt 0.767667 0.000000
vt 0.767833 1.000000
vt 0.767833 0.000000
vt 0.768000 1.000000
vt 0.768000 0.000000
vt 0.768167 1.000000
vt 0.768167 0.000000
vt 0.768333 1.000000
vt 0.768333 0.000000
vt 0.768500 1.000000
vt 0.768500 0.000000
vt 0.768667 1.000000
vt 0.768667 0.000000
vt 0.768833 1.000000
vt 0.768833 0.000000
vt 0.769000 1.000000
vt 0.769000 0.000000
vt 0.769167 1.000000
vt 0.769167 0.000000
vt 0.769333 1.000000
vt 0.769333 0.000000
vt 0.769500 1.000000
vt 0.769500 0.000000
vt 0.769667 1.000000
vt 0.769667 0.000000
vt 0.769833 1.000000
vt 0.769833 0.000000
vt 0.770000 1.000000
vt 0.770000 0.000000
vt 0.770167 1.000000
vt 0.770167 0.000000
vt 0.770333 1.000000
vt 0.770333 0.000000
vt 0.770500 1.000000
vt 0.770500 0.000000
vt 0.770667 1.000000
vt 0.770667 0.000000
vt 0.770833 1.000000
vt 0.770833 0.000000
vt 0.771000 1.000000
vt 0.771000 0.000000
vt 0.771167 1.000000
vt 0.771167 0.000000
vt 0.771333 1.000000
vt 0.771333 0.000000
vt 0.771500 1.000000
vt 0.771500 0.000000
vt 0.771667 1.000000
vt 0.771667 0.000000
vt 0.771833 1.000000
vt 0.771833 0.000000
vt 0.772000 1.000000
vt 0.772000 0.000000
vt 0.772167 1.000000
vt 0.772167 0.000000
vt 0.772333 1.000000
vt 0.772333 0.000000
vt 0.772500 1.000000
vt 0.772500 0.000000
vt 0.772667 1.000000
vt 0.772667 0.000000
vt 0.772833 1.000000
vt 0.772833 0.000000
vt 0.773000 1.000000
vt 0.773000 0.000000
vt 0.773167 1.000000
vt 0.773167 0.000000
vt 0.773333 1.000000
vt 0.773333 0.000000
vt 0.773500 1.000000
vt 0.773500 0.000000
vt 0.773667 1.000000
vt 0.773667 0.000000
vt 0.773833 1.000000
vt 0.773833 0.000000
vt 0.774000 1.000000
vt 0.774000 0.000000
vt 0.774167 1.000000
vt 0.774167 0.000000
vt 0.774333 1.000000
vt 0.774333 0.000000
vt 0.774500 1.000000
vt 0.774500 0.000000
vt 0.774667 1.000000
vt 0.774667 0.000000
vt 0.774833 1.000000
vt 0.774833 0.000000
vt 0.775000 1.000000
vt 0.775000 0.000000
vt 0.775167 1.000000
vt 0.775167 0.000000
vt 0.775333 1.000000
vt 0.775333 0.000000
vt 0.775500 1.000000
vt 0.775500 0.000000
vt 0.775667 1.000000
vt 0.775667 0.000000
vt 0.775833 1.000000
vt 0.775833 0.000000
vt 0.776000 1.000000
vt 0.776000 0.000000
vt 0.776167 1.000000
vt 0.776167 0.000000
vt 0.776333 1.000000
vt 0.776333 0.000000
vt 0.776500 1.000000
vt 0.776500 0.000000
vt 0.776667 1.000000
vt 0.776667 0.000000
vt 0.776833 1.000000
vt 0.776833 0.000000
vt 0.777000 1.000000
vt 0.777000 0.000000
vt 0.777167 1.000000
vt 0.777167 0.000000
vt 0.777333 1.000000
vt 0.777333 0.000000
vt 0.777500 1.000000
vt 0.777500 0.000000
vt 0.777667 1.000000
vt 0.777667 0.000000
vt 0.777833 1.000000
vt 0.777833 0.000000
vt 0.778000 1.000000
vt 0.778000 0.000000
vt 0.778167 1.000000
vt 0.778167 0.000000
vt 0.778333 1.000000
vt 0.778333 0.000000
vt 0.778500 1.000000
vt 0.778500 0.000000
vt 0.778667 1.000000
vt 0.778667 0.000000
vt 0.778833 1.000000
vt 0.778833 0.000000
vt 0.779000 1.000000
vt 0.779000 0.000000
vt 0.779167 1.000000
vt 0.779167 0.000000
vt 0.779333 1.000000
vt 0.779333 0.000000
vt 0.779500 1.000000
vt 0.779500 0.000000
vt 0.779667 1.000000
vt 0.779667 0.000000
vt 0.779833 1.000000
vt 0.779833 0.000000
vt 0.780000 1.000000
vt 0.780000 0.000000
vt 0.780167 1.000000
vt 0.780167 0.000000
vt 0.780333 1.000000
vt 0.780333 0.000000
vt 0.780500 1.000000
vt 0.780500 0.000000
vt 0.780667 1.000000
vt 0.780667 0.000000
vt 0.780833 1.000000
vt 0.780833 0.000000
vt 0.781000 1.000000
vt 0.781000 0.000000
vt 0.781167 1.000000
vt 0.781167 0.000000
vt 0.781333 1.000000
vt 0.781333 0.000000
vt 0.781500 1.000000
vt 0.781500 0.000000
vt 0.781667 1.000000
vt 0.781667 0.000000
vt 0.781833 1.000000
vt 0.781833 0.000000
vt 0.782000 1.000000
vt 0.782000 0.000000
vt 0.782167 1.000000
vt 0.782167 0.000000
vt 0.782333 1.000000
vt 0.782333 0.000000
vt 0.782500 1.000000
vt 0.782500 0.000000
vt 0.782667 1.000000
vt 0.782667 0.000000
vt 0.782833 1.000000
vt 0.782833 0.000000
vt 0.783000 1.000000
vt 0.783000 0.000000
vt 0.783167 1.000000
vt 0.783167 0.000000
vt 0.783333 1.000000
vt 0.783333 0.000000
vt 0.783500 1.000000
vt 0.783500 0.000000
vt 0.783667 1.000000
vt 0.783667 0.000000
vt 0.783833 1.000000
vt 0.783833 0.000000
vt 0.784000 1.000000
vt 0.784000 0.000000
vt 0.784167 1.000000
vt 0.784167 0.000000
vt 0.784333 1.000000
vt 0.784333 0.000000
vt 0.784500 1.000000
vt 0.784500 0.000000
vt 0.784667 1.000000
vt 0.784667 0.000000
vt 0.784833 1.000000
vt 0.784833 0.000000
vt 0.785000 1.000000
vt 0.785000 0.000000
vt 0.785167 1.000000
vt 0.785167 0.000000
vt 0.785333 1.000000
vt 0.785333 0.000000
vt 0.785500 1.000000
vt 0.785500 0.000000
vt 0.785667 1.000000
vt 0.785667 0.000000
vt 0.785833 1.000000
vt 0.785833 0.000000
vt 0.786000 1.000000
vt 0.786000 0.000000
vt 0.786167 1.000000
vt 0.786167 0.000000
vt 0.786333 1.000000
vt 0.786333 0.000000
vt 0.786500 1.000000
vt 0.786500 0.000000
vt 0.786667 1.000000
vt 0.786667 0.000000
vt 0.786833 1.000000
vt 0.786833 0.000000
vt 0.787000 1.000000
vt 0.787000 0.000000
vt 0.787167 1.000000
vt 0.787167 0.000000
vt 0.787333 1.000000
vt 0.787333 0.000000
vt 0.787500 1.000000
vt 0.787500 0.000000
vt 0.787667 1.000000
vt 0.787667 0.000000
vt 0.787833 1.000000
vt 0.787833 0.000000
vt 0.788000 1.000000
vt 0.788000 0.000000
vt 0.788167 1.000000
vt 0.788167 0.000000
vt 0.788333 1.000000
vt 0.788333 0.000000
vt 0.788500 1.000000
vt 0.788500 0.000000
vt 0.788667 1.000000
vt 0.788667 0.000000
vt 0.788833 1.000000
vt 0.788833 0.000000
vt 0.789000 1.000000
vt 0.789000 0.000000
vt 0.789167 1.000000
vt 0.789167 0.000000
vt 0.789333 1.000000
vt 0.789333 0.000000
vt 0.789500 1.000000
vt 0.789500 0.000000
vt 0.789667 1.000000
vt 0.789667 0.000000
vt 0.789833 1.000000
vt 0.789833 0.000000
vt 0.790000 1.000000
vt 0.790000 0.000000
vt 0.790167 1.000000
vt 0.790167 0.000000
vt 0.790333 1.000000
vt 0.790333 0.000000
vt 0.790500 1.000000
vt 0.790500 0.000000
vt 0.790667 1.000000
vt 0.790667 0.000000
vt 0.790833 1.000000
vt 0.790833 0.000000
vt 0.791000 1.000000
vt 0.791000 0.000000
vt 0.791167 1.000000
vt 0.791167 0.000000
vt 0.791333 1.000000
vt 0.791333 0.000000
vt 0.791500 1.000000
vt 0.791500 0.000000
vt 0.791667 1.000000
vt 0.791667 0.000000
vt 0.791833 1.000000
vt 0.791833 0.000000
vt 0.792000 1.000000
vt 0.792000 0.000000
vt 0.792167 1.000000
vt 0.792167 0.000000
vt 0.792333 1.000000
vt 0.792333 0.000000
vt 0.792500 1.000000
vt 0.792500 0.000000
vt 0.792667 1.000000
vt 0.792667 0.000000
vt 0.792833 1.000000
vt 0.792833 0.000000
vt 0.793000 1.000000
vt 0.793000 0.000000
vt 0.793167 1.000000
vt 0.793167 0.000000
vt 0.793333 1.000000
vt 0.793333 0.000000
vt 0.793500 1.000000
vt 0.793500 0.000000
vt 0.793667 1.000000
vt 0.793667 0.000000
vt 0.793833 1.000000
vt 0.793833 0.000000
vt 0.794000 1.000000
vt 0.794000 0.000000
vt 0.794167 1.000000
vt 0.794167 0.000000
vt 0.794333 1.000000
vt 0.794333 0.000000
vt 0.794500 1.000000
vt 0.794500 0.000000
vt 0.794667 1.000000
vt 0.794667 0.000000
vt 0.794833 1.000000
vt 0.794833 0.000000
vt 0.795000 1.000000
vt 0.795000 0.000000
vt 0.795167 1.000000
vt 0.795167 0.000000
vt 0.795333 1.000000
vt 0.795333 0.000000
vt 0.795500 1.000000
vt 0.795500 0.000000
vt 0.795667 1.000000
vt 0.795667 0.000000
vt 0.795833 1.000000
vt 0.795833 0.000000
vt 0.796000 1.000000
vt 0.796000 0.000000
vt 0.796167 1.000000
vt 0.796167 0.000000
vt 0.796333 1.000000
vt 0.796333 0.000000
vt 0.796500 1.000000
vt 0.796500 0.000000
vt 0.796667 1.000000
vt 0.796667 0.000000
vt 0.796833 1.000000
vt 0.796833 0.000000
vt 0.797000 1.000000
vt 0.797000 0.000000
vt 0.797167 1.000000
vt 0.797167 0.000000
vt 0.797333 1.000000
vt 0.797333 0.000000
vt 0.797500 1.000000
vt 0.797500 0.000000
vt 0.797667 1.000000
vt 0.797667 0.000000
vt 0.797833 1.000000
vt 0.797833 0.000000
vt 0.798000 1.000000
vt 0.798000 0.000000
vt 0.798167 1.000000
vt 0.798167 0.000000
vt 0.798333 1.000000
vt 0.798333 0.000000
vt 0.798500 1.000000
vt 0.798500 0.000000
vt 0.798667 1.000000
vt 0.798667 0.000000
vt 0.798833 1.000000
vt 0.798833 0.000000
vt 0.799000 1.000000
vt 0.799000 0.000000
vt 0.799167 1.000000
vt 0.799167 0.000000
vt 0.799333 1.000000
vt 0.799333 0.000000
vt 0.799500 1.000000
vt 0.799500 0.000000
vt 0.799667 1.000000
vt 0.799667 0.000000
vt 0.799833 1.000000
vt 0.799833 0.000000
vt 0.800000 1.000000
vt 0.800000 0.000000
vt 0.800167 1.000000
vt 0.800167 0.000000
vt 0.800333 1.000000
vt 0.800333 0.000000
vt 0.800500 1.000000
vt 0.800500 0.000000
vt 0.800667 1.000000
vt 0.800667 0.000000
vt 0.800833 1.000000
vt 0.800833 0.000000
vt 0.801000 1.000000
vt 0.801000 0.000000
vt 0.801167 1.000000
vt 0.801167 0.000000
vt 0.801333 1.000000
vt 0.801333 0.000000
vt 0.801500 1.000000
vt 0.801500 0.000000
vt 0.801667 1.000000
vt 0.801667 0.000000
vt 0.801833 1.000000
vt 0.801833 0.000000
vt 0.802000 1.000000
vt 0.802000 0.000000
vt 0.802167 1.000000
vt 0.802167 0.000000
vt 0.802333 1.000000
vt 0.802333 0.000000
vt 0.802500 1.000000
vt 0.802500 0.000000
vt 0.802667 1.000000
vt 0.802667 0.000000
vt 0.802833 1.000000
vt 0.802833 0.000000
vt 0.803000 1.000000
vt 0.803000 0.000000
vt 0.803167 1.000000
vt 0.803167 0.000000
vt 0.803333 1.000000
vt 0.803333 0.000000
vt 0.803500 1.000000
vt 0.803500 0.000000
vt 0.803667 1.000000
vt 0.803667 0.000000
vt 0.803833 1.000000
vt 0.803833 0.000000
vt 0.804000 1.000000
vt 0.804000 0.000000
vt 0.804167 1.000000
vt 0.804167 0.000000
vt 0.804333 1.000000
vt 0.804333 0.000000
vt 0.804500 1.000000
vt 0.804500 0.000000
vt 0.804667 1.000000
vt 0.804667 0.000000
vt 0.804833 1.000000
vt 0.804833 0.000000
vt 0.805000 1.000000
vt 0.805000 0.000000
vt 0.805167 1.000000
vt 0.805167 0.000000
vt 0.805333 1.000000
vt 0.805333 0.000000
vt 0.805500 1.000000
vt 0.805500 0.000000
vt 0.805667 1.000000
vt 0.805667 0.000000
vt 0.805833 1.000000
vt 0.805833 0.000000
vt 0.806000 1.000000
vt 0.806000 0.000000
vt 0.806167 1.000000
vt 0.806167 0.000000
vt 0.806333 1.000000
vt 0.806333 0.000000
vt 0.806500 1.000000
vt 0.806500 0.000000
vt 0.806667 1.000000
vt 0.806667 0.000000
vt 0.806833 1.000000
vt 0.806833 0.000000
vt 0.807000 1.000000
vt 0.807000 0.000000
vt 0.807167 1.000000
vt 0.807167 0.000000
vt 0.807333 1.000000
vt 0.807333 0.000000
vt 0.807500 1.000000
vt 0.807500 0.000000
vt 0.807667 1.000000
vt 0.807667 0.000000
vt 0.807833 1.000000
vt 0.807833 0.000000
vt 0.808000 1.000000
vt 0.808000 0.000000
vt 0.808167 1.000000
vt 0.808167 0.000000
vt 0.808333 1.000000
vt 0.808333 0.000000
vt 0.808500 1.000000
vt 0.808500 0.000000
vt 0.808667 1.000000
vt 0.808667 0.000000
vt 0.808833 1.000000
vt 0.808833 0.000000
vt 0.809000 1.000000
vt 0.809000 0.000000
vt 0.809167 1.000000
vt 0.809167 0.000000
vt 0.809333 1.000000
vt 0.809333 0.000000
vt 0.809500 1.000000
vt 0.809500 0.000000
vt 0.809667 1.000000
vt 0.809667 0.000000
vt 0.809833 1.000000
vt 0.809833 0.000000
vt 0.810000 1.000000
vt 0.810000 0.000000
vt 0.810167 1.000000
vt 0.810167 0.000000
vt 0.810333 1.000000
vt 0.810333 0.000000
vt 0.810500 1.000000
vt 0.810500 0.000000
vt 0.810667 1.000000
vt 0.810667 0.000000
vt 0.810833 1.000000
vt 0.810833 0.000000
vt 0.811000 1.000000
vt 0.811000 0.000000
vt 0.811167 1.000000
vt 0.811167 0.000000
vt 0.811333 1.000000
vt 0.811333 0.000000
vt 0.811500 1.000000
vt 0.811500 0.000000
vt 0.811667 1.000000
vt 0.811667 0.000000
vt 0.811833 1.000000
vt 0.811833 0.000000
vt 0.812000 1.000000
vt 0.812000 0.000000
vt 0.812167 1.000000
vt 0.812167 0.000000
vt 0.812333 1.000000
vt 0.812333 0.000000
vt 0.812500 1.000000
vt 0.812500 0.000000
vt 0.812667 1.000000
vt 0.812667 0.000000
vt 0.812833 1.000000
vt 0.812833 0.000000
vt 0.813000 1.000000
vt 0.813000 0.000000
vt 0.813167 1.000000
vt 0.813167 0.000000
vt 0.813333 1.000000
vt 0.813333 0.000000
vt 0.813500 1.000000
vt 0.813500 0.000000
vt 0.813667 1.000000
vt 0.813667 0.000000
vt 0.813833 1.000000
vt 0.813833 0.000000
vt 0.814000 1.000000
vt 0.814000 0.000000
vt 0.814167 1.000000
vt 0.814167 0.000000
vt 0.814333 1.000000
vt 0.814333 0.000000
vt 0.814500 1.000000
vt 0.814500 0.000000
vt 0.814667 1.000000
vt 0.814667 0.000000
vt 0.814833 1.000000
vt 0.814833 0.000000
vt 0.815000 1.000000
vt 0.815000 0.000000
vt 0.815167 1.000000
vt 0.815167 0.000000
vt 0.815333 1.000000
vt 0.815333 0.000000
vt 0.815500 1.000000
vt 0.815500 0.000000
vt 0.815667 1.000000
vt 0.815667 0.000000
vt 0.815833 1.000000
vt 0.815833 0.000000
vt 0.816000 1.000000
vt 0.816000 0.000000
vt 0.816167 1.000000
vt 0.816167 0.000000
vt 0.816333 1.000000
vt 0.816333 0.000000
vt 0.816500 1.000000
vt 0.816500 0.000000
vt 0.816667 1.000000
vt 0.816667 0.000000
vt 0.816833 1.000000
vt 0.816833 0.000000
vt 0.817000 1.000000
vt 0.817000 0.000000
vt 0.817167 1.000000
vt 0.817167 0.000000
vt 0.817333 1.000000
vt 0.817333 0.000000
vt 0.817500 1.000000
vt 0.817500 0.000000
vt 0.817667 1.000000
vt 0.817667 0.000000
vt 0.817833 1.000000
vt 0.817833 0.000000
vt 0.818000 1.000000
vt 0.818000 0.000000
vt 0.818167 1.000000
vt 0.818167 0.000000
vt 0.818333 1.000000
vt 0.818333 0.000000
vt 0.818500 1.000000
vt 0.818500 0.000000
vt 0.818667 1.000000
vt 0.818667 0.000000
vt 0.818833 1.000000
vt 0.818833 0.000000
vt 0.819000 1.000000
vt 0.819000 0.000000
vt 0.819167 1.000000
vt 0.819167 0.000000
vt 0.819333 1.000000
vt 0.819333 0.000000
vt 0.819500 1.000000
vt 0.819500 0.000000
vt 0.819667 1.000000
vt 0.819667 0.000000
vt 0.819833 1.000000
vt 0.819833 0.000000
vt 0.820000 1.000000
vt 0.820000 0.000000
vt 0.820167 1.000000
vt 0.820167 0.000000
vt 0.820333 1.000000
vt 0.820333 0.000000
vt 0.820500 1.000000
vt 0.820500 0.000000
vt 0.820667 1.000000
vt 0.820667 0.000000
vt 0.820833 1.000000
vt 0.820833 0.000000
vt 0.821000 1.000000
vt 0.821000 0.000000
vt 0.821167 1.000000
vt 0.821167 0.000000
vt 0.821333 1.000000
vt 0.821333 0.000000
vt 0.821500 1.000000
vt 0.821500 0.000000
vt 0.821667 1.000000
vt 0.821667 0.000000
vt 0.821833 1.000000
vt 0.821833 0.000000
vt 0.822000 1.000000
vt 0.822000 0.000000
vt 0.822167 1.000000
vt 0.822167 0.000000
vt 0.822333 1.000000
vt 0.822333 0.000000
vt 0.822500 1.000000
vt 0.822500 0.000000
vt 0.822667 1.000000
vt 0.822667 0.000000
vt 0.822833 1.000000
vt 0.822833 0.000000
vt 0.823000 1.000000
vt 0.823000 0.000000
vt 0.823167 1.000000
vt 0.823167 0.000000
vt 0.823333 1.000000
vt 0.823333 0.000000
vt 0.823500 1.000000
vt 0.823500 0.000000
vt 0.823667 1.000000
vt 0.823667 0.000000
vt 0.823833 1.000000
vt 0.823833 0.000000
vt 0.824000 1.000000
vt 0.824000 0.000000
vt 0.824167 1.000000
vt 0.824167 0.000000
vt 0.824333 1.000000
vt 0.824333 0.000000
vt 0.824500 1.000000
vt 0.824500 0.000000
vt 0.824667 1.000000
vt 0.824667 0.000000
vt 0.824833 1.000000
vt 0.824833 0.000000
vt 0.825000 1.000000
vt 0.825000 0.000000
vt 0.825167 1.000000
vt 0.825167 0.000000
vt 0.825333 1.000000
vt 0.825333 0.000000
vt 0.825500 1.000000
vt 0.825500 0.000000
vt 0.825667 1.000000
vt 0.825667 0.000000
vt 0.825833 1.000000
vt 0.825833 0.000000
vt 0.826000 1.000000
vt 0.826000 0.000000
vt 0.826167 1.000000
vt 0.826167 0.000000
vt 0.826333 1.000000
vt 0.826333 0.000000
vt 0.826500 1.000000
vt 0.826500 0.000000
vt 0.826667 1.000000
vt 0.826667 0.000000
vt 0.826833 1.000000
vt 0.826833 0.000000
vt 0.827000 1.000000
vt 0.827000 0.000000
vt 0.827167 1.000000
vt 0.827167 0.000000
vt 0.827333 1.000000
vt 0.827333 0.000000
vt 0.827500 1.000000
vt 0.827500 0.000000
vt 0.827667 1.000000
vt 0.827667 0.000000
vt 0.827833 1.000000
vt 0.827833 0.000000
vt 0.828000 1.000000
vt 0.828000 0.000000
vt 0.828167 1.000000
vt 0.828167 0.000000
vt 0.828333 1.000000
vt 0.828333 0.000000
vt 0.828500 1.000000
vt 0.828500 0.000000
vt 0.828667 1.000000
vt 0.828667 0.000000
vt 0.828833 1.000000
vt 0.828833 0.000000
vt 0.829000 1.000000
vt 0.829000 0.000000
vt 0.829167 1.000000
vt 0.829167 0.000000
vt 0.829333 1.000000
vt 0.829333 0.000000
vt 0.829500 1.000000
vt 0.829500 0.000000
vt 0.829667 1.000000
vt 0.829667 0.000000
vt 0.829833 1.000000
vt 0.829833 0.000000
vt 0.830000 1.000000
vt 0.830000 0.000000
vt 0.830167 1.000000
vt 0.830167 0.000000
vt 0.830333 1.000000
vt 0.830333 0.000000
vt 0.830500 1.000000
vt 0.830500 0.000000
vt 0.830667 1.000000
vt 0.830667 0.000000
vt 0.830833 1.000000
vt 0.830833 0.000000
vt 0.831000 1.000000
vt 0.831000 0.000000
vt 0.831167 1.000000
vt 0.831167 0.000000
vt 0.831333 1.000000
vt 0.831333 0.000000
vt 0.831500 1.000000
vt 0.831500 0.000000
vt 0.831667 1.000000
vt 0.831667 0.000000
vt 0.831833 1.000000
vt 0.831833 0.000000
vt 0.832000 1.000000
vt 0.832000 0.000000
vt 0.832167 1.000000
vt 0.832167 0.000000
vt 0.832333 1.000000
vt 0.832333 0.000000
vt 0.832500 1.000000
vt 0.832500 0.000000
vt 0.832667 1.000000
vt 0.832667 0.000000
vt 0.832833 1.000000
vt 0.832833 0.000000
vt 0.833000 1.000000
vt 0.833000 0.000000
vt 0.833167 1.000000
vt 0.833167 0.000000
vt 0.833333 1.000000
vt 0.833333 0.000000
vt 0.833500 1.000000
vt 0.833500 0.000000
vt 0.833667 1.000000
vt 0.833667 0.000000
vt 0.833833 1.000000
vt 0.833833 0.000000
vt 0.834000 1.000000
vt 0.834000 0.000000
vt 0.834167 1.000000
vt 0.834167 0.000000
vt 0.834333 1.000000
vt 0.834333 0.000000
vt 0.834500 1.000000
vt 0.834500 0.000000
vt 0.834667 1.000000
vt 0.834667 0.000000
vt 0.834833 1.000000
vt 0.834833 0.000000
vt 0.835000 1.000000
vt 0.835000 0.000000
vt 0.835167 1.000000
vt 0.835167 0.000000
vt 0.835333 1.000000
vt 0.835333 0.000000
vt 0.835500 1.000000
vt 0.835500 0.000000
vt 0.835667 1.000000
vt 0.835667 0.000000
vt 0.835833 1.000000
vt 0.835833 0.000000
vt 0.836000 1.000000
vt 0.836000 0.000000
vt 0.836167 1.000000
vt 0.836167 0.000000
vt 0.836333 1.000000
vt 0.836333 0.000000
vt 0.836500 1.000000
vt 0.836500 0.000000
vt 0.836667 1.000000
vt 0.836667 0.000000
vt 0.836833 1.000000
vt 0.836833 0.000000
vt 0.837000 1.000000
vt 0.837000 0.000000
vt 0.837167 1.000000
vt 0.837167 0.000000
vt 0.837333 1.000000
vt 0.837333 0.000000
vt 0.837500 1.000000
vt 0.837500 0.000000
vt 0.837667 1.000000
vt 0.837667 0.000000
vt 0.837833 1.000000
vt 0.837833 0.000000
vt 0.838000 1.000000
vt 0.838000 0.000000
vt 0.838167 1.000000
vt 0.838167 0.000000
vt 0.838333 1.000000
vt 0.838333 0.000000
vt 0.838500 1.000000
vt 0.838500 0.000000
vt 0.838667 1.000000
vt 0.838667 0.000000
vt 0.838833 1.000000
vt 0.838833 0.000000
vt 0.839000 1.000000
vt 0.839000 0.000000
vt 0.839167 1.000000
vt 0.839167 0.000000
vt 0.839333 1.000000
vt 0.839333 0.000000
vt 0.839500 1.000000
vt 0.839500 0.000000
vt 0.839667 1.000000
vt 0.839667 0.000000
vt 0.839833 1.000000
vt 0.839833 0.000000
vt 0.840000 1.000000
vt 0.840000 0.000000
vt 0.840167 1.000000
vt 0.840167 0.000000
vt 0.840333 1.000000
vt 0.840333 0.000000
vt 0.840500 1.000000
vt 0.840500 0.000000
vt 0.840667 1.000000
vt 0.840667 0.000000
vt 0.840833 1.000000
vt 0.840833 0.000000
vt 0.841000 1.000000
vt 0.841000 0.000000
vt 0.841167 1.000000
vt 0.841167 0.000000
vt 0.841333 1.000000
vt 0.841333 0.000000
vt 0.841500 1.000000
vt 0.841500 0.000000
vt 0.841667 1.000000
vt 0.841667 0.000000
vt 0.841833 1.000000
vt 0.841833 0.000000
vt 0.842000 1.000000
vt 0.842000 0.000000
vt 0.842167 1.000000
vt 0.842167 0.000000
vt 0.842333 1.000000
vt 0.842333 0.000000
vt 0.842500 1.000000
vt 0.842500 0.000000
vt 0.842667 1.000000
vt 0.842667 0.000000
vt 0.842833 1.000000
vt 0.842833 0.000000
vt 0.843000 1.000000
vt 0.843000 0.000000
vt 0.843167 1.000000
vt 0.843167 0.000000
vt 0.843333 1.000000
vt 0.843333 0.000000
vt 0.843500 1.000000
vt 0.843500 0.000000
vt 0.843667 1.000000
vt 0.843667 0.000000
vt 0.843833 1.000000
vt 0.843833 0.000000
vt 0.844000 1.000000
vt 0.844000 0.000000
vt 0.844167 1.000000
vt 0.844167 0.000000
vt 0.844333 1.000000
vt 0.844333 0.000000
vt 0.844500 1.000000
vt 0.844500 0.000000
vt 0.844667 1.000000
vt 0.844667 0.000000
vt 0.844833 1.000000
vt 0.844833 0.000000
vt 0.845000 1.000000
vt 0.845000 0.000000
vt 0.845167 1.000000
vt 0.845167 0.000000
vt 0.845333 1.000000
vt 0.845333 0.000000
vt 0.845500 1.000000
vt 0.845500 0.000000
vt 0.845667 1.000000
vt 0.845667 0.000000
vt 0.845833 1.000000
vt 0.845833 0.000000
vt 0.846000 1.000000
vt 0.846000 0.000000
vt 0.846167 1.000000
vt 0.846167 0.000000
vt 0.846333 1.000000
vt 0.846333 0.000000
vt 0.846500 1.000000
vt 0.846500 0.000000
vt 0.846667 1.000000
vt 0.846667 0.000000
vt 0.846833 1.000000
vt 0.846833 0.000000
vt 0.847000 1.000000
vt 0.847000 0.000000
vt 0.847167 1.000000
vt 0.847167 0.000000
vt 0.847333 1.000000
vt 0.847333 0.000000
vt 0.847500 1.000000
vt 0.847500 0.000000
vt 0.847667 1.000000
vt 0.847667 0.000000
vt 0.847833 1.000000
vt 0.847833 0.000000
vt 0.848000 1.000000
vt 0.848000 0.000000
vt 0.848167 1.000000
vt 0.848167 0.000000
vt 0.848333 1.000000
vt 0.848333 0.000000
vt 0.848500 1.000000
vt 0.848500 0.000000
vt 0.848667 1.000000
vt 0.848667 0.000000
vt 0.848833 1.000000
vt 0.848833 0.000000
vt 0.849000 1.000000
vt 0.849000 0.000000
vt 0.849167 1.000000
vt 0.849167 0.000000
vt 0.849333 1.000000
vt 0.849333 0.000000
vt 0.849500 1.000000
vt 0.849500 0.000000
vt 0.849667 1.000000
vt 0.849667 0.000000
vt 0.849833 1.000000
vt 0.849833 0.000000
vt 0.850000 1.000000
vt 0.850000 0.000000
vt 0.850167 1.000000
vt 0.850167 0.000000
vt 0.850333 1.000000
vt 0.850333 0.000000
vt 0.850500 1.000000
vt 0.850500 0.000000
vt 0.850667 1.000000
vt 0.850667 0.000000
vt 0.850833 1.000000
vt 0.850833 0.000000
vt 0.851000 1.000000
vt 0.851000 0.000000
vt 0.851167 1.000000
vt 0.851167 0.000000
vt 0.851333 1.000000
vt 0.851333 0.000000
vt 0.851500 1.000000
vt 0.851500 0.000000
vt 0.851667 1.000000
vt 0.851667 0.000000
vt 0.851833 1.000000
vt 0.851833 0.000000
vt 0.852000 1.000000
vt 0.852000 0.000000
vt 0.852167 1.000000
vt 0.852167 0.000000
vt 0.852333 1.000000
vt 0.852333 0.000000
vt 0.852500 1.000000
vt 0.852500 0.000000
vt 0.852667 1.000000
vt 0.852667 0.000000
vt 0.852833 1.000000
vt 0.852833 0.000000
vt 0.853000 1.000000
vt 0.853000 0.000000
vt 0.853167 1.000000
vt 0.853167 0.000000
vt 0.853333 1.000000
vt 0.853333 0.000000
vt 0.853500 1.000000
vt 0.853500 0.000000
vt 0.853667 1.000000
vt 0.853667 0.000000
vt 0.853833 1.000000
vt 0.853833 0.000000
vt 0.854000 1.000000
vt 0.854000 0.000000
vt 0.854167 1.000000
vt 0.854167 0.000000
vt 0.854333 1.000000
vt 0.854333 0.000000
vt 0.854500 1.000000
vt 0.854500 0.000000
vt 0.854667 1.000000
vt 0.854667 0.000000
vt 0.854833 1.000000
vt 0.854833 0.000000
vt 0.855000 1.000000
vt 0.855000 0.000000
vt 0.855167 1.000000
vt 0.855167 0.000000
vt 0.855333 1.000000
vt 0.855333 0.000000
vt 0.855500 1.000000
vt 0.855500 0.000000
vt 0.855667 1.000000
vt 0.855667 0.000000
vt 0.855833 1.000000
vt 0.855833 0.000000
vt 0.856000 1.000000
vt 0.856000 0.000000
vt 0.856167 1.000000
vt 0.856167 0.000000
vt 0.856333 1.000000
vt 0.856333 0.000000
vt 0.856500 1.000000
vt 0.856500 0.000000
vt 0.856667 1.000000
vt 0.856667 0.000000
vt 0.856833 1.000000
vt 0.856833 0.000000
vt 0.857000 1.000000
vt 0.857000 0.000000
vt 0.857167 1.000000
vt 0.857167 0.000000
vt 0.857333 1.000000
vt 0.857333 0.000000
vt 0.857500 1.000000
vt 0.857500 0.000000
vt 0.857667 1.000000
vt 0.857667 0.000000
vt 0.857833 1.000000
vt 0.857833 0.000000
vt 0.858000 1.000000
vt 0.858000 0.000000
vt 0.858167 1.000000
vt 0.858167 0.000000
vt 0.858333 1.000000
vt 0.858333 0.000000
vt 0.858500 1.000000
vt 0.858500 0.000000
vt 0.858667 1.000000
vt 0.858667 0.000000
vt 0.858833 1.000000
vt 0.858833 0.000000
vt 0.859000 1.000000
vt 0.859000 0.000000
vt 0.859167 1.000000
vt 0.859167 0.000000
vt 0.859333 1.000000
vt 0.859333 0.000000
vt 0.859500 1.000000
vt 0.859500 0.000000
vt 0.859667 1.000000
vt 0.859667 0.000000
vt 0.859833 1.000000
vt 0.859833 0.000000
vt 0.860000 1.000000
vt 0.860000 0.000000
vt 0.860167 1.000000
vt 0.860167 0.000000
vt 0.860333 1.000000
vt 0.860333 0.000000
vt 0.860500 1.000000
vt 0.860500 0.000000
vt 0.860667 1.000000
vt 0.860667 0.000000
vt 0.860833 1.000000
vt 0.860833 0.000000
vt 0.861000 1.000000
vt 0.861000 0.000000
vt 0.861167 1.000000
vt 0.861167 0.000000
vt 0.861333 1.000000
vt 0.861333 0.000000
vt 0.861500 1.000000
vt 0.861500 0.000000
vt 0.861667 1.000000
vt 0.861667 0.000000
vt 0.861833 1.000000
vt 0.861833 0.000000
vt 0.862000 1.000000
vt 0.862000 0.000000
vt 0.862167 1.000000
vt 0.862167 0.000000
vt 0.862333 1.000000
vt 0.862333 0.000000
vt 0.862500 1.000000
vt 0.862500 0.000000
vt 0.862667 1.000000
vt 0.862667 0.000000
vt 0.862833 1.000000
vt 0.862833 0.000000
vt 0.863000 1.000000
vt 0.863000 0.000000
vt 0.863167 1.000000
vt 0.863167 0.000000
vt 0.863333 1.000000
vt 0.863333 0.000000
vt 0.863500 1.000000
vt 0.863500 0.000000
vt 0.863667 1.000000
vt 0.863667 0.000000
vt 0.863833 1.000000
vt 0.863833 0.000000
vt 0.864000 1.000000
vt 0.864000 0.000000
vt 0.864167 1.000000
vt 0.864167 0.000000
vt 0.864333 1.000000
vt 0.864333 0.000000
vt 0.864500 1.000000
vt 0.864500 0.000000
vt 0.864667 1.000000
vt 0.864667 0.000000
vt 0.864833 1.000000
vt 0.864833 0.000000
vt 0.865000 1.000000
vt 0.865000 0.000000
vt 0.865167 1.000000
vt 0.865167 0.000000
vt 0.865333 1.000000
vt 0.865333 0.000000
vt 0.865500 1.000000
vt 0.865500 0.000000
vt 0.865667 1.000000
vt 0.865667 0.000000
vt 0.865833 1.000000
vt 0.865833 0.000000
vt 0.866000 1.000000
vt 0.866000 0.000000
vt 0.866167 1.000000
vt 0.866167 0.000000
vt 0.866333 1.000000
vt 0.866333 0.000000
vt 0.866500 1.000000
vt 0.866500 0.000000
vt 0.866667 1.000000
vt 0.866667 0.000000
vt 0.866833 1.000000
vt 0.866833 0.000000
vt 0.867000 1.000000
vt 0.867000 0.000000
vt 0.867167 1.000000
vt 0.867167 0.000000
vt 0.867333 1.000000
vt 0.867333 0.000000
vt 0.867500 1.000000
vt 0.867500 0.000000
vt 0.867667 1.000000
vt 0.867667 0.000000
vt 0.867833 1.000000
vt 0.867833 0.000000
vt 0.868000 1.000000
vt 0.868000 0.000000
vt 0.868167 1.000000
vt 0.868167 0.000000
vt 0.868333 1.000000
vt 0.868333 0.000000
vt 0.868500 1.000000
vt 0.868500 0.000000
vt 0.868667 1.000000
vt 0.868667 0.000000
vt 0.868833 1.000000
vt 0.868833 0.000000
vt 0.869000 1.000000
vt 0.869000 0.000000
vt 0.869167 1.000000
vt 0.869167 0.000000
vt 0.869333 1.000000
vt 0.869333 0.000000
vt 0.869500 1.000000
vt 0.869500 0.000000
vt 0.869667 1.000000
vt 0.869667 0.000000
vt 0.869833 1.000000
vt 0.869833 0.000000
vt 0.870000 1.000000
vt 0.870000 0.000000
vt 0.870167 1.000000
vt 0.870167 0.000000
vt 0.870333 1.000000
vt 0.870333 0.000000
vt 0.870500 1.000000
vt 0.870500 0.000000
vt 0.870667 1.000000
vt 0.870667 0.000000
vt 0.870833 1.000000
vt 0.870833 0.000000
vt 0.871000 1.000000
vt 0.871000 0.000000
vt 0.871167 1.000000
vt 0.871167 0.000000
vt 0.871333 1.000000
vt 0.871333 0.000000
vt 0.871500 1.000000
vt 0.871500 0.000000
vt 0.871667 1.000000
vt 0.871667 0.000000
vt 0.871833 1.000000
vt 0.871833 0.000000
vt 0.872000 1.000000
vt 0.872000 0.000000
vt 0.872167 1.000000
vt 0.872167 0.000000
vt 0.872333 1.000000
vt 0.872333 0.000000
vt 0.872500 1.000000
vt 0.872500 0.000000
vt 0.872667 1.000000
vt 0.872667 0.000000
vt 0.872833 1.000000
vt 0.872833 0.000000
vt 0.873000 1.000000
vt 0.873000 0.000000
vt 0.873167 1.000000
vt 0.873167 0.000000
vt 0.873333 1.000000
vt 0.873333 0.000000
vt 0.873500 1.000000
vt 0.873500 0.000000
vt 0.873667 1.000000
vt 0.873667 0.000000
vt 0.873833 1.000000
vt 0.873833 0.000000
vt 0.874000 1.000000
vt 0.874000 0.000000
vt 0.874167 1.000000
vt 0.874167 0.000000
vt 0.874333 1.000000
vt 0.874333 0.000000
vt 0.874500 1.000000
vt 0.874500 0.000000
vt 0.874667 1.000000
vt 0.874667 0.000000
vt 0.874833 1.000000
vt 0.874833 0.000000
vt 0.875000 1.000000
vt 0.875000 0.000000
vt 0.875167 1.000000
vt 0.875167 0.000000
vt 0.875333 1.000000
vt 0.875333 0.000000
vt 0.875500 1.000000
vt 0.875500 0.000000
vt 0.875667 1.000000
vt 0.875667 0.000000
vt 0.875833 1.000000
vt 0.875833 0.000000
vt 0.876000 1.000000
vt 0.876000 0.000000
vt 0.876167 1.000000
vt 0.876167 0.000000
vt 0.876333 1.000000
vt 0.876333 0.000000
vt 0.876500 1.000000
vt 0.876500 0.000000
vt 0.876667 1.000000
vt 0.876667 0.000000
vt 0.876833 1.000000
vt 0.876833 0.000000
vt 0.877000 1.000000
vt 0.877000 0.000000
vt 0.877167 1.000000
vt 0.877167 0.000000
vt 0.877333 1.000000
vt 0.877333 0.000000
vt 0.877500 1.000000
vt 0.877500 0.000000
vt 0.877667 1.000000
vt 0.877667 0.000000
vt 0.877833 1.000000
vt 0.877833 0.000000
vt 0.878000 1.000000
vt 0.878000 0.000000
vt 0.878167 1.000000
vt 0.878167 0.000000
vt 0.878333 1.000000
vt 0.878333 0.000000
vt 0.878500 1.000000
vt 0.878500 0.000000
vt 0.878667 1.000000
vt 0.878667 0.000000
vt 0.878833 1.000000
vt 0.878833 0.000000
vt 0.879000 1.000000
vt 0.879000 0.000000
vt 0.879167 1.000000
vt 0.879167 0.000000
vt 0.879333 1.000000
vt 0.879333 0.000000
vt 0.879500 1.000000
vt 0.879500 0.000000
vt 0.879667 1.000000
vt 0.879667 0.000000
vt 0.879833 1.000000
vt 0.879833 0.000000
vt 0.880000 1.000000
vt 0.880000 0.000000
vt 0.880167 1.000000
vt 0.880167 0.000000
vt 0.880333 1.000000
vt 0.880333 0.000000
vt 0.880500 1.000000
vt 0.880500 0.000000
vt 0.880667 1.000000
vt 0.880667 0.000000
vt 0.880833 1.000000
vt 0.880833 0.000000
vt 0.881000 1.000000
vt 0.881000 0.000000
vt 0.881167 1.000000
vt 0.881167 0.000000
vt 0.881333 1.000000
vt 0.881333 0.000000
vt 0.881500 1.000000
vt 0.881500 0.000000
vt 0.881667 1.000000
vt 0.881667 0.000000
vt 0.881833 1.000000
vt 0.881833 0.000000
vt 0.882000 1.000000
vt 0.882000 0.000000
vt 0.882167 1.000000
vt 0.882167 0.000000
vt 0.882333 1.000000
vt 0.882333 0.000000
vt 0.882500 1.000000
vt 0.882500 0.000000
vt 0.882667 1.000000
vt 0.882667 0.000000
vt 0.882833 1.000000
vt 0.882833 0.000000
vt 0.883000 1.000000
vt 0.883000 0.000000
vt 0.883167 1.000000
vt 0.883167 0.000000
vt 0.883333 1.000000
vt 0.883333 0.000000
vt 0.883500 1.000000
vt 0.883500 0.000000
vt 0.883667 1.000000
vt 0.883667 0.000000
vt 0.883833 1.000000
vt 0.883833 0.000000
vt 0.884000 1.000000
vt 0.884000 0.000000
vt 0.884167 1.000000
vt 0.884167 0.000000
vt 0.884333 1.000000
vt 0.884333 0.000000
vt 0.884500 1.000000
vt 0.884500 0.000000
vt 0.884667 1.000000
vt 0.884667 0.000000
vt 0.884833 1.000000
vt 0.884833 0.000000
vt 0.885000 1.000000
vt 0.885000 0.000000
vt 0.885167 1.000000
vt 0.885167 0.000000
vt 0.885333 1.000000
vt 0.885333 0.000000
vt 0.885500 1.000000
vt 0.885500 0.000000
vt 0.885667 1.000000
vt 0.885667 0.000000
vt 0.885833 1.000000
vt 0.885833 0.000000
vt 0.886000 1.000000
vt 0.886000 0.000000
vt 0.886167 1.000000
vt 0.886167 0.000000
vt 0.886333 1.000000
vt 0.886333 0.000000
vt 0.886500 1.000000
vt 0.886500 0.000000
vt 0.886667 1.000000
vt 0.886667 0.000000
vt 0.886833 1.000000
vt 0.886833 0.000000
vt 0.887000 1.000000
vt 0.887000 0.000000
vt 0.887167 1.000000
vt 0.887167 0.000000
vt 0.887333 1.000000
vt 0.887333 0.000000
vt 0.887500 1.000000
vt 0.887500 0.000000
vt 0.887667 1.000000
vt 0.887667 0.000000
vt 0.887833 1.000000
vt 0.887833 0.000000
vt 0.888000 1.000000
vt 0.888000 0.000000
vt 0.888167 1.000000
vt 0.888167 0.000000
vt 0.888333 1.000000
vt 0.888333 0.000000
vt 0.888500 1.000000
vt 0.888500 0.000000
vt 0.888667 1.000000
vt 0.888667 0.000000
vt 0.888833 1.000000
vt 0.888833 0.000000
vt 0.889000 1.000000
vt 0.889000 0.000000
vt 0.889167 1.000000
vt 0.889167 0.000000
vt 0.889333 1.000000
vt 0.889333 0.000000
vt 0.889500 1.000000
vt 0.889500 0.000000
vt 0.889667 1.000000
vt 0.889667 0.000000
vt 0.889833 1.000000
vt 0.889833 0.000000
vt 0.890000 1.000000
vt 0.890000 0.000000
vt 0.890167 1.000000
vt 0.890167 0.000000
vt 0.890333 1.000000
vt 0.890333 0.000000
vt 0.890500 1.000000
vt 0.890500 0.000000
vt 0.890667 1.000000
vt 0.890667 0.000000
vt 0.890833 1.000000
vt 0.890833 0.000000
vt 0.891000 1.000000
vt 0.891000 0.000000
vt 0.891167 1.000000
vt 0.891167 0.000000
vt 0.891333 1.000000
vt 0.891333 0.000000
vt 0.891500 1.000000
vt 0.891500 0.000000
vt 0.891667 1.000000
vt 0.891667 0.000000
vt 0.891833 1.000000
vt 0.891833 0.000000
vt 0.892000 1.000000
vt 0.892000 0.000000
vt 0.892167 1.000000
vt 0.892167 0.000000
vt 0.892333 1.000000
vt 0.892333 0.000000
vt 0.892500 1.000000
vt 0.892500 0.000000
vt 0.892667 1.000000
vt 0.892667 0.000000
vt 0.892833 1.000000
vt 0.892833 0.000000
vt 0.893000 1.000000
vt 0.893000 0.000000
vt 0.893167 1.000000
vt 0.893167 0.000000
vt 0.893333 1.000000
vt 0.893333 0.000000
vt 0.893500 1.000000
vt 0.893500 0.000000
vt 0.893667 1.000000
vt 0.893667 0.000000
vt 0.893833 1.000000
vt 0.893833 0.000000
vt 0.894000 1.000000
vt 0.894000 0.000000
vt 0.894167 1.000000
vt 0.894167 0.000000
vt 0.894333 1.000000
vt 0.894333 0.000000
vt 0.894500 1.000000
vt 0.894500 0.000000
vt 0.894667 1.000000
vt 0.894667 0.000000
vt 0.894833 1.000000
vt 0.894833 0.000000
vt 0.895000 1.000000
vt 0.895000 0.000000
vt 0.895167 1.000000
vt 0.895167 0.000000
vt 0.895333 1.000000
vt 0.895333 0.000000
vt 0.895500 1.000000
vt 0.895500 0.000000
vt 0.895667 1.000000
vt 0.895667 0.000000
vt 0.895833 1.000000
vt 0.895833 0.000000
vt 0.896000 1.000000
vt 0.896000 0.000000
vt 0.896167 1.000000
vt 0.896167 0.000000
vt 0.896333 1.000000
vt 0.896333 0.000000
vt 0.896500 1.000000
vt 0.896500 0.000000
vt 0.896667 1.000000
vt 0.896667 0.000000
vt 0.896833 1.000000
vt 0.896833 0.000000
vt 0.897000 1.000000
vt 0.897000 0.000000
vt 0.897167 1.000000
vt 0.897167 0.000000
vt 0.897333 1.000000
vt 0.897333 0.000000
vt 0.897500 1.000000
vt 0.897500 0.000000
vt 0.897667 1.000000
vt 0.897667 0.000000
vt 0.897833 1.000000
vt 0.897833 0.000000
vt 0.898000 1.000000
vt 0.898000 0.000000
vt 0.898167 1.000000
vt 0.898167 0.000000
vt 0.898333 1.000000
vt 0.898333 0.000000
vt 0.898500 1.000000
vt 0.898500 0.000000
vt 0.898667 1.000000
vt 0.898667 0.000000
vt 0.898833 1.000000
vt 0.898833 0.000000
vt 0.899000 1.000000
vt 0.899000 0.000000
vt 0.899167 1.000000
vt 0.899167 0.000000
vt 0.899333 1.000000
vt 0.899333 0.000000
vt 0.899500 1.000000
vt 0.899500 0.000000
vt 0.899667 1.000000
vt 0.899667 0.000000
vt 0.899833 1.000000
vt 0.899833 0.000000
vt 0.900000 1.000000
vt 0.900000 0.000000
vt 0.900167 1.000000
vt 0.900167 0.000000
vt 0.900333 1.000000
vt 0.900333 0.000000
vt 0.900500 1.000000
vt 0.900500 0.000000
vt 0.900667 1.000000
vt 0.900667 0.000000
vt 0.900833 1.000000
vt 0.900833 0.000000
vt 0.901000 1.000000
vt 0.901000 0.000000
vt 0.901167 1.000000
vt 0.901167 0.000000
vt 0.901333 1.000000
vt 0.901333 0.000000
vt 0.901500 1.000000
vt 0.901500 0.000000
vt 0.901667 1.000000
vt 0.901667 0.000000
vt 0.901833 1.000000
vt 0.901833 0.000000
vt 0.902000 1.000000
vt 0.902000 0.000000
vt 0.902167 1.000000
vt 0.902167 0.000000
vt 0.902333 1.000000
vt 0.902333 0.000000
vt 0.902500 1.000000
vt 0.902500 0.000000
vt 0.902667 1.000000
vt 0.902667 0.000000
vt 0.902833 1.000000
vt 0.902833 0.000000
vt 0.903000 1.000000
vt 0.903000 0.000000
vt 0.903167 1.000000
vt 0.903167 0.000000
vt 0.903333 1.000000
vt 0.903333 0.000000
vt 0.903500 1.000000
vt 0.903500 0.000000
vt 0.903667 1.000000
vt 0.903667 0.000000
vt 0.903833 1.000000
vt 0.903833 0.000000
vt 0.904000 1.000000
vt 0.904000 0.000000
vt 0.904167 1.000000
vt 0.904167 0.000000
vt 0.904333 1.000000
vt 0.904333 0.000000
vt 0.904500 1.000000
vt 0.904500 0.000000
vt 0.904667 1.000000
vt 0.904667 0.000000
vt 0.904833 1.000000
vt 0.904833 0.000000
vt 0.905000 1.000000
vt 0.905000 0.000000
vt 0.905167 1.000000
vt 0.905167 0.000000
vt 0.905333 1.000000
vt 0.905333 0.000000
vt 0.905500 1.000000
vt 0.905500 0.000000
vt 0.905667 1.000000
vt 0.905667 0.000000
vt 0.905833 1.000000
vt 0.905833 0.000000
vt 0.906000 1.000000
vt 0.906000 0.000000
vt 0.906167 1.000000
vt 0.906167 0.000000
vt 0.906333 1.000000
vt 0.906333 0.000000
vt 0.906500 1.000000
vt 0.906500 0.000000
vt 0.906667 1.000000
vt 0.906667 0.000000
vt 0.906833 1.000000
vt 0.906833 0.000000
vt 0.907000 1.000000
vt 0.907000 0.000000
vt 0.907167 1.000000
vt 0.907167 0.000000
vt 0.907333 1.000000
vt 0.907333 0.000000
vt 0.907500 1.000000
vt 0.907500 0.000000
vt 0.907667 1.000000
vt 0.907667 0.000000
vt 0.907833 1.000000
vt 0.907833 0.000000
vt 0.908000 1.000000
vt 0.908000 0.000000
vt 0.908167 1.000000
vt 0.908167 0.000000
vt 0.908333 1.000000
vt 0.908333 0.000000
vt 0.908500 1.000000
vt 0.908500 0.000000
vt 0.908667 1.000000
vt 0.908667 0.000000
vt 0.908833 1.000000
vt 0.908833 0.000000
vt 0.909000 1.000000
vt 0.909000 0.000000
vt 0.909167 1.000000
vt 0.909167 0.000000
vt 0.909333 1.000000
vt 0.909333 0.000000
vt 0.909500 1.000000
vt 0.909500 0.000000
vt 0.909667 1.000000
vt 0.909667 0.000000
vt 0.909833 1.000000
vt 0.909833 0.000000
vt 0.910000 1.000000
vt 0.910000 0.000000
vt 0.910167 1.000000
vt 0.910167 0.000000
vt 0.910333 1.000000
vt 0.910333 0.000000
vt 0.910500 1.000000
vt 0.910500 0.000000
vt 0.910667 1.000000
vt 0.910667 0.000000
vt 0.910833 1.000000
vt 0.910833 0.000000
vt 0.911000 1.000000
vt 0.911000 0.000000
vt 0.911167 1.000000
vt 0.911167 0.000000
vt 0.911333 1.000000
vt 0.911333 0.000000
vt 0.911500 1.000000
vt 0.911500 0.000000
vt 0.911667 1.000000
vt 0.911667 0.000000
vt 0.911833 1.000000
vt 0.911833 0.000000
vt 0.912000 1.000000
vt 0.912000 0.000000
vt 0.912167 1.000000
vt 0.912167 0.000000
vt 0.912333 1.000000
vt 0.912333 0.000000
vt 0.912500 1.000000
vt 0.912500 0.000000
vt 0.912667 1.000000
vt 0.912667 0.000000
vt 0.912833 1.000000
vt 0.912833 0.000000
vt 0.913000 1.000000
vt 0.913000 0.000000
vt 0.913167 1.000000
vt 0.913167 0.000000
vt 0.913333 1.000000
vt 0.913333 0.000000
vt 0.913500 1.000000
vt 0.913500 0.000000
vt 0.913667 1.000000
vt 0.913667 0.000000
vt 0.913833 1.000000
vt 0.913833 0.000000
vt 0.914000 1.000000
vt 0.914000 0.000000
vt 0.914167 1.000000
vt 0.914167 0.000000
vt 0.914333 1.000000
vt 0.914333 0.000000
vt 0.914500 1.000000
vt 0.914500 0.000000
vt 0.914667 1.000000
vt 0.914667 0.000000
vt 0.914833 1.000000
vt 0.914833 0.000000
vt 0.915000 1.000000
vt 0.915000 0.000000
vt 0.915167 1.000000
vt 0.915167 0.000000
vt 0.915333 1.000000
vt 0.915333 0.000000
vt 0.915500 1.000000
vt 0.915500 0.000000
vt 0.915667 1.000000
vt 0.915667 0.000000
vt 0.915833 1.000000
vt 0.915833 0.000000
vt 0.916000 1.000000
vt 0.916000 0.000000
vt 0.916167 1.000000
vt 0.916167 0.000000
vt 0.916333 1.000000
vt 0.916333 0.000000
vt 0.916500 1.000000
vt 0.916500 0.000000
vt 0.916667 1.000000
vt 0.916667 0.000000
vt 0.916833 1.000000
vt 0.916833 0.000000
vt 0.917000 1.000000
vt 0.917000 0.000000
vt 0.917167 1.000000
vt 0.917167 0.000000
vt 0.917333 1.000000
vt 0.917333 0.000000
vt 0.917500 1.000000
vt 0.917500 0.000000
vt 0.917667 1.000000
vt 0.917667 0.000000
vt 0.917833 1.000000
vt 0.917833 0.000000
vt 0.918000 1.000000
vt 0.918000 0.000000
vt 0.918167 1.000000
vt 0.918167 0.000000
vt 0.918333 1.000000
vt 0.918333 0.000000
vt 0.918500 1.000000
vt 0.918500 0.000000
vt 0.918667 1.000000
vt 0.918667 0.000000
vt 0.918833 1.000000
vt 0.918833 0.000000
vt 0.919000 1.000000
vt 0.919000 0.000000
vt 0.919167 1.000000
vt 0.919167 0.000000
vt 0.919333 1.000000
vt 0.919333 0.000000
vt 0.919500 1.000000
vt 0.919500 0.000000
vt 0.919667 1.000000
vt 0.919667 0.000000
vt 0.919833 1.000000
vt 0.919833 0.000000
vt 0.920000 1.000000
vt 0.920000 0.000000
vt 0.920167 1.000000
vt 0.920167 0.000000
vt 0.920333 1.000000
vt 0.920333 0.000000
vt 0.920500 1.000000
vt 0.920500 0.000000
vt 0.920667 1.000000
vt 0.920667 0.000000
vt 0.920833 1.000000
vt 0.920833 0.000000
vt 0.921000 1.000000
vt 0.921000 0.000000
vt 0.921167 1.000000
vt 0.921167 0.000000
vt 0.921333 1.000000
vt 0.921333 0.000000
vt 0.921500 1.000000
vt 0.921500 0.000000
vt 0.921667 1.000000
vt 0.921667 0.000000
vt 0.921833 1.000000
vt 0.921833 0.000000
vt 0.922000 1.000000
vt 0.922000 0.000000
vt 0.922167 1.000000
vt 0.922167 0.000000
vt 0.922333 1.000000
vt 0.922333 0.000000
vt 0.922500 1.000000
vt 0.922500 0.000000
vt 0.922667 1.000000
vt 0.922667 0.000000
vt 0.922833 1.000000
vt 0.922833 0.000000
vt 0.923000 1.000000
vt 0.923000 0.000000
vt 0.923167 1.000000
vt 0.923167 0.000000
vt 0.923333 1.000000
vt 0.923333 0.000000
vt 0.923500 1.000000
vt 0.923500 0.000000
vt 0.923667 1.000000
vt 0.923667 0.000000
vt 0.923833 1.000000
vt 0.923833 0.000000
vt 0.924000 1.000000
vt 0.924000 0.000000
vt 0.924167 1.000000
vt 0.924167 0.000000
vt 0.924333 1.000000
vt 0.924333 0.000000
vt 0.924500 1.000000
vt 0.924500 0.000000
vt 0.924667 1.000000
vt 0.924667 0.000000
vt 0.924833 1.000000
vt 0.924833 0.000000
vt 0.925000 1.000000
vt 0.925000 0.000000
vt 0.925167 1.000000
vt 0.925167 0.000000
vt 0.925333 1.000000
vt 0.925333 0.000000
vt 0.925500 1.000000
vt 0.925500 0.000000
vt 0.925667 1.000000
vt 0.925667 0.000000
vt 0.925833 1.000000
vt 0.925833 0.000000
vt 0.926000 1.000000
vt 0.926000 0.000000
vt 0.926167 1.000000
vt 0.926167 0.000000
vt 0.926333 1.000000
vt 0.926333 0.000000
vt 0.926500 1.000000
vt 0.926500 0.000000
vt 0.926667 1.000000
vt 0.926667 0.000000
vt 0.926833 1.000000
vt 0.926833 0.000000
vt 0.927000 1.000000
vt 0.927000 0.000000
vt 0.927167 1.000000
vt 0.927167 0.000000
vt 0.927333 1.000000
vt 0.927333 0.000000
vt 0.927500 1.000000
vt 0.927500 0.000000
vt 0.927667 1.000000
vt 0.927667 0.000000
vt 0.927833 1.000000
vt 0.927833 0.000000
vt 0.928000 1.000000
vt 0.928000 0.000000
vt 0.928167 1.000000
vt 0.928167 0.000000
vt 0.928333 1.000000
vt 0.928333 0.000000
vt 0.928500 1.000000
vt 0.928500 0.000000
vt 0.928667 1.000000
vt 0.928667 0.000000
vt 0.928833 1.000000
vt 0.928833 0.000000
vt 0.929000 1.000000
vt 0.929000 0.000000
vt 0.929167 1.000000
vt 0.929167 0.000000
vt 0.929333 1.000000
vt 0.929333 0.000000
vt 0.929500 1.000000
vt 0.929500 0.000000
vt 0.929667 1.000000
vt 0.929667 0.000000
vt 0.929833 1.000000
vt 0.929833 0.000000
vt 0.930000 1.000000
vt 0.930000 0.000000
vt 0.930167 1.000000
vt 0.930167 0.000000
vt 0.930333 1.000000
vt 0.930333 0.000000
vt 0.930500 1.000000
vt 0.930500 0.000000
vt 0.930667 1.000000
vt 0.930667 0.000000
vt 0.930833 1.000000
vt 0.930833 0.000000
vt 0.931000 1.000000
vt 0.931000 0.000000
vt 0.931167 1.000000
vt 0.931167 0.000000
vt 0.931333 1.000000
vt 0.931333 0.000000
vt 0.931500 1.000000
vt 0.931500 0.000000
vt 0.931667 1.000000
vt 0.931667 0.000000
vt 0.931833 1.000000
vt 0.931833 0.000000
vt 0.932000 1.000000
vt 0.932000 0.000000
vt 0.932167 1.000000
vt 0.932167 0.000000
vt 0.932333 1.000000
vt 0.932333 0.000000
vt 0.932500 1.000000
vt 0.932500 0.000000
vt 0.932667 1.000000
vt 0.932667 0.000000
vt 0.932833 1.000000
vt 0.932833 0.000000
vt 0.933000 1.000000
vt 0.933000 0.000000
vt 0.933167 1.000000
vt 0.933167 0.000000
vt 0.933333 1.000000
vt 0.933333 0.000000
vt 0.933500 1.000000
vt 0.933500 0.000000
vt 0.933667 1.000000
vt 0.933667 0.000000
vt 0.933833 1.000000
vt 0.933833 0.000000
vt 0.934000 1.000000
vt 0.934000 0.000000
vt 0.934167 1.000000
vt 0.934167 0.000000
vt 0.934333 1.000000
vt 0.934333 0.000000
vt 0.934500 1.000000
vt 0.934500 0.000000
vt 0.934667 1.000000
vt 0.934667 0.000000
vt 0.934833 1.000000
vt 0.934833 0.000000
vt 0.935000 1.000000
vt 0.935000 0.000000
vt 0.935167 1.000000
vt 0.935167 0.000000
vt 0.935333 1.000000
vt 0.935333 0.000000
vt 0.935500 1.000000
vt 0.935500 0.000000
vt 0.935667 1.000000
vt 0.935667 0.000000
vt 0.935833 1.000000
vt 0.935833 0.000000
vt 0.936000 1.000000
vt 0.936000 0.000000
vt 0.936167 1.000000
vt 0.936167 0.000000
vt 0.936333 1.000000
vt 0.936333 0.000000
vt 0.936500 1.000000
vt 0.936500 0.000000
vt 0.936667 1.000000
vt 0.936667 0.000000
vt 0.936833 1.000000
vt 0.936833 0.000000
vt 0.937000 1.000000
vt 0.937000 0.000000
vt 0.937167 1.000000
vt 0.937167 0.000000
vt 0.937333 1.000000
vt 0.937333 0.000000
vt 0.937500 1.000000
vt 0.937500 0.000000
vt 0.937667 1.000000
vt 0.937667 0.000000
vt 0.937833 1.000000
vt 0.937833 0.000000
vt 0.938000 1.000000
vt 0.938000 0.000000
vt 0.938167 1.000000
vt 0.938167 0.000000
vt 0.938333 1.000000
vt 0.938333 0.000000
vt 0.938500 1.000000
vt 0.938500 0.000000
vt 0.938667 1.000000
vt 0.938667 0.000000
vt 0.938833 1.000000
vt 0.938833 0.000000
vt 0.939000 1.000000
vt 0.939000 0.000000
vt 0.939167 1.000000
vt 0.939167 0.000000
vt 0.939333 1.000000
vt 0.939333 0.000000
vt 0.939500 1.000000
vt 0.939500 0.000000
vt 0.939667 1.000000
vt 0.939667 0.000000
vt 0.939833 1.000000
vt 0.939833 0.000000
vt 0.940000 1.000000
vt 0.940000 0.000000
vt 0.940167 1.000000
vt 0.940167 0.000000
vt 0.940333 1.000000
vt 0.940333 0.000000
vt 0.940500 1.000000
vt 0.940500 0.000000
vt 0.940667 1.000000
vt 0.940667 0.000000
vt 0.940833 1.000000
vt 0.940833 0.000000
vt 0.941000 1.000000
vt 0.941000 0.000000
vt 0.941167 1.000000
vt 0.941167 0.000000
vt 0.941333 1.000000
vt 0.941333 0.000000
vt 0.941500 1.000000
vt 0.941500 0.000000
vt 0.941667 1.000000
vt 0.941667 0.000000
vt 0.941833 1.000000
vt 0.941833 0.000000
vt 0.942000 1.000000
vt 0.942000 0.000000
vt 0.942167 1.000000
vt 0.942167 0.000000
vt 0.942333 1.000000
vt 0.942333 0.000000
vt 0.942500 1.000000
vt 0.942500 0.000000
vt 0.942667 1.000000
vt 0.942667 0.000000
vt 0.942833 1.000000
vt 0.942833 0.000000
vt 0.943000 1.000000
vt 0.943000 0.000000
vt 0.943167 1.000000
vt 0.943167 0.000000
vt 0.943333 1.000000
vt 0.943333 0.000000
vt 0.943500 1.000000
vt 0.943500 0.000000
vt 0.943667 1.000000
vt 0.943667 0.000000
vt 0.943833 1.000000
vt 0.943833 0.000000
vt 0.944000 1.000000
vt 0.944000 0.000000
vt 0.944167 1.000000
vt 0.944167 0.000000
vt 0.944333 1.000000
vt 0.944333 0.000000
vt 0.944500 1.000000
vt 0.944500 0.000000
vt 0.944667 1.000000
vt 0.944667 0.000000
vt 0.944833 1.000000
vt 0.944833 0.000000
vt 0.945000 1.000000
vt 0.945000 0.000000
vt 0.945167 1.000000
vt 0.945167 0.000000
vt 0.945333 1.000000
vt 0.945333 0.000000
vt 0.945500 1.000000
vt 0.945500 0.000000
vt 0.945667 1.000000
vt 0.945667 0.000000
vt 0.945833 1.000000
vt 0.945833 0.000000
vt 0.946000 1.000000
vt 0.946000 0.000000
vt 0.946167 1.000000
vt 0.946167 0.000000
vt 0.946333 1.000000
vt 0.946333 0.000000
vt 0.946500 1.000000
vt 0.946500 0.000000
vt 0.946667 1.000000
vt 0.946667 0.000000
vt 0.946833 1.000000
vt 0.946833 0.000000
vt 0.947000 1.000000
vt 0.947000 0.000000
vt 0.947167 1.000000
vt 0.947167 0.000000
vt 0.947333 1.000000
vt 0.947333 0.000000
vt 0.947500 1.000000
vt 0.947500 0.000000
vt 0.947667 1.000000
vt 0.947667 0.000000
vt 0.947833 1.000000
vt 0.947833 0.000000
vt 0.948000 1.000000
vt 0.948000 0.000000
vt 0.948167 1.000000
vt 0.948167 0.000000
vt 0.948333 1.000000
vt 0.948333 0.000000
vt 0.948500 1.000000
vt 0.948500 0.000000
vt 0.948667 1.000000
vt 0.948667 0.000000
vt 0.948833 1.000000
vt 0.948833 0.000000
vt 0.949000 1.000000
vt 0.949000 0.000000
vt 0.949167 1.000000
vt 0.949167 0.000000
vt 0.949333 1.000000
vt 0.949333 0.000000
vt 0.949500 1.000000
vt 0.949500 0.000000
vt 0.949667 1.000000
vt 0.949667 0.000000
vt 0.949833 1.000000
vt 0.949833 0.000000
vt 0.950000 1.000000
vt 0.950000 0.000000
vt 0.950167 1.000000
vt 0.950167 0.000000
vt 0.950333 1.000000
vt 0.950333 0.000000
vt 0.950500 1.000000
vt 0.950500 0.000000
vt 0.950667 1.000000
vt 0.950667 0.000000
vt 0.950833 1.000000
vt 0.950833 0.000000
vt 0.951000 1.000000
vt 0.951000 0.000000
vt 0.951167 1.000000
vt 0.951167 0.000000
vt 0.951333 1.000000
vt 0.951333 0.000000
vt 0.951500 1.000000
vt 0.951500 0.000000
vt 0.951667 1.000000
vt 0.951667 0.000000
vt 0.951833 1.000000
vt 0.951833 0.000000
vt 0.952000 1.000000
vt 0.952000 0.000000
vt 0.952167 1.000000
vt 0.952167 0.000000
vt 0.952333 1.000000
vt 0.952333 0.000000
vt 0.952500 1.000000
vt 0.952500 0.000000
vt 0.952667 1.000000
vt 0.952667 0.000000
vt 0.952833 1.000000
vt 0.952833 0.000000
vt 0.953000 1.000000
vt 0.953000 0.000000
vt 0.953167 1.000000
vt 0.953167 0.000000
vt 0.953333 1.000000
vt 0.953333 0.000000
vt 0.953500 1.000000
vt 0.953500 0.000000
vt 0.953667 1.000000
vt 0.953667 0.000000
vt 0.953833 1.000000
vt 0.953833 0.000000
vt 0.954000 1.000000
vt 0.954000 0.000000
vt 0.954167 1.000000
vt 0.954167 0.000000
vt 0.954333 1.000000
vt 0.954333 0.000000
vt 0.954500 1.000000
vt 0.954500 0.000000
vt 0.954667 1.000000
vt 0.954667 0.000000
vt 0.954833 1.000000
vt 0.954833 0.000000
vt 0.955000 1.000000
vt 0.955000 0.000000
vt 0.955167 1.000000
vt 0.955167 0.000000
vt 0.955333 1.000000
vt 0.955333 0.000000
vt 0.955500 1.000000
vt 0.955500 0.000000
vt 0.955667 1.000000
vt 0.955667 0.000000
vt 0.955833 1.000000
vt 0.955833 0.000000
vt 0.956000 1.000000
vt 0.956000 0.000000
vt 0.956167 1.000000
vt 0.956167 0.000000
vt 0.956333 1.000000
vt 0.956333 0.000000
vt 0.956500 1.000000
vt 0.956500 0.000000
vt 0.956667 1.000000
vt 0.956667 0.000000
vt 0.956833 1.000000
vt 0.956833 0.000000
vt 0.957000 1.000000
vt 0.957000 0.000000
vt 0.957167 1.000000
vt 0.957167 0.000000
vt 0.957333 1.000000
vt 0.957333 0.000000
vt 0.957500 1.000000
vt 0.957500 0.000000
vt 0.957667 1.000000
vt 0.957667 0.000000
vt 0.957833 1.000000
vt 0.957833 0.000000
vt 0.958000 1.000000
vt 0.958000 0.000000
vt 0.958167 1.000000
vt 0.958167 0.000000
vt 0.958333 1.000000
vt 0.958333 0.000000
vt 0.958500 1.000000
vt 0.958500 0.000000
vt 0.958667 1.000000
vt 0.958667 0.000000
vt 0.958833 1.000000
vt 0.958833 0.000000
vt 0.959000 1.000000
vt 0.959000 0.000000
vt 0.959167 1.000000
vt 0.959167 0.000000
vt 0.959333 1.000000
vt 0.959333 0.000000
vt 0.959500 1.000000
vt 0.959500 0.000000
vt 0.959667 1.000000
vt 0.959667 0.000000
vt 0.959833 1.000000
vt 0.959833 0.000000
vt 0.960000 1.000000
vt 0.960000 0.000000
vt 0.960167 1.000000
vt 0.960167 0.000000
vt 0.960333 1.000000
vt 0.960333 0.000000
vt 0.960500 1.000000
vt 0.960500 0.000000
vt 0.960667 1.000000
vt 0.960667 0.000000
vt 0.960833 1.000000
vt 0.960833 0.000000
vt 0.961000 1.000000
vt 0.961000 0.000000
vt 0.961167 1.000000
vt 0.961167 0.000000
vt 0.961333 1.000000
vt 0.961333 0.000000
vt 0.961500 1.000000
vt 0.961500 0.000000
vt 0.961667 1.000000
vt 0.961667 0.000000
vt 0.961833 1.000000
vt 0.961833 0.000000
vt 0.962000 1.000000
vt 0.962000 0.000000
vt 0.962167 1.000000
vt 0.962167 0.000000
vt 0.962333 1.000000
vt 0.962333 0.000000
vt 0.962500 1.000000
vt 0.962500 0.000000
vt 0.962667 1.000000
vt 0.962667 0.000000
vt 0.962833 1.000000
vt 0.962833 0.000000
vt 0.963000 1.000000
vt 0.963000 0.000000
vt 0.963167 1.000000
vt 0.963167 0.000000
vt 0.963333 1.000000
vt 0.963333 0.000000
vt 0.963500 1.000000
vt 0.963500 0.000000
vt 0.963667 1.000000
vt 0.963667 0.000000
vt 0.963833 1.000000
vt 0.963833 0.000000
vt 0.964000 1.000000
vt 0.964000 0.000000
vt 0.964167 1.000000
vt 0.964167 0.000000
vt 0.964333 1.000000
vt 0.964333 0.000000
vt 0.964500 1.000000
vt 0.964500 0.000000
vt 0.964667 1.000000
vt 0.964667 0.000000
vt 0.964833 1.000000
vt 0.964833 0.000000
vt 0.965000 1.000000
vt 0.965000 0.000000
vt 0.965167 1.000000
vt 0.965167 0.000000
vt 0.965333 1.000000
vt 0.965333 0.000000
vt 0.965500 1.000000
vt 0.965500 0.000000
vt 0.965667 1.000000
vt 0.965667 0.000000
vt 0.965833 1.000000
vt 0.965833 0.000000
vt 0.966000 1.000000
vt 0.966000 0.000000
vt 0.966167 1.000000
vt 0.966167 0.000000
vt 0.966333 1.000000
vt 0.966333 0.000000
vt 0.966500 1.000000
vt 0.966500 0.000000
vt 0.966667 1.000000
vt 0.966667 0.000000
vt 0.966833 1.000000
vt 0.966833 0.000000
vt 0.967000 1.000000
vt 0.967000 0.000000
vt 0.967167 1.000000
vt 0.967167 0.000000
vt 0.967333 1.000000
vt 0.967333 0.000000
vt 0.967500 1.000000
vt 0.967500 0.000000
vt 0.967667 1.000000
vt 0.967667 0.000000
vt 0.967833 1.000000
vt 0.967833 0.000000
vt 0.968000 1.000000
vt 0.968000 0.000000
vt 0.968167 1.000000
vt 0.968167 0.000000
vt 0.968333 1.000000
vt 0.968333 0.000000
vt 0.968500 1.000000
vt 0.968500 0.000000
vt 0.968667 1.000000
vt 0.968667 0.000000
vt 0.968833 1.000000
vt 0.968833 0.000000
vt 0.969000 1.000000
vt 0.969000 0.000000
vt 0.969167 1.000000
vt 0.969167 0.000000
vt 0.969333 1.000000
vt 0.969333 0.000000
vt 0.969500 1.000000
vt 0.969500 0.000000
vt 0.969667 1.000000
vt 0.969667 0.000000
vt 0.969833 1.000000
vt 0.969833 0.000000
vt 0.970000 1.000000
vt 0.970000 0.000000
vt 0.970167 1.000000
vt 0.970167 0.000000
vt 0.970333 1.000000
vt 0.970333 0.000000
vt 0.970500 1.000000
vt 0.970500 0.000000
vt 0.970667 1.000000
vt 0.970667 0.000000
vt 0.970833 1.000000
vt 0.970833 0.000000
vt 0.971000 1.000000
vt 0.971000 0.000000
vt 0.971167 1.000000
vt 0.971167 0.000000
vt 0.971333 1.000000
vt 0.971333 0.000000
vt 0.971500 1.000000
vt 0.971500 0.000000
vt 0.971667 1.000000
vt 0.971667 0.000000
vt 0.971833 1.000000
vt 0.971833 0.000000
vt 0.972000 1.000000
vt 0.972000 0.000000
vt 0.972167 1.000000
vt 0.972167 0.000000
vt 0.972333 1.000000
vt 0.972333 0.000000
vt 0.972500 1.000000
vt 0.972500 0.000000
vt 0.972667 1.000000
vt 0.972667 0.000000
vt 0.972833 1.000000
vt 0.972833 0.000000
vt 0.973000 1.000000
vt 0.973000 0.000000
vt 0.973167 1.000000
vt 0.973167 0.000000
vt 0.973333 1.000000
vt 0.973333 0.000000
vt 0.973500 1.000000
vt 0.973500 0.000000
vt 0.973667 1.000000
vt 0.973667 0.000000
vt 0.973833 1.000000
vt 0.973833 0.000000
vt 0.974000 1.000000
vt 0.974000 0.000000
vt 0.974167 1.000000
vt 0.974167 0.000000
vt 0.974333 1.000000
vt 0.974333 0.000000
vt 0.974500 1.000000
vt 0.974500 0.000000
vt 0.974667 1.000000
vt 0.974667 0.000000
vt 0.974833 1.000000
vt 0.974833 0.000000
vt 0.975000 1.000000
vt 0.975000 0.000000
vt 0.975167 1.000000
vt 0.975167 0.000000
vt 0.975333 1.000000
vt 0.975333 0.000000
vt 0.975500 1.000000
vt 0.975500 0.000000
vt 0.975667 1.000000
vt 0.975667 0.000000
vt 0.975833 1.000000
vt 0.975833 0.000000
vt 0.976000 1.000000
vt 0.976000 0.000000
vt 0.976167 1.000000
vt 0.976167 0.000000
vt 0.976333 1.000000
vt 0.976333 0.000000
vt 0.976500 1.000000
vt 0.976500 0.000000
vt 0.976667 1.000000
vt 0.976667 0.000000
vt 0.976833 1.000000
vt 0.976833 0.000000
vt 0.977000 1.000000
vt 0.977000 0.000000
vt 0.977167 1.000000
vt 0.977167 0.000000
vt 0.977333 1.000000
vt 0.977333 0.000000
vt 0.977500 1.000000
vt 0.977500 0.000000
vt 0.977667 1.000000
vt 0.977667 0.000000
vt 0.977833 1.000000
vt 0.977833 0.000000
vt 0.978000 1.000000
vt 0.978000 0.000000
vt 0.978167 1.000000
vt 0.978167 0.000000
vt 0.978333 1.000000
vt 0.978333 0.000000
vt 0.978500 1.000000
vt 0.978500 0.000000
vt 0.978667 1.000000
vt 0.978667 0.000000
vt 0.978833 1.000000
vt 0.978833 0.000000
vt 0.979000 1.000000
vt 0.979000 0.000000
vt 0.979167 1.000000
vt 0.979167 0.000000
vt 0.979333 1.000000
vt 0.979333 0.000000
vt 0.979500 1.000000
vt 0.979500 0.000000
vt 0.979667 1.000000
vt 0.979667 0.000000
vt 0.979833 1.000000
vt 0.979833 0.000000
vt 0.980000 1.000000
vt 0.980000 0.000000
vt 0.980167 1.000000
vt 0.980167 0.000000
vt 0.980333 1.000000
vt 0.980333 0.000000
vt 0.980500 1.000000
vt 0.980500 0.000000
vt 0.980667 1.000000
vt 0.980667 0.000000
vt 0.980833 1.000000
vt 0.980833 0.000000
vt 0.981000 1.000000
vt 0.981000 0.000000
vt 0.981167 1.000000
vt 0.981167 0.000000
vt 0.981333 1.000000
vt 0.981333 0.000000
vt 0.981500 1.000000
vt 0.981500 0.000000
vt 0.981667 1.000000
vt 0.981667 0.000000
vt 0.981833 1.000000
vt 0.981833 0.000000
vt 0.982000 1.000000
vt 0.982000 0.000000
vt 0.982167 1.000000
vt 0.982167 0.000000
vt 0.982333 1.000000
vt 0.982333 0.000000
vt 0.982500 1.000000
vt 0.982500 0.000000
vt 0.982667 1.000000
vt 0.982667 0.000000
vt 0.982833 1.000000
vt 0.982833 0.000000
vt 0.983000 1.000000
vt 0.983000 0.000000
vt 0.983167 1.000000
vt 0.983167 0.000000
vt 0.983333 1.000000
vt 0.983333 0.000000
vt 0.983500 1.000000
vt 0.983500 0.000000
vt 0.983667 1.000000
vt 0.983667 0.000000
vt 0.983833 1.000000
vt 0.983833 0.000000
vt 0.984000 1.000000
vt 0.984000 0.000000
vt 0.984167 1.000000
vt 0.984167 0.000000
vt 0.984333 1.000000
vt 0.984333 0.000000
vt 0.984500 1.000000
vt 0.984500 0.000000
vt 0.984667 1.000000
vt 0.984667 0.000000
vt 0.984833 1.000000
vt 0.984833 0.000000
vt 0.985000 1.000000
vt 0.985000 0.000000
vt 0.985167 1.000000
vt 0.985167 0.000000
vt 0.985333 1.000000
vt 0.985333 0.000000
vt 0.985500 1.000000
vt 0.985500 0.000000
vt 0.985667 1.000000
vt 0.985667 0.000000
vt 0.985833 1.000000
vt 0.985833 0.000000
vt 0.986000 1.000000
vt 0.986000 0.000000
vt 0.986167 1.000000
vt 0.986167 0.000000
vt 0.986333 1.000000
vt 0.986333 0.000000
vt 0.986500 1.000000
vt 0.986500 0.000000
vt 0.986667 1.000000
vt 0.986667 0.000000
vt 0.986833 1.000000
vt 0.986833 0.000000
vt 0.987000 1.000000
vt 0.987000 0.000000
vt 0.987167 1.000000
vt 0.987167 0.000000
vt 0.987333 1.000000
vt 0.987333 0.000000
vt 0.987500 1.000000
vt 0.987500 0.000000
vt 0.987667 1.000000
vt 0.987667 0.000000
vt 0.987833 1.000000
vt 0.987833 0.000000
vt 0.988000 1.000000
vt 0.988000 0.000000
vt 0.988167 1.000000
vt 0.988167 0.000000
vt 0.988333 1.000000
vt 0.988333 0.000000
vt 0.988500 1.000000
vt 0.988500 0.000000
vt 0.988667 1.000000
vt 0.988667 0.000000
vt 0.988833 1.000000
vt 0.988833 0.000000
vt 0.989000 1.000000
vt 0.989000 0.000000
vt 0.989167 1.000000
vt 0.989167 0.000000
vt 0.989333 1.000000
vt 0.989333 0.000000
vt 0.989500 1.000000
vt 0.989500 0.000000
vt 0.989667 1.000000
vt 0.989667 0.000000
vt 0.989833 1.000000
vt 0.989833 0.000000
vt 0.990000 1.000000
vt 0.990000 0.000000
vt 0.990167 1.000000
vt 0.990167 0.000000
vt 0.990333 1.000000
vt 0.990333 0.000000
vt 0.990500 1.000000
vt 0.990500 0.000000
vt 0.990667 1.000000
vt 0.990667 0.000000
vt 0.990833 1.000000
vt 0.990833 0.000000
vt 0.991000 1.000000
vt 0.991000 0.000000
vt 0.991167 1.000000
vt 0.991167 0.000000
vt 0.991333 1.000000
vt 0.991333 0.000000
vt 0.991500 1.000000
vt 0.991500 0.000000
vt 0.991667 1.000000
vt 0.991667 0.000000
vt 0.991833 1.000000
vt 0.991833 0.000000
vt 0.992000 1.000000
vt 0.992000 0.000000
vt 0.992167 1.000000
vt 0.992167 0.000000
vt 0.992333 1.000000
vt 0.992333 0.000000
vt 0.992500 1.000000
vt 0.992500 0.000000
vt 0.992667 1.000000
vt 0.992667 0.000000
vt 0.992833 1.000000
vt 0.992833 0.000000
vt 0.993000 1.000000
vt 0.993000 0.000000
vt 0.993167 1.000000
vt 0.993167 0.000000
vt 0.993333 1.000000
vt 0.993333 0.000000
vt 0.993500 1.000000
vt 0.993500 0.000000
vt 0.993667 1.000000
vt 0.993667 0.000000
vt 0.993833 1.000000
vt 0.993833 0.000000
vt 0.994000 1.000000
vt 0.994000 0.000000
vt 0.994167 1.000000
vt 0.994167 0.000000
vt 0.994333 1.000000
vt 0.994333 0.000000
vt 0.994500 1.000000
vt 0.994500 0.000000
vt 0.994667 1.000000
vt 0.994667 0.000000
vt 0.994833 1.000000
vt 0.994833 0.000000
vt 0.995000 1.000000
vt 0.995000 0.000000
vt 0.995167 1.000000
vt 0.995167 0.000000
vt 0.995333 1.000000
vt 0.995333 0.000000
vt 0.995500 1.000000
vt 0.995500 0.000000
vt 0.995667 1.000000
vt 0.995667 0.000000
vt 0.995833 1.000000
vt 0.995833 0.000000
vt 0.996000 1.000000
vt 0.996000 0.000000
vt 0.996167 1.000000
vt 0.996167 0.000000
vt 0.996333 1.000000
vt 0.996333 0.000000
vt 0.996500 1.000000
vt 0.996500 0.000000
vt 0.996667 1.000000
vt 0.996667 0.000000
vt 0.996833 1.000000
vt 0.996833 0.000000
vt 0.997000 1.000000
vt 0.997000 0.000000
vt 0.997167 1.000000
vt 0.997167 0.000000
vt 0.997333 1.000000
vt 0.997333 0.000000
vt 0.997500 1.000000
vt 0.997500 0.000000
vt 0.997667 1.000000
vt 0.997667 0.000000
vt 0.997833 1.000000
vt 0.997833 0.000000
vt 0.998000 1.000000
vt 0.998000 0.000000
vt 0.998167 1.000000
vt 0.998167 0.000000
vt 0.998333 1.000000
vt 0.998333 0.000000
vt 0.998500 1.000000
vt 0.998500 0.000000
vt 0.998667 1.000000
vt 0.998667 0.000000
vt 0.998833 1.000000
vt 0.998833 0.000000
vt 0.999000 1.000000
vt 0.999000 0.000000
vt 0.999167 1.000000
vt 0.999167 0.000000
vt 0.999333 1.000000
vt 0.999333 0.000000
vt 0.999500 1.000000
vt 0.999500 0.000000
vt 0.999667 1.000000
vt 0.999667 0.000000
vt 0.999833 1.000000
vt 0.999833 0.000000
vt 1.000000 1.000000
vt 1.000000 0.000000
s 1
usemtl WAVE
f 66/51/14 68/52/14 67/53/14 65/54/14
f 68/52/14 70/55/14 69/56/14 67/53/14
f 70/55/14 72/57/14 71/58/14 69/56/14
f 72/57/14 74/59/14 73/60/14 71/58/14
f 74/59/14 76/61/14 75/62/14 73/60/14
f 76/61/14 78/63/14 77/64/14 75/62/14
f 78/63/14 80/65/14 79/66/14 77/64/14
f 80/65/14 82/67/14 81/68/14 79/66/14
f 82/67/14 84/69/14 83/70/14 81/68/14
f 84/69/14 86/71/14 85/72/14 83/70/14
f 86/71/14 88/73/14 87/74/14 85/72/14
f 88/73/14 90/75/14 89/76/14 87/74/14
f 90/75/14 92/77/14 91/78/14 89/76/14
f 92/77/14 94/79/14 93/80/14 91/78/14
f 94/79/14 96/81/14 95/82/14 93/80/14
f 96/81/14 98/83/14 97/84/14 95/82/14
f 98/83/14 100/85/14 99/86/14 97/84/14
f 100/85/14 102/87/14 101/88/14 99/86/14
f 102/87/14 104/89/14 103/90/14 101/88/14
f 104/89/14 106/91/14 105/92/14 103/90/14
f 106/91/14 108/93/14 107/94/14 105/92/14
f 108/93/14 110/95/14 109/96/14 107/94/14
f 110/95/14 112/97/14 111/98/14 109/96/14
f 112/97/14 114/99/14 113/100/14 111/98/14
f 114/99/14 116/101/14 115/102/14 113/100/14
f 116/101/14 118/103/14 117/104/14 115/102/14
f 118/103/14 120/105/14 119/106/14 117/104/14
f 120/105/14 122/107/14 121/108/14 119/106/14
f 122/107/14 124/109/14 123/110/14 121/108/14
f 124/109/14 126/111/14 125/112/14 123/110/14
f 126/111/14 128/113/14 127/114/14 125/112/14
f 128/113/14 130/115/14 129/116/14 127/114/14
f 130/115/14 132/117/14 131/118/14 129/116/14
f 132/117/14 134/119/14 133/120/14 131/118/14
f 134/119/14 136/121/14 135/122/14 133/120/14
f 136/121/14 138/123/14 137/124/14 135/122/14
f 138/123/14 140/125/14 139/126/14 137/124/14
f 140/125/14 142/127/14 141/128/14 139/126/14
f 142/127/14 144/129/14 143/130/14 141/128/14
f 144/129/14 146/131/14 145/132/14 143/130/14
f 146/131/14 148/133/14 147/134/14 145/132/14
f 148/133/14 150/135/14 149/136/14 147/134/14
f 150/135/14 152/137/14 151/138/14 149/136/14
f 152/137/14 154/139/14 153/140/14 151/138/14
f 154/139/14 156/141/14 155/142/14 153/140/14
f 156/141/14 158/143/14 157/144/14 155/142/14
f 158/143/14 160/145/14 159/146/14 157/144/14
f 160/145/14 162/147/14 161/148/14 159/146/14
f 162/147/14 164/149/14 163/150/14 161/148/14
f 164/149/14 166/151/14 165/152/14 163/150/14
f 166/151/14 168/153/14 167/154/14 165/152/14
f 168/153/14 170/155/14 169/156/14 167/154/14
f 170/155/14 172/157/14 171/158/14 169/156/14
f 172/157/14 174/159/14 173/160/14 171/158/14
f 174/159/14 176/161/14 175/162/14 173/160/14
f 176/161/14 178/163/14 177/164/14 175/162/14
f 178/163/14 180/165/14 179/166/14 177/164/14
f 180/165/14 182/167/14 181/168/14 179/166/14
f 182/167/14 184/169/14 183/170/14 181/168/14
f 184/169/14 186/171/14 185/172/14 183/170/14
f 186/171/14 188/173/14 187/174/14 185/172/14
f 188/173/14 190/175/14 189/176/14 187/174/14
f 190/175/14 192/177/14 191/178/14 189/176/14
f 192/177/14 194/179/14 193/180/14 191/178/14
f 194/179/14 196/181/14 195/182/14 193/180/14
f 196/181/14 198/183/14 197/184/14 195/182/14
f 198/183/14 200/185/14 199/186/14 197/184/14
f 200/185/14 202/187/14 201/188/14 199/186/14
f 202/187/14 204/189/14 203/190/14 201/188/14
f 204/189/14 206/191/14 205/192/14 203/190/14
f 206/191/14 208/193/14 207/194/14 205/192/14
f 208/193/14 210/195/14 209/196/14 207/194/14
f 210/195/14 212/197/14 211/198/14 209/196/14
f 212/197/14 214/199/14 213/200/14 211/198/14
f 214/199/14 216/201/14 215/202/14 213/200/14
f 216/201/14 218/203/14 217/204/14 215/202/14
f 218/203/14 220/205/14 219/206/14 217/204/14
f 220/205/14 222/207/14 221/208/14 219/206/14
f 222/207/14 224/209/14 223/210/14 221/208/14
f 224/209/14 226/211/14 225/212/14 223/210/14
f 226/211/14 228/213/14 227/214/14 225/212/14
f 228/213/14 230/215/14 229/216/14 227/214/14
f 230/215/14 232/217/14 231/218/14 229/216/14
f 232/217/14 234/219/14 233/220/14 231/218/14
f 234/219/14 236/221/14 235/222/14 233/220/14
f 236/221/14 238/223/14 237/224/14 235/222/14
f 238/223/14 240/225/14 239/226/14 237/224/14
f 240/225/14 242/227/14 241/228/14 239/226/14
f 242/227/14 244/229/14 243/230/14 241/228/14
f 244/229/14 246/231/14 245/232/14 243/230/14
f 246/231/14 248/233/14 247/234/14 245/232/14
f 248/233/14 250/235/14 249/236/14 247/234/14
f 250/235/14 252/237/14 251/238/14 249/236/14
f 252/237/14 254/239/14 253/240/14 251/238/14
f 254/239/14 256/241/14 255/242/14 253/240/14
f 256/241/14 258/243/14 257/244/14 255/242/14
f 258/243/14 260/245/14 259/246/14 257/244/14
f 260/245/14 262/247/14 261/248/14 259/246/14
f 262/247/14 264/249/14 263/250/14 261/248/14
f 264/249/14 266/251/14 265/252/14 263/250/14
f 266/251/14 268/253/14 267/254/14 265/252/14
f 268/253/14 270/255/14 269/256/14 267/254/14
f 270/255/14 272/257/14 271/258/14 269/256/14
f 272/257/14 274/259/14 273/260/14 271/258/14
f 274/259/14 276/261/14 275/262/14 273/260/14
f 276/261/14 278/263/14 277/264/14 275/262/14
f 278/263/14 280/265/14 279/266/14 277/264/14
f 280/265/14 282/267/14 281/268/14 279/266/14
f 282/267/14 284/269/14 283/270/14 281/268/14
f 284/269/14 286/271/14 285/272/14 283/270/14
f 286/271/14 288/273/14 287/274/14 285/272/14
f 288/273/14 290/275/14 289/276/14 287/274/14
f 290/275/14 292/277/14 291/278/14 289/276/14
f 292/277/14 294/279/14 293/280/14 291/278/14
f 294/279/14 296/281/14 295/282/14 293/280/14
f 296/281/14 298/283/14 297/284/14 295/282/14
f 298/283/14 300/285/14 299/286/14 297/284/14
f 300/285/14 302/287/14 301/288/14 299/286/14
f 302/287/14 304/289/14 303/290/14 301/288/14
f 304/289/14 306/291/14 305/292/14 303/290/14
f 306/291/14 308/293/14 307/294/14 305/292/14
f 308/293/14 310/295/14 309/296/14 307/294/14
f 310/295/14 312/297/14 311/298/14 309/296/14
f 312/297/14 314/299/14 313/300/14 311/298/14
f 314/299/14 316/301/14 315/302/14 313/300/14
f 316/301/14 318/303/14 317/304/14 315/302/14
f 318/303/14 320/305/14 319/306/14 317/304/14
f 320/305/14 322/307/14 321/308/14 319/306/14
f 322/307/14 324/309/14 323/310/14 321/308/14
f 324/309/14 326/311/14 325/312/14 323/310/14
f 326/311/14 328/313/14 327/314/14 325/312/14
f 328/313/14 330/315/14 329/316/14 327/314/14
f 330/315/14 332/317/14 331/318/14 329/316/14
f 332/317/14 334/319/14 333/320/14 331/318/14
f 334/319/14 336/321/14 335/322/14 333/320/14
f 336/321/14 338/323/14 337/324/14 335/322/14
f 338/323/14 340/325/14 339/326/14 337/324/14
f 340/325/14 342/327/14 341/328/14 339/326/14
f 342/327/14 344/329/14 343/330/14 341/328/14
f 344/329/14 346/331/14 345/332/14 343/330/14
f 346/331/14 348/333/14 347/334/14 345/332/14
f 348/333/14 350/335/14 349/336/14 347/334/14
f 350/335/14 352/337/14 351/338/14 349/336/14
f 352/337/14 354/339/14 353/340/14 351/338/14
f 354/339/14 356/341/14 355/342/14 353/340/14
f 356/341/14 358/343/14 357/344/14 355/342/14
f 358/343/14 360/345/14 359/346/14 357/344/14
f 360/345/14 362/347/14 361/348/14 359/346/14
f 362/347/14 364/349/14 363/350/14 361/348/14
f 364/349/14 366/351/14 365/352/14 363/350/14
f 366/351/14 368/353/14 367/354/14 365/352/14
f 368/353/14 370/355/14 369/356/14 367/354/14
f 370/355/14 372/357/14 371/358/14 369/356/14
f 372/357/14 374/359/14 373/360/14 371/358/14
f 374/359/14 376/361/14 375/362/14 373/360/14
f 376/361/14 378/363/14 377/364/14 375/362/14
f 378/363/14 380/365/14 379/366/14 377/364/14
f 380/365/14 382/367/14 381/368/14 379/366/14
f 382/367/14 384/369/14 383/370/14 381/368/14
f 384/369/14 386/371/14 385/372/14 383/370/14
f 386/371/14 388/373/14 387/374/14 385/372/14
f 388/373/14 390/375/14 389/376/14 387/374/14
f 390/375/14 392/377/14 391/378/14 389/376/14
f 392/377/14 394/379/14 393/380/14 391/378/14
f 394/379/14 396/381/14 395/382/14 393/380/14
f 396/381/14 398/383/14 397/384/14 395/382/14
f 398/383/14 400/385/14 399/386/14 397/384/14
f 400/385/14 402/387/14 401/388/14 399/386/14
f 402/387/14 404/389/14 403/390/14 401/388/14
f 404/389/14 406/391/14 405/392/14 403/390/14
f 406/391/14 408/393/14 407/394/14 405/392/14
f 408/393/14 410/395/14 409/396/14 407/394/14
f 410/395/14 412/397/14 411/398/14 409/396/14
f 412/397/14 414/399/14 413/400/14 411/398/14
f 414/399/14 416/401/14 415/402/14 413/400/14
f 416/401/14 418/403/14 417/404/14 415/402/14
f 418/403/14 420/405/14 419/406/14 417/404/14
f 420/405/14 422/407/14 421/408/14 419/406/14
f 422/407/14 424/409/14 423/410/14 421/408/14
f 424/409/14 426/411/14 425/412/14 423/410/14
f 426/411/14 428/413/14 427/414/14 425/412/14
f 428/413/14 430/415/14 429/416/14 427/414/14
f 430/415/14 432/417/14 431/418/14 429/416/14
f 432/417/14 434/419/14 433/420/14 431/418/14
f 434/419/14 436/421/14 435/422/14 433/420/14
f 436/421/14 438/423/14 437/424/14 435/422/14
f 438/423/14 440/425/14 439/426/14 437/424/14
f 440/425/14 442/427/14 441/428/14 439/426/14
f 442/427/14 444/429/14 443/430/14 441/428/14
f 444/429/14 446/431/14 445/432/14 443/430/14
f 446/431/14 448/433/14 447/434/14 445/432/14
f 448/433/14 450/435/14 449/436/14 447/434/14
f 450/435/14 452/437/14 451/438/14 449/436/14
f 452/437/14 454/439/14 453/440/14 451/438/14
f 454/439/14 456/441/14 455/442/14 453/440/14
f 456/441/14 458/443/14 457/444/14 455/442/14
f 458/443/14 460/445/14 459/446/14 457/444/14
f 460/445/14 462/447/14 461/448/14 459/446/14
f 462/447/14 464/449/14 463/450/14 461/448/14
f 464/449/14 466/451/14 465/452/14 463/450/14
f 466/451/14 468/453/14 467/454/14 465/452/14
f 468/453/14 470/455/14 469/456/14 467/454/14
f 470/455/14 472/457/14 471/458/14 469/456/14
f 472/457/14 474/459/14 473/460/14 471/458/14
f 474/459/14 476/461/14 475/462/14 473/460/14
f 476/461/14 478/463/14 477/464/14 475/462/14
f 478/463/14 480/465/14 479/466/14 477/464/14
f 480/465/14 482/467/14 481/468/14 479/466/14
f 482/467/14 484/469/14 483/470/14 481/468/14
f 484/469/14 486/471/14 485/472/14 483/470/14
f 486/471/14 488/473/14 487/474/14 485/472/14
f 488/473/14 490/475/14 489/476/14 487/474/14
f 490/475/14 492/477/14 491/478/14 489/476/14
f 492/477/14 494/479/14 493/480/14 491/478/14
f 494/479/14 496/481/14 495/482/14 493/480/14
f 496/481/14 498/483/14 497/484/14 495/482/14
f 498/483/14 500/485/14 499/486/14 497/484/14
f 500/485/14 502/487/14 501/488/14 499/486/14
f 502/487/14 504/489/14 503/490/14 501/488/14
f 504/489/14 506/491/14 505/492/14 503/490/14
f 506/491/14 508/493/14 507/494/14 505/492/14
f 508/493/14 510/495/14 509/496/14 507/494/14
f 510/495/14 512/497/14 511/498/14 509/496/14
f 512/497/14 514/499/14 513/500/14 511/498/14
f 514/499/14 516/501/14 515/502/14 513/500/14
f 516/501/14 518/503/14 517/504/14 515/502/14
f 518/503/14 520/505/14 519/506/14 517/504/14
f 520/505/14 522/507/14 521/508/14 519/506/14
f 522/507/14 524/509/14 523/510/14 521/508/14
f 524/509/14 526/511/14 525/512/14 523/510/14
f 526/511/14 528/513/14 527/514/14 525/512/14
f 528/513/14 530/515/14 529/516/14 527/514/14
f 530/515/14 532/517/14 531/518/14 529/516/14
f 532/517/14 534/519/14 533/520/14 531/518/14
f 534/519/14 536/521/14 535/522/14 533/520/14
f 536/521/14 538/523/14 537/524/14 535/522/14
f 538/523/14 540/525/14 539/526/14 537/524/14
f 540/525/14 542/527/14 541/528/14 539/526/14
f 542/527/14 544/529/14 543/530/14 541/528/14
f 544/529/14 546/531/14 545/532/14 543/530/14
f 546/531/14 548/533/14 547/534/14 545/532/14
f 548/533/14 550/535/14 549/536/14 547/534/14
f 550/535/14 552/537/14 551/538/14 549/536/14
f 552/537/14 554/539/14 553/540/14 551/538/14
f 554/539/14 556/541/14 555/542/14 553/540/14
f 556/541/14 558/543/14 557/544/14 555/542/14
f 558/543/14 560/545/14 559/546/14 557/544/14
f 560/545/14 562/547/14 561/548/14 559/546/14
f 562/547/14 564/549/14 563/550/14 561/548/14
f 564/549/14 566/551/14 565/552/14 563/550/14
f 566/551/14 568/553/14 567/554/14 565/552/14
f 568/553/14 570/555/14 569/556/14 567/554/14
f 570/555/14 572/557/14 571/558/14 569/556/14
f 572/557/14 574/559/14 573/560/14 571/558/14
f 574/559/14 576/561/14 575/562/14 573/560/14
f 576/561/14 578/563/14 577/564/14 575/562/14
f 578/563/14 580/565/14 579/566/14 577/564/14
f 580/565/14 582/567/14 581/568/14 579/566/14
f 582/567/14 584/569/14 583/570/14 581/568/14
f 584/569/14 586/571/14 585/572/14 583/570/14
f 586/571/14 588/573/14 587/574/14 585/572/14
f 588/573/14 590/575/14 589/576/14 587/574/14
f 590/575/14 592/577/14 591/578/14 589/576/14
f 592/577/14 594/579/14 593/580/14 591/578/14
f 594/579/14 596/581/14 595/582/14 593/580/14
f 596/581/14 598/583/14 597/584/14 595/582/14
f 598/583/14 600/585/14 599/586/14 597/584/14
f 600/585/14 602/587/14 601/588/14 599/586/14
f 602/587/14 604/589/14 603/590/14 601/588/14
f 604/589/14 606/591/14 605/592/14 603/590/14
f 606/591/14 608/593/14 607/594/14 605/592/14
f 608/593/14 610/595/14 609/596/14 607/594/14
f 610/595/14 612/597/14 611/598/14 609/596/14
f 612/597/14 614/599/14 613/600/14 611/598/14
f 614/599/14 616/601/14 615/602/14 613/600/14
f 616/601/14 618/603/14 617/604/14 615/602/14
f 618/603/14 620/605/14 619/606/14 617/604/14
f 620/605/14 622/607/14 621/608/14 619/606/14
f 622/607/14 624/609/14 623/610/14 621/608/14
f 624/609/14 626/611/14 625/612/14 623/610/14
f 626/611/14 628/613/14 627/614/14 625/612/14
f 628/613/14 630/615/14 629/616/14 627/614/14
f 630/615/14 632/617/14 631/618/14 629/616/14
f 632/617/14 634/619/14 633/620/14 631/618/14
f 634/619/14 636/621/14 635/622/14 633/620/14
f 636/621/14 638/623/14 637/624/14 635/622/14
f 638/623/14 640/625/14 639/626/14 637/624/14
f 640/625/14 642/627/14 641/628/14 639/626/14
f 642/627/14 644/629/14 643/630/14 641/628/14
f 644/629/14 646/631/14 645/632/14 643/630/14
f 646/631/14 648/633/14 647/634/14 645/632/14
f 648/633/14 650/635/14 649/636/14 647/634/14
f 650/635/14 652/637/14 651/638/14 649/636/14
f 652/637/14 654/639/14 653/640/14 651/638/14
f 654/639/14 656/641/14 655/642/14 653/640/14
f 656/641/14 658/643/14 657/644/14 655/642/14
f 658/643/14 660/645/14 659/646/14 657/644/14
f 660/645/14 662/647/14 661/648/14 659/646/14
f 662/647/14 664/649/14 663/650/14 661/648/14
f 664/649/14 666/651/14 665/652/14 663/650/14
f 666/651/14 668/653/14 667/654/14 665/652/14
f 668/653/14 670/655/14 669/656/14 667/654/14
f 670/655/14 672/657/14 671/658/14 669/656/14
f 672/657/14 674/659/14 673/660/14 671/658/14
f 674/659/14 676/661/14 675/662/14 673/660/14
f 676/661/14 678/663/14 677/664/14 675/662/14
f 678/663/14 680/665/14 679/666/14 677/664/14
f 680/665/14 682/667/14 681/668/14 679/666/14
f 682/667/14 684/669/14 683/670/14 681/668/14
f 684/669/14 686/671/14 685/672/14 683/670/14
f 686/671/14 688/673/14 687/674/14 685/672/14
f 688/673/14 690/675/14 689/676/14 687/674/14
f 690/675/14 692/677/14 691/678/14 689/676/14
f 692/677/14 694/679/14 693/680/14 691/678/14
f 694/679/14 696/681/14 695/682/14 693/680/14
f 696/681/14 698/683/14 697/684/14 695/682/14
f 698/683/14 700/685/14 699/686/14 697/684/14
f 700/685/14 702/687/14 701/688/14 699/686/14
f 702/687/14 704/689/14 703/690/14 701/688/14
f 704/689/14 706/691/14 705/692/14 703/690/14
f 706/691/14 708/693/14 707/694/14 705/692/14
f 708/693/14 710/695/14 709/696/14 707/694/14
f 710/695/14 712/697/14 711/698/14 709/696/14
f 712/697/14 714/699/14 713/700/14 711/698/14
f 714/699/14 716/701/14 715/702/14 713/700/14
f 716/701/14 718/703/14 717/704/14 715/702/14
f 718/703/14 720/705/14 719/706/14 717/704/14
f 720/705/14 722/707/14 721/708/14 719/706/14
f 722/707/14 724/709/14 723/710/14 721/708/14
f 724/709/14 726/711/14 725/712/14 723/710/14
f 726/711/14 728/713/14 727/714/14 725/712/14
f 728/713/14 730/715/14 729/716/14 727/714/14
f 730/715/14 732/717/14 731/718/14 729/716/14
f 732/717/14 734/719/14 733/720/14 731/718/14
f 734/719/14 736/721/14 735/722/14 733/720/14
f 736/721/14 738/723/14 737/724/14 735/722/14
f 738/723/14 740/725/14 739/726/14 737/724/14
f 740/725/14 742/727/14 741/728/14 739/726/14
f 742/727/14 744/729/14 743/730/14 741/728/14
f 744/729/14 746/731/14 745/732/14 743/730/14
f 746/731/14 748/733/14 747/734/14 745/732/14
f 748/733/14 750/735/14 749/736/14 747/734/14
f 750/735/14 752/737/14 751/738/14 749/736/14
f 752/737/14 754/739/14 753/740/14 751/738/14
f 754/739/14 756/741/14 755/742/14 753/740/14
f 756/741/14 758/743/14 757/744/14 755/742/14
f 758/743/14 760/745/14 759/746/14 757/744/14
f 760/745/14 762/747/14 761/748/14 759/746/14
f 762/747/14 764/749/14 763/750/14 761/748/14
f 764/749/14 766/751/14 765/752/14 763/750/14
f 766/751/14 768/753/14 767/754/14 765/752/14
f 768/753/14 770/755/14 769/756/14 767/754/14
f 770/755/14 772/757/14 771/758/14 769/756/14
f 772/757/14 774/759/14 773/760/14 771/758/14
f 774/759/14 776/761/14 775/762/14 773/760/14
f 776/761/14 778/763/14 777/764/14 775/762/14
f 778/763/14 780/765/14 779/766/14 777/764/14
f 780/765/14 782/767/14 781/768/14 779/766/14
f 782/767/14 784/769/14 783/770/14 781/768/14
f 784/769/14 786/771/14 785/772/14 783/770/14
f 786/771/14 788/773/14 787/774/14 785/772/14
f 788/773/14 790/775/14 789/776/14 787/774/14
f 790/775/14 792/777/14 791/778/14 789/776/14
f 792/777/14 794/779/14 793/780/14 791/778/14
f 794/779/14 796/781/14 795/782/14 793/780/14
f 796/781/14 798/783/14 797/784/14 795/782/14
f 798/783/14 800/785/14 799/786/14 797/784/14
f 800/785/14 802/787/14 801/788/14 799/786/14
f 802/787/14 804/789/14 803/790/14 801/788/14
f 804/789/14 806/791/14 805/792/14 803/790/14
f 806/791/14 808/793/14 807/794/14 805/792/14
f 808/793/14 810/795/14 809/796/14 807/794/14
f 810/795/14 812/797/14 811/798/14 809/796/14
f 812/797/14 814/799/14 813/800/14 811/798/14
f 814/799/14 816/801/14 815/802/14 813/800/14
f 816/801/14 818/803/14 817/804/14 815/802/14
f 818/803/14 820/805/14 819/806/14 817/804/14
f 820/805/14 822/807/14 821/808/14 819/806/14
f 822/807/14 824/809/14 823/810/14 821/808/14
f 824/809/14 826/811/14 825/812/14 823/810/14
f 826/811/14 828/813/14 827/814/14 825/812/14
f 828/813/14 830/815/14 829/816/14 827/814/14
f 830/815/14 832/817/14 831/818/14 829/816/14
f 832/817/14 834/819/14 833/820/14 831/818/14
f 834/819/14 836/821/14 835/822/14 833/820/14
f 836/821/14 838/823/14 837/824/14 835/822/14
f 838/823/14 840/825/14 839/826/14 837/824/14
f 840/825/14 842/827/14 841/828/14 839/826/14
f 842/827/14 844/829/14 843/830/14 841/828/14
f 844/829/14 846/831/14 845/832/14 843/830/14
f 846/831/14 848/833/14 847/834/14 845/832/14
f 848/833/14 850/835/14 849/836/14 847/834/14
f 850/835/14 852/837/14 851/838/14 849/836/14
f 852/837/14 854/839/14 853/840/14 851/838/14
f 854/839/14 856/841/14 855/842/14 853/840/14
f 856/841/14 858/843/14 857/844/14 855/842/14
f 858/843/14 860/845/14 859/846/14 857/844/14
f 860/845/14 862/847/14 861/848/14 859/846/14
f 862/847/14 864/849/14 863/850/14 861/848/14
f 864/849/14 866/851/14 865/852/14 863/850/14
f 866/851/14 868/853/14 867/854/14 865/852/14
f 868/853/14 870/855/14 869/856/14 867/854/14
f 870/855/14 872/857/14 871/858/14 869/856/14
f 872/857/14 874/859/14 873/860/14 871/858/14
f 874/859/14 876/861/14 875/862/14 873/860/14
f 876/861/14 878/863/14 877/864/14 875/862/14
f 878/863/14 880/865/14 879/866/14 877/864/14
f 880/865/14 882/867/14 881/868/14 879/866/14
f 882/867/14 884/869/14 883/870/14 881/868/14
f 884/869/14 886/871/14 885/872/14 883/870/14
f 886/871/14 888/873/14 887/874/14 885/872/14
f 888/873/14 890/875/14 889/876/14 887/874/14
f 890/875/14 892/877/14 891/878/14 889/876/14
f 892/877/14 894/879/14 893/880/14 891/878/14
f 894/879/14 896/881/14 895/882/14 893/880/14
f 896/881/14 898/883/14 897/884/14 895/882/14
f 898/883/14 900/885/14 899/886/14 897/884/14
f 900/885/14 902/887/14 901/888/14 899/886/14
f 902/887/14 904/889/14 903/890/14 901/888/14
f 904/889/14 906/891/14 905/892/14 903/890/14
f 906/891/14 908/893/14 907/894/14 905/892/14
f 908/893/14 910/895/14 909/896/14 907/894/14
f 910/895/14 912/897/14 911/898/14 909/896/14
f 912/897/14 914/899/14 913/900/14 911/898/14
f 914/899/14 916/901/14 915/902/14 913/900/14
f 916/901/14 918/903/14 917/904/14 915/902/14
f 918/903/14 920/905/14 919/906/14 917/904/14
f 920/905/14 922/907/14 921/908/14 919/906/14
f 922/907/14 924/909/14 923/910/14 921/908/14
f 924/909/14 926/911/14 925/912/14 923/910/14
f 926/911/14 928/913/14 927/914/14 925/912/14
f 928/913/14 930/915/14 929/916/14 927/914/14
f 930/915/14 932/917/14 931/918/14 929/916/14
f 932/917/14 934/919/14 933/920/14 931/918/14
f 934/919/14 936/921/14 935/922/14 933/920/14
f 936/921/14 938/923/14 937/924/14 935/922/14
f 938/923/14 940/925/14 939/926/14 937/924/14
f 940/925/14 942/927/14 941/928/14 939/926/14
f 942/927/14 944/929/14 943/930/14 941/928/14
f 944/929/14 946/931/14 945/932/14 943/930/14
f 946/931/14 948/933/14 947/934/14 945/932/14
f 948/933/14 950/935/14 949/936/14 947/934/14
f 950/935/14 952/937/14 951/938/14 949/936/14
f 952/937/14 954/939/14 953/940/14 951/938/14
f 954/939/14 956/941/14 955/942/14 953/940/14
f 956/941/14 958/943/14 957/944/14 955/942/14
f 958/943/14 960/945/14 959/946/14 957/944/14
f 960/945/14 962/947/14 961/948/14 959/946/14
f 962/947/14 964/949/14 963/950/14 961/948/14
f 964/949/14 966/951/14 965/952/14 963/950/14
f 966/951/14 968/953/14 967/954/14 965/952/14
f 968/953/14 970/955/14 969/956/14 967/954/14
f 970/955/14 972/957/14 971/958/14 969/956/14
f 972/957/14 974/959/14 973/960/14 971/958/14
f 974/959/14 976/961/14 975/962/14 973/960/14
f 976/961/14 978/963/14 977/964/14 975/962/14
f 978/963/14 980/965/14 979/966/14 977/964/14
f 980/965/14 982/967/14 981/968/14 979/966/14
f 982/967/14 984/969/14 983/970/14 981/968/14
f 984/969/14 986/971/14 985/972/14 983/970/14
f 986/971/14 988/973/14 987/974/14 985/972/14
f 988/973/14 990/975/14 989/976/14 987/974/14
f 990/975/14 992/977/14 991/978/14 989/976/14
f 992/977/14 994/979/14 993/980/14 991/978/14
f 994/979/14 996/981/14 995/982/14 993/980/14
f 996/981/14 998/983/14 997/984/14 995/982/14
f 998/983/14 1000/985/14 999/986/14 997/984/14
f 1000/985/14 1002/987/14 1001/988/14 999/986/14
f 1002/987/14 1004/989/14 1003/990/14 1001/988/14
f 1004/989/14 1006/991/14 1005/992/14 1003/990/14
f 1006/991/14 1008/993/14 1007/994/14 1005/992/14
f 1008/993/14 1010/995/14 1009/996/14 1007/994/14
f 1010/995/14 1012/997/14 1011/998/14 1009/996/14
f 1012/997/14 1014/999/14 1013/1000/14 1011/998/14
f 1014/999/14 1016/1001/14 1015/1002/14 1013/1000/14
f 1016/1001/14 1018/1003/14 1017/1004/14 1015/1002/14
f 1018/1003/14 1020/1005/14 1019/1006/14 1017/1004/14
f 1020/1005/14 1022/1007/14 1021/1008/14 1019/1006/14
f 1022/1007/14 1024/1009/14 1023/1010/14 1021/1008/14
f 1024/1009/14 1026/1011/14 1025/1012/14 1023/1010/14
f 1026/1011/14 1028/1013/14 1027/1014/14 1025/1012/14
f 1028/1013/14 1030/1015/14 1029/1016/14 1027/1014/14
f 1030/1015/14 1032/1017/14 1031/1018/14 1029/1016/14
f 1032/1017/14 1034/1019/14 1033/1020/14 1031/1018/14
f 1034/1019/14 1036/1021/14 1035/1022/14 1033/1020/14
f 1036/1021/14 1038/1023/14 1037/1024/14 1035/1022/14
f 1038/1023/14 1040/1025/14 1039/1026/14 1037/1024/14
f 1040/1025/14 1042/1027/14 1041/1028/14 1039/1026/14
f 1042/1027/14 1044/1029/14 1043/1030/14 1041/1028/14
f 1044/1029/14 1046/1031/14 1045/1032/14 1043/1030/14
f 1046/1031/14 1048/1033/14 1047/1034/14 1045/1032/14
f 1048/1033/14 1050/1035/14 1049/1036/14 1047/1034/14
f 1050/1035/14 1052/1037/14 1051/1038/14 1049/1036/14
f 1052/1037/14 1054/1039/14 1053/1040/14 1051/1038/14
f 1054/1039/14 1056/1041/14 1055/1042/14 1053/1040/14
f 1056/1041/14 1058/1043/14 1057/1044/14 1055/1042/14
f 1058/1043/14 1060/1045/14 1059/1046/14 1057/1044/14
f 1060/1045/14 1062/1047/14 1061/1048/14 1059/1046/14
f 1062/1047/14 1064/1049/14 1063/1050/14 1061/1048/14
f 1064/1049/14 1066/1051/14 1065/1052/14 1063/1050/14
f 1066/1051/14 1068/1053/14 1067/1054/14 1065/1052/14
f 1068/1053/14 1070/1055/14 1069/1056/14 1067/1054/14
f 1070/1055/14 1072/1057/14 1071/1058/14 1069/1056/14
f 1072/1057/14 1074/1059/14 1073/1060/14 1071/1058/14
f 1074/1059/14 1076/1061/14 1075/1062/14 1073/1060/14
f 1076/1061/14 1078/1063/14 1077/1064/14 1075/1062/14
f 1078/1063/14 1080/1065/14 1079/1066/14 1077/1064/14
f 1080/1065/14 1082/1067/14 1081/1068/14 1079/1066/14
f 1082/1067/14 1084/1069/14 1083/1070/14 1081/1068/14
f 1084/1069/14 1086/1071/14 1085/1072/14 1083/1070/14
f 1086/1071/14 1088/1073/14 1087/1074/14 1085/1072/14
f 1088/1073/14 1090/1075/14 1089/1076/14 1087/1074/14
f 1090/1075/14 1092/1077/14 1091/1078/14 1089/1076/14
f 1092/1077/14 1094/1079/14 1093/1080/14 1091/1078/14
f 1094/1079/14 1096/1081/14 1095/1082/14 1093/1080/14
f 1096/1081/14 1098/1083/14 1097/1084/14 1095/1082/14
f 1098/1083/14 1100/1085/14 1099/1086/14 1097/1084/14
f 1100/1085/14 1102/1087/14 1101/1088/14 1099/1086/14
f 1102/1087/14 1104/1089/14 1103/1090/14 1101/1088/14
f 1104/1089/14 1106/1091/14 1105/1092/14 1103/1090/14
f 1106/1091/14 1108/1093/14 1107/1094/14 1105/1092/14
f 1108/1093/14 1110/1095/14 1109/1096/14 1107/1094/14
f 1110/1095/14 1112/1097/14 1111/1098/14 1109/1096/14
f 1112/1097/14 1114/1099/14 1113/1100/14 1111/1098/14
f 1114/1099/14 1116/1101/14 1115/1102/14 1113/1100/14
f 1116/1101/14 1118/1103/14 1117/1104/14 1115/1102/14
f 1118/1103/14 1120/1105/14 1119/1106/14 1117/1104/14
f 1120/1105/14 1122/1107/14 1121/1108/14 1119/1106/14
f 1122/1107/14 1124/1109/14 1123/1110/14 1121/1108/14
f 1124/1109/14 1126/1111/14 1125/1112/14 1123/1110/14
f 1126/1111/14 1128/1113/14 1127/1114/14 1125/1112/14
f 1128/1113/14 1130/1115/14 1129/1116/14 1127/1114/14
f 1130/1115/14 1132/1117/14 1131/1118/14 1129/1116/14
f 1132/1117/14 1134/1119/14 1133/1120/14 1131/1118/14
f 1134/1119/14 1136/1121/14 1135/1122/14 1133/1120/14
f 1136/1121/14 1138/1123/14 1137/1124/14 1135/1122/14
f 1138/1123/14 1140/1125/14 1139/1126/14 1137/1124/14
f 1140/1125/14 1142/1127/14 1141/1128/14 1139/1126/14
f 1142/1127/14 1144/1129/14 1143/1130/14 1141/1128/14
f 1144/1129/14 1146/1131/14 1145/1132/14 1143/1130/14
f 1146/1131/14 1148/1133/14 1147/1134/14 1145/1132/14
f 1148/1133/14 1150/1135/14 1149/1136/14 1147/1134/14
f 1150/1135/14 1152/1137/14 1151/1138/14 1149/1136/14
f 1152/1137/14 1154/1139/14 1153/1140/14 1151/1138/14
f 1154/1139/14 1156/1141/14 1155/1142/14 1153/1140/14
f 1156/1141/14 1158/1143/14 1157/1144/14 1155/1142/14
f 1158/1143/14 1160/1145/14 1159/1146/14 1157/1144/14
f 1160/1145/14 1162/1147/14 1161/1148/14 1159/1146/14
f 1162/1147/14 1164/1149/14 1163/1150/14 1161/1148/14
f 1164/1149/14 1166/1151/14 1165/1152/14 1163/1150/14
f 1166/1151/14 1168/1153/14 1167/1154/14 1165/1152/14
f 1168/1153/14 1170/1155/14 1169/1156/14 1167/1154/14
f 1170/1155/14 1172/1157/14 1171/1158/14 1169/1156/14
f 1172/1157/14 1174/1159/14 1173/1160/14 1171/1158/14
f 1174/1159/14 1176/1161/14 1175/1162/14 1173/1160/14
f 1176/1161/14 1178/1163/14 1177/1164/14 1175/1162/14
f 1178/1163/14 1180/1165/14 1179/1166/14 1177/1164/14
f 1180/1165/14 1182/1167/14 1181/1168/14 1179/1166/14
f 1182/1167/14 1184/1169/14 1183/1170/14 1181/1168/14
f 1184/1169/14 1186/1171/14 1185/1172/14 1183/1170/14
f 1186/1171/14 1188/1173/14 1187/1174/14 1185/1172/14
f 1188/1173/14 1190/1175/14 1189/1176/14 1187/1174/14
f 1190/1175/14 1192/1177/14 1191/1178/14 1189/1176/14
f 1192/1177/14 1194/1179/14 1193/1180/14 1191/1178/14
f 1194/1179/14 1196/1181/14 1195/1182/14 1193/1180/14
f 1196/1181/14 1198/1183/14 1197/1184/14 1195/1182/14
f 1198/1183/14 1200/1185/14 1199/1186/14 1197/1184/14
f 1200/1185/14 1202/1187/14 1201/1188/14 1199/1186/14
f 1202/1187/14 1204/1189/14 1203/1190/14 1201/1188/14
f 1204/1189/14 1206/1191/14 1205/1192/14 1203/1190/14
f 1206/1191/14 1208/1193/14 1207/1194/14 1205/1192/14
f 1208/1193/14 1210/1195/14 1209/1196/14 1207/1194/14
f 1210/1195/14 1212/1197/14 1211/1198/14 1209/1196/14
f 1212/1197/14 1214/1199/14 1213/1200/14 1211/1198/14
f 1214/1199/14 1216/1201/14 1215/1202/14 1213/1200/14
f 1216/1201/14 1218/1203/14 1217/1204/14 1215/1202/14
f 1218/1203/14 1220/1205/14 1219/1206/14 1217/1204/14
f 1220/1205/14 1222/1207/14 1221/1208/14 1219/1206/14
f 1222/1207/14 1224/1209/14 1223/1210/14 1221/1208/14
f 1224/1209/14 1226/1211/14 1225/1212/14 1223/1210/14
f 1226/1211/14 1228/1213/14 1227/1214/14 1225/1212/14
f 1228/1213/14 1230/1215/14 1229/1216/14 1227/1214/14
f 1230/1215/14 1232/1217/14 1231/1218/14 1229/1216/14
f 1232/1217/14 1234/1219/14 1233/1220/14 1231/1218/14
f 1234/1219/14 1236/1221/14 1235/1222/14 1233/1220/14
f 1236/1221/14 1238/1223/14 1237/1224/14 1235/1222/14
f 1238/1223/14 1240/1225/14 1239/1226/14 1237/1224/14
f 1240/1225/14 1242/1227/14 1241/1228/14 1239/1226/14
f 1242/1227/14 1244/1229/14 1243/1230/14 1241/1228/14
f 1244/1229/14 1246/1231/14 1245/1232/14 1243/1230/14
f 1246/1231/14 1248/1233/14 1247/1234/14 1245/1232/14
f 1248/1233/14 1250/1235/14 1249/1236/14 1247/1234/14
f 1250/1235/14 1252/1237/14 1251/1238/14 1249/1236/14
f 1252/1237/14 1254/1239/14 1253/1240/14 1251/1238/14
f 1254/1239/14 1256/1241/14 1255/1242/14 1253/1240/14
f 1256/1241/14 1258/1243/14 1257/1244/14 1255/1242/14
f 1258/1243/14 1260/1245/14 1259/1246/14 1257/1244/14
f 1260/1245/14 1262/1247/14 1261/1248/14 1259/1246/14
f 1262/1247/14 1264/1249/14 1263/1250/14 1261/1248/14
f 1264/1249/14 1266/1251/14 1265/1252/14 1263/1250/14
f 1266/1251/14 1268/1253/14 1267/1254/14 1265/1252/14
f 1268/1253/14 1270/1255/14 1269/1256/14 1267/1254/14
f 1270/1255/14 1272/1257/14 1271/1258/14 1269/1256/14
f 1272/1257/14 1274/1259/14 1273/1260/14 1271/1258/14
f 1274/1259/14 1276/1261/14 1275/1262/14 1273/1260/14
f 1276/1261/14 1278/1263/14 1277/1264/14 1275/1262/14
f 1278/1263/14 1280/1265/14 1279/1266/14 1277/1264/14
f 1280/1265/14 1282/1267/14 1281/1268/14 1279/1266/14
f 1282/1267/14 1284/1269/14 1283/1270/14 1281/1268/14
f 1284/1269/14 1286/1271/14 1285/1272/14 1283/1270/14
f 1286/1271/14 1288/1273/14 1287/1274/14 1285/1272/14
f 1288/1273/14 1290/1275/14 1289/1276/14 1287/1274/14
f 1290/1275/14 1292/1277/14 1291/1278/14 1289/1276/14
f 1292/1277/14 1294/1279/14 1293/1280/14 1291/1278/14
f 1294/1279/14 1296/1281/14 1295/1282/14 1293/1280/14
f 1296/1281/14 1298/1283/14 1297/1284/14 1295/1282/14
f 1298/1283/14 1300/1285/14 1299/1286/14 1297/1284/14
f 1300/1285/14 1302/1287/14 1301/1288/14 1299/1286/14
f 1302/1287/14 1304/1289/14 1303/1290/14 1301/1288/14
f 1304/1289/14 1306/1291/14 1305/1292/14 1303/1290/14
f 1306/1291/14 1308/1293/14 1307/1294/14 1305/1292/14
f 1308/1293/14 1310/1295/14 1309/1296/14 1307/1294/14
f 1310/1295/14 1312/1297/14 1311/1298/14 1309/1296/14
f 1312/1297/14 1314/1299/14 1313/1300/14 1311/1298/14
f 1314/1299/14 1316/1301/14 1315/1302/14 1313/1300/14
f 1316/1301/14 1318/1303/14 1317/1304/14 1315/1302/14
f 1318/1303/14 1320/1305/14 1319/1306/14 1317/1304/14
f 1320/1305/14 1322/1307/14 1321/1308/14 1319/1306/14
f 1322/1307/14 1324/1309/14 1323/1310/14 1321/1308/14
f 1324/1309/14 1326/1311/14 1325/1312/14 1323/1310/14
f 1326/1311/14 1328/1313/14 1327/1314/14 1325/1312/14
f 1328/1313/14 1330/1315/14 1329/1316/14 1327/1314/14
f 1330/1315/14 1332/1317/14 1331/1318/14 1329/1316/14
f 1332/1317/14 1334/1319/14 1333/1320/14 1331/1318/14
f 1334/1319/14 1336/1321/14 1335/1322/14 1333/1320/14
f 1336/1321/14 1338/1323/14 1337/1324/14 1335/1322/14
f 1338/1323/14 1340/1325/14 1339/1326/14 1337/1324/14
f 1340/1325/14 1342/1327/14 1341/1328/14 1339/1326/14
f 1342/1327/14 1344/1329/14 1343/1330/14 1341/1328/14
f 1344/1329/14 1346/1331/14 1345/1332/14 1343/1330/14
f 1346/1331/14 1348/1333/14 1347/1334/14 1345/1332/14
f 1348/1333/14 1350/1335/14 1349/1336/14 1347/1334/14
f 1350/1335/14 1352/1337/14 1351/1338/14 1349/1336/14
f 1352/1337/14 1354/1339/14 1353/1340/14 1351/1338/14
f 1354/1339/14 1356/1341/14 1355/1342/14 1353/1340/14
f 1356/1341/14 1358/1343/14 1357/1344/14 1355/1342/14
f 1358/1343/14 1360/1345/14 1359/1346/14 1357/1344/14
f 1360/1345/14 1362/1347/14 1361/1348/14 1359/1346/14
f 1362/1347/14 1364/1349/14 1363/1350/14 1361/1348/14
f 1364/1349/14 1366/1351/14 1365/1352/14 1363/1350/14
f 1366/1351/14 1368/1353/14 1367/1354/14 1365/1352/14
f 1368/1353/14 1370/1355/14 1369/1356/14 1367/1354/14
f 1370/1355/14 1372/1357/14 1371/1358/14 1369/1356/14
f 1372/1357/14 1374/1359/14 1373/1360/14 1371/1358/14
f 1374/1359/14 1376/1361/14 1375/1362/14 1373/1360/14
f 1376/1361/14 1378/1363/14 1377/1364/14 1375/1362/14
f 1378/1363/14 1380/1365/14 1379/1366/14 1377/1364/14
f 1380/1365/14 1382/1367/14 1381/1368/14 1379/1366/14
f 1382/1367/14 1384/1369/14 1383/1370/14 1381/1368/14
f 1384/1369/14 1386/1371/14 1385/1372/14 1383/1370/14
f 1386/1371/14 1388/1373/14 1387/1374/14 1385/1372/14
f 1388/1373/14 1390/1375/14 1389/1376/14 1387/1374/14
f 1390/1375/14 1392/1377/14 1391/1378/14 1389/1376/14
f 1392/1377/14 1394/1379/14 1393/1380/14 1391/1378/14
f 1394/1379/14 1396/1381/14 1395/1382/14 1393/1380/14
f 1396/1381/14 1398/1383/14 1397/1384/14 1395/1382/14
f 1398/1383/14 1400/1385/14 1399/1386/14 1397/1384/14
f 1400/1385/14 1402/1387/14 1401/1388/14 1399/1386/14
f 1402/1387/14 1404/1389/14 1403/1390/14 1401/1388/14
f 1404/1389/14 1406/1391/14 1405/1392/14 1403/1390/14
f 1406/1391/14 1408/1393/14 1407/1394/14 1405/1392/14
f 1408/1393/14 1410/1395/14 1409/1396/14 1407/1394/14
f 1410/1395/14 1412/1397/14 1411/1398/14 1409/1396/14
f 1412/1397/14 1414/1399/14 1413/1400/14 1411/1398/14
f 1414/1399/14 1416/1401/14 1415/1402/14 1413/1400/14
f 1416/1401/14 1418/1403/14 1417/1404/14 1415/1402/14
f 1418/1403/14 1420/1405/14 1419/1406/14 1417/1404/14
f 1420/1405/14 1422/1407/14 1421/1408/14 1419/1406/14
f 1422/1407/14 1424/1409/14 1423/1410/14 1421/1408/14
f 1424/1409/14 1426/1411/14 1425/1412/14 1423/1410/14
f 1426/1411/14 1428/1413/14 1427/1414/14 1425/1412/14
f 1428/1413/14 1430/1415/14 1429/1416/14 1427/1414/14
f 1430/1415/14 1432/1417/14 1431/1418/14 1429/1416/14
f 1432/1417/14 1434/1419/14 1433/1420/14 1431/1418/14
f 1434/1419/14 1436/1421/14 1435/1422/14 1433/1420/14
f 1436/1421/14 1438/1423/14 1437/1424/14 1435/1422/14
f 1438/1423/14 1440/1425/14 1439/1426/14 1437/1424/14
f 1440/1425/14 1442/1427/14 1441/1428/14 1439/1426/14
f 1442/1427/14 1444/1429/14 1443/1430/14 1441/1428/14
f 1444/1429/14 1446/1431/14 1445/1432/14 1443/1430/14
f 1446/1431/14 1448/1433/14 1447/1434/14 1445/1432/14
f 1448/1433/14 1450/1435/14 1449/1436/14 1447/1434/14
f 1450/1435/14 1452/1437/14 1451/1438/14 1449/1436/14
f 1452/1437/14 1454/1439/14 1453/1440/14 1451/1438/14
f 1454/1439/14 1456/1441/14 1455/1442/14 1453/1440/14
f 1456/1441/14 1458/1443/14 1457/1444/14 1455/1442/14
f 1458/1443/14 1460/1445/14 1459/1446/14 1457/1444/14
f 1460/1445/14 1462/1447/14 1461/1448/14 1459/1446/14
f 1462/1447/14 1464/1449/14 1463/1450/14 1461/1448/14
f 1464/1449/14 1466/1451/14 1465/1452/14 1463/1450/14
f 1466/1451/14 1468/1453/14 1467/1454/14 1465/1452/14
f 1468/1453/14 1470/1455/14 1469/1456/14 1467/1454/14
f 1470/1455/14 1472/1457/14 1471/1458/14 1469/1456/14
f 1472/1457/14 1474/1459/14 1473/1460/14 1471/1458/14
f 1474/1459/14 1476/1461/14 1475/1462/14 1473/1460/14
f 1476/1461/14 1478/1463/14 1477/1464/14 1475/1462/14
f 1478/1463/14 1480/1465/14 1479/1466/14 1477/1464/14
f 1480/1465/14 1482/1467/14 1481/1468/14 1479/1466/14
f 1482/1467/14 1484/1469/14 1483/1470/14 1481/1468/14
f 1484/1469/14 1486/1471/14 1485/1472/14 1483/1470/14
f 1486/1471/14 1488/1473/14 1487/1474/14 1485/1472/14
f 1488/1473/14 1490/1475/14 1489/1476/14 1487/1474/14
f 1490/1475/14 1492/1477/14 1491/1478/14 1489/1476/14
f 1492/1477/14 1494/1479/14 1493/1480/14 1491/1478/14
f 1494/1479/14 1496/1481/14 1495/1482/14 1493/1480/14
f 1496/1481/14 1498/1483/14 1497/1484/14 1495/1482/14
f 1498/1483/14 1500/1485/14 1499/1486/14 1497/1484/14
f 1500/1485/14 1502/1487/14 1501/1488/14 1499/1486/14
f 1502/1487/14 1504/1489/14 1503/1490/14 1501/1488/14
f 1504/1489/14 1506/1491/14 1505/1492/14 1503/1490/14
f 1506/1491/14 1508/1493/14 1507/1494/14 1505/1492/14
f 1508/1493/14 1510/1495/14 1509/1496/14 1507/1494/14
f 1510/1495/14 1512/1497/14 1511/1498/14 1509/1496/14
f 1512/1497/14 1514/1499/14 1513/1500/14 1511/1498/14
f 1514/1499/14 1516/1501/14 1515/1502/14 1513/1500/14
f 1516/1501/14 1518/1503/14 1517/1504/14 1515/1502/14
f 1518/1503/14 1520/1505/14 1519/1506/14 1517/1504/14
f 1520/1505/14 1522/1507/14 1521/1508/14 1519/1506/14
f 1522/1507/14 1524/1509/14 1523/1510/14 1521/1508/14
f 1524/1509/14 1526/1511/14 1525/1512/14 1523/1510/14
f 1526/1511/14 1528/1513/14 1527/1514/14 1525/1512/14
f 1528/1513/14 1530/1515/14 1529/1516/14 1527/1514/14
f 1530/1515/14 1532/1517/14 1531/1518/14 1529/1516/14
f 1532/1517/14 1534/1519/14 1533/1520/14 1531/1518/14
f 1534/1519/14 1536/1521/14 1535/1522/14 1533/1520/14
f 1536/1521/14 1538/1523/14 1537/1524/14 1535/1522/14
f 1538/1523/14 1540/1525/14 1539/1526/14 1537/1524/14
f 1540/1525/14 1542/1527/14 1541/1528/14 1539/1526/14
f 1542/1527/14 1544/1529/14 1543/1530/14 1541/1528/14
f 1544/1529/14 1546/1531/14 1545/1532/14 1543/1530/14
f 1546/1531/14 1548/1533/14 1547/1534/14 1545/1532/14
f 1548/1533/14 1550/1535/14 1549/1536/14 1547/1534/14
f 1550/1535/14 1552/1537/14 1551/1538/14 1549/1536/14
f 1552/1537/14 1554/1539/14 1553/1540/14 1551/1538/14
f 1554/1539/14 1556/1541/14 1555/1542/14 1553/1540/14
f 1556/1541/14 1558/1543/14 1557/1544/14 1555/1542/14
f 1558/1543/14 1560/1545/14 1559/1546/14 1557/1544/14
f 1560/1545/14 1562/1547/14 1561/1548/14 1559/1546/14
f 1562/1547/14 1564/1549/14 1563/1550/14 1561/1548/14
f 1564/1549/14 1566/1551/14 1565/1552/14 1563/1550/14
f 1566/1551/14 1568/1553/14 1567/1554/14 1565/1552/14
f 1568/1553/14 1570/1555/14 1569/1556/14 1567/1554/14
f 1570/1555/14 1572/1557/14 1571/1558/14 1569/1556/14
f 1572/1557/14 1574/1559/14 1573/1560/14 1571/1558/14
f 1574/1559/14 1576/1561/14 1575/1562/14 1573/1560/14
f 1576/1561/14 1578/1563/14 1577/1564/14 1575/1562/14
f 1578/1563/14 1580/1565/14 1579/1566/14 1577/1564/14
f 1580/1565/14 1582/1567/14 1581/1568/14 1579/1566/14
f 1582/1567/14 1584/1569/14 1583/1570/14 1581/1568/14
f 1584/1569/14 1586/1571/14 1585/1572/14 1583/1570/14
f 1586/1571/14 1588/1573/14 1587/1574/14 1585/1572/14
f 1588/1573/14 1590/1575/14 1589/1576/14 1587/1574/14
f 1590/1575/14 1592/1577/14 1591/1578/14 1589/1576/14
f 1592/1577/14 1594/1579/14 1593/1580/14 1591/1578/14
f 1594/1579/14 1596/1581/14 1595/1582/14 1593/1580/14
f 1596/1581/14 1598/1583/14 1597/1584/14 1595/1582/14
f 1598/1583/14 1600/1585/14 1599/1586/14 1597/1584/14
f 1600/1585/14 1602/1587/14 1601/1588/14 1599/1586/14
f 1602/1587/14 1604/1589/14 1603/1590/14 1601/1588/14
f 1604/1589/14 1606/1591/14 1605/1592/14 1603/1590/14
f 1606/1591/14 1608/1593/14 1607/1594/14 1605/1592/14
f 1608/1593/14 1610/1595/14 1609/1596/14 1607/1594/14
f 1610/1595/14 1612/1597/14 1611/1598/14 1609/1596/14
f 1612/1597/14 1614/1599/14 1613/1600/14 1611/1598/14
f 1614/1599/14 1616/1601/14 1615/1602/14 1613/1600/14
f 1616/1601/14 1618/1603/14 1617/1604/14 1615/1602/14
f 1618/1603/14 1620/1605/14 1619/1606/14 1617/1604/14
f 1620/1605/14 1622/1607/14 1621/1608/14 1619/1606/14
f 1622/1607/14 1624/1609/14 1623/1610/14 1621/1608/14
f 1624/1609/14 1626/1611/14 1625/1612/14 1623/1610/14
f 1626/1611/14 1628/1613/14 1627/1614/14 1625/1612/14
f 1628/1613/14 1630/1615/14 1629/1616/14 1627/1614/14
f 1630/1615/14 1632/1617/14 1631/1618/14 1629/1616/14
f 1632/1617/14 1634/1619/14 1633/1620/14 1631/1618/14
f 1634/1619/14 1636/1621/14 1635/1622/14 1633/1620/14
f 1636/1621/14 1638/1623/14 1637/1624/14 1635/1622/14
f 1638/1623/14 1640/1625/14 1639/1626/14 1637/1624/14
f 1640/1625/14 1642/1627/14 1641/1628/14 1639/1626/14
f 1642/1627/14 1644/1629/14 1643/1630/14 1641/1628/14
f 1644/1629/14 1646/1631/14 1645/1632/14 1643/1630/14
f 1646/1631/14 1648/1633/14 1647/1634/14 1645/1632/14
f 1648/1633/14 1650/1635/14 1649/1636/14 1647/1634/14
f 1650/1635/14 1652/1637/14 1651/1638/14 1649/1636/14
f 1652/1637/14 1654/1639/14 1653/1640/14 1651/1638/14
f 1654/1639/14 1656/1641/14 1655/1642/14 1653/1640/14
f 1656/1641/14 1658/1643/14 1657/1644/14 1655/1642/14
f 1658/1643/14 1660/1645/14 1659/1646/14 1657/1644/14
f 1660/1645/14 1662/1647/14 1661/1648/14 1659/1646/14
f 1662/1647/14 1664/1649/14 1663/1650/14 1661/1648/14
f 1664/1649/14 1666/1651/14 1665/1652/14 1663/1650/14
f 1666/1651/14 1668/1653/14 1667/1654/14 1665/1652/14
f 1668/1653/14 1670/1655/14 1669/1656/14 1667/1654/14
f 1670/1655/14 1672/1657/14 1671/1658/14 1669/1656/14
f 1672/1657/14 1674/1659/14 1673/1660/14 1671/1658/14
f 1674/1659/14 1676/1661/14 1675/1662/14 1673/1660/14
f 1676/1661/14 1678/1663/14 1677/1664/14 1675/1662/14
f 1678/1663/14 1680/1665/14 1679/1666/14 1677/1664/14
f 1680/1665/14 1682/1667/14 1681/1668/14 1679/1666/14
f 1682/1667/14 1684/1669/14 1683/1670/14 1681/1668/14
f 1684/1669/14 1686/1671/14 1685/1672/14 1683/1670/14
f 1686/1671/14 1688/1673/14 1687/1674/14 1685/1672/14
f 1688/1673/14 1690/1675/14 1689/1676/14 1687/1674/14
f 1690/1675/14 1692/1677/14 1691/1678/14 1689/1676/14
f 1692/1677/14 1694/1679/14 1693/1680/14 1691/1678/14
f 1694/1679/14 1696/1681/14 1695/1682/14 1693/1680/14
f 1696/1681/14 1698/1683/14 1697/1684/14 1695/1682/14
f 1698/1683/14 1700/1685/14 1699/1686/14 1697/1684/14
f 1700/1685/14 1702/1687/14 1701/1688/14 1699/1686/14
f 1702/1687/14 1704/1689/14 1703/1690/14 1701/1688/14
f 1704/1689/14 1706/1691/14 1705/1692/14 1703/1690/14
f 1706/1691/14 1708/1693/14 1707/1694/14 1705/1692/14
f 1708/1693/14 1710/1695/14 1709/1696/14 1707/1694/14
f 1710/1695/14 1712/1697/14 1711/1698/14 1709/1696/14
f 1712/1697/14 1714/1699/14 1713/1700/14 1711/1698/14
f 1714/1699/14 1716/1701/14 1715/1702/14 1713/1700/14
f 1716/1701/14 1718/1703/14 1717/1704/14 1715/1702/14
f 1718/1703/14 1720/1705/14 1719/1706/14 1717/1704/14
f 1720/1705/14 1722/1707/14 1721/1708/14 1719/1706/14
f 1722/1707/14 1724/1709/14 1723/1710/14 1721/1708/14
f 1724/1709/14 1726/1711/14 1725/1712/14 1723/1710/14
f 1726/1711/14 1728/1713/14 1727/1714/14 1725/1712/14
f 1728/1713/14 1730/1715/14 1729/1716/14 1727/1714/14
f 1730/1715/14 1732/1717/14 1731/1718/14 1729/1716/14
f 1732/1717/14 1734/1719/14 1733/1720/14 1731/1718/14
f 1734/1719/14 1736/1721/14 1735/1722/14 1733/1720/14
f 1736/1721/14 1738/1723/14 1737/1724/14 1735/1722/14
f 1738/1723/14 1740/1725/14 1739/1726/14 1737/1724/14
f 1740/1725/14 1742/1727/14 1741/1728/14 1739/1726/14
f 1742/1727/14 1744/1729/14 1743/1730/14 1741/1728/14
f 1744/1729/14 1746/1731/14 1745/1732/14 1743/1730/14
f 1746/1731/14 1748/1733/14 1747/1734/14 1745/1732/14
f 1748/1733/14 1750/1735/14 1749/1736/14 1747/1734/14
f 1750/1735/14 1752/1737/14 1751/1738/14 1749/1736/14
f 1752/1737/14 1754/1739/14 1753/1740/14 1751/1738/14
f 1754/1739/14 1756/1741/14 1755/1742/14 1753/1740/14
f 1756/1741/14 1758/1743/14 1757/1744/14 1755/1742/14
f 1758/1743/14 1760/1745/14 1759/1746/14 1757/1744/14
f 1760/1745/14 1762/1747/14 1761/1748/14 1759/1746/14
f 1762/1747/14 1764/1749/14 1763/1750/14 1761/1748/14
f 1764/1749/14 1766/1751/14 1765/1752/14 1763/1750/14
f 1766/1751/14 1768/1753/14 1767/1754/14 1765/1752/14
f 1768/1753/14 1770/1755/14 1769/1756/14 1767/1754/14
f 1770/1755/14 1772/1757/14 1771/1758/14 1769/1756/14
f 1772/1757/14 1774/1759/14 1773/1760/14 1771/1758/14
f 1774/1759/14 1776/1761/14 1775/1762/14 1773/1760/14
f 1776/1761/14 1778/1763/14 1777/1764/14 1775/1762/14
f 1778/1763/14 1780/1765/14 1779/1766/14 1777/1764/14
f 1780/1765/14 1782/1767/14 1781/1768/14 1779/1766/14
f 1782/1767/14 1784/1769/14 1783/1770/14 1781/1768/14
f 1784/1769/14 1786/1771/14 1785/1772/14 1783/1770/14
f 1786/1771/14 1788/1773/14 1787/1774/14 1785/1772/14
f 1788/1773/14 1790/1775/14 1789/1776/14 1787/1774/14
f 1790/1775/14 1792/1777/14 1791/1778/14 1789/1776/14
f 1792/1777/14 1794/1779/14 1793/1780/14 1791/1778/14
f 1794/1779/14 1796/1781/14 1795/1782/14 1793/1780/14
f 1796/1781/14 1798/1783/14 1797/1784/14 1795/1782/14
f 1798/1783/14 1800/1785/14 1799/1786/14 1797/1784/14
f 1800/1785/14 1802/1787/14 1801/1788/14 1799/1786/14
f 1802/1787/14 1804/1789/14 1803/1790/14 1801/1788/14
f 1804/1789/14 1806/1791/14 1805/1792/14 1803/1790/14
f 1806/1791/14 1808/1793/14 1807/1794/14 1805/1792/14
f 1808/1793/14 1810/1795/14 1809/1796/14 1807/1794/14
f 1810/1795/14 1812/1797/14 1811/1798/14 1809/1796/14
f 1812/1797/14 1814/1799/14 1813/1800/14 1811/1798/14
f 1814/1799/14 1816/1801/14 1815/1802/14 1813/1800/14
f 1816/1801/14 1818/1803/14 1817/1804/14 1815/1802/14
f 1818/1803/14 1820/1805/14 1819/1806/14 1817/1804/14
f 1820/1805/14 1822/1807/14 1821/1808/14 1819/1806/14
f 1822/1807/14 1824/1809/14 1823/1810/14 1821/1808/14
f 1824/1809/14 1826/1811/14 1825/1812/14 1823/1810/14
f 1826/1811/14 1828/1813/14 1827/1814/14 1825/1812/14
f 1828/1813/14 1830/1815/14 1829/1816/14 1827/1814/14
f 1830/1815/14 1832/1817/14 1831/1818/14 1829/1816/14
f 1832/1817/14 1834/1819/14 1833/1820/14 1831/1818/14
f 1834/1819/14 1836/1821/14 1835/1822/14 1833/1820/14
f 1836/1821/14 1838/1823/14 1837/1824/14 1835/1822/14
f 1838/1823/14 1840/1825/14 1839/1826/14 1837/1824/14
f 1840/1825/14 1842/1827/14 1841/1828/14 1839/1826/14
f 1842/1827/14 1844/1829/14 1843/1830/14 1841/1828/14
f 1844/1829/14 1846/1831/14 1845/1832/14 1843/1830/14
f 1846/1831/14 1848/1833/14 1847/1834/14 1845/1832/14
f 1848/1833/14 1850/1835/14 1849/1836/14 1847/1834/14
f 1850/1835/14 1852/1837/14 1851/1838/14 1849/1836/14
f 1852/1837/14 1854/1839/14 1853/1840/14 1851/1838/14
f 1854/1839/14 1856/1841/14 1855/1842/14 1853/1840/14
f 1856/1841/14 1858/1843/14 1857/1844/14 1855/1842/14
f 1858/1843/14 1860/1845/14 1859/1846/14 1857/1844/14
f 1860/1845/14 1862/1847/14 1861/1848/14 1859/1846/14
f 1862/1847/14 1864/1849/14 1863/1850/14 1861/1848/14
f 1864/1849/14 1866/1851/14 1865/1852/14 1863/1850/14
f 1866/1851/14 1868/1853/14 1867/1854/14 1865/1852/14
f 1868/1853/14 1870/1855/14 1869/1856/14 1867/1854/14
f 1870/1855/14 1872/1857/14 1871/1858/14 1869/1856/14
f 1872/1857/14 1874/1859/14 1873/1860/14 1871/1858/14
f 1874/1859/14 1876/1861/14 1875/1862/14 1873/1860/14
f 1876/1861/14 1878/1863/14 1877/1864/14 1875/1862/14
f 1878/1863/14 1880/1865/14 1879/1866/14 1877/1864/14
f 1880/1865/14 1882/1867/14 1881/1868/14 1879/1866/14
f 1882/1867/14 1884/1869/14 1883/1870/14 1881/1868/14
f 1884/1869/14 1886/1871/14 1885/1872/14 1883/1870/14
f 1886/1871/14 1888/1873/14 1887/1874/14 1885/1872/14
f 1888/1873/14 1890/1875/14 1889/1876/14 1887/1874/14
f 1890/1875/14 1892/1877/14 1891/1878/14 1889/1876/14
f 1892/1877/14 1894/1879/14 1893/1880/14 1891/1878/14
f 1894/1879/14 1896/1881/14 1895/1882/14 1893/1880/14
f 1896/1881/14 1898/1883/14 1897/1884/14 1895/1882/14
f 1898/1883/14 1900/1885/14 1899/1886/14 1897/1884/14
f 1900/1885/14 1902/1887/14 1901/1888/14 1899/1886/14
f 1902/1887/14 1904/1889/14 1903/1890/14 1901/1888/14
f 1904/1889/14 1906/1891/14 1905/1892/14 1903/1890/14
f 1906/1891/14 1908/1893/14 1907/1894/14 1905/1892/14
f 1908/1893/14 1910/1895/14 1909/1896/14 1907/1894/14
f 1910/1895/14 1912/1897/14 1911/1898/14 1909/1896/14
f 1912/1897/14 1914/1899/14 1913/1900/14 1911/1898/14
f 1914/1899/14 1916/1901/14 1915/1902/14 1913/1900/14
f 1916/1901/14 1918/1903/14 1917/1904/14 1915/1902/14
f 1918/1903/14 1920/1905/14 1919/1906/14 1917/1904/14
f 1920/1905/14 1922/1907/14 1921/1908/14 1919/1906/14
f 1922/1907/14 1924/1909/14 1923/1910/14 1921/1908/14
f 1924/1909/14 1926/1911/14 1925/1912/14 1923/1910/14
f 1926/1911/14 1928/1913/14 1927/1914/14 1925/1912/14
f 1928/1913/14 1930/1915/14 1929/1916/14 1927/1914/14
f 1930/1915/14 1932/1917/14 1931/1918/14 1929/1916/14
f 1932/1917/14 1934/1919/14 1933/1920/14 1931/1918/14
f 1934/1919/14 1936/1921/14 1935/1922/14 1933/1920/14
f 1936/1921/14 1938/1923/14 1937/1924/14 1935/1922/14
f 1938/1923/14 1940/1925/14 1939/1926/14 1937/1924/14
f 1940/1925/14 1942/1927/14 1941/1928/14 1939/1926/14
f 1942/1927/14 1944/1929/14 1943/1930/14 1941/1928/14
f 1944/1929/14 1946/1931/14 1945/1932/14 1943/1930/14
f 1946/1931/14 1948/1933/14 1947/1934/14 1945/1932/14
f 1948/1933/14 1950/1935/14 1949/1936/14 1947/1934/14
f 1950/1935/14 1952/1937/14 1951/1938/14 1949/1936/14
f 1952/1937/14 1954/1939/14 1953/1940/14 1951/1938/14
f 1954/1939/14 1956/1941/14 1955/1942/14 1953/1940/14
f 1956/1941/14 1958/1943/14 1957/1944/14 1955/1942/14
f 1958/1943/14 1960/1945/14 1959/1946/14 1957/1944/14
f 1960/1945/14 1962/1947/14 1961/1948/14 1959/1946/14
f 1962/1947/14 1964/1949/14 1963/1950/14 1961/1948/14
f 1964/1949/14 1966/1951/14 1965/1952/14 1963/1950/14
f 1966/1951/14 1968/1953/14 1967/1954/14 1965/1952/14
f 1968/1953/14 1970/1955/14 1969/1956/14 1967/1954/14
f 1970/1955/14 1972/1957/14 1971/1958/14 1969/1956/14
f 1972/1957/14 1974/1959/14 1973/1960/14 1971/1958/14
f 1974/1959/14 1976/1961/14 1975/1962/14 1973/1960/14
f 1976/1961/14 1978/1963/14 1977/1964/14 1975/1962/14
f 1978/1963/14 1980/1965/14 1979/1966/14 1977/1964/14
f 1980/1965/14 1982/1967/14 1981/1968/14 1979/1966/14
f 1982/1967/14 1984/1969/14 1983/1970/14 1981/1968/14
f 1984/1969/14 1986/1971/14 1985/1972/14 1983/1970/14
f 1986/1971/14 1988/1973/14 1987/1974/14 1985/1972/14
f 1988/1973/14 1990/1975/14 1989/1976/14 1987/1974/14
f 1990/1975/14 1992/1977/14 1991/1978/14 1989/1976/14
f 1992/1977/14 1994/1979/14 1993/1980/14 1991/1978/14
f 1994/1979/14 1996/1981/14 1995/1982/14 1993/1980/14
f 1996/1981/14 1998/1983/14 1997/1984/14 1995/1982/14
f 1998/1983/14 2000/1985/14 1999/1986/14 1997/1984/14
f 2000/1985/14 2002/1987/14 2001/1988/14 1999/1986/14
f 2002/1987/14 2004/1989/14 2003/1990/14 2001/1988/14
f 2004/1989/14 2006/1991/14 2005/1992/14 2003/1990/14
f 2006/1991/14 2008/1993/14 2007/1994/14 2005/1992/14
f 2008/1993/14 2010/1995/14 2009/1996/14 2007/1994/14
f 2010/1995/14 2012/1997/14 2011/1998/14 2009/1996/14
f 2012/1997/14 2014/1999/14 2013/2000/14 2011/1998/14
f 2014/1999/14 2016/2001/14 2015/2002/14 2013/2000/14
f 2016/2001/14 2018/2003/14 2017/2004/14 2015/2002/14
f 2018/2003/14 2020/2005/14 2019/2006/14 2017/2004/14
f 2020/2005/14 2022/2007/14 2021/2008/14 2019/2006/14
f 2022/2007/14 2024/2009/14 2023/2010/14 2021/2008/14
f 2024/2009/14 2026/2011/14 2025/2012/14 2023/2010/14
f 2026/2011/14 2028/2013/14 2027/2014/14 2025/2012/14
f 2028/2013/14 2030/2015/14 2029/2016/14 2027/2014/14
f 2030/2015/14 2032/2017/14 2031/2018/14 2029/2016/14
f 2032/2017/14 2034/2019/14 2033/2020/14 2031/2018/14
f 2034/2019/14 2036/2021/14 2035/2022/14 2033/2020/14
f 2036/2021/14 2038/2023/14 2037/2024/14 2035/2022/14
f 2038/2023/14 2040/2025/14 2039/2026/14 2037/2024/14
f 2040/2025/14 2042/2027/14 2041/2028/14 2039/2026/14
f 2042/2027/14 2044/2029/14 2043/2030/14 2041/2028/14
f 2044/2029/14 2046/2031/14 2045/2032/14 2043/2030/14
f 2046/2031/14 2048/2033/14 2047/2034/14 2045/2032/14
f 2048/2033/14 2050/2035/14 2049/2036/14 2047/2034/14
f 2050/2035/14 2052/2037/14 2051/2038/14 2049/2036/14
f 2052/2037/14 2054/2039/14 2053/2040/14 2051/2038/14
f 2054/2039/14 2056/2041/14 2055/2042/14 2053/2040/14
f 2056/2041/14 2058/2043/14 2057/2044/14 2055/2042/14
f 2058/2043/14 2060/2045/14 2059/2046/14 2057/2044/14
f 2060/2045/14 2062/2047/14 2061/2048/14 2059/2046/14
f 2062/2047/14 2064/2049/14 2063/2050/14 2061/2048/14
f 2064/2049/14 2066/2051/14 2065/2052/14 2063/2050/14
f 2066/2051/14 2068/2053/14 2067/2054/14 2065/2052/14
f 2068/2053/14 2070/2055/14 2069/2056/14 2067/2054/14
f 2070/2055/14 2072/2057/14 2071/2058/14 2069/2056/14
f 2072/2057/14 2074/2059/14 2073/2060/14 2071/2058/14
f 2074/2059/14 2076/2061/14 2075/2062/14 2073/2060/14
f 2076/2061/14 2078/2063/14 2077/2064/14 2075/2062/14
f 2078/2063/14 2080/2065/14 2079/2066/14 2077/2064/14
f 2080/2065/14 2082/2067/14 2081/2068/14 2079/2066/14
f 2082/2067/14 2084/2069/14 2083/2070/14 2081/2068/14
f 2084/2069/14 2086/2071/14 2085/2072/14 2083/2070/14
f 2086/2071/14 2088/2073/14 2087/2074/14 2085/2072/14
f 2088/2073/14 2090/2075/14 2089/2076/14 2087/2074/14
f 2090/2075/14 2092/2077/14 2091/2078/14 2089/2076/14
f 2092/2077/14 2094/2079/14 2093/2080/14 2091/2078/14
f 2094/2079/14 2096/2081/14 2095/2082/14 2093/2080/14
f 2096/2081/14 2098/2083/14 2097/2084/14 2095/2082/14
f 2098/2083/14 2100/2085/14 2099/2086/14 2097/2084/14
f 2100/2085/14 2102/2087/14 2101/2088/14 2099/2086/14
f 2102/2087/14 2104/2089/14 2103/2090/14 2101/2088/14
f 2104/2089/14 2106/2091/14 2105/2092/14 2103/2090/14
f 2106/2091/14 2108/2093/14 2107/2094/14 2105/2092/14
f 2108/2093/14 2110/2095/14 2109/2096/14 2107/2094/14
f 2110/2095/14 2112/2097/14 2111/2098/14 2109/2096/14
f 2112/2097/14 2114/2099/14 2113/2100/14 2111/2098/14
f 2114/2099/14 2116/2101/14 2115/2102/14 2113/2100/14
f 2116/2101/14 2118/2103/14 2117/2104/14 2115/2102/14
f 2118/2103/14 2120/2105/14 2119/2106/14 2117/2104/14
f 2120/2105/14 2122/2107/14 2121/2108/14 2119/2106/14
f 2122/2107/14 2124/2109/14 2123/2110/14 2121/2108/14
f 2124/2109/14 2126/2111/14 2125/2112/14 2123/2110/14
f 2126/2111/14 2128/2113/14 2127/2114/14 2125/2112/14
f 2128/2113/14 2130/2115/14 2129/2116/14 2127/2114/14
f 2130/2115/14 2132/2117/14 2131/2118/14 2129/2116/14
f 2132/2117/14 2134/2119/14 2133/2120/14 2131/2118/14
f 2134/2119/14 2136/2121/14 2135/2122/14 2133/2120/14
f 2136/2121/14 2138/2123/14 2137/2124/14 2135/2122/14
f 2138/2123/14 2140/2125/14 2139/2126/14 2137/2124/14
f 2140/2125/14 2142/2127/14 2141/2128/14 2139/2126/14
f 2142/2127/14 2144/2129/14 2143/2130/14 2141/2128/14
f 2144/2129/14 2146/2131/14 2145/2132/14 2143/2130/14
f 2146/2131/14 2148/2133/14 2147/2134/14 2145/2132/14
f 2148/2133/14 2150/2135/14 2149/2136/14 2147/2134/14
f 2150/2135/14 2152/2137/14 2151/2138/14 2149/2136/14
f 2152/2137/14 2154/2139/14 2153/2140/14 2151/2138/14
f 2154/2139/14 2156/2141/14 2155/2142/14 2153/2140/14
f 2156/2141/14 2158/2143/14 2157/2144/14 2155/2142/14
f 2158/2143/14 2160/2145/14 2159/2146/14 2157/2144/14
f 2160/2145/14 2162/2147/14 2161/2148/14 2159/2146/14
f 2162/2147/14 2164/2149/14 2163/2150/14 2161/2148/14
f 2164/2149/14 2166/2151/14 2165/2152/14 2163/2150/14
f 2166/2151/14 2168/2153/14 2167/2154/14 2165/2152/14
f 2168/2153/14 2170/2155/14 2169/2156/14 2167/2154/14
f 2170/2155/14 2172/2157/14 2171/2158/14 2169/2156/14
f 2172/2157/14 2174/2159/14 2173/2160/14 2171/2158/14
f 2174/2159/14 2176/2161/14 2175/2162/14 2173/2160/14
f 2176/2161/14 2178/2163/14 2177/2164/14 2175/2162/14
f 2178/2163/14 2180/2165/14 2179/2166/14 2177/2164/14
f 2180/2165/14 2182/2167/14 2181/2168/14 2179/2166/14
f 2182/2167/14 2184/2169/14 2183/2170/14 2181/2168/14
f 2184/2169/14 2186/2171/14 2185/2172/14 2183/2170/14
f 2186/2171/14 2188/2173/14 2187/2174/14 2185/2172/14
f 2188/2173/14 2190/2175/14 2189/2176/14 2187/2174/14
f 2190/2175/14 2192/2177/14 2191/2178/14 2189/2176/14
f 2192/2177/14 2194/2179/14 2193/2180/14 2191/2178/14
f 2194/2179/14 2196/2181/14 2195/2182/14 2193/2180/14
f 2196/2181/14 2198/2183/14 2197/2184/14 2195/2182/14
f 2198/2183/14 2200/2185/14 2199/2186/14 2197/2184/14
f 2200/2185/14 2202/2187/14 2201/2188/14 2199/2186/14
f 2202/2187/14 2204/2189/14 2203/2190/14 2201/2188/14
f 2204/2189/14 2206/2191/14 2205/2192/14 2203/2190/14
f 2206/2191/14 2208/2193/14 2207/2194/14 2205/2192/14
f 2208/2193/14 2210/2195/14 2209/2196/14 2207/2194/14
f 2210/2195/14 2212/2197/14 2211/2198/14 2209/2196/14
f 2212/2197/14 2214/2199/14 2213/2200/14 2211/2198/14
f 2214/2199/14 2216/2201/14 2215/2202/14 2213/2200/14
f 2216/2201/14 2218/2203/14 2217/2204/14 2215/2202/14
f 2218/2203/14 2220/2205/14 2219/2206/14 2217/2204/14
f 2220/2205/14 2222/2207/14 2221/2208/14 2219/2206/14
f 2222/2207/14 2224/2209/14 2223/2210/14 2221/2208/14
f 2224/2209/14 2226/2211/14 2225/2212/14 2223/2210/14
f 2226/2211/14 2228/2213/14 2227/2214/14 2225/2212/14
f 2228/2213/14 2230/2215/14 2229/2216/14 2227/2214/14
f 2230/2215/14 2232/2217/14 2231/2218/14 2229/2216/14
f 2232/2217/14 2234/2219/14 2233/2220/14 2231/2218/14
f 2234/2219/14 2236/2221/14 2235/2222/14 2233/2220/14
f 2236/2221/14 2238/2223/14 2237/2224/14 2235/2222/14
f 2238/2223/14 2240/2225/14 2239/2226/14 2237/2224/14
f 2240/2225/14 2242/2227/14 2241/2228/14 2239/2226/14
f 2242/2227/14 2244/2229/14 2243/2230/14 2241/2228/14
f 2244/2229/14 2246/2231/14 2245/2232/14 2243/2230/14
f 2246/2231/14 2248/2233/14 2247/2234/14 2245/2232/14
f 2248/2233/14 2250/2235/14 2249/2236/14 2247/2234/14
f 2250/2235/14 2252/2237/14 2251/2238/14 2249/2236/14
f 2252/2237/14 2254/2239/14 2253/2240/14 2251/2238/14
f 2254/2239/14 2256/2241/14 2255/2242/14 2253/2240/14
f 2256/2241/14 2258/2243/14 2257/2244/14 2255/2242/14
f 2258/2243/14 2260/2245/14 2259/2246/14 2257/2244/14
f 2260/2245/14 2262/2247/14 2261/2248/14 2259/2246/14
f 2262/2247/14 2264/2249/14 2263/2250/14 2261/2248/14
f 2264/2249/14 2266/2251/14 2265/2252/14 2263/2250/14
f 2266/2251/14 2268/2253/14 2267/2254/14 2265/2252/14
f 2268/2253/14 2270/2255/14 2269/2256/14 2267/2254/14
f 2270/2255/14 2272/2257/14 2271/2258/14 2269/2256/14
f 2272/2257/14 2274/2259/14 2273/2260/14 2271/2258/14
f 2274/2259/14 2276/2261/14 2275/2262/14 2273/2260/14
f 2276/2261/14 2278/2263/14 2277/2264/14 2275/2262/14
f 2278/2263/14 2280/2265/14 2279/2266/14 2277/2264/14
f 2280/2265/14 2282/2267/14 2281/2268/14 2279/2266/14
f 2282/2267/14 2284/2269/14 2283/2270/14 2281/2268/14
f 2284/2269/14 2286/2271/14 2285/2272/14 2283/2270/14
f 2286/2271/14 2288/2273/14 2287/2274/14 2285/2272/14
f 2288/2273/14 2290/2275/14 2289/2276/14 2287/2274/14
f 2290/2275/14 2292/2277/14 2291/2278/14 2289/2276/14
f 2292/2277/14 2294/2279/14 2293/2280/14 2291/2278/14
f 2294/2279/14 2296/2281/14 2295/2282/14 2293/2280/14
f 2296/2281/14 2298/2283/14 2297/2284/14 2295/2282/14
f 2298/2283/14 2300/2285/14 2299/2286/14 2297/2284/14
f 2300/2285/14 2302/2287/14 2301/2288/14 2299/2286/14
f 2302/2287/14 2304/2289/14 2303/2290/14 2301/2288/14
f 2304/2289/14 2306/2291/14 2305/2292/14 2303/2290/14
f 2306/2291/14 2308/2293/14 2307/2294/14 2305/2292/14
f 2308/2293/14 2310/2295/14 2309/2296/14 2307/2294/14
f 2310/2295/14 2312/2297/14 2311/2298/14 2309/2296/14
f 2312/2297/14 2314/2299/14 2313/2300/14 2311/2298/14
f 2314/2299/14 2316/2301/14 2315/2302/14 2313/2300/14
f 2316/2301/14 2318/2303/14 2317/2304/14 2315/2302/14
f 2318/2303/14 2320/2305/14 2319/2306/14 2317/2304/14
f 2320/2305/14 2322/2307/14 2321/2308/14 2319/2306/14
f 2322/2307/14 2324/2309/14 2323/2310/14 2321/2308/14
f 2324/2309/14 2326/2311/14 2325/2312/14 2323/2310/14
f 2326/2311/14 2328/2313/14 2327/2314/14 2325/2312/14
f 2328/2313/14 2330/2315/14 2329/2316/14 2327/2314/14
f 2330/2315/14 2332/2317/14 2331/2318/14 2329/2316/14
f 2332/2317/14 2334/2319/14 2333/2320/14 2331/2318/14
f 2334/2319/14 2336/2321/14 2335/2322/14 2333/2320/14
f 2336/2321/14 2338/2323/14 2337/2324/14 2335/2322/14
f 2338/2323/14 2340/2325/14 2339/2326/14 2337/2324/14
f 2340/2325/14 2342/2327/14 2341/2328/14 2339/2326/14
f 2342/2327/14 2344/2329/14 2343/2330/14 2341/2328/14
f 2344/2329/14 2346/2331/14 2345/2332/14 2343/2330/14
f 2346/2331/14 2348/2333/14 2347/2334/14 2345/2332/14
f 2348/2333/14 2350/2335/14 2349/2336/14 2347/2334/14
f 2350/2335/14 2352/2337/14 2351/2338/14 2349/2336/14
f 2352/2337/14 2354/2339/14 2353/2340/14 2351/2338/14
f 2354/2339/14 2356/2341/14 2355/2342/14 2353/2340/14
f 2356/2341/14 2358/2343/14 2357/2344/14 2355/2342/14
f 2358/2343/14 2360/2345/14 2359/2346/14 2357/2344/14
f 2360/2345/14 2362/2347/14 2361/2348/14 2359/2346/14
f 2362/2347/14 2364/2349/14 2363/2350/14 2361/2348/14
f 2364/2349/14 2366/2351/14 2365/2352/14 2363/2350/14
f 2366/2351/14 2368/2353/14 2367/2354/14 2365/2352/14
f 2368/2353/14 2370/2355/14 2369/2356/14 2367/2354/14
f 2370/2355/14 2372/2357/14 2371/2358/14 2369/2356/14
f 2372/2357/14 2374/2359/14 2373/2360/14 2371/2358/14
f 2374/2359/14 2376/2361/14 2375/2362/14 2373/2360/14
f 2376/2361/14 2378/2363/14 2377/2364/14 2375/2362/14
f 2378/2363/14 2380/2365/14 2379/2366/14 2377/2364/14
f 2380/2365/14 2382/2367/14 2381/2368/14 2379/2366/14
f 2382/2367/14 2384/2369/14 2383/2370/14 2381/2368/14
f 2384/2369/14 2386/2371/14 2385/2372/14 2383/2370/14
f 2386/2371/14 2388/2373/14 2387/2374/14 2385/2372/14
f 2388/2373/14 2390/2375/14 2389/2376/14 2387/2374/14
f 2390/2375/14 2392/2377/14 2391/2378/14 2389/2376/14
f 2392/2377/14 2394/2379/14 2393/2380/14 2391/2378/14
f 2394/2379/14 2396/2381/14 2395/2382/14 2393/2380/14
f 2396/2381/14 2398/2383/14 2397/2384/14 2395/2382/14
f 2398/2383/14 2400/2385/14 2399/2386/14 2397/2384/14
f 2400/2385/14 2402/2387/14 2401/2388/14 2399/2386/14
f 2402/2387/14 2404/2389/14 2403/2390/14 2401/2388/14
f 2404/2389/14 2406/2391/14 2405/2392/14 2403/2390/14
f 2406/2391/14 2408/2393/14 2407/2394/14 2405/2392/14
f 2408/2393/14 2410/2395/14 2409/2396/14 2407/2394/14
f 2410/2395/14 2412/2397/14 2411/2398/14 2409/2396/14
f 2412/2397/14 2414/2399/14 2413/2400/14 2411/2398/14
f 2414/2399/14 2416/2401/14 2415/2402/14 2413/2400/14
f 2416/2401/14 2418/2403/14 2417/2404/14 2415/2402/14
f 2418/2403/14 2420/2405/14 2419/2406/14 2417/2404/14
f 2420/2405/14 2422/2407/14 2421/2408/14 2419/2406/14
f 2422/2407/14 2424/2409/14 2423/2410/14 2421/2408/14
f 2424/2409/14 2426/2411/14 2425/2412/14 2423/2410/14
f 2426/2411/14 2428/2413/14 2427/2414/14 2425/2412/14
f 2428/2413/14 2430/2415/14 2429/2416/14 2427/2414/14
f 2430/2415/14 2432/2417/14 2431/2418/14 2429/2416/14
f 2432/2417/14 2434/2419/14 2433/2420/14 2431/2418/14
f 2434/2419/14 2436/2421/14 2435/2422/14 2433/2420/14
f 2436/2421/14 2438/2423/14 2437/2424/14 2435/2422/14
f 2438/2423/14 2440/2425/14 2439/2426/14 2437/2424/14
f 2440/2425/14 2442/2427/14 2441/2428/14 2439/2426/14
f 2442/2427/14 2444/2429/14 2443/2430/14 2441/2428/14
f 2444/2429/14 2446/2431/14 2445/2432/14 2443/2430/14
f 2446/2431/14 2448/2433/14 2447/2434/14 2445/2432/14
f 2448/2433/14 2450/2435/14 2449/2436/14 2447/2434/14
f 2450/2435/14 2452/2437/14 2451/2438/14 2449/2436/14
f 2452/2437/14 2454/2439/14 2453/2440/14 2451/2438/14
f 2454/2439/14 2456/2441/14 2455/2442/14 2453/2440/14
f 2456/2441/14 2458/2443/14 2457/2444/14 2455/2442/14
f 2458/2443/14 2460/2445/14 2459/2446/14 2457/2444/14
f 2460/2445/14 2462/2447/14 2461/2448/14 2459/2446/14
f 2462/2447/14 2464/2449/14 2463/2450/14 2461/2448/14
f 2464/2449/14 2466/2451/14 2465/2452/14 2463/2450/14
f 2466/2451/14 2468/2453/14 2467/2454/14 2465/2452/14
f 2468/2453/14 2470/2455/14 2469/2456/14 2467/2454/14
f 2470/2455/14 2472/2457/14 2471/2458/14 2469/2456/14
f 2472/2457/14 2474/2459/14 2473/2460/14 2471/2458/14
f 2474/2459/14 2476/2461/14 2475/2462/14 2473/2460/14
f 2476/2461/14 2478/2463/14 2477/2464/14 2475/2462/14
f 2478/2463/14 2480/2465/14 2479/2466/14 2477/2464/14
f 2480/2465/14 2482/2467/14 2481/2468/14 2479/2466/14
f 2482/2467/14 2484/2469/14 2483/2470/14 2481/2468/14
f 2484/2469/14 2486/2471/14 2485/2472/14 2483/2470/14
f 2486/2471/14 2488/2473/14 2487/2474/14 2485/2472/14
f 2488/2473/14 2490/2475/14 2489/2476/14 2487/2474/14
f 2490/2475/14 2492/2477/14 2491/2478/14 2489/2476/14
f 2492/2477/14 2494/2479/14 2493/2480/14 2491/2478/14
f 2494/2479/14 2496/2481/14 2495/2482/14 2493/2480/14
f 2496/2481/14 2498/2483/14 2497/2484/14 2495/2482/14
f 2498/2483/14 2500/2485/14 2499/2486/14 2497/2484/14
f 2500/2485/14 2502/2487/14 2501/2488/14 2499/2486/14
f 2502/2487/14 2504/2489/14 2503/2490/14 2501/2488/14
f 2504/2489/14 2506/2491/14 2505/2492/14 2503/2490/14
f 2506/2491/14 2508/2493/14 2507/2494/14 2505/2492/14
f 2508/2493/14 2510/2495/14 2509/2496/14 2507/2494/14
f 2510/2495/14 2512/2497/14 2511/2498/14 2509/2496/14
f 2512/2497/14 2514/2499/14 2513/2500/14 2511/2498/14
f 2514/2499/14 2516/2501/14 2515/2502/14 2513/2500/14
f 2516/2501/14 2518/2503/14 2517/2504/14 2515/2502/14
f 2518/2503/14 2520/2505/14 2519/2506/14 2517/2504/14
f 2520/2505/14 2522/2507/14 2521/2508/14 2519/2506/14
f 2522/2507/14 2524/2509/14 2523/2510/14 2521/2508/14
f 2524/2509/14 2526/2511/14 2525/2512/14 2523/2510/14
f 2526/2511/14 2528/2513/14 2527/2514/14 2525/2512/14
f 2528/2513/14 2530/2515/14 2529/2516/14 2527/2514/14
f 2530/2515/14 2532/2517/14 2531/2518/14 2529/2516/14
f 2532/2517/14 2534/2519/14 2533/2520/14 2531/2518/14
f 2534/2519/14 2536/2521/14 2535/2522/14 2533/2520/14
f 2536/2521/14 2538/2523/14 2537/2524/14 2535/2522/14
f 2538/2523/14 2540/2525/14 2539/2526/14 2537/2524/14
f 2540/2525/14 2542/2527/14 2541/2528/14 2539/2526/14
f 2542/2527/14 2544/2529/14 2543/2530/14 2541/2528/14
f 2544/2529/14 2546/2531/14 2545/2532/14 2543/2530/14
f 2546/2531/14 2548/2533/14 2547/2534/14 2545/2532/14
f 2548/2533/14 2550/2535/14 2549/2536/14 2547/2534/14
f 2550/2535/14 2552/2537/14 2551/2538/14 2549/2536/14
f 2552/2537/14 2554/2539/14 2553/2540/14 2551/2538/14
f 2554/2539/14 2556/2541/14 2555/2542/14 2553/2540/14
f 2556/2541/14 2558/2543/14 2557/2544/14 2555/2542/14
f 2558/2543/14 2560/2545/14 2559/2546/14 2557/2544/14
f 2560/2545/14 2562/2547/14 2561/2548/14 2559/2546/14
f 2562/2547/14 2564/2549/14 2563/2550/14 2561/2548/14
f 2564/2549/14 2566/2551/14 2565/2552/14 2563/2550/14
f 2566/2551/14 2568/2553/14 2567/2554/14 2565/2552/14
f 2568/2553/14 2570/2555/14 2569/2556/14 2567/2554/14
f 2570/2555/14 2572/2557/14 2571/2558/14 2569/2556/14
f 2572/2557/14 2574/2559/14 2573/2560/14 2571/2558/14
f 2574/2559/14 2576/2561/14 2575/2562/14 2573/2560/14
f 2576/2561/14 2578/2563/14 2577/2564/14 2575/2562/14
f 2578/2563/14 2580/2565/14 2579/2566/14 2577/2564/14
f 2580/2565/14 2582/2567/14 2581/2568/14 2579/2566/14
f 2582/2567/14 2584/2569/14 2583/2570/14 2581/2568/14
f 2584/2569/14 2586/2571/14 2585/2572/14 2583/2570/14
f 2586/2571/14 2588/2573/14 2587/2574/14 2585/2572/14
f 2588/2573/14 2590/2575/14 2589/2576/14 2587/2574/14
f 2590/2575/14 2592/2577/14 2591/2578/14 2589/2576/14
f 2592/2577/14 2594/2579/14 2593/2580/14 2591/2578/14
f 2594/2579/14 2596/2581/14 2595/2582/14 2593/2580/14
f 2596/2581/14 2598/2583/14 2597/2584/14 2595/2582/14
f 2598/2583/14 2600/2585/14 2599/2586/14 2597/2584/14
f 2600/2585/14 2602/2587/14 2601/2588/14 2599/2586/14
f 2602/2587/14 2604/2589/14 2603/2590/14 2601/2588/14
f 2604/2589/14 2606/2591/14 2605/2592/14 2603/2590/14
f 2606/2591/14 2608/2593/14 2607/2594/14 2605/2592/14
f 2608/2593/14 2610/2595/14 2609/2596/14 2607/2594/14
f 2610/2595/14 2612/2597/14 2611/2598/14 2609/2596/14
f 2612/2597/14 2614/2599/14 2613/2600/14 2611/2598/14
f 2614/2599/14 2616/2601/14 2615/2602/14 2613/2600/14
f 2616/2601/14 2618/2603/14 2617/2604/14 2615/2602/14
f 2618/2603/14 2620/2605/14 2619/2606/14 2617/2604/14
f 2620/2605/14 2622/2607/14 2621/2608/14 2619/2606/14
f 2622/2607/14 2624/2609/14 2623/2610/14 2621/2608/14
f 2624/2609/14 2626/2611/14 2625/2612/14 2623/2610/14
f 2626/2611/14 2628/2613/14 2627/2614/14 2625/2612/14
f 2628/2613/14 2630/2615/14 2629/2616/14 2627/2614/14
f 2630/2615/14 2632/2617/14 2631/2618/14 2629/2616/14
f 2632/2617/14 2634/2619/14 2633/2620/14 2631/2618/14
f 2634/2619/14 2636/2621/14 2635/2622/14 2633/2620/14
f 2636/2621/14 2638/2623/14 2637/2624/14 2635/2622/14
f 2638/2623/14 2640/2625/14 2639/2626/14 2637/2624/14
f 2640/2625/14 2642/2627/14 2641/2628/14 2639/2626/14
f 2642/2627/14 2644/2629/14 2643/2630/14 2641/2628/14
f 2644/2629/14 2646/2631/14 2645/2632/14 2643/2630/14
f 2646/2631/14 2648/2633/14 2647/2634/14 2645/2632/14
f 2648/2633/14 2650/2635/14 2649/2636/14 2647/2634/14
f 2650/2635/14 2652/2637/14 2651/2638/14 2649/2636/14
f 2652/2637/14 2654/2639/14 2653/2640/14 2651/2638/14
f 2654/2639/14 2656/2641/14 2655/2642/14 2653/2640/14
f 2656/2641/14 2658/2643/14 2657/2644/14 2655/2642/14
f 2658/2643/14 2660/2645/14 2659/2646/14 2657/2644/14
f 2660/2645/14 2662/2647/14 2661/2648/14 2659/2646/14
f 2662/2647/14 2664/2649/14 2663/2650/14 2661/2648/14
f 2664/2649/14 2666/2651/14 2665/2652/14 2663/2650/14
f 2666/2651/14 2668/2653/14 2667/2654/14 2665/2652/14
f 2668/2653/14 2670/2655/14 2669/2656/14 2667/2654/14
f 2670/2655/14 2672/2657/14 2671/2658/14 2669/2656/14
f 2672/2657/14 2674/2659/14 2673/2660/14 2671/2658/14
f 2674/2659/14 2676/2661/14 2675/2662/14 2673/2660/14
f 2676/2661/14 2678/2663/14 2677/2664/14 2675/2662/14
f 2678/2663/14 2680/2665/14 2679/2666/14 2677/2664/14
f 2680/2665/14 2682/2667/14 2681/2668/14 2679/2666/14
f 2682/2667/14 2684/2669/14 2683/2670/14 2681/2668/14
f 2684/2669/14 2686/2671/14 2685/2672/14 2683/2670/14
f 2686/2671/14 2688/2673/14 2687/2674/14 2685/2672/14
f 2688/2673/14 2690/2675/14 2689/2676/14 2687/2674/14
f 2690/2675/14 2692/2677/14 2691/2678/14 2689/2676/14
f 2692/2677/14 2694/2679/14 2693/2680/14 2691/2678/14
f 2694/2679/14 2696/2681/14 2695/2682/14 2693/2680/14
f 2696/2681/14 2698/2683/14 2697/2684/14 2695/2682/14
f 2698/2683/14 2700/2685/14 2699/2686/14 2697/2684/14
f 2700/2685/14 2702/2687/14 2701/2688/14 2699/2686/14
f 2702/2687/14 2704/2689/14 2703/2690/14 2701/2688/14
f 2704/2689/14 2706/2691/14 2705/2692/14 2703/2690/14
f 2706/2691/14 2708/2693/14 2707/2694/14 2705/2692/14
f 2708/2693/14 2710/2695/14 2709/2696/14 2707/2694/14
f 2710/2695/14 2712/2697/14 2711/2698/14 2709/2696/14
f 2712/2697/14 2714/2699/14 2713/2700/14 2711/2698/14
f 2714/2699/14 2716/2701/14 2715/2702/14 2713/2700/14
f 2716/2701/14 2718/2703/14 2717/2704/14 2715/2702/14
f 2718/2703/14 2720/2705/14 2719/2706/14 2717/2704/14
f 2720/2705/14 2722/2707/14 2721/2708/14 2719/2706/14
f 2722/2707/14 2724/2709/14 2723/2710/14 2721/2708/14
f 2724/2709/14 2726/2711/14 2725/2712/14 2723/2710/14
f 2726/2711/14 2728/2713/14 2727/2714/14 2725/2712/14
f 2728/2713/14 2730/2715/14 2729/2716/14 2727/2714/14
f 2730/2715/14 2732/2717/14 2731/2718/14 2729/2716/14
f 2732/2717/14 2734/2719/14 2733/2720/14 2731/2718/14
f 2734/2719/14 2736/2721/14 2735/2722/14 2733/2720/14
f 2736/2721/14 2738/2723/14 2737/2724/14 2735/2722/14
f 2738/2723/14 2740/2725/14 2739/2726/14 2737/2724/14
f 2740/2725/14 2742/2727/14 2741/2728/14 2739/2726/14
f 2742/2727/14 2744/2729/14 2743/2730/14 2741/2728/14
f 2744/2729/14 2746/2731/14 2745/2732/14 2743/2730/14
f 2746/2731/14 2748/2733/14 2747/2734/14 2745/2732/14
f 2748/2733/14 2750/2735/14 2749/2736/14 2747/2734/14
f 2750/2735/14 2752/2737/14 2751/2738/14 2749/2736/14
f 2752/2737/14 2754/2739/14 2753/2740/14 2751/2738/14
f 2754/2739/14 2756/2741/14 2755/2742/14 2753/2740/14
f 2756/2741/14 2758/2743/14 2757/2744/14 2755/2742/14
f 2758/2743/14 2760/2745/14 2759/2746/14 2757/2744/14
f 2760/2745/14 2762/2747/14 2761/2748/14 2759/2746/14
f 2762/2747/14 2764/2749/14 2763/2750/14 2761/2748/14
f 2764/2749/14 2766/2751/14 2765/2752/14 2763/2750/14
f 2766/2751/14 2768/2753/14 2767/2754/14 2765/2752/14
f 2768/2753/14 2770/2755/14 2769/2756/14 2767/2754/14
f 2770/2755/14 2772/2757/14 2771/2758/14 2769/2756/14
f 2772/2757/14 2774/2759/14 2773/2760/14 2771/2758/14
f 2774/2759/14 2776/2761/14 2775/2762/14 2773/2760/14
f 2776/2761/14 2778/2763/14 2777/2764/14 2775/2762/14
f 2778/2763/14 2780/2765/14 2779/2766/14 2777/2764/14
f 2780/2765/14 2782/2767/14 2781/2768/14 2779/2766/14
f 2782/2767/14 2784/2769/14 2783/2770/14 2781/2768/14
f 2784/2769/14 2786/2771/14 2785/2772/14 2783/2770/14
f 2786/2771/14 2788/2773/14 2787/2774/14 2785/2772/14
f 2788/2773/14 2790/2775/14 2789/2776/14 2787/2774/14
f 2790/2775/14 2792/2777/14 2791/2778/14 2789/2776/14
f 2792/2777/14 2794/2779/14 2793/2780/14 2791/2778/14
f 2794/2779/14 2796/2781/14 2795/2782/14 2793/2780/14
f 2796/2781/14 2798/2783/14 2797/2784/14 2795/2782/14
f 2798/2783/14 2800/2785/14 2799/2786/14 2797/2784/14
f 2800/2785/14 2802/2787/14 2801/2788/14 2799/2786/14
f 2802/2787/14 2804/2789/14 2803/2790/14 2801/2788/14
f 2804/2789/14 2806/2791/14 2805/2792/14 2803/2790/14
f 2806/2791/14 2808/2793/14 2807/2794/14 2805/2792/14
f 2808/2793/14 2810/2795/14 2809/2796/14 2807/2794/14
f 2810/2795/14 2812/2797/14 2811/2798/14 2809/2796/14
f 2812/2797/14 2814/2799/14 2813/2800/14 2811/2798/14
f 2814/2799/14 2816/2801/14 2815/2802/14 2813/2800/14
f 2816/2801/14 2818/2803/14 2817/2804/14 2815/2802/14
f 2818/2803/14 2820/2805/14 2819/2806/14 2817/2804/14
f 2820/2805/14 2822/2807/14 2821/2808/14 2819/2806/14
f 2822/2807/14 2824/2809/14 2823/2810/14 2821/2808/14
f 2824/2809/14 2826/2811/14 2825/2812/14 2823/2810/14
f 2826/2811/14 2828/2813/14 2827/2814/14 2825/2812/14
f 2828/2813/14 2830/2815/14 2829/2816/14 2827/2814/14
f 2830/2815/14 2832/2817/14 2831/2818/14 2829/2816/14
f 2832/2817/14 2834/2819/14 2833/2820/14 2831/2818/14
f 2834/2819/14 2836/2821/14 2835/2822/14 2833/2820/14
f 2836/2821/14 2838/2823/14 2837/2824/14 2835/2822/14
f 2838/2823/14 2840/2825/14 2839/2826/14 2837/2824/14
f 2840/2825/14 2842/2827/14 2841/2828/14 2839/2826/14
f 2842/2827/14 2844/2829/14 2843/2830/14 2841/2828/14
f 2844/2829/14 2846/2831/14 2845/2832/14 2843/2830/14
f 2846/2831/14 2848/2833/14 2847/2834/14 2845/2832/14
f 2848/2833/14 2850/2835/14 2849/2836/14 2847/2834/14
f 2850/2835/14 2852/2837/14 2851/2838/14 2849/2836/14
f 2852/2837/14 2854/2839/14 2853/2840/14 2851/2838/14
f 2854/2839/14 2856/2841/14 2855/2842/14 2853/2840/14
f 2856/2841/14 2858/2843/14 2857/2844/14 2855/2842/14
f 2858/2843/14 2860/2845/14 2859/2846/14 2857/2844/14
f 2860/2845/14 2862/2847/14 2861/2848/14 2859/2846/14
f 2862/2847/14 2864/2849/14 2863/2850/14 2861/2848/14
f 2864/2849/14 2866/2851/14 2865/2852/14 2863/2850/14
f 2866/2851/14 2868/2853/14 2867/2854/14 2865/2852/14
f 2868/2853/14 2870/2855/14 2869/2856/14 2867/2854/14
f 2870/2855/14 2872/2857/14 2871/2858/14 2869/2856/14
f 2872/2857/14 2874/2859/14 2873/2860/14 2871/2858/14
f 2874/2859/14 2876/2861/14 2875/2862/14 2873/2860/14
f 2876/2861/14 2878/2863/14 2877/2864/14 2875/2862/14
f 2878/2863/14 2880/2865/14 2879/2866/14 2877/2864/14
f 2880/2865/14 2882/2867/14 2881/2868/14 2879/2866/14
f 2882/2867/14 2884/2869/14 2883/2870/14 2881/2868/14
f 2884/2869/14 2886/2871/14 2885/2872/14 2883/2870/14
f 2886/2871/14 2888/2873/14 2887/2874/14 2885/2872/14
f 2888/2873/14 2890/2875/14 2889/2876/14 2887/2874/14
f 2890/2875/14 2892/2877/14 2891/2878/14 2889/2876/14
f 2892/2877/14 2894/2879/14 2893/2880/14 2891/2878/14
f 2894/2879/14 2896/2881/14 2895/2882/14 2893/2880/14
f 2896/2881/14 2898/2883/14 2897/2884/14 2895/2882/14
f 2898/2883/14 2900/2885/14 2899/2886/14 2897/2884/14
f 2900/2885/14 2902/2887/14 2901/2888/14 2899/2886/14
f 2902/2887/14 2904/2889/14 2903/2890/14 2901/2888/14
f 2904/2889/14 2906/2891/14 2905/2892/14 2903/2890/14
f 2906/2891/14 2908/2893/14 2907/2894/14 2905/2892/14
f 2908/2893/14 2910/2895/14 2909/2896/14 2907/2894/14
f 2910/2895/14 2912/2897/14 2911/2898/14 2909/2896/14
f 2912/2897/14 2914/2899/14 2913/2900/14 2911/2898/14
f 2914/2899/14 2916/2901/14 2915/2902/14 2913/2900/14
f 2916/2901/14 2918/2903/14 2917/2904/14 2915/2902/14
f 2918/2903/14 2920/2905/14 2919/2906/14 2917/2904/14
f 2920/2905/14 2922/2907/14 2921/2908/14 2919/2906/14
f 2922/2907/14 2924/2909/14 2923/2910/14 2921/2908/14
f 2924/2909/14 2926/2911/14 2925/2912/14 2923/2910/14
f 2926/2911/14 2928/2913/14 2927/2914/14 2925/2912/14
f 2928/2913/14 2930/2915/14 2929/2916/14 2927/2914/14
f 2930/2915/14 2932/2917/14 2931/2918/14 2929/2916/14
f 2932/2917/14 2934/2919/14 2933/2920/14 2931/2918/14
f 2934/2919/14 2936/2921/14 2935/2922/14 2933/2920/14
f 2936/2921/14 2938/2923/14 2937/2924/14 2935/2922/14
f 2938/2923/14 2940/2925/14 2939/2926/14 2937/2924/14
f 2940/2925/14 2942/2927/14 2941/2928/14 2939/2926/14
f 2942/2927/14 2944/2929/14 2943/2930/14 2941/2928/14
f 2944/2929/14 2946/2931/14 2945/2932/14 2943/2930/14
f 2946/2931/14 2948/2933/14 2947/2934/14 2945/2932/14
f 2948/2933/14 2950/2935/14 2949/2936/14 2947/2934/14
f 2950/2935/14 2952/2937/14 2951/2938/14 2949/2936/14
f 2952/2937/14 2954/2939/14 2953/2940/14 2951/2938/14
f 2954/2939/14 2956/2941/14 2955/2942/14 2953/2940/14
f 2956/2941/14 2958/2943/14 2957/2944/14 2955/2942/14
f 2958/2943/14 2960/2945/14 2959/2946/14 2957/2944/14
f 2960/2945/14 2962/2947/14 2961/2948/14 2959/2946/14
f 2962/2947/14 2964/2949/14 2963/2950/14 2961/2948/14
f 2964/2949/14 2966/2951/14 2965/2952/14 2963/2950/14
f 2966/2951/14 2968/2953/14 2967/2954/14 2965/2952/14
f 2968/2953/14 2970/2955/14 2969/2956/14 2967/2954/14
f 2970/2955/14 2972/2957/14 2971/2958/14 2969/2956/14
f 2972/2957/14 2974/2959/14 2973/2960/14 2971/2958/14
f 2974/2959/14 2976/2961/14 2975/2962/14 2973/2960/14
f 2976/2961/14 2978/2963/14 2977/2964/14 2975/2962/14
f 2978/2963/14 2980/2965/14 2979/2966/14 2977/2964/14
f 2980/2965/14 2982/2967/14 2981/2968/14 2979/2966/14
f 2982/2967/14 2984/2969/14 2983/2970/14 2981/2968/14
f 2984/2969/14 2986/2971/14 2985/2972/14 2983/2970/14
f 2986/2971/14 2988/2973/14 2987/2974/14 2985/2972/14
f 2988/2973/14 2990/2975/14 2989/2976/14 2987/2974/14
f 2990/2975/14 2992/2977/14 2991/2978/14 2989/2976/14
f 2992/2977/14 2994/2979/14 2993/2980/14 2991/2978/14
f 2994/2979/14 2996/2981/14 2995/2982/14 2993/2980/14
f 2996/2981/14 2998/2983/14 2997/2984/14 2995/2982/14
f 2998/2983/14 3000/2985/14 2999/2986/14 2997/2984/14
f 3000/2985/14 3002/2987/14 3001/2988/14 2999/2986/14
f 3002/2987/14 3004/2989/14 3003/2990/14 3001/2988/14
f 3004/2989/14 3006/2991/14 3005/2992/14 3003/2990/14
f 3006/2991/14 3008/2993/14 3007/2994/14 3005/2992/14
f 3008/2993/14 3010/2995/14 3009/2996/14 3007/2994/14
f 3010/2995/14 3012/2997/14 3011/2998/14 3009/2996/14
f 3012/2997/14 3014/2999/14 3013/3000/14 3011/2998/14
f 3014/2999/14 3016/3001/14 3015/3002/14 3013/3000/14
f 3016/3001/14 3018/3003/14 3017/3004/14 3015/3002/14
f 3018/3003/14 3020/3005/14 3019/3006/14 3017/3004/14
f 3020/3005/14 3022/3007/14 3021/3008/14 3019/3006/14
f 3022/3007/14 3024/3009/14 3023/3010/14 3021/3008/14
f 3024/3009/14 3026/3011/14 3025/3012/14 3023/3010/14
f 3026/3011/14 3028/3013/14 3027/3014/14 3025/3012/14
f 3028/3013/14 3030/3015/14 3029/3016/14 3027/3014/14
f 3030/3015/14 3032/3017/14 3031/3018/14 3029/3016/14
f 3032/3017/14 3034/3019/14 3033/3020/14 3031/3018/14
f 3034/3019/14 3036/3021/14 3035/3022/14 3033/3020/14
f 3036/3021/14 3038/3023/14 3037/3024/14 3035/3022/14
f 3038/3023/14 3040/3025/14 3039/3026/14 3037/3024/14
f 3040/3025/14 3042/3027/14 3041/3028/14 3039/3026/14
f 3042/3027/14 3044/3029/14 3043/3030/14 3041/3028/14
f 3044/3029/14 3046/3031/14 3045/3032/14 3043/3030/14
f 3046/3031/14 3048/3033/14 3047/3034/14 3045/3032/14
f 3048/3033/14 3050/3035/14 3049/3036/14 3047/3034/14
f 3050/3035/14 3052/3037/14 3051/3038/14 3049/3036/14
f 3052/3037/14 3054/3039/14 3053/3040/14 3051/3038/14
f 3054/3039/14 3056/3041/14 3055/3042/14 3053/3040/14
f 3056/3041/14 3058/3043/14 3057/3044/14 3055/3042/14
f 3058/3043/14 3060/3045/14 3059/3046/14 3057/3044/14
f 3060/3045/14 3062/3047/14 3061/3048/14 3059/3046/14
f 3062/3047/14 3064/3049/14 3063/3050/14 3061/3048/14
f 3064/3049/14 3066/3051/14 3065/3052/14 3063/3050/14
f 3066/3051/14 3068/3053/14 3067/3054/14 3065/3052/14
f 3068/3053/14 3070/3055/14 3069/3056/14 3067/3054/14
f 3070/3055/14 3072/3057/14 3071/3058/14 3069/3056/14
f 3072/3057/14 3074/3059/14 3073/3060/14 3071/3058/14
f 3074/3059/14 3076/3061/14 3075/3062/14 3073/3060/14
f 3076/3061/14 3078/3063/14 3077/3064/14 3075/3062/14
f 3078/3063/14 3080/3065/14 3079/3066/14 3077/3064/14
f 3080/3065/14 3082/3067/14 3081/3068/14 3079/3066/14
f 3082/3067/14 3084/3069/14 3083/3070/14 3081/3068/14
f 3084/3069/14 3086/3071/14 3085/3072/14 3083/3070/14
f 3086/3071/14 3088/3073/14 3087/3074/14 3085/3072/14
f 3088/3073/14 3090/3075/14 3089/3076/14 3087/3074/14
f 3090/3075/14 3092/3077/14 3091/3078/14 3089/3076/14
f 3092/3077/14 3094/3079/14 3093/3080/14 3091/3078/14
f 3094/3079/14 3096/3081/14 3095/3082/14 3093/3080/14
f 3096/3081/14 3098/3083/14 3097/3084/14 3095/3082/14
f 3098/3083/14 3100/3085/14 3099/3086/14 3097/3084/14
f 3100/3085/14 3102/3087/14 3101/3088/14 3099/3086/14
f 3102/3087/14 3104/3089/14 3103/3090/14 3101/3088/14
f 3104/3089/14 3106/3091/14 3105/3092/14 3103/3090/14
f 3106/3091/14 3108/3093/14 3107/3094/14 3105/3092/14
f 3108/3093/14 3110/3095/14 3109/3096/14 3107/3094/14
f 3110/3095/14 3112/3097/14 3111/3098/14 3109/3096/14
f 3112/3097/14 3114/3099/14 3113/3100/14 3111/3098/14
f 3114/3099/14 3116/3101/14 3115/3102/14 3113/3100/14
f 3116/3101/14 3118/3103/14 3117/3104/14 3115/3102/14
f 3118/3103/14 3120/3105/14 3119/3106/14 3117/3104/14
f 3120/3105/14 3122/3107/14 3121/3108/14 3119/3106/14
f 3122/3107/14 3124/3109/14 3123/3110/14 3121/3108/14
f 3124/3109/14 3126/3111/14 3125/3112/14 3123/3110/14
f 3126/3111/14 3128/3113/14 3127/3114/14 3125/3112/14
f 3128/3113/14 3130/3115/14 3129/3116/14 3127/3114/14
f 3130/3115/14 3132/3117/14 3131/3118/14 3129/3116/14
f 3132/3117/14 3134/3119/14 3133/3120/14 3131/3118/14
f 3134/3119/14 3136/3121/14 3135/3122/14 3133/3120/14
f 3136/3121/14 3138/3123/14 3137/3124/14 3135/3122/14
f 3138/3123/14 3140/3125/14 3139/3126/14 3137/3124/14
f 3140/3125/14 3142/3127/14 3141/3128/14 3139/3126/14
f 3142/3127/14 3144/3129/14 3143/3130/14 3141/3128/14
f 3144/3129/14 3146/3131/14 3145/3132/14 3143/3130/14
f 3146/3131/14 3148/3133/14 3147/3134/14 3145/3132/14
f 3148/3133/14 3150/3135/14 3149/3136/14 3147/3134/14
f 3150/3135/14 3152/3137/14 3151/3138/14 3149/3136/14
f 3152/3137/14 3154/3139/14 3153/3140/14 3151/3138/14
f 3154/3139/14 3156/3141/14 3155/3142/14 3153/3140/14
f 3156/3141/14 3158/3143/14 3157/3144/14 3155/3142/14
f 3158/3143/14 3160/3145/14 3159/3146/14 3157/3144/14
f 3160/3145/14 3162/3147/14 3161/3148/14 3159/3146/14
f 3162/3147/14 3164/3149/14 3163/3150/14 3161/3148/14
f 3164/3149/14 3166/3151/14 3165/3152/14 3163/3150/14
f 3166/3151/14 3168/3153/14 3167/3154/14 3165/3152/14
f 3168/3153/14 3170/3155/14 3169/3156/14 3167/3154/14
f 3170/3155/14 3172/3157/14 3171/3158/14 3169/3156/14
f 3172/3157/14 3174/3159/14 3173/3160/14 3171/3158/14
f 3174/3159/14 3176/3161/14 3175/3162/14 3173/3160/14
f 3176/3161/14 3178/3163/14 3177/3164/14 3175/3162/14
f 3178/3163/14 3180/3165/14 3179/3166/14 3177/3164/14
f 3180/3165/14 3182/3167/14 3181/3168/14 3179/3166/14
f 3182/3167/14 3184/3169/14 3183/3170/14 3181/3168/14
f 3184/3169/14 3186/3171/14 3185/3172/14 3183/3170/14
f 3186/3171/14 3188/3173/14 3187/3174/14 3185/3172/14
f 3188/3173/14 3190/3175/14 3189/3176/14 3187/3174/14
f 3190/3175/14 3192/3177/14 3191/3178/14 3189/3176/14
f 3192/3177/14 3194/3179/14 3193/3180/14 3191/3178/14
f 3194/3179/14 3196/3181/14 3195/3182/14 3193/3180/14
f 3196/3181/14 3198/3183/14 3197/3184/14 3195/3182/14
f 3198/3183/14 3200/3185/14 3199/3186/14 3197/3184/14
f 3200/3185/14 3202/3187/14 3201/3188/14 3199/3186/14
f 3202/3187/14 3204/3189/14 3203/3190/14 3201/3188/14
f 3204/3189/14 3206/3191/14 3205/3192/14 3203/3190/14
f 3206/3191/14 3208/3193/14 3207/3194/14 3205/3192/14
f 3208/3193/14 3210/3195/14 3209/3196/14 3207/3194/14
f 3210/3195/14 3212/3197/14 3211/3198/14 3209/3196/14
f 3212/3197/14 3214/3199/14 3213/3200/14 3211/3198/14
f 3214/3199/14 3216/3201/14 3215/3202/14 3213/3200/14
f 3216/3201/14 3218/3203/14 3217/3204/14 3215/3202/14
f 3218/3203/14 3220/3205/14 3219/3206/14 3217/3204/14
f 3220/3205/14 3222/3207/14 3221/3208/14 3219/3206/14
f 3222/3207/14 3224/3209/14 3223/3210/14 3221/3208/14
f 3224/3209/14 3226/3211/14 3225/3212/14 3223/3210/14
f 3226/3211/14 3228/3213/14 3227/3214/14 3225/3212/14
f 3228/3213/14 3230/3215/14 3229/3216/14 3227/3214/14
f 3230/3215/14 3232/3217/14 3231/3218/14 3229/3216/14
f 3232/3217/14 3234/3219/14 3233/3220/14 3231/3218/14
f 3234/3219/14 3236/3221/14 3235/3222/14 3233/3220/14
f 3236/3221/14 3238/3223/14 3237/3224/14 3235/3222/14
f 3238/3223/14 3240/3225/14 3239/3226/14 3237/3224/14
f 3240/3225/14 3242/3227/14 3241/3228/14 3239/3226/14
f 3242/3227/14 3244/3229/14 3243/3230/14 3241/3228/14
f 3244/3229/14 3246/3231/14 3245/3232/14 3243/3230/14
f 3246/3231/14 3248/3233/14 3247/3234/14 3245/3232/14
f 3248/3233/14 3250/3235/14 3249/3236/14 3247/3234/14
f 3250/3235/14 3252/3237/14 3251/3238/14 3249/3236/14
f 3252/3237/14 3254/3239/14 3253/3240/14 3251/3238/14
f 3254/3239/14 3256/3241/14 3255/3242/14 3253/3240/14
f 3256/3241/14 3258/3243/14 3257/3244/14 3255/3242/14
f 3258/3243/14 3260/3245/14 3259/3246/14 3257/3244/14
f 3260/3245/14 3262/3247/14 3261/3248/14 3259/3246/14
f 3262/3247/14 3264/3249/14 3263/3250/14 3261/3248/14
f 3264/3249/14 3266/3251/14 3265/3252/14 3263/3250/14
f 3266/3251/14 3268/3253/14 3267/3254/14 3265/3252/14
f 3268/3253/14 3270/3255/14 3269/3256/14 3267/3254/14
f 3270/3255/14 3272/3257/14 3271/3258/14 3269/3256/14
f 3272/3257/14 3274/3259/14 3273/3260/14 3271/3258/14
f 3274/3259/14 3276/3261/14 3275/3262/14 3273/3260/14
f 3276/3261/14 3278/3263/14 3277/3264/14 3275/3262/14
f 3278/3263/14 3280/3265/14 3279/3266/14 3277/3264/14
f 3280/3265/14 3282/3267/14 3281/3268/14 3279/3266/14
f 3282/3267/14 3284/3269/14 3283/3270/14 3281/3268/14
f 3284/3269/14 3286/3271/14 3285/3272/14 3283/3270/14
f 3286/3271/14 3288/3273/14 3287/3274/14 3285/3272/14
f 3288/3273/14 3290/3275/14 3289/3276/14 3287/3274/14
f 3290/3275/14 3292/3277/14 3291/3278/14 3289/3276/14
f 3292/3277/14 3294/3279/14 3293/3280/14 3291/3278/14
f 3294/3279/14 3296/3281/14 3295/3282/14 3293/3280/14
f 3296/3281/14 3298/3283/14 3297/3284/14 3295/3282/14
f 3298/3283/14 3300/3285/14 3299/3286/14 3297/3284/14
f 3300/3285/14 3302/3287/14 3301/3288/14 3299/3286/14
f 3302/3287/14 3304/3289/14 3303/3290/14 3301/3288/14
f 3304/3289/14 3306/3291/14 3305/3292/14 3303/3290/14
f 3306/3291/14 3308/3293/14 3307/3294/14 3305/3292/14
f 3308/3293/14 3310/3295/14 3309/3296/14 3307/3294/14
f 3310/3295/14 3312/3297/14 3311/3298/14 3309/3296/14
f 3312/3297/14 3314/3299/14 3313/3300/14 3311/3298/14
f 3314/3299/14 3316/3301/14 3315/3302/14 3313/3300/14
f 3316/3301/14 3318/3303/14 3317/3304/14 3315/3302/14
f 3318/3303/14 3320/3305/14 3319/3306/14 3317/3304/14
f 3320/3305/14 3322/3307/14 3321/3308/14 3319/3306/14
f 3322/3307/14 3324/3309/14 3323/3310/14 3321/3308/14
f 3324/3309/14 3326/3311/14 3325/3312/14 3323/3310/14
f 3326/3311/14 3328/3313/14 3327/3314/14 3325/3312/14
f 3328/3313/14 3330/3315/14 3329/3316/14 3327/3314/14
f 3330/3315/14 3332/3317/14 3331/3318/14 3329/3316/14
f 3332/3317/14 3334/3319/14 3333/3320/14 3331/3318/14
f 3334/3319/14 3336/3321/14 3335/3322/14 3333/3320/14
f 3336/3321/14 3338/3323/14 3337/3324/14 3335/3322/14
f 3338/3323/14 3340/3325/14 3339/3326/14 3337/3324/14
f 3340/3325/14 3342/3327/14 3341/3328/14 3339/3326/14
f 3342/3327/14 3344/3329/14 3343/3330/14 3341/3328/14
f 3344/3329/14 3346/3331/14 3345/3332/14 3343/3330/14
f 3346/3331/14 3348/3333/14 3347/3334/14 3345/3332/14
f 3348/3333/14 3350/3335/14 3349/3336/14 3347/3334/14
f 3350/3335/14 3352/3337/14 3351/3338/14 3349/3336/14
f 3352/3337/14 3354/3339/14 3353/3340/14 3351/3338/14
f 3354/3339/14 3356/3341/14 3355/3342/14 3353/3340/14
f 3356/3341/14 3358/3343/14 3357/3344/14 3355/3342/14
f 3358/3343/14 3360/3345/14 3359/3346/14 3357/3344/14
f 3360/3345/14 3362/3347/14 3361/3348/14 3359/3346/14
f 3362/3347/14 3364/3349/14 3363/3350/14 3361/3348/14
f 3364/3349/14 3366/3351/14 3365/3352/14 3363/3350/14
f 3366/3351/14 3368/3353/14 3367/3354/14 3365/3352/14
f 3368/3353/14 3370/3355/14 3369/3356/14 3367/3354/14
f 3370/3355/14 3372/3357/14 3371/3358/14 3369/3356/14
f 3372/3357/14 3374/3359/14 3373/3360/14 3371/3358/14
f 3374/3359/14 3376/3361/14 3375/3362/14 3373/3360/14
f 3376/3361/14 3378/3363/14 3377/3364/14 3375/3362/14
f 3378/3363/14 3380/3365/14 3379/3366/14 3377/3364/14
f 3380/3365/14 3382/3367/14 3381/3368/14 3379/3366/14
f 3382/3367/14 3384/3369/14 3383/3370/14 3381/3368/14
f 3384/3369/14 3386/3371/14 3385/3372/14 3383/3370/14
f 3386/3371/14 3388/3373/14 3387/3374/14 3385/3372/14
f 3388/3373/14 3390/3375/14 3389/3376/14 3387/3374/14
f 3390/3375/14 3392/3377/14 3391/3378/14 3389/3376/14
f 3392/3377/14 3394/3379/14 3393/3380/14 3391/3378/14
f 3394/3379/14 3396/3381/14 3395/3382/14 3393/3380/14
f 3396/3381/14 3398/3383/14 3397/3384/14 3395/3382/14
f 3398/3383/14 3400/3385/14 3399/3386/14 3397/3384/14
f 3400/3385/14 3402/3387/14 3401/3388/14 3399/3386/14
f 3402/3387/14 3404/3389/14 3403/3390/14 3401/3388/14
f 3404/3389/14 3406/3391/14 3405/3392/14 3403/3390/14
f 3406/3391/14 3408/3393/14 3407/3394/14 3405/3392/14
f 3408/3393/14 3410/3395/14 3409/3396/14 3407/3394/14
f 3410/3395/14 3412/3397/14 3411/3398/14 3409/3396/14
f 3412/3397/14 3414/3399/14 3413/3400/14 3411/3398/14
f 3414/3399/14 3416/3401/14 3415/3402/14 3413/3400/14
f 3416/3401/14 3418/3403/14 3417/3404/14 3415/3402/14
f 3418/3403/14 3420/3405/14 3419/3406/14 3417/3404/14
f 3420/3405/14 3422/3407/14 3421/3408/14 3419/3406/14
f 3422/3407/14 3424/3409/14 3423/3410/14 3421/3408/14
f 3424/3409/14 3426/3411/14 3425/3412/14 3423/3410/14
f 3426/3411/14 3428/3413/14 3427/3414/14 3425/3412/14
f 3428/3413/14 3430/3415/14 3429/3416/14 3427/3414/14
f 3430/3415/14 3432/3417/14 3431/3418/14 3429/3416/14
f 3432/3417/14 3434/3419/14 3433/3420/14 3431/3418/14
f 3434/3419/14 3436/3421/14 3435/3422/14 3433/3420/14
f 3436/3421/14 3438/3423/14 3437/3424/14 3435/3422/14
f 3438/3423/14 3440/3425/14 3439/3426/14 3437/3424/14
f 3440/3425/14 3442/3427/14 3441/3428/14 3439/3426/14
f 3442/3427/14 3444/3429/14 3443/3430/14 3441/3428/14
f 3444/3429/14 3446/3431/14 3445/3432/14 3443/3430/14
f 3446/3431/14 3448/3433/14 3447/3434/14 3445/3432/14
f 3448/3433/14 3450/3435/14 3449/3436/14 3447/3434/14
f 3450/3435/14 3452/3437/14 3451/3438/14 3449/3436/14
f 3452/3437/14 3454/3439/14 3453/3440/14 3451/3438/14
f 3454/3439/14 3456/3441/14 3455/3442/14 3453/3440/14
f 3456/3441/14 3458/3443/14 3457/3444/14 3455/3442/14
f 3458/3443/14 3460/3445/14 3459/3446/14 3457/3444/14
f 3460/3445/14 3462/3447/14 3461/3448/14 3459/3446/14
f 3462/3447/14 3464/3449/14 3463/3450/14 3461/3448/14
f 3464/3449/14 3466/3451/14 3465/3452/14 3463/3450/14
f 3466/3451/14 3468/3453/14 3467/3454/14 3465/3452/14
f 3468/3453/14 3470/3455/14 3469/3456/14 3467/3454/14
f 3470/3455/14 3472/3457/14 3471/3458/14 3469/3456/14
f 3472/3457/14 3474/3459/14 3473/3460/14 3471/3458/14
f 3474/3459/14 3476/3461/14 3475/3462/14 3473/3460/14
f 3476/3461/14 3478/3463/14 3477/3464/14 3475/3462/14
f 3478/3463/14 3480/3465/14 3479/3466/14 3477/3464/14
f 3480/3465/14 3482/3467/14 3481/3468/14 3479/3466/14
f 3482/3467/14 3484/3469/14 3483/3470/14 3481/3468/14
f 3484/3469/14 3486/3471/14 3485/3472/14 3483/3470/14
f 3486/3471/14 3488/3473/14 3487/3474/14 3485/3472/14
f 3488/3473/14 3490/3475/14 3489/3476/14 3487/3474/14
f 3490/3475/14 3492/3477/14 3491/3478/14 3489/3476/14
f 3492/3477/14 3494/3479/14 3493/3480/14 3491/3478/14
f 3494/3479/14 3496/3481/14 3495/3482/14 3493/3480/14
f 3496/3481/14 3498/3483/14 3497/3484/14 3495/3482/14
f 3498/3483/14 3500/3485/14 3499/3486/14 3497/3484/14
f 3500/3485/14 3502/3487/14 3501/3488/14 3499/3486/14
f 3502/3487/14 3504/3489/14 3503/3490/14 3501/3488/14
f 3504/3489/14 3506/3491/14 3505/3492/14 3503/3490/14
f 3506/3491/14 3508/3493/14 3507/3494/14 3505/3492/14
f 3508/3493/14 3510/3495/14 3509/3496/14 3507/3494/14
f 3510/3495/14 3512/3497/14 3511/3498/14 3509/3496/14
f 3512/3497/14 3514/3499/14 3513/3500/14 3511/3498/14
f 3514/3499/14 3516/3501/14 3515/3502/14 3513/3500/14
f 3516/3501/14 3518/3503/14 3517/3504/14 3515/3502/14
f 3518/3503/14 3520/3505/14 3519/3506/14 3517/3504/14
f 3520/3505/14 3522/3507/14 3521/3508/14 3519/3506/14
f 3522/3507/14 3524/3509/14 3523/3510/14 3521/3508/14
f 3524/3509/14 3526/3511/14 3525/3512/14 3523/3510/14
f 3526/3511/14 3528/3513/14 3527/3514/14 3525/3512/14
f 3528/3513/14 3530/3515/14 3529/3516/14 3527/3514/14
f 3530/3515/14 3532/3517/14 3531/3518/14 3529/3516/14
f 3532/3517/14 3534/3519/14 3533/3520/14 3531/3518/14
f 3534/3519/14 3536/3521/14 3535/3522/14 3533/3520/14
f 3536/3521/14 3538/3523/14 3537/3524/14 3535/3522/14
f 3538/3523/14 3540/3525/14 3539/3526/14 3537/3524/14
f 3540/3525/14 3542/3527/14 3541/3528/14 3539/3526/14
f 3542/3527/14 3544/3529/14 3543/3530/14 3541/3528/14
f 3544/3529/14 3546/3531/14 3545/3532/14 3543/3530/14
f 3546/3531/14 3548/3533/14 3547/3534/14 3545/3532/14
f 3548/3533/14 3550/3535/14 3549/3536/14 3547/3534/14
f 3550/3535/14 3552/3537/14 3551/3538/14 3549/3536/14
f 3552/3537/14 3554/3539/14 3553/3540/14 3551/3538/14
f 3554/3539/14 3556/3541/14 3555/3542/14 3553/3540/14
f 3556/3541/14 3558/3543/14 3557/3544/14 3555/3542/14
f 3558/3543/14 3560/3545/14 3559/3546/14 3557/3544/14
f 3560/3545/14 3562/3547/14 3561/3548/14 3559/3546/14
f 3562/3547/14 3564/3549/14 3563/3550/14 3561/3548/14
f 3564/3549/14 3566/3551/14 3565/3552/14 3563/3550/14
f 3566/3551/14 3568/3553/14 3567/3554/14 3565/3552/14
f 3568/3553/14 3570/3555/14 3569/3556/14 3567/3554/14
f 3570/3555/14 3572/3557/14 3571/3558/14 3569/3556/14
f 3572/3557/14 3574/3559/14 3573/3560/14 3571/3558/14
f 3574/3559/14 3576/3561/14 3575/3562/14 3573/3560/14
f 3576/3561/14 3578/3563/14 3577/3564/14 3575/3562/14
f 3578/3563/14 3580/3565/14 3579/3566/14 3577/3564/14
f 3580/3565/14 3582/3567/14 3581/3568/14 3579/3566/14
f 3582/3567/14 3584/3569/14 3583/3570/14 3581/3568/14
f 3584/3569/14 3586/3571/14 3585/3572/14 3583/3570/14
f 3586/3571/14 3588/3573/14 3587/3574/14 3585/3572/14
f 3588/3573/14 3590/3575/14 3589/3576/14 3587/3574/14
f 3590/3575/14 3592/3577/14 3591/3578/14 3589/3576/14
f 3592/3577/14 3594/3579/14 3593/3580/14 3591/3578/14
f 3594/3579/14 3596/3581/14 3595/3582/14 3593/3580/14
f 3596/3581/14 3598/3583/14 3597/3584/14 3595/3582/14
f 3598/3583/14 3600/3585/14 3599/3586/14 3597/3584/14
f 3600/3585/14 3602/3587/14 3601/3588/14 3599/3586/14
f 3602/3587/14 3604/3589/14 3603/3590/14 3601/3588/14
f 3604/3589/14 3606/3591/14 3605/3592/14 3603/3590/14
f 3606/3591/14 3608/3593/14 3607/3594/14 3605/3592/14
f 3608/3593/14 3610/3595/14 3609/3596/14 3607/3594/14
f 3610/3595/14 3612/3597/14 3611/3598/14 3609/3596/14
f 3612/3597/14 3614/3599/14 3613/3600/14 3611/3598/14
f 3614/3599/14 3616/3601/14 3615/3602/14 3613/3600/14
f 3616/3601/14 3618/3603/14 3617/3604/14 3615/3602/14
f 3618/3603/14 3620/3605/14 3619/3606/14 3617/3604/14
f 3620/3605/14 3622/3607/14 3621/3608/14 3619/3606/14
f 3622/3607/14 3624/3609/14 3623/3610/14 3621/3608/14
f 3624/3609/14 3626/3611/14 3625/3612/14 3623/3610/14
f 3626/3611/14 3628/3613/14 3627/3614/14 3625/3612/14
f 3628/3613/14 3630/3615/14 3629/3616/14 3627/3614/14
f 3630/3615/14 3632/3617/14 3631/3618/14 3629/3616/14
f 3632/3617/14 3634/3619/14 3633/3620/14 3631/3618/14
f 3634/3619/14 3636/3621/14 3635/3622/14 3633/3620/14
f 3636/3621/14 3638/3623/14 3637/3624/14 3635/3622/14
f 3638/3623/14 3640/3625/14 3639/3626/14 3637/3624/14
f 3640/3625/14 3642/3627/14 3641/3628/14 3639/3626/14
f 3642/3627/14 3644/3629/14 3643/3630/14 3641/3628/14
f 3644/3629/14 3646/3631/14 3645/3632/14 3643/3630/14
f 3646/3631/14 3648/3633/14 3647/3634/14 3645/3632/14
f 3648/3633/14 3650/3635/14 3649/3636/14 3647/3634/14
f 3650/3635/14 3652/3637/14 3651/3638/14 3649/3636/14
f 3652/3637/14 3654/3639/14 3653/3640/14 3651/3638/14
f 3654/3639/14 3656/3641/14 3655/3642/14 3653/3640/14
f 3656/3641/14 3658/3643/14 3657/3644/14 3655/3642/14
f 3658/3643/14 3660/3645/14 3659/3646/14 3657/3644/14
f 3660/3645/14 3662/3647/14 3661/3648/14 3659/3646/14
f 3662/3647/14 3664/3649/14 3663/3650/14 3661/3648/14
f 3664/3649/14 3666/3651/14 3665/3652/14 3663/3650/14
f 3666/3651/14 3668/3653/14 3667/3654/14 3665/3652/14
f 3668/3653/14 3670/3655/14 3669/3656/14 3667/3654/14
f 3670/3655/14 3672/3657/14 3671/3658/14 3669/3656/14
f 3672/3657/14 3674/3659/14 3673/3660/14 3671/3658/14
f 3674/3659/14 3676/3661/14 3675/3662/14 3673/3660/14
f 3676/3661/14 3678/3663/14 3677/3664/14 3675/3662/14
f 3678/3663/14 3680/3665/14 3679/3666/14 3677/3664/14
f 3680/3665/14 3682/3667/14 3681/3668/14 3679/3666/14
f 3682/3667/14 3684/3669/14 3683/3670/14 3681/3668/14
f 3684/3669/14 3686/3671/14 3685/3672/14 3683/3670/14
f 3686/3671/14 3688/3673/14 3687/3674/14 3685/3672/14
f 3688/3673/14 3690/3675/14 3689/3676/14 3687/3674/14
f 3690/3675/14 3692/3677/14 3691/3678/14 3689/3676/14
f 3692/3677/14 3694/3679/14 3693/3680/14 3691/3678/14
f 3694/3679/14 3696/3681/14 3695/3682/14 3693/3680/14
f 3696/3681/14 3698/3683/14 3697/3684/14 3695/3682/14
f 3698/3683/14 3700/3685/14 3699/3686/14 3697/3684/14
f 3700/3685/14 3702/3687/14 3701/3688/14 3699/3686/14
f 3702/3687/14 3704/3689/14 3703/3690/14 3701/3688/14
f 3704/3689/14 3706/3691/14 3705/3692/14 3703/3690/14
f 3706/3691/14 3708/3693/14 3707/3694/14 3705/3692/14
f 3708/3693/14 3710/3695/14 3709/3696/14 3707/3694/14
f 3710/3695/14 3712/3697/14 3711/3698/14 3709/3696/14
f 3712/3697/14 3714/3699/14 3713/3700/14 3711/3698/14
f 3714/3699/14 3716/3701/14 3715/3702/14 3713/3700/14
f 3716/3701/14 3718/3703/14 3717/3704/14 3715/3702/14
f 3718/3703/14 3720/3705/14 3719/3706/14 3717/3704/14
f 3720/3705/14 3722/3707/14 3721/3708/14 3719/3706/14
f 3722/3707/14 3724/3709/14 3723/3710/14 3721/3708/14
f 3724/3709/14 3726/3711/14 3725/3712/14 3723/3710/14
f 3726/3711/14 3728/3713/14 3727/3714/14 3725/3712/14
f 3728/3713/14 3730/3715/14 3729/3716/14 3727/3714/14
f 3730/3715/14 3732/3717/14 3731/3718/14 3729/3716/14
f 3732/3717/14 3734/3719/14 3733/3720/14 3731/3718/14
f 3734/3719/14 3736/3721/14 3735/3722/14 3733/3720/14
f 3736/3721/14 3738/3723/14 3737/3724/14 3735/3722/14
f 3738/3723/14 3740/3725/14 3739/3726/14 3737/3724/14
f 3740/3725/14 3742/3727/14 3741/3728/14 3739/3726/14
f 3742/3727/14 3744/3729/14 3743/3730/14 3741/3728/14
f 3744/3729/14 3746/3731/14 3745/3732/14 3743/3730/14
f 3746/3731/14 3748/3733/14 3747/3734/14 3745/3732/14
f 3748/3733/14 3750/3735/14 3749/3736/14 3747/3734/14
f 3750/3735/14 3752/3737/14 3751/3738/14 3749/3736/14
f 3752/3737/14 3754/3739/14 3753/3740/14 3751/3738/14
f 3754/3739/14 3756/3741/14 3755/3742/14 3753/3740/14
f 3756/3741/14 3758/3743/14 3757/3744/14 3755/3742/14
f 3758/3743/14 3760/3745/14 3759/3746/14 3757/3744/14
f 3760/3745/14 3762/3747/14 3761/3748/14 3759/3746/14
f 3762/3747/14 3764/3749/14 3763/3750/14 3761/3748/14
f 3764/3749/14 3766/3751/14 3765/3752/14 3763/3750/14
f 3766/3751/14 3768/3753/14 3767/3754/14 3765/3752/14
f 3768/3753/14 3770/3755/14 3769/3756/14 3767/3754/14
f 3770/3755/14 3772/3757/14 3771/3758/14 3769/3756/14
f 3772/3757/14 3774/3759/14 3773/3760/14 3771/3758/14
f 3774/3759/14 3776/3761/14 3775/3762/14 3773/3760/14
f 3776/3761/14 3778/3763/14 3777/3764/14 3775/3762/14
f 3778/3763/14 3780/3765/14 3779/3766/14 3777/3764/14
f 3780/3765/14 3782/3767/14 3781/3768/14 3779/3766/14
f 3782/3767/14 3784/3769/14 3783/3770/14 3781/3768/14
f 3784/3769/14 3786/3771/14 3785/3772/14 3783/3770/14
f 3786/3771/14 3788/3773/14 3787/3774/14 3785/3772/14
f 3788/3773/14 3790/3775/14 3789/3776/14 3787/3774/14
f 3790/3775/14 3792/3777/14 3791/3778/14 3789/3776/14
f 3792/3777/14 3794/3779/14 3793/3780/14 3791/3778/14
f 3794/3779/14 3796/3781/14 3795/3782/14 3793/3780/14
f 3796/3781/14 3798/3783/14 3797/3784/14 3795/3782/14
f 3798/3783/14 3800/3785/14 3799/3786/14 3797/3784/14
f 3800/3785/14 3802/3787/14 3801/3788/14 3799/3786/14
f 3802/3787/14 3804/3789/14 3803/3790/14 3801/3788/14
f 3804/3789/14 3806/3791/14 3805/3792/14 3803/3790/14
f 3806/3791/14 3808/3793/14 3807/3794/14 3805/3792/14
f 3808/3793/14 3810/3795/14 3809/3796/14 3807/3794/14
f 3810/3795/14 3812/3797/14 3811/3798/14 3809/3796/14
f 3812/3797/14 3814/3799/14 3813/3800/14 3811/3798/14
f 3814/3799/14 3816/3801/14 3815/3802/14 3813/3800/14
f 3816/3801/14 3818/3803/14 3817/3804/14 3815/3802/14
f 3818/3803/14 3820/3805/14 3819/3806/14 3817/3804/14
f 3820/3805/14 3822/3807/14 3821/3808/14 3819/3806/14
f 3822/3807/14 3824/3809/14 3823/3810/14 3821/3808/14
f 3824/3809/14 3826/3811/14 3825/3812/14 3823/3810/14
f 3826/3811/14 3828/3813/14 3827/3814/14 3825/3812/14
f 3828/3813/14 3830/3815/14 3829/3816/14 3827/3814/14
f 3830/3815/14 3832/3817/14 3831/3818/14 3829/3816/14
f 3832/3817/14 3834/3819/14 3833/3820/14 3831/3818/14
f 3834/3819/14 3836/3821/14 3835/3822/14 3833/3820/14
f 3836/3821/14 3838/3823/14 3837/3824/14 3835/3822/14
f 3838/3823/14 3840/3825/14 3839/3826/14 3837/3824/14
f 3840/3825/14 3842/3827/14 3841/3828/14 3839/3826/14
f 3842/3827/14 3844/3829/14 3843/3830/14 3841/3828/14
f 3844/3829/14 3846/3831/14 3845/3832/14 3843/3830/14
f 3846/3831/14 3848/3833/14 3847/3834/14 3845/3832/14
f 3848/3833/14 3850/3835/14 3849/3836/14 3847/3834/14
f 3850/3835/14 3852/3837/14 3851/3838/14 3849/3836/14
f 3852/3837/14 3854/3839/14 3853/3840/14 3851/3838/14
f 3854/3839/14 3856/3841/14 3855/3842/14 3853/3840/14
f 3856/3841/14 3858/3843/14 3857/3844/14 3855/3842/14
f 3858/3843/14 3860/3845/14 3859/3846/14 3857/3844/14
f 3860/3845/14 3862/3847/14 3861/3848/14 3859/3846/14
f 3862/3847/14 3864/3849/14 3863/3850/14 3861/3848/14
f 3864/3849/14 3866/3851/14 3865/3852/14 3863/3850/14
f 3866/3851/14 3868/3853/14 3867/3854/14 3865/3852/14
f 3868/3853/14 3870/3855/14 3869/3856/14 3867/3854/14
f 3870/3855/14 3872/3857/14 3871/3858/14 3869/3856/14
f 3872/3857/14 3874/3859/14 3873/3860/14 3871/3858/14
f 3874/3859/14 3876/3861/14 3875/3862/14 3873/3860/14
f 3876/3861/14 3878/3863/14 3877/3864/14 3875/3862/14
f 3878/3863/14 3880/3865/14 3879/3866/14 3877/3864/14
f 3880/3865/14 3882/3867/14 3881/3868/14 3879/3866/14
f 3882/3867/14 3884/3869/14 3883/3870/14 3881/3868/14
f 3884/3869/14 3886/3871/14 3885/3872/14 3883/3870/14
f 3886/3871/14 3888/3873/14 3887/3874/14 3885/3872/14
f 3888/3873/14 3890/3875/14 3889/3876/14 3887/3874/14
f 3890/3875/14 3892/3877/14 3891/3878/14 3889/3876/14
f 3892/3877/14 3894/3879/14 3893/3880/14 3891/3878/14
f 3894/3879/14 3896/3881/14 3895/3882/14 3893/3880/14
f 3896/3881/14 3898/3883/14 3897/3884/14 3895/3882/14
f 3898/3883/14 3900/3885/14 3899/3886/14 3897/3884/14
f 3900/3885/14 3902/3887/14 3901/3888/14 3899/3886/14
f 3902/3887/14 3904/3889/14 3903/3890/14 3901/3888/14
f 3904/3889/14 3906/3891/14 3905/3892/14 3903/3890/14
f 3906/3891/14 3908/3893/14 3907/3894/14 3905/3892/14
f 3908/3893/14 3910/3895/14 3909/3896/14 3907/3894/14
f 3910/3895/14 3912/3897/14 3911/3898/14 3909/3896/14
f 3912/3897/14 3914/3899/14 3913/3900/14 3911/3898/14
f 3914/3899/14 3916/3901/14 3915/3902/14 3913/3900/14
f 3916/3901/14 3918/3903/14 3917/3904/14 3915/3902/14
f 3918/3903/14 3920/3905/14 3919/3906/14 3917/3904/14
f 3920/3905/14 3922/3907/14 3921/3908/14 3919/3906/14
f 3922/3907/14 3924/3909/14 3923/3910/14 3921/3908/14
f 3924/3909/14 3926/3911/14 3925/3912/14 3923/3910/14
f 3926/3911/14 3928/3913/14 3927/3914/14 3925/3912/14
f 3928/3913/14 3930/3915/14 3929/3916/14 3927/3914/14
f 3930/3915/14 3932/3917/14 3931/3918/14 3929/3916/14
f 3932/3917/14 3934/3919/14 3933/3920/14 3931/3918/14
f 3934/3919/14 3936/3921/14 3935/3922/14 3933/3920/14
f 3936/3921/14 3938/3923/14 3937/3924/14 3935/3922/14
f 3938/3923/14 3940/3925/14 3939/3926/14 3937/3924/14
f 3940/3925/14 3942/3927/14 3941/3928/14 3939/3926/14
f 3942/3927/14 3944/3929/14 3943/3930/14 3941/3928/14
f 3944/3929/14 3946/3931/14 3945/3932/14 3943/3930/14
f 3946/3931/14 3948/3933/14 3947/3934/14 3945/3932/14
f 3948/3933/14 3950/3935/14 3949/3936/14 3947/3934/14
f 3950/3935/14 3952/3937/14 3951/3938/14 3949/3936/14
f 3952/3937/14 3954/3939/14 3953/3940/14 3951/3938/14
f 3954/3939/14 3956/3941/14 3955/3942/14 3953/3940/14
f 3956/3941/14 3958/3943/14 3957/3944/14 3955/3942/14
f 3958/3943/14 3960/3945/14 3959/3946/14 3957/3944/14
f 3960/3945/14 3962/3947/14 3961/3948/14 3959/3946/14
f 3962/3947/14 3964/3949/14 3963/3950/14 3961/3948/14
f 3964/3949/14 3966/3951/14 3965/3952/14 3963/3950/14
f 3966/3951/14 3968/3953/14 3967/3954/14 3965/3952/14
f 3968/3953/14 3970/3955/14 3969/3956/14 3967/3954/14
f 3970/3955/14 3972/3957/14 3971/3958/14 3969/3956/14
f 3972/3957/14 3974/3959/14 3973/3960/14 3971/3958/14
f 3974/3959/14 3976/3961/14 3975/3962/14 3973/3960/14
f 3976/3961/14 3978/3963/14 3977/3964/14 3975/3962/14
f 3978/3963/14 3980/3965/14 3979/3966/14 3977/3964/14
f 3980/3965/14 3982/3967/14 3981/3968/14 3979/3966/14
f 3982/3967/14 3984/3969/14 3983/3970/14 3981/3968/14
f 3984/3969/14 3986/3971/14 3985/3972/14 3983/3970/14
f 3986/3971/14 3988/3973/14 3987/3974/14 3985/3972/14
f 3988/3973/14 3990/3975/14 3989/3976/14 3987/3974/14
f 3990/3975/14 3992/3977/14 3991/3978/14 3989/3976/14
f 3992/3977/14 3994/3979/14 3993/3980/14 3991/3978/14
f 3994/3979/14 3996/3981/14 3995/3982/14 3993/3980/14
f 3996/3981/14 3998/3983/14 3997/3984/14 3995/3982/14
f 3998/3983/14 4000/3985/14 3999/3986/14 3997/3984/14
f 4000/3985/14 4002/3987/14 4001/3988/14 3999/3986/14
f 4002/3987/14 4004/3989/14 4003/3990/14 4001/3988/14
f 4004/3989/14 4006/3991/14 4005/3992/14 4003/3990/14
f 4006/3991/14 4008/3993/14 4007/3994/14 4005/3992/14
f 4008/3993/14 4010/3995/14 4009/3996/14 4007/3994/14
f 4010/3995/14 4012/3997/14 4011/3998/14 4009/3996/14
f 4012/3997/14 4014/3999/14 4013/4000/14 4011/3998/14
f 4014/3999/14 4016/4001/14 4015/4002/14 4013/4000/14
f 4016/4001/14 4018/4003/14 4017/4004/14 4015/4002/14
f 4018/4003/14 4020/4005/14 4019/4006/14 4017/4004/14
f 4020/4005/14 4022/4007/14 4021/4008/14 4019/4006/14
f 4022/4007/14 4024/4009/14 4023/4010/14 4021/4008/14
f 4024/4009/14 4026/4011/14 4025/4012/14 4023/4010/14
f 4026/4011/14 4028/4013/14 4027/4014/14 4025/4012/14
f 4028/4013/14 4030/4015/14 4029/4016/14 4027/4014/14
f 4030/4015/14 4032/4017/14 4031/4018/14 4029/4016/14
f 4032/4017/14 4034/4019/14 4033/4020/14 4031/4018/14
f 4034/4019/14 4036/4021/14 4035/4022/14 4033/4020/14
f 4036/4021/14 4038/4023/14 4037/4024/14 4035/4022/14
f 4038/4023/14 4040/4025/14 4039/4026/14 4037/4024/14
f 4040/4025/14 4042/4027/14 4041/4028/14 4039/4026/14
f 4042/4027/14 4044/4029/14 4043/4030/14 4041/4028/14
f 4044/4029/14 4046/4031/14 4045/4032/14 4043/4030/14
f 4046/4031/14 4048/4033/14 4047/4034/14 4045/4032/14
f 4048/4033/14 4050/4035/14 4049/4036/14 4047/4034/14
f 4050/4035/14 4052/4037/14 4051/4038/14 4049/4036/14
f 4052/4037/14 4054/4039/14 4053/4040/14 4051/4038/14
f 4054/4039/14 4056/4041/14 4055/4042/14 4053/4040/14
f 4056/4041/14 4058/4043/14 4057/4044/14 4055/4042/14
f 4058/4043/14 4060/4045/14 4059/4046/14 4057/4044/14
f 4060/4045/14 4062/4047/14 4061/4048/14 4059/4046/14
f 4062/4047/14 4064/4049/14 4063/4050/14 4061/4048/14
f 4064/4049/14 4066/4051/14 4065/4052/14 4063/4050/14
f 4066/4051/14 4068/4053/14 4067/4054/14 4065/4052/14
f 4068/4053/14 4070/4055/14 4069/4056/14 4067/4054/14
f 4070/4055/14 4072/4057/14 4071/4058/14 4069/4056/14
f 4072/4057/14 4074/4059/14 4073/4060/14 4071/4058/14
f 4074/4059/14 4076/4061/14 4075/4062/14 4073/4060/14
f 4076/4061/14 4078/4063/14 4077/4064/14 4075/4062/14
f 4078/4063/14 4080/4065/14 4079/4066/14 4077/4064/14
f 4080/4065/14 4082/4067/14 4081/4068/14 4079/4066/14
f 4082/4067/14 4084/4069/14 4083/4070/14 4081/4068/14
f 4084/4069/14 4086/4071/14 4085/4072/14 4083/4070/14
f 4086/4071/14 4088/4073/14 4087/4074/14 4085/4072/14
f 4088/4073/14 4090/4075/14 4089/4076/14 4087/4074/14
f 4090/4075/14 4092/4077/14 4091/4078/14 4089/4076/14
f 4092/4077/14 4094/4079/14 4093/4080/14 4091/4078/14
f 4094/4079/14 4096/4081/14 4095/4082/14 4093/4080/14
f 4096/4081/14 4098/4083/14 4097/4084/14 4095/4082/14
f 4098/4083/14 4100/4085/14 4099/4086/14 4097/4084/14
f 4100/4085/14 4102/4087/14 4101/4088/14 4099/4086/14
f 4102/4087/14 4104/4089/14 4103/4090/14 4101/4088/14
f 4104/4089/14 4106/4091/14 4105/4092/14 4103/4090/14
f 4106/4091/14 4108/4093/14 4107/4094/14 4105/4092/14
f 4108/4093/14 4110/4095/14 4109/4096/14 4107/4094/14
f 4110/4095/14 4112/4097/14 4111/4098/14 4109/4096/14
f 4112/4097/14 4114/4099/14 4113/4100/14 4111/4098/14
f 4114/4099/14 4116/4101/14 4115/4102/14 4113/4100/14
f 4116/4101/14 4118/4103/14 4117/4104/14 4115/4102/14
f 4118/4103/14 4120/4105/14 4119/4106/14 4117/4104/14
f 4120/4105/14 4122/4107/14 4121/4108/14 4119/4106/14
f 4122/4107/14 4124/4109/14 4123/4110/14 4121/4108/14
f 4124/4109/14 4126/4111/14 4125/4112/14 4123/4110/14
f 4126/4111/14 4128/4113/14 4127/4114/14 4125/4112/14
f 4128/4113/14 4130/4115/14 4129/4116/14 4127/4114/14
f 4130/4115/14 4132/4117/14 4131/4118/14 4129/4116/14
f 4132/4117/14 4134/4119/14 4133/4120/14 4131/4118/14
f 4134/4119/14 4136/4121/14 4135/4122/14 4133/4120/14
f 4136/4121/14 4138/4123/14 4137/4124/14 4135/4122/14
f 4138/4123/14 4140/4125/14 4139/4126/14 4137/4124/14
f 4140/4125/14 4142/4127/14 4141/4128/14 4139/4126/14
f 4142/4127/14 4144/4129/14 4143/4130/14 4141/4128/14
f 4144/4129/14 4146/4131/14 4145/4132/14 4143/4130/14
f 4146/4131/14 4148/4133/14 4147/4134/14 4145/4132/14
f 4148/4133/14 4150/4135/14 4149/4136/14 4147/4134/14
f 4150/4135/14 4152/4137/14 4151/4138/14 4149/4136/14
f 4152/4137/14 4154/4139/14 4153/4140/14 4151/4138/14
f 4154/4139/14 4156/4141/14 4155/4142/14 4153/4140/14
f 4156/4141/14 4158/4143/14 4157/4144/14 4155/4142/14
f 4158/4143/14 4160/4145/14 4159/4146/14 4157/4144/14
f 4160/4145/14 4162/4147/14 4161/4148/14 4159/4146/14
f 4162/4147/14 4164/4149/14 4163/4150/14 4161/4148/14
f 4164/4149/14 4166/4151/14 4165/4152/14 4163/4150/14
f 4166/4151/14 4168/4153/14 4167/4154/14 4165/4152/14
f 4168/4153/14 4170/4155/14 4169/4156/14 4167/4154/14
f 4170/4155/14 4172/4157/14 4171/4158/14 4169/4156/14
f 4172/4157/14 4174/4159/14 4173/4160/14 4171/4158/14
f 4174/4159/14 4176/4161/14 4175/4162/14 4173/4160/14
f 4176/4161/14 4178/4163/14 4177/4164/14 4175/4162/14
f 4178/4163/14 4180/4165/14 4179/4166/14 4177/4164/14
f 4180/4165/14 4182/4167/14 4181/4168/14 4179/4166/14
f 4182/4167/14 4184/4169/14 4183/4170/14 4181/4168/14
f 4184/4169/14 4186/4171/14 4185/4172/14 4183/4170/14
f 4186/4171/14 4188/4173/14 4187/4174/14 4185/4172/14
f 4188/4173/14 4190/4175/14 4189/4176/14 4187/4174/14
f 4190/4175/14 4192/4177/14 4191/4178/14 4189/4176/14
f 4192/4177/14 4194/4179/14 4193/4180/14 4191/4178/14
f 4194/4179/14 4196/4181/14 4195/4182/14 4193/4180/14
f 4196/4181/14 4198/4183/14 4197/4184/14 4195/4182/14
f 4198/4183/14 4200/4185/14 4199/4186/14 4197/4184/14
f 4200/4185/14 4202/4187/14 4201/4188/14 4199/4186/14
f 4202/4187/14 4204/4189/14 4203/4190/14 4201/4188/14
f 4204/4189/14 4206/4191/14 4205/4192/14 4203/4190/14
f 4206/4191/14 4208/4193/14 4207/4194/14 4205/4192/14
f 4208/4193/14 4210/4195/14 4209/4196/14 4207/4194/14
f 4210/4195/14 4212/4197/14 4211/4198/14 4209/4196/14
f 4212/4197/14 4214/4199/14 4213/4200/14 4211/4198/14
f 4214/4199/14 4216/4201/14 4215/4202/14 4213/4200/14
f 4216/4201/14 4218/4203/14 4217/4204/14 4215/4202/14
f 4218/4203/14 4220/4205/14 4219/4206/14 4217/4204/14
f 4220/4205/14 4222/4207/14 4221/4208/14 4219/4206/14
f 4222/4207/14 4224/4209/14 4223/4210/14 4221/4208/14
f 4224/4209/14 4226/4211/14 4225/4212/14 4223/4210/14
f 4226/4211/14 4228/4213/14 4227/4214/14 4225/4212/14
f 4228/4213/14 4230/4215/14 4229/4216/14 4227/4214/14
f 4230/4215/14 4232/4217/14 4231/4218/14 4229/4216/14
f 4232/4217/14 4234/4219/14 4233/4220/14 4231/4218/14
f 4234/4219/14 4236/4221/14 4235/4222/14 4233/4220/14
f 4236/4221/14 4238/4223/14 4237/4224/14 4235/4222/14
f 4238/4223/14 4240/4225/14 4239/4226/14 4237/4224/14
f 4240/4225/14 4242/4227/14 4241/4228/14 4239/4226/14
f 4242/4227/14 4244/4229/14 4243/4230/14 4241/4228/14
f 4244/4229/14 4246/4231/14 4245/4232/14 4243/4230/14
f 4246/4231/14 4248/4233/14 4247/4234/14 4245/4232/14
f 4248/4233/14 4250/4235/14 4249/4236/14 4247/4234/14
f 4250/4235/14 4252/4237/14 4251/4238/14 4249/4236/14
f 4252/4237/14 4254/4239/14 4253/4240/14 4251/4238/14
f 4254/4239/14 4256/4241/14 4255/4242/14 4253/4240/14
f 4256/4241/14 4258/4243/14 4257/4244/14 4255/4242/14
f 4258/4243/14 4260/4245/14 4259/4246/14 4257/4244/14
f 4260/4245/14 4262/4247/14 4261/4248/14 4259/4246/14
f 4262/4247/14 4264/4249/14 4263/4250/14 4261/4248/14
f 4264/4249/14 4266/4251/14 4265/4252/14 4263/4250/14
f 4266/4251/14 4268/4253/14 4267/4254/14 4265/4252/14
f 4268/4253/14 4270/4255/14 4269/4256/14 4267/4254/14
f 4270/4255/14 4272/4257/14 4271/4258/14 4269/4256/14
f 4272/4257/14 4274/4259/14 4273/4260/14 4271/4258/14
f 4274/4259/14 4276/4261/14 4275/4262/14 4273/4260/14
f 4276/4261/14 4278/4263/14 4277/4264/14 4275/4262/14
f 4278/4263/14 4280/4265/14 4279/4266/14 4277/4264/14
f 4280/4265/14 4282/4267/14 4281/4268/14 4279/4266/14
f 4282/4267/14 4284/4269/14 4283/4270/14 4281/4268/14
f 4284/4269/14 4286/4271/14 4285/4272/14 4283/4270/14
f 4286/4271/14 4288/4273/14 4287/4274/14 4285/4272/14
f 4288/4273/14 4290/4275/14 4289/4276/14 4287/4274/14
f 4290/4275/14 4292/4277/14 4291/4278/14 4289/4276/14
f 4292/4277/14 4294/4279/14 4293/4280/14 4291/4278/14
f 4294/4279/14 4296/4281/14 4295/4282/14 4293/4280/14
f 4296/4281/14 4298/4283/14 4297/4284/14 4295/4282/14
f 4298/4283/14 4300/4285/14 4299/4286/14 4297/4284/14
f 4300/4285/14 4302/4287/14 4301/4288/14 4299/4286/14
f 4302/4287/14 4304/4289/14 4303/4290/14 4301/4288/14
f 4304/4289/14 4306/4291/14 4305/4292/14 4303/4290/14
f 4306/4291/14 4308/4293/14 4307/4294/14 4305/4292/14
f 4308/4293/14 4310/4295/14 4309/4296/14 4307/4294/14
f 4310/4295/14 4312/4297/14 4311/4298/14 4309/4296/14
f 4312/4297/14 4314/4299/14 4313/4300/14 4311/4298/14
f 4314/4299/14 4316/4301/14 4315/4302/14 4313/4300/14
f 4316/4301/14 4318/4303/14 4317/4304/14 4315/4302/14
f 4318/4303/14 4320/4305/14 4319/4306/14 4317/4304/14
f 4320/4305/14 4322/4307/14 4321/4308/14 4319/4306/14
f 4322/4307/14 4324/4309/14 4323/4310/14 4321/4308/14
f 4324/4309/14 4326/4311/14 4325/4312/14 4323/4310/14
f 4326/4311/14 4328/4313/14 4327/4314/14 4325/4312/14
f 4328/4313/14 4330/4315/14 4329/4316/14 4327/4314/14
f 4330/4315/14 4332/4317/14 4331/4318/14 4329/4316/14
f 4332/4317/14 4334/4319/14 4333/4320/14 4331/4318/14
f 4334/4319/14 4336/4321/14 4335/4322/14 4333/4320/14
f 4336/4321/14 4338/4323/14 4337/4324/14 4335/4322/14
f 4338/4323/14 4340/4325/14 4339/4326/14 4337/4324/14
f 4340/4325/14 4342/4327/14 4341/4328/14 4339/4326/14
f 4342/4327/14 4344/4329/14 4343/4330/14 4341/4328/14
f 4344/4329/14 4346/4331/14 4345/4332/14 4343/4330/14
f 4346/4331/14 4348/4333/14 4347/4334/14 4345/4332/14
f 4348/4333/14 4350/4335/14 4349/4336/14 4347/4334/14
f 4350/4335/14 4352/4337/14 4351/4338/14 4349/4336/14
f 4352/4337/14 4354/4339/14 4353/4340/14 4351/4338/14
f 4354/4339/14 4356/4341/14 4355/4342/14 4353/4340/14
f 4356/4341/14 4358/4343/14 4357/4344/14 4355/4342/14
f 4358/4343/14 4360/4345/14 4359/4346/14 4357/4344/14
f 4360/4345/14 4362/4347/14 4361/4348/14 4359/4346/14
f 4362/4347/14 4364/4349/14 4363/4350/14 4361/4348/14
f 4364/4349/14 4366/4351/14 4365/4352/14 4363/4350/14
f 4366/4351/14 4368/4353/14 4367/4354/14 4365/4352/14
f 4368/4353/14 4370/4355/14 4369/4356/14 4367/4354/14
f 4370/4355/14 4372/4357/14 4371/4358/14 4369/4356/14
f 4372/4357/14 4374/4359/14 4373/4360/14 4371/4358/14
f 4374/4359/14 4376/4361/14 4375/4362/14 4373/4360/14
f 4376/4361/14 4378/4363/14 4377/4364/14 4375/4362/14
f 4378/4363/14 4380/4365/14 4379/4366/14 4377/4364/14
f 4380/4365/14 4382/4367/14 4381/4368/14 4379/4366/14
f 4382/4367/14 4384/4369/14 4383/4370/14 4381/4368/14
f 4384/4369/14 4386/4371/14 4385/4372/14 4383/4370/14
f 4386/4371/14 4388/4373/14 4387/4374/14 4385/4372/14
f 4388/4373/14 4390/4375/14 4389/4376/14 4387/4374/14
f 4390/4375/14 4392/4377/14 4391/4378/14 4389/4376/14
f 4392/4377/14 4394/4379/14 4393/4380/14 4391/4378/14
f 4394/4379/14 4396/4381/14 4395/4382/14 4393/4380/14
f 4396/4381/14 4398/4383/14 4397/4384/14 4395/4382/14
f 4398/4383/14 4400/4385/14 4399/4386/14 4397/4384/14
f 4400/4385/14 4402/4387/14 4401/4388/14 4399/4386/14
f 4402/4387/14 4404/4389/14 4403/4390/14 4401/4388/14
f 4404/4389/14 4406/4391/14 4405/4392/14 4403/4390/14
f 4406/4391/14 4408/4393/14 4407/4394/14 4405/4392/14
f 4408/4393/14 4410/4395/14 4409/4396/14 4407/4394/14
f 4410/4395/14 4412/4397/14 4411/4398/14 4409/4396/14
f 4412/4397/14 4414/4399/14 4413/4400/14 4411/4398/14
f 4414/4399/14 4416/4401/14 4415/4402/14 4413/4400/14
f 4416/4401/14 4418/4403/14 4417/4404/14 4415/4402/14
f 4418/4403/14 4420/4405/14 4419/4406/14 4417/4404/14
f 4420/4405/14 4422/4407/14 4421/4408/14 4419/4406/14
f 4422/4407/14 4424/4409/14 4423/4410/14 4421/4408/14
f 4424/4409/14 4426/4411/14 4425/4412/14 4423/4410/14
f 4426/4411/14 4428/4413/14 4427/4414/14 4425/4412/14
f 4428/4413/14 4430/4415/14 4429/4416/14 4427/4414/14
f 4430/4415/14 4432/4417/14 4431/4418/14 4429/4416/14
f 4432/4417/14 4434/4419/14 4433/4420/14 4431/4418/14
f 4434/4419/14 4436/4421/14 4435/4422/14 4433/4420/14
f 4436/4421/14 4438/4423/14 4437/4424/14 4435/4422/14
f 4438/4423/14 4440/4425/14 4439/4426/14 4437/4424/14
f 4440/4425/14 4442/4427/14 4441/4428/14 4439/4426/14
f 4442/4427/14 4444/4429/14 4443/4430/14 4441/4428/14
f 4444/4429/14 4446/4431/14 4445/4432/14 4443/4430/14
f 4446/4431/14 4448/4433/14 4447/4434/14 4445/4432/14
f 4448/4433/14 4450/4435/14 4449/4436/14 4447/4434/14
f 4450/4435/14 4452/4437/14 4451/4438/14 4449/4436/14
f 4452/4437/14 4454/4439/14 4453/4440/14 4451/4438/14
f 4454/4439/14 4456/4441/14 4455/4442/14 4453/4440/14
f 4456/4441/14 4458/4443/14 4457/4444/14 4455/4442/14
f 4458/4443/14 4460/4445/14 4459/4446/14 4457/4444/14
f 4460/4445/14 4462/4447/14 4461/4448/14 4459/4446/14
f 4462/4447/14 4464/4449/14 4463/4450/14 4461/4448/14
f 4464/4449/14 4466/4451/14 4465/4452/14 4463/4450/14
f 4466/4451/14 4468/4453/14 4467/4454/14 4465/4452/14
f 4468/4453/14 4470/4455/14 4469/4456/14 4467/4454/14
f 4470/4455/14 4472/4457/14 4471/4458/14 4469/4456/14
f 4472/4457/14 4474/4459/14 4473/4460/14 4471/4458/14
f 4474/4459/14 4476/4461/14 4475/4462/14 4473/4460/14
f 4476/4461/14 4478/4463/14 4477/4464/14 4475/4462/14
f 4478/4463/14 4480/4465/14 4479/4466/14 4477/4464/14
f 4480/4465/14 4482/4467/14 4481/4468/14 4479/4466/14
f 4482/4467/14 4484/4469/14 4483/4470/14 4481/4468/14
f 4484/4469/14 4486/4471/14 4485/4472/14 4483/4470/14
f 4486/4471/14 4488/4473/14 4487/4474/14 4485/4472/14
f 4488/4473/14 4490/4475/14 4489/4476/14 4487/4474/14
f 4490/4475/14 4492/4477/14 4491/4478/14 4489/4476/14
f 4492/4477/14 4494/4479/14 4493/4480/14 4491/4478/14
f 4494/4479/14 4496/4481/14 4495/4482/14 4493/4480/14
f 4496/4481/14 4498/4483/14 4497/4484/14 4495/4482/14
f 4498/4483/14 4500/4485/14 4499/4486/14 4497/4484/14
f 4500/4485/14 4502/4487/14 4501/4488/14 4499/4486/14
f 4502/4487/14 4504/4489/14 4503/4490/14 4501/4488/14
f 4504/4489/14 4506/4491/14 4505/4492/14 4503/4490/14
f 4506/4491/14 4508/4493/14 4507/4494/14 4505/4492/14
f 4508/4493/14 4510/4495/14 4509/4496/14 4507/4494/14
f 4510/4495/14 4512/4497/14 4511/4498/14 4509/4496/14
f 4512/4497/14 4514/4499/14 4513/4500/14 4511/4498/14
f 4514/4499/14 4516/4501/14 4515/4502/14 4513/4500/14
f 4516/4501/14 4518/4503/14 4517/4504/14 4515/4502/14
f 4518/4503/14 4520/4505/14 4519/4506/14 4517/4504/14
f 4520/4505/14 4522/4507/14 4521/4508/14 4519/4506/14
f 4522/4507/14 4524/4509/14 4523/4510/14 4521/4508/14
f 4524/4509/14 4526/4511/14 4525/4512/14 4523/4510/14
f 4526/4511/14 4528/4513/14 4527/4514/14 4525/4512/14
f 4528/4513/14 4530/4515/14 4529/4516/14 4527/4514/14
f 4530/4515/14 4532/4517/14 4531/4518/14 4529/4516/14
f 4532/4517/14 4534/4519/14 4533/4520/14 4531/4518/14
f 4534/4519/14 4536/4521/14 4535/4522/14 4533/4520/14
f 4536/4521/14 4538/4523/14 4537/4524/14 4535/4522/14
f 4538/4523/14 4540/4525/14 4539/4526/14 4537/4524/14
f 4540/4525/14 4542/4527/14 4541/4528/14 4539/4526/14
f 4542/4527/14 4544/4529/14 4543/4530/14 4541/4528/14
f 4544/4529/14 4546/4531/14 4545/4532/14 4543/4530/14
f 4546/4531/14 4548/4533/14 4547/4534/14 4545/4532/14
f 4548/4533/14 4550/4535/14 4549/4536/14 4547/4534/14
f 4550/4535/14 4552/4537/14 4551/4538/14 4549/4536/14
f 4552/4537/14 4554/4539/14 4553/4540/14 4551/4538/14
f 4554/4539/14 4556/4541/14 4555/4542/14 4553/4540/14
f 4556/4541/14 4558/4543/14 4557/4544/14 4555/4542/14
f 4558/4543/14 4560/4545/14 4559/4546/14 4557/4544/14
f 4560/4545/14 4562/4547/14 4561/4548/14 4559/4546/14
f 4562/4547/14 4564/4549/14 4563/4550/14 4561/4548/14
f 4564/4549/14 4566/4551/14 4565/4552/14 4563/4550/14
f 4566/4551/14 4568/4553/14 4567/4554/14 4565/4552/14
f 4568/4553/14 4570/4555/14 4569/4556/14 4567/4554/14
f 4570/4555/14 4572/4557/14 4571/4558/14 4569/4556/14
f 4572/4557/14 4574/4559/14 4573/4560/14 4571/4558/14
f 4574/4559/14 4576/4561/14 4575/4562/14 4573/4560/14
f 4576/4561/14 4578/4563/14 4577/4564/14 4575/4562/14
f 4578/4563/14 4580/4565/14 4579/4566/14 4577/4564/14
f 4580/4565/14 4582/4567/14 4581/4568/14 4579/4566/14
f 4582/4567/14 4584/4569/14 4583/4570/14 4581/4568/14
f 4584/4569/14 4586/4571/14 4585/4572/14 4583/4570/14
f 4586/4571/14 4588/4573/14 4587/4574/14 4585/4572/14
f 4588/4573/14 4590/4575/14 4589/4576/14 4587/4574/14
f 4590/4575/14 4592/4577/14 4591/4578/14 4589/4576/14
f 4592/4577/14 4594/4579/14 4593/4580/14 4591/4578/14
f 4594/4579/14 4596/4581/14 4595/4582/14 4593/4580/14
f 4596/4581/14 4598/4583/14 4597/4584/14 4595/4582/14
f 4598/4583/14 4600/4585/14 4599/4586/14 4597/4584/14
f 4600/4585/14 4602/4587/14 4601/4588/14 4599/4586/14
f 4602/4587/14 4604/4589/14 4603/4590/14 4601/4588/14
f 4604/4589/14 4606/4591/14 4605/4592/14 4603/4590/14
f 4606/4591/14 4608/4593/14 4607/4594/14 4605/4592/14
f 4608/4593/14 4610/4595/14 4609/4596/14 4607/4594/14
f 4610/4595/14 4612/4597/14 4611/4598/14 4609/4596/14
f 4612/4597/14 4614/4599/14 4613/4600/14 4611/4598/14
f 4614/4599/14 4616/4601/14 4615/4602/14 4613/4600/14
f 4616/4601/14 4618/4603/14 4617/4604/14 4615/4602/14
f 4618/4603/14 4620/4605/14 4619/4606/14 4617/4604/14
f 4620/4605/14 4622/4607/14 4621/4608/14 4619/4606/14
f 4622/4607/14 4624/4609/14 4623/4610/14 4621/4608/14
f 4624/4609/14 4626/4611/14 4625/4612/14 4623/4610/14
f 4626/4611/14 4628/4613/14 4627/4614/14 4625/4612/14
f 4628/4613/14 4630/4615/14 4629/4616/14 4627/4614/14
f 4630/4615/14 4632/4617/14 4631/4618/14 4629/4616/14
f 4632/4617/14 4634/4619/14 4633/4620/14 4631/4618/14
f 4634/4619/14 4636/4621/14 4635/4622/14 4633/4620/14
f 4636/4621/14 4638/4623/14 4637/4624/14 4635/4622/14
f 4638/4623/14 4640/4625/14 4639/4626/14 4637/4624/14
f 4640/4625/14 4642/4627/14 4641/4628/14 4639/4626/14
f 4642/4627/14 4644/4629/14 4643/4630/14 4641/4628/14
f 4644/4629/14 4646/4631/14 4645/4632/14 4643/4630/14
f 4646/4631/14 4648/4633/14 4647/4634/14 4645/4632/14
f 4648/4633/14 4650/4635/14 4649/4636/14 4647/4634/14
f 4650/4635/14 4652/4637/14 4651/4638/14 4649/4636/14
f 4652/4637/14 4654/4639/14 4653/4640/14 4651/4638/14
f 4654/4639/14 4656/4641/14 4655/4642/14 4653/4640/14
f 4656/4641/14 4658/4643/14 4657/4644/14 4655/4642/14
f 4658/4643/14 4660/4645/14 4659/4646/14 4657/4644/14
f 4660/4645/14 4662/4647/14 4661/4648/14 4659/4646/14
f 4662/4647/14 4664/4649/14 4663/4650/14 4661/4648/14
f 4664/4649/14 4666/4651/14 4665/4652/14 4663/4650/14
f 4666/4651/14 4668/4653/14 4667/4654/14 4665/4652/14
f 4668/4653/14 4670/4655/14 4669/4656/14 4667/4654/14
f 4670/4655/14 4672/4657/14 4671/4658/14 4669/4656/14
f 4672/4657/14 4674/4659/14 4673/4660/14 4671/4658/14
f 4674/4659/14 4676/4661/14 4675/4662/14 4673/4660/14
f 4676/4661/14 4678/4663/14 4677/4664/14 4675/4662/14
f 4678/4663/14 4680/4665/14 4679/4666/14 4677/4664/14
f 4680/4665/14 4682/4667/14 4681/4668/14 4679/4666/14
f 4682/4667/14 4684/4669/14 4683/4670/14 4681/4668/14
f 4684/4669/14 4686/4671/14 4685/4672/14 4683/4670/14
f 4686/4671/14 4688/4673/14 4687/4674/14 4685/4672/14
f 4688/4673/14 4690/4675/14 4689/4676/14 4687/4674/14
f 4690/4675/14 4692/4677/14 4691/4678/14 4689/4676/14
f 4692/4677/14 4694/4679/14 4693/4680/14 4691/4678/14
f 4694/4679/14 4696/4681/14 4695/4682/14 4693/4680/14
f 4696/4681/14 4698/4683/14 4697/4684/14 4695/4682/14
f 4698/4683/14 4700/4685/14 4699/4686/14 4697/4684/14
f 4700/4685/14 4702/4687/14 4701/4688/14 4699/4686/14
f 4702/4687/14 4704/4689/14 4703/4690/14 4701/4688/14
f 4704/4689/14 4706/4691/14 4705/4692/14 4703/4690/14
f 4706/4691/14 4708/4693/14 4707/4694/14 4705/4692/14
f 4708/4693/14 4710/4695/14 4709/4696/14 4707/4694/14
f 4710/4695/14 4712/4697/14 4711/4698/14 4709/4696/14
f 4712/4697/14 4714/4699/14 4713/4700/14 4711/4698/14
f 4714/4699/14 4716/4701/14 4715/4702/14 4713/4700/14
f 4716/4701/14 4718/4703/14 4717/4704/14 4715/4702/14
f 4718/4703/14 4720/4705/14 4719/4706/14 4717/4704/14
f 4720/4705/14 4722/4707/14 4721/4708/14 4719/4706/14
f 4722/4707/14 4724/4709/14 4723/4710/14 4721/4708/14
f 4724/4709/14 4726/4711/14 4725/4712/14 4723/4710/14
f 4726/4711/14 4728/4713/14 4727/4714/14 4725/4712/14
f 4728/4713/14 4730/4715/14 4729/4716/14 4727/4714/14
f 4730/4715/14 4732/4717/14 4731/4718/14 4729/4716/14
f 4732/4717/14 4734/4719/14 4733/4720/14 4731/4718/14
f 4734/4719/14 4736/4721/14 4735/4722/14 4733/4720/14
f 4736/4721/14 4738/4723/14 4737/4724/14 4735/4722/14
f 4738/4723/14 4740/4725/14 4739/4726/14 4737/4724/14
f 4740/4725/14 4742/4727/14 4741/4728/14 4739/4726/14
f 4742/4727/14 4744/4729/14 4743/4730/14 4741/4728/14
f 4744/4729/14 4746/4731/14 4745/4732/14 4743/4730/14
f 4746/4731/14 4748/4733/14 4747/4734/14 4745/4732/14
f 4748/4733/14 4750/4735/14 4749/4736/14 4747/4734/14
f 4750/4735/14 4752/4737/14 4751/4738/14 4749/4736/14
f 4752/4737/14 4754/4739/14 4753/4740/14 4751/4738/14
f 4754/4739/14 4756/4741/14 4755/4742/14 4753/4740/14
f 4756/4741/14 4758/4743/14 4757/4744/14 4755/4742/14
f 4758/4743/14 4760/4745/14 4759/4746/14 4757/4744/14
f 4760/4745/14 4762/4747/14 4761/4748/14 4759/4746/14
f 4762/4747/14 4764/4749/14 4763/4750/14 4761/4748/14
f 4764/4749/14 4766/4751/14 4765/4752/14 4763/4750/14
f 4766/4751/14 4768/4753/14 4767/4754/14 4765/4752/14
f 4768/4753/14 4770/4755/14 4769/4756/14 4767/4754/14
f 4770/4755/14 4772/4757/14 4771/4758/14 4769/4756/14
f 4772/4757/14 4774/4759/14 4773/4760/14 4771/4758/14
f 4774/4759/14 4776/4761/14 4775/4762/14 4773/4760/14
f 4776/4761/14 4778/4763/14 4777/4764/14 4775/4762/14
f 4778/4763/14 4780/4765/14 4779/4766/14 4777/4764/14
f 4780/4765/14 4782/4767/14 4781/4768/14 4779/4766/14
f 4782/4767/14 4784/4769/14 4783/4770/14 4781/4768/14
f 4784/4769/14 4786/4771/14 4785/4772/14 4783/4770/14
f 4786/4771/14 4788/4773/14 4787/4774/14 4785/4772/14
f 4788/4773/14 4790/4775/14 4789/4776/14 4787/4774/14
f 4790/4775/14 4792/4777/14 4791/4778/14 4789/4776/14
f 4792/4777/14 4794/4779/14 4793/4780/14 4791/4778/14
f 4794/4779/14 4796/4781/14 4795/4782/14 4793/4780/14
f 4796/4781/14 4798/4783/14 4797/4784/14 4795/4782/14
f 4798/4783/14 4800/4785/14 4799/4786/14 4797/4784/14
f 4800/4785/14 4802/4787/14 4801/4788/14 4799/4786/14
f 4802/4787/14 4804/4789/14 4803/4790/14 4801/4788/14
f 4804/4789/14 4806/4791/14 4805/4792/14 4803/4790/14
f 4806/4791/14 4808/4793/14 4807/4794/14 4805/4792/14
f 4808/4793/14 4810/4795/14 4809/4796/14 4807/4794/14
f 4810/4795/14 4812/4797/14 4811/4798/14 4809/4796/14
f 4812/4797/14 4814/4799/14 4813/4800/14 4811/4798/14
f 4814/4799/14 4816/4801/14 4815/4802/14 4813/4800/14
f 4816/4801/14 4818/4803/14 4817/4804/14 4815/4802/14
f 4818/4803/14 4820/4805/14 4819/4806/14 4817/4804/14
f 4820/4805/14 4822/4807/14 4821/4808/14 4819/4806/14
f 4822/4807/14 4824/4809/14 4823/4810/14 4821/4808/14
f 4824/4809/14 4826/4811/14 4825/4812/14 4823/4810/14
f 4826/4811/14 4828/4813/14 4827/4814/14 4825/4812/14
f 4828/4813/14 4830/4815/14 4829/4816/14 4827/4814/14
f 4830/4815/14 4832/4817/14 4831/4818/14 4829/4816/14
f 4832/4817/14 4834/4819/14 4833/4820/14 4831/4818/14
f 4834/4819/14 4836/4821/14 4835/4822/14 4833/4820/14
f 4836/4821/14 4838/4823/14 4837/4824/14 4835/4822/14
f 4838/4823/14 4840/4825/14 4839/4826/14 4837/4824/14
f 4840/4825/14 4842/4827/14 4841/4828/14 4839/4826/14
f 4842/4827/14 4844/4829/14 4843/4830/14 4841/4828/14
f 4844/4829/14 4846/4831/14 4845/4832/14 4843/4830/14
f 4846/4831/14 4848/4833/14 4847/4834/14 4845/4832/14
f 4848/4833/14 4850/4835/14 4849/4836/14 4847/4834/14
f 4850/4835/14 4852/4837/14 4851/4838/14 4849/4836/14
f 4852/4837/14 4854/4839/14 4853/4840/14 4851/4838/14
f 4854/4839/14 4856/4841/14 4855/4842/14 4853/4840/14
f 4856/4841/14 4858/4843/14 4857/4844/14 4855/4842/14
f 4858/4843/14 4860/4845/14 4859/4846/14 4857/4844/14
f 4860/4845/14 4862/4847/14 4861/4848/14 4859/4846/14
f 4862/4847/14 4864/4849/14 4863/4850/14 4861/4848/14
f 4864/4849/14 4866/4851/14 4865/4852/14 4863/4850/14
f 4866/4851/14 4868/4853/14 4867/4854/14 4865/4852/14
f 4868/4853/14 4870/4855/14 4869/4856/14 4867/4854/14
f 4870/4855/14 4872/4857/14 4871/4858/14 4869/4856/14
f 4872/4857/14 4874/4859/14 4873/4860/14 4871/4858/14
f 4874/4859/14 4876/4861/14 4875/4862/14 4873/4860/14
f 4876/4861/14 4878/4863/14 4877/4864/14 4875/4862/14
f 4878/4863/14 4880/4865/14 4879/4866/14 4877/4864/14
f 4880/4865/14 4882/4867/14 4881/4868/14 4879/4866/14
f 4882/4867/14 4884/4869/14 4883/4870/14 4881/4868/14
f 4884/4869/14 4886/4871/14 4885/4872/14 4883/4870/14
f 4886/4871/14 4888/4873/14 4887/4874/14 4885/4872/14
f 4888/4873/14 4890/4875/14 4889/4876/14 4887/4874/14
f 4890/4875/14 4892/4877/14 4891/4878/14 4889/4876/14
f 4892/4877/14 4894/4879/14 4893/4880/14 4891/4878/14
f 4894/4879/14 4896/4881/14 4895/4882/14 4893/4880/14
f 4896/4881/14 4898/4883/14 4897/4884/14 4895/4882/14
f 4898/4883/14 4900/4885/14 4899/4886/14 4897/4884/14
f 4900/4885/14 4902/4887/14 4901/4888/14 4899/4886/14
f 4902/4887/14 4904/4889/14 4903/4890/14 4901/4888/14
f 4904/4889/14 4906/4891/14 4905/4892/14 4903/4890/14
f 4906/4891/14 4908/4893/14 4907/4894/14 4905/4892/14
f 4908/4893/14 4910/4895/14 4909/4896/14 4907/4894/14
f 4910/4895/14 4912/4897/14 4911/4898/14 4909/4896/14
f 4912/4897/14 4914/4899/14 4913/4900/14 4911/4898/14
f 4914/4899/14 4916/4901/14 4915/4902/14 4913/4900/14
f 4916/4901/14 4918/4903/14 4917/4904/14 4915/4902/14
f 4918/4903/14 4920/4905/14 4919/4906/14 4917/4904/14
f 4920/4905/14 4922/4907/14 4921/4908/14 4919/4906/14
f 4922/4907/14 4924/4909/14 4923/4910/14 4921/4908/14
f 4924/4909/14 4926/4911/14 4925/4912/14 4923/4910/14
f 4926/4911/14 4928/4913/14 4927/4914/14 4925/4912/14
f 4928/4913/14 4930/4915/14 4929/4916/14 4927/4914/14
f 4930/4915/14 4932/4917/14 4931/4918/14 4929/4916/14
f 4932/4917/14 4934/4919/14 4933/4920/14 4931/4918/14
f 4934/4919/14 4936/4921/14 4935/4922/14 4933/4920/14
f 4936/4921/14 4938/4923/14 4937/4924/14 4935/4922/14
f 4938/4923/14 4940/4925/14 4939/4926/14 4937/4924/14
f 4940/4925/14 4942/4927/14 4941/4928/14 4939/4926/14
f 4942/4927/14 4944/4929/14 4943/4930/14 4941/4928/14
f 4944/4929/14 4946/4931/14 4945/4932/14 4943/4930/14
f 4946/4931/14 4948/4933/14 4947/4934/14 4945/4932/14
f 4948/4933/14 4950/4935/14 4949/4936/14 4947/4934/14
f 4950/4935/14 4952/4937/14 4951/4938/14 4949/4936/14
f 4952/4937/14 4954/4939/14 4953/4940/14 4951/4938/14
f 4954/4939/14 4956/4941/14 4955/4942/14 4953/4940/14
f 4956/4941/14 4958/4943/14 4957/4944/14 4955/4942/14
f 4958/4943/14 4960/4945/14 4959/4946/14 4957/4944/14
f 4960/4945/14 4962/4947/14 4961/4948/14 4959/4946/14
f 4962/4947/14 4964/4949/14 4963/4950/14 4961/4948/14
f 4964/4949/14 4966/4951/14 4965/4952/14 4963/4950/14
f 4966/4951/14 4968/4953/14 4967/4954/14 4965/4952/14
f 4968/4953/14 4970/4955/14 4969/4956/14 4967/4954/14
f 4970/4955/14 4972/4957/14 4971/4958/14 4969/4956/14
f 4972/4957/14 4974/4959/14 4973/4960/14 4971/4958/14
f 4974/4959/14 4976/4961/14 4975/4962/14 4973/4960/14
f 4976/4961/14 4978/4963/14 4977/4964/14 4975/4962/14
f 4978/4963/14 4980/4965/14 4979/4966/14 4977/4964/14
f 4980/4965/14 4982/4967/14 4981/4968/14 4979/4966/14
f 4982/4967/14 4984/4969/14 4983/4970/14 4981/4968/14
f 4984/4969/14 4986/4971/14 4985/4972/14 4983/4970/14
f 4986/4971/14 4988/4973/14 4987/4974/14 4985/4972/14
f 4988/4973/14 4990/4975/14 4989/4976/14 4987/4974/14
f 4990/4975/14 4992/4977/14 4991/4978/14 4989/4976/14
f 4992/4977/14 4994/4979/14 4993/4980/14 4991/4978/14
f 4994/4979/14 4996/4981/14 4995/4982/14 4993/4980/14
f 4996/4981/14 4998/4983/14 4997/4984/14 4995/4982/14
f 4998/4983/14 5000/4985/14 4999/4986/14 4997/4984/14
f 5000/4985/14 5002/4987/14 5001/4988/14 4999/4986/14
f 5002/4987/14 5004/4989/14 5003/4990/14 5001/4988/14
f 5004/4989/14 5006/4991/14 5005/4992/14 5003/4990/14
f 5006/4991/14 5008/4993/14 5007/4994/14 5005/4992/14
f 5008/4993/14 5010/4995/14 5009/4996/14 5007/4994/14
f 5010/4995/14 5012/4997/14 5011/4998/14 5009/4996/14
f 5012/4997/14 5014/4999/14 5013/5000/14 5011/4998/14
f 5014/4999/14 5016/5001/14 5015/5002/14 5013/5000/14
f 5016/5001/14 5018/5003/14 5017/5004/14 5015/5002/14
f 5018/5003/14 5020/5005/14 5019/5006/14 5017/5004/14
f 5020/5005/14 5022/5007/14 5021/5008/14 5019/5006/14
f 5022/5007/14 5024/5009/14 5023/5010/14 5021/5008/14
f 5024/5009/14 5026/5011/14 5025/5012/14 5023/5010/14
f 5026/5011/14 5028/5013/14 5027/5014/14 5025/5012/14
f 5028/5013/14 5030/5015/14 5029/5016/14 5027/5014/14
f 5030/5015/14 5032/5017/14 5031/5018/14 5029/5016/14
f 5032/5017/14 5034/5019/14 5033/5020/14 5031/5018/14
f 5034/5019/14 5036/5021/14 5035/5022/14 5033/5020/14
f 5036/5021/14 5038/5023/14 5037/5024/14 5035/5022/14
f 5038/5023/14 5040/5025/14 5039/5026/14 5037/5024/14
f 5040/5025/14 5042/5027/14 5041/5028/14 5039/5026/14
f 5042/5027/14 5044/5029/14 5043/5030/14 5041/5028/14
f 5044/5029/14 5046/5031/14 5045/5032/14 5043/5030/14
f 5046/5031/14 5048/5033/14 5047/5034/14 5045/5032/14
f 5048/5033/14 5050/5035/14 5049/5036/14 5047/5034/14
f 5050/5035/14 5052/5037/14 5051/5038/14 5049/5036/14
f 5052/5037/14 5054/5039/14 5053/5040/14 5051/5038/14
f 5054/5039/14 5056/5041/14 5055/5042/14 5053/5040/14
f 5056/5041/14 5058/5043/14 5057/5044/14 5055/5042/14
f 5058/5043/14 5060/5045/14 5059/5046/14 5057/5044/14
f 5060/5045/14 5062/5047/14 5061/5048/14 5059/5046/14
f 5062/5047/14 5064/5049/14 5063/5050/14 5061/5048/14
f 5064/5049/14 5066/5051/14 5065/5052/14 5063/5050/14
f 5066/5051/14 5068/5053/14 5067/5054/14 5065/5052/14
f 5068/5053/14 5070/5055/14 5069/5056/14 5067/5054/14
f 5070/5055/14 5072/5057/14 5071/5058/14 5069/5056/14
f 5072/5057/14 5074/5059/14 5073/5060/14 5071/5058/14
f 5074/5059/14 5076/5061/14 5075/5062/14 5073/5060/14
f 5076/5061/14 5078/5063/14 5077/5064/14 5075/5062/14
f 5078/5063/14 5080/5065/14 5079/5066/14 5077/5064/14
f 5080/5065/14 5082/5067/14 5081/5068/14 5079/5066/14
f 5082/5067/14 5084/5069/14 5083/5070/14 5081/5068/14
f 5084/5069/14 5086/5071/14 5085/5072/14 5083/5070/14
f 5086/5071/14 5088/5073/14 5087/5074/14 5085/5072/14
f 5088/5073/14 5090/5075/14 5089/5076/14 5087/5074/14
f 5090/5075/14 5092/5077/14 5091/5078/14 5089/5076/14
f 5092/5077/14 5094/5079/14 5093/5080/14 5091/5078/14
f 5094/5079/14 5096/5081/14 5095/5082/14 5093/5080/14
f 5096/5081/14 5098/5083/14 5097/5084/14 5095/5082/14
f 5098/5083/14 5100/5085/14 5099/5086/14 5097/5084/14
f 5100/5085/14 5102/5087/14 5101/5088/14 5099/5086/14
f 5102/5087/14 5104/5089/14 5103/5090/14 5101/5088/14
f 5104/5089/14 5106/5091/14 5105/5092/14 5103/5090/14
f 5106/5091/14 5108/5093/14 5107/5094/14 5105/5092/14
f 5108/5093/14 5110/5095/14 5109/5096/14 5107/5094/14
f 5110/5095/14 5112/5097/14 5111/5098/14 5109/5096/14
f 5112/5097/14 5114/5099/14 5113/5100/14 5111/5098/14
f 5114/5099/14 5116/5101/14 5115/5102/14 5113/5100/14
f 5116/5101/14 5118/5103/14 5117/5104/14 5115/5102/14
f 5118/5103/14 5120/5105/14 5119/5106/14 5117/5104/14
f 5120/5105/14 5122/5107/14 5121/5108/14 5119/5106/14
f 5122/5107/14 5124/5109/14 5123/5110/14 5121/5108/14
f 5124/5109/14 5126/5111/14 5125/5112/14 5123/5110/14
f 5126/5111/14 5128/5113/14 5127/5114/14 5125/5112/14
f 5128/5113/14 5130/5115/14 5129/5116/14 5127/5114/14
f 5130/5115/14 5132/5117/14 5131/5118/14 5129/5116/14
f 5132/5117/14 5134/5119/14 5133/5120/14 5131/5118/14
f 5134/5119/14 5136/5121/14 5135/5122/14 5133/5120/14
f 5136/5121/14 5138/5123/14 5137/5124/14 5135/5122/14
f 5138/5123/14 5140/5125/14 5139/5126/14 5137/5124/14
f 5140/5125/14 5142/5127/14 5141/5128/14 5139/5126/14
f 5142/5127/14 5144/5129/14 5143/5130/14 5141/5128/14
f 5144/5129/14 5146/5131/14 5145/5132/14 5143/5130/14
f 5146/5131/14 5148/5133/14 5147/5134/14 5145/5132/14
f 5148/5133/14 5150/5135/14 5149/5136/14 5147/5134/14
f 5150/5135/14 5152/5137/14 5151/5138/14 5149/5136/14
f 5152/5137/14 5154/5139/14 5153/5140/14 5151/5138/14
f 5154/5139/14 5156/5141/14 5155/5142/14 5153/5140/14
f 5156/5141/14 5158/5143/14 5157/5144/14 5155/5142/14
f 5158/5143/14 5160/5145/14 5159/5146/14 5157/5144/14
f 5160/5145/14 5162/5147/14 5161/5148/14 5159/5146/14
f 5162/5147/14 5164/5149/14 5163/5150/14 5161/5148/14
f 5164/5149/14 5166/5151/14 5165/5152/14 5163/5150/14
f 5166/5151/14 5168/5153/14 5167/5154/14 5165/5152/14
f 5168/5153/14 5170/5155/14 5169/5156/14 5167/5154/14
f 5170/5155/14 5172/5157/14 5171/5158/14 5169/5156/14
f 5172/5157/14 5174/5159/14 5173/5160/14 5171/5158/14
f 5174/5159/14 5176/5161/14 5175/5162/14 5173/5160/14
f 5176/5161/14 5178/5163/14 5177/5164/14 5175/5162/14
f 5178/5163/14 5180/5165/14 5179/5166/14 5177/5164/14
f 5180/5165/14 5182/5167/14 5181/5168/14 5179/5166/14
f 5182/5167/14 5184/5169/14 5183/5170/14 5181/5168/14
f 5184/5169/14 5186/5171/14 5185/5172/14 5183/5170/14
f 5186/5171/14 5188/5173/14 5187/5174/14 5185/5172/14
f 5188/5173/14 5190/5175/14 5189/5176/14 5187/5174/14
f 5190/5175/14 5192/5177/14 5191/5178/14 5189/5176/14
f 5192/5177/14 5194/5179/14 5193/5180/14 5191/5178/14
f 5194/5179/14 5196/5181/14 5195/5182/14 5193/5180/14
f 5196/5181/14 5198/5183/14 5197/5184/14 5195/5182/14
f 5198/5183/14 5200/5185/14 5199/5186/14 5197/5184/14
f 5200/5185/14 5202/5187/14 5201/5188/14 5199/5186/14
f 5202/5187/14 5204/5189/14 5203/5190/14 5201/5188/14
f 5204/5189/14 5206/5191/14 5205/5192/14 5203/5190/14
f 5206/5191/14 5208/5193/14 5207/5194/14 5205/5192/14
f 5208/5193/14 5210/5195/14 5209/5196/14 5207/5194/14
f 5210/5195/14 5212/5197/14 5211/5198/14 5209/5196/14
f 5212/5197/14 5214/5199/14 5213/5200/14 5211/5198/14
f 5214/5199/14 5216/5201/14 5215/5202/14 5213/5200/14
f 5216/5201/14 5218/5203/14 5217/5204/14 5215/5202/14
f 5218/5203/14 5220/5205/14 5219/5206/14 5217/5204/14
f 5220/5205/14 5222/5207/14 5221/5208/14 5219/5206/14
f 5222/5207/14 5224/5209/14 5223/5210/14 5221/5208/14
f 5224/5209/14 5226/5211/14 5225/5212/14 5223/5210/14
f 5226/5211/14 5228/5213/14 5227/5214/14 5225/5212/14
f 5228/5213/14 5230/5215/14 5229/5216/14 5227/5214/14
f 5230/5215/14 5232/5217/14 5231/5218/14 5229/5216/14
f 5232/5217/14 5234/5219/14 5233/5220/14 5231/5218/14
f 5234/5219/14 5236/5221/14 5235/5222/14 5233/5220/14
f 5236/5221/14 5238/5223/14 5237/5224/14 5235/5222/14
f 5238/5223/14 5240/5225/14 5239/5226/14 5237/5224/14
f 5240/5225/14 5242/5227/14 5241/5228/14 5239/5226/14
f 5242/5227/14 5244/5229/14 5243/5230/14 5241/5228/14
f 5244/5229/14 5246/5231/14 5245/5232/14 5243/5230/14
f 5246/5231/14 5248/5233/14 5247/5234/14 5245/5232/14
f 5248/5233/14 5250/5235/14 5249/5236/14 5247/5234/14
f 5250/5235/14 5252/5237/14 5251/5238/14 5249/5236/14
f 5252/5237/14 5254/5239/14 5253/5240/14 5251/5238/14
f 5254/5239/14 5256/5241/14 5255/5242/14 5253/5240/14
f 5256/5241/14 5258/5243/14 5257/5244/14 5255/5242/14
f 5258/5243/14 5260/5245/14 5259/5246/14 5257/5244/14
f 5260/5245/14 5262/5247/14 5261/5248/14 5259/5246/14
f 5262/5247/14 5264/5249/14 5263/5250/14 5261/5248/14
f 5264/5249/14 5266/5251/14 5265/5252/14 5263/5250/14
f 5266/5251/14 5268/5253/14 5267/5254/14 5265/5252/14
f 5268/5253/14 5270/5255/14 5269/5256/14 5267/5254/14
f 5270/5255/14 5272/5257/14 5271/5258/14 5269/5256/14
f 5272/5257/14 5274/5259/14 5273/5260/14 5271/5258/14
f 5274/5259/14 5276/5261/14 5275/5262/14 5273/5260/14
f 5276/5261/14 5278/5263/14 5277/5264/14 5275/5262/14
f 5278/5263/14 5280/5265/14 5279/5266/14 5277/5264/14
f 5280/5265/14 5282/5267/14 5281/5268/14 5279/5266/14
f 5282/5267/14 5284/5269/14 5283/5270/14 5281/5268/14
f 5284/5269/14 5286/5271/14 5285/5272/14 5283/5270/14
f 5286/5271/14 5288/5273/14 5287/5274/14 5285/5272/14
f 5288/5273/14 5290/5275/14 5289/5276/14 5287/5274/14
f 5290/5275/14 5292/5277/14 5291/5278/14 5289/5276/14
f 5292/5277/14 5294/5279/14 5293/5280/14 5291/5278/14
f 5294/5279/14 5296/5281/14 5295/5282/14 5293/5280/14
f 5296/5281/14 5298/5283/14 5297/5284/14 5295/5282/14
f 5298/5283/14 5300/5285/14 5299/5286/14 5297/5284/14
f 5300/5285/14 5302/5287/14 5301/5288/14 5299/5286/14
f 5302/5287/14 5304/5289/14 5303/5290/14 5301/5288/14
f 5304/5289/14 5306/5291/14 5305/5292/14 5303/5290/14
f 5306/5291/14 5308/5293/14 5307/5294/14 5305/5292/14
f 5308/5293/14 5310/5295/14 5309/5296/14 5307/5294/14
f 5310/5295/14 5312/5297/14 5311/5298/14 5309/5296/14
f 5312/5297/14 5314/5299/14 5313/5300/14 5311/5298/14
f 5314/5299/14 5316/5301/14 5315/5302/14 5313/5300/14
f 5316/5301/14 5318/5303/14 5317/5304/14 5315/5302/14
f 5318/5303/14 5320/5305/14 5319/5306/14 5317/5304/14
f 5320/5305/14 5322/5307/14 5321/5308/14 5319/5306/14
f 5322/5307/14 5324/5309/14 5323/5310/14 5321/5308/14
f 5324/5309/14 5326/5311/14 5325/5312/14 5323/5310/14
f 5326/5311/14 5328/5313/14 5327/5314/14 5325/5312/14
f 5328/5313/14 5330/5315/14 5329/5316/14 5327/5314/14
f 5330/5315/14 5332/5317/14 5331/5318/14 5329/5316/14
f 5332/5317/14 5334/5319/14 5333/5320/14 5331/5318/14
f 5334/5319/14 5336/5321/14 5335/5322/14 5333/5320/14
f 5336/5321/14 5338/5323/14 5337/5324/14 5335/5322/14
f 5338/5323/14 5340/5325/14 5339/5326/14 5337/5324/14
f 5340/5325/14 5342/5327/14 5341/5328/14 5339/5326/14
f 5342/5327/14 5344/5329/14 5343/5330/14 5341/5328/14
f 5344/5329/14 5346/5331/14 5345/5332/14 5343/5330/14
f 5346/5331/14 5348/5333/14 5347/5334/14 5345/5332/14
f 5348/5333/14 5350/5335/14 5349/5336/14 5347/5334/14
f 5350/5335/14 5352/5337/14 5351/5338/14 5349/5336/14
f 5352/5337/14 5354/5339/14 5353/5340/14 5351/5338/14
f 5354/5339/14 5356/5341/14 5355/5342/14 5353/5340/14
f 5356/5341/14 5358/5343/14 5357/5344/14 5355/5342/14
f 5358/5343/14 5360/5345/14 5359/5346/14 5357/5344/14
f 5360/5345/14 5362/5347/14 5361/5348/14 5359/5346/14
f 5362/5347/14 5364/5349/14 5363/5350/14 5361/5348/14
f 5364/5349/14 5366/5351/14 5365/5352/14 5363/5350/14
f 5366/5351/14 5368/5353/14 5367/5354/14 5365/5352/14
f 5368/5353/14 5370/5355/14 5369/5356/14 5367/5354/14
f 5370/5355/14 5372/5357/14 5371/5358/14 5369/5356/14
f 5372/5357/14 5374/5359/14 5373/5360/14 5371/5358/14
f 5374/5359/14 5376/5361/14 5375/5362/14 5373/5360/14
f 5376/5361/14 5378/5363/14 5377/5364/14 5375/5362/14
f 5378/5363/14 5380/5365/14 5379/5366/14 5377/5364/14
f 5380/5365/14 5382/5367/14 5381/5368/14 5379/5366/14
f 5382/5367/14 5384/5369/14 5383/5370/14 5381/5368/14
f 5384/5369/14 5386/5371/14 5385/5372/14 5383/5370/14
f 5386/5371/14 5388/5373/14 5387/5374/14 5385/5372/14
f 5388/5373/14 5390/5375/14 5389/5376/14 5387/5374/14
f 5390/5375/14 5392/5377/14 5391/5378/14 5389/5376/14
f 5392/5377/14 5394/5379/14 5393/5380/14 5391/5378/14
f 5394/5379/14 5396/5381/14 5395/5382/14 5393/5380/14
f 5396/5381/14 5398/5383/14 5397/5384/14 5395/5382/14
f 5398/5383/14 5400/5385/14 5399/5386/14 5397/5384/14
f 5400/5385/14 5402/5387/14 5401/5388/14 5399/5386/14
f 5402/5387/14 5404/5389/14 5403/5390/14 5401/5388/14
f 5404/5389/14 5406/5391/14 5405/5392/14 5403/5390/14
f 5406/5391/14 5408/5393/14 5407/5394/14 5405/5392/14
f 5408/5393/14 5410/5395/14 5409/5396/14 5407/5394/14
f 5410/5395/14 5412/5397/14 5411/5398/14 5409/5396/14
f 5412/5397/14 5414/5399/14 5413/5400/14 5411/5398/14
f 5414/5399/14 5416/5401/14 5415/5402/14 5413/5400/14
f 5416/5401/14 5418/5403/14 5417/5404/14 5415/5402/14
f 5418/5403/14 5420/5405/14 5419/5406/14 5417/5404/14
f 5420/5405/14 5422/5407/14 5421/5408/14 5419/5406/14
f 5422/5407/14 5424/5409/14 5423/5410/14 5421/5408/14
f 5424/5409/14 5426/5411/14 5425/5412/14 5423/5410/14
f 5426/5411/14 5428/5413/14 5427/5414/14 5425/5412/14
f 5428/5413/14 5430/5415/14 5429/5416/14 5427/5414/14
f 5430/5415/14 5432/5417/14 5431/5418/14 5429/5416/14
f 5432/5417/14 5434/5419/14 5433/5420/14 5431/5418/14
f 5434/5419/14 5436/5421/14 5435/5422/14 5433/5420/14
f 5436/5421/14 5438/5423/14 5437/5424/14 5435/5422/14
f 5438/5423/14 5440/5425/14 5439/5426/14 5437/5424/14
f 5440/5425/14 5442/5427/14 5441/5428/14 5439/5426/14
f 5442/5427/14 5444/5429/14 5443/5430/14 5441/5428/14
f 5444/5429/14 5446/5431/14 5445/5432/14 5443/5430/14
f 5446/5431/14 5448/5433/14 5447/5434/14 5445/5432/14
f 5448/5433/14 5450/5435/14 5449/5436/14 5447/5434/14
f 5450/5435/14 5452/5437/14 5451/5438/14 5449/5436/14
f 5452/5437/14 5454/5439/14 5453/5440/14 5451/5438/14
f 5454/5439/14 5456/5441/14 5455/5442/14 5453/5440/14
f 5456/5441/14 5458/5443/14 5457/5444/14 5455/5442/14
f 5458/5443/14 5460/5445/14 5459/5446/14 5457/5444/14
f 5460/5445/14 5462/5447/14 5461/5448/14 5459/5446/14
f 5462/5447/14 5464/5449/14 5463/5450/14 5461/5448/14
f 5464/5449/14 5466/5451/14 5465/5452/14 5463/5450/14
f 5466/5451/14 5468/5453/14 5467/5454/14 5465/5452/14
f 5468/5453/14 5470/5455/14 5469/5456/14 5467/5454/14
f 5470/5455/14 5472/5457/14 5471/5458/14 5469/5456/14
f 5472/5457/14 5474/5459/14 5473/5460/14 5471/5458/14
f 5474/5459/14 5476/5461/14 5475/5462/14 5473/5460/14
f 5476/5461/14 5478/5463/14 5477/5464/14 5475/5462/14
f 5478/5463/14 5480/5465/14 5479/5466/14 5477/5464/14
f 5480/5465/14 5482/5467/14 5481/5468/14 5479/5466/14
f 5482/5467/14 5484/5469/14 5483/5470/14 5481/5468/14
f 5484/5469/14 5486/5471/14 5485/5472/14 5483/5470/14
f 5486/5471/14 5488/5473/14 5487/5474/14 5485/5472/14
f 5488/5473/14 5490/5475/14 5489/5476/14 5487/5474/14
f 5490/5475/14 5492/5477/14 5491/5478/14 5489/5476/14
f 5492/5477/14 5494/5479/14 5493/5480/14 5491/5478/14
f 5494/5479/14 5496/5481/14 5495/5482/14 5493/5480/14
f 5496/5481/14 5498/5483/14 5497/5484/14 5495/5482/14
f 5498/5483/14 5500/5485/14 5499/5486/14 5497/5484/14
f 5500/5485/14 5502/5487/14 5501/5488/14 5499/5486/14
f 5502/5487/14 5504/5489/14 5503/5490/14 5501/5488/14
f 5504/5489/14 5506/5491/14 5505/5492/14 5503/5490/14
f 5506/5491/14 5508/5493/14 5507/5494/14 5505/5492/14
f 5508/5493/14 5510/5495/14 5509/5496/14 5507/5494/14
f 5510/5495/14 5512/5497/14 5511/5498/14 5509/5496/14
f 5512/5497/14 5514/5499/14 5513/5500/14 5511/5498/14
f 5514/5499/14 5516/5501/14 5515/5502/14 5513/5500/14
f 5516/5501/14 5518/5503/14 5517/5504/14 5515/5502/14
f 5518/5503/14 5520/5505/14 5519/5506/14 5517/5504/14
f 5520/5505/14 5522/5507/14 5521/5508/14 5519/5506/14
f 5522/5507/14 5524/5509/14 5523/5510/14 5521/5508/14
f 5524/5509/14 5526/5511/14 5525/5512/14 5523/5510/14
f 5526/5511/14 5528/5513/14 5527/5514/14 5525/5512/14
f 5528/5513/14 5530/5515/14 5529/5516/14 5527/5514/14
f 5530/5515/14 5532/5517/14 5531/5518/14 5529/5516/14
f 5532/5517/14 5534/5519/14 5533/5520/14 5531/5518/14
f 5534/5519/14 5536/5521/14 5535/5522/14 5533/5520/14
f 5536/5521/14 5538/5523/14 5537/5524/14 5535/5522/14
f 5538/5523/14 5540/5525/14 5539/5526/14 5537/5524/14
f 5540/5525/14 5542/5527/14 5541/5528/14 5539/5526/14
f 5542/5527/14 5544/5529/14 5543/5530/14 5541/5528/14
f 5544/5529/14 5546/5531/14 5545/5532/14 5543/5530/14
f 5546/5531/14 5548/5533/14 5547/5534/14 5545/5532/14
f 5548/5533/14 5550/5535/14 5549/5536/14 5547/5534/14
f 5550/5535/14 5552/5537/14 5551/5538/14 5549/5536/14
f 5552/5537/14 5554/5539/14 5553/5540/14 5551/5538/14
f 5554/5539/14 5556/5541/14 5555/5542/14 5553/5540/14
f 5556/5541/14 5558/5543/14 5557/5544/14 5555/5542/14
f 5558/5543/14 5560/5545/14 5559/5546/14 5557/5544/14
f 5560/5545/14 5562/5547/14 5561/5548/14 5559/5546/14
f 5562/5547/14 5564/5549/14 5563/5550/14 5561/5548/14
f 5564/5549/14 5566/5551/14 5565/5552/14 5563/5550/14
f 5566/5551/14 5568/5553/14 5567/5554/14 5565/5552/14
f 5568/5553/14 5570/5555/14 5569/5556/14 5567/5554/14
f 5570/5555/14 5572/5557/14 5571/5558/14 5569/5556/14
f 5572/5557/14 5574/5559/14 5573/5560/14 5571/5558/14
f 5574/5559/14 5576/5561/14 5575/5562/14 5573/5560/14
f 5576/5561/14 5578/5563/14 5577/5564/14 5575/5562/14
f 5578/5563/14 5580/5565/14 5579/5566/14 5577/5564/14
f 5580/5565/14 5582/5567/14 5581/5568/14 5579/5566/14
f 5582/5567/14 5584/5569/14 5583/5570/14 5581/5568/14
f 5584/5569/14 5586/5571/14 5585/5572/14 5583/5570/14
f 5586/5571/14 5588/5573/14 5587/5574/14 5585/5572/14
f 5588/5573/14 5590/5575/14 5589/5576/14 5587/5574/14
f 5590/5575/14 5592/5577/14 5591/5578/14 5589/5576/14
f 5592/5577/14 5594/5579/14 5593/5580/14 5591/5578/14
f 5594/5579/14 5596/5581/14 5595/5582/14 5593/5580/14
f 5596/5581/14 5598/5583/14 5597/5584/14 5595/5582/14
f 5598/5583/14 5600/5585/14 5599/5586/14 5597/5584/14
f 5600/5585/14 5602/5587/14 5601/5588/14 5599/5586/14
f 5602/5587/14 5604/5589/14 5603/5590/14 5601/5588/14
f 5604/5589/14 5606/5591/14 5605/5592/14 5603/5590/14
f 5606/5591/14 5608/5593/14 5607/5594/14 5605/5592/14
f 5608/5593/14 5610/5595/14 5609/5596/14 5607/5594/14
f 5610/5595/14 5612/5597/14 5611/5598/14 5609/5596/14
f 5612/5597/14 5614/5599/14 5613/5600/14 5611/5598/14
f 5614/5599/14 5616/5601/14 5615/5602/14 5613/5600/14
f 5616/5601/14 5618/5603/14 5617/5604/14 5615/5602/14
f 5618/5603/14 5620/5605/14 5619/5606/14 5617/5604/14
f 5620/5605/14 5622/5607/14 5621/5608/14 5619/5606/14
f 5622/5607/14 5624/5609/14 5623/5610/14 5621/5608/14
f 5624/5609/14 5626/5611/14 5625/5612/14 5623/5610/14
f 5626/5611/14 5628/5613/14 5627/5614/14 5625/5612/14
f 5628/5613/14 5630/5615/14 5629/5616/14 5627/5614/14
f 5630/5615/14 5632/5617/14 5631/5618/14 5629/5616/14
f 5632/5617/14 5634/5619/14 5633/5620/14 5631/5618/14
f 5634/5619/14 5636/5621/14 5635/5622/14 5633/5620/14
f 5636/5621/14 5638/5623/14 5637/5624/14 5635/5622/14
f 5638/5623/14 5640/5625/14 5639/5626/14 5637/5624/14
f 5640/5625/14 5642/5627/14 5641/5628/14 5639/5626/14
f 5642/5627/14 5644/5629/14 5643/5630/14 5641/5628/14
f 5644/5629/14 5646/5631/14 5645/5632/14 5643/5630/14
f 5646/5631/14 5648/5633/14 5647/5634/14 5645/5632/14
f 5648/5633/14 5650/5635/14 5649/5636/14 5647/5634/14
f 5650/5635/14 5652/5637/14 5651/5638/14 5649/5636/14
f 5652/5637/14 5654/5639/14 5653/5640/14 5651/5638/14
f 5654/5639/14 5656/5641/14 5655/5642/14 5653/5640/14
f 5656/5641/14 5658/5643/14 5657/5644/14 5655/5642/14
f 5658/5643/14 5660/5645/14 5659/5646/14 5657/5644/14
f 5660/5645/14 5662/5647/14 5661/5648/14 5659/5646/14
f 5662/5647/14 5664/5649/14 5663/5650/14 5661/5648/14
f 5664/5649/14 5666/5651/14 5665/5652/14 5663/5650/14
f 5666/5651/14 5668/5653/14 5667/5654/14 5665/5652/14
f 5668/5653/14 5670/5655/14 5669/5656/14 5667/5654/14
f 5670/5655/14 5672/5657/14 5671/5658/14 5669/5656/14
f 5672/5657/14 5674/5659/14 5673/5660/14 5671/5658/14
f 5674/5659/14 5676/5661/14 5675/5662/14 5673/5660/14
f 5676/5661/14 5678/5663/14 5677/5664/14 5675/5662/14
f 5678/5663/14 5680/5665/14 5679/5666/14 5677/5664/14
f 5680/5665/14 5682/5667/14 5681/5668/14 5679/5666/14
f 5682/5667/14 5684/5669/14 5683/5670/14 5681/5668/14
f 5684/5669/14 5686/5671/14 5685/5672/14 5683/5670/14
f 5686/5671/14 5688/5673/14 5687/5674/14 5685/5672/14
f 5688/5673/14 5690/5675/14 5689/5676/14 5687/5674/14
f 5690/5675/14 5692/5677/14 5691/5678/14 5689/5676/14
f 5692/5677/14 5694/5679/14 5693/5680/14 5691/5678/14
f 5694/5679/14 5696/5681/14 5695/5682/14 5693/5680/14
f 5696/5681/14 5698/5683/14 5697/5684/14 5695/5682/14
f 5698/5683/14 5700/5685/14 5699/5686/14 5697/5684/14
f 5700/5685/14 5702/5687/14 5701/5688/14 5699/5686/14
f 5702/5687/14 5704/5689/14 5703/5690/14 5701/5688/14
f 5704/5689/14 5706/5691/14 5705/5692/14 5703/5690/14
f 5706/5691/14 5708/5693/14 5707/5694/14 5705/5692/14
f 5708/5693/14 5710/5695/14 5709/5696/14 5707/5694/14
f 5710/5695/14 5712/5697/14 5711/5698/14 5709/5696/14
f 5712/5697/14 5714/5699/14 5713/5700/14 5711/5698/14
f 5714/5699/14 5716/5701/14 5715/5702/14 5713/5700/14
f 5716/5701/14 5718/5703/14 5717/5704/14 5715/5702/14
f 5718/5703/14 5720/5705/14 5719/5706/14 5717/5704/14
f 5720/5705/14 5722/5707/14 5721/5708/14 5719/5706/14
f 5722/5707/14 5724/5709/14 5723/5710/14 5721/5708/14
f 5724/5709/14 5726/5711/14 5725/5712/14 5723/5710/14
f 5726/5711/14 5728/5713/14 5727/5714/14 5725/5712/14
f 5728/5713/14 5730/5715/14 5729/5716/14 5727/5714/14
f 5730/5715/14 5732/5717/14 5731/5718/14 5729/5716/14
f 5732/5717/14 5734/5719/14 5733/5720/14 5731/5718/14
f 5734/5719/14 5736/5721/14 5735/5722/14 5733/5720/14
f 5736/5721/14 5738/5723/14 5737/5724/14 5735/5722/14
f 5738/5723/14 5740/5725/14 5739/5726/14 5737/5724/14
f 5740/5725/14 5742/5727/14 5741/5728/14 5739/5726/14
f 5742/5727/14 5744/5729/14 5743/5730/14 5741/5728/14
f 5744/5729/14 5746/5731/14 5745/5732/14 5743/5730/14
f 5746/5731/14 5748/5733/14 5747/5734/14 5745/5732/14
f 5748/5733/14 5750/5735/14 5749/5736/14 5747/5734/14
f 5750/5735/14 5752/5737/14 5751/5738/14 5749/5736/14
f 5752/5737/14 5754/5739/14 5753/5740/14 5751/5738/14
f 5754/5739/14 5756/5741/14 5755/5742/14 5753/5740/14
f 5756/5741/14 5758/5743/14 5757/5744/14 5755/5742/14
f 5758/5743/14 5760/5745/14 5759/5746/14 5757/5744/14
f 5760/5745/14 5762/5747/14 5761/5748/14 5759/5746/14
f 5762/5747/14 5764/5749/14 5763/5750/14 5761/5748/14
f 5764/5749/14 5766/5751/14 5765/5752/14 5763/5750/14
f 5766/5751/14 5768/5753/14 5767/5754/14 5765/5752/14
f 5768/5753/14 5770/5755/14 5769/5756/14 5767/5754/14
f 5770/5755/14 5772/5757/14 5771/5758/14 5769/5756/14
f 5772/5757/14 5774/5759/14 5773/5760/14 5771/5758/14
f 5774/5759/14 5776/5761/14 5775/5762/14 5773/5760/14
f 5776/5761/14 5778/5763/14 5777/5764/14 5775/5762/14
f 5778/5763/14 5780/5765/14 5779/5766/14 5777/5764/14
f 5780/5765/14 5782/5767/14 5781/5768/14 5779/5766/14
f 5782/5767/14 5784/5769/14 5783/5770/14 5781/5768/14
f 5784/5769/14 5786/5771/14 5785/5772/14 5783/5770/14
f 5786/5771/14 5788/5773/14 5787/5774/14 5785/5772/14
f 5788/5773/14 5790/5775/14 5789/5776/14 5787/5774/14
f 5790/5775/14 5792/5777/14 5791/5778/14 5789/5776/14
f 5792/5777/14 5794/5779/14 5793/5780/14 5791/5778/14
f 5794/5779/14 5796/5781/14 5795/5782/14 5793/5780/14
f 5796/5781/14 5798/5783/14 5797/5784/14 5795/5782/14
f 5798/5783/14 5800/5785/14 5799/5786/14 5797/5784/14
f 5800/5785/14 5802/5787/14 5801/5788/14 5799/5786/14
f 5802/5787/14 5804/5789/14 5803/5790/14 5801/5788/14
f 5804/5789/14 5806/5791/14 5805/5792/14 5803/5790/14
f 5806/5791/14 5808/5793/14 5807/5794/14 5805/5792/14
f 5808/5793/14 5810/5795/14 5809/5796/14 5807/5794/14
f 5810/5795/14 5812/5797/14 5811/5798/14 5809/5796/14
f 5812/5797/14 5814/5799/14 5813/5800/14 5811/5798/14
f 5814/5799/14 5816/5801/14 5815/5802/14 5813/5800/14
f 5816/5801/14 5818/5803/14 5817/5804/14 5815/5802/14
f 5818/5803/14 5820/5805/14 5819/5806/14 5817/5804/14
f 5820/5805/14 5822/5807/14 5821/5808/14 5819/5806/14
f 5822/5807/14 5824/5809/14 5823/5810/14 5821/5808/14
f 5824/5809/14 5826/5811/14 5825/5812/14 5823/5810/14
f 5826/5811/14 5828/5813/14 5827/5814/14 5825/5812/14
f 5828/5813/14 5830/5815/14 5829/5816/14 5827/5814/14
f 5830/5815/14 5832/5817/14 5831/5818/14 5829/5816/14
f 5832/5817/14 5834/5819/14 5833/5820/14 5831/5818/14
f 5834/5819/14 5836/5821/14 5835/5822/14 5833/5820/14
f 5836/5821/14 5838/5823/14 5837/5824/14 5835/5822/14
f 5838/5823/14 5840/5825/14 5839/5826/14 5837/5824/14
f 5840/5825/14 5842/5827/14 5841/5828/14 5839/5826/14
f 5842/5827/14 5844/5829/14 5843/5830/14 5841/5828/14
f 5844/5829/14 5846/5831/14 5845/5832/14 5843/5830/14
f 5846/5831/14 5848/5833/14 5847/5834/14 5845/5832/14
f 5848/5833/14 5850/5835/14 5849/5836/14 5847/5834/14
f 5850/5835/14 5852/5837/14 5851/5838/14 5849/5836/14
f 5852/5837/14 5854/5839/14 5853/5840/14 5851/5838/14
f 5854/5839/14 5856/5841/14 5855/5842/14 5853/5840/14
f 5856/5841/14 5858/5843/14 5857/5844/14 5855/5842/14
f 5858/5843/14 5860/5845/14 5859/5846/14 5857/5844/14
f 5860/5845/14 5862/5847/14 5861/5848/14 5859/5846/14
f 5862/5847/14 5864/5849/14 5863/5850/14 5861/5848/14
f 5864/5849/14 5866/5851/14 5865/5852/14 5863/5850/14
f 5866/5851/14 5868/5853/14 5867/5854/14 5865/5852/14
f 5868/5853/14 5870/5855/14 5869/5856/14 5867/5854/14
f 5870/5855/14 5872/5857/14 5871/5858/14 5869/5856/14
f 5872/5857/14 5874/5859/14 5873/5860/14 5871/5858/14
f 5874/5859/14 5876/5861/14 5875/5862/14 5873/5860/14
f 5876/5861/14 5878/5863/14 5877/5864/14 5875/5862/14
f 5878/5863/14 5880/5865/14 5879/5866/14 5877/5864/14
f 5880/5865/14 5882/5867/14 5881/5868/14 5879/5866/14
f 5882/5867/14 5884/5869/14 5883/5870/14 5881/5868/14
f 5884/5869/14 5886/5871/14 5885/5872/14 5883/5870/14
f 5886/5871/14 5888/5873/14 5887/5874/14 5885/5872/14
f 5888/5873/14 5890/5875/14 5889/5876/14 5887/5874/14
f 5890/5875/14 5892/5877/14 5891/5878/14 5889/5876/14
f 5892/5877/14 5894/5879/14 5893/5880/14 5891/5878/14
f 5894/5879/14 5896/5881/14 5895/5882/14 5893/5880/14
f 5896/5881/14 5898/5883/14 5897/5884/14 5895/5882/14
f 5898/5883/14 5900/5885/14 5899/5886/14 5897/5884/14
f 5900/5885/14 5902/5887/14 5901/5888/14 5899/5886/14
f 5902/5887/14 5904/5889/14 5903/5890/14 5901/5888/14
f 5904/5889/14 5906/5891/14 5905/5892/14 5903/5890/14
f 5906/5891/14 5908/5893/14 5907/5894/14 5905/5892/14
f 5908/5893/14 5910/5895/14 5909/5896/14 5907/5894/14
f 5910/5895/14 5912/5897/14 5911/5898/14 5909/5896/14
f 5912/5897/14 5914/5899/14 5913/5900/14 5911/5898/14
f 5914/5899/14 5916/5901/14 5915/5902/14 5913/5900/14
f 5916/5901/14 5918/5903/14 5917/5904/14 5915/5902/14
f 5918/5903/14 5920/5905/14 5919/5906/14 5917/5904/14
f 5920/5905/14 5922/5907/14 5921/5908/14 5919/5906/14
f 5922/5907/14 5924/5909/14 5923/5910/14 5921/5908/14
f 5924/5909/14 5926/5911/14 5925/5912/14 5923/5910/14
f 5926/5911/14 5928/5913/14 5927/5914/14 5925/5912/14
f 5928/5913/14 5930/5915/14 5929/5916/14 5927/5914/14
f 5930/5915/14 5932/5917/14 5931/5918/14 5929/5916/14
f 5932/5917/14 5934/5919/14 5933/5920/14 5931/5918/14
f 5934/5919/14 5936/5921/14 5935/5922/14 5933/5920/14
f 5936/5921/14 5938/5923/14 5937/5924/14 5935/5922/14
f 5938/5923/14 5940/5925/14 5939/5926/14 5937/5924/14
f 5940/5925/14 5942/5927/14 5941/5928/14 5939/5926/14
f 5942/5927/14 5944/5929/14 5943/5930/14 5941/5928/14
f 5944/5929/14 5946/5931/14 5945/5932/14 5943/5930/14
f 5946/5931/14 5948/5933/14 5947/5934/14 5945/5932/14
f 5948/5933/14 5950/5935/14 5949/5936/14 5947/5934/14
f 5950/5935/14 5952/5937/14 5951/5938/14 5949/5936/14
f 5952/5937/14 5954/5939/14 5953/5940/14 5951/5938/14
f 5954/5939/14 5956/5941/14 5955/5942/14 5953/5940/14
f 5956/5941/14 5958/5943/14 5957/5944/14 5955/5942/14
f 5958/5943/14 5960/5945/14 5959/5946/14 5957/5944/14
f 5960/5945/14 5962/5947/14 5961/5948/14 5959/5946/14
f 5962/5947/14 5964/5949/14 5963/5950/14 5961/5948/14
f 5964/5949/14 5966/5951/14 5965/5952/14 5963/5950/14
f 5966/5951/14 5968/5953/14 5967/5954/14 5965/5952/14
f 5968/5953/14 5970/5955/14 5969/5956/14 5967/5954/14
f 5970/5955/14 5972/5957/14 5971/5958/14 5969/5956/14
f 5972/5957/14 5974/5959/14 5973/5960/14 5971/5958/14
f 5974/5959/14 5976/5961/14 5975/5962/14 5973/5960/14
f 5976/5961/14 5978/5963/14 5977/5964/14 5975/5962/14
f 5978/5963/14 5980/5965/14 5979/5966/14 5977/5964/14
f 5980/5965/14 5982/5967/14 5981/5968/14 5979/5966/14
f 5982/5967/14 5984/5969/14 5983/5970/14 5981/5968/14
f 5984/5969/14 5986/5971/14 5985/5972/14 5983/5970/14
f 5986/5971/14 5988/5973/14 5987/5974/14 5985/5972/14
f 5988/5973/14 5990/5975/14 5989/5976/14 5987/5974/14
f 5990/5975/14 5992/5977/14 5991/5978/14 5989/5976/14
f 5992/5977/14 5994/5979/14 5993/5980/14 5991/5978/14
f 5994/5979/14 5996/5981/14 5995/5982/14 5993/5980/14
f 5996/5981/14 5998/5983/14 5997/5984/14 5995/5982/14
f 5998/5983/14 6000/5985/14 5999/5986/14 5997/5984/14
f 6000/5985/14 6002/5987/14 6001/5988/14 5999/5986/14
f 6002/5987/14 6004/5989/14 6003/5990/14 6001/5988/14
f 6004/5989/14 6006/5991/14 6005/5992/14 6003/5990/14
f 6006/5991/14 6008/5993/14 6007/5994/14 6005/5992/14
f 6008/5993/14 6010/5995/14 6009/5996/14 6007/5994/14
f 6010/5995/14 6012/5997/14 6011/5998/14 6009/5996/14
f 6012/5997/14 6014/5999/14 6013/6000/14 6011/5998/14
f 6014/5999/14 6016/6001/14 6015/6002/14 6013/6000/14
f 6016/6001/14 6018/6003/14 6017/6004/14 6015/6002/14
f 6018/6003/14 6020/6005/14 6019/6006/14 6017/6004/14
f 6020/6005/14 6022/6007/14 6021/6008/14 6019/6006/14
f 6022/6007/14 6024/6009/14 6023/6010/14 6021/6008/14
f 6024/6009/14 6026/6011/14 6025/6012/14 6023/6010/14
f 6026/6011/14 6028/6013/14 6027/6014/14 6025/6012/14
f 6028/6013/14 6030/6015/14 6029/6016/14 6027/6014/14
f 6030/6015/14 6032/6017/14 6031/6018/14 6029/6016/14
f 6032/6017/14 6034/6019/14 6033/6020/14 6031/6018/14
f 6034/6019/14 6036/6021/14 6035/6022/14 6033/6020/14
f 6036/6021/14 6038/6023/14 6037/6024/14 6035/6022/14
f 6038/6023/14 6040/6025/14 6039/6026/14 6037/6024/14
f 6040/6025/14 6042/6027/14 6041/6028/14 6039/6026/14
f 6042/6027/14 6044/6029/14 6043/6030/14 6041/6028/14
f 6044/6029/14 6046/6031/14 6045/6032/14 6043/6030/14
f 6046/6031/14 6048/6033/14 6047/6034/14 6045/6032/14
f 6048/6033/14 6050/6035/14 6049/6036/14 6047/6034/14
f 6050/6035/14 6052/6037/14 6051/6038/14 6049/6036/14
f 6052/6037/14 6054/6039/14 6053/6040/14 6051/6038/14
f 6054/6039/14 6056/6041/14 6055/6042/14 6053/6040/14
f 6056/6041/14 6058/6043/14 6057/6044/14 6055/6042/14
f 6058/6043/14 6060/6045/14 6059/6046/14 6057/6044/14
f 6060/6045/14 6062/6047/14 6061/6048/14 6059/6046/14
f 6062/6047/14 6064/6049/14 6063/6050/14 6061/6048/14
f 6064/6049/14 6066/6051/14 6065/6052/14 6063/6050/14
f 6066/6051/14 6068/6053/14 6067/6054/14 6065/6052/14
f 6068/6053/14 6070/6055/14 6069/6056/14 6067/6054/14
f 6070/6055/14 6072/6057/14 6071/6058/14 6069/6056/14
f 6072/6057/14 6074/6059/14 6073/6060/14 6071/6058/14
f 6074/6059/14 6076/6061/14 6075/6062/14 6073/6060/14
f 6076/6061/14 6078/6063/14 6077/6064/14 6075/6062/14
f 6078/6063/14 6080/6065/14 6079/6066/14 6077/6064/14
f 6080/6065/14 6082/6067/14 6081/6068/14 6079/6066/14
f 6082/6067/14 6084/6069/14 6083/6070/14 6081/6068/14
f 6084/6069/14 6086/6071/14 6085/6072/14 6083/6070/14
f 6086/6071/14 6088/6073/14 6087/6074/14 6085/6072/14
f 6088/6073/14 6090/6075/14 6089/6076/14 6087/6074/14
f 6090/6075/14 6092/6077/14 6091/6078/14 6089/6076/14
f 6092/6077/14 6094/6079/14 6093/6080/14 6091/6078/14
f 6094/6079/14 6096/6081/14 6095/6082/14 6093/6080/14
f 6096/6081/14 6098/6083/14 6097/6084/14 6095/6082/14
f 6098/6083/14 6100/6085/14 6099/6086/14 6097/6084/14
f 6100/6085/14 6102/6087/14 6101/6088/14 6099/6086/14
f 6102/6087/14 6104/6089/14 6103/6090/14 6101/6088/14
f 6104/6089/14 6106/6091/14 6105/6092/14 6103/6090/14
f 6106/6091/14 6108/6093/14 6107/6094/14 6105/6092/14
f 6108/6093/14 6110/6095/14 6109/6096/14 6107/6094/14
f 6110/6095/14 6112/6097/14 6111/6098/14 6109/6096/14
f 6112/6097/14 6114/6099/14 6113/6100/14 6111/6098/14
f 6114/6099/14 6116/6101/14 6115/6102/14 6113/6100/14
f 6116/6101/14 6118/6103/14 6117/6104/14 6115/6102/14
f 6118/6103/14 6120/6105/14 6119/6106/14 6117/6104/14
f 6120/6105/14 6122/6107/14 6121/6108/14 6119/6106/14
f 6122/6107/14 6124/6109/14 6123/6110/14 6121/6108/14
f 6124/6109/14 6126/6111/14 6125/6112/14 6123/6110/14
f 6126/6111/14 6128/6113/14 6127/6114/14 6125/6112/14
f 6128/6113/14 6130/6115/14 6129/6116/14 6127/6114/14
f 6130/6115/14 6132/6117/14 6131/6118/14 6129/6116/14
f 6132/6117/14 6134/6119/14 6133/6120/14 6131/6118/14
f 6134/6119/14 6136/6121/14 6135/6122/14 6133/6120/14
f 6136/6121/14 6138/6123/14 6137/6124/14 6135/6122/14
f 6138/6123/14 6140/6125/14 6139/6126/14 6137/6124/14
f 6140/6125/14 6142/6127/14 6141/6128/14 6139/6126/14
f 6142/6127/14 6144/6129/14 6143/6130/14 6141/6128/14
f 6144/6129/14 6146/6131/14 6145/6132/14 6143/6130/14
f 6146/6131/14 6148/6133/14 6147/6134/14 6145/6132/14
f 6148/6133/14 6150/6135/14 6149/6136/14 6147/6134/14
f 6150/6135/14 6152/6137/14 6151/6138/14 6149/6136/14
f 6152/6137/14 6154/6139/14 6153/6140/14 6151/6138/14
f 6154/6139/14 6156/6141/14 6155/6142/14 6153/6140/14
f 6156/6141/14 6158/6143/14 6157/6144/14 6155/6142/14
f 6158/6143/14 6160/6145/14 6159/6146/14 6157/6144/14
f 6160/6145/14 6162/6147/14 6161/6148/14 6159/6146/14
f 6162/6147/14 6164/6149/14 6163/6150/14 6161/6148/14
f 6164/6149/14 6166/6151/14 6165/6152/14 6163/6150/14
f 6166/6151/14 6168/6153/14 6167/6154/14 6165/6152/14
f 6168/6153/14 6170/6155/14 6169/6156/14 6167/6154/14
f 6170/6155/14 6172/6157/14 6171/6158/14 6169/6156/14
f 6172/6157/14 6174/6159/14 6173/6160/14 6171/6158/14
f 6174/6159/14 6176/6161/14 6175/6162/14 6173/6160/14
f 6176/6161/14 6178/6163/14 6177/6164/14 6175/6162/14
f 6178/6163/14 6180/6165/14 6179/6166/14 6177/6164/14
f 6180/6165/14 6182/6167/14 6181/6168/14 6179/6166/14
f 6182/6167/14 6184/6169/14 6183/6170/14 6181/6168/14
f 6184/6169/14 6186/6171/14 6185/6172/14 6183/6170/14
f 6186/6171/14 6188/6173/14 6187/6174/14 6185/6172/14
f 6188/6173/14 6190/6175/14 6189/6176/14 6187/6174/14
f 6190/6175/14 6192/6177/14 6191/6178/14 6189/6176/14
f 6192/6177/14 6194/6179/14 6193/6180/14 6191/6178/14
f 6194/6179/14 6196/6181/14 6195/6182/14 6193/6180/14
f 6196/6181/14 6198/6183/14 6197/6184/14 6195/6182/14
f 6198/6183/14 6200/6185/14 6199/6186/14 6197/6184/14
f 6200/6185/14 6202/6187/14 6201/6188/14 6199/6186/14
f 6202/6187/14 6204/6189/14 6203/6190/14 6201/6188/14
f 6204/6189/14 6206/6191/14 6205/6192/14 6203/6190/14
f 6206/6191/14 6208/6193/14 6207/6194/14 6205/6192/14
f 6208/6193/14 6210/6195/14 6209/6196/14 6207/6194/14
f 6210/6195/14 6212/6197/14 6211/6198/14 6209/6196/14
f 6212/6197/14 6214/6199/14 6213/6200/14 6211/6198/14
f 6214/6199/14 6216/6201/14 6215/6202/14 6213/6200/14
f 6216/6201/14 6218/6203/14 6217/6204/14 6215/6202/14
f 6218/6203/14 6220/6205/14 6219/6206/14 6217/6204/14
f 6220/6205/14 6222/6207/14 6221/6208/14 6219/6206/14
f 6222/6207/14 6224/6209/14 6223/6210/14 6221/6208/14
f 6224/6209/14 6226/6211/14 6225/6212/14 6223/6210/14
f 6226/6211/14 6228/6213/14 6227/6214/14 6225/6212/14
f 6228/6213/14 6230/6215/14 6229/6216/14 6227/6214/14
f 6230/6215/14 6232/6217/14 6231/6218/14 6229/6216/14
f 6232/6217/14 6234/6219/14 6233/6220/14 6231/6218/14
f 6234/6219/14 6236/6221/14 6235/6222/14 6233/6220/14
f 6236/6221/14 6238/6223/14 6237/6224/14 6235/6222/14
f 6238/6223/14 6240/6225/14 6239/6226/14 6237/6224/14
f 6240/6225/14 6242/6227/14 6241/6228/14 6239/6226/14
f 6242/6227/14 6244/6229/14 6243/6230/14 6241/6228/14
f 6244/6229/14 6246/6231/14 6245/6232/14 6243/6230/14
f 6246/6231/14 6248/6233/14 6247/6234/14 6245/6232/14
f 6248/6233/14 6250/6235/14 6249/6236/14 6247/6234/14
f 6250/6235/14 6252/6237/14 6251/6238/14 6249/6236/14
f 6252/6237/14 6254/6239/14 6253/6240/14 6251/6238/14
f 6254/6239/14 6256/6241/14 6255/6242/14 6253/6240/14
f 6256/6241/14 6258/6243/14 6257/6244/14 6255/6242/14
f 6258/6243/14 6260/6245/14 6259/6246/14 6257/6244/14
f 6260/6245/14 6262/6247/14 6261/6248/14 6259/6246/14
f 6262/6247/14 6264/6249/14 6263/6250/14 6261/6248/14
f 6264/6249/14 6266/6251/14 6265/6252/14 6263/6250/14
f 6266/6251/14 6268/6253/14 6267/6254/14 6265/6252/14
f 6268/6253/14 6270/6255/14 6269/6256/14 6267/6254/14
f 6270/6255/14 6272/6257/14 6271/6258/14 6269/6256/14
f 6272/6257/14 6274/6259/14 6273/6260/14 6271/6258/14
f 6274/6259/14 6276/6261/14 6275/6262/14 6273/6260/14
f 6276/6261/14 6278/6263/14 6277/6264/14 6275/6262/14
f 6278/6263/14 6280/6265/14 6279/6266/14 6277/6264/14
f 6280/6265/14 6282/6267/14 6281/6268/14 6279/6266/14
f 6282/6267/14 6284/6269/14 6283/6270/14 6281/6268/14
f 6284/6269/14 6286/6271/14 6285/6272/14 6283/6270/14
f 6286/6271/14 6288/6273/14 6287/6274/14 6285/6272/14
f 6288/6273/14 6290/6275/14 6289/6276/14 6287/6274/14
f 6290/6275/14 6292/6277/14 6291/6278/14 6289/6276/14
f 6292/6277/14 6294/6279/14 6293/6280/14 6291/6278/14
f 6294/6279/14 6296/6281/14 6295/6282/14 6293/6280/14
f 6296/6281/14 6298/6283/14 6297/6284/14 6295/6282/14
f 6298/6283/14 6300/6285/14 6299/6286/14 6297/6284/14
f 6300/6285/14 6302/6287/14 6301/6288/14 6299/6286/14
f 6302/6287/14 6304/6289/14 6303/6290/14 6301/6288/14
f 6304/6289/14 6306/6291/14 6305/6292/14 6303/6290/14
f 6306/6291/14 6308/6293/14 6307/6294/14 6305/6292/14
f 6308/6293/14 6310/6295/14 6309/6296/14 6307/6294/14
f 6310/6295/14 6312/6297/14 6311/6298/14 6309/6296/14
f 6312/6297/14 6314/6299/14 6313/6300/14 6311/6298/14
f 6314/6299/14 6316/6301/14 6315/6302/14 6313/6300/14
f 6316/6301/14 6318/6303/14 6317/6304/14 6315/6302/14
f 6318/6303/14 6320/6305/14 6319/6306/14 6317/6304/14
f 6320/6305/14 6322/6307/14 6321/6308/14 6319/6306/14
f 6322/6307/14 6324/6309/14 6323/6310/14 6321/6308/14
f 6324/6309/14 6326/6311/14 6325/6312/14 6323/6310/14
f 6326/6311/14 6328/6313/14 6327/6314/14 6325/6312/14
f 6328/6313/14 6330/6315/14 6329/6316/14 6327/6314/14
f 6330/6315/14 6332/6317/14 6331/6318/14 6329/6316/14
f 6332/6317/14 6334/6319/14 6333/6320/14 6331/6318/14
f 6334/6319/14 6336/6321/14 6335/6322/14 6333/6320/14
f 6336/6321/14 6338/6323/14 6337/6324/14 6335/6322/14
f 6338/6323/14 6340/6325/14 6339/6326/14 6337/6324/14
f 6340/6325/14 6342/6327/14 6341/6328/14 6339/6326/14
f 6342/6327/14 6344/6329/14 6343/6330/14 6341/6328/14
f 6344/6329/14 6346/6331/14 6345/6332/14 6343/6330/14
f 6346/6331/14 6348/6333/14 6347/6334/14 6345/6332/14
f 6348/6333/14 6350/6335/14 6349/6336/14 6347/6334/14
f 6350/6335/14 6352/6337/14 6351/6338/14 6349/6336/14
f 6352/6337/14 6354/6339/14 6353/6340/14 6351/6338/14
f 6354/6339/14 6356/6341/14 6355/6342/14 6353/6340/14
f 6356/6341/14 6358/6343/14 6357/6344/14 6355/6342/14
f 6358/6343/14 6360/6345/14 6359/6346/14 6357/6344/14
f 6360/6345/14 6362/6347/14 6361/6348/14 6359/6346/14
f 6362/6347/14 6364/6349/14 6363/6350/14 6361/6348/14
f 6364/6349/14 6366/6351/14 6365/6352/14 6363/6350/14
f 6366/6351/14 6368/6353/14 6367/6354/14 6365/6352/14
f 6368/6353/14 6370/6355/14 6369/6356/14 6367/6354/14
f 6370/6355/14 6372/6357/14 6371/6358/14 6369/6356/14
f 6372/6357/14 6374/6359/14 6373/6360/14 6371/6358/14
f 6374/6359/14 6376/6361/14 6375/6362/14 6373/6360/14
f 6376/6361/14 6378/6363/14 6377/6364/14 6375/6362/14
f 6378/6363/14 6380/6365/14 6379/6366/14 6377/6364/14
f 6380/6365/14 6382/6367/14 6381/6368/14 6379/6366/14
f 6382/6367/14 6384/6369/14 6383/6370/14 6381/6368/14
f 6384/6369/14 6386/6371/14 6385/6372/14 6383/6370/14
f 6386/6371/14 6388/6373/14 6387/6374/14 6385/6372/14
f 6388/6373/14 6390/6375/14 6389/6376/14 6387/6374/14
f 6390/6375/14 6392/6377/14 6391/6378/14 6389/6376/14
f 6392/6377/14 6394/6379/14 6393/6380/14 6391/6378/14
f 6394/6379/14 6396/6381/14 6395/6382/14 6393/6380/14
f 6396/6381/14 6398/6383/14 6397/6384/14 6395/6382/14
f 6398/6383/14 6400/6385/14 6399/6386/14 6397/6384/14
f 6400/6385/14 6402/6387/14 6401/6388/14 6399/6386/14
f 6402/6387/14 6404/6389/14 6403/6390/14 6401/6388/14
f 6404/6389/14 6406/6391/14 6405/6392/14 6403/6390/14
f 6406/6391/14 6408/6393/14 6407/6394/14 6405/6392/14
f 6408/6393/14 6410/6395/14 6409/6396/14 6407/6394/14
f 6410/6395/14 6412/6397/14 6411/6398/14 6409/6396/14
f 6412/6397/14 6414/6399/14 6413/6400/14 6411/6398/14
f 6414/6399/14 6416/6401/14 6415/6402/14 6413/6400/14
f 6416/6401/14 6418/6403/14 6417/6404/14 6415/6402/14
f 6418/6403/14 6420/6405/14 6419/6406/14 6417/6404/14
f 6420/6405/14 6422/6407/14 6421/6408/14 6419/6406/14
f 6422/6407/14 6424/6409/14 6423/6410/14 6421/6408/14
f 6424/6409/14 6426/6411/14 6425/6412/14 6423/6410/14
f 6426/6411/14 6428/6413/14 6427/6414/14 6425/6412/14
f 6428/6413/14 6430/6415/14 6429/6416/14 6427/6414/14
f 6430/6415/14 6432/6417/14 6431/6418/14 6429/6416/14
f 6432/6417/14 6434/6419/14 6433/6420/14 6431/6418/14
f 6434/6419/14 6436/6421/14 6435/6422/14 6433/6420/14
f 6436/6421/14 6438/6423/14 6437/6424/14 6435/6422/14
f 6438/6423/14 6440/6425/14 6439/6426/14 6437/6424/14
f 6440/6425/14 6442/6427/14 6441/6428/14 6439/6426/14
f 6442/6427/14 6444/6429/14 6443/6430/14 6441/6428/14
f 6444/6429/14 6446/6431/14 6445/6432/14 6443/6430/14
f 6446/6431/14 6448/6433/14 6447/6434/14 6445/6432/14
f 6448/6433/14 6450/6435/14 6449/6436/14 6447/6434/14
f 6450/6435/14 6452/6437/14 6451/6438/14 6449/6436/14
f 6452/6437/14 6454/6439/14 6453/6440/14 6451/6438/14
f 6454/6439/14 6456/6441/14 6455/6442/14 6453/6440/14
f 6456/6441/14 6458/6443/14 6457/6444/14 6455/6442/14
f 6458/6443/14 6460/6445/14 6459/6446/14 6457/6444/14
f 6460/6445/14 6462/6447/14 6461/6448/14 6459/6446/14
f 6462/6447/14 6464/6449/14 6463/6450/14 6461/6448/14
f 6464/6449/14 6466/6451/14 6465/6452/14 6463/6450/14
f 6466/6451/14 6468/6453/14 6467/6454/14 6465/6452/14
f 6468/6453/14 6470/6455/14 6469/6456/14 6467/6454/14
f 6470/6455/14 6472/6457/14 6471/6458/14 6469/6456/14
f 6472/6457/14 6474/6459/14 6473/6460/14 6471/6458/14
f 6474/6459/14 6476/6461/14 6475/6462/14 6473/6460/14
f 6476/6461/14 6478/6463/14 6477/6464/14 6475/6462/14
f 6478/6463/14 6480/6465/14 6479/6466/14 6477/6464/14
f 6480/6465/14 6482/6467/14 6481/6468/14 6479/6466/14
f 6482/6467/14 6484/6469/14 6483/6470/14 6481/6468/14
f 6484/6469/14 6486/6471/14 6485/6472/14 6483/6470/14
f 6486/6471/14 6488/6473/14 6487/6474/14 6485/6472/14
f 6488/6473/14 6490/6475/14 6489/6476/14 6487/6474/14
f 6490/6475/14 6492/6477/14 6491/6478/14 6489/6476/14
f 6492/6477/14 6494/6479/14 6493/6480/14 6491/6478/14
f 6494/6479/14 6496/6481/14 6495/6482/14 6493/6480/14
f 6496/6481/14 6498/6483/14 6497/6484/14 6495/6482/14
f 6498/6483/14 6500/6485/14 6499/6486/14 6497/6484/14
f 6500/6485/14 6502/6487/14 6501/6488/14 6499/6486/14
f 6502/6487/14 6504/6489/14 6503/6490/14 6501/6488/14
f 6504/6489/14 6506/6491/14 6505/6492/14 6503/6490/14
f 6506/6491/14 6508/6493/14 6507/6494/14 6505/6492/14
f 6508/6493/14 6510/6495/14 6509/6496/14 6507/6494/14
f 6510/6495/14 6512/6497/14 6511/6498/14 6509/6496/14
f 6512/6497/14 6514/6499/14 6513/6500/14 6511/6498/14
f 6514/6499/14 6516/6501/14 6515/6502/14 6513/6500/14
f 6516/6501/14 6518/6503/14 6517/6504/14 6515/6502/14
f 6518/6503/14 6520/6505/14 6519/6506/14 6517/6504/14
f 6520/6505/14 6522/6507/14 6521/6508/14 6519/6506/14
f 6522/6507/14 6524/6509/14 6523/6510/14 6521/6508/14
f 6524/6509/14 6526/6511/14 6525/6512/14 6523/6510/14
f 6526/6511/14 6528/6513/14 6527/6514/14 6525/6512/14
f 6528/6513/14 6530/6515/14 6529/6516/14 6527/6514/14
f 6530/6515/14 6532/6517/14 6531/6518/14 6529/6516/14
f 6532/6517/14 6534/6519/14 6533/6520/14 6531/6518/14
f 6534/6519/14 6536/6521/14 6535/6522/14 6533/6520/14
f 6536/6521/14 6538/6523/14 6537/6524/14 6535/6522/14
f 6538/6523/14 6540/6525/14 6539/6526/14 6537/6524/14
f 6540/6525/14 6542/6527/14 6541/6528/14 6539/6526/14
f 6542/6527/14 6544/6529/14 6543/6530/14 6541/6528/14
f 6544/6529/14 6546/6531/14 6545/6532/14 6543/6530/14
f 6546/6531/14 6548/6533/14 6547/6534/14 6545/6532/14
f 6548/6533/14 6550/6535/14 6549/6536/14 6547/6534/14
f 6550/6535/14 6552/6537/14 6551/6538/14 6549/6536/14
f 6552/6537/14 6554/6539/14 6553/6540/14 6551/6538/14
f 6554/6539/14 6556/6541/14 6555/6542/14 6553/6540/14
f 6556/6541/14 6558/6543/14 6557/6544/14 6555/6542/14
f 6558/6543/14 6560/6545/14 6559/6546/14 6557/6544/14
f 6560/6545/14 6562/6547/14 6561/6548/14 6559/6546/14
f 6562/6547/14 6564/6549/14 6563/6550/14 6561/6548/14
f 6564/6549/14 6566/6551/14 6565/6552/14 6563/6550/14
f 6566/6551/14 6568/6553/14 6567/6554/14 6565/6552/14
f 6568/6553/14 6570/6555/14 6569/6556/14 6567/6554/14
f 6570/6555/14 6572/6557/14 6571/6558/14 6569/6556/14
f 6572/6557/14 6574/6559/14 6573/6560/14 6571/6558/14
f 6574/6559/14 6576/6561/14 6575/6562/14 6573/6560/14
f 6576/6561/14 6578/6563/14 6577/6564/14 6575/6562/14
f 6578/6563/14 6580/6565/14 6579/6566/14 6577/6564/14
f 6580/6565/14 6582/6567/14 6581/6568/14 6579/6566/14
f 6582/6567/14 6584/6569/14 6583/6570/14 6581/6568/14
f 6584/6569/14 6586/6571/14 6585/6572/14 6583/6570/14
f 6586/6571/14 6588/6573/14 6587/6574/14 6585/6572/14
f 6588/6573/14 6590/6575/14 6589/6576/14 6587/6574/14
f 6590/6575/14 6592/6577/14 6591/6578/14 6589/6576/14
f 6592/6577/14 6594/6579/14 6593/6580/14 6591/6578/14
f 6594/6579/14 6596/6581/14 6595/6582/14 6593/6580/14
f 6596/6581/14 6598/6583/14 6597/6584/14 6595/6582/14
f 6598/6583/14 6600/6585/14 6599/6586/14 6597/6584/14
f 6600/6585/14 6602/6587/14 6601/6588/14 6599/6586/14
f 6602/6587/14 6604/6589/14 6603/6590/14 6601/6588/14
f 6604/6589/14 6606/6591/14 6605/6592/14 6603/6590/14
f 6606/6591/14 6608/6593/14 6607/6594/14 6605/6592/14
f 6608/6593/14 6610/6595/14 6609/6596/14 6607/6594/14
f 6610/6595/14 6612/6597/14 6611/6598/14 6609/6596/14
f 6612/6597/14 6614/6599/14 6613/6600/14 6611/6598/14
f 6614/6599/14 6616/6601/14 6615/6602/14 6613/6600/14
f 6616/6601/14 6618/6603/14 6617/6604/14 6615/6602/14
f 6618/6603/14 6620/6605/14 6619/6606/14 6617/6604/14
f 6620/6605/14 6622/6607/14 6621/6608/14 6619/6606/14
f 6622/6607/14 6624/6609/14 6623/6610/14 6621/6608/14
f 6624/6609/14 6626/6611/14 6625/6612/14 6623/6610/14
f 6626/6611/14 6628/6613/14 6627/6614/14 6625/6612/14
f 6628/6613/14 6630/6615/14 6629/6616/14 6627/6614/14
f 6630/6615/14 6632/6617/14 6631/6618/14 6629/6616/14
f 6632/6617/14 6634/6619/14 6633/6620/14 6631/6618/14
f 6634/6619/14 6636/6621/14 6635/6622/14 6633/6620/14
f 6636/6621/14 6638/6623/14 6637/6624/14 6635/6622/14
f 6638/6623/14 6640/6625/14 6639/6626/14 6637/6624/14
f 6640/6625/14 6642/6627/14 6641/6628/14 6639/6626/14
f 6642/6627/14 6644/6629/14 6643/6630/14 6641/6628/14
f 6644/6629/14 6646/6631/14 6645/6632/14 6643/6630/14
f 6646/6631/14 6648/6633/14 6647/6634/14 6645/6632/14
f 6648/6633/14 6650/6635/14 6649/6636/14 6647/6634/14
f 6650/6635/14 6652/6637/14 6651/6638/14 6649/6636/14
f 6652/6637/14 6654/6639/14 6653/6640/14 6651/6638/14
f 6654/6639/14 6656/6641/14 6655/6642/14 6653/6640/14
f 6656/6641/14 6658/6643/14 6657/6644/14 6655/6642/14
f 6658/6643/14 6660/6645/14 6659/6646/14 6657/6644/14
f 6660/6645/14 6662/6647/14 6661/6648/14 6659/6646/14
f 6662/6647/14 6664/6649/14 6663/6650/14 6661/6648/14
f 6664/6649/14 6666/6651/14 6665/6652/14 6663/6650/14
f 6666/6651/14 6668/6653/14 6667/6654/14 6665/6652/14
f 6668/6653/14 6670/6655/14 6669/6656/14 6667/6654/14
f 6670/6655/14 6672/6657/14 6671/6658/14 6669/6656/14
f 6672/6657/14 6674/6659/14 6673/6660/14 6671/6658/14
f 6674/6659/14 6676/6661/14 6675/6662/14 6673/6660/14
f 6676/6661/14 6678/6663/14 6677/6664/14 6675/6662/14
f 6678/6663/14 6680/6665/14 6679/6666/14 6677/6664/14
f 6680/6665/14 6682/6667/14 6681/6668/14 6679/6666/14
f 6682/6667/14 6684/6669/14 6683/6670/14 6681/6668/14
f 6684/6669/14 6686/6671/14 6685/6672/14 6683/6670/14
f 6686/6671/14 6688/6673/14 6687/6674/14 6685/6672/14
f 6688/6673/14 6690/6675/14 6689/6676/14 6687/6674/14
f 6690/6675/14 6692/6677/14 6691/6678/14 6689/6676/14
f 6692/6677/14 6694/6679/14 6693/6680/14 6691/6678/14
f 6694/6679/14 6696/6681/14 6695/6682/14 6693/6680/14
f 6696/6681/14 6698/6683/14 6697/6684/14 6695/6682/14
f 6698/6683/14 6700/6685/14 6699/6686/14 6697/6684/14
f 6700/6685/14 6702/6687/14 6701/6688/14 6699/6686/14
f 6702/6687/14 6704/6689/14 6703/6690/14 6701/6688/14
f 6704/6689/14 6706/6691/14 6705/6692/14 6703/6690/14
f 6706/6691/14 6708/6693/14 6707/6694/14 6705/6692/14
f 6708/6693/14 6710/6695/14 6709/6696/14 6707/6694/14
f 6710/6695/14 6712/6697/14 6711/6698/14 6709/6696/14
f 6712/6697/14 6714/6699/14 6713/6700/14 6711/6698/14
f 6714/6699/14 6716/6701/14 6715/6702/14 6713/6700/14
f 6716/6701/14 6718/6703/14 6717/6704/14 6715/6702/14
f 6718/6703/14 6720/6705/14 6719/6706/14 6717/6704/14
f 6720/6705/14 6722/6707/14 6721/6708/14 6719/6706/14
f 6722/6707/14 6724/6709/14 6723/6710/14 6721/6708/14
f 6724/6709/14 6726/6711/14 6725/6712/14 6723/6710/14
f 6726/6711/14 6728/6713/14 6727/6714/14 6725/6712/14
f 6728/6713/14 6730/6715/14 6729/6716/14 6727/6714/14
f 6730/6715/14 6732/6717/14 6731/6718/14 6729/6716/14
f 6732/6717/14 6734/6719/14 6733/6720/14 6731/6718/14
f 6734/6719/14 6736/6721/14 6735/6722/14 6733/6720/14
f 6736/6721/14 6738/6723/14 6737/6724/14 6735/6722/14
f 6738/6723/14 6740/6725/14 6739/6726/14 6737/6724/14
f 6740/6725/14 6742/6727/14 6741/6728/14 6739/6726/14
f 6742/6727/14 6744/6729/14 6743/6730/14 6741/6728/14
f 6744/6729/14 6746/6731/14 6745/6732/14 6743/6730/14
f 6746/6731/14 6748/6733/14 6747/6734/14 6745/6732/14
f 6748/6733/14 6750/6735/14 6749/6736/14 6747/6734/14
f 6750/6735/14 6752/6737/14 6751/6738/14 6749/6736/14
f 6752/6737/14 6754/6739/14 6753/6740/14 6751/6738/14
f 6754/6739/14 6756/6741/14 6755/6742/14 6753/6740/14
f 6756/6741/14 6758/6743/14 6757/6744/14 6755/6742/14
f 6758/6743/14 6760/6745/14 6759/6746/14 6757/6744/14
f 6760/6745/14 6762/6747/14 6761/6748/14 6759/6746/14
f 6762/6747/14 6764/6749/14 6763/6750/14 6761/6748/14
f 6764/6749/14 6766/6751/14 6765/6752/14 6763/6750/14
f 6766/6751/14 6768/6753/14 6767/6754/14 6765/6752/14
f 6768/6753/14 6770/6755/14 6769/6756/14 6767/6754/14
f 6770/6755/14 6772/6757/14 6771/6758/14 6769/6756/14
f 6772/6757/14 6774/6759/14 6773/6760/14 6771/6758/14
f 6774/6759/14 6776/6761/14 6775/6762/14 6773/6760/14
f 6776/6761/14 6778/6763/14 6777/6764/14 6775/6762/14
f 6778/6763/14 6780/6765/14 6779/6766/14 6777/6764/14
f 6780/6765/14 6782/6767/14 6781/6768/14 6779/6766/14
f 6782/6767/14 6784/6769/14 6783/6770/14 6781/6768/14
f 6784/6769/14 6786/6771/14 6785/6772/14 6783/6770/14
f 6786/6771/14 6788/6773/14 6787/6774/14 6785/6772/14
f 6788/6773/14 6790/6775/14 6789/6776/14 6787/6774/14
f 6790/6775/14 6792/6777/14 6791/6778/14 6789/6776/14
f 6792/6777/14 6794/6779/14 6793/6780/14 6791/6778/14
f 6794/6779/14 6796/6781/14 6795/6782/14 6793/6780/14
f 6796/6781/14 6798/6783/14 6797/6784/14 6795/6782/14
f 6798/6783/14 6800/6785/14 6799/6786/14 6797/6784/14
f 6800/6785/14 6802/6787/14 6801/6788/14 6799/6786/14
f 6802/6787/14 6804/6789/14 6803/6790/14 6801/6788/14
f 6804/6789/14 6806/6791/14 6805/6792/14 6803/6790/14
f 6806/6791/14 6808/6793/14 6807/6794/14 6805/6792/14
f 6808/6793/14 6810/6795/14 6809/6796/14 6807/6794/14
f 6810/6795/14 6812/6797/14 6811/6798/14 6809/6796/14
f 6812/6797/14 6814/6799/14 6813/6800/14 6811/6798/14
f 6814/6799/14 6816/6801/14 6815/6802/14 6813/6800/14
f 6816/6801/14 6818/6803/14 6817/6804/14 6815/6802/14
f 6818/6803/14 6820/6805/14 6819/6806/14 6817/6804/14
f 6820/6805/14 6822/6807/14 6821/6808/14 6819/6806/14
f 6822/6807/14 6824/6809/14 6823/6810/14 6821/6808/14
f 6824/6809/14 6826/6811/14 6825/6812/14 6823/6810/14
f 6826/6811/14 6828/6813/14 6827/6814/14 6825/6812/14
f 6828/6813/14 6830/6815/14 6829/6816/14 6827/6814/14
f 6830/6815/14 6832/6817/14 6831/6818/14 6829/6816/14
f 6832/6817/14 6834/6819/14 6833/6820/14 6831/6818/14
f 6834/6819/14 6836/6821/14 6835/6822/14 6833/6820/14
f 6836/6821/14 6838/6823/14 6837/6824/14 6835/6822/14
f 6838/6823/14 6840/6825/14 6839/6826/14 6837/6824/14
f 6840/6825/14 6842/6827/14 6841/6828/14 6839/6826/14
f 6842/6827/14 6844/6829/14 6843/6830/14 6841/6828/14
f 6844/6829/14 6846/6831/14 6845/6832/14 6843/6830/14
f 6846/6831/14 6848/6833/14 6847/6834/14 6845/6832/14
f 6848/6833/14 6850/6835/14 6849/6836/14 6847/6834/14
f 6850/6835/14 6852/6837/14 6851/6838/14 6849/6836/14
f 6852/6837/14 6854/6839/14 6853/6840/14 6851/6838/14
f 6854/6839/14 6856/6841/14 6855/6842/14 6853/6840/14
f 6856/6841/14 6858/6843/14 6857/6844/14 6855/6842/14
f 6858/6843/14 6860/6845/14 6859/6846/14 6857/6844/14
f 6860/6845/14 6862/6847/14 6861/6848/14 6859/6846/14
f 6862/6847/14 6864/6849/14 6863/6850/14 6861/6848/14
f 6864/6849/14 6866/6851/14 6865/6852/14 6863/6850/14
f 6866/6851/14 6868/6853/14 6867/6854/14 6865/6852/14
f 6868/6853/14 6870/6855/14 6869/6856/14 6867/6854/14
f 6870/6855/14 6872/6857/14 6871/6858/14 6869/6856/14
f 6872/6857/14 6874/6859/14 6873/6860/14 6871/6858/14
f 6874/6859/14 6876/6861/14 6875/6862/14 6873/6860/14
f 6876/6861/14 6878/6863/14 6877/6864/14 6875/6862/14
f 6878/6863/14 6880/6865/14 6879/6866/14 6877/6864/14
f 6880/6865/14 6882/6867/14 6881/6868/14 6879/6866/14
f 6882/6867/14 6884/6869/14 6883/6870/14 6881/6868/14
f 6884/6869/14 6886/6871/14 6885/6872/14 6883/6870/14
f 6886/6871/14 6888/6873/14 6887/6874/14 6885/6872/14
f 6888/6873/14 6890/6875/14 6889/6876/14 6887/6874/14
f 6890/6875/14 6892/6877/14 6891/6878/14 6889/6876/14
f 6892/6877/14 6894/6879/14 6893/6880/14 6891/6878/14
f 6894/6879/14 6896/6881/14 6895/6882/14 6893/6880/14
f 6896/6881/14 6898/6883/14 6897/6884/14 6895/6882/14
f 6898/6883/14 6900/6885/14 6899/6886/14 6897/6884/14
f 6900/6885/14 6902/6887/14 6901/6888/14 6899/6886/14
f 6902/6887/14 6904/6889/14 6903/6890/14 6901/6888/14
f 6904/6889/14 6906/6891/14 6905/6892/14 6903/6890/14
f 6906/6891/14 6908/6893/14 6907/6894/14 6905/6892/14
f 6908/6893/14 6910/6895/14 6909/6896/14 6907/6894/14
f 6910/6895/14 6912/6897/14 6911/6898/14 6909/6896/14
f 6912/6897/14 6914/6899/14 6913/6900/14 6911/6898/14
f 6914/6899/14 6916/6901/14 6915/6902/14 6913/6900/14
f 6916/6901/14 6918/6903/14 6917/6904/14 6915/6902/14
f 6918/6903/14 6920/6905/14 6919/6906/14 6917/6904/14
f 6920/6905/14 6922/6907/14 6921/6908/14 6919/6906/14
f 6922/6907/14 6924/6909/14 6923/6910/14 6921/6908/14
f 6924/6909/14 6926/6911/14 6925/6912/14 6923/6910/14
f 6926/6911/14 6928/6913/14 6927/6914/14 6925/6912/14
f 6928/6913/14 6930/6915/14 6929/6916/14 6927/6914/14
f 6930/6915/14 6932/6917/14 6931/6918/14 6929/6916/14
f 6932/6917/14 6934/6919/14 6933/6920/14 6931/6918/14
f 6934/6919/14 6936/6921/14 6935/6922/14 6933/6920/14
f 6936/6921/14 6938/6923/14 6937/6924/14 6935/6922/14
f 6938/6923/14 6940/6925/14 6939/6926/14 6937/6924/14
f 6940/6925/14 6942/6927/14 6941/6928/14 6939/6926/14
f 6942/6927/14 6944/6929/14 6943/6930/14 6941/6928/14
f 6944/6929/14 6946/6931/14 6945/6932/14 6943/6930/14
f 6946/6931/14 6948/6933/14 6947/6934/14 6945/6932/14
f 6948/6933/14 6950/6935/14 6949/6936/14 6947/6934/14
f 6950/6935/14 6952/6937/14 6951/6938/14 6949/6936/14
f 6952/6937/14 6954/6939/14 6953/6940/14 6951/6938/14
f 6954/6939/14 6956/6941/14 6955/6942/14 6953/6940/14
f 6956/6941/14 6958/6943/14 6957/6944/14 6955/6942/14
f 6958/6943/14 6960/6945/14 6959/6946/14 6957/6944/14
f 6960/6945/14 6962/6947/14 6961/6948/14 6959/6946/14
f 6962/6947/14 6964/6949/14 6963/6950/14 6961/6948/14
f 6964/6949/14 6966/6951/14 6965/6952/14 6963/6950/14
f 6966/6951/14 6968/6953/14 6967/6954/14 6965/6952/14
f 6968/6953/14 6970/6955/14 6969/6956/14 6967/6954/14
f 6970/6955/14 6972/6957/14 6971/6958/14 6969/6956/14
f 6972/6957/14 6974/6959/14 6973/6960/14 6971/6958/14
f 6974/6959/14 6976/6961/14 6975/6962/14 6973/6960/14
f 6976/6961/14 6978/6963/14 6977/6964/14 6975/6962/14
f 6978/6963/14 6980/6965/14 6979/6966/14 6977/6964/14
f 6980/6965/14 6982/6967/14 6981/6968/14 6979/6966/14
f 6982/6967/14 6984/6969/14 6983/6970/14 6981/6968/14
f 6984/6969/14 6986/6971/14 6985/6972/14 6983/6970/14
f 6986/6971/14 6988/6973/14 6987/6974/14 6985/6972/14
f 6988/6973/14 6990/6975/14 6989/6976/14 6987/6974/14
f 6990/6975/14 6992/6977/14 6991/6978/14 6989/6976/14
f 6992/6977/14 6994/6979/14 6993/6980/14 6991/6978/14
f 6994/6979/14 6996/6981/14 6995/6982/14 6993/6980/14
f 6996/6981/14 6998/6983/14 6997/6984/14 6995/6982/14
f 6998/6983/14 7000/6985/14 6999/6986/14 6997/6984/14
f 7000/6985/14 7002/6987/14 7001/6988/14 6999/6986/14
f 7002/6987/14 7004/6989/14 7003/6990/14 7001/6988/14
f 7004/6989/14 7006/6991/14 7005/6992/14 7003/6990/14
f 7006/6991/14 7008/6993/14 7007/6994/14 7005/6992/14
f 7008/6993/14 7010/6995/14 7009/6996/14 7007/6994/14
f 7010/6995/14 7012/6997/14 7011/6998/14 7009/6996/14
f 7012/6997/14 7014/6999/14 7013/7000/14 7011/6998/14
f 7014/6999/14 7016/7001/14 7015/7002/14 7013/7000/14
f 7016/7001/14 7018/7003/14 7017/7004/14 7015/7002/14
f 7018/7003/14 7020/7005/14 7019/7006/14 7017/7004/14
f 7020/7005/14 7022/7007/14 7021/7008/14 7019/7006/14
f 7022/7007/14 7024/7009/14 7023/7010/14 7021/7008/14
f 7024/7009/14 7026/7011/14 7025/7012/14 7023/7010/14
f 7026/7011/14 7028/7013/14 7027/7014/14 7025/7012/14
f 7028/7013/14 7030/7015/14 7029/7016/14 7027/7014/14
f 7030/7015/14 7032/7017/14 7031/7018/14 7029/7016/14
f 7032/7017/14 7034/7019/14 7033/7020/14 7031/7018/14
f 7034/7019/14 7036/7021/14 7035/7022/14 7033/7020/14
f 7036/7021/14 7038/7023/14 7037/7024/14 7035/7022/14
f 7038/7023/14 7040/7025/14 7039/7026/14 7037/7024/14
f 7040/7025/14 7042/7027/14 7041/7028/14 7039/7026/14
f 7042/7027/14 7044/7029/14 7043/7030/14 7041/7028/14
f 7044/7029/14 7046/7031/14 7045/7032/14 7043/7030/14
f 7046/7031/14 7048/7033/14 7047/7034/14 7045/7032/14
f 7048/7033/14 7050/7035/14 7049/7036/14 7047/7034/14
f 7050/7035/14 7052/7037/14 7051/7038/14 7049/7036/14
f 7052/7037/14 7054/7039/14 7053/7040/14 7051/7038/14
f 7054/7039/14 7056/7041/14 7055/7042/14 7053/7040/14
f 7056/7041/14 7058/7043/14 7057/7044/14 7055/7042/14
f 7058/7043/14 7060/7045/14 7059/7046/14 7057/7044/14
f 7060/7045/14 7062/7047/14 7061/7048/14 7059/7046/14
f 7062/7047/14 7064/7049/14 7063/7050/14 7061/7048/14
f 7064/7049/14 7066/7051/14 7065/7052/14 7063/7050/14
f 7066/7051/14 7068/7053/14 7067/7054/14 7065/7052/14
f 7068/7053/14 7070/7055/14 7069/7056/14 7067/7054/14
f 7070/7055/14 7072/7057/14 7071/7058/14 7069/7056/14
f 7072/7057/14 7074/7059/14 7073/7060/14 7071/7058/14
f 7074/7059/14 7076/7061/14 7075/7062/14 7073/7060/14
f 7076/7061/14 7078/7063/14 7077/7064/14 7075/7062/14
f 7078/7063/14 7080/7065/14 7079/7066/14 7077/7064/14
f 7080/7065/14 7082/7067/14 7081/7068/14 7079/7066/14
f 7082/7067/14 7084/7069/14 7083/7070/14 7081/7068/14
f 7084/7069/14 7086/7071/14 7085/7072/14 7083/7070/14
f 7086/7071/14 7088/7073/14 7087/7074/14 7085/7072/14
f 7088/7073/14 7090/7075/14 7089/7076/14 7087/7074/14
f 7090/7075/14 7092/7077/14 7091/7078/14 7089/7076/14
f 7092/7077/14 7094/7079/14 7093/7080/14 7091/7078/14
f 7094/7079/14 7096/7081/14 7095/7082/14 7093/7080/14
f 7096/7081/14 7098/7083/14 7097/7084/14 7095/7082/14
f 7098/7083/14 7100/7085/14 7099/7086/14 7097/7084/14
f 7100/7085/14 7102/7087/14 7101/7088/14 7099/7086/14
f 7102/7087/14 7104/7089/14 7103/7090/14 7101/7088/14
f 7104/7089/14 7106/7091/14 7105/7092/14 7103/7090/14
f 7106/7091/14 7108/7093/14 7107/7094/14 7105/7092/14
f 7108/7093/14 7110/7095/14 7109/7096/14 7107/7094/14
f 7110/7095/14 7112/7097/14 7111/7098/14 7109/7096/14
f 7112/7097/14 7114/7099/14 7113/7100/14 7111/7098/14
f 7114/7099/14 7116/7101/14 7115/7102/14 7113/7100/14
f 7116/7101/14 7118/7103/14 7117/7104/14 7115/7102/14
f 7118/7103/14 7120/7105/14 7119/7106/14 7117/7104/14
f 7120/7105/14 7122/7107/14 7121/7108/14 7119/7106/14
f 7122/7107/14 7124/7109/14 7123/7110/14 7121/7108/14
f 7124/7109/14 7126/7111/14 7125/7112/14 7123/7110/14
f 7126/7111/14 7128/7113/14 7127/7114/14 7125/7112/14
f 7128/7113/14 7130/7115/14 7129/7116/14 7127/7114/14
f 7130/7115/14 7132/7117/14 7131/7118/14 7129/7116/14
f 7132/7117/14 7134/7119/14 7133/7120/14 7131/7118/14
f 7134/7119/14 7136/7121/14 7135/7122/14 7133/7120/14
f 7136/7121/14 7138/7123/14 7137/7124/14 7135/7122/14
f 7138/7123/14 7140/7125/14 7139/7126/14 7137/7124/14
f 7140/7125/14 7142/7127/14 7141/7128/14 7139/7126/14
f 7142/7127/14 7144/7129/14 7143/7130/14 7141/7128/14
f 7144/7129/14 7146/7131/14 7145/7132/14 7143/7130/14
f 7146/7131/14 7148/7133/14 7147/7134/14 7145/7132/14
f 7148/7133/14 7150/7135/14 7149/7136/14 7147/7134/14
f 7150/7135/14 7152/7137/14 7151/7138/14 7149/7136/14
f 7152/7137/14 7154/7139/14 7153/7140/14 7151/7138/14
f 7154/7139/14 7156/7141/14 7155/7142/14 7153/7140/14
f 7156/7141/14 7158/7143/14 7157/7144/14 7155/7142/14
f 7158/7143/14 7160/7145/14 7159/7146/14 7157/7144/14
f 7160/7145/14 7162/7147/14 7161/7148/14 7159/7146/14
f 7162/7147/14 7164/7149/14 7163/7150/14 7161/7148/14
f 7164/7149/14 7166/7151/14 7165/7152/14 7163/7150/14
f 7166/7151/14 7168/7153/14 7167/7154/14 7165/7152/14
f 7168/7153/14 7170/7155/14 7169/7156/14 7167/7154/14
f 7170/7155/14 7172/7157/14 7171/7158/14 7169/7156/14
f 7172/7157/14 7174/7159/14 7173/7160/14 7171/7158/14
f 7174/7159/14 7176/7161/14 7175/7162/14 7173/7160/14
f 7176/7161/14 7178/7163/14 7177/7164/14 7175/7162/14
f 7178/7163/14 7180/7165/14 7179/7166/14 7177/7164/14
f 7180/7165/14 7182/7167/14 7181/7168/14 7179/7166/14
f 7182/7167/14 7184/7169/14 7183/7170/14 7181/7168/14
f 7184/7169/14 7186/7171/14 7185/7172/14 7183/7170/14
f 7186/7171/14 7188/7173/14 7187/7174/14 7185/7172/14
f 7188/7173/14 7190/7175/14 7189/7176/14 7187/7174/14
f 7190/7175/14 7192/7177/14 7191/7178/14 7189/7176/14
f 7192/7177/14 7194/7179/14 7193/7180/14 7191/7178/14
f 7194/7179/14 7196/7181/14 7195/7182/14 7193/7180/14
f 7196/7181/14 7198/7183/14 7197/7184/14 7195/7182/14
f 7198/7183/14 7200/7185/14 7199/7186/14 7197/7184/14
f 7200/7185/14 7202/7187/14 7201/7188/14 7199/7186/14
f 7202/7187/14 7204/7189/14 7203/7190/14 7201/7188/14
f 7204/7189/14 7206/7191/14 7205/7192/14 7203/7190/14
f 7206/7191/14 7208/7193/14 7207/7194/14 7205/7192/14
f 7208/7193/14 7210/7195/14 7209/7196/14 7207/7194/14
f 7210/7195/14 7212/7197/14 7211/7198/14 7209/7196/14
f 7212/7197/14 7214/7199/14 7213/7200/14 7211/7198/14
f 7214/7199/14 7216/7201/14 7215/7202/14 7213/7200/14
f 7216/7201/14 7218/7203/14 7217/7204/14 7215/7202/14
f 7218/7203/14 7220/7205/14 7219/7206/14 7217/7204/14
f 7220/7205/14 7222/7207/14 7221/7208/14 7219/7206/14
f 7222/7207/14 7224/7209/14 7223/7210/14 7221/7208/14
f 7224/7209/14 7226/7211/14 7225/7212/14 7223/7210/14
f 7226/7211/14 7228/7213/14 7227/7214/14 7225/7212/14
f 7228/7213/14 7230/7215/14 7229/7216/14 7227/7214/14
f 7230/7215/14 7232/7217/14 7231/7218/14 7229/7216/14
f 7232/7217/14 7234/7219/14 7233/7220/14 7231/7218/14
f 7234/7219/14 7236/7221/14 7235/7222/14 7233/7220/14
f 7236/7221/14 7238/7223/14 7237/7224/14 7235/7222/14
f 7238/7223/14 7240/7225/14 7239/7226/14 7237/7224/14
f 7240/7225/14 7242/7227/14 7241/7228/14 7239/7226/14
f 7242/7227/14 7244/7229/14 7243/7230/14 7241/7228/14
f 7244/7229/14 7246/7231/14 7245/7232/14 7243/7230/14
f 7246/7231/14 7248/7233/14 7247/7234/14 7245/7232/14
f 7248/7233/14 7250/7235/14 7249/7236/14 7247/7234/14
f 7250/7235/14 7252/7237/14 7251/7238/14 7249/7236/14
f 7252/7237/14 7254/7239/14 7253/7240/14 7251/7238/14
f 7254/7239/14 7256/7241/14 7255/7242/14 7253/7240/14
f 7256/7241/14 7258/7243/14 7257/7244/14 7255/7242/14
f 7258/7243/14 7260/7245/14 7259/7246/14 7257/7244/14
f 7260/7245/14 7262/7247/14 7261/7248/14 7259/7246/14
f 7262/7247/14 7264/7249/14 7263/7250/14 7261/7248/14
f 7264/7249/14 7266/7251/14 7265/7252/14 7263/7250/14
f 7266/7251/14 7268/7253/14 7267/7254/14 7265/7252/14
f 7268/7253/14 7270/7255/14 7269/7256/14 7267/7254/14
f 7270/7255/14 7272/7257/14 7271/7258/14 7269/7256/14
f 7272/7257/14 7274/7259/14 7273/7260/14 7271/7258/14
f 7274/7259/14 7276/7261/14 7275/7262/14 7273/7260/14
f 7276/7261/14 7278/7263/14 7277/7264/14 7275/7262/14
f 7278/7263/14 7280/7265/14 7279/7266/14 7277/7264/14
f 7280/7265/14 7282/7267/14 7281/7268/14 7279/7266/14
f 7282/7267/14 7284/7269/14 7283/7270/14 7281/7268/14
f 7284/7269/14 7286/7271/14 7285/7272/14 7283/7270/14
f 7286/7271/14 7288/7273/14 7287/7274/14 7285/7272/14
f 7288/7273/14 7290/7275/14 7289/7276/14 7287/7274/14
f 7290/7275/14 7292/7277/14 7291/7278/14 7289/7276/14
f 7292/7277/14 7294/7279/14 7293/7280/14 7291/7278/14
f 7294/7279/14 7296/7281/14 7295/7282/14 7293/7280/14
f 7296/7281/14 7298/7283/14 7297/7284/14 7295/7282/14
f 7298/7283/14 7300/7285/14 7299/7286/14 7297/7284/14
f 7300/7285/14 7302/7287/14 7301/7288/14 7299/7286/14
f 7302/7287/14 7304/7289/14 7303/7290/14 7301/7288/14
f 7304/7289/14 7306/7291/14 7305/7292/14 7303/7290/14
f 7306/7291/14 7308/7293/14 7307/7294/14 7305/7292/14
f 7308/7293/14 7310/7295/14 7309/7296/14 7307/7294/14
f 7310/7295/14 7312/7297/14 7311/7298/14 7309/7296/14
f 7312/7297/14 7314/7299/14 7313/7300/14 7311/7298/14
f 7314/7299/14 7316/7301/14 7315/7302/14 7313/7300/14
f 7316/7301/14 7318/7303/14 7317/7304/14 7315/7302/14
f 7318/7303/14 7320/7305/14 7319/7306/14 7317/7304/14
f 7320/7305/14 7322/7307/14 7321/7308/14 7319/7306/14
f 7322/7307/14 7324/7309/14 7323/7310/14 7321/7308/14
f 7324/7309/14 7326/7311/14 7325/7312/14 7323/7310/14
f 7326/7311/14 7328/7313/14 7327/7314/14 7325/7312/14
f 7328/7313/14 7330/7315/14 7329/7316/14 7327/7314/14
f 7330/7315/14 7332/7317/14 7331/7318/14 7329/7316/14
f 7332/7317/14 7334/7319/14 7333/7320/14 7331/7318/14
f 7334/7319/14 7336/7321/14 7335/7322/14 7333/7320/14
f 7336/7321/14 7338/7323/14 7337/7324/14 7335/7322/14
f 7338/7323/14 7340/7325/14 7339/7326/14 7337/7324/14
f 7340/7325/14 7342/7327/14 7341/7328/14 7339/7326/14
f 7342/7327/14 7344/7329/14 7343/7330/14 7341/7328/14
f 7344/7329/14 7346/7331/14 7345/7332/14 7343/7330/14
f 7346/7331/14 7348/7333/14 7347/7334/14 7345/7332/14
f 7348/7333/14 7350/7335/14 7349/7336/14 7347/7334/14
f 7350/7335/14 7352/7337/14 7351/7338/14 7349/7336/14
f 7352/7337/14 7354/7339/14 7353/7340/14 7351/7338/14
f 7354/7339/14 7356/7341/14 7355/7342/14 7353/7340/14
f 7356/7341/14 7358/7343/14 7357/7344/14 7355/7342/14
f 7358/7343/14 7360/7345/14 7359/7346/14 7357/7344/14
f 7360/7345/14 7362/7347/14 7361/7348/14 7359/7346/14
f 7362/7347/14 7364/7349/14 7363/7350/14 7361/7348/14
f 7364/7349/14 7366/7351/14 7365/7352/14 7363/7350/14
f 7366/7351/14 7368/7353/14 7367/7354/14 7365/7352/14
f 7368/7353/14 7370/7355/14 7369/7356/14 7367/7354/14
f 7370/7355/14 7372/7357/14 7371/7358/14 7369/7356/14
f 7372/7357/14 7374/7359/14 7373/7360/14 7371/7358/14
f 7374/7359/14 7376/7361/14 7375/7362/14 7373/7360/14
f 7376/7361/14 7378/7363/14 7377/7364/14 7375/7362/14
f 7378/7363/14 7380/7365/14 7379/7366/14 7377/7364/14
f 7380/7365/14 7382/7367/14 7381/7368/14 7379/7366/14
f 7382/7367/14 7384/7369/14 7383/7370/14 7381/7368/14
f 7384/7369/14 7386/7371/14 7385/7372/14 7383/7370/14
f 7386/7371/14 7388/7373/14 7387/7374/14 7385/7372/14
f 7388/7373/14 7390/7375/14 7389/7376/14 7387/7374/14
f 7390/7375/14 7392/7377/14 7391/7378/14 7389/7376/14
f 7392/7377/14 7394/7379/14 7393/7380/14 7391/7378/14
f 7394/7379/14 7396/7381/14 7395/7382/14 7393/7380/14
f 7396/7381/14 7398/7383/14 7397/7384/14 7395/7382/14
f 7398/7383/14 7400/7385/14 7399/7386/14 7397/7384/14
f 7400/7385/14 7402/7387/14 7401/7388/14 7399/7386/14
f 7402/7387/14 7404/7389/14 7403/7390/14 7401/7388/14
f 7404/7389/14 7406/7391/14 7405/7392/14 7403/7390/14
f 7406/7391/14 7408/7393/14 7407/7394/14 7405/7392/14
f 7408/7393/14 7410/7395/14 7409/7396/14 7407/7394/14
f 7410/7395/14 7412/7397/14 7411/7398/14 7409/7396/14
f 7412/7397/14 7414/7399/14 7413/7400/14 7411/7398/14
f 7414/7399/14 7416/7401/14 7415/7402/14 7413/7400/14
f 7416/7401/14 7418/7403/14 7417/7404/14 7415/7402/14
f 7418/7403/14 7420/7405/14 7419/7406/14 7417/7404/14
f 7420/7405/14 7422/7407/14 7421/7408/14 7419/7406/14
f 7422/7407/14 7424/7409/14 7423/7410/14 7421/7408/14
f 7424/7409/14 7426/7411/14 7425/7412/14 7423/7410/14
f 7426/7411/14 7428/7413/14 7427/7414/14 7425/7412/14
f 7428/7413/14 7430/7415/14 7429/7416/14 7427/7414/14
f 7430/7415/14 7432/7417/14 7431/7418/14 7429/7416/14
f 7432/7417/14 7434/7419/14 7433/7420/14 7431/7418/14
f 7434/7419/14 7436/7421/14 7435/7422/14 7433/7420/14
f 7436/7421/14 7438/7423/14 7437/7424/14 7435/7422/14
f 7438/7423/14 7440/7425/14 7439/7426/14 7437/7424/14
f 7440/7425/14 7442/7427/14 7441/7428/14 7439/7426/14
f 7442/7427/14 7444/7429/14 7443/7430/14 7441/7428/14
f 7444/7429/14 7446/7431/14 7445/7432/14 7443/7430/14
f 7446/7431/14 7448/7433/14 7447/7434/14 7445/7432/14
f 7448/7433/14 7450/7435/14 7449/7436/14 7447/7434/14
f 7450/7435/14 7452/7437/14 7451/7438/14 7449/7436/14
f 7452/7437/14 7454/7439/14 7453/7440/14 7451/7438/14
f 7454/7439/14 7456/7441/14 7455/7442/14 7453/7440/14
f 7456/7441/14 7458/7443/14 7457/7444/14 7455/7442/14
f 7458/7443/14 7460/7445/14 7459/7446/14 7457/7444/14
f 7460/7445/14 7462/7447/14 7461/7448/14 7459/7446/14
f 7462/7447/14 7464/7449/14 7463/7450/14 7461/7448/14
f 7464/7449/14 7466/7451/14 7465/7452/14 7463/7450/14
f 7466/7451/14 7468/7453/14 7467/7454/14 7465/7452/14
f 7468/7453/14 7470/7455/14 7469/7456/14 7467/7454/14
f 7470/7455/14 7472/7457/14 7471/7458/14 7469/7456/14
f 7472/7457/14 7474/7459/14 7473/7460/14 7471/7458/14
f 7474/7459/14 7476/7461/14 7475/7462/14 7473/7460/14
f 7476/7461/14 7478/7463/14 7477/7464/14 7475/7462/14
f 7478/7463/14 7480/7465/14 7479/7466/14 7477/7464/14
f 7480/7465/14 7482/7467/14 7481/7468/14 7479/7466/14
f 7482/7467/14 7484/7469/14 7483/7470/14 7481/7468/14
f 7484/7469/14 7486/7471/14 7485/7472/14 7483/7470/14
f 7486/7471/14 7488/7473/14 7487/7474/14 7485/7472/14
f 7488/7473/14 7490/7475/14 7489/7476/14 7487/7474/14
f 7490/7475/14 7492/7477/14 7491/7478/14 7489/7476/14
f 7492/7477/14 7494/7479/14 7493/7480/14 7491/7478/14
f 7494/7479/14 7496/7481/14 7495/7482/14 7493/7480/14
f 7496/7481/14 7498/7483/14 7497/7484/14 7495/7482/14
f 7498/7483/14 7500/7485/14 7499/7486/14 7497/7484/14
f 7500/7485/14 7502/7487/14 7501/7488/14 7499/7486/14
f 7502/7487/14 7504/7489/14 7503/7490/14 7501/7488/14
f 7504/7489/14 7506/7491/14 7505/7492/14 7503/7490/14
f 7506/7491/14 7508/7493/14 7507/7494/14 7505/7492/14
f 7508/7493/14 7510/7495/14 7509/7496/14 7507/7494/14
f 7510/7495/14 7512/7497/14 7511/7498/14 7509/7496/14
f 7512/7497/14 7514/7499/14 7513/7500/14 7511/7498/14
f 7514/7499/14 7516/7501/14 7515/7502/14 7513/7500/14
f 7516/7501/14 7518/7503/14 7517/7504/14 7515/7502/14
f 7518/7503/14 7520/7505/14 7519/7506/14 7517/7504/14
f 7520/7505/14 7522/7507/14 7521/7508/14 7519/7506/14
f 7522/7507/14 7524/7509/14 7523/7510/14 7521/7508/14
f 7524/7509/14 7526/7511/14 7525/7512/14 7523/7510/14
f 7526/7511/14 7528/7513/14 7527/7514/14 7525/7512/14
f 7528/7513/14 7530/7515/14 7529/7516/14 7527/7514/14
f 7530/7515/14 7532/7517/14 7531/7518/14 7529/7516/14
f 7532/7517/14 7534/7519/14 7533/7520/14 7531/7518/14
f 7534/7519/14 7536/7521/14 7535/7522/14 7533/7520/14
f 7536/7521/14 7538/7523/14 7537/7524/14 7535/7522/14
f 7538/7523/14 7540/7525/14 7539/7526/14 7537/7524/14
f 7540/7525/14 7542/7527/14 7541/7528/14 7539/7526/14
f 7542/7527/14 7544/7529/14 7543/7530/14 7541/7528/14
f 7544/7529/14 7546/7531/14 7545/7532/14 7543/7530/14
f 7546/7531/14 7548/7533/14 7547/7534/14 7545/7532/14
f 7548/7533/14 7550/7535/14 7549/7536/14 7547/7534/14
f 7550/7535/14 7552/7537/14 7551/7538/14 7549/7536/14
f 7552/7537/14 7554/7539/14 7553/7540/14 7551/7538/14
f 7554/7539/14 7556/7541/14 7555/7542/14 7553/7540/14
f 7556/7541/14 7558/7543/14 7557/7544/14 7555/7542/14
f 7558/7543/14 7560/7545/14 7559/7546/14 7557/7544/14
f 7560/7545/14 7562/7547/14 7561/7548/14 7559/7546/14
f 7562/7547/14 7564/7549/14 7563/7550/14 7561/7548/14
f 7564/7549/14 7566/7551/14 7565/7552/14 7563/7550/14
f 7566/7551/14 7568/7553/14 7567/7554/14 7565/7552/14
f 7568/7553/14 7570/7555/14 7569/7556/14 7567/7554/14
f 7570/7555/14 7572/7557/14 7571/7558/14 7569/7556/14
f 7572/7557/14 7574/7559/14 7573/7560/14 7571/7558/14
f 7574/7559/14 7576/7561/14 7575/7562/14 7573/7560/14
f 7576/7561/14 7578/7563/14 7577/7564/14 7575/7562/14
f 7578/7563/14 7580/7565/14 7579/7566/14 7577/7564/14
f 7580/7565/14 7582/7567/14 7581/7568/14 7579/7566/14
f 7582/7567/14 7584/7569/14 7583/7570/14 7581/7568/14
f 7584/7569/14 7586/7571/14 7585/7572/14 7583/7570/14
f 7586/7571/14 7588/7573/14 7587/7574/14 7585/7572/14
f 7588/7573/14 7590/7575/14 7589/7576/14 7587/7574/14
f 7590/7575/14 7592/7577/14 7591/7578/14 7589/7576/14
f 7592/7577/14 7594/7579/14 7593/7580/14 7591/7578/14
f 7594/7579/14 7596/7581/14 7595/7582/14 7593/7580/14
f 7596/7581/14 7598/7583/14 7597/7584/14 7595/7582/14
f 7598/7583/14 7600/7585/14 7599/7586/14 7597/7584/14
f 7600/7585/14 7602/7587/14 7601/7588/14 7599/7586/14
f 7602/7587/14 7604/7589/14 7603/7590/14 7601/7588/14
f 7604/7589/14 7606/7591/14 7605/7592/14 7603/7590/14
f 7606/7591/14 7608/7593/14 7607/7594/14 7605/7592/14
f 7608/7593/14 7610/7595/14 7609/7596/14 7607/7594/14
f 7610/7595/14 7612/7597/14 7611/7598/14 7609/7596/14
f 7612/7597/14 7614/7599/14 7613/7600/14 7611/7598/14
f 7614/7599/14 7616/7601/14 7615/7602/14 7613/7600/14
f 7616/7601/14 7618/7603/14 7617/7604/14 7615/7602/14
f 7618/7603/14 7620/7605/14 7619/7606/14 7617/7604/14
f 7620/7605/14 7622/7607/14 7621/7608/14 7619/7606/14
f 7622/7607/14 7624/7609/14 7623/7610/14 7621/7608/14
f 7624/7609/14 7626/7611/14 7625/7612/14 7623/7610/14
f 7626/7611/14 7628/7613/14 7627/7614/14 7625/7612/14
f 7628/7613/14 7630/7615/14 7629/7616/14 7627/7614/14
f 7630/7615/14 7632/7617/14 7631/7618/14 7629/7616/14
f 7632/7617/14 7634/7619/14 7633/7620/14 7631/7618/14
f 7634/7619/14 7636/7621/14 7635/7622/14 7633/7620/14
f 7636/7621/14 7638/7623/14 7637/7624/14 7635/7622/14
f 7638/7623/14 7640/7625/14 7639/7626/14 7637/7624/14
f 7640/7625/14 7642/7627/14 7641/7628/14 7639/7626/14
f 7642/7627/14 7644/7629/14 7643/7630/14 7641/7628/14
f 7644/7629/14 7646/7631/14 7645/7632/14 7643/7630/14
f 7646/7631/14 7648/7633/14 7647/7634/14 7645/7632/14
f 7648/7633/14 7650/7635/14 7649/7636/14 7647/7634/14
f 7650/7635/14 7652/7637/14 7651/7638/14 7649/7636/14
f 7652/7637/14 7654/7639/14 7653/7640/14 7651/7638/14
f 7654/7639/14 7656/7641/14 7655/7642/14 7653/7640/14
f 7656/7641/14 7658/7643/14 7657/7644/14 7655/7642/14
f 7658/7643/14 7660/7645/14 7659/7646/14 7657/7644/14
f 7660/7645/14 7662/7647/14 7661/7648/14 7659/7646/14
f 7662/7647/14 7664/7649/14 7663/7650/14 7661/7648/14
f 7664/7649/14 7666/7651/14 7665/7652/14 7663/7650/14
f 7666/7651/14 7668/7653/14 7667/7654/14 7665/7652/14
f 7668/7653/14 7670/7655/14 7669/7656/14 7667/7654/14
f 7670/7655/14 7672/7657/14 7671/7658/14 7669/7656/14
f 7672/7657/14 7674/7659/14 7673/7660/14 7671/7658/14
f 7674/7659/14 7676/7661/14 7675/7662/14 7673/7660/14
f 7676/7661/14 7678/7663/14 7677/7664/14 7675/7662/14
f 7678/7663/14 7680/7665/14 7679/7666/14 7677/7664/14
f 7680/7665/14 7682/7667/14 7681/7668/14 7679/7666/14
f 7682/7667/14 7684/7669/14 7683/7670/14 7681/7668/14
f 7684/7669/14 7686/7671/14 7685/7672/14 7683/7670/14
f 7686/7671/14 7688/7673/14 7687/7674/14 7685/7672/14
f 7688/7673/14 7690/7675/14 7689/7676/14 7687/7674/14
f 7690/7675/14 7692/7677/14 7691/7678/14 7689/7676/14
f 7692/7677/14 7694/7679/14 7693/7680/14 7691/7678/14
f 7694/7679/14 7696/7681/14 7695/7682/14 7693/7680/14
f 7696/7681/14 7698/7683/14 7697/7684/14 7695/7682/14
f 7698/7683/14 7700/7685/14 7699/7686/14 7697/7684/14
f 7700/7685/14 7702/7687/14 7701/7688/14 7699/7686/14
f 7702/7687/14 7704/7689/14 7703/7690/14 7701/7688/14
f 7704/7689/14 7706/7691/14 7705/7692/14 7703/7690/14
f 7706/7691/14 7708/7693/14 7707/7694/14 7705/7692/14
f 7708/7693/14 7710/7695/14 7709/7696/14 7707/7694/14
f 7710/7695/14 7712/7697/14 7711/7698/14 7709/7696/14
f 7712/7697/14 7714/7699/14 7713/7700/14 7711/7698/14
f 7714/7699/14 7716/7701/14 7715/7702/14 7713/7700/14
f 7716/7701/14 7718/7703/14 7717/7704/14 7715/7702/14
f 7718/7703/14 7720/7705/14 7719/7706/14 7717/7704/14
f 7720/7705/14 7722/7707/14 7721/7708/14 7719/7706/14
f 7722/7707/14 7724/7709/14 7723/7710/14 7721/7708/14
f 7724/7709/14 7726/7711/14 7725/7712/14 7723/7710/14
f 7726/7711/14 7728/7713/14 7727/7714/14 7725/7712/14
f 7728/7713/14 7730/7715/14 7729/7716/14 7727/7714/14
f 7730/7715/14 7732/7717/14 7731/7718/14 7729/7716/14
f 7732/7717/14 7734/7719/14 7733/7720/14 7731/7718/14
f 7734/7719/14 7736/7721/14 7735/7722/14 7733/7720/14
f 7736/7721/14 7738/7723/14 7737/7724/14 7735/7722/14
f 7738/7723/14 7740/7725/14 7739/7726/14 7737/7724/14
f 7740/7725/14 7742/7727/14 7741/7728/14 7739/7726/14
f 7742/7727/14 7744/7729/14 7743/7730/14 7741/7728/14
f 7744/7729/14 7746/7731/14 7745/7732/14 7743/7730/14
f 7746/7731/14 7748/7733/14 7747/7734/14 7745/7732/14
f 7748/7733/14 7750/7735/14 7749/7736/14 7747/7734/14
f 7750/7735/14 7752/7737/14 7751/7738/14 7749/7736/14
f 7752/7737/14 7754/7739/14 7753/7740/14 7751/7738/14
f 7754/7739/14 7756/7741/14 7755/7742/14 7753/7740/14
f 7756/7741/14 7758/7743/14 7757/7744/14 7755/7742/14
f 7758/7743/14 7760/7745/14 7759/7746/14 7757/7744/14
f 7760/7745/14 7762/7747/14 7761/7748/14 7759/7746/14
f 7762/7747/14 7764/7749/14 7763/7750/14 7761/7748/14
f 7764/7749/14 7766/7751/14 7765/7752/14 7763/7750/14
f 7766/7751/14 7768/7753/14 7767/7754/14 7765/7752/14
f 7768/7753/14 7770/7755/14 7769/7756/14 7767/7754/14
f 7770/7755/14 7772/7757/14 7771/7758/14 7769/7756/14
f 7772/7757/14 7774/7759/14 7773/7760/14 7771/7758/14
f 7774/7759/14 7776/7761/14 7775/7762/14 7773/7760/14
f 7776/7761/14 7778/7763/14 7777/7764/14 7775/7762/14
f 7778/7763/14 7780/7765/14 7779/7766/14 7777/7764/14
f 7780/7765/14 7782/7767/14 7781/7768/14 7779/7766/14
f 7782/7767/14 7784/7769/14 7783/7770/14 7781/7768/14
f 7784/7769/14 7786/7771/14 7785/7772/14 7783/7770/14
f 7786/7771/14 7788/7773/14 7787/7774/14 7785/7772/14
f 7788/7773/14 7790/7775/14 7789/7776/14 7787/7774/14
f 7790/7775/14 7792/7777/14 7791/7778/14 7789/7776/14
f 7792/7777/14 7794/7779/14 7793/7780/14 7791/7778/14
f 7794/7779/14 7796/7781/14 7795/7782/14 7793/7780/14
f 7796/7781/14 7798/7783/14 7797/7784/14 7795/7782/14
f 7798/7783/14 7800/7785/14 7799/7786/14 7797/7784/14
f 7800/7785/14 7802/7787/14 7801/7788/14 7799/7786/14
f 7802/7787/14 7804/7789/14 7803/7790/14 7801/7788/14
f 7804/7789/14 7806/7791/14 7805/7792/14 7803/7790/14
f 7806/7791/14 7808/7793/14 7807/7794/14 7805/7792/14
f 7808/7793/14 7810/7795/14 7809/7796/14 7807/7794/14
f 7810/7795/14 7812/7797/14 7811/7798/14 7809/7796/14
f 7812/7797/14 7814/7799/14 7813/7800/14 7811/7798/14
f 7814/7799/14 7816/7801/14 7815/7802/14 7813/7800/14
f 7816/7801/14 7818/7803/14 7817/7804/14 7815/7802/14
f 7818/7803/14 7820/7805/14 7819/7806/14 7817/7804/14
f 7820/7805/14 7822/7807/14 7821/7808/14 7819/7806/14
f 7822/7807/14 7824/7809/14 7823/7810/14 7821/7808/14
f 7824/7809/14 7826/7811/14 7825/7812/14 7823/7810/14
f 7826/7811/14 7828/7813/14 7827/7814/14 7825/7812/14
f 7828/7813/14 7830/7815/14 7829/7816/14 7827/7814/14
f 7830/7815/14 7832/7817/14 7831/7818/14 7829/7816/14
f 7832/7817/14 7834/7819/14 7833/7820/14 7831/7818/14
f 7834/7819/14 7836/7821/14 7835/7822/14 7833/7820/14
f 7836/7821/14 7838/7823/14 7837/7824/14 7835/7822/14
f 7838/7823/14 7840/7825/14 7839/7826/14 7837/7824/14
f 7840/7825/14 7842/7827/14 7841/7828/14 7839/7826/14
f 7842/7827/14 7844/7829/14 7843/7830/14 7841/7828/14
f 7844/7829/14 7846/7831/14 7845/7832/14 7843/7830/14
f 7846/7831/14 7848/7833/14 7847/7834/14 7845/7832/14
f 7848/7833/14 7850/7835/14 7849/7836/14 7847/7834/14
f 7850/7835/14 7852/7837/14 7851/7838/14 7849/7836/14
f 7852/7837/14 7854/7839/14 7853/7840/14 7851/7838/14
f 7854/7839/14 7856/7841/14 7855/7842/14 7853/7840/14
f 7856/7841/14 7858/7843/14 7857/7844/14 7855/7842/14
f 7858/7843/14 7860/7845/14 7859/7846/14 7857/7844/14
f 7860/7845/14 7862/7847/14 7861/7848/14 7859/7846/14
f 7862/7847/14 7864/7849/14 7863/7850/14 7861/7848/14
f 7864/7849/14 7866/7851/14 7865/7852/14 7863/7850/14
f 7866/7851/14 7868/7853/14 7867/7854/14 7865/7852/14
f 7868/7853/14 7870/7855/14 7869/7856/14 7867/7854/14
f 7870/7855/14 7872/7857/14 7871/7858/14 7869/7856/14
f 7872/7857/14 7874/7859/14 7873/7860/14 7871/7858/14
f 7874/7859/14 7876/7861/14 7875/7862/14 7873/7860/14
f 7876/7861/14 7878/7863/14 7877/7864/14 7875/7862/14
f 7878/7863/14 7880/7865/14 7879/7866/14 7877/7864/14
f 7880/7865/14 7882/7867/14 7881/7868/14 7879/7866/14
f 7882/7867/14 7884/7869/14 7883/7870/14 7881/7868/14
f 7884/7869/14 7886/7871/14 7885/7872/14 7883/7870/14
f 7886/7871/14 7888/7873/14 7887/7874/14 7885/7872/14
f 7888/7873/14 7890/7875/14 7889/7876/14 7887/7874/14
f 7890/7875/14 7892/7877/14 7891/7878/14 7889/7876/14
f 7892/7877/14 7894/7879/14 7893/7880/14 7891/7878/14
f 7894/7879/14 7896/7881/14 7895/7882/14 7893/7880/14
f 7896/7881/14 7898/7883/14 7897/7884/14 7895/7882/14
f 7898/7883/14 7900/7885/14 7899/7886/14 7897/7884/14
f 7900/7885/14 7902/7887/14 7901/7888/14 7899/7886/14
f 7902/7887/14 7904/7889/14 7903/7890/14 7901/7888/14
f 7904/7889/14 7906/7891/14 7905/7892/14 7903/7890/14
f 7906/7891/14 7908/7893/14 7907/7894/14 7905/7892/14
f 7908/7893/14 7910/7895/14 7909/7896/14 7907/7894/14
f 7910/7895/14 7912/7897/14 7911/7898/14 7909/7896/14
f 7912/7897/14 7914/7899/14 7913/7900/14 7911/7898/14
f 7914/7899/14 7916/7901/14 7915/7902/14 7913/7900/14
f 7916/7901/14 7918/7903/14 7917/7904/14 7915/7902/14
f 7918/7903/14 7920/7905/14 7919/7906/14 7917/7904/14
f 7920/7905/14 7922/7907/14 7921/7908/14 7919/7906/14
f 7922/7907/14 7924/7909/14 7923/7910/14 7921/7908/14
f 7924/7909/14 7926/7911/14 7925/7912/14 7923/7910/14
f 7926/7911/14 7928/7913/14 7927/7914/14 7925/7912/14
f 7928/7913/14 7930/7915/14 7929/7916/14 7927/7914/14
f 7930/7915/14 7932/7917/14 7931/7918/14 7929/7916/14
f 7932/7917/14 7934/7919/14 7933/7920/14 7931/7918/14
f 7934/7919/14 7936/7921/14 7935/7922/14 7933/7920/14
f 7936/7921/14 7938/7923/14 7937/7924/14 7935/7922/14
f 7938/7923/14 7940/7925/14 7939/7926/14 7937/7924/14
f 7940/7925/14 7942/7927/14 7941/7928/14 7939/7926/14
f 7942/7927/14 7944/7929/14 7943/7930/14 7941/7928/14
f 7944/7929/14 7946/7931/14 7945/7932/14 7943/7930/14
f 7946/7931/14 7948/7933/14 7947/7934/14 7945/7932/14
f 7948/7933/14 7950/7935/14 7949/7936/14 7947/7934/14
f 7950/7935/14 7952/7937/14 7951/7938/14 7949/7936/14
f 7952/7937/14 7954/7939/14 7953/7940/14 7951/7938/14
f 7954/7939/14 7956/7941/14 7955/7942/14 7953/7940/14
f 7956/7941/14 7958/7943/14 7957/7944/14 7955/7942/14
f 7958/7943/14 7960/7945/14 7959/7946/14 7957/7944/14
f 7960/7945/14 7962/7947/14 7961/7948/14 7959/7946/14
f 7962/7947/14 7964/7949/14 7963/7950/14 7961/7948/14
f 7964/7949/14 7966/7951/14 7965/7952/14 7963/7950/14
f 7966/7951/14 7968/7953/14 7967/7954/14 7965/7952/14
f 7968/7953/14 7970/7955/14 7969/7956/14 7967/7954/14
f 7970/7955/14 7972/7957/14 7971/7958/14 7969/7956/14
f 7972/7957/14 7974/7959/14 7973/7960/14 7971/7958/14
f 7974/7959/14 7976/7961/14 7975/7962/14 7973/7960/14
f 7976/7961/14 7978/7963/14 7977/7964/14 7975/7962/14
f 7978/7963/14 7980/7965/14 7979/7966/14 7977/7964/14
f 7980/7965/14 7982/7967/14 7981/7968/14 7979/7966/14
f 7982/7967/14 7984/7969/14 7983/7970/14 7981/7968/14
f 7984/7969/14 7986/7971/14 7985/7972/14 7983/7970/14
f 7986/7971/14 7988/7973/14 7987/7974/14 7985/7972/14
f 7988/7973/14 7990/7975/14 7989/7976/14 7987/7974/14
f 7990/7975/14 7992/7977/14 7991/7978/14 7989/7976/14
f 7992/7977/14 7994/7979/14 7993/7980/14 7991/7978/14
f 7994/7979/14 7996/7981/14 7995/7982/14 7993/7980/14
f 7996/7981/14 7998/7983/14 7997/7984/14 7995/7982/14
f 7998/7983/14 8000/7985/14 7999/7986/14 7997/7984/14
f 8000/7985/14 8002/7987/14 8001/7988/14 7999/7986/14
f 8002/7987/14 8004/7989/14 8003/7990/14 8001/7988/14
f 8004/7989/14 8006/7991/14 8005/7992/14 8003/7990/14
f 8006/7991/14 8008/7993/14 8007/7994/14 8005/7992/14
f 8008/7993/14 8010/7995/14 8009/7996/14 8007/7994/14
f 8010/7995/14 8012/7997/14 8011/7998/14 8009/7996/14
f 8012/7997/14 8014/7999/14 8013/8000/14 8011/7998/14
f 8014/7999/14 8016/8001/14 8015/8002/14 8013/8000/14
f 8016/8001/14 8018/8003/14 8017/8004/14 8015/8002/14
f 8018/8003/14 8020/8005/14 8019/8006/14 8017/8004/14
f 8020/8005/14 8022/8007/14 8021/8008/14 8019/8006/14
f 8022/8007/14 8024/8009/14 8023/8010/14 8021/8008/14
f 8024/8009/14 8026/8011/14 8025/8012/14 8023/8010/14
f 8026/8011/14 8028/8013/14 8027/8014/14 8025/8012/14
f 8028/8013/14 8030/8015/14 8029/8016/14 8027/8014/14
f 8030/8015/14 8032/8017/14 8031/8018/14 8029/8016/14
f 8032/8017/14 8034/8019/14 8033/8020/14 8031/8018/14
f 8034/8019/14 8036/8021/14 8035/8022/14 8033/8020/14
f 8036/8021/14 8038/8023/14 8037/8024/14 8035/8022/14
f 8038/8023/14 8040/8025/14 8039/8026/14 8037/8024/14
f 8040/8025/14 8042/8027/14 8041/8028/14 8039/8026/14
f 8042/8027/14 8044/8029/14 8043/8030/14 8041/8028/14
f 8044/8029/14 8046/8031/14 8045/8032/14 8043/8030/14
f 8046/8031/14 8048/8033/14 8047/8034/14 8045/8032/14
f 8048/8033/14 8050/8035/14 8049/8036/14 8047/8034/14
f 8050/8035/14 8052/8037/14 8051/8038/14 8049/8036/14
f 8052/8037/14 8054/8039/14 8053/8040/14 8051/8038/14
f 8054/8039/14 8056/8041/14 8055/8042/14 8053/8040/14
f 8056/8041/14 8058/8043/14 8057/8044/14 8055/8042/14
f 8058/8043/14 8060/8045/14 8059/8046/14 8057/8044/14
f 8060/8045/14 8062/8047/14 8061/8048/14 8059/8046/14
f 8062/8047/14 8064/8049/14 8063/8050/14 8061/8048/14
f 8064/8049/14 8066/8051/14 8065/8052/14 8063/8050/14
f 8066/8051/14 8068/8053/14 8067/8054/14 8065/8052/14
f 8068/8053/14 8070/8055/14 8069/8056/14 8067/8054/14
f 8070/8055/14 8072/8057/14 8071/8058/14 8069/8056/14
f 8072/8057/14 8074/8059/14 8073/8060/14 8071/8058/14
f 8074/8059/14 8076/8061/14 8075/8062/14 8073/8060/14
f 8076/8061/14 8078/8063/14 8077/8064/14 8075/8062/14
f 8078/8063/14 8080/8065/14 8079/8066/14 8077/8064/14
f 8080/8065/14 8082/8067/14 8081/8068/14 8079/8066/14
f 8082/8067/14 8084/8069/14 8083/8070/14 8081/8068/14
f 8084/8069/14 8086/8071/14 8085/8072/14 8083/8070/14
f 8086/8071/14 8088/8073/14 8087/8074/14 8085/8072/14
f 8088/8073/14 8090/8075/14 8089/8076/14 8087/8074/14
f 8090/8075/14 8092/8077/14 8091/8078/14 8089/8076/14
f 8092/8077/14 8094/8079/14 8093/8080/14 8091/8078/14
f 8094/8079/14 8096/8081/14 8095/8082/14 8093/8080/14
f 8096/8081/14 8098/8083/14 8097/8084/14 8095/8082/14
f 8098/8083/14 8100/8085/14 8099/8086/14 8097/8084/14
f 8100/8085/14 8102/8087/14 8101/8088/14 8099/8086/14
f 8102/8087/14 8104/8089/14 8103/8090/14 8101/8088/14
f 8104/8089/14 8106/8091/14 8105/8092/14 8103/8090/14
f 8106/8091/14 8108/8093/14 8107/8094/14 8105/8092/14
f 8108/8093/14 8110/8095/14 8109/8096/14 8107/8094/14
f 8110/8095/14 8112/8097/14 8111/8098/14 8109/8096/14
f 8112/8097/14 8114/8099/14 8113/8100/14 8111/8098/14
f 8114/8099/14 8116/8101/14 8115/8102/14 8113/8100/14
f 8116/8101/14 8118/8103/14 8117/8104/14 8115/8102/14
f 8118/8103/14 8120/8105/14 8119/8106/14 8117/8104/14
f 8120/8105/14 8122/8107/14 8121/8108/14 8119/8106/14
f 8122/8107/14 8124/8109/14 8123/8110/14 8121/8108/14
f 8124/8109/14 8126/8111/14 8125/8112/14 8123/8110/14
f 8126/8111/14 8128/8113/14 8127/8114/14 8125/8112/14
f 8128/8113/14 8130/8115/14 8129/8116/14 8127/8114/14
f 8130/8115/14 8132/8117/14 8131/8118/14 8129/8116/14
f 8132/8117/14 8134/8119/14 8133/8120/14 8131/8118/14
f 8134/8119/14 8136/8121/14 8135/8122/14 8133/8120/14
f 8136/8121/14 8138/8123/14 8137/8124/14 8135/8122/14
f 8138/8123/14 8140/8125/14 8139/8126/14 8137/8124/14
f 8140/8125/14 8142/8127/14 8141/8128/14 8139/8126/14
f 8142/8127/14 8144/8129/14 8143/8130/14 8141/8128/14
f 8144/8129/14 8146/8131/14 8145/8132/14 8143/8130/14
f 8146/8131/14 8148/8133/14 8147/8134/14 8145/8132/14
f 8148/8133/14 8150/8135/14 8149/8136/14 8147/8134/14
f 8150/8135/14 8152/8137/14 8151/8138/14 8149/8136/14
f 8152/8137/14 8154/8139/14 8153/8140/14 8151/8138/14
f 8154/8139/14 8156/8141/14 8155/8142/14 8153/8140/14
f 8156/8141/14 8158/8143/14 8157/8144/14 8155/8142/14
f 8158/8143/14 8160/8145/14 8159/8146/14 8157/8144/14
f 8160/8145/14 8162/8147/14 8161/8148/14 8159/8146/14
f 8162/8147/14 8164/8149/14 8163/8150/14 8161/8148/14
f 8164/8149/14 8166/8151/14 8165/8152/14 8163/8150/14
f 8166/8151/14 8168/8153/14 8167/8154/14 8165/8152/14
f 8168/8153/14 8170/8155/14 8169/8156/14 8167/8154/14
f 8170/8155/14 8172/8157/14 8171/8158/14 8169/8156/14
f 8172/8157/14 8174/8159/14 8173/8160/14 8171/8158/14
f 8174/8159/14 8176/8161/14 8175/8162/14 8173/8160/14
f 8176/8161/14 8178/8163/14 8177/8164/14 8175/8162/14
f 8178/8163/14 8180/8165/14 8179/8166/14 8177/8164/14
f 8180/8165/14 8182/8167/14 8181/8168/14 8179/8166/14
f 8182/8167/14 8184/8169/14 8183/8170/14 8181/8168/14
f 8184/8169/14 8186/8171/14 8185/8172/14 8183/8170/14
f 8186/8171/14 8188/8173/14 8187/8174/14 8185/8172/14
f 8188/8173/14 8190/8175/14 8189/8176/14 8187/8174/14
f 8190/8175/14 8192/8177/14 8191/8178/14 8189/8176/14
f 8192/8177/14 8194/8179/14 8193/8180/14 8191/8178/14
f 8194/8179/14 8196/8181/14 8195/8182/14 8193/8180/14
f 8196/8181/14 8198/8183/14 8197/8184/14 8195/8182/14
f 8198/8183/14 8200/8185/14 8199/8186/14 8197/8184/14
f 8200/8185/14 8202/8187/14 8201/8188/14 8199/8186/14
f 8202/8187/14 8204/8189/14 8203/8190/14 8201/8188/14
f 8204/8189/14 8206/8191/14 8205/8192/14 8203/8190/14
f 8206/8191/14 8208/8193/14 8207/8194/14 8205/8192/14
f 8208/8193/14 8210/8195/14 8209/8196/14 8207/8194/14
f 8210/8195/14 8212/8197/14 8211/8198/14 8209/8196/14
f 8212/8197/14 8214/8199/14 8213/8200/14 8211/8198/14
f 8214/8199/14 8216/8201/14 8215/8202/14 8213/8200/14
f 8216/8201/14 8218/8203/14 8217/8204/14 8215/8202/14
f 8218/8203/14 8220/8205/14 8219/8206/14 8217/8204/14
f 8220/8205/14 8222/8207/14 8221/8208/14 8219/8206/14
f 8222/8207/14 8224/8209/14 8223/8210/14 8221/8208/14
f 8224/8209/14 8226/8211/14 8225/8212/14 8223/8210/14
f 8226/8211/14 8228/8213/14 8227/8214/14 8225/8212/14
f 8228/8213/14 8230/8215/14 8229/8216/14 8227/8214/14
f 8230/8215/14 8232/8217/14 8231/8218/14 8229/8216/14
f 8232/8217/14 8234/8219/14 8233/8220/14 8231/8218/14
f 8234/8219/14 8236/8221/14 8235/8222/14 8233/8220/14
f 8236/8221/14 8238/8223/14 8237/8224/14 8235/8222/14
f 8238/8223/14 8240/8225/14 8239/8226/14 8237/8224/14
f 8240/8225/14 8242/8227/14 8241/8228/14 8239/8226/14
f 8242/8227/14 8244/8229/14 8243/8230/14 8241/8228/14
f 8244/8229/14 8246/8231/14 8245/8232/14 8243/8230/14
f 8246/8231/14 8248/8233/14 8247/8234/14 8245/8232/14
f 8248/8233/14 8250/8235/14 8249/8236/14 8247/8234/14
f 8250/8235/14 8252/8237/14 8251/8238/14 8249/8236/14
f 8252/8237/14 8254/8239/14 8253/8240/14 8251/8238/14
f 8254/8239/14 8256/8241/14 8255/8242/14 8253/8240/14
f 8256/8241/14 8258/8243/14 8257/8244/14 8255/8242/14
f 8258/8243/14 8260/8245/14 8259/8246/14 8257/8244/14
f 8260/8245/14 8262/8247/14 8261/8248/14 8259/8246/14
f 8262/8247/14 8264/8249/14 8263/8250/14 8261/8248/14
f 8264/8249/14 8266/8251/14 8265/8252/14 8263/8250/14
f 8266/8251/14 8268/8253/14 8267/8254/14 8265/8252/14
f 8268/8253/14 8270/8255/14 8269/8256/14 8267/8254/14
f 8270/8255/14 8272/8257/14 8271/8258/14 8269/8256/14
f 8272/8257/14 8274/8259/14 8273/8260/14 8271/8258/14
f 8274/8259/14 8276/8261/14 8275/8262/14 8273/8260/14
f 8276/8261/14 8278/8263/14 8277/8264/14 8275/8262/14
f 8278/8263/14 8280/8265/14 8279/8266/14 8277/8264/14
f 8280/8265/14 8282/8267/14 8281/8268/14 8279/8266/14
f 8282/8267/14 8284/8269/14 8283/8270/14 8281/8268/14
f 8284/8269/14 8286/8271/14 8285/8272/14 8283/8270/14
f 8286/8271/14 8288/8273/14 8287/8274/14 8285/8272/14
f 8288/8273/14 8290/8275/14 8289/8276/14 8287/8274/14
f 8290/8275/14 8292/8277/14 8291/8278/14 8289/8276/14
f 8292/8277/14 8294/8279/14 8293/8280/14 8291/8278/14
f 8294/8279/14 8296/8281/14 8295/8282/14 8293/8280/14
f 8296/8281/14 8298/8283/14 8297/8284/14 8295/8282/14
f 8298/8283/14 8300/8285/14 8299/8286/14 8297/8284/14
f 8300/8285/14 8302/8287/14 8301/8288/14 8299/8286/14
f 8302/8287/14 8304/8289/14 8303/8290/14 8301/8288/14
f 8304/8289/14 8306/8291/14 8305/8292/14 8303/8290/14
f 8306/8291/14 8308/8293/14 8307/8294/14 8305/8292/14
f 8308/8293/14 8310/8295/14 8309/8296/14 8307/8294/14
f 8310/8295/14 8312/8297/14 8311/8298/14 8309/8296/14
f 8312/8297/14 8314/8299/14 8313/8300/14 8311/8298/14
f 8314/8299/14 8316/8301/14 8315/8302/14 8313/8300/14
f 8316/8301/14 8318/8303/14 8317/8304/14 8315/8302/14
f 8318/8303/14 8320/8305/14 8319/8306/14 8317/8304/14
f 8320/8305/14 8322/8307/14 8321/8308/14 8319/8306/14
f 8322/8307/14 8324/8309/14 8323/8310/14 8321/8308/14
f 8324/8309/14 8326/8311/14 8325/8312/14 8323/8310/14
f 8326/8311/14 8328/8313/14 8327/8314/14 8325/8312/14
f 8328/8313/14 8330/8315/14 8329/8316/14 8327/8314/14
f 8330/8315/14 8332/8317/14 8331/8318/14 8329/8316/14
f 8332/8317/14 8334/8319/14 8333/8320/14 8331/8318/14
f 8334/8319/14 8336/8321/14 8335/8322/14 8333/8320/14
f 8336/8321/14 8338/8323/14 8337/8324/14 8335/8322/14
f 8338/8323/14 8340/8325/14 8339/8326/14 8337/8324/14
f 8340/8325/14 8342/8327/14 8341/8328/14 8339/8326/14
f 8342/8327/14 8344/8329/14 8343/8330/14 8341/8328/14
f 8344/8329/14 8346/8331/14 8345/8332/14 8343/8330/14
f 8346/8331/14 8348/8333/14 8347/8334/14 8345/8332/14
f 8348/8333/14 8350/8335/14 8349/8336/14 8347/8334/14
f 8350/8335/14 8352/8337/14 8351/8338/14 8349/8336/14
f 8352/8337/14 8354/8339/14 8353/8340/14 8351/8338/14
f 8354/8339/14 8356/8341/14 8355/8342/14 8353/8340/14
f 8356/8341/14 8358/8343/14 8357/8344/14 8355/8342/14
f 8358/8343/14 8360/8345/14 8359/8346/14 8357/8344/14
f 8360/8345/14 8362/8347/14 8361/8348/14 8359/8346/14
f 8362/8347/14 8364/8349/14 8363/8350/14 8361/8348/14
f 8364/8349/14 8366/8351/14 8365/8352/14 8363/8350/14
f 8366/8351/14 8368/8353/14 8367/8354/14 8365/8352/14
f 8368/8353/14 8370/8355/14 8369/8356/14 8367/8354/14
f 8370/8355/14 8372/8357/14 8371/8358/14 8369/8356/14
f 8372/8357/14 8374/8359/14 8373/8360/14 8371/8358/14
f 8374/8359/14 8376/8361/14 8375/8362/14 8373/8360/14
f 8376/8361/14 8378/8363/14 8377/8364/14 8375/8362/14
f 8378/8363/14 8380/8365/14 8379/8366/14 8377/8364/14
f 8380/8365/14 8382/8367/14 8381/8368/14 8379/8366/14
f 8382/8367/14 8384/8369/14 8383/8370/14 8381/8368/14
f 8384/8369/14 8386/8371/14 8385/8372/14 8383/8370/14
f 8386/8371/14 8388/8373/14 8387/8374/14 8385/8372/14
f 8388/8373/14 8390/8375/14 8389/8376/14 8387/8374/14
f 8390/8375/14 8392/8377/14 8391/8378/14 8389/8376/14
f 8392/8377/14 8394/8379/14 8393/8380/14 8391/8378/14
f 8394/8379/14 8396/8381/14 8395/8382/14 8393/8380/14
f 8396/8381/14 8398/8383/14 8397/8384/14 8395/8382/14
f 8398/8383/14 8400/8385/14 8399/8386/14 8397/8384/14
f 8400/8385/14 8402/8387/14 8401/8388/14 8399/8386/14
f 8402/8387/14 8404/8389/14 8403/8390/14 8401/8388/14
f 8404/8389/14 8406/8391/14 8405/8392/14 8403/8390/14
f 8406/8391/14 8408/8393/14 8407/8394/14 8405/8392/14
f 8408/8393/14 8410/8395/14 8409/8396/14 8407/8394/14
f 8410/8395/14 8412/8397/14 8411/8398/14 8409/8396/14
f 8412/8397/14 8414/8399/14 8413/8400/14 8411/8398/14
f 8414/8399/14 8416/8401/14 8415/8402/14 8413/8400/14
f 8416/8401/14 8418/8403/14 8417/8404/14 8415/8402/14
f 8418/8403/14 8420/8405/14 8419/8406/14 8417/8404/14
f 8420/8405/14 8422/8407/14 8421/8408/14 8419/8406/14
f 8422/8407/14 8424/8409/14 8423/8410/14 8421/8408/14
f 8424/8409/14 8426/8411/14 8425/8412/14 8423/8410/14
f 8426/8411/14 8428/8413/14 8427/8414/14 8425/8412/14
f 8428/8413/14 8430/8415/14 8429/8416/14 8427/8414/14
f 8430/8415/14 8432/8417/14 8431/8418/14 8429/8416/14
f 8432/8417/14 8434/8419/14 8433/8420/14 8431/8418/14
f 8434/8419/14 8436/8421/14 8435/8422/14 8433/8420/14
f 8436/8421/14 8438/8423/14 8437/8424/14 8435/8422/14
f 8438/8423/14 8440/8425/14 8439/8426/14 8437/8424/14
f 8440/8425/14 8442/8427/14 8441/8428/14 8439/8426/14
f 8442/8427/14 8444/8429/14 8443/8430/14 8441/8428/14
f 8444/8429/14 8446/8431/14 8445/8432/14 8443/8430/14
f 8446/8431/14 8448/8433/14 8447/8434/14 8445/8432/14
f 8448/8433/14 8450/8435/14 8449/8436/14 8447/8434/14
f 8450/8435/14 8452/8437/14 8451/8438/14 8449/8436/14
f 8452/8437/14 8454/8439/14 8453/8440/14 8451/8438/14
f 8454/8439/14 8456/8441/14 8455/8442/14 8453/8440/14
f 8456/8441/14 8458/8443/14 8457/8444/14 8455/8442/14
f 8458/8443/14 8460/8445/14 8459/8446/14 8457/8444/14
f 8460/8445/14 8462/8447/14 8461/8448/14 8459/8446/14
f 8462/8447/14 8464/8449/14 8463/8450/14 8461/8448/14
f 8464/8449/14 8466/8451/14 8465/8452/14 8463/8450/14
f 8466/8451/14 8468/8453/14 8467/8454/14 8465/8452/14
f 8468/8453/14 8470/8455/14 8469/8456/14 8467/8454/14
f 8470/8455/14 8472/8457/14 8471/8458/14 8469/8456/14
f 8472/8457/14 8474/8459/14 8473/8460/14 8471/8458/14
f 8474/8459/14 8476/8461/14 8475/8462/14 8473/8460/14
f 8476/8461/14 8478/8463/14 8477/8464/14 8475/8462/14
f 8478/8463/14 8480/8465/14 8479/8466/14 8477/8464/14
f 8480/8465/14 8482/8467/14 8481/8468/14 8479/8466/14
f 8482/8467/14 8484/8469/14 8483/8470/14 8481/8468/14
f 8484/8469/14 8486/8471/14 8485/8472/14 8483/8470/14
f 8486/8471/14 8488/8473/14 8487/8474/14 8485/8472/14
f 8488/8473/14 8490/8475/14 8489/8476/14 8487/8474/14
f 8490/8475/14 8492/8477/14 8491/8478/14 8489/8476/14
f 8492/8477/14 8494/8479/14 8493/8480/14 8491/8478/14
f 8494/8479/14 8496/8481/14 8495/8482/14 8493/8480/14
f 8496/8481/14 8498/8483/14 8497/8484/14 8495/8482/14
f 8498/8483/14 8500/8485/14 8499/8486/14 8497/8484/14
f 8500/8485/14 8502/8487/14 8501/8488/14 8499/8486/14
f 8502/8487/14 8504/8489/14 8503/8490/14 8501/8488/14
f 8504/8489/14 8506/8491/14 8505/8492/14 8503/8490/14
f 8506/8491/14 8508/8493/14 8507/8494/14 8505/8492/14
f 8508/8493/14 8510/8495/14 8509/8496/14 8507/8494/14
f 8510/8495/14 8512/8497/14 8511/8498/14 8509/8496/14
f 8512/8497/14 8514/8499/14 8513/8500/14 8511/8498/14
f 8514/8499/14 8516/8501/14 8515/8502/14 8513/8500/14
f 8516/8501/14 8518/8503/14 8517/8504/14 8515/8502/14
f 8518/8503/14 8520/8505/14 8519/8506/14 8517/8504/14
f 8520/8505/14 8522/8507/14 8521/8508/14 8519/8506/14
f 8522/8507/14 8524/8509/14 8523/8510/14 8521/8508/14
f 8524/8509/14 8526/8511/14 8525/8512/14 8523/8510/14
f 8526/8511/14 8528/8513/14 8527/8514/14 8525/8512/14
f 8528/8513/14 8530/8515/14 8529/8516/14 8527/8514/14
f 8530/8515/14 8532/8517/14 8531/8518/14 8529/8516/14
f 8532/8517/14 8534/8519/14 8533/8520/14 8531/8518/14
f 8534/8519/14 8536/8521/14 8535/8522/14 8533/8520/14
f 8536/8521/14 8538/8523/14 8537/8524/14 8535/8522/14
f 8538/8523/14 8540/8525/14 8539/8526/14 8537/8524/14
f 8540/8525/14 8542/8527/14 8541/8528/14 8539/8526/14
f 8542/8527/14 8544/8529/14 8543/8530/14 8541/8528/14
f 8544/8529/14 8546/8531/14 8545/8532/14 8543/8530/14
f 8546/8531/14 8548/8533/14 8547/8534/14 8545/8532/14
f 8548/8533/14 8550/8535/14 8549/8536/14 8547/8534/14
f 8550/8535/14 8552/8537/14 8551/8538/14 8549/8536/14
f 8552/8537/14 8554/8539/14 8553/8540/14 8551/8538/14
f 8554/8539/14 8556/8541/14 8555/8542/14 8553/8540/14
f 8556/8541/14 8558/8543/14 8557/8544/14 8555/8542/14
f 8558/8543/14 8560/8545/14 8559/8546/14 8557/8544/14
f 8560/8545/14 8562/8547/14 8561/8548/14 8559/8546/14
f 8562/8547/14 8564/8549/14 8563/8550/14 8561/8548/14
f 8564/8549/14 8566/8551/14 8565/8552/14 8563/8550/14
f 8566/8551/14 8568/8553/14 8567/8554/14 8565/8552/14
f 8568/8553/14 8570/8555/14 8569/8556/14 8567/8554/14
f 8570/8555/14 8572/8557/14 8571/8558/14 8569/8556/14
f 8572/8557/14 8574/8559/14 8573/8560/14 8571/8558/14
f 8574/8559/14 8576/8561/14 8575/8562/14 8573/8560/14
f 8576/8561/14 8578/8563/14 8577/8564/14 8575/8562/14
f 8578/8563/14 8580/8565/14 8579/8566/14 8577/8564/14
f 8580/8565/14 8582/8567/14 8581/8568/14 8579/8566/14
f 8582/8567/14 8584/8569/14 8583/8570/14 8581/8568/14
f 8584/8569/14 8586/8571/14 8585/8572/14 8583/8570/14
f 8586/8571/14 8588/8573/14 8587/8574/14 8585/8572/14
f 8588/8573/14 8590/8575/14 8589/8576/14 8587/8574/14
f 8590/8575/14 8592/8577/14 8591/8578/14 8589/8576/14
f 8592/8577/14 8594/8579/14 8593/8580/14 8591/8578/14
f 8594/8579/14 8596/8581/14 8595/8582/14 8593/8580/14
f 8596/8581/14 8598/8583/14 8597/8584/14 8595/8582/14
f 8598/8583/14 8600/8585/14 8599/8586/14 8597/8584/14
f 8600/8585/14 8602/8587/14 8601/8588/14 8599/8586/14
f 8602/8587/14 8604/8589/14 8603/8590/14 8601/8588/14
f 8604/8589/14 8606/8591/14 8605/8592/14 8603/8590/14
f 8606/8591/14 8608/8593/14 8607/8594/14 8605/8592/14
f 8608/8593/14 8610/8595/14 8609/8596/14 8607/8594/14
f 8610/8595/14 8612/8597/14 8611/8598/14 8609/8596/14
f 8612/8597/14 8614/8599/14 8613/8600/14 8611/8598/14
f 8614/8599/14 8616/8601/14 8615/8602/14 8613/8600/14
f 8616/8601/14 8618/8603/14 8617/8604/14 8615/8602/14
f 8618/8603/14 8620/8605/14 8619/8606/14 8617/8604/14
f 8620/8605/14 8622/8607/14 8621/8608/14 8619/8606/14
f 8622/8607/14 8624/8609/14 8623/8610/14 8621/8608/14
f 8624/8609/14 8626/8611/14 8625/8612/14 8623/8610/14
f 8626/8611/14 8628/8613/14 8627/8614/14 8625/8612/14
f 8628/8613/14 8630/8615/14 8629/8616/14 8627/8614/14
f 8630/8615/14 8632/8617/14 8631/8618/14 8629/8616/14
f 8632/8617/14 8634/8619/14 8633/8620/14 8631/8618/14
f 8634/8619/14 8636/8621/14 8635/8622/14 8633/8620/14
f 8636/8621/14 8638/8623/14 8637/8624/14 8635/8622/14
f 8638/8623/14 8640/8625/14 8639/8626/14 8637/8624/14
f 8640/8625/14 8642/8627/14 8641/8628/14 8639/8626/14
f 8642/8627/14 8644/8629/14 8643/8630/14 8641/8628/14
f 8644/8629/14 8646/8631/14 8645/8632/14 8643/8630/14
f 8646/8631/14 8648/8633/14 8647/8634/14 8645/8632/14
f 8648/8633/14 8650/8635/14 8649/8636/14 8647/8634/14
f 8650/8635/14 8652/8637/14 8651/8638/14 8649/8636/14
f 8652/8637/14 8654/8639/14 8653/8640/14 8651/8638/14
f 8654/8639/14 8656/8641/14 8655/8642/14 8653/8640/14
f 8656/8641/14 8658/8643/14 8657/8644/14 8655/8642/14
f 8658/8643/14 8660/8645/14 8659/8646/14 8657/8644/14
f 8660/8645/14 8662/8647/14 8661/8648/14 8659/8646/14
f 8662/8647/14 8664/8649/14 8663/8650/14 8661/8648/14
f 8664/8649/14 8666/8651/14 8665/8652/14 8663/8650/14
f 8666/8651/14 8668/8653/14 8667/8654/14 8665/8652/14
f 8668/8653/14 8670/8655/14 8669/8656/14 8667/8654/14
f 8670/8655/14 8672/8657/14 8671/8658/14 8669/8656/14
f 8672/8657/14 8674/8659/14 8673/8660/14 8671/8658/14
f 8674/8659/14 8676/8661/14 8675/8662/14 8673/8660/14
f 8676/8661/14 8678/8663/14 8677/8664/14 8675/8662/14
f 8678/8663/14 8680/8665/14 8679/8666/14 8677/8664/14
f 8680/8665/14 8682/8667/14 8681/8668/14 8679/8666/14
f 8682/8667/14 8684/8669/14 8683/8670/14 8681/8668/14
f 8684/8669/14 8686/8671/14 8685/8672/14 8683/8670/14
f 8686/8671/14 8688/8673/14 8687/8674/14 8685/8672/14
f 8688/8673/14 8690/8675/14 8689/8676/14 8687/8674/14
f 8690/8675/14 8692/8677/14 8691/8678/14 8689/8676/14
f 8692/8677/14 8694/8679/14 8693/8680/14 8691/8678/14
f 8694/8679/14 8696/8681/14 8695/8682/14 8693/8680/14
f 8696/8681/14 8698/8683/14 8697/8684/14 8695/8682/14
f 8698/8683/14 8700/8685/14 8699/8686/14 8697/8684/14
f 8700/8685/14 8702/8687/14 8701/8688/14 8699/8686/14
f 8702/8687/14 8704/8689/14 8703/8690/14 8701/8688/14
f 8704/8689/14 8706/8691/14 8705/8692/14 8703/8690/14
f 8706/8691/14 8708/8693/14 8707/8694/14 8705/8692/14
f 8708/8693/14 8710/8695/14 8709/8696/14 8707/8694/14
f 8710/8695/14 8712/8697/14 8711/8698/14 8709/8696/14
f 8712/8697/14 8714/8699/14 8713/8700/14 8711/8698/14
f 8714/8699/14 8716/8701/14 8715/8702/14 8713/8700/14
f 8716/8701/14 8718/8703/14 8717/8704/14 8715/8702/14
f 8718/8703/14 8720/8705/14 8719/8706/14 8717/8704/14
f 8720/8705/14 8722/8707/14 8721/8708/14 8719/8706/14
f 8722/8707/14 8724/8709/14 8723/8710/14 8721/8708/14
f 8724/8709/14 8726/8711/14 8725/8712/14 8723/8710/14
f 8726/8711/14 8728/8713/14 8727/8714/14 8725/8712/14
f 8728/8713/14 8730/8715/14 8729/8716/14 8727/8714/14
f 8730/8715/14 8732/8717/14 8731/8718/14 8729/8716/14
f 8732/8717/14 8734/8719/14 8733/8720/14 8731/8718/14
f 8734/8719/14 8736/8721/14 8735/8722/14 8733/8720/14
f 8736/8721/14 8738/8723/14 8737/8724/14 8735/8722/14
f 8738/8723/14 8740/8725/14 8739/8726/14 8737/8724/14
f 8740/8725/14 8742/8727/14 8741/8728/14 8739/8726/14
f 8742/8727/14 8744/8729/14 8743/8730/14 8741/8728/14
f 8744/8729/14 8746/8731/14 8745/8732/14 8743/8730/14
f 8746/8731/14 8748/8733/14 8747/8734/14 8745/8732/14
f 8748/8733/14 8750/8735/14 8749/8736/14 8747/8734/14
f 8750/8735/14 8752/8737/14 8751/8738/14 8749/8736/14
f 8752/8737/14 8754/8739/14 8753/8740/14 8751/8738/14
f 8754/8739/14 8756/8741/14 8755/8742/14 8753/8740/14
f 8756/8741/14 8758/8743/14 8757/8744/14 8755/8742/14
f 8758/8743/14 8760/8745/14 8759/8746/14 8757/8744/14
f 8760/8745/14 8762/8747/14 8761/8748/14 8759/8746/14
f 8762/8747/14 8764/8749/14 8763/8750/14 8761/8748/14
f 8764/8749/14 8766/8751/14 8765/8752/14 8763/8750/14
f 8766/8751/14 8768/8753/14 8767/8754/14 8765/8752/14
f 8768/8753/14 8770/8755/14 8769/8756/14 8767/8754/14
f 8770/8755/14 8772/8757/14 8771/8758/14 8769/8756/14
f 8772/8757/14 8774/8759/14 8773/8760/14 8771/8758/14
f 8774/8759/14 8776/8761/14 8775/8762/14 8773/8760/14
f 8776/8761/14 8778/8763/14 8777/8764/14 8775/8762/14
f 8778/8763/14 8780/8765/14 8779/8766/14 8777/8764/14
f 8780/8765/14 8782/8767/14 8781/8768/14 8779/8766/14
f 8782/8767/14 8784/8769/14 8783/8770/14 8781/8768/14
f 8784/8769/14 8786/8771/14 8785/8772/14 8783/8770/14
f 8786/8771/14 8788/8773/14 8787/8774/14 8785/8772/14
f 8788/8773/14 8790/8775/14 8789/8776/14 8787/8774/14
f 8790/8775/14 8792/8777/14 8791/8778/14 8789/8776/14
f 8792/8777/14 8794/8779/14 8793/8780/14 8791/8778/14
f 8794/8779/14 8796/8781/14 8795/8782/14 8793/8780/14
f 8796/8781/14 8798/8783/14 8797/8784/14 8795/8782/14
f 8798/8783/14 8800/8785/14 8799/8786/14 8797/8784/14
f 8800/8785/14 8802/8787/14 8801/8788/14 8799/8786/14
f 8802/8787/14 8804/8789/14 8803/8790/14 8801/8788/14
f 8804/8789/14 8806/8791/14 8805/8792/14 8803/8790/14
f 8806/8791/14 8808/8793/14 8807/8794/14 8805/8792/14
f 8808/8793/14 8810/8795/14 8809/8796/14 8807/8794/14
f 8810/8795/14 8812/8797/14 8811/8798/14 8809/8796/14
f 8812/8797/14 8814/8799/14 8813/8800/14 8811/8798/14
f 8814/8799/14 8816/8801/14 8815/8802/14 8813/8800/14
f 8816/8801/14 8818/8803/14 8817/8804/14 8815/8802/14
f 8818/8803/14 8820/8805/14 8819/8806/14 8817/8804/14
f 8820/8805/14 8822/8807/14 8821/8808/14 8819/8806/14
f 8822/8807/14 8824/8809/14 8823/8810/14 8821/8808/14
f 8824/8809/14 8826/8811/14 8825/8812/14 8823/8810/14
f 8826/8811/14 8828/8813/14 8827/8814/14 8825/8812/14
f 8828/8813/14 8830/8815/14 8829/8816/14 8827/8814/14
f 8830/8815/14 8832/8817/14 8831/8818/14 8829/8816/14
f 8832/8817/14 8834/8819/14 8833/8820/14 8831/8818/14
f 8834/8819/14 8836/8821/14 8835/8822/14 8833/8820/14
f 8836/8821/14 8838/8823/14 8837/8824/14 8835/8822/14
f 8838/8823/14 8840/8825/14 8839/8826/14 8837/8824/14
f 8840/8825/14 8842/8827/14 8841/8828/14 8839/8826/14
f 8842/8827/14 8844/8829/14 8843/8830/14 8841/8828/14
f 8844/8829/14 8846/8831/14 8845/8832/14 8843/8830/14
f 8846/8831/14 8848/8833/14 8847/8834/14 8845/8832/14
f 8848/8833/14 8850/8835/14 8849/8836/14 8847/8834/14
f 8850/8835/14 8852/8837/14 8851/8838/14 8849/8836/14
f 8852/8837/14 8854/8839/14 8853/8840/14 8851/8838/14
f 8854/8839/14 8856/8841/14 8855/8842/14 8853/8840/14
f 8856/8841/14 8858/8843/14 8857/8844/14 8855/8842/14
f 8858/8843/14 8860/8845/14 8859/8846/14 8857/8844/14
f 8860/8845/14 8862/8847/14 8861/8848/14 8859/8846/14
f 8862/8847/14 8864/8849/14 8863/8850/14 8861/8848/14
f 8864/8849/14 8866/8851/14 8865/8852/14 8863/8850/14
f 8866/8851/14 8868/8853/14 8867/8854/14 8865/8852/14
f 8868/8853/14 8870/8855/14 8869/8856/14 8867/8854/14
f 8870/8855/14 8872/8857/14 8871/8858/14 8869/8856/14
f 8872/8857/14 8874/8859/14 8873/8860/14 8871/8858/14
f 8874/8859/14 8876/8861/14 8875/8862/14 8873/8860/14
f 8876/8861/14 8878/8863/14 8877/8864/14 8875/8862/14
f 8878/8863/14 8880/8865/14 8879/8866/14 8877/8864/14
f 8880/8865/14 8882/8867/14 8881/8868/14 8879/8866/14
f 8882/8867/14 8884/8869/14 8883/8870/14 8881/8868/14
f 8884/8869/14 8886/8871/14 8885/8872/14 8883/8870/14
f 8886/8871/14 8888/8873/14 8887/8874/14 8885/8872/14
f 8888/8873/14 8890/8875/14 8889/8876/14 8887/8874/14
f 8890/8875/14 8892/8877/14 8891/8878/14 8889/8876/14
f 8892/8877/14 8894/8879/14 8893/8880/14 8891/8878/14
f 8894/8879/14 8896/8881/14 8895/8882/14 8893/8880/14
f 8896/8881/14 8898/8883/14 8897/8884/14 8895/8882/14
f 8898/8883/14 8900/8885/14 8899/8886/14 8897/8884/14
f 8900/8885/14 8902/8887/14 8901/8888/14 8899/8886/14
f 8902/8887/14 8904/8889/14 8903/8890/14 8901/8888/14
f 8904/8889/14 8906/8891/14 8905/8892/14 8903/8890/14
f 8906/8891/14 8908/8893/14 8907/8894/14 8905/8892/14
f 8908/8893/14 8910/8895/14 8909/8896/14 8907/8894/14
f 8910/8895/14 8912/8897/14 8911/8898/14 8909/8896/14
f 8912/8897/14 8914/8899/14 8913/8900/14 8911/8898/14
f 8914/8899/14 8916/8901/14 8915/8902/14 8913/8900/14
f 8916/8901/14 8918/8903/14 8917/8904/14 8915/8902/14
f 8918/8903/14 8920/8905/14 8919/8906/14 8917/8904/14
f 8920/8905/14 8922/8907/14 8921/8908/14 8919/8906/14
f 8922/8907/14 8924/8909/14 8923/8910/14 8921/8908/14
f 8924/8909/14 8926/8911/14 8925/8912/14 8923/8910/14
f 8926/8911/14 8928/8913/14 8927/8914/14 8925/8912/14
f 8928/8913/14 8930/8915/14 8929/8916/14 8927/8914/14
f 8930/8915/14 8932/8917/14 8931/8918/14 8929/8916/14
f 8932/8917/14 8934/8919/14 8933/8920/14 8931/8918/14
f 8934/8919/14 8936/8921/14 8935/8922/14 8933/8920/14
f 8936/8921/14 8938/8923/14 8937/8924/14 8935/8922/14
f 8938/8923/14 8940/8925/14 8939/8926/14 8937/8924/14
f 8940/8925/14 8942/8927/14 8941/8928/14 8939/8926/14
f 8942/8927/14 8944/8929/14 8943/8930/14 8941/8928/14
f 8944/8929/14 8946/8931/14 8945/8932/14 8943/8930/14
f 8946/8931/14 8948/8933/14 8947/8934/14 8945/8932/14
f 8948/8933/14 8950/8935/14 8949/8936/14 8947/8934/14
f 8950/8935/14 8952/8937/14 8951/8938/14 8949/8936/14
f 8952/8937/14 8954/8939/14 8953/8940/14 8951/8938/14
f 8954/8939/14 8956/8941/14 8955/8942/14 8953/8940/14
f 8956/8941/14 8958/8943/14 8957/8944/14 8955/8942/14
f 8958/8943/14 8960/8945/14 8959/8946/14 8957/8944/14
f 8960/8945/14 8962/8947/14 8961/8948/14 8959/8946/14
f 8962/8947/14 8964/8949/14 8963/8950/14 8961/8948/14
f 8964/8949/14 8966/8951/14 8965/8952/14 8963/8950/14
f 8966/8951/14 8968/8953/14 8967/8954/14 8965/8952/14
f 8968/8953/14 8970/8955/14 8969/8956/14 8967/8954/14
f 8970/8955/14 8972/8957/14 8971/8958/14 8969/8956/14
f 8972/8957/14 8974/8959/14 8973/8960/14 8971/8958/14
f 8974/8959/14 8976/8961/14 8975/8962/14 8973/8960/14
f 8976/8961/14 8978/8963/14 8977/8964/14 8975/8962/14
f 8978/8963/14 8980/8965/14 8979/8966/14 8977/8964/14
f 8980/8965/14 8982/8967/14 8981/8968/14 8979/8966/14
f 8982/8967/14 8984/8969/14 8983/8970/14 8981/8968/14
f 8984/8969/14 8986/8971/14 8985/8972/14 8983/8970/14
f 8986/8971/14 8988/8973/14 8987/8974/14 8985/8972/14
f 8988/8973/14 8990/8975/14 8989/8976/14 8987/8974/14
f 8990/8975/14 8992/8977/14 8991/8978/14 8989/8976/14
f 8992/8977/14 8994/8979/14 8993/8980/14 8991/8978/14
f 8994/8979/14 8996/8981/14 8995/8982/14 8993/8980/14
f 8996/8981/14 8998/8983/14 8997/8984/14 8995/8982/14
f 8998/8983/14 9000/8985/14 8999/8986/14 8997/8984/14
f 9000/8985/14 9002/8987/14 9001/8988/14 8999/8986/14
f 9002/8987/14 9004/8989/14 9003/8990/14 9001/8988/14
f 9004/8989/14 9006/8991/14 9005/8992/14 9003/8990/14
f 9006/8991/14 9008/8993/14 9007/8994/14 9005/8992/14
f 9008/8993/14 9010/8995/14 9009/8996/14 9007/8994/14
f 9010/8995/14 9012/8997/14 9011/8998/14 9009/8996/14
f 9012/8997/14 9014/8999/14 9013/9000/14 9011/8998/14
f 9014/8999/14 9016/9001/14 9015/9002/14 9013/9000/14
f 9016/9001/14 9018/9003/14 9017/9004/14 9015/9002/14
f 9018/9003/14 9020/9005/14 9019/9006/14 9017/9004/14
f 9020/9005/14 9022/9007/14 9021/9008/14 9019/9006/14
f 9022/9007/14 9024/9009/14 9023/9010/14 9021/9008/14
f 9024/9009/14 9026/9011/14 9025/9012/14 9023/9010/14
f 9026/9011/14 9028/9013/14 9027/9014/14 9025/9012/14
f 9028/9013/14 9030/9015/14 9029/9016/14 9027/9014/14
f 9030/9015/14 9032/9017/14 9031/9018/14 9029/9016/14
f 9032/9017/14 9034/9019/14 9033/9020/14 9031/9018/14
f 9034/9019/14 9036/9021/14 9035/9022/14 9033/9020/14
f 9036/9021/14 9038/9023/14 9037/9024/14 9035/9022/14
f 9038/9023/14 9040/9025/14 9039/9026/14 9037/9024/14
f 9040/9025/14 9042/9027/14 9041/9028/14 9039/9026/14
f 9042/9027/14 9044/9029/14 9043/9030/14 9041/9028/14
f 9044/9029/14 9046/9031/14 9045/9032/14 9043/9030/14
f 9046/9031/14 9048/9033/14 9047/9034/14 9045/9032/14
f 9048/9033/14 9050/9035/14 9049/9036/14 9047/9034/14
f 9050/9035/14 9052/9037/14 9051/9038/14 9049/9036/14
f 9052/9037/14 9054/9039/14 9053/9040/14 9051/9038/14
f 9054/9039/14 9056/9041/14 9055/9042/14 9053/9040/14
f 9056/9041/14 9058/9043/14 9057/9044/14 9055/9042/14
f 9058/9043/14 9060/9045/14 9059/9046/14 9057/9044/14
f 9060/9045/14 9062/9047/14 9061/9048/14 9059/9046/14
f 9062/9047/14 9064/9049/14 9063/9050/14 9061/9048/14
f 9064/9049/14 9066/9051/14 9065/9052/14 9063/9050/14
f 9066/9051/14 9068/9053/14 9067/9054/14 9065/9052/14
f 9068/9053/14 9070/9055/14 9069/9056/14 9067/9054/14
f 9070/9055/14 9072/9057/14 9071/9058/14 9069/9056/14
f 9072/9057/14 9074/9059/14 9073/9060/14 9071/9058/14
f 9074/9059/14 9076/9061/14 9075/9062/14 9073/9060/14
f 9076/9061/14 9078/9063/14 9077/9064/14 9075/9062/14
f 9078/9063/14 9080/9065/14 9079/9066/14 9077/9064/14
f 9080/9065/14 9082/9067/14 9081/9068/14 9079/9066/14
f 9082/9067/14 9084/9069/14 9083/9070/14 9081/9068/14
f 9084/9069/14 9086/9071/14 9085/9072/14 9083/9070/14
f 9086/9071/14 9088/9073/14 9087/9074/14 9085/9072/14
f 9088/9073/14 9090/9075/14 9089/9076/14 9087/9074/14
f 9090/9075/14 9092/9077/14 9091/9078/14 9089/9076/14
f 9092/9077/14 9094/9079/14 9093/9080/14 9091/9078/14
f 9094/9079/14 9096/9081/14 9095/9082/14 9093/9080/14
f 9096/9081/14 9098/9083/14 9097/9084/14 9095/9082/14
f 9098/9083/14 9100/9085/14 9099/9086/14 9097/9084/14
f 9100/9085/14 9102/9087/14 9101/9088/14 9099/9086/14
f 9102/9087/14 9104/9089/14 9103/9090/14 9101/9088/14
f 9104/9089/14 9106/9091/14 9105/9092/14 9103/9090/14
f 9106/9091/14 9108/9093/14 9107/9094/14 9105/9092/14
f 9108/9093/14 9110/9095/14 9109/9096/14 9107/9094/14
f 9110/9095/14 9112/9097/14 9111/9098/14 9109/9096/14
f 9112/9097/14 9114/9099/14 9113/9100/14 9111/9098/14
f 9114/9099/14 9116/9101/14 9115/9102/14 9113/9100/14
f 9116/9101/14 9118/9103/14 9117/9104/14 9115/9102/14
f 9118/9103/14 9120/9105/14 9119/9106/14 9117/9104/14
f 9120/9105/14 9122/9107/14 9121/9108/14 9119/9106/14
f 9122/9107/14 9124/9109/14 9123/9110/14 9121/9108/14
f 9124/9109/14 9126/9111/14 9125/9112/14 9123/9110/14
f 9126/9111/14 9128/9113/14 9127/9114/14 9125/9112/14
f 9128/9113/14 9130/9115/14 9129/9116/14 9127/9114/14
f 9130/9115/14 9132/9117/14 9131/9118/14 9129/9116/14
f 9132/9117/14 9134/9119/14 9133/9120/14 9131/9118/14
f 9134/9119/14 9136/9121/14 9135/9122/14 9133/9120/14
f 9136/9121/14 9138/9123/14 9137/9124/14 9135/9122/14
f 9138/9123/14 9140/9125/14 9139/9126/14 9137/9124/14
f 9140/9125/14 9142/9127/14 9141/9128/14 9139/9126/14
f 9142/9127/14 9144/9129/14 9143/9130/14 9141/9128/14
f 9144/9129/14 9146/9131/14 9145/9132/14 9143/9130/14
f 9146/9131/14 9148/9133/14 9147/9134/14 9145/9132/14
f 9148/9133/14 9150/9135/14 9149/9136/14 9147/9134/14
f 9150/9135/14 9152/9137/14 9151/9138/14 9149/9136/14
f 9152/9137/14 9154/9139/14 9153/9140/14 9151/9138/14
f 9154/9139/14 9156/9141/14 9155/9142/14 9153/9140/14
f 9156/9141/14 9158/9143/14 9157/9144/14 9155/9142/14
f 9158/9143/14 9160/9145/14 9159/9146/14 9157/9144/14
f 9160/9145/14 9162/9147/14 9161/9148/14 9159/9146/14
f 9162/9147/14 9164/9149/14 9163/9150/14 9161/9148/14
f 9164/9149/14 9166/9151/14 9165/9152/14 9163/9150/14
f 9166/9151/14 9168/9153/14 9167/9154/14 9165/9152/14
f 9168/9153/14 9170/9155/14 9169/9156/14 9167/9154/14
f 9170/9155/14 9172/9157/14 9171/9158/14 9169/9156/14
f 9172/9157/14 9174/9159/14 9173/9160/14 9171/9158/14
f 9174/9159/14 9176/9161/14 9175/9162/14 9173/9160/14
f 9176/9161/14 9178/9163/14 9177/9164/14 9175/9162/14
f 9178/9163/14 9180/9165/14 9179/9166/14 9177/9164/14
f 9180/9165/14 9182/9167/14 9181/9168/14 9179/9166/14
f 9182/9167/14 9184/9169/14 9183/9170/14 9181/9168/14
f 9184/9169/14 9186/9171/14 9185/9172/14 9183/9170/14
f 9186/9171/14 9188/9173/14 9187/9174/14 9185/9172/14
f 9188/9173/14 9190/9175/14 9189/9176/14 9187/9174/14
f 9190/9175/14 9192/9177/14 9191/9178/14 9189/9176/14
f 9192/9177/14 9194/9179/14 9193/9180/14 9191/9178/14
f 9194/9179/14 9196/9181/14 9195/9182/14 9193/9180/14
f 9196/9181/14 9198/9183/14 9197/9184/14 9195/9182/14
f 9198/9183/14 9200/9185/14 9199/9186/14 9197/9184/14
f 9200/9185/14 9202/9187/14 9201/9188/14 9199/9186/14
f 9202/9187/14 9204/9189/14 9203/9190/14 9201/9188/14
f 9204/9189/14 9206/9191/14 9205/9192/14 9203/9190/14
f 9206/9191/14 9208/9193/14 9207/9194/14 9205/9192/14
f 9208/9193/14 9210/9195/14 9209/9196/14 9207/9194/14
f 9210/9195/14 9212/9197/14 9211/9198/14 9209/9196/14
f 9212/9197/14 9214/9199/14 9213/9200/14 9211/9198/14
f 9214/9199/14 9216/9201/14 9215/9202/14 9213/9200/14
f 9216/9201/14 9218/9203/14 9217/9204/14 9215/9202/14
f 9218/9203/14 9220/9205/14 9219/9206/14 9217/9204/14
f 9220/9205/14 9222/9207/14 9221/9208/14 9219/9206/14
f 9222/9207/14 9224/9209/14 9223/9210/14 9221/9208/14
f 9224/9209/14 9226/9211/14 9225/9212/14 9223/9210/14
f 9226/9211/14 9228/9213/14 9227/9214/14 9225/9212/14
f 9228/9213/14 9230/9215/14 9229/9216/14 9227/9214/14
f 9230/9215/14 9232/9217/14 9231/9218/14 9229/9216/14
f 9232/9217/14 9234/9219/14 9233/9220/14 9231/9218/14
f 9234/9219/14 9236/9221/14 9235/9222/14 9233/9220/14
f 9236/9221/14 9238/9223/14 9237/9224/14 9235/9222/14
f 9238/9223/14 9240/9225/14 9239/9226/14 9237/9224/14
f 9240/9225/14 9242/9227/14 9241/9228/14 9239/9226/14
f 9242/9227/14 9244/9229/14 9243/9230/14 9241/9228/14
f 9244/9229/14 9246/9231/14 9245/9232/14 9243/9230/14
f 9246/9231/14 9248/9233/14 9247/9234/14 9245/9232/14
f 9248/9233/14 9250/9235/14 9249/9236/14 9247/9234/14
f 9250/9235/14 9252/9237/14 9251/9238/14 9249/9236/14
f 9252/9237/14 9254/9239/14 9253/9240/14 9251/9238/14
f 9254/9239/14 9256/9241/14 9255/9242/14 9253/9240/14
f 9256/9241/14 9258/9243/14 9257/9244/14 9255/9242/14
f 9258/9243/14 9260/9245/14 9259/9246/14 9257/9244/14
f 9260/9245/14 9262/9247/14 9261/9248/14 9259/9246/14
f 9262/9247/14 9264/9249/14 9263/9250/14 9261/9248/14
f 9264/9249/14 9266/9251/14 9265/9252/14 9263/9250/14
f 9266/9251/14 9268/9253/14 9267/9254/14 9265/9252/14
f 9268/9253/14 9270/9255/14 9269/9256/14 9267/9254/14
f 9270/9255/14 9272/9257/14 9271/9258/14 9269/9256/14
f 9272/9257/14 9274/9259/14 9273/9260/14 9271/9258/14
f 9274/9259/14 9276/9261/14 9275/9262/14 9273/9260/14
f 9276/9261/14 9278/9263/14 9277/9264/14 9275/9262/14
f 9278/9263/14 9280/9265/14 9279/9266/14 9277/9264/14
f 9280/9265/14 9282/9267/14 9281/9268/14 9279/9266/14
f 9282/9267/14 9284/9269/14 9283/9270/14 9281/9268/14
f 9284/9269/14 9286/9271/14 9285/9272/14 9283/9270/14
f 9286/9271/14 9288/9273/14 9287/9274/14 9285/9272/14
f 9288/9273/14 9290/9275/14 9289/9276/14 9287/9274/14
f 9290/9275/14 9292/9277/14 9291/9278/14 9289/9276/14
f 9292/9277/14 9294/9279/14 9293/9280/14 9291/9278/14
f 9294/9279/14 9296/9281/14 9295/9282/14 9293/9280/14
f 9296/9281/14 9298/9283/14 9297/9284/14 9295/9282/14
f 9298/9283/14 9300/9285/14 9299/9286/14 9297/9284/14
f 9300/9285/14 9302/9287/14 9301/9288/14 9299/9286/14
f 9302/9287/14 9304/9289/14 9303/9290/14 9301/9288/14
f 9304/9289/14 9306/9291/14 9305/9292/14 9303/9290/14
f 9306/9291/14 9308/9293/14 9307/9294/14 9305/9292/14
f 9308/9293/14 9310/9295/14 9309/9296/14 9307/9294/14
f 9310/9295/14 9312/9297/14 9311/9298/14 9309/9296/14
f 9312/9297/14 9314/9299/14 9313/9300/14 9311/9298/14
f 9314/9299/14 9316/9301/14 9315/9302/14 9313/9300/14
f 9316/9301/14 9318/9303/14 9317/9304/14 9315/9302/14
f 9318/9303/14 9320/9305/14 9319/9306/14 9317/9304/14
f 9320/9305/14 9322/9307/14 9321/9308/14 9319/9306/14
f 9322/9307/14 9324/9309/14 9323/9310/14 9321/9308/14
f 9324/9309/14 9326/9311/14 9325/9312/14 9323/9310/14
f 9326/9311/14 9328/9313/14 9327/9314/14 9325/9312/14
f 9328/9313/14 9330/9315/14 9329/9316/14 9327/9314/14
f 9330/9315/14 9332/9317/14 9331/9318/14 9329/9316/14
f 9332/9317/14 9334/9319/14 9333/9320/14 9331/9318/14
f 9334/9319/14 9336/9321/14 9335/9322/14 9333/9320/14
f 9336/9321/14 9338/9323/14 9337/9324/14 9335/9322/14
f 9338/9323/14 9340/9325/14 9339/9326/14 9337/9324/14
f 9340/9325/14 9342/9327/14 9341/9328/14 9339/9326/14
f 9342/9327/14 9344/9329/14 9343/9330/14 9341/9328/14
f 9344/9329/14 9346/9331/14 9345/9332/14 9343/9330/14
f 9346/9331/14 9348/9333/14 9347/9334/14 9345/9332/14
f 9348/9333/14 9350/9335/14 9349/9336/14 9347/9334/14
f 9350/9335/14 9352/9337/14 9351/9338/14 9349/9336/14
f 9352/9337/14 9354/9339/14 9353/9340/14 9351/9338/14
f 9354/9339/14 9356/9341/14 9355/9342/14 9353/9340/14
f 9356/9341/14 9358/9343/14 9357/9344/14 9355/9342/14
f 9358/9343/14 9360/9345/14 9359/9346/14 9357/9344/14
f 9360/9345/14 9362/9347/14 9361/9348/14 9359/9346/14
f 9362/9347/14 9364/9349/14 9363/9350/14 9361/9348/14
f 9364/9349/14 9366/9351/14 9365/9352/14 9363/9350/14
f 9366/9351/14 9368/9353/14 9367/9354/14 9365/9352/14
f 9368/9353/14 9370/9355/14 9369/9356/14 9367/9354/14
f 9370/9355/14 9372/9357/14 9371/9358/14 9369/9356/14
f 9372/9357/14 9374/9359/14 9373/9360/14 9371/9358/14
f 9374/9359/14 9376/9361/14 9375/9362/14 9373/9360/14
f 9376/9361/14 9378/9363/14 9377/9364/14 9375/9362/14
f 9378/9363/14 9380/9365/14 9379/9366/14 9377/9364/14
f 9380/9365/14 9382/9367/14 9381/9368/14 9379/9366/14
f 9382/9367/14 9384/9369/14 9383/9370/14 9381/9368/14
f 9384/9369/14 9386/9371/14 9385/9372/14 9383/9370/14
f 9386/9371/14 9388/9373/14 9387/9374/14 9385/9372/14
f 9388/9373/14 9390/9375/14 9389/9376/14 9387/9374/14
f 9390/9375/14 9392/9377/14 9391/9378/14 9389/9376/14
f 9392/9377/14 9394/9379/14 9393/9380/14 9391/9378/14
f 9394/9379/14 9396/9381/14 9395/9382/14 9393/9380/14
f 9396/9381/14 9398/9383/14 9397/9384/14 9395/9382/14
f 9398/9383/14 9400/9385/14 9399/9386/14 9397/9384/14
f 9400/9385/14 9402/9387/14 9401/9388/14 9399/9386/14
f 9402/9387/14 9404/9389/14 9403/9390/14 9401/9388/14
f 9404/9389/14 9406/9391/14 9405/9392/14 9403/9390/14
f 9406/9391/14 9408/9393/14 9407/9394/14 9405/9392/14
f 9408/9393/14 9410/9395/14 9409/9396/14 9407/9394/14
f 9410/9395/14 9412/9397/14 9411/9398/14 9409/9396/14
f 9412/9397/14 9414/9399/14 9413/9400/14 9411/9398/14
f 9414/9399/14 9416/9401/14 9415/9402/14 9413/9400/14
f 9416/9401/14 9418/9403/14 9417/9404/14 9415/9402/14
f 9418/9403/14 9420/9405/14 9419/9406/14 9417/9404/14
f 9420/9405/14 9422/9407/14 9421/9408/14 9419/9406/14
f 9422/9407/14 9424/9409/14 9423/9410/14 9421/9408/14
f 9424/9409/14 9426/9411/14 9425/9412/14 9423/9410/14
f 9426/9411/14 9428/9413/14 9427/9414/14 9425/9412/14
f 9428/9413/14 9430/9415/14 9429/9416/14 9427/9414/14
f 9430/9415/14 9432/9417/14 9431/9418/14 9429/9416/14
f 9432/9417/14 9434/9419/14 9433/9420/14 9431/9418/14
f 9434/9419/14 9436/9421/14 9435/9422/14 9433/9420/14
f 9436/9421/14 9438/9423/14 9437/9424/14 9435/9422/14
f 9438/9423/14 9440/9425/14 9439/9426/14 9437/9424/14
f 9440/9425/14 9442/9427/14 9441/9428/14 9439/9426/14
f 9442/9427/14 9444/9429/14 9443/9430/14 9441/9428/14
f 9444/9429/14 9446/9431/14 9445/9432/14 9443/9430/14
f 9446/9431/14 9448/9433/14 9447/9434/14 9445/9432/14
f 9448/9433/14 9450/9435/14 9449/9436/14 9447/9434/14
f 9450/9435/14 9452/9437/14 9451/9438/14 9449/9436/14
f 9452/9437/14 9454/9439/14 9453/9440/14 9451/9438/14
f 9454/9439/14 9456/9441/14 9455/9442/14 9453/9440/14
f 9456/9441/14 9458/9443/14 9457/9444/14 9455/9442/14
f 9458/9443/14 9460/9445/14 9459/9446/14 9457/9444/14
f 9460/9445/14 9462/9447/14 9461/9448/14 9459/9446/14
f 9462/9447/14 9464/9449/14 9463/9450/14 9461/9448/14
f 9464/9449/14 9466/9451/14 9465/9452/14 9463/9450/14
f 9466/9451/14 9468/9453/14 9467/9454/14 9465/9452/14
f 9468/9453/14 9470/9455/14 9469/9456/14 9467/9454/14
f 9470/9455/14 9472/9457/14 9471/9458/14 9469/9456/14
f 9472/9457/14 9474/9459/14 9473/9460/14 9471/9458/14
f 9474/9459/14 9476/9461/14 9475/9462/14 9473/9460/14
f 9476/9461/14 9478/9463/14 9477/9464/14 9475/9462/14
f 9478/9463/14 9480/9465/14 9479/9466/14 9477/9464/14
f 9480/9465/14 9482/9467/14 9481/9468/14 9479/9466/14
f 9482/9467/14 9484/9469/14 9483/9470/14 9481/9468/14
f 9484/9469/14 9486/9471/14 9485/9472/14 9483/9470/14
f 9486/9471/14 9488/9473/14 9487/9474/14 9485/9472/14
f 9488/9473/14 9490/9475/14 9489/9476/14 9487/9474/14
f 9490/9475/14 9492/9477/14 9491/9478/14 9489/9476/14
f 9492/9477/14 9494/9479/14 9493/9480/14 9491/9478/14
f 9494/9479/14 9496/9481/14 9495/9482/14 9493/9480/14
f 9496/9481/14 9498/9483/14 9497/9484/14 9495/9482/14
f 9498/9483/14 9500/9485/14 9499/9486/14 9497/9484/14
f 9500/9485/14 9502/9487/14 9501/9488/14 9499/9486/14
f 9502/9487/14 9504/9489/14 9503/9490/14 9501/9488/14
f 9504/9489/14 9506/9491/14 9505/9492/14 9503/9490/14
f 9506/9491/14 9508/9493/14 9507/9494/14 9505/9492/14
f 9508/9493/14 9510/9495/14 9509/9496/14 9507/9494/14
f 9510/9495/14 9512/9497/14 9511/9498/14 9509/9496/14
f 9512/9497/14 9514/9499/14 9513/9500/14 9511/9498/14
f 9514/9499/14 9516/9501/14 9515/9502/14 9513/9500/14
f 9516/9501/14 9518/9503/14 9517/9504/14 9515/9502/14
f 9518/9503/14 9520/9505/14 9519/9506/14 9517/9504/14
f 9520/9505/14 9522/9507/14 9521/9508/14 9519/9506/14
f 9522/9507/14 9524/9509/14 9523/9510/14 9521/9508/14
f 9524/9509/14 9526/9511/14 9525/9512/14 9523/9510/14
f 9526/9511/14 9528/9513/14 9527/9514/14 9525/9512/14
f 9528/9513/14 9530/9515/14 9529/9516/14 9527/9514/14
f 9530/9515/14 9532/9517/14 9531/9518/14 9529/9516/14
f 9532/9517/14 9534/9519/14 9533/9520/14 9531/9518/14
f 9534/9519/14 9536/9521/14 9535/9522/14 9533/9520/14
f 9536/9521/14 9538/9523/14 9537/9524/14 9535/9522/14
f 9538/9523/14 9540/9525/14 9539/9526/14 9537/9524/14
f 9540/9525/14 9542/9527/14 9541/9528/14 9539/9526/14
f 9542/9527/14 9544/9529/14 9543/9530/14 9541/9528/14
f 9544/9529/14 9546/9531/14 9545/9532/14 9543/9530/14
f 9546/9531/14 9548/9533/14 9547/9534/14 9545/9532/14
f 9548/9533/14 9550/9535/14 9549/9536/14 9547/9534/14
f 9550/9535/14 9552/9537/14 9551/9538/14 9549/9536/14
f 9552/9537/14 9554/9539/14 9553/9540/14 9551/9538/14
f 9554/9539/14 9556/9541/14 9555/9542/14 9553/9540/14
f 9556/9541/14 9558/9543/14 9557/9544/14 9555/9542/14
f 9558/9543/14 9560/9545/14 9559/9546/14 9557/9544/14
f 9560/9545/14 9562/9547/14 9561/9548/14 9559/9546/14
f 9562/9547/14 9564/9549/14 9563/9550/14 9561/9548/14
f 9564/9549/14 9566/9551/14 9565/9552/14 9563/9550/14
f 9566/9551/14 9568/9553/14 9567/9554/14 9565/9552/14
f 9568/9553/14 9570/9555/14 9569/9556/14 9567/9554/14
f 9570/9555/14 9572/9557/14 9571/9558/14 9569/9556/14
f 9572/9557/14 9574/9559/14 9573/9560/14 9571/9558/14
f 9574/9559/14 9576/9561/14 9575/9562/14 9573/9560/14
f 9576/9561/14 9578/9563/14 9577/9564/14 9575/9562/14
f 9578/9563/14 9580/9565/14 9579/9566/14 9577/9564/14
f 9580/9565/14 9582/9567/14 9581/9568/14 9579/9566/14
f 9582/9567/14 9584/9569/14 9583/9570/14 9581/9568/14
f 9584/9569/14 9586/9571/14 9585/9572/14 9583/9570/14
f 9586/9571/14 9588/9573/14 9587/9574/14 9585/9572/14
f 9588/9573/14 9590/9575/14 9589/9576/14 9587/9574/14
f 9590/9575/14 9592/9577/14 9591/9578/14 9589/9576/14
f 9592/9577/14 9594/9579/14 9593/9580/14 9591/9578/14
f 9594/9579/14 9596/9581/14 9595/9582/14 9593/9580/14
f 9596/9581/14 9598/9583/14 9597/9584/14 9595/9582/14
f 9598/9583/14 9600/9585/14 9599/9586/14 9597/9584/14
f 9600/9585/14 9602/9587/14 9601/9588/14 9599/9586/14
f 9602/9587/14 9604/9589/14 9603/9590/14 9601/9588/14
f 9604/9589/14 9606/9591/14 9605/9592/14 9603/9590/14
f 9606/9591/14 9608/9593/14 9607/9594/14 9605/9592/14
f 9608/9593/14 9610/9595/14 9609/9596/14 9607/9594/14
f 9610/9595/14 9612/9597/14 9611/9598/14 9609/9596/14
f 9612/9597/14 9614/9599/14 9613/9600/14 9611/9598/14
f 9614/9599/14 9616/9601/14 9615/9602/14 9613/9600/14
f 9616/9601/14 9618/9603/14 9617/9604/14 9615/9602/14
f 9618/9603/14 9620/9605/14 9619/9606/14 9617/9604/14
f 9620/9605/14 9622/9607/14 9621/9608/14 9619/9606/14
f 9622/9607/14 9624/9609/14 9623/9610/14 9621/9608/14
f 9624/9609/14 9626/9611/14 9625/9612/14 9623/9610/14
f 9626/9611/14 9628/9613/14 9627/9614/14 9625/9612/14
f 9628/9613/14 9630/9615/14 9629/9616/14 9627/9614/14
f 9630/9615/14 9632/9617/14 9631/9618/14 9629/9616/14
f 9632/9617/14 9634/9619/14 9633/9620/14 9631/9618/14
f 9634/9619/14 9636/9621/14 9635/9622/14 9633/9620/14
f 9636/9621/14 9638/9623/14 9637/9624/14 9635/9622/14
f 9638/9623/14 9640/9625/14 9639/9626/14 9637/9624/14
f 9640/9625/14 9642/9627/14 9641/9628/14 9639/9626/14
f 9642/9627/14 9644/9629/14 9643/9630/14 9641/9628/14
f 9644/9629/14 9646/9631/14 9645/9632/14 9643/9630/14
f 9646/9631/14 9648/9633/14 9647/9634/14 9645/9632/14
f 9648/9633/14 9650/9635/14 9649/9636/14 9647/9634/14
f 9650/9635/14 9652/9637/14 9651/9638/14 9649/9636/14
f 9652/9637/14 9654/9639/14 9653/9640/14 9651/9638/14
f 9654/9639/14 9656/9641/14 9655/9642/14 9653/9640/14
f 9656/9641/14 9658/9643/14 9657/9644/14 9655/9642/14
f 9658/9643/14 9660/9645/14 9659/9646/14 9657/9644/14
f 9660/9645/14 9662/9647/14 9661/9648/14 9659/9646/14
f 9662/9647/14 9664/9649/14 9663/9650/14 9661/9648/14
f 9664/9649/14 9666/9651/14 9665/9652/14 9663/9650/14
f 9666/9651/14 9668/9653/14 9667/9654/14 9665/9652/14
f 9668/9653/14 9670/9655/14 9669/9656/14 9667/9654/14
f 9670/9655/14 9672/9657/14 9671/9658/14 9669/9656/14
f 9672/9657/14 9674/9659/14 9673/9660/14 9671/9658/14
f 9674/9659/14 9676/9661/14 9675/9662/14 9673/9660/14
f 9676/9661/14 9678/9663/14 9677/9664/14 9675/9662/14
f 9678/9663/14 9680/9665/14 9679/9666/14 9677/9664/14
f 9680/9665/14 9682/9667/14 9681/9668/14 9679/9666/14
f 9682/9667/14 9684/9669/14 9683/9670/14 9681/9668/14
f 9684/9669/14 9686/9671/14 9685/9672/14 9683/9670/14
f 9686/9671/14 9688/9673/14 9687/9674/14 9685/9672/14
f 9688/9673/14 9690/9675/14 9689/9676/14 9687/9674/14
f 9690/9675/14 9692/9677/14 9691/9678/14 9689/9676/14
f 9692/9677/14 9694/9679/14 9693/9680/14 9691/9678/14
f 9694/9679/14 9696/9681/14 9695/9682/14 9693/9680/14
f 9696/9681/14 9698/9683/14 9697/9684/14 9695/9682/14
f 9698/9683/14 9700/9685/14 9699/9686/14 9697/9684/14
f 9700/9685/14 9702/9687/14 9701/9688/14 9699/9686/14
f 9702/9687/14 9704/9689/14 9703/9690/14 9701/9688/14
f 9704/9689/14 9706/9691/14 9705/9692/14 9703/9690/14
f 9706/9691/14 9708/9693/14 9707/9694/14 9705/9692/14
f 9708/9693/14 9710/9695/14 9709/9696/14 9707/9694/14
f 9710/9695/14 9712/9697/14 9711/9698/14 9709/9696/14
f 9712/9697/14 9714/9699/14 9713/9700/14 9711/9698/14
f 9714/9699/14 9716/9701/14 9715/9702/14 9713/9700/14
f 9716/9701/14 9718/9703/14 9717/9704/14 9715/9702/14
f 9718/9703/14 9720/9705/14 9719/9706/14 9717/9704/14
f 9720/9705/14 9722/9707/14 9721/9708/14 9719/9706/14
f 9722/9707/14 9724/9709/14 9723/9710/14 9721/9708/14
f 9724/9709/14 9726/9711/14 9725/9712/14 9723/9710/14
f 9726/9711/14 9728/9713/14 9727/9714/14 9725/9712/14
f 9728/9713/14 9730/9715/14 9729/9716/14 9727/9714/14
f 9730/9715/14 9732/9717/14 9731/9718/14 9729/9716/14
f 9732/9717/14 9734/9719/14 9733/9720/14 9731/9718/14
f 9734/9719/14 9736/9721/14 9735/9722/14 9733/9720/14
f 9736/9721/14 9738/9723/14 9737/9724/14 9735/9722/14
f 9738/9723/14 9740/9725/14 9739/9726/14 9737/9724/14
f 9740/9725/14 9742/9727/14 9741/9728/14 9739/9726/14
f 9742/9727/14 9744/9729/14 9743/9730/14 9741/9728/14
f 9744/9729/14 9746/9731/14 9745/9732/14 9743/9730/14
f 9746/9731/14 9748/9733/14 9747/9734/14 9745/9732/14
f 9748/9733/14 9750/9735/14 9749/9736/14 9747/9734/14
f 9750/9735/14 9752/9737/14 9751/9738/14 9749/9736/14
f 9752/9737/14 9754/9739/14 9753/9740/14 9751/9738/14
f 9754/9739/14 9756/9741/14 9755/9742/14 9753/9740/14
f 9756/9741/14 9758/9743/14 9757/9744/14 9755/9742/14
f 9758/9743/14 9760/9745/14 9759/9746/14 9757/9744/14
f 9760/9745/14 9762/9747/14 9761/9748/14 9759/9746/14
f 9762/9747/14 9764/9749/14 9763/9750/14 9761/9748/14
f 9764/9749/14 9766/9751/14 9765/9752/14 9763/9750/14
f 9766/9751/14 9768/9753/14 9767/9754/14 9765/9752/14
f 9768/9753/14 9770/9755/14 9769/9756/14 9767/9754/14
f 9770/9755/14 9772/9757/14 9771/9758/14 9769/9756/14
f 9772/9757/14 9774/9759/14 9773/9760/14 9771/9758/14
f 9774/9759/14 9776/9761/14 9775/9762/14 9773/9760/14
f 9776/9761/14 9778/9763/14 9777/9764/14 9775/9762/14
f 9778/9763/14 9780/9765/14 9779/9766/14 9777/9764/14
f 9780/9765/14 9782/9767/14 9781/9768/14 9779/9766/14
f 9782/9767/14 9784/9769/14 9783/9770/14 9781/9768/14
f 9784/9769/14 9786/9771/14 9785/9772/14 9783/9770/14
f 9786/9771/14 9788/9773/14 9787/9774/14 9785/9772/14
f 9788/9773/14 9790/9775/14 9789/9776/14 9787/9774/14
f 9790/9775/14 9792/9777/14 9791/9778/14 9789/9776/14
f 9792/9777/14 9794/9779/14 9793/9780/14 9791/9778/14
f 9794/9779/14 9796/9781/14 9795/9782/14 9793/9780/14
f 9796/9781/14 9798/9783/14 9797/9784/14 9795/9782/14
f 9798/9783/14 9800/9785/14 9799/9786/14 9797/9784/14
f 9800/9785/14 9802/9787/14 9801/9788/14 9799/9786/14
f 9802/9787/14 9804/9789/14 9803/9790/14 9801/9788/14
f 9804/9789/14 9806/9791/14 9805/9792/14 9803/9790/14
f 9806/9791/14 9808/9793/14 9807/9794/14 9805/9792/14
f 9808/9793/14 9810/9795/14 9809/9796/14 9807/9794/14
f 9810/9795/14 9812/9797/14 9811/9798/14 9809/9796/14
f 9812/9797/14 9814/9799/14 9813/9800/14 9811/9798/14
f 9814/9799/14 9816/9801/14 9815/9802/14 9813/9800/14
f 9816/9801/14 9818/9803/14 9817/9804/14 9815/9802/14
f 9818/9803/14 9820/9805/14 9819/9806/14 9817/9804/14
f 9820/9805/14 9822/9807/14 9821/9808/14 9819/9806/14
f 9822/9807/14 9824/9809/14 9823/9810/14 9821/9808/14
f 9824/9809/14 9826/9811/14 9825/9812/14 9823/9810/14
f 9826/9811/14 9828/9813/14 9827/9814/14 9825/9812/14
f 9828/9813/14 9830/9815/14 9829/9816/14 9827/9814/14
f 9830/9815/14 9832/9817/14 9831/9818/14 9829/9816/14
f 9832/9817/14 9834/9819/14 9833/9820/14 9831/9818/14
f 9834/9819/14 9836/9821/14 9835/9822/14 9833/9820/14
f 9836/9821/14 9838/9823/14 9837/9824/14 9835/9822/14
f 9838/9823/14 9840/9825/14 9839/9826/14 9837/9824/14
f 9840/9825/14 9842/9827/14 9841/9828/14 9839/9826/14
f 9842/9827/14 9844/9829/14 9843/9830/14 9841/9828/14
f 9844/9829/14 9846/9831/14 9845/9832/14 9843/9830/14
f 9846/9831/14 9848/9833/14 9847/9834/14 9845/9832/14
f 9848/9833/14 9850/9835/14 9849/9836/14 9847/9834/14
f 9850/9835/14 9852/9837/14 9851/9838/14 9849/9836/14
f 9852/9837/14 9854/9839/14 9853/9840/14 9851/9838/14
f 9854/9839/14 9856/9841/14 9855/9842/14 9853/9840/14
f 9856/9841/14 9858/9843/14 9857/9844/14 9855/9842/14
f 9858/9843/14 9860/9845/14 9859/9846/14 9857/9844/14
f 9860/9845/14 9862/9847/14 9861/9848/14 9859/9846/14
f 9862/9847/14 9864/9849/14 9863/9850/14 9861/9848/14
f 9864/9849/14 9866/9851/14 9865/9852/14 9863/9850/14
f 9866/9851/14 9868/9853/14 9867/9854/14 9865/9852/14
f 9868/9853/14 9870/9855/14 9869/9856/14 9867/9854/14
f 9870/9855/14 9872/9857/14 9871/9858/14 9869/9856/14
f 9872/9857/14 9874/9859/14 9873/9860/14 9871/9858/14
f 9874/9859/14 9876/9861/14 9875/9862/14 9873/9860/14
f 9876/9861/14 9878/9863/14 9877/9864/14 9875/9862/14
f 9878/9863/14 9880/9865/14 9879/9866/14 9877/9864/14
f 9880/9865/14 9882/9867/14 9881/9868/14 9879/9866/14
f 9882/9867/14 9884/9869/14 9883/9870/14 9881/9868/14
f 9884/9869/14 9886/9871/14 9885/9872/14 9883/9870/14
f 9886/9871/14 9888/9873/14 9887/9874/14 9885/9872/14
f 9888/9873/14 9890/9875/14 9889/9876/14 9887/9874/14
f 9890/9875/14 9892/9877/14 9891/9878/14 9889/9876/14
f 9892/9877/14 9894/9879/14 9893/9880/14 9891/9878/14
f 9894/9879/14 9896/9881/14 9895/9882/14 9893/9880/14
f 9896/9881/14 9898/9883/14 9897/9884/14 9895/9882/14
f 9898/9883/14 9900/9885/14 9899/9886/14 9897/9884/14
f 9900/9885/14 9902/9887/14 9901/9888/14 9899/9886/14
f 9902/9887/14 9904/9889/14 9903/9890/14 9901/9888/14
f 9904/9889/14 9906/9891/14 9905/9892/14 9903/9890/14
f 9906/9891/14 9908/9893/14 9907/9894/14 9905/9892/14
f 9908/9893/14 9910/9895/14 9909/9896/14 9907/9894/14
f 9910/9895/14 9912/9897/14 9911/9898/14 9909/9896/14
f 9912/9897/14 9914/9899/14 9913/9900/14 9911/9898/14
f 9914/9899/14 9916/9901/14 9915/9902/14 9913/9900/14
f 9916/9901/14 9918/9903/14 9917/9904/14 9915/9902/14
f 9918/9903/14 9920/9905/14 9919/9906/14 9917/9904/14
f 9920/9905/14 9922/9907/14 9921/9908/14 9919/9906/14
f 9922/9907/14 9924/9909/14 9923/9910/14 9921/9908/14
f 9924/9909/14 9926/9911/14 9925/9912/14 9923/9910/14
f 9926/9911/14 9928/9913/14 9927/9914/14 9925/9912/14
f 9928/9913/14 9930/9915/14 9929/9916/14 9927/9914/14
f 9930/9915/14 9932/9917/14 9931/9918/14 9929/9916/14
f 9932/9917/14 9934/9919/14 9933/9920/14 9931/9918/14
f 9934/9919/14 9936/9921/14 9935/9922/14 9933/9920/14
f 9936/9921/14 9938/9923/14 9937/9924/14 9935/9922/14
f 9938/9923/14 9940/9925/14 9939/9926/14 9937/9924/14
f 9940/9925/14 9942/9927/14 9941/9928/14 9939/9926/14
f 9942/9927/14 9944/9929/14 9943/9930/14 9941/9928/14
f 9944/9929/14 9946/9931/14 9945/9932/14 9943/9930/14
f 9946/9931/14 9948/9933/14 9947/9934/14 9945/9932/14
f 9948/9933/14 9950/9935/14 9949/9936/14 9947/9934/14
f 9950/9935/14 9952/9937/14 9951/9938/14 9949/9936/14
f 9952/9937/14 9954/9939/14 9953/9940/14 9951/9938/14
f 9954/9939/14 9956/9941/14 9955/9942/14 9953/9940/14
f 9956/9941/14 9958/9943/14 9957/9944/14 9955/9942/14
f 9958/9943/14 9960/9945/14 9959/9946/14 9957/9944/14
f 9960/9945/14 9962/9947/14 9961/9948/14 9959/9946/14
f 9962/9947/14 9964/9949/14 9963/9950/14 9961/9948/14
f 9964/9949/14 9966/9951/14 9965/9952/14 9963/9950/14
f 9966/9951/14 9968/9953/14 9967/9954/14 9965/9952/14
f 9968/9953/14 9970/9955/14 9969/9956/14 9967/9954/14
f 9970/9955/14 9972/9957/14 9971/9958/14 9969/9956/14
f 9972/9957/14 9974/9959/14 9973/9960/14 9971/9958/14
f 9974/9959/14 9976/9961/14 9975/9962/14 9973/9960/14
f 9976/9961/14 9978/9963/14 9977/9964/14 9975/9962/14
f 9978/9963/14 9980/9965/14 9979/9966/14 9977/9964/14
f 9980/9965/14 9982/9967/14 9981/9968/14 9979/9966/14
f 9982/9967/14 9984/9969/14 9983/9970/14 9981/9968/14
f 9984/9969/14 9986/9971/14 9985/9972/14 9983/9970/14
f 9986/9971/14 9988/9973/14 9987/9974/14 9985/9972/14
f 9988/9973/14 9990/9975/14 9989/9976/14 9987/9974/14
f 9990/9975/14 9992/9977/14 9991/9978/14 9989/9976/14
f 9992/9977/14 9994/9979/14 9993/9980/14 9991/9978/14
f 9994/9979/14 9996/9981/14 9995/9982/14 9993/9980/14
f 9996/9981/14 9998/9983/14 9997/9984/14 9995/9982/14
f 9998/9983/14 10000/9985/14 9999/9986/14 9997/9984/14
f 10000/9985/14 10002/9987/14 10001/9988/14 9999/9986/14
f 10002/9987/14 10004/9989/14 10003/9990/14 10001/9988/14
f 10004/9989/14 10006/9991/14 10005/9992/14 10003/9990/14
f 10006/9991/14 10008/9993/14 10007/9994/14 10005/9992/14
f 10008/9993/14 10010/9995/14 10009/9996/14 10007/9994/14
f 10010/9995/14 10012/9997/14 10011/9998/14 10009/9996/14
f 10012/9997/14 10014/9999/14 10013/10000/14 10011/9998/14
f 10014/9999/14 10016/10001/14 10015/10002/14 10013/10000/14
f 10016/10001/14 10018/10003/14 10017/10004/14 10015/10002/14
f 10018/10003/14 10020/10005/14 10019/10006/14 10017/10004/14
f 10020/10005/14 10022/10007/14 10021/10008/14 10019/10006/14
f 10022/10007/14 10024/10009/14 10023/10010/14 10021/10008/14
f 10024/10009/14 10026/10011/14 10025/10012/14 10023/10010/14
f 10026/10011/14 10028/10013/14 10027/10014/14 10025/10012/14
f 10028/10013/14 10030/10015/14 10029/10016/14 10027/10014/14
f 10030/10015/14 10032/10017/14 10031/10018/14 10029/10016/14
f 10032/10017/14 10034/10019/14 10033/10020/14 10031/10018/14
f 10034/10019/14 10036/10021/14 10035/10022/14 10033/10020/14
f 10036/10021/14 10038/10023/14 10037/10024/14 10035/10022/14
f 10038/10023/14 10040/10025/14 10039/10026/14 10037/10024/14
f 10040/10025/14 10042/10027/14 10041/10028/14 10039/10026/14
f 10042/10027/14 10044/10029/14 10043/10030/14 10041/10028/14
f 10044/10029/14 10046/10031/14 10045/10032/14 10043/10030/14
f 10046/10031/14 10048/10033/14 10047/10034/14 10045/10032/14
f 10048/10033/14 10050/10035/14 10049/10036/14 10047/10034/14
f 10050/10035/14 10052/10037/14 10051/10038/14 10049/10036/14
f 10052/10037/14 10054/10039/14 10053/10040/14 10051/10038/14
f 10054/10039/14 10056/10041/14 10055/10042/14 10053/10040/14
f 10056/10041/14 10058/10043/14 10057/10044/14 10055/10042/14
f 10058/10043/14 10060/10045/14 10059/10046/14 10057/10044/14
f 10060/10045/14 10062/10047/14 10061/10048/14 10059/10046/14
f 10062/10047/14 10064/10049/14 10063/10050/14 10061/10048/14
f 10064/10049/14 10066/10051/14 10065/10052/14 10063/10050/14
f 10066/10051/14 10068/10053/14 10067/10054/14 10065/10052/14
f 10068/10053/14 10070/10055/14 10069/10056/14 10067/10054/14
f 10070/10055/14 10072/10057/14 10071/10058/14 10069/10056/14
f 10072/10057/14 10074/10059/14 10073/10060/14 10071/10058/14
f 10074/10059/14 10076/10061/14 10075/10062/14 10073/10060/14
f 10076/10061/14 10078/10063/14 10077/10064/14 10075/10062/14
f 10078/10063/14 10080/10065/14 10079/10066/14 10077/10064/14
f 10080/10065/14 10082/10067/14 10081/10068/14 10079/10066/14
f 10082/10067/14 10084/10069/14 10083/10070/14 10081/10068/14
f 10084/10069/14 10086/10071/14 10085/10072/14 10083/10070/14
f 10086/10071/14 10088/10073/14 10087/10074/14 10085/10072/14
f 10088/10073/14 10090/10075/14 10089/10076/14 10087/10074/14
f 10090/10075/14 10092/10077/14 10091/10078/14 10089/10076/14
f 10092/10077/14 10094/10079/14 10093/10080/14 10091/10078/14
f 10094/10079/14 10096/10081/14 10095/10082/14 10093/10080/14
f 10096/10081/14 10098/10083/14 10097/10084/14 10095/10082/14
f 10098/10083/14 10100/10085/14 10099/10086/14 10097/10084/14
f 10100/10085/14 10102/10087/14 10101/10088/14 10099/10086/14
f 10102/10087/14 10104/10089/14 10103/10090/14 10101/10088/14
f 10104/10089/14 10106/10091/14 10105/10092/14 10103/10090/14
f 10106/10091/14 10108/10093/14 10107/10094/14 10105/10092/14
f 10108/10093/14 10110/10095/14 10109/10096/14 10107/10094/14
f 10110/10095/14 10112/10097/14 10111/10098/14 10109/10096/14
f 10112/10097/14 10114/10099/14 10113/10100/14 10111/10098/14
f 10114/10099/14 10116/10101/14 10115/10102/14 10113/10100/14
f 10116/10101/14 10118/10103/14 10117/10104/14 10115/10102/14
f 10118/10103/14 10120/10105/14 10119/10106/14 10117/10104/14
f 10120/10105/14 10122/10107/14 10121/10108/14 10119/10106/14
f 10122/10107/14 10124/10109/14 10123/10110/14 10121/10108/14
f 10124/10109/14 10126/10111/14 10125/10112/14 10123/10110/14
f 10126/10111/14 10128/10113/14 10127/10114/14 10125/10112/14
f 10128/10113/14 10130/10115/14 10129/10116/14 10127/10114/14
f 10130/10115/14 10132/10117/14 10131/10118/14 10129/10116/14
f 10132/10117/14 10134/10119/14 10133/10120/14 10131/10118/14
f 10134/10119/14 10136/10121/14 10135/10122/14 10133/10120/14
f 10136/10121/14 10138/10123/14 10137/10124/14 10135/10122/14
f 10138/10123/14 10140/10125/14 10139/10126/14 10137/10124/14
f 10140/10125/14 10142/10127/14 10141/10128/14 10139/10126/14
f 10142/10127/14 10144/10129/14 10143/10130/14 10141/10128/14
f 10144/10129/14 10146/10131/14 10145/10132/14 10143/10130/14
f 10146/10131/14 10148/10133/14 10147/10134/14 10145/10132/14
f 10148/10133/14 10150/10135/14 10149/10136/14 10147/10134/14
f 10150/10135/14 10152/10137/14 10151/10138/14 10149/10136/14
f 10152/10137/14 10154/10139/14 10153/10140/14 10151/10138/14
f 10154/10139/14 10156/10141/14 10155/10142/14 10153/10140/14
f 10156/10141/14 10158/10143/14 10157/10144/14 10155/10142/14
f 10158/10143/14 10160/10145/14 10159/10146/14 10157/10144/14
f 10160/10145/14 10162/10147/14 10161/10148/14 10159/10146/14
f 10162/10147/14 10164/10149/14 10163/10150/14 10161/10148/14
f 10164/10149/14 10166/10151/14 10165/10152/14 10163/10150/14
f 10166/10151/14 10168/10153/14 10167/10154/14 10165/10152/14
f 10168/10153/14 10170/10155/14 10169/10156/14 10167/10154/14
f 10170/10155/14 10172/10157/14 10171/10158/14 10169/10156/14
f 10172/10157/14 10174/10159/14 10173/10160/14 10171/10158/14
f 10174/10159/14 10176/10161/14 10175/10162/14 10173/10160/14
f 10176/10161/14 10178/10163/14 10177/10164/14 10175/10162/14
f 10178/10163/14 10180/10165/14 10179/10166/14 10177/10164/14
f 10180/10165/14 10182/10167/14 10181/10168/14 10179/10166/14
f 10182/10167/14 10184/10169/14 10183/10170/14 10181/10168/14
f 10184/10169/14 10186/10171/14 10185/10172/14 10183/10170/14
f 10186/10171/14 10188/10173/14 10187/10174/14 10185/10172/14
f 10188/10173/14 10190/10175/14 10189/10176/14 10187/10174/14
f 10190/10175/14 10192/10177/14 10191/10178/14 10189/10176/14
f 10192/10177/14 10194/10179/14 10193/10180/14 10191/10178/14
f 10194/10179/14 10196/10181/14 10195/10182/14 10193/10180/14
f 10196/10181/14 10198/10183/14 10197/10184/14 10195/10182/14
f 10198/10183/14 10200/10185/14 10199/10186/14 10197/10184/14
f 10200/10185/14 10202/10187/14 10201/10188/14 10199/10186/14
f 10202/10187/14 10204/10189/14 10203/10190/14 10201/10188/14
f 10204/10189/14 10206/10191/14 10205/10192/14 10203/10190/14
f 10206/10191/14 10208/10193/14 10207/10194/14 10205/10192/14
f 10208/10193/14 10210/10195/14 10209/10196/14 10207/10194/14
f 10210/10195/14 10212/10197/14 10211/10198/14 10209/10196/14
f 10212/10197/14 10214/10199/14 10213/10200/14 10211/10198/14
f 10214/10199/14 10216/10201/14 10215/10202/14 10213/10200/14
f 10216/10201/14 10218/10203/14 10217/10204/14 10215/10202/14
f 10218/10203/14 10220/10205/14 10219/10206/14 10217/10204/14
f 10220/10205/14 10222/10207/14 10221/10208/14 10219/10206/14
f 10222/10207/14 10224/10209/14 10223/10210/14 10221/10208/14
f 10224/10209/14 10226/10211/14 10225/10212/14 10223/10210/14
f 10226/10211/14 10228/10213/14 10227/10214/14 10225/10212/14
f 10228/10213/14 10230/10215/14 10229/10216/14 10227/10214/14
f 10230/10215/14 10232/10217/14 10231/10218/14 10229/10216/14
f 10232/10217/14 10234/10219/14 10233/10220/14 10231/10218/14
f 10234/10219/14 10236/10221/14 10235/10222/14 10233/10220/14
f 10236/10221/14 10238/10223/14 10237/10224/14 10235/10222/14
f 10238/10223/14 10240/10225/14 10239/10226/14 10237/10224/14
f 10240/10225/14 10242/10227/14 10241/10228/14 10239/10226/14
f 10242/10227/14 10244/10229/14 10243/10230/14 10241/10228/14
f 10244/10229/14 10246/10231/14 10245/10232/14 10243/10230/14
f 10246/10231/14 10248/10233/14 10247/10234/14 10245/10232/14
f 10248/10233/14 10250/10235/14 10249/10236/14 10247/10234/14
f 10250/10235/14 10252/10237/14 10251/10238/14 10249/10236/14
f 10252/10237/14 10254/10239/14 10253/10240/14 10251/10238/14
f 10254/10239/14 10256/10241/14 10255/10242/14 10253/10240/14
f 10256/10241/14 10258/10243/14 10257/10244/14 10255/10242/14
f 10258/10243/14 10260/10245/14 10259/10246/14 10257/10244/14
f 10260/10245/14 10262/10247/14 10261/10248/14 10259/10246/14
f 10262/10247/14 10264/10249/14 10263/10250/14 10261/10248/14
f 10264/10249/14 10266/10251/14 10265/10252/14 10263/10250/14
f 10266/10251/14 10268/10253/14 10267/10254/14 10265/10252/14
f 10268/10253/14 10270/10255/14 10269/10256/14 10267/10254/14
f 10270/10255/14 10272/10257/14 10271/10258/14 10269/10256/14
f 10272/10257/14 10274/10259/14 10273/10260/14 10271/10258/14
f 10274/10259/14 10276/10261/14 10275/10262/14 10273/10260/14
f 10276/10261/14 10278/10263/14 10277/10264/14 10275/10262/14
f 10278/10263/14 10280/10265/14 10279/10266/14 10277/10264/14
f 10280/10265/14 10282/10267/14 10281/10268/14 10279/10266/14
f 10282/10267/14 10284/10269/14 10283/10270/14 10281/10268/14
f 10284/10269/14 10286/10271/14 10285/10272/14 10283/10270/14
f 10286/10271/14 10288/10273/14 10287/10274/14 10285/10272/14
f 10288/10273/14 10290/10275/14 10289/10276/14 10287/10274/14
f 10290/10275/14 10292/10277/14 10291/10278/14 10289/10276/14
f 10292/10277/14 10294/10279/14 10293/10280/14 10291/10278/14
f 10294/10279/14 10296/10281/14 10295/10282/14 10293/10280/14
f 10296/10281/14 10298/10283/14 10297/10284/14 10295/10282/14
f 10298/10283/14 10300/10285/14 10299/10286/14 10297/10284/14
f 10300/10285/14 10302/10287/14 10301/10288/14 10299/10286/14
f 10302/10287/14 10304/10289/14 10303/10290/14 10301/10288/14
f 10304/10289/14 10306/10291/14 10305/10292/14 10303/10290/14
f 10306/10291/14 10308/10293/14 10307/10294/14 10305/10292/14
f 10308/10293/14 10310/10295/14 10309/10296/14 10307/10294/14
f 10310/10295/14 10312/10297/14 10311/10298/14 10309/10296/14
f 10312/10297/14 10314/10299/14 10313/10300/14 10311/10298/14
f 10314/10299/14 10316/10301/14 10315/10302/14 10313/10300/14
f 10316/10301/14 10318/10303/14 10317/10304/14 10315/10302/14
f 10318/10303/14 10320/10305/14 10319/10306/14 10317/10304/14
f 10320/10305/14 10322/10307/14 10321/10308/14 10319/10306/14
f 10322/10307/14 10324/10309/14 10323/10310/14 10321/10308/14
f 10324/10309/14 10326/10311/14 10325/10312/14 10323/10310/14
f 10326/10311/14 10328/10313/14 10327/10314/14 10325/10312/14
f 10328/10313/14 10330/10315/14 10329/10316/14 10327/10314/14
f 10330/10315/14 10332/10317/14 10331/10318/14 10329/10316/14
f 10332/10317/14 10334/10319/14 10333/10320/14 10331/10318/14
f 10334/10319/14 10336/10321/14 10335/10322/14 10333/10320/14
f 10336/10321/14 10338/10323/14 10337/10324/14 10335/10322/14
f 10338/10323/14 10340/10325/14 10339/10326/14 10337/10324/14
f 10340/10325/14 10342/10327/14 10341/10328/14 10339/10326/14
f 10342/10327/14 10344/10329/14 10343/10330/14 10341/10328/14
f 10344/10329/14 10346/10331/14 10345/10332/14 10343/10330/14
f 10346/10331/14 10348/10333/14 10347/10334/14 10345/10332/14
f 10348/10333/14 10350/10335/14 10349/10336/14 10347/10334/14
f 10350/10335/14 10352/10337/14 10351/10338/14 10349/10336/14
f 10352/10337/14 10354/10339/14 10353/10340/14 10351/10338/14
f 10354/10339/14 10356/10341/14 10355/10342/14 10353/10340/14
f 10356/10341/14 10358/10343/14 10357/10344/14 10355/10342/14
f 10358/10343/14 10360/10345/14 10359/10346/14 10357/10344/14
f 10360/10345/14 10362/10347/14 10361/10348/14 10359/10346/14
f 10362/10347/14 10364/10349/14 10363/10350/14 10361/10348/14
f 10364/10349/14 10366/10351/14 10365/10352/14 10363/10350/14
f 10366/10351/14 10368/10353/14 10367/10354/14 10365/10352/14
f 10368/10353/14 10370/10355/14 10369/10356/14 10367/10354/14
f 10370/10355/14 10372/10357/14 10371/10358/14 10369/10356/14
f 10372/10357/14 10374/10359/14 10373/10360/14 10371/10358/14
f 10374/10359/14 10376/10361/14 10375/10362/14 10373/10360/14
f 10376/10361/14 10378/10363/14 10377/10364/14 10375/10362/14
f 10378/10363/14 10380/10365/14 10379/10366/14 10377/10364/14
f 10380/10365/14 10382/10367/14 10381/10368/14 10379/10366/14
f 10382/10367/14 10384/10369/14 10383/10370/14 10381/10368/14
f 10384/10369/14 10386/10371/14 10385/10372/14 10383/10370/14
f 10386/10371/14 10388/10373/14 10387/10374/14 10385/10372/14
f 10388/10373/14 10390/10375/14 10389/10376/14 10387/10374/14
f 10390/10375/14 10392/10377/14 10391/10378/14 10389/10376/14
f 10392/10377/14 10394/10379/14 10393/10380/14 10391/10378/14
f 10394/10379/14 10396/10381/14 10395/10382/14 10393/10380/14
f 10396/10381/14 10398/10383/14 10397/10384/14 10395/10382/14
f 10398/10383/14 10400/10385/14 10399/10386/14 10397/10384/14
f 10400/10385/14 10402/10387/14 10401/10388/14 10399/10386/14
f 10402/10387/14 10404/10389/14 10403/10390/14 10401/10388/14
f 10404/10389/14 10406/10391/14 10405/10392/14 10403/10390/14
f 10406/10391/14 10408/10393/14 10407/10394/14 10405/10392/14
f 10408/10393/14 10410/10395/14 10409/10396/14 10407/10394/14
f 10410/10395/14 10412/10397/14 10411/10398/14 10409/10396/14
f 10412/10397/14 10414/10399/14 10413/10400/14 10411/10398/14
f 10414/10399/14 10416/10401/14 10415/10402/14 10413/10400/14
f 10416/10401/14 10418/10403/14 10417/10404/14 10415/10402/14
f 10418/10403/14 10420/10405/14 10419/10406/14 10417/10404/14
f 10420/10405/14 10422/10407/14 10421/10408/14 10419/10406/14
f 10422/10407/14 10424/10409/14 10423/10410/14 10421/10408/14
f 10424/10409/14 10426/10411/14 10425/10412/14 10423/10410/14
f 10426/10411/14 10428/10413/14 10427/10414/14 10425/10412/14
f 10428/10413/14 10430/10415/14 10429/10416/14 10427/10414/14
f 10430/10415/14 10432/10417/14 10431/10418/14 10429/10416/14
f 10432/10417/14 10434/10419/14 10433/10420/14 10431/10418/14
f 10434/10419/14 10436/10421/14 10435/10422/14 10433/10420/14
f 10436/10421/14 10438/10423/14 10437/10424/14 10435/10422/14
f 10438/10423/14 10440/10425/14 10439/10426/14 10437/10424/14
f 10440/10425/14 10442/10427/14 10441/10428/14 10439/10426/14
f 10442/10427/14 10444/10429/14 10443/10430/14 10441/10428/14
f 10444/10429/14 10446/10431/14 10445/10432/14 10443/10430/14
f 10446/10431/14 10448/10433/14 10447/10434/14 10445/10432/14
f 10448/10433/14 10450/10435/14 10449/10436/14 10447/10434/14
f 10450/10435/14 10452/10437/14 10451/10438/14 10449/10436/14
f 10452/10437/14 10454/10439/14 10453/10440/14 10451/10438/14
f 10454/10439/14 10456/10441/14 10455/10442/14 10453/10440/14
f 10456/10441/14 10458/10443/14 10457/10444/14 10455/10442/14
f 10458/10443/14 10460/10445/14 10459/10446/14 10457/10444/14
f 10460/10445/14 10462/10447/14 10461/10448/14 10459/10446/14
f 10462/10447/14 10464/10449/14 10463/10450/14 10461/10448/14
f 10464/10449/14 10466/10451/14 10465/10452/14 10463/10450/14
f 10466/10451/14 10468/10453/14 10467/10454/14 10465/10452/14
f 10468/10453/14 10470/10455/14 10469/10456/14 10467/10454/14
f 10470/10455/14 10472/10457/14 10471/10458/14 10469/10456/14
f 10472/10457/14 10474/10459/14 10473/10460/14 10471/10458/14
f 10474/10459/14 10476/10461/14 10475/10462/14 10473/10460/14
f 10476/10461/14 10478/10463/14 10477/10464/14 10475/10462/14
f 10478/10463/14 10480/10465/14 10479/10466/14 10477/10464/14
f 10480/10465/14 10482/10467/14 10481/10468/14 10479/10466/14
f 10482/10467/14 10484/10469/14 10483/10470/14 10481/10468/14
f 10484/10469/14 10486/10471/14 10485/10472/14 10483/10470/14
f 10486/10471/14 10488/10473/14 10487/10474/14 10485/10472/14
f 10488/10473/14 10490/10475/14 10489/10476/14 10487/10474/14
f 10490/10475/14 10492/10477/14 10491/10478/14 10489/10476/14
f 10492/10477/14 10494/10479/14 10493/10480/14 10491/10478/14
f 10494/10479/14 10496/10481/14 10495/10482/14 10493/10480/14
f 10496/10481/14 10498/10483/14 10497/10484/14 10495/10482/14
f 10498/10483/14 10500/10485/14 10499/10486/14 10497/10484/14
f 10500/10485/14 10502/10487/14 10501/10488/14 10499/10486/14
f 10502/10487/14 10504/10489/14 10503/10490/14 10501/10488/14
f 10504/10489/14 10506/10491/14 10505/10492/14 10503/10490/14
f 10506/10491/14 10508/10493/14 10507/10494/14 10505/10492/14
f 10508/10493/14 10510/10495/14 10509/10496/14 10507/10494/14
f 10510/10495/14 10512/10497/14 10511/10498/14 10509/10496/14
f 10512/10497/14 10514/10499/14 10513/10500/14 10511/10498/14
f 10514/10499/14 10516/10501/14 10515/10502/14 10513/10500/14
f 10516/10501/14 10518/10503/14 10517/10504/14 10515/10502/14
f 10518/10503/14 10520/10505/14 10519/10506/14 10517/10504/14
f 10520/10505/14 10522/10507/14 10521/10508/14 10519/10506/14
f 10522/10507/14 10524/10509/14 10523/10510/14 10521/10508/14
f 10524/10509/14 10526/10511/14 10525/10512/14 10523/10510/14
f 10526/10511/14 10528/10513/14 10527/10514/14 10525/10512/14
f 10528/10513/14 10530/10515/14 10529/10516/14 10527/10514/14
f 10530/10515/14 10532/10517/14 10531/10518/14 10529/10516/14
f 10532/10517/14 10534/10519/14 10533/10520/14 10531/10518/14
f 10534/10519/14 10536/10521/14 10535/10522/14 10533/10520/14
f 10536/10521/14 10538/10523/14 10537/10524/14 10535/10522/14
f 10538/10523/14 10540/10525/14 10539/10526/14 10537/10524/14
f 10540/10525/14 10542/10527/14 10541/10528/14 10539/10526/14
f 10542/10527/14 10544/10529/14 10543/10530/14 10541/10528/14
f 10544/10529/14 10546/10531/14 10545/10532/14 10543/10530/14
f 10546/10531/14 10548/10533/14 10547/10534/14 10545/10532/14
f 10548/10533/14 10550/10535/14 10549/10536/14 10547/10534/14
f 10550/10535/14 10552/10537/14 10551/10538/14 10549/10536/14
f 10552/10537/14 10554/10539/14 10553/10540/14 10551/10538/14
f 10554/10539/14 10556/10541/14 10555/10542/14 10553/10540/14
f 10556/10541/14 10558/10543/14 10557/10544/14 10555/10542/14
f 10558/10543/14 10560/10545/14 10559/10546/14 10557/10544/14
f 10560/10545/14 10562/10547/14 10561/10548/14 10559/10546/14
f 10562/10547/14 10564/10549/14 10563/10550/14 10561/10548/14
f 10564/10549/14 10566/10551/14 10565/10552/14 10563/10550/14
f 10566/10551/14 10568/10553/14 10567/10554/14 10565/10552/14
f 10568/10553/14 10570/10555/14 10569/10556/14 10567/10554/14
f 10570/10555/14 10572/10557/14 10571/10558/14 10569/10556/14
f 10572/10557/14 10574/10559/14 10573/10560/14 10571/10558/14
f 10574/10559/14 10576/10561/14 10575/10562/14 10573/10560/14
f 10576/10561/14 10578/10563/14 10577/10564/14 10575/10562/14
f 10578/10563/14 10580/10565/14 10579/10566/14 10577/10564/14
f 10580/10565/14 10582/10567/14 10581/10568/14 10579/10566/14
f 10582/10567/14 10584/10569/14 10583/10570/14 10581/10568/14
f 10584/10569/14 10586/10571/14 10585/10572/14 10583/10570/14
f 10586/10571/14 10588/10573/14 10587/10574/14 10585/10572/14
f 10588/10573/14 10590/10575/14 10589/10576/14 10587/10574/14
f 10590/10575/14 10592/10577/14 10591/10578/14 10589/10576/14
f 10592/10577/14 10594/10579/14 10593/10580/14 10591/10578/14
f 10594/10579/14 10596/10581/14 10595/10582/14 10593/10580/14
f 10596/10581/14 10598/10583/14 10597/10584/14 10595/10582/14
f 10598/10583/14 10600/10585/14 10599/10586/14 10597/10584/14
f 10600/10585/14 10602/10587/14 10601/10588/14 10599/10586/14
f 10602/10587/14 10604/10589/14 10603/10590/14 10601/10588/14
f 10604/10589/14 10606/10591/14 10605/10592/14 10603/10590/14
f 10606/10591/14 10608/10593/14 10607/10594/14 10605/10592/14
f 10608/10593/14 10610/10595/14 10609/10596/14 10607/10594/14
f 10610/10595/14 10612/10597/14 10611/10598/14 10609/10596/14
f 10612/10597/14 10614/10599/14 10613/10600/14 10611/10598/14
f 10614/10599/14 10616/10601/14 10615/10602/14 10613/10600/14
f 10616/10601/14 10618/10603/14 10617/10604/14 10615/10602/14
f 10618/10603/14 10620/10605/14 10619/10606/14 10617/10604/14
f 10620/10605/14 10622/10607/14 10621/10608/14 10619/10606/14
f 10622/10607/14 10624/10609/14 10623/10610/14 10621/10608/14
f 10624/10609/14 10626/10611/14 10625/10612/14 10623/10610/14
f 10626/10611/14 10628/10613/14 10627/10614/14 10625/10612/14
f 10628/10613/14 10630/10615/14 10629/10616/14 10627/10614/14
f 10630/10615/14 10632/10617/14 10631/10618/14 10629/10616/14
f 10632/10617/14 10634/10619/14 10633/10620/14 10631/10618/14
f 10634/10619/14 10636/10621/14 10635/10622/14 10633/10620/14
f 10636/10621/14 10638/10623/14 10637/10624/14 10635/10622/14
f 10638/10623/14 10640/10625/14 10639/10626/14 10637/10624/14
f 10640/10625/14 10642/10627/14 10641/10628/14 10639/10626/14
f 10642/10627/14 10644/10629/14 10643/10630/14 10641/10628/14
f 10644/10629/14 10646/10631/14 10645/10632/14 10643/10630/14
f 10646/10631/14 10648/10633/14 10647/10634/14 10645/10632/14
f 10648/10633/14 10650/10635/14 10649/10636/14 10647/10634/14
f 10650/10635/14 10652/10637/14 10651/10638/14 10649/10636/14
f 10652/10637/14 10654/10639/14 10653/10640/14 10651/10638/14
f 10654/10639/14 10656/10641/14 10655/10642/14 10653/10640/14
f 10656/10641/14 10658/10643/14 10657/10644/14 10655/10642/14
f 10658/10643/14 10660/10645/14 10659/10646/14 10657/10644/14
f 10660/10645/14 10662/10647/14 10661/10648/14 10659/10646/14
f 10662/10647/14 10664/10649/14 10663/10650/14 10661/10648/14
f 10664/10649/14 10666/10651/14 10665/10652/14 10663/10650/14
f 10666/10651/14 10668/10653/14 10667/10654/14 10665/10652/14
f 10668/10653/14 10670/10655/14 10669/10656/14 10667/10654/14
f 10670/10655/14 10672/10657/14 10671/10658/14 10669/10656/14
f 10672/10657/14 10674/10659/14 10673/10660/14 10671/10658/14
f 10674/10659/14 10676/10661/14 10675/10662/14 10673/10660/14
f 10676/10661/14 10678/10663/14 10677/10664/14 10675/10662/14
f 10678/10663/14 10680/10665/14 10679/10666/14 10677/10664/14
f 10680/10665/14 10682/10667/14 10681/10668/14 10679/10666/14
f 10682/10667/14 10684/10669/14 10683/10670/14 10681/10668/14
f 10684/10669/14 10686/10671/14 10685/10672/14 10683/10670/14
f 10686/10671/14 10688/10673/14 10687/10674/14 10685/10672/14
f 10688/10673/14 10690/10675/14 10689/10676/14 10687/10674/14
f 10690/10675/14 10692/10677/14 10691/10678/14 10689/10676/14
f 10692/10677/14 10694/10679/14 10693/10680/14 10691/10678/14
f 10694/10679/14 10696/10681/14 10695/10682/14 10693/10680/14
f 10696/10681/14 10698/10683/14 10697/10684/14 10695/10682/14
f 10698/10683/14 10700/10685/14 10699/10686/14 10697/10684/14
f 10700/10685/14 10702/10687/14 10701/10688/14 10699/10686/14
f 10702/10687/14 10704/10689/14 10703/10690/14 10701/10688/14
f 10704/10689/14 10706/10691/14 10705/10692/14 10703/10690/14
f 10706/10691/14 10708/10693/14 10707/10694/14 10705/10692/14
f 10708/10693/14 10710/10695/14 10709/10696/14 10707/10694/14
f 10710/10695/14 10712/10697/14 10711/10698/14 10709/10696/14
f 10712/10697/14 10714/10699/14 10713/10700/14 10711/10698/14
f 10714/10699/14 10716/10701/14 10715/10702/14 10713/10700/14
f 10716/10701/14 10718/10703/14 10717/10704/14 10715/10702/14
f 10718/10703/14 10720/10705/14 10719/10706/14 10717/10704/14
f 10720/10705/14 10722/10707/14 10721/10708/14 10719/10706/14
f 10722/10707/14 10724/10709/14 10723/10710/14 10721/10708/14
f 10724/10709/14 10726/10711/14 10725/10712/14 10723/10710/14
f 10726/10711/14 10728/10713/14 10727/10714/14 10725/10712/14
f 10728/10713/14 10730/10715/14 10729/10716/14 10727/10714/14
f 10730/10715/14 10732/10717/14 10731/10718/14 10729/10716/14
f 10732/10717/14 10734/10719/14 10733/10720/14 10731/10718/14
f 10734/10719/14 10736/10721/14 10735/10722/14 10733/10720/14
f 10736/10721/14 10738/10723/14 10737/10724/14 10735/10722/14
f 10738/10723/14 10740/10725/14 10739/10726/14 10737/10724/14
f 10740/10725/14 10742/10727/14 10741/10728/14 10739/10726/14
f 10742/10727/14 10744/10729/14 10743/10730/14 10741/10728/14
f 10744/10729/14 10746/10731/14 10745/10732/14 10743/10730/14
f 10746/10731/14 10748/10733/14 10747/10734/14 10745/10732/14
f 10748/10733/14 10750/10735/14 10749/10736/14 10747/10734/14
f 10750/10735/14 10752/10737/14 10751/10738/14 10749/10736/14
f 10752/10737/14 10754/10739/14 10753/10740/14 10751/10738/14
f 10754/10739/14 10756/10741/14 10755/10742/14 10753/10740/14
f 10756/10741/14 10758/10743/14 10757/10744/14 10755/10742/14
f 10758/10743/14 10760/10745/14 10759/10746/14 10757/10744/14
f 10760/10745/14 10762/10747/14 10761/10748/14 10759/10746/14
f 10762/10747/14 10764/10749/14 10763/10750/14 10761/10748/14
f 10764/10749/14 10766/10751/14 10765/10752/14 10763/10750/14
f 10766/10751/14 10768/10753/14 10767/10754/14 10765/10752/14
f 10768/10753/14 10770/10755/14 10769/10756/14 10767/10754/14
f 10770/10755/14 10772/10757/14 10771/10758/14 10769/10756/14
f 10772/10757/14 10774/10759/14 10773/10760/14 10771/10758/14
f 10774/10759/14 10776/10761/14 10775/10762/14 10773/10760/14
f 10776/10761/14 10778/10763/14 10777/10764/14 10775/10762/14
f 10778/10763/14 10780/10765/14 10779/10766/14 10777/10764/14
f 10780/10765/14 10782/10767/14 10781/10768/14 10779/10766/14
f 10782/10767/14 10784/10769/14 10783/10770/14 10781/10768/14
f 10784/10769/14 10786/10771/14 10785/10772/14 10783/10770/14
f 10786/10771/14 10788/10773/14 10787/10774/14 10785/10772/14
f 10788/10773/14 10790/10775/14 10789/10776/14 10787/10774/14
f 10790/10775/14 10792/10777/14 10791/10778/14 10789/10776/14
f 10792/10777/14 10794/10779/14 10793/10780/14 10791/10778/14
f 10794/10779/14 10796/10781/14 10795/10782/14 10793/10780/14
f 10796/10781/14 10798/10783/14 10797/10784/14 10795/10782/14
f 10798/10783/14 10800/10785/14 10799/10786/14 10797/10784/14
f 10800/10785/14 10802/10787/14 10801/10788/14 10799/10786/14
f 10802/10787/14 10804/10789/14 10803/10790/14 10801/10788/14
f 10804/10789/14 10806/10791/14 10805/10792/14 10803/10790/14
f 10806/10791/14 10808/10793/14 10807/10794/14 10805/10792/14
f 10808/10793/14 10810/10795/14 10809/10796/14 10807/10794/14
f 10810/10795/14 10812/10797/14 10811/10798/14 10809/10796/14
f 10812/10797/14 10814/10799/14 10813/10800/14 10811/10798/14
f 10814/10799/14 10816/10801/14 10815/10802/14 10813/10800/14
f 10816/10801/14 10818/10803/14 10817/10804/14 10815/10802/14
f 10818/10803/14 10820/10805/14 10819/10806/14 10817/10804/14
f 10820/10805/14 10822/10807/14 10821/10808/14 10819/10806/14
f 10822/10807/14 10824/10809/14 10823/10810/14 10821/10808/14
f 10824/10809/14 10826/10811/14 10825/10812/14 10823/10810/14
f 10826/10811/14 10828/10813/14 10827/10814/14 10825/10812/14
f 10828/10813/14 10830/10815/14 10829/10816/14 10827/10814/14
f 10830/10815/14 10832/10817/14 10831/10818/14 10829/10816/14
f 10832/10817/14 10834/10819/14 10833/10820/14 10831/10818/14
f 10834/10819/14 10836/10821/14 10835/10822/14 10833/10820/14
f 10836/10821/14 10838/10823/14 10837/10824/14 10835/10822/14
f 10838/10823/14 10840/10825/14 10839/10826/14 10837/10824/14
f 10840/10825/14 10842/10827/14 10841/10828/14 10839/10826/14
f 10842/10827/14 10844/10829/14 10843/10830/14 10841/10828/14
f 10844/10829/14 10846/10831/14 10845/10832/14 10843/10830/14
f 10846/10831/14 10848/10833/14 10847/10834/14 10845/10832/14
f 10848/10833/14 10850/10835/14 10849/10836/14 10847/10834/14
f 10850/10835/14 10852/10837/14 10851/10838/14 10849/10836/14
f 10852/10837/14 10854/10839/14 10853/10840/14 10851/10838/14
f 10854/10839/14 10856/10841/14 10855/10842/14 10853/10840/14
f 10856/10841/14 10858/10843/14 10857/10844/14 10855/10842/14
f 10858/10843/14 10860/10845/14 10859/10846/14 10857/10844/14
f 10860/10845/14 10862/10847/14 10861/10848/14 10859/10846/14
f 10862/10847/14 10864/10849/14 10863/10850/14 10861/10848/14
f 10864/10849/14 10866/10851/14 10865/10852/14 10863/10850/14
f 10866/10851/14 10868/10853/14 10867/10854/14 10865/10852/14
f 10868/10853/14 10870/10855/14 10869/10856/14 10867/10854/14
f 10870/10855/14 10872/10857/14 10871/10858/14 10869/10856/14
f 10872/10857/14 10874/10859/14 10873/10860/14 10871/10858/14
f 10874/10859/14 10876/10861/14 10875/10862/14 10873/10860/14
f 10876/10861/14 10878/10863/14 10877/10864/14 10875/10862/14
f 10878/10863/14 10880/10865/14 10879/10866/14 10877/10864/14
f 10880/10865/14 10882/10867/14 10881/10868/14 10879/10866/14
f 10882/10867/14 10884/10869/14 10883/10870/14 10881/10868/14
f 10884/10869/14 10886/10871/14 10885/10872/14 10883/10870/14
f 10886/10871/14 10888/10873/14 10887/10874/14 10885/10872/14
f 10888/10873/14 10890/10875/14 10889/10876/14 10887/10874/14
f 10890/10875/14 10892/10877/14 10891/10878/14 10889/10876/14
f 10892/10877/14 10894/10879/14 10893/10880/14 10891/10878/14
f 10894/10879/14 10896/10881/14 10895/10882/14 10893/10880/14
f 10896/10881/14 10898/10883/14 10897/10884/14 10895/10882/14
f 10898/10883/14 10900/10885/14 10899/10886/14 10897/10884/14
f 10900/10885/14 10902/10887/14 10901/10888/14 10899/10886/14
f 10902/10887/14 10904/10889/14 10903/10890/14 10901/10888/14
f 10904/10889/14 10906/10891/14 10905/10892/14 10903/10890/14
f 10906/10891/14 10908/10893/14 10907/10894/14 10905/10892/14
f 10908/10893/14 10910/10895/14 10909/10896/14 10907/10894/14
f 10910/10895/14 10912/10897/14 10911/10898/14 10909/10896/14
f 10912/10897/14 10914/10899/14 10913/10900/14 10911/10898/14
f 10914/10899/14 10916/10901/14 10915/10902/14 10913/10900/14
f 10916/10901/14 10918/10903/14 10917/10904/14 10915/10902/14
f 10918/10903/14 10920/10905/14 10919/10906/14 10917/10904/14
f 10920/10905/14 10922/10907/14 10921/10908/14 10919/10906/14
f 10922/10907/14 10924/10909/14 10923/10910/14 10921/10908/14
f 10924/10909/14 10926/10911/14 10925/10912/14 10923/10910/14
f 10926/10911/14 10928/10913/14 10927/10914/14 10925/10912/14
f 10928/10913/14 10930/10915/14 10929/10916/14 10927/10914/14
f 10930/10915/14 10932/10917/14 10931/10918/14 10929/10916/14
f 10932/10917/14 10934/10919/14 10933/10920/14 10931/10918/14
f 10934/10919/14 10936/10921/14 10935/10922/14 10933/10920/14
f 10936/10921/14 10938/10923/14 10937/10924/14 10935/10922/14
f 10938/10923/14 10940/10925/14 10939/10926/14 10937/10924/14
f 10940/10925/14 10942/10927/14 10941/10928/14 10939/10926/14
f 10942/10927/14 10944/10929/14 10943/10930/14 10941/10928/14
f 10944/10929/14 10946/10931/14 10945/10932/14 10943/10930/14
f 10946/10931/14 10948/10933/14 10947/10934/14 10945/10932/14
f 10948/10933/14 10950/10935/14 10949/10936/14 10947/10934/14
f 10950/10935/14 10952/10937/14 10951/10938/14 10949/10936/14
f 10952/10937/14 10954/10939/14 10953/10940/14 10951/10938/14
f 10954/10939/14 10956/10941/14 10955/10942/14 10953/10940/14
f 10956/10941/14 10958/10943/14 10957/10944/14 10955/10942/14
f 10958/10943/14 10960/10945/14 10959/10946/14 10957/10944/14
f 10960/10945/14 10962/10947/14 10961/10948/14 10959/10946/14
f 10962/10947/14 10964/10949/14 10963/10950/14 10961/10948/14
f 10964/10949/14 10966/10951/14 10965/10952/14 10963/10950/14
f 10966/10951/14 10968/10953/14 10967/10954/14 10965/10952/14
f 10968/10953/14 10970/10955/14 10969/10956/14 10967/10954/14
f 10970/10955/14 10972/10957/14 10971/10958/14 10969/10956/14
f 10972/10957/14 10974/10959/14 10973/10960/14 10971/10958/14
f 10974/10959/14 10976/10961/14 10975/10962/14 10973/10960/14
f 10976/10961/14 10978/10963/14 10977/10964/14 10975/10962/14
f 10978/10963/14 10980/10965/14 10979/10966/14 10977/10964/14
f 10980/10965/14 10982/10967/14 10981/10968/14 10979/10966/14
f 10982/10967/14 10984/10969/14 10983/10970/14 10981/10968/14
f 10984/10969/14 10986/10971/14 10985/10972/14 10983/10970/14
f 10986/10971/14 10988/10973/14 10987/10974/14 10985/10972/14
f 10988/10973/14 10990/10975/14 10989/10976/14 10987/10974/14
f 10990/10975/14 10992/10977/14 10991/10978/14 10989/10976/14
f 10992/10977/14 10994/10979/14 10993/10980/14 10991/10978/14
f 10994/10979/14 10996/10981/14 10995/10982/14 10993/10980/14
f 10996/10981/14 10998/10983/14 10997/10984/14 10995/10982/14
f 10998/10983/14 11000/10985/14 10999/10986/14 10997/10984/14
f 11000/10985/14 11002/10987/14 11001/10988/14 10999/10986/14
f 11002/10987/14 11004/10989/14 11003/10990/14 11001/10988/14
f 11004/10989/14 11006/10991/14 11005/10992/14 11003/10990/14
f 11006/10991/14 11008/10993/14 11007/10994/14 11005/10992/14
f 11008/10993/14 11010/10995/14 11009/10996/14 11007/10994/14
f 11010/10995/14 11012/10997/14 11011/10998/14 11009/10996/14
f 11012/10997/14 11014/10999/14 11013/11000/14 11011/10998/14
f 11014/10999/14 11016/11001/14 11015/11002/14 11013/11000/14
f 11016/11001/14 11018/11003/14 11017/11004/14 11015/11002/14
f 11018/11003/14 11020/11005/14 11019/11006/14 11017/11004/14
f 11020/11005/14 11022/11007/14 11021/11008/14 11019/11006/14
f 11022/11007/14 11024/11009/14 11023/11010/14 11021/11008/14
f 11024/11009/14 11026/11011/14 11025/11012/14 11023/11010/14
f 11026/11011/14 11028/11013/14 11027/11014/14 11025/11012/14
f 11028/11013/14 11030/11015/14 11029/11016/14 11027/11014/14
f 11030/11015/14 11032/11017/14 11031/11018/14 11029/11016/14
f 11032/11017/14 11034/11019/14 11033/11020/14 11031/11018/14
f 11034/11019/14 11036/11021/14 11035/11022/14 11033/11020/14
f 11036/11021/14 11038/11023/14 11037/11024/14 11035/11022/14
f 11038/11023/14 11040/11025/14 11039/11026/14 11037/11024/14
f 11040/11025/14 11042/11027/14 11041/11028/14 11039/11026/14
f 11042/11027/14 11044/11029/14 11043/11030/14 11041/11028/14
f 11044/11029/14 11046/11031/14 11045/11032/14 11043/11030/14
f 11046/11031/14 11048/11033/14 11047/11034/14 11045/11032/14
f 11048/11033/14 11050/11035/14 11049/11036/14 11047/11034/14
f 11050/11035/14 11052/11037/14 11051/11038/14 11049/11036/14
f 11052/11037/14 11054/11039/14 11053/11040/14 11051/11038/14
f 11054/11039/14 11056/11041/14 11055/11042/14 11053/11040/14
f 11056/11041/14 11058/11043/14 11057/11044/14 11055/11042/14
f 11058/11043/14 11060/11045/14 11059/11046/14 11057/11044/14
f 11060/11045/14 11062/11047/14 11061/11048/14 11059/11046/14
f 11062/11047/14 11064/11049/14 11063/11050/14 11061/11048/14
f 11064/11049/14 11066/11051/14 11065/11052/14 11063/11050/14
f 11066/11051/14 11068/11053/14 11067/11054/14 11065/11052/14
f 11068/11053/14 11070/11055/14 11069/11056/14 11067/11054/14
f 11070/11055/14 11072/11057/14 11071/11058/14 11069/11056/14
f 11072/11057/14 11074/11059/14 11073/11060/14 11071/11058/14
f 11074/11059/14 11076/11061/14 11075/11062/14 11073/11060/14
f 11076/11061/14 11078/11063/14 11077/11064/14 11075/11062/14
f 11078/11063/14 11080/11065/14 11079/11066/14 11077/11064/14
f 11080/11065/14 11082/11067/14 11081/11068/14 11079/11066/14
f 11082/11067/14 11084/11069/14 11083/11070/14 11081/11068/14
f 11084/11069/14 11086/11071/14 11085/11072/14 11083/11070/14
f 11086/11071/14 11088/11073/14 11087/11074/14 11085/11072/14
f 11088/11073/14 11090/11075/14 11089/11076/14 11087/11074/14
f 11090/11075/14 11092/11077/14 11091/11078/14 11089/11076/14
f 11092/11077/14 11094/11079/14 11093/11080/14 11091/11078/14
f 11094/11079/14 11096/11081/14 11095/11082/14 11093/11080/14
f 11096/11081/14 11098/11083/14 11097/11084/14 11095/11082/14
f 11098/11083/14 11100/11085/14 11099/11086/14 11097/11084/14
f 11100/11085/14 11102/11087/14 11101/11088/14 11099/11086/14
f 11102/11087/14 11104/11089/14 11103/11090/14 11101/11088/14
f 11104/11089/14 11106/11091/14 11105/11092/14 11103/11090/14
f 11106/11091/14 11108/11093/14 11107/11094/14 11105/11092/14
f 11108/11093/14 11110/11095/14 11109/11096/14 11107/11094/14
f 11110/11095/14 11112/11097/14 11111/11098/14 11109/11096/14
f 11112/11097/14 11114/11099/14 11113/11100/14 11111/11098/14
f 11114/11099/14 11116/11101/14 11115/11102/14 11113/11100/14
f 11116/11101/14 11118/11103/14 11117/11104/14 11115/11102/14
f 11118/11103/14 11120/11105/14 11119/11106/14 11117/11104/14
f 11120/11105/14 11122/11107/14 11121/11108/14 11119/11106/14
f 11122/11107/14 11124/11109/14 11123/11110/14 11121/11108/14
f 11124/11109/14 11126/11111/14 11125/11112/14 11123/11110/14
f 11126/11111/14 11128/11113/14 11127/11114/14 11125/11112/14
f 11128/11113/14 11130/11115/14 11129/11116/14 11127/11114/14
f 11130/11115/14 11132/11117/14 11131/11118/14 11129/11116/14
f 11132/11117/14 11134/11119/14 11133/11120/14 11131/11118/14
f 11134/11119/14 11136/11121/14 11135/11122/14 11133/11120/14
f 11136/11121/14 11138/11123/14 11137/11124/14 11135/11122/14
f 11138/11123/14 11140/11125/14 11139/11126/14 11137/11124/14
f 11140/11125/14 11142/11127/14 11141/11128/14 11139/11126/14
f 11142/11127/14 11144/11129/14 11143/11130/14 11141/11128/14
f 11144/11129/14 11146/11131/14 11145/11132/14 11143/11130/14
f 11146/11131/14 11148/11133/14 11147/11134/14 11145/11132/14
f 11148/11133/14 11150/11135/14 11149/11136/14 11147/11134/14
f 11150/11135/14 11152/11137/14 11151/11138/14 11149/11136/14
f 11152/11137/14 11154/11139/14 11153/11140/14 11151/11138/14
f 11154/11139/14 11156/11141/14 11155/11142/14 11153/11140/14
f 11156/11141/14 11158/11143/14 11157/11144/14 11155/11142/14
f 11158/11143/14 11160/11145/14 11159/11146/14 11157/11144/14
f 11160/11145/14 11162/11147/14 11161/11148/14 11159/11146/14
f 11162/11147/14 11164/11149/14 11163/11150/14 11161/11148/14
f 11164/11149/14 11166/11151/14 11165/11152/14 11163/11150/14
f 11166/11151/14 11168/11153/14 11167/11154/14 11165/11152/14
f 11168/11153/14 11170/11155/14 11169/11156/14 11167/11154/14
f 11170/11155/14 11172/11157/14 11171/11158/14 11169/11156/14
f 11172/11157/14 11174/11159/14 11173/11160/14 11171/11158/14
f 11174/11159/14 11176/11161/14 11175/11162/14 11173/11160/14
f 11176/11161/14 11178/11163/14 11177/11164/14 11175/11162/14
f 11178/11163/14 11180/11165/14 11179/11166/14 11177/11164/14
f 11180/11165/14 11182/11167/14 11181/11168/14 11179/11166/14
f 11182/11167/14 11184/11169/14 11183/11170/14 11181/11168/14
f 11184/11169/14 11186/11171/14 11185/11172/14 11183/11170/14
f 11186/11171/14 11188/11173/14 11187/11174/14 11185/11172/14
f 11188/11173/14 11190/11175/14 11189/11176/14 11187/11174/14
f 11190/11175/14 11192/11177/14 11191/11178/14 11189/11176/14
f 11192/11177/14 11194/11179/14 11193/11180/14 11191/11178/14
f 11194/11179/14 11196/11181/14 11195/11182/14 11193/11180/14
f 11196/11181/14 11198/11183/14 11197/11184/14 11195/11182/14
f 11198/11183/14 11200/11185/14 11199/11186/14 11197/11184/14
f 11200/11185/14 11202/11187/14 11201/11188/14 11199/11186/14
f 11202/11187/14 11204/11189/14 11203/11190/14 11201/11188/14
f 11204/11189/14 11206/11191/14 11205/11192/14 11203/11190/14
f 11206/11191/14 11208/11193/14 11207/11194/14 11205/11192/14
f 11208/11193/14 11210/11195/14 11209/11196/14 11207/11194/14
f 11210/11195/14 11212/11197/14 11211/11198/14 11209/11196/14
f 11212/11197/14 11214/11199/14 11213/11200/14 11211/11198/14
f 11214/11199/14 11216/11201/14 11215/11202/14 11213/11200/14
f 11216/11201/14 11218/11203/14 11217/11204/14 11215/11202/14
f 11218/11203/14 11220/11205/14 11219/11206/14 11217/11204/14
f 11220/11205/14 11222/11207/14 11221/11208/14 11219/11206/14
f 11222/11207/14 11224/11209/14 11223/11210/14 11221/11208/14
f 11224/11209/14 11226/11211/14 11225/11212/14 11223/11210/14
f 11226/11211/14 11228/11213/14 11227/11214/14 11225/11212/14
f 11228/11213/14 11230/11215/14 11229/11216/14 11227/11214/14
f 11230/11215/14 11232/11217/14 11231/11218/14 11229/11216/14
f 11232/11217/14 11234/11219/14 11233/11220/14 11231/11218/14
f 11234/11219/14 11236/11221/14 11235/11222/14 11233/11220/14
f 11236/11221/14 11238/11223/14 11237/11224/14 11235/11222/14
f 11238/11223/14 11240/11225/14 11239/11226/14 11237/11224/14
f 11240/11225/14 11242/11227/14 11241/11228/14 11239/11226/14
f 11242/11227/14 11244/11229/14 11243/11230/14 11241/11228/14
f 11244/11229/14 11246/11231/14 11245/11232/14 11243/11230/14
f 11246/11231/14 11248/11233/14 11247/11234/14 11245/11232/14
f 11248/11233/14 11250/11235/14 11249/11236/14 11247/11234/14
f 11250/11235/14 11252/11237/14 11251/11238/14 11249/11236/14
f 11252/11237/14 11254/11239/14 11253/11240/14 11251/11238/14
f 11254/11239/14 11256/11241/14 11255/11242/14 11253/11240/14
f 11256/11241/14 11258/11243/14 11257/11244/14 11255/11242/14
f 11258/11243/14 11260/11245/14 11259/11246/14 11257/11244/14
f 11260/11245/14 11262/11247/14 11261/11248/14 11259/11246/14
f 11262/11247/14 11264/11249/14 11263/11250/14 11261/11248/14
f 11264/11249/14 11266/11251/14 11265/11252/14 11263/11250/14
f 11266/11251/14 11268/11253/14 11267/11254/14 11265/11252/14
f 11268/11253/14 11270/11255/14 11269/11256/14 11267/11254/14
f 11270/11255/14 11272/11257/14 11271/11258/14 11269/11256/14
f 11272/11257/14 11274/11259/14 11273/11260/14 11271/11258/14
f 11274/11259/14 11276/11261/14 11275/11262/14 11273/11260/14
f 11276/11261/14 11278/11263/14 11277/11264/14 11275/11262/14
f 11278/11263/14 11280/11265/14 11279/11266/14 11277/11264/14
f 11280/11265/14 11282/11267/14 11281/11268/14 11279/11266/14
f 11282/11267/14 11284/11269/14 11283/11270/14 11281/11268/14
f 11284/11269/14 11286/11271/14 11285/11272/14 11283/11270/14
f 11286/11271/14 11288/11273/14 11287/11274/14 11285/11272/14
f 11288/11273/14 11290/11275/14 11289/11276/14 11287/11274/14
f 11290/11275/14 11292/11277/14 11291/11278/14 11289/11276/14
f 11292/11277/14 11294/11279/14 11293/11280/14 11291/11278/14
f 11294/11279/14 11296/11281/14 11295/11282/14 11293/11280/14
f 11296/11281/14 11298/11283/14 11297/11284/14 11295/11282/14
f 11298/11283/14 11300/11285/14 11299/11286/14 11297/11284/14
f 11300/11285/14 11302/11287/14 11301/11288/14 11299/11286/14
f 11302/11287/14 11304/11289/14 11303/11290/14 11301/11288/14
f 11304/11289/14 11306/11291/14 11305/11292/14 11303/11290/14
f 11306/11291/14 11308/11293/14 11307/11294/14 11305/11292/14
f 11308/11293/14 11310/11295/14 11309/11296/14 11307/11294/14
f 11310/11295/14 11312/11297/14 11311/11298/14 11309/11296/14
f 11312/11297/14 11314/11299/14 11313/11300/14 11311/11298/14
f 11314/11299/14 11316/11301/14 11315/11302/14 11313/11300/14
f 11316/11301/14 11318/11303/14 11317/11304/14 11315/11302/14
f 11318/11303/14 11320/11305/14 11319/11306/14 11317/11304/14
f 11320/11305/14 11322/11307/14 11321/11308/14 11319/11306/14
f 11322/11307/14 11324/11309/14 11323/11310/14 11321/11308/14
f 11324/11309/14 11326/11311/14 11325/11312/14 11323/11310/14
f 11326/11311/14 11328/11313/14 11327/11314/14 11325/11312/14
f 11328/11313/14 11330/11315/14 11329/11316/14 11327/11314/14
f 11330/11315/14 11332/11317/14 11331/11318/14 11329/11316/14
f 11332/11317/14 11334/11319/14 11333/11320/14 11331/11318/14
f 11334/11319/14 11336/11321/14 11335/11322/14 11333/11320/14
f 11336/11321/14 11338/11323/14 11337/11324/14 11335/11322/14
f 11338/11323/14 11340/11325/14 11339/11326/14 11337/11324/14
f 11340/11325/14 11342/11327/14 11341/11328/14 11339/11326/14
f 11342/11327/14 11344/11329/14 11343/11330/14 11341/11328/14
f 11344/11329/14 11346/11331/14 11345/11332/14 11343/11330/14
f 11346/11331/14 11348/11333/14 11347/11334/14 11345/11332/14
f 11348/11333/14 11350/11335/14 11349/11336/14 11347/11334/14
f 11350/11335/14 11352/11337/14 11351/11338/14 11349/11336/14
f 11352/11337/14 11354/11339/14 11353/11340/14 11351/11338/14
f 11354/11339/14 11356/11341/14 11355/11342/14 11353/11340/14
f 11356/11341/14 11358/11343/14 11357/11344/14 11355/11342/14
f 11358/11343/14 11360/11345/14 11359/11346/14 11357/11344/14
f 11360/11345/14 11362/11347/14 11361/11348/14 11359/11346/14
f 11362/11347/14 11364/11349/14 11363/11350/14 11361/11348/14
f 11364/11349/14 11366/11351/14 11365/11352/14 11363/11350/14
f 11366/11351/14 11368/11353/14 11367/11354/14 11365/11352/14
f 11368/11353/14 11370/11355/14 11369/11356/14 11367/11354/14
f 11370/11355/14 11372/11357/14 11371/11358/14 11369/11356/14
f 11372/11357/14 11374/11359/14 11373/11360/14 11371/11358/14
f 11374/11359/14 11376/11361/14 11375/11362/14 11373/11360/14
f 11376/11361/14 11378/11363/14 11377/11364/14 11375/11362/14
f 11378/11363/14 11380/11365/14 11379/11366/14 11377/11364/14
f 11380/11365/14 11382/11367/14 11381/11368/14 11379/11366/14
f 11382/11367/14 11384/11369/14 11383/11370/14 11381/11368/14
f 11384/11369/14 11386/11371/14 11385/11372/14 11383/11370/14
f 11386/11371/14 11388/11373/14 11387/11374/14 11385/11372/14
f 11388/11373/14 11390/11375/14 11389/11376/14 11387/11374/14
f 11390/11375/14 11392/11377/14 11391/11378/14 11389/11376/14
f 11392/11377/14 11394/11379/14 11393/11380/14 11391/11378/14
f 11394/11379/14 11396/11381/14 11395/11382/14 11393/11380/14
f 11396/11381/14 11398/11383/14 11397/11384/14 11395/11382/14
f 11398/11383/14 11400/11385/14 11399/11386/14 11397/11384/14
f 11400/11385/14 11402/11387/14 11401/11388/14 11399/11386/14
f 11402/11387/14 11404/11389/14 11403/11390/14 11401/11388/14
f 11404/11389/14 11406/11391/14 11405/11392/14 11403/11390/14
f 11406/11391/14 11408/11393/14 11407/11394/14 11405/11392/14
f 11408/11393/14 11410/11395/14 11409/11396/14 11407/11394/14
f 11410/11395/14 11412/11397/14 11411/11398/14 11409/11396/14
f 11412/11397/14 11414/11399/14 11413/11400/14 11411/11398/14
f 11414/11399/14 11416/11401/14 11415/11402/14 11413/11400/14
f 11416/11401/14 11418/11403/14 11417/11404/14 11415/11402/14
f 11418/11403/14 11420/11405/14 11419/11406/14 11417/11404/14
f 11420/11405/14 11422/11407/14 11421/11408/14 11419/11406/14
f 11422/11407/14 11424/11409/14 11423/11410/14 11421/11408/14
f 11424/11409/14 11426/11411/14 11425/11412/14 11423/11410/14
f 11426/11411/14 11428/11413/14 11427/11414/14 11425/11412/14
f 11428/11413/14 11430/11415/14 11429/11416/14 11427/11414/14
f 11430/11415/14 11432/11417/14 11431/11418/14 11429/11416/14
f 11432/11417/14 11434/11419/14 11433/11420/14 11431/11418/14
f 11434/11419/14 11436/11421/14 11435/11422/14 11433/11420/14
f 11436/11421/14 11438/11423/14 11437/11424/14 11435/11422/14
f 11438/11423/14 11440/11425/14 11439/11426/14 11437/11424/14
f 11440/11425/14 11442/11427/14 11441/11428/14 11439/11426/14
f 11442/11427/14 11444/11429/14 11443/11430/14 11441/11428/14
f 11444/11429/14 11446/11431/14 11445/11432/14 11443/11430/14
f 11446/11431/14 11448/11433/14 11447/11434/14 11445/11432/14
f 11448/11433/14 11450/11435/14 11449/11436/14 11447/11434/14
f 11450/11435/14 11452/11437/14 11451/11438/14 11449/11436/14
f 11452/11437/14 11454/11439/14 11453/11440/14 11451/11438/14
f 11454/11439/14 11456/11441/14 11455/11442/14 11453/11440/14
f 11456/11441/14 11458/11443/14 11457/11444/14 11455/11442/14
f 11458/11443/14 11460/11445/14 11459/11446/14 11457/11444/14
f 11460/11445/14 11462/11447/14 11461/11448/14 11459/11446/14
f 11462/11447/14 11464/11449/14 11463/11450/14 11461/11448/14
f 11464/11449/14 11466/11451/14 11465/11452/14 11463/11450/14
f 11466/11451/14 11468/11453/14 11467/11454/14 11465/11452/14
f 11468/11453/14 11470/11455/14 11469/11456/14 11467/11454/14
f 11470/11455/14 11472/11457/14 11471/11458/14 11469/11456/14
f 11472/11457/14 11474/11459/14 11473/11460/14 11471/11458/14
f 11474/11459/14 11476/11461/14 11475/11462/14 11473/11460/14
f 11476/11461/14 11478/11463/14 11477/11464/14 11475/11462/14
f 11478/11463/14 11480/11465/14 11479/11466/14 11477/11464/14
f 11480/11465/14 11482/11467/14 11481/11468/14 11479/11466/14
f 11482/11467/14 11484/11469/14 11483/11470/14 11481/11468/14
f 11484/11469/14 11486/11471/14 11485/11472/14 11483/11470/14
f 11486/11471/14 11488/11473/14 11487/11474/14 11485/11472/14
f 11488/11473/14 11490/11475/14 11489/11476/14 11487/11474/14
f 11490/11475/14 11492/11477/14 11491/11478/14 11489/11476/14
f 11492/11477/14 11494/11479/14 11493/11480/14 11491/11478/14
f 11494/11479/14 11496/11481/14 11495/11482/14 11493/11480/14
f 11496/11481/14 11498/11483/14 11497/11484/14 11495/11482/14
f 11498/11483/14 11500/11485/14 11499/11486/14 11497/11484/14
f 11500/11485/14 11502/11487/14 11501/11488/14 11499/11486/14
f 11502/11487/14 11504/11489/14 11503/11490/14 11501/11488/14
f 11504/11489/14 11506/11491/14 11505/11492/14 11503/11490/14
f 11506/11491/14 11508/11493/14 11507/11494/14 11505/11492/14
f 11508/11493/14 11510/11495/14 11509/11496/14 11507/11494/14
f 11510/11495/14 11512/11497/14 11511/11498/14 11509/11496/14
f 11512/11497/14 11514/11499/14 11513/11500/14 11511/11498/14
f 11514/11499/14 11516/11501/14 11515/11502/14 11513/11500/14
f 11516/11501/14 11518/11503/14 11517/11504/14 11515/11502/14
f 11518/11503/14 11520/11505/14 11519/11506/14 11517/11504/14
f 11520/11505/14 11522/11507/14 11521/11508/14 11519/11506/14
f 11522/11507/14 11524/11509/14 11523/11510/14 11521/11508/14
f 11524/11509/14 11526/11511/14 11525/11512/14 11523/11510/14
f 11526/11511/14 11528/11513/14 11527/11514/14 11525/11512/14
f 11528/11513/14 11530/11515/14 11529/11516/14 11527/11514/14
f 11530/11515/14 11532/11517/14 11531/11518/14 11529/11516/14
f 11532/11517/14 11534/11519/14 11533/11520/14 11531/11518/14
f 11534/11519/14 11536/11521/14 11535/11522/14 11533/11520/14
f 11536/11521/14 11538/11523/14 11537/11524/14 11535/11522/14
f 11538/11523/14 11540/11525/14 11539/11526/14 11537/11524/14
f 11540/11525/14 11542/11527/14 11541/11528/14 11539/11526/14
f 11542/11527/14 11544/11529/14 11543/11530/14 11541/11528/14
f 11544/11529/14 11546/11531/14 11545/11532/14 11543/11530/14
f 11546/11531/14 11548/11533/14 11547/11534/14 11545/11532/14
f 11548/11533/14 11550/11535/14 11549/11536/14 11547/11534/14
f 11550/11535/14 11552/11537/14 11551/11538/14 11549/11536/14
f 11552/11537/14 11554/11539/14 11553/11540/14 11551/11538/14
f 11554/11539/14 11556/11541/14 11555/11542/14 11553/11540/14
f 11556/11541/14 11558/11543/14 11557/11544/14 11555/11542/14
f 11558/11543/14 11560/11545/14 11559/11546/14 11557/11544/14
f 11560/11545/14 11562/11547/14 11561/11548/14 11559/11546/14
f 11562/11547/14 11564/11549/14 11563/11550/14 11561/11548/14
f 11564/11549/14 11566/11551/14 11565/11552/14 11563/11550/14
f 11566/11551/14 11568/11553/14 11567/11554/14 11565/11552/14
f 11568/11553/14 11570/11555/14 11569/11556/14 11567/11554/14
f 11570/11555/14 11572/11557/14 11571/11558/14 11569/11556/14
f 11572/11557/14 11574/11559/14 11573/11560/14 11571/11558/14
f 11574/11559/14 11576/11561/14 11575/11562/14 11573/11560/14
f 11576/11561/14 11578/11563/14 11577/11564/14 11575/11562/14
f 11578/11563/14 11580/11565/14 11579/11566/14 11577/11564/14
f 11580/11565/14 11582/11567/14 11581/11568/14 11579/11566/14
f 11582/11567/14 11584/11569/14 11583/11570/14 11581/11568/14
f 11584/11569/14 11586/11571/14 11585/11572/14 11583/11570/14
f 11586/11571/14 11588/11573/14 11587/11574/14 11585/11572/14
f 11588/11573/14 11590/11575/14 11589/11576/14 11587/11574/14
f 11590/11575/14 11592/11577/14 11591/11578/14 11589/11576/14
f 11592/11577/14 11594/11579/14 11593/11580/14 11591/11578/14
f 11594/11579/14 11596/11581/14 11595/11582/14 11593/11580/14
f 11596/11581/14 11598/11583/14 11597/11584/14 11595/11582/14
f 11598/11583/14 11600/11585/14 11599/11586/14 11597/11584/14
f 11600/11585/14 11602/11587/14 11601/11588/14 11599/11586/14
f 11602/11587/14 11604/11589/14 11603/11590/14 11601/11588/14
f 11604/11589/14 11606/11591/14 11605/11592/14 11603/11590/14
f 11606/11591/14 11608/11593/14 11607/11594/14 11605/11592/14
f 11608/11593/14 11610/11595/14 11609/11596/14 11607/11594/14
f 11610/11595/14 11612/11597/14 11611/11598/14 11609/11596/14
f 11612/11597/14 11614/11599/14 11613/11600/14 11611/11598/14
f 11614/11599/14 11616/11601/14 11615/11602/14 11613/11600/14
f 11616/11601/14 11618/11603/14 11617/11604/14 11615/11602/14
f 11618/11603/14 11620/11605/14 11619/11606/14 11617/11604/14
f 11620/11605/14 11622/11607/14 11621/11608/14 11619/11606/14
f 11622/11607/14 11624/11609/14 11623/11610/14 11621/11608/14
f 11624/11609/14 11626/11611/14 11625/11612/14 11623/11610/14
f 11626/11611/14 11628/11613/14 11627/11614/14 11625/11612/14
f 11628/11613/14 11630/11615/14 11629/11616/14 11627/11614/14
f 11630/11615/14 11632/11617/14 11631/11618/14 11629/11616/14
f 11632/11617/14 11634/11619/14 11633/11620/14 11631/11618/14
f 11634/11619/14 11636/11621/14 11635/11622/14 11633/11620/14
f 11636/11621/14 11638/11623/14 11637/11624/14 11635/11622/14
f 11638/11623/14 11640/11625/14 11639/11626/14 11637/11624/14
f 11640/11625/14 11642/11627/14 11641/11628/14 11639/11626/14
f 11642/11627/14 11644/11629/14 11643/11630/14 11641/11628/14
f 11644/11629/14 11646/11631/14 11645/11632/14 11643/11630/14
f 11646/11631/14 11648/11633/14 11647/11634/14 11645/11632/14
f 11648/11633/14 11650/11635/14 11649/11636/14 11647/11634/14
f 11650/11635/14 11652/11637/14 11651/11638/14 11649/11636/14
f 11652/11637/14 11654/11639/14 11653/11640/14 11651/11638/14
f 11654/11639/14 11656/11641/14 11655/11642/14 11653/11640/14
f 11656/11641/14 11658/11643/14 11657/11644/14 11655/11642/14
f 11658/11643/14 11660/11645/14 11659/11646/14 11657/11644/14
f 11660/11645/14 11662/11647/14 11661/11648/14 11659/11646/14
f 11662/11647/14 11664/11649/14 11663/11650/14 11661/11648/14
f 11664/11649/14 11666/11651/14 11665/11652/14 11663/11650/14
f 11666/11651/14 11668/11653/14 11667/11654/14 11665/11652/14
f 11668/11653/14 11670/11655/14 11669/11656/14 11667/11654/14
f 11670/11655/14 11672/11657/14 11671/11658/14 11669/11656/14
f 11672/11657/14 11674/11659/14 11673/11660/14 11671/11658/14
f 11674/11659/14 11676/11661/14 11675/11662/14 11673/11660/14
f 11676/11661/14 11678/11663/14 11677/11664/14 11675/11662/14
f 11678/11663/14 11680/11665/14 11679/11666/14 11677/11664/14
f 11680/11665/14 11682/11667/14 11681/11668/14 11679/11666/14
f 11682/11667/14 11684/11669/14 11683/11670/14 11681/11668/14
f 11684/11669/14 11686/11671/14 11685/11672/14 11683/11670/14
f 11686/11671/14 11688/11673/14 11687/11674/14 11685/11672/14
f 11688/11673/14 11690/11675/14 11689/11676/14 11687/11674/14
f 11690/11675/14 11692/11677/14 11691/11678/14 11689/11676/14
f 11692/11677/14 11694/11679/14 11693/11680/14 11691/11678/14
f 11694/11679/14 11696/11681/14 11695/11682/14 11693/11680/14
f 11696/11681/14 11698/11683/14 11697/11684/14 11695/11682/14
f 11698/11683/14 11700/11685/14 11699/11686/14 11697/11684/14
f 11700/11685/14 11702/11687/14 11701/11688/14 11699/11686/14
f 11702/11687/14 11704/11689/14 11703/11690/14 11701/11688/14
f 11704/11689/14 11706/11691/14 11705/11692/14 11703/11690/14
f 11706/11691/14 11708/11693/14 11707/11694/14 11705/11692/14
f 11708/11693/14 11710/11695/14 11709/11696/14 11707/11694/14
f 11710/11695/14 11712/11697/14 11711/11698/14 11709/11696/14
f 11712/11697/14 11714/11699/14 11713/11700/14 11711/11698/14
f 11714/11699/14 11716/11701/14 11715/11702/14 11713/11700/14
f 11716/11701/14 11718/11703/14 11717/11704/14 11715/11702/14
f 11718/11703/14 11720/11705/14 11719/11706/14 11717/11704/14
f 11720/11705/14 11722/11707/14 11721/11708/14 11719/11706/14
f 11722/11707/14 11724/11709/14 11723/11710/14 11721/11708/14
f 11724/11709/14 11726/11711/14 11725/11712/14 11723/11710/14
f 11726/11711/14 11728/11713/14 11727/11714/14 11725/11712/14
f 11728/11713/14 11730/11715/14 11729/11716/14 11727/11714/14
f 11730/11715/14 11732/11717/14 11731/11718/14 11729/11716/14
f 11732/11717/14 11734/11719/14 11733/11720/14 11731/11718/14
f 11734/11719/14 11736/11721/14 11735/11722/14 11733/11720/14
f 11736/11721/14 11738/11723/14 11737/11724/14 11735/11722/14
f 11738/11723/14 11740/11725/14 11739/11726/14 11737/11724/14
f 11740/11725/14 11742/11727/14 11741/11728/14 11739/11726/14
f 11742/11727/14 11744/11729/14 11743/11730/14 11741/11728/14
f 11744/11729/14 11746/11731/14 11745/11732/14 11743/11730/14
f 11746/11731/14 11748/11733/14 11747/11734/14 11745/11732/14
f 11748/11733/14 11750/11735/14 11749/11736/14 11747/11734/14
f 11750/11735/14 11752/11737/14 11751/11738/14 11749/11736/14
f 11752/11737/14 11754/11739/14 11753/11740/14 11751/11738/14
f 11754/11739/14 11756/11741/14 11755/11742/14 11753/11740/14
f 11756/11741/14 11758/11743/14 11757/11744/14 11755/11742/14
f 11758/11743/14 11760/11745/14 11759/11746/14 11757/11744/14
f 11760/11745/14 11762/11747/14 11761/11748/14 11759/11746/14
f 11762/11747/14 11764/11749/14 11763/11750/14 11761/11748/14
f 11764/11749/14 11766/11751/14 11765/11752/14 11763/11750/14
f 11766/11751/14 11768/11753/14 11767/11754/14 11765/11752/14
f 11768/11753/14 11770/11755/14 11769/11756/14 11767/11754/14
f 11770/11755/14 11772/11757/14 11771/11758/14 11769/11756/14
f 11772/11757/14 11774/11759/14 11773/11760/14 11771/11758/14
f 11774/11759/14 11776/11761/14 11775/11762/14 11773/11760/14
f 11776/11761/14 11778/11763/14 11777/11764/14 11775/11762/14
f 11778/11763/14 11780/11765/14 11779/11766/14 11777/11764/14
f 11780/11765/14 11782/11767/14 11781/11768/14 11779/11766/14
f 11782/11767/14 11784/11769/14 11783/11770/14 11781/11768/14
f 11784/11769/14 11786/11771/14 11785/11772/14 11783/11770/14
f 11786/11771/14 11788/11773/14 11787/11774/14 11785/11772/14
f 11788/11773/14 11790/11775/14 11789/11776/14 11787/11774/14
f 11790/11775/14 11792/11777/14 11791/11778/14 11789/11776/14
f 11792/11777/14 11794/11779/14 11793/11780/14 11791/11778/14
f 11794/11779/14 11796/11781/14 11795/11782/14 11793/11780/14
f 11796/11781/14 11798/11783/14 11797/11784/14 11795/11782/14
f 11798/11783/14 11800/11785/14 11799/11786/14 11797/11784/14
f 11800/11785/14 11802/11787/14 11801/11788/14 11799/11786/14
f 11802/11787/14 11804/11789/14 11803/11790/14 11801/11788/14
f 11804/11789/14 11806/11791/14 11805/11792/14 11803/11790/14
f 11806/11791/14 11808/11793/14 11807/11794/14 11805/11792/14
f 11808/11793/14 11810/11795/14 11809/11796/14 11807/11794/14
f 11810/11795/14 11812/11797/14 11811/11798/14 11809/11796/14
f 11812/11797/14 11814/11799/14 11813/11800/14 11811/11798/14
f 11814/11799/14 11816/11801/14 11815/11802/14 11813/11800/14
f 11816/11801/14 11818/11803/14 11817/11804/14 11815/11802/14
f 11818/11803/14 11820/11805/14 11819/11806/14 11817/11804/14
f 11820/11805/14 11822/11807/14 11821/11808/14 11819/11806/14
f 11822/11807/14 11824/11809/14 11823/11810/14 11821/11808/14
f 11824/11809/14 11826/11811/14 11825/11812/14 11823/11810/14
f 11826/11811/14 11828/11813/14 11827/11814/14 11825/11812/14
f 11828/11813/14 11830/11815/14 11829/11816/14 11827/11814/14
f 11830/11815/14 11832/11817/14 11831/11818/14 11829/11816/14
f 11832/11817/14 11834/11819/14 11833/11820/14 11831/11818/14
f 11834/11819/14 11836/11821/14 11835/11822/14 11833/11820/14
f 11836/11821/14 11838/11823/14 11837/11824/14 11835/11822/14
f 11838/11823/14 11840/11825/14 11839/11826/14 11837/11824/14
f 11840/11825/14 11842/11827/14 11841/11828/14 11839/11826/14
f 11842/11827/14 11844/11829/14 11843/11830/14 11841/11828/14
f 11844/11829/14 11846/11831/14 11845/11832/14 11843/11830/14
f 11846/11831/14 11848/11833/14 11847/11834/14 11845/11832/14
f 11848/11833/14 11850/11835/14 11849/11836/14 11847/11834/14
f 11850/11835/14 11852/11837/14 11851/11838/14 11849/11836/14
f 11852/11837/14 11854/11839/14 11853/11840/14 11851/11838/14
f 11854/11839/14 11856/11841/14 11855/11842/14 11853/11840/14
f 11856/11841/14 11858/11843/14 11857/11844/14 11855/11842/14
f 11858/11843/14 11860/11845/14 11859/11846/14 11857/11844/14
f 11860/11845/14 11862/11847/14 11861/11848/14 11859/11846/14
f 11862/11847/14 11864/11849/14 11863/11850/14 11861/11848/14
f 11864/11849/14 11866/11851/14 11865/11852/14 11863/11850/14
f 11866/11851/14 11868/11853/14 11867/11854/14 11865/11852/14
f 11868/11853/14 11870/11855/14 11869/11856/14 11867/11854/14
f 11870/11855/14 11872/11857/14 11871/11858/14 11869/11856/14
f 11872/11857/14 11874/11859/14 11873/11860/14 11871/11858/14
f 11874/11859/14 11876/11861/14 11875/11862/14 11873/11860/14
f 11876/11861/14 11878/11863/14 11877/11864/14 11875/11862/14
f 11878/11863/14 11880/11865/14 11879/11866/14 11877/11864/14
f 11880/11865/14 11882/11867/14 11881/11868/14 11879/11866/14
f 11882/11867/14 11884/11869/14 11883/11870/14 11881/11868/14
f 11884/11869/14 11886/11871/14 11885/11872/14 11883/11870/14
f 11886/11871/14 11888/11873/14 11887/11874/14 11885/11872/14
f 11888/11873/14 11890/11875/14 11889/11876/14 11887/11874/14
f 11890/11875/14 11892/11877/14 11891/11878/14 11889/11876/14
f 11892/11877/14 11894/11879/14 11893/11880/14 11891/11878/14
f 11894/11879/14 11896/11881/14 11895/11882/14 11893/11880/14
f 11896/11881/14 11898/11883/14 11897/11884/14 11895/11882/14
f 11898/11883/14 11900/11885/14 11899/11886/14 11897/11884/14
f 11900/11885/14 11902/11887/14 11901/11888/14 11899/11886/14
f 11902/11887/14 11904/11889/14 11903/11890/14 11901/11888/14
f 11904/11889/14 11906/11891/14 11905/11892/14 11903/11890/14
f 11906/11891/14 11908/11893/14 11907/11894/14 11905/11892/14
f 11908/11893/14 11910/11895/14 11909/11896/14 11907/11894/14
f 11910/11895/14 11912/11897/14 11911/11898/14 11909/11896/14
f 11912/11897/14 11914/11899/14 11913/11900/14 11911/11898/14
f 11914/11899/14 11916/11901/14 11915/11902/14 11913/11900/14
f 11916/11901/14 11918/11903/14 11917/11904/14 11915/11902/14
f 11918/11903/14 11920/11905/14 11919/11906/14 11917/11904/14
f 11920/11905/14 11922/11907/14 11921/11908/14 11919/11906/14
f 11922/11907/14 11924/11909/14 11923/11910/14 11921/11908/14
f 11924/11909/14 11926/11911/14 11925/11912/14 11923/11910/14
f 11926/11911/14 11928/11913/14 11927/11914/14 11925/11912/14
f 11928/11913/14 11930/11915/14 11929/11916/14 11927/11914/14
f 11930/11915/14 11932/11917/14 11931/11918/14 11929/11916/14
f 11932/11917/14 11934/11919/14 11933/11920/14 11931/11918/14
f 11934/11919/14 11936/11921/14 11935/11922/14 11933/11920/14
f 11936/11921/14 11938/11923/14 11937/11924/14 11935/11922/14
f 11938/11923/14 11940/11925/14 11939/11926/14 11937/11924/14
f 11940/11925/14 11942/11927/14 11941/11928/14 11939/11926/14
f 11942/11927/14 11944/11929/14 11943/11930/14 11941/11928/14
f 11944/11929/14 11946/11931/14 11945/11932/14 11943/11930/14
f 11946/11931/14 11948/11933/14 11947/11934/14 11945/11932/14
f 11948/11933/14 11950/11935/14 11949/11936/14 11947/11934/14
f 11950/11935/14 11952/11937/14 11951/11938/14 11949/11936/14
f 11952/11937/14 11954/11939/14 11953/11940/14 11951/11938/14
f 11954/11939/14 11956/11941/14 11955/11942/14 11953/11940/14
f 11956/11941/14 11958/11943/14 11957/11944/14 11955/11942/14
f 11958/11943/14 11960/11945/14 11959/11946/14 11957/11944/14
f 11960/11945/14 11962/11947/14 11961/11948/14 11959/11946/14
f 11962/11947/14 11964/11949/14 11963/11950/14 11961/11948/14
f 11964/11949/14 11966/11951/14 11965/11952/14 11963/11950/14
f 11966/11951/14 11968/11953/14 11967/11954/14 11965/11952/14
f 11968/11953/14 11970/11955/14 11969/11956/14 11967/11954/14
f 11970/11955/14 11972/11957/14 11971/11958/14 11969/11956/14
f 11972/11957/14 11974/11959/14 11973/11960/14 11971/11958/14
f 11974/11959/14 11976/11961/14 11975/11962/14 11973/11960/14
f 11976/11961/14 11978/11963/14 11977/11964/14 11975/11962/14
f 11978/11963/14 11980/11965/14 11979/11966/14 11977/11964/14
f 11980/11965/14 11982/11967/14 11981/11968/14 11979/11966/14
f 11982/11967/14 11984/11969/14 11983/11970/14 11981/11968/14
f 11984/11969/14 11986/11971/14 11985/11972/14 11983/11970/14
f 11986/11971/14 11988/11973/14 11987/11974/14 11985/11972/14
f 11988/11973/14 11990/11975/14 11989/11976/14 11987/11974/14
f 11990/11975/14 11992/11977/14 11991/11978/14 11989/11976/14
f 11992/11977/14 11994/11979/14 11993/11980/14 11991/11978/14
f 11994/11979/14 11996/11981/14 11995/11982/14 11993/11980/14
f 11996/11981/14 11998/11983/14 11997/11984/14 11995/11982/14
f 11998/11983/14 12000/11985/14 11999/11986/14 11997/11984/14
f 12000/11985/14 12002/11987/14 12001/11988/14 11999/11986/14
f 12002/11987/14 12004/11989/14 12003/11990/14 12001/11988/14
f 12004/11989/14 12006/11991/14 12005/11992/14 12003/11990/14
f 12006/11991/14 12008/11993/14 12007/11994/14 12005/11992/14
f 12008/11993/14 12010/11995/14 12009/11996/14 12007/11994/14
f 12010/11995/14 12012/11997/14 12011/11998/14 12009/11996/14
f 12012/11997/14 12014/11999/14 12013/12000/14 12011/11998/14
f 12014/11999/14 12016/12001/14 12015/12002/14 12013/12000/14
f 12016/12001/14 12018/12003/14 12017/12004/14 12015/12002/14
f 12018/12003/14 12020/12005/14 12019/12006/14 12017/12004/14
f 12020/12005/14 12022/12007/14 12021/12008/14 12019/12006/14
f 12022/12007/14 12024/12009/14 12023/12010/14 12021/12008/14
f 12024/12009/14 12026/12011/14 12025/12012/14 12023/12010/14
f 12026/12011/14 12028/12013/14 12027/12014/14 12025/12012/14
f 12028/12013/14 12030/12015/14 12029/12016/14 12027/12014/14
f 12030/12015/14 12032/12017/14 12031/12018/14 12029/12016/14
f 12032/12017/14 12034/12019/14 12033/12020/14 12031/12018/14
f 12034/12019/14 12036/12021/14 12035/12022/14 12033/12020/14
f 12036/12021/14 12038/12023/14 12037/12024/14 12035/12022/14
f 12038/12023/14 12040/12025/14 12039/12026/14 12037/12024/14
f 12040/12025/14 12042/12027/14 12041/12028/14 12039/12026/14
f 12042/12027/14 12044/12029/14 12043/12030/14 12041/12028/14
f 12044/12029/14 12046/12031/14 12045/12032/14 12043/12030/14
f 12046/12031/14 12048/12033/14 12047/12034/14 12045/12032/14
f 12048/12033/14 12050/12035/14 12049/12036/14 12047/12034/14
f 12050/12035/14 12052/12037/14 12051/12038/14 12049/12036/14
f 12052/12037/14 12054/12039/14 12053/12040/14 12051/12038/14
f 12054/12039/14 12056/12041/14 12055/12042/14 12053/12040/14
f 12056/12041/14 12058/12043/14 12057/12044/14 12055/12042/14
f 12058/12043/14 12060/12045/14 12059/12046/14 12057/12044/14
f 12060/12045/14 12062/12047/14 12061/12048/14 12059/12046/14
f 12062/12047/14 12064/12049/14 12063/12050/14 12061/12048/14
f 12064/12049/14 12066/12051/14 12065/12052/14 12063/12050/14
