# Blender 4.5.1 LTS
# www.blender.org
mtllib SillyDonut.mtl
o Torus
v 5.962110 0.000000 1.371756
v 5.962110 0.000000 -1.371756
v 5.722782 0.000000 0.312344
v 5.771131 0.000000 0.156311
v 5.721593 0.000000 0.000000
v 5.771131 0.000000 -0.156311
v 5.722782 0.000000 -0.312344
v 5.178965 0.109086 -1.191978
v 5.958418 0.125504 1.371376
v 5.718708 0.110125 -0.312508
v 5.767082 0.110223 -0.156393
v 5.717516 0.110102 0.000000
v 5.767082 0.110223 0.156393
v 5.718708 0.110125 0.312508
v 5.168439 0.217704 -1.190777
v 5.947360 0.250513 1.370236
v 5.706501 0.219772 -0.312998
v 5.754950 0.219969 -0.156639
v 5.705303 0.219726 0.000000
v 5.754950 0.219969 0.156639
v 5.706501 0.219772 0.312998
v 5.150940 0.325385 -1.188777
v 5.928977 0.374534 1.368339
v 5.686212 0.328468 -0.313811
v 5.734784 0.328764 -0.157047
v 5.685002 0.328398 0.000000
v 5.734784 0.328764 0.157047
v 5.686212 0.328468 0.313811
v 5.126540 0.431667 -1.185984
v 5.903345 0.497076 1.365692
v 5.657923 0.435741 -0.314940
v 5.706668 0.436136 -0.157613
v 5.656697 0.435646 0.000000
v 5.706668 0.436136 0.157613
v 5.657923 0.435741 0.314940
v 5.095336 0.536092 -1.182405
v 5.870568 0.617656 1.362302
v 5.621751 0.541126 -0.316376
v 5.670715 0.541622 -0.158333
v 5.620505 0.541006 0.000000
v 5.670715 0.541622 0.158333
v 5.621751 0.541126 0.316376
v 5.057456 0.638212 -1.178045
v 5.830779 0.735799 1.358177
v 5.577847 0.644167 -0.318106
v 5.627076 0.644765 -0.159201
v 5.576575 0.644020 0.000000
v 5.627076 0.644765 0.159201
v 5.577847 0.644167 0.318107
v 5.013052 0.737585 -1.172913
v 5.784142 0.851038 1.353326
v 5.526393 0.744417 -0.320115
v 5.575928 0.745118 -0.160208
v 5.525090 0.744241 0.000000
v 5.575928 0.745118 0.160208
v 5.526393 0.744417 0.320115
v 4.962305 0.833785 -1.167017
v 5.730846 0.962919 1.347760
v 5.467605 0.841441 -0.322381
v 5.517485 0.842247 -0.161345
v 5.466266 0.841235 0.000000
v 5.517485 0.842247 0.161345
v 5.467605 0.841441 0.322381
v 4.905424 0.926397 -1.160365
v 5.671116 1.070999 1.341487
v 5.401735 0.934818 -0.324880
v 5.451996 0.935731 -0.162598
v 5.400354 0.934579 0.000000
v 5.451996 0.935731 0.162599
v 5.401735 0.934818 0.324880
v 4.842643 1.015020 -1.152962
v 5.605199 1.174852 1.334515
v 5.329065 1.024145 -0.327581
v 5.379737 1.025166 -0.163954
v 5.327638 1.023870 0.000000
v 5.379737 1.025166 0.163954
v 5.329065 1.024145 0.327581
v 4.774226 1.099273 -1.144813
v 5.533376 1.274069 1.326850
v 5.249911 1.109033 -0.330449
v 5.301021 1.110163 -0.165393
v 5.248431 1.108720 0.000000
v 5.301021 1.110163 0.165393
v 5.249911 1.109033 0.330449
v 4.700459 1.178793 -1.135920
v 5.455952 1.368258 1.318493
v 5.164623 1.189114 -0.333441
v 5.216189 1.190357 -0.166895
v 5.163084 1.188760 0.000000
v 5.216189 1.190357 0.166895
v 5.164623 1.189114 0.333441
v 4.621656 1.253236 -1.126281
v 5.373262 1.457047 1.309445
v 5.073582 1.264044 -0.336509
v 5.125616 1.265399 -0.168435
v 5.071980 1.263645 0.000000
v 5.125616 1.265399 0.168435
v 5.073582 1.264044 0.336509
v 4.538154 1.322282 -1.115892
v 5.285667 1.540085 1.299700
v 4.977201 1.333498 -0.339596
v 5.029705 1.334967 -0.169985
v 4.975528 1.333050 0.000000
v 5.029705 1.334967 0.169985
v 4.977201 1.333498 0.339597
v 4.450312 1.385633 -1.104746
v 5.193553 1.617045 1.289248
v 4.875920 1.397178 -0.342641
v 4.928889 1.398762 -0.171515
v 4.874171 1.396677 0.000000
v 4.928889 1.398762 0.171515
v 4.875920 1.397178 0.342642
v 4.358512 1.443017 -1.092829
v 5.097329 1.687624 1.278076
v 4.770209 1.454812 -0.345575
v 4.823627 1.456510 -0.172989
v 4.768378 1.454253 0.000000
v 4.823627 1.456510 0.172990
v 4.770209 1.454812 0.345576
v 4.263155 1.494188 -1.080128
v 4.997428 1.751542 1.266166
v 4.660560 1.506154 -0.348324
v 4.714399 1.507967 -0.174372
v 4.658642 1.505534 0.000000
v 4.714399 1.507967 0.174372
v 4.660560 1.506154 0.348324
v 4.164654 1.538929 -1.066628
v 4.894300 1.808548 1.253500
v 4.547486 1.550989 -0.350810
v 4.601708 1.552916 -0.175623
v 4.545475 1.550303 0.000000
v 4.601708 1.552916 0.175623
v 4.547486 1.550989 0.350811
v 4.063437 1.577050 -1.052312
v 4.788409 1.858417 1.240058
v 4.431514 1.589132 -0.352955
v 4.486070 1.591172 -0.176704
v 4.429406 1.588376 0.000000
v 4.486070 1.591172 0.176704
v 4.431514 1.589132 0.352955
v 3.959944 1.608393 -1.037167
v 4.680235 1.900951 1.225822
v 4.313181 1.620428 -0.354680
v 4.368010 1.622578 -0.177575
v 4.310972 1.619598 0.000000
v 4.368010 1.622578 0.177575
v 4.313181 1.620428 0.354680
v 3.854612 1.632831 -1.021187
v 4.570261 1.935983 1.210781
v 4.193027 1.644754 -0.355911
v 4.248058 1.647011 -0.178199
v 4.190713 1.643847 0.000000
v 4.248058 1.647011 0.178200
v 4.193027 1.644754 0.355911
v 3.747883 1.650267 -1.004370
v 4.458974 1.963374 1.194930
v 4.071588 1.662022 -0.356582
v 4.126740 1.664382 -0.178544
v 4.069165 1.661033 0.000000
v 4.126740 1.664382 0.178544
v 4.071588 1.662022 0.356582
v 3.640191 1.660639 -0.986728
v 4.346859 1.983017 1.178281
v 3.949385 1.672175 -0.356638
v 4.004571 1.674634 -0.178581
v 3.946851 1.671102 0.000000
v 4.004571 1.674634 0.178581
v 3.949385 1.672175 0.356638
v 3.531961 1.663917 -0.968285
v 4.234392 1.994834 1.160856
v 3.826923 1.675191 -0.356037
v 3.882051 1.677743 -0.178290
v 3.824276 1.674032 0.000000
v 3.882051 1.677743 0.178290
v 3.826923 1.675191 0.356037
v 3.423604 1.660106 -0.949081
v 4.122040 1.998778 1.142700
v 3.704682 1.671082 -0.354755
v 3.759657 1.673722 -0.177658
v 3.701920 1.669836 0.000000
v 3.759657 1.673722 0.177658
v 3.704682 1.671082 0.354756
v 3.315512 1.649248 -0.929174
v 4.010251 1.994834 1.123875
v 3.583114 1.659895 -0.352786
v 3.637841 1.662616 -0.176682
v 3.580234 1.658561 0.000000
v 3.637841 1.662616 0.176682
v 3.583114 1.659895 0.352786
v 3.208066 1.631417 -0.908637
v 3.899463 1.983017 1.104465
v 3.462643 1.641712 -0.350140
v 3.517032 1.644508 -0.175368
v 3.459644 1.640290 0.000000
v 3.517032 1.644508 0.175369
v 3.462643 1.641712 0.350141
v 3.101619 1.606728 -0.887558
v 3.790088 1.963374 1.084571
v 3.343655 1.616652 -0.346848
v 3.397618 1.619516 -0.173731
v 3.340534 1.615143 0.000000
v 3.397618 1.619516 0.173731
v 3.343655 1.616652 0.346848
v 2.996509 1.575329 -0.866042
v 3.682525 1.935983 1.064313
v 3.226509 1.584869 -0.342952
v 3.279970 1.587794 -0.171792
v 3.223263 1.583274 0.000000
v 3.279970 1.587794 0.171793
v 3.226509 1.584869 0.342952
v 2.893054 1.537411 -0.844202
v 3.577152 1.900951 1.043824
v 3.111539 1.546556 -0.338511
v 3.164429 1.549535 -0.169581
v 3.108164 1.544878 0.000000
v 3.164429 1.549535 0.169582
v 3.111539 1.546556 0.338511
v 2.791558 1.493201 -0.822159
v 3.474333 1.858417 1.023248
v 2.999054 1.501944 -0.333590
v 3.051316 1.504969 -0.167131
v 2.995543 1.500185 0.000000
v 3.051316 1.504969 0.167131
v 2.999054 1.501944 0.333590
v 2.692311 1.442968 -0.800041
v 3.374416 1.808548 1.002734
v 2.889342 1.451302 -0.328263
v 2.940932 1.454366 -0.164478
v 2.885686 1.449466 0.000000
v 2.940932 1.454366 0.164478
v 2.889342 1.451302 0.328263
v 2.595591 1.387021 -0.777974
v 3.277735 1.751542 0.982433
v 2.782680 1.394941 -0.322604
v 2.833565 1.398036 -0.161660
v 2.778869 1.393031 0.000000
v 2.833565 1.398036 0.161660
v 2.782680 1.394941 0.322605
v 2.501669 1.325711 -0.756087
v 3.184614 1.687624 0.962496
v 2.679332 1.333213 -0.316691
v 2.729495 1.336329 -0.158715
v 2.675355 1.331234 0.000000
v 2.729495 1.336329 0.158716
v 2.679332 1.333213 0.316691
v 2.410811 1.259429 -0.734503
v 3.095364 1.617045 0.943066
v 2.579560 1.266508 -0.310596
v 2.628994 1.269636 -0.155682
v 2.575402 1.264467 0.000000
v 2.628994 1.269636 0.155682
v 2.579560 1.266508 0.310597
v 2.323284 1.188610 -0.713345
v 3.010285 1.540085 0.924283
v 2.483627 1.195261 -0.304392
v 2.532337 1.198388 -0.152594
v 2.479271 1.193164 0.000000
v 2.532337 1.198388 0.152595
v 2.483627 1.195261 0.304393
v 2.239356 1.113726 -0.692731
v 2.929667 1.457047 0.906275
v 2.391799 1.119942 -0.298147
v 2.439802 1.123055 -0.149488
v 2.387226 1.117801 0.000000
v 2.439802 1.123055 0.149488
v 2.391799 1.119942 0.298147
v 2.159303 1.035285 -0.672779
v 2.853787 1.368258 0.889161
v 2.304354 1.041061 -0.291925
v 2.351676 1.044143 -0.146395
v 2.299544 1.038887 0.000000
v 2.351676 1.044143 0.146395
v 2.304354 1.041061 0.291926
v 2.083418 0.953828 -0.653605
v 2.782911 1.274069 0.873049
v 2.221586 0.959155 -0.285791
v 2.268265 0.962186 -0.143347
v 2.216517 0.956967 0.000000
v 2.268265 0.962186 0.143348
v 2.221586 0.959155 0.285792
v 2.012012 0.869917 -0.635332
v 2.717289 1.174852 0.858037
v 2.143813 0.874788 -0.279808
v 2.189892 0.877743 -0.140376
v 2.138463 0.872605 0.000000
v 2.189892 0.877743 0.140377
v 2.143813 0.874788 0.279808
v 1.945421 0.784125 -0.618085
v 2.657158 1.070999 0.844213
v 2.071381 0.788532 -0.274040
v 2.116913 0.791381 -0.137515
v 2.065731 0.786381 0.000000
v 2.116913 0.791381 0.137516
v 2.071381 0.788532 0.274041
v 1.884017 0.697019 -0.601999
v 2.602736 0.962919 0.831652
v 2.004673 0.700953 -0.268556
v 2.049714 0.703662 -0.134797
v 1.998706 0.698867 0.000000
v 2.049714 0.703662 0.134797
v 2.004673 0.700953 0.268556
v 1.828205 0.609137 -0.587222
v 2.554223 0.851038 0.820421
v 1.944109 0.612593 -0.263428
v 1.988722 0.615120 -0.132257
v 1.937816 0.610610 0.000000
v 1.988722 0.615120 0.132258
v 1.944109 0.612593 0.263428
v 1.778427 0.520967 -0.573912
v 2.511801 0.735799 0.810577
v 1.890150 0.523938 -0.258734
v 1.934399 0.526238 -0.129935
v 1.883529 0.522102 0.000000
v 1.934399 0.526237 0.129935
v 1.890150 0.523938 0.258734
v 1.735153 0.432912 -0.562235
v 2.475627 0.617656 0.802169
v 1.843285 0.435392 -0.254557
v 1.887234 0.437416 -0.127870
v 1.836347 0.433753 0.000000
v 1.887234 0.437416 0.127871
v 1.843285 0.435392 0.254558
v 1.698867 0.345266 -0.552367
v 2.445840 0.497076 0.795237
v 1.804021 0.347253 -0.250984
v 1.847732 0.348950 -0.126105
v 1.796791 0.345861 0.000000
v 1.847732 0.348950 0.126106
v 1.804021 0.347253 0.250984
v 1.670041 0.258193 -0.544475
v 2.422553 0.374534 0.789813
v 1.772850 0.259684 -0.248096
v 1.816381 0.261007 -0.124680
v 1.765369 0.258588 0.000000
v 1.816381 0.261007 0.124681
v 1.772849 0.259684 0.248097
v 1.649099 0.171715 -0.538711
v 2.405854 0.250513 0.785921
v 1.750217 0.172709 -0.245971
v 1.793625 0.173617 -0.123632
v 1.742543 0.171952 0.000000
v 1.793625 0.173617 0.123632
v 1.750217 0.172709 0.245972
v 1.636385 0.085722 -0.535200
v 2.395810 0.125504 0.783579
v 1.736481 0.086219 -0.244669
v 1.779818 0.086681 -0.122990
v 1.728684 0.085832 0.000000
v 1.779817 0.086681 0.122991
v 1.736480 0.086219 0.244670
v 1.632122 0.000000 -0.534020
v 2.392457 0.000000 0.782797
v 1.731875 0.000000 -0.244231
v 1.775188 0.000000 -0.122774
v 1.724037 0.000000 0.000000
v 1.775188 0.000000 0.122774
v 1.731875 0.000000 0.244231
v 1.636385 -0.085722 -0.535200
v 2.395810 -0.125504 0.783579
v 1.736481 -0.086219 -0.244669
v 1.779818 -0.086681 -0.122990
v 1.728685 -0.085832 0.000000
v 1.779817 -0.086681 0.122991
v 1.736481 -0.086219 0.244670
v 1.649099 -0.171715 -0.538711
v 2.405854 -0.250513 0.785921
v 1.750217 -0.172709 -0.245971
v 1.793625 -0.173617 -0.123632
v 1.742543 -0.171952 0.000000
v 1.793625 -0.173617 0.123632
v 1.750217 -0.172709 0.245972
v 1.670041 -0.258193 -0.544475
v 2.422553 -0.374534 0.789813
v 1.772850 -0.259684 -0.248096
v 1.816381 -0.261007 -0.124680
v 1.765369 -0.258588 0.000000
v 1.816381 -0.261007 0.124681
v 1.772849 -0.259684 0.248097
v 1.698867 -0.345266 -0.552367
v 2.445840 -0.497076 0.795237
v 1.804021 -0.347253 -0.250984
v 1.847732 -0.348950 -0.126105
v 1.796791 -0.345861 0.000000
v 1.847732 -0.348950 0.126106
v 1.804021 -0.347253 0.250984
v 1.735153 -0.432912 -0.562235
v 2.475627 -0.617656 0.802169
v 1.843285 -0.435392 -0.254557
v 1.887234 -0.437416 -0.127870
v 1.836347 -0.433753 0.000000
v 1.887234 -0.437416 0.127871
v 1.843285 -0.435392 0.254558
v 1.778427 -0.520967 -0.573912
v 2.511801 -0.735799 0.810577
v 1.890150 -0.523938 -0.258734
v 1.934399 -0.526238 -0.129935
v 1.883529 -0.522102 0.000000
v 1.934399 -0.526238 0.129935
v 1.890150 -0.523938 0.258734
v 1.828205 -0.609137 -0.587222
v 2.554223 -0.851038 0.820421
v 1.944109 -0.612593 -0.263428
v 1.988722 -0.615120 -0.132257
v 1.937815 -0.610610 0.000000
v 1.988722 -0.615120 0.132258
v 1.944108 -0.612593 0.263428
v 1.884017 -0.697019 -0.601999
v 2.602736 -0.962919 0.831652
v 2.004673 -0.700953 -0.268556
v 2.049714 -0.703662 -0.134797
v 1.998706 -0.698867 0.000000
v 2.049714 -0.703662 0.134797
v 2.004673 -0.700953 0.268556
v 1.945421 -0.784125 -0.618085
v 2.657158 -1.070999 0.844213
v 2.071381 -0.788532 -0.274040
v 2.116913 -0.791381 -0.137515
v 2.065731 -0.786381 0.000000
v 2.116913 -0.791381 0.137516
v 2.071381 -0.788532 0.274041
v 2.012012 -0.869917 -0.635332
v 2.717289 -1.174852 0.858037
v 2.143813 -0.874788 -0.279808
v 2.189892 -0.877743 -0.140376
v 2.138463 -0.872605 0.000000
v 2.189892 -0.877743 0.140377
v 2.143813 -0.874788 0.279808
v 2.083418 -0.953828 -0.653605
v 2.782911 -1.274069 0.873049
v 2.221586 -0.959155 -0.285791
v 2.268264 -0.962186 -0.143347
v 2.216517 -0.956967 0.000000
v 2.268264 -0.962186 0.143348
v 2.221586 -0.959155 0.285792
v 2.159303 -1.035285 -0.672779
v 2.853787 -1.368258 0.889161
v 2.304354 -1.041061 -0.291925
v 2.351676 -1.044143 -0.146395
v 2.299544 -1.038887 0.000000
v 2.351676 -1.044143 0.146395
v 2.304354 -1.041061 0.291926
v 2.239356 -1.113726 -0.692731
v 2.929667 -1.457047 0.906275
v 2.391799 -1.119942 -0.298147
v 2.439802 -1.123055 -0.149488
v 2.387227 -1.117801 0.000000
v 2.439802 -1.123055 0.149488
v 2.391799 -1.119942 0.298147
v 2.323284 -1.188610 -0.713345
v 3.010285 -1.540085 0.924283
v 2.483627 -1.195261 -0.304392
v 2.532337 -1.198388 -0.152594
v 2.479271 -1.193164 0.000000
v 2.532337 -1.198388 0.152595
v 2.483627 -1.195261 0.304393
v 2.410811 -1.259429 -0.734503
v 3.095364 -1.617045 0.943066
v 2.579560 -1.266508 -0.310596
v 2.628994 -1.269636 -0.155682
v 2.575402 -1.264467 0.000000
v 2.628994 -1.269636 0.155682
v 2.579560 -1.266508 0.310597
v 2.501669 -1.325711 -0.756087
v 3.184614 -1.687624 0.962496
v 2.679332 -1.333213 -0.316691
v 2.729495 -1.336329 -0.158715
v 2.675355 -1.331234 0.000000
v 2.729495 -1.336329 0.158716
v 2.679332 -1.333213 0.316691
v 2.595591 -1.387021 -0.777975
v 3.277735 -1.751542 0.982433
v 2.782680 -1.394941 -0.322604
v 2.833565 -1.398036 -0.161660
v 2.778869 -1.393031 0.000000
v 2.833565 -1.398036 0.161660
v 2.782680 -1.394941 0.322605
v 2.692311 -1.442968 -0.800041
v 3.374416 -1.808548 1.002734
v 2.889342 -1.451302 -0.328263
v 2.940932 -1.454366 -0.164478
v 2.885686 -1.449466 0.000000
v 2.940932 -1.454366 0.164478
v 2.889342 -1.451302 0.328263
v 2.791558 -1.493201 -0.822159
v 3.474333 -1.858417 1.023248
v 2.999054 -1.501944 -0.333590
v 3.051316 -1.504969 -0.167131
v 2.995543 -1.500185 0.000000
v 3.051316 -1.504969 0.167131
v 2.999054 -1.501944 0.333590
v 2.893054 -1.537411 -0.844202
v 3.577152 -1.900951 1.043824
v 3.111540 -1.546556 -0.338511
v 3.164430 -1.549535 -0.169581
v 3.108164 -1.544878 0.000000
v 3.164430 -1.549535 0.169582
v 3.111540 -1.546556 0.338511
v 2.996509 -1.575329 -0.866042
v 3.682525 -1.935983 1.064313
v 3.226509 -1.584869 -0.342952
v 3.279970 -1.587794 -0.171792
v 3.223263 -1.583274 0.000000
v 3.279970 -1.587794 0.171793
v 3.226509 -1.584869 0.342952
v 3.101619 -1.606728 -0.887558
v 3.790088 -1.963374 1.084571
v 3.343655 -1.616652 -0.346848
v 3.397618 -1.619516 -0.173731
v 3.340534 -1.615143 0.000000
v 3.397618 -1.619516 0.173731
v 3.343655 -1.616652 0.346848
v 3.208066 -1.631417 -0.908637
v 3.899463 -1.983017 1.104465
v 3.462643 -1.641712 -0.350140
v 3.517032 -1.644508 -0.175368
v 3.459644 -1.640290 0.000000
v 3.517032 -1.644508 0.175369
v 3.462643 -1.641712 0.350141
v 3.315512 -1.649248 -0.929174
v 4.010251 -1.994834 1.123875
v 3.583114 -1.659895 -0.352786
v 3.637841 -1.662616 -0.176682
v 3.580234 -1.658561 0.000000
v 3.637841 -1.662616 0.176682
v 3.583114 -1.659895 0.352786
v 3.423604 -1.660106 -0.949081
v 4.122040 -1.998778 1.142700
v 3.704682 -1.671082 -0.354755
v 3.759657 -1.673722 -0.177658
v 3.701920 -1.669836 0.000000
v 3.759657 -1.673722 0.177658
v 3.704682 -1.671082 0.354756
v 3.531961 -1.663916 -0.968285
v 4.234392 -1.994834 1.160856
v 3.826923 -1.675191 -0.356037
v 3.882051 -1.677743 -0.178290
v 3.824276 -1.674032 0.000000
v 3.882051 -1.677743 0.178290
v 3.826923 -1.675191 0.356037
v 3.640191 -1.660638 -0.986728
v 4.346859 -1.983017 1.178281
v 3.949385 -1.672175 -0.356638
v 4.004571 -1.674634 -0.178581
v 3.946851 -1.671102 0.000000
v 4.004571 -1.674634 0.178581
v 3.949385 -1.672175 0.356638
v 3.747883 -1.650267 -1.004370
v 4.458974 -1.963374 1.194930
v 4.071588 -1.662022 -0.356582
v 4.126740 -1.664382 -0.178544
v 4.069165 -1.661033 0.000000
v 4.126740 -1.664382 0.178544
v 4.071588 -1.662022 0.356582
v 3.854612 -1.632831 -1.021187
v 4.570261 -1.935983 1.210781
v 4.193027 -1.644754 -0.355911
v 4.248058 -1.647011 -0.178199
v 4.190713 -1.643847 0.000000
v 4.248058 -1.647011 0.178200
v 4.193027 -1.644754 0.355911
v 3.959944 -1.608393 -1.037167
v 4.680235 -1.900951 1.225822
v 4.313181 -1.620428 -0.354680
v 4.368010 -1.622578 -0.177575
v 4.310972 -1.619598 0.000000
v 4.368010 -1.622578 0.177575
v 4.313181 -1.620428 0.354680
v 4.063437 -1.577050 -1.052312
v 4.788409 -1.858417 1.240058
v 4.431514 -1.589132 -0.352955
v 4.486070 -1.591172 -0.176704
v 4.429406 -1.588376 0.000000
v 4.486070 -1.591172 0.176704
v 4.431514 -1.589132 0.352955
v 4.164653 -1.538929 -1.066628
v 4.894300 -1.808548 1.253500
v 4.547486 -1.550989 -0.350810
v 4.601708 -1.552916 -0.175623
v 4.545475 -1.550303 0.000000
v 4.601708 -1.552916 0.175623
v 4.547486 -1.550989 0.350811
v 4.263155 -1.494188 -1.080128
v 4.997428 -1.751542 1.266166
v 4.660560 -1.506153 -0.348324
v 4.714399 -1.507967 -0.174372
v 4.658642 -1.505534 0.000000
v 4.714399 -1.507967 0.174372
v 4.660560 -1.506153 0.348324
v 4.358512 -1.443017 -1.092829
v 5.097329 -1.687624 1.278076
v 4.770209 -1.454811 -0.345575
v 4.823627 -1.456510 -0.172989
v 4.768378 -1.454253 0.000000
v 4.823627 -1.456510 0.172990
v 4.770209 -1.454811 0.345576
v 4.450312 -1.385633 -1.104746
v 5.193553 -1.617045 1.289248
v 4.875921 -1.397178 -0.342641
v 4.928889 -1.398762 -0.171515
v 4.874172 -1.396677 0.000000
v 4.928889 -1.398762 0.171515
v 4.875921 -1.397178 0.342642
v 4.538153 -1.322282 -1.115892
v 5.285667 -1.540085 1.299700
v 4.977201 -1.333498 -0.339596
v 5.029705 -1.334967 -0.169985
v 4.975528 -1.333050 0.000000
v 5.029705 -1.334967 0.169985
v 4.977201 -1.333498 0.339597
v 4.621656 -1.253236 -1.126281
v 5.373262 -1.457047 1.309445
v 5.073582 -1.264044 -0.336509
v 5.125616 -1.265399 -0.168435
v 5.071980 -1.263645 0.000000
v 5.125616 -1.265399 0.168435
v 5.073582 -1.264044 0.336509
v 4.700459 -1.178793 -1.135920
v 5.455952 -1.368258 1.318493
v 5.164623 -1.189114 -0.333441
v 5.216189 -1.190357 -0.166895
v 5.163084 -1.188760 0.000000
v 5.216189 -1.190357 0.166895
v 5.164623 -1.189114 0.333441
v 4.774226 -1.099273 -1.144813
v 5.533376 -1.274069 1.326850
v 5.249911 -1.109033 -0.330449
v 5.301021 -1.110163 -0.165393
v 5.248431 -1.108720 0.000000
v 5.301021 -1.110163 0.165393
v 5.249911 -1.109033 0.330449
v 4.842643 -1.015020 -1.152962
v 5.605199 -1.174852 1.334515
v 5.329064 -1.024145 -0.327581
v 5.379737 -1.025166 -0.163954
v 5.327637 -1.023870 0.000000
v 5.379737 -1.025166 0.163954
v 5.329064 -1.024145 0.327581
v 4.905424 -0.926397 -1.160365
v 5.671116 -1.070999 1.341487
v 5.401735 -0.934818 -0.324880
v 5.451996 -0.935731 -0.162598
v 5.400354 -0.934579 0.000000
v 5.451996 -0.935731 0.162599
v 5.401735 -0.934818 0.324880
v 4.962305 -0.833785 -1.167017
v 5.730846 -0.962919 1.347760
v 5.467606 -0.841441 -0.322381
v 5.517486 -0.842247 -0.161345
v 5.466267 -0.841235 0.000000
v 5.517486 -0.842247 0.161345
v 5.467606 -0.841441 0.322381
v 5.013052 -0.737585 -1.172913
v 5.784142 -0.851038 1.353326
v 5.526393 -0.744417 -0.320115
v 5.575928 -0.745118 -0.160208
v 5.525090 -0.744241 0.000000
v 5.575928 -0.745118 0.160208
v 5.526393 -0.744417 0.320115
v 5.057456 -0.638212 -1.178045
v 5.830779 -0.735799 1.358177
v 5.577847 -0.644167 -0.318106
v 5.627076 -0.644765 -0.159201
v 5.576574 -0.644020 0.000000
v 5.627076 -0.644765 0.159201
v 5.577847 -0.644167 0.318107
v 5.095336 -0.536092 -1.182405
v 5.870568 -0.617656 1.362302
v 5.621751 -0.541126 -0.316376
v 5.670716 -0.541622 -0.158333
v 5.620505 -0.541006 0.000000
v 5.670716 -0.541622 0.158333
v 5.621751 -0.541126 0.316376
v 5.126540 -0.431667 -1.185984
v 5.903345 -0.497076 1.365692
v 5.657923 -0.435741 -0.314940
v 5.706668 -0.436136 -0.157613
v 5.656697 -0.435646 0.000000
v 5.706668 -0.436136 0.157613
v 5.657923 -0.435741 0.314940
v 5.150940 -0.325385 -1.188777
v 5.928977 -0.374534 1.368339
v 5.686212 -0.328468 -0.313811
v 5.734784 -0.328764 -0.157047
v 5.685002 -0.328398 0.000000
v 5.734784 -0.328764 0.157047
v 5.686212 -0.328468 0.313811
v 5.168438 -0.217704 -1.190777
v 5.947359 -0.250513 1.370236
v 5.706501 -0.219772 -0.312998
v 5.754950 -0.219969 -0.156639
v 5.705303 -0.219726 0.000000
v 5.754950 -0.219969 0.156639
v 5.706501 -0.219772 0.312998
v 5.178965 -0.109086 -1.191978
v 5.958418 -0.125504 1.371376
v 5.718708 -0.110125 -0.312508
v 5.767082 -0.110223 -0.156393
v 5.717516 -0.110102 0.000000
v 5.767082 -0.110223 0.156393
v 5.718708 -0.110125 0.312508
v 3.147012 0.000000 -5.246407
v 0.537777 0.000000 -6.094198
v 2.065495 0.000000 -5.346169
v 1.932039 0.000000 -5.440369
v 1.768071 0.000000 -5.441558
v 1.634718 0.000000 -5.536974
v 1.471381 0.000000 -5.539208
v 0.466750 0.109086 -5.293829
v 3.145509 0.125504 -5.243014
v 1.469966 0.110125 -5.535384
v 1.633388 0.110223 -5.533148
v 1.766811 0.110102 -5.437681
v 1.930866 0.110223 -5.436491
v 2.064391 0.110125 -5.342243
v 0.464640 0.217704 -5.283446
v 3.141007 0.250513 -5.232848
v 1.465728 0.219772 -5.523926
v 1.629405 0.219969 -5.521686
v 1.763036 0.219726 -5.426065
v 1.927351 0.219969 -5.424878
v 2.061085 0.219772 -5.330482
v 0.461134 0.325385 -5.266186
v 3.133523 0.374534 -5.215951
v 1.458685 0.328468 -5.504881
v 1.622787 0.328764 -5.502634
v 1.756763 0.328398 -5.406757
v 1.921507 0.328764 -5.405573
v 2.055589 0.328468 -5.310935
v 0.456250 0.431667 -5.242117
v 3.123085 0.497076 -5.192392
v 1.448870 0.435741 -5.478326
v 1.613560 0.436136 -5.476069
v 1.748017 0.435646 -5.379838
v 1.913357 0.436136 -5.378658
v 2.047922 0.435741 -5.283683
v 0.450013 0.536092 -5.211335
v 3.109732 0.617656 -5.162267
v 1.436326 0.541126 -5.444368
v 1.601765 0.541622 -5.442098
v 1.736833 0.541006 -5.345417
v 1.902933 0.541622 -5.344243
v 2.038110 0.541126 -5.248837
v 0.442453 0.638212 -5.173962
v 3.093514 0.735799 -5.125701
v 1.421113 0.644167 -5.403147
v 1.587454 0.644765 -5.400862
v 1.723257 0.644020 -5.303637
v 1.890272 0.644765 -5.302471
v 2.026188 0.644167 -5.206547
v 0.433612 0.737585 -5.130145
v 3.074489 0.851038 -5.082844
v 1.403303 0.744417 -5.354833
v 1.570690 0.745118 -5.352529
v 1.707348 0.744241 -5.254672
v 1.875425 0.745118 -5.253515
v 2.012198 0.744417 -5.156991
v 0.423538 0.833785 -5.080059
v 3.052726 0.962919 -5.033877
v 1.382982 0.841441 -5.299623
v 1.551550 0.842247 -5.297299
v 1.689170 0.841235 -5.198728
v 1.858446 0.842247 -5.197582
v 1.996187 0.841441 -5.100380
v 0.412287 0.926397 -5.023906
v 3.028302 1.070999 -4.979009
v 1.360250 0.934818 -5.237748
v 1.530120 0.935731 -5.235402
v 1.668802 0.934579 -5.136041
v 1.839401 0.935731 -5.134910
v 1.978208 0.934818 -5.036961
v 0.399928 1.015020 -4.961911
v 3.001302 1.174852 -4.918473
v 1.335224 1.024145 -5.169468
v 1.506502 1.025166 -5.167098
v 1.646331 1.023870 -5.066883
v 1.818361 1.025166 -5.065769
v 1.958321 1.024145 -4.967012
v 0.386536 1.099273 -4.894324
v 2.971817 1.274069 -4.852533
v 1.308037 1.109033 -5.095076
v 1.480808 1.110163 -5.092679
v 1.621855 1.108720 -4.991554
v 1.795405 1.110163 -4.990461
v 1.936588 1.109033 -4.890847
v 0.372198 1.178793 -4.821419
v 2.939945 1.368258 -4.781481
v 1.278836 1.189114 -5.014887
v 1.453166 1.190357 -5.012464
v 1.595482 1.188760 -4.910385
v 1.770618 1.190357 -4.909317
v 1.913079 1.189114 -4.808809
v 0.357014 1.253236 -4.743495
v 2.905787 1.457047 -4.705635
v 1.247785 1.264044 -4.929250
v 1.423712 1.265399 -4.926799
v 1.567329 1.263645 -4.823739
v 1.744094 1.265399 -4.822701
v 1.887863 1.264044 -4.721276
v 0.341090 1.322282 -4.660869
v 2.869450 1.540085 -4.625339
v 1.215065 1.333498 -4.838539
v 1.392599 1.334967 -4.836062
v 1.537524 1.333050 -4.732007
v 1.715931 1.334967 -4.731005
v 1.861016 1.333498 -4.628657
v 0.324547 1.385633 -4.573883
v 2.831044 1.617045 -4.540962
v 1.180871 1.397178 -4.743157
v 1.359991 1.398762 -4.740652
v 1.506203 1.396677 -4.635612
v 1.686232 1.398762 -4.634651
v 1.832614 1.397178 -4.531393
v 0.307513 1.443017 -4.482894
v 2.790684 1.687624 -4.452900
v 1.145415 1.454812 -4.643527
v 1.326061 1.456510 -4.640998
v 1.473511 1.454253 -4.534997
v 1.655106 1.456510 -4.534084
v 1.802738 1.454812 -4.429949
v 0.290125 1.494188 -4.388278
v 2.748487 1.751542 -4.361569
v 1.108917 1.506154 -4.540093
v 1.290993 1.507967 -4.537543
v 1.439600 1.505534 -4.430632
v 1.622668 1.507967 -4.429775
v 1.771469 1.506154 -4.324817
v 0.272526 1.538929 -4.290426
v 2.704572 1.808548 -4.267403
v 1.071611 1.550989 -4.433322
v 1.254979 1.552916 -4.430755
v 1.404630 1.550303 -4.323003
v 1.589034 1.552916 -4.322214
v 1.738892 1.550989 -4.216509
v 0.254864 1.577050 -4.189740
v 2.659066 1.858417 -4.170849
v 1.033734 1.589132 -4.323689
v 1.218217 1.591172 -4.321110
v 1.368763 1.588376 -4.212616
v 1.554328 1.591172 -4.211901
v 1.705094 1.589132 -4.105551
v 0.237286 1.608393 -4.086632
v 2.612099 1.900951 -4.072368
v 0.995527 1.620428 -4.211681
v 1.180906 1.622578 -4.209098
v 1.332165 1.619598 -4.099978
v 1.518674 1.622578 -4.099351
v 1.670168 1.620428 -3.992477
v 0.219935 1.632831 -3.981518
v 2.563810 1.935983 -3.972424
v 0.957226 1.644754 -4.097788
v 1.143245 1.647011 -4.095210
v 1.295003 1.643847 -3.985605
v 1.482201 1.647011 -3.985076
v 1.634209 1.644754 -3.877824
v 0.202947 1.650267 -3.874815
v 2.514346 1.963374 -3.871482
v 0.919061 1.662022 -3.982499
v 1.105428 1.664382 -3.979935
v 1.257442 1.661033 -3.870005
v 1.445039 1.664382 -3.869589
v 1.597320 1.662022 -3.762120
v 0.186447 1.660639 -3.766943
v 2.463866 1.983017 -3.769999
v 0.881245 1.672175 -3.866294
v 1.067641 1.674634 -3.863757
v 1.219645 1.671102 -3.753678
v 1.407322 1.674634 -3.753388
v 1.559610 1.672175 -3.645880
v 0.170543 1.663917 -3.658310
v 2.412540 1.994834 -3.668422
v 0.843974 1.675191 -3.749640
v 1.030057 1.677743 -3.747144
v 1.181767 1.674032 -3.637102
v 1.369184 1.677743 -3.636955
v 1.521196 1.675191 -3.529598
v 0.155322 1.660106 -3.549322
v 2.360553 1.998778 -3.567179
v 0.807418 1.671082 -3.632988
v 0.992836 1.673722 -3.630546
v 1.143957 1.669836 -3.520735
v 1.330761 1.673722 -3.520748
v 1.482203 1.671082 -3.413736
v 0.140853 1.649248 -3.440371
v 2.308105 1.994834 -3.466679
v 0.771725 1.659895 -3.516762
v 0.956121 1.662616 -3.514392
v 1.106354 1.658561 -3.405006
v 1.292191 1.662616 -3.405196
v 1.442764 1.659895 -3.298728
v 0.127182 1.631417 -3.331836
v 2.255409 1.983017 -3.367311
v 0.737013 1.641712 -3.401368
v 0.920038 1.644508 -3.399087
v 1.069090 1.640290 -3.290317
v 1.253608 1.644508 -3.290704
v 1.403020 1.641712 -3.184970
v 0.114335 1.606728 -3.224085
v 2.202690 1.963374 -3.269437
v 0.703375 1.616652 -3.287186
v 0.884694 1.619516 -3.285012
v 1.032282 1.615143 -3.177036
v 1.215150 1.619516 -3.177640
v 1.363119 1.616652 -3.072822
v 0.102317 1.575329 -3.117470
v 2.150185 1.935983 -3.173398
v 0.670880 1.584869 -3.174571
v 0.850183 1.587794 -3.172523
v 0.996044 1.583275 -3.065506
v 1.176952 1.587794 -3.066350
v 1.323214 1.584869 -2.962614
v 0.091119 1.537411 -3.012330
v 2.098137 1.900951 -3.079514
v 0.639577 1.546556 -3.063855
v 0.816582 1.549535 -3.061955
v 0.960476 1.544878 -2.956040
v 1.139145 1.549535 -2.957147
v 1.283462 1.546556 -2.854645
v 0.080719 1.493201 -2.908990
v 2.046795 1.858417 -2.988086
v 0.609496 1.501944 -2.955354
v 0.783958 1.504969 -2.953620
v 0.925674 1.500185 -2.848930
v 1.101860 1.504969 -2.850327
v 1.244022 1.501944 -2.749185
v 0.071086 1.442968 -2.807766
v 1.996409 1.808548 -2.899398
v 0.580660 1.451302 -2.849366
v 0.752371 1.454366 -2.847819
v 0.891727 1.449466 -2.744451
v 1.065226 1.454366 -2.746166
v 1.205053 1.451302 -2.646489
v 0.062184 1.387021 -2.708961
v 1.947226 1.751542 -2.813723
v 0.553081 1.394941 -2.746175
v 0.721873 1.398036 -2.744836
v 0.858718 1.393031 -2.642862
v 1.029368 1.398036 -2.644925
v 1.166711 1.394941 -2.546795
v 0.053977 1.325711 -2.612872
v 1.899488 1.687624 -2.731320
v 0.526769 1.333213 -2.646059
v 0.692513 1.336329 -2.644949
v 0.826731 1.331234 -2.544414
v 0.994408 1.336329 -2.546858
v 1.129150 1.333213 -2.450333
v 0.046428 1.259429 -2.519791
v 1.853430 1.617045 -2.652442
v 0.501734 1.266508 -2.549287
v 0.664342 1.269636 -2.548430
v 0.795844 1.264467 -2.449353
v 0.960467 1.269636 -2.452213
v 1.092523 1.266508 -2.357328
v 0.039503 1.188610 -2.430010
v 1.809275 1.540085 -2.577332
v 0.477989 1.195261 -2.456132
v 0.637410 1.198388 -2.455550
v 0.766137 1.193164 -2.357927
v 0.927662 1.198388 -2.361241
v 1.056978 1.195261 -2.268007
v 0.033172 1.113726 -2.343818
v 1.767236 1.457047 -2.506224
v 0.455552 1.119942 -2.366868
v 0.611769 1.123055 -2.366583
v 0.737694 1.117801 -2.270386
v 0.896112 1.123055 -2.274195
v 1.022661 1.119942 -2.182603
v 0.027411 1.035285 -2.261519
v 1.727511 1.368258 -2.439347
v 0.434447 1.041061 -2.281780
v 0.587479 1.044143 -2.281815
v 0.710599 1.038887 -2.186996
v 0.865938 1.044143 -2.191339
v 0.989723 1.041061 -2.101361
v 0.022196 0.953828 -2.183423
v 1.690286 1.274069 -2.376918
v 0.414704 0.959155 -2.201168
v 0.564601 0.962186 -2.201544
v 0.684942 0.956967 -2.108032
v 0.837264 0.962186 -2.112951
v 0.958312 0.959155 -2.024539
v 0.017509 0.869917 -2.109865
v 1.655731 1.174852 -2.319148
v 0.396362 0.874788 -2.125352
v 0.543208 0.877743 -2.126089
v 0.660822 0.872605 -2.033799
v 0.810220 0.877743 -2.039332
v 0.928589 0.874788 -1.952421
v 0.013335 0.784125 -2.041204
v 1.624002 1.070999 -2.266232
v 0.379464 0.788532 -2.054683
v 0.523377 0.791381 -2.055798
v 0.638346 0.786381 -1.964627
v 0.784947 0.791381 -1.970809
v 0.900720 0.788532 -1.885317
v 0.009658 0.697019 -1.977834
v 1.595238 0.962919 -2.218354
v 0.364066 0.700953 -1.989545
v 0.505197 0.703662 -1.991048
v 0.617635 0.698867 -1.900882
v 0.761597 0.703662 -1.907739
v 0.874890 0.700953 -1.823568
v 0.006465 0.609137 -1.920188
v 1.569565 0.851038 -2.175687
v 0.350228 0.612593 -1.930361
v 0.488765 0.615120 -1.932257
v 0.598818 0.610610 -1.842972
v 0.740334 0.615120 -1.850517
v 0.851298 0.612593 -1.767553
v 0.003742 0.520967 -1.868733
v 1.547094 0.735799 -2.138382
v 0.338018 0.523938 -1.877592
v 0.474187 0.526238 -1.879874
v 0.582043 0.522102 -1.791342
v 0.721338 0.526238 -1.799570
v 0.830160 0.523938 -1.717686
v 0.001474 0.432912 -1.823969
v 1.527919 0.617656 -2.106577
v 0.327508 0.435392 -1.831731
v 0.461576 0.437416 -1.834380
v 0.567463 0.433753 -1.746470
v 0.704800 0.437416 -1.755352
v 0.811706 0.435392 -1.674406
v -0.000353 0.345266 -1.786409
v 1.512122 0.497076 -2.080390
v 0.318774 0.347253 -1.793284
v 0.451048 0.348950 -1.796265
v 0.555239 0.345861 -1.708849
v 0.690914 0.348950 -1.718328
v 0.796173 0.347253 -1.638167
v -0.001755 0.258193 -1.756554
v 1.499767 0.374534 -2.059919
v 0.311887 0.259684 -1.762746
v 0.442715 0.261007 -1.766010
v 0.545529 0.258588 -1.678965
v 0.679871 0.261007 -1.688953
v 0.783795 0.259684 -1.609414
v -0.002745 0.171715 -1.734857
v 1.490905 0.250513 -2.045241
v 0.306915 0.172709 -1.740564
v 0.436680 0.173617 -1.744043
v 0.538476 0.171952 -1.657256
v 0.671842 0.173617 -1.667634
v 0.774780 0.172709 -1.588546
v -0.003334 0.085722 -1.721680
v 1.485574 0.125504 -2.036411
v 0.303908 0.086219 -1.727098
v 0.433024 0.086681 -1.730713
v 0.534193 0.085832 -1.644076
v 0.666965 0.086681 -1.654701
v 0.769297 0.086219 -1.575884
v -0.003530 0.000000 -1.717261
v 1.483795 0.000000 -2.033464
v 0.302902 0.000000 -1.722583
v 0.431799 0.000000 -1.726243
v 0.532757 0.000000 -1.639657
v 0.665329 0.000000 -1.650365
v 0.767457 0.000000 -1.571640
v -0.003334 -0.085722 -1.721680
v 1.485574 -0.125504 -2.036411
v 0.303908 -0.086219 -1.727098
v 0.433024 -0.086681 -1.730713
v 0.534193 -0.085832 -1.644076
v 0.666965 -0.086681 -1.654701
v 0.769297 -0.086219 -1.575884
v -0.002745 -0.171715 -1.734857
v 1.490905 -0.250513 -2.045241
v 0.306915 -0.172709 -1.740564
v 0.436680 -0.173617 -1.744043
v 0.538476 -0.171952 -1.657256
v 0.671842 -0.173617 -1.667634
v 0.774780 -0.172709 -1.588546
v -0.001755 -0.258193 -1.756554
v 1.499767 -0.374534 -2.059919
v 0.311887 -0.259684 -1.762746
v 0.442715 -0.261007 -1.766010
v 0.545529 -0.258588 -1.678965
v 0.679871 -0.261007 -1.688953
v 0.783795 -0.259684 -1.609414
v -0.000353 -0.345266 -1.786409
v 1.512121 -0.497076 -2.080390
v 0.318774 -0.347253 -1.793284
v 0.451048 -0.348950 -1.796265
v 0.555239 -0.345861 -1.708849
v 0.690914 -0.348950 -1.718328
v 0.796173 -0.347253 -1.638167
v 0.001474 -0.432912 -1.823969
v 1.527919 -0.617656 -2.106577
v 0.327508 -0.435392 -1.831731
v 0.461576 -0.437416 -1.834380
v 0.567463 -0.433753 -1.746470
v 0.704800 -0.437416 -1.755352
v 0.811706 -0.435392 -1.674406
v 0.003742 -0.520967 -1.868733
v 1.547094 -0.735799 -2.138382
v 0.338018 -0.523938 -1.877592
v 0.474187 -0.526238 -1.879874
v 0.582043 -0.522102 -1.791342
v 0.721338 -0.526238 -1.799570
v 0.830160 -0.523938 -1.717686
v 0.006465 -0.609137 -1.920188
v 1.569565 -0.851038 -2.175687
v 0.350228 -0.612593 -1.930361
v 0.488765 -0.615120 -1.932257
v 0.598818 -0.610610 -1.842972
v 0.740334 -0.615120 -1.850517
v 0.851298 -0.612593 -1.767553
v 0.009658 -0.697019 -1.977834
v 1.595238 -0.962919 -2.218354
v 0.364066 -0.700953 -1.989545
v 0.505197 -0.703662 -1.991048
v 0.617635 -0.698867 -1.900882
v 0.761597 -0.703662 -1.907739
v 0.874890 -0.700953 -1.823568
v 0.013335 -0.784125 -2.041204
v 1.624002 -1.070999 -2.266232
v 0.379464 -0.788532 -2.054683
v 0.523377 -0.791381 -2.055798
v 0.638346 -0.786381 -1.964627
v 0.784947 -0.791381 -1.970809
v 0.900720 -0.788532 -1.885317
v 0.017509 -0.869917 -2.109865
v 1.655731 -1.174852 -2.319148
v 0.396362 -0.874788 -2.125352
v 0.543208 -0.877743 -2.126089
v 0.660822 -0.872605 -2.033799
v 0.810220 -0.877743 -2.039332
v 0.928589 -0.874788 -1.952421
v 0.022196 -0.953828 -2.183423
v 1.690286 -1.274069 -2.376918
v 0.414705 -0.959155 -2.201168
v 0.564601 -0.962186 -2.201544
v 0.684942 -0.956967 -2.108032
v 0.837264 -0.962186 -2.112951
v 0.958312 -0.959155 -2.024539
v 0.027411 -1.035285 -2.261519
v 1.727511 -1.368258 -2.439347
v 0.434448 -1.041061 -2.281781
v 0.587479 -1.044143 -2.281815
v 0.710599 -1.038887 -2.186996
v 0.865938 -1.044143 -2.191339
v 0.989723 -1.041061 -2.101361
v 0.033173 -1.113726 -2.343818
v 1.767236 -1.457047 -2.506224
v 0.455553 -1.119942 -2.366868
v 0.611769 -1.123055 -2.366583
v 0.737694 -1.117801 -2.270387
v 0.896112 -1.123055 -2.274195
v 1.022662 -1.119942 -2.182603
v 0.039503 -1.188610 -2.430009
v 1.809275 -1.540085 -2.577332
v 0.477989 -1.195261 -2.456132
v 0.637410 -1.198388 -2.455550
v 0.766137 -1.193164 -2.357927
v 0.927662 -1.198388 -2.361241
v 1.056978 -1.195261 -2.268007
v 0.046428 -1.259429 -2.519791
v 1.853430 -1.617045 -2.652442
v 0.501734 -1.266508 -2.549287
v 0.664342 -1.269636 -2.548430
v 0.795844 -1.264467 -2.449353
v 0.960467 -1.269636 -2.452213
v 1.092523 -1.266508 -2.357328
v 0.053977 -1.325711 -2.612872
v 1.899488 -1.687624 -2.731320
v 0.526769 -1.333213 -2.646059
v 0.692513 -1.336329 -2.644949
v 0.826731 -1.331234 -2.544413
v 0.994408 -1.336329 -2.546858
v 1.129151 -1.333213 -2.450333
v 0.062184 -1.387021 -2.708961
v 1.947226 -1.751542 -2.813722
v 0.553081 -1.394941 -2.746175
v 0.721873 -1.398036 -2.744836
v 0.858719 -1.393031 -2.642861
v 1.029368 -1.398036 -2.644925
v 1.166711 -1.394941 -2.546795
v 0.071086 -1.442968 -2.807766
v 1.996409 -1.808548 -2.899398
v 0.580660 -1.451302 -2.849366
v 0.752371 -1.454366 -2.847819
v 0.891727 -1.449466 -2.744450
v 1.065226 -1.454366 -2.746166
v 1.205053 -1.451302 -2.646488
v 0.080719 -1.493201 -2.908990
v 2.046795 -1.858417 -2.988086
v 0.609496 -1.501944 -2.955355
v 0.783958 -1.504969 -2.953620
v 0.925674 -1.500185 -2.848930
v 1.101860 -1.504969 -2.850327
v 1.244022 -1.501944 -2.749185
v 0.091119 -1.537411 -3.012330
v 2.098137 -1.900951 -3.079514
v 0.639577 -1.546556 -3.063855
v 0.816582 -1.549535 -3.061955
v 0.960476 -1.544878 -2.956040
v 1.139145 -1.549535 -2.957148
v 1.283462 -1.546556 -2.854644
v 0.102317 -1.575329 -3.117470
v 2.150185 -1.935983 -3.173398
v 0.670880 -1.584869 -3.174570
v 0.850183 -1.587794 -3.172523
v 0.996044 -1.583275 -3.065505
v 1.176951 -1.587794 -3.066349
v 1.323214 -1.584869 -2.962614
v 0.114335 -1.606728 -3.224085
v 2.202690 -1.963374 -3.269437
v 0.703375 -1.616652 -3.287186
v 0.884694 -1.619516 -3.285012
v 1.032282 -1.615143 -3.177036
v 1.215150 -1.619516 -3.177640
v 1.363119 -1.616652 -3.072822
v 0.127182 -1.631417 -3.331836
v 2.255409 -1.983017 -3.367311
v 0.737013 -1.641712 -3.401368
v 0.920038 -1.644508 -3.399087
v 1.069090 -1.640290 -3.290317
v 1.253608 -1.644508 -3.290704
v 1.403020 -1.641712 -3.184970
v 0.140853 -1.649248 -3.440371
v 2.308105 -1.994834 -3.466679
v 0.771725 -1.659895 -3.516762
v 0.956121 -1.662616 -3.514392
v 1.106354 -1.658561 -3.405006
v 1.292191 -1.662616 -3.405196
v 1.442764 -1.659895 -3.298728
v 0.155322 -1.660106 -3.549322
v 2.360553 -1.998778 -3.567179
v 0.807418 -1.671082 -3.632988
v 0.992836 -1.673722 -3.630546
v 1.143957 -1.669836 -3.520735
v 1.330762 -1.673722 -3.520747
v 1.482203 -1.671082 -3.413736
v 0.170543 -1.663917 -3.658310
v 2.412540 -1.994834 -3.668422
v 0.843974 -1.675191 -3.749640
v 1.030057 -1.677743 -3.747144
v 1.181767 -1.674032 -3.637101
v 1.369184 -1.677743 -3.636955
v 1.521196 -1.675191 -3.529598
v 0.186447 -1.660638 -3.766943
v 2.463866 -1.983017 -3.770000
v 0.881245 -1.672175 -3.866295
v 1.067641 -1.674634 -3.863758
v 1.219645 -1.671102 -3.753678
v 1.407322 -1.674634 -3.753388
v 1.559610 -1.672175 -3.645880
v 0.202947 -1.650267 -3.874815
v 2.514346 -1.963374 -3.871482
v 0.919061 -1.662022 -3.982500
v 1.105428 -1.664382 -3.979935
v 1.257442 -1.661033 -3.870005
v 1.445039 -1.664382 -3.869589
v 1.597320 -1.662022 -3.762120
v 0.219935 -1.632831 -3.981518
v 2.563810 -1.935983 -3.972425
v 0.957226 -1.644754 -4.097788
v 1.143245 -1.647011 -4.095210
v 1.295002 -1.643847 -3.985605
v 1.482201 -1.647011 -3.985076
v 1.634209 -1.644754 -3.877824
v 0.237286 -1.608393 -4.086632
v 2.612099 -1.900951 -4.072368
v 0.995527 -1.620428 -4.211681
v 1.180906 -1.622578 -4.209098
v 1.332164 -1.619598 -4.099978
v 1.518674 -1.622578 -4.099351
v 1.670168 -1.620428 -3.992477
v 0.254864 -1.577050 -4.189741
v 2.659066 -1.858417 -4.170849
v 1.033734 -1.589132 -4.323689
v 1.218217 -1.591172 -4.321110
v 1.368763 -1.588376 -4.212616
v 1.554328 -1.591172 -4.211901
v 1.705094 -1.589132 -4.105551
v 0.272526 -1.538929 -4.290426
v 2.704572 -1.808548 -4.267402
v 1.071611 -1.550989 -4.433322
v 1.254979 -1.552916 -4.430755
v 1.404630 -1.550303 -4.323004
v 1.589034 -1.552916 -4.322214
v 1.738892 -1.550989 -4.216509
v 0.290125 -1.494188 -4.388278
v 2.748487 -1.751542 -4.361569
v 1.108917 -1.506153 -4.540093
v 1.290993 -1.507967 -4.537544
v 1.439600 -1.505534 -4.430632
v 1.622668 -1.507967 -4.429776
v 1.771469 -1.506153 -4.324817
v 0.307513 -1.443017 -4.482894
v 2.790684 -1.687624 -4.452900
v 1.145415 -1.454811 -4.643527
v 1.326061 -1.456510 -4.640998
v 1.473511 -1.454253 -4.534997
v 1.655106 -1.456510 -4.534084
v 1.802738 -1.454811 -4.429949
v 0.324547 -1.385633 -4.573883
v 2.831044 -1.617045 -4.540962
v 1.180871 -1.397178 -4.743156
v 1.359991 -1.398762 -4.740653
v 1.506203 -1.396677 -4.635612
v 1.686232 -1.398762 -4.634651
v 1.832614 -1.397178 -4.531393
v 0.341090 -1.322282 -4.660869
v 2.869450 -1.540085 -4.625339
v 1.215065 -1.333498 -4.838539
v 1.392600 -1.334967 -4.836062
v 1.537524 -1.333050 -4.732008
v 1.715931 -1.334967 -4.731004
v 1.861016 -1.333498 -4.628657
v 0.357014 -1.253236 -4.743495
v 2.905787 -1.457047 -4.705635
v 1.247785 -1.264044 -4.929250
v 1.423712 -1.265399 -4.926799
v 1.567329 -1.263645 -4.823739
v 1.744094 -1.265399 -4.822700
v 1.887863 -1.264044 -4.721276
v 0.372198 -1.178793 -4.821419
v 2.939945 -1.368258 -4.781481
v 1.278836 -1.189114 -5.014887
v 1.453166 -1.190357 -5.012464
v 1.595482 -1.188760 -4.910385
v 1.770618 -1.190357 -4.909317
v 1.913079 -1.189114 -4.808809
v 0.386536 -1.099273 -4.894324
v 2.971817 -1.274069 -4.852533
v 1.308037 -1.109033 -5.095076
v 1.480808 -1.110163 -5.092679
v 1.621855 -1.108720 -4.991554
v 1.795405 -1.110163 -4.990461
v 1.936588 -1.109033 -4.890847
v 0.399928 -1.015020 -4.961911
v 3.001302 -1.174852 -4.918473
v 1.335224 -1.024145 -5.169469
v 1.506502 -1.025166 -5.167098
v 1.646331 -1.023870 -5.066883
v 1.818361 -1.025166 -5.065769
v 1.958321 -1.024145 -4.967012
v 0.412287 -0.926397 -5.023906
v 3.028302 -1.070999 -4.979009
v 1.360250 -0.934818 -5.237748
v 1.530120 -0.935731 -5.235402
v 1.668802 -0.934579 -5.136041
v 1.839401 -0.935731 -5.134910
v 1.978208 -0.934818 -5.036961
v 0.423538 -0.833785 -5.080059
v 3.052726 -0.962919 -5.033877
v 1.382982 -0.841441 -5.299623
v 1.551550 -0.842247 -5.297299
v 1.689170 -0.841235 -5.198728
v 1.858446 -0.842247 -5.197582
v 1.996187 -0.841441 -5.100380
v 0.433612 -0.737585 -5.130145
v 3.074489 -0.851038 -5.082844
v 1.403303 -0.744417 -5.354833
v 1.570690 -0.745118 -5.352529
v 1.707348 -0.744241 -5.254673
v 1.875425 -0.745118 -5.253515
v 2.012198 -0.744417 -5.156991
v 0.442453 -0.638212 -5.173962
v 3.093514 -0.735799 -5.125701
v 1.421113 -0.644167 -5.403147
v 1.587454 -0.644765 -5.400862
v 1.723257 -0.644020 -5.303637
v 1.890272 -0.644765 -5.302471
v 2.026188 -0.644167 -5.206547
v 0.450013 -0.536092 -5.211335
v 3.109732 -0.617656 -5.162267
v 1.436326 -0.541126 -5.444368
v 1.601765 -0.541622 -5.442098
v 1.736833 -0.541006 -5.345417
v 1.902933 -0.541622 -5.344243
v 2.038110 -0.541126 -5.248837
v 0.456250 -0.431667 -5.242117
v 3.123085 -0.497076 -5.192392
v 1.448870 -0.435741 -5.478326
v 1.613560 -0.436136 -5.476069
v 1.748017 -0.435646 -5.379838
v 1.913357 -0.436136 -5.378658
v 2.047922 -0.435741 -5.283683
v 0.461134 -0.325385 -5.266186
v 3.133523 -0.374534 -5.215951
v 1.458685 -0.328468 -5.504881
v 1.622787 -0.328764 -5.502634
v 1.756763 -0.328398 -5.406757
v 1.921507 -0.328764 -5.405574
v 2.055589 -0.328468 -5.310935
v 0.464640 -0.217704 -5.283446
v 3.141007 -0.250513 -5.232848
v 1.465728 -0.219772 -5.523926
v 1.629405 -0.219969 -5.521687
v 1.763036 -0.219726 -5.426065
v 1.927351 -0.219969 -5.424878
v 2.061085 -0.219772 -5.330482
v 0.466750 -0.109086 -5.293829
v 3.145509 -0.125504 -5.243014
v 1.469966 -0.110125 -5.535384
v 1.633388 -0.110223 -5.533148
v 1.766811 -0.110102 -5.437680
v 1.930866 -0.110223 -5.436491
v 2.064391 -0.110125 -5.342243
v -4.017151 0.000000 -4.614213
v -5.629747 0.000000 -2.394665
v -4.446238 0.000000 -3.616457
v -4.577066 0.000000 -3.518642
v -4.628867 0.000000 -3.363066
v -4.760821 0.000000 -3.265726
v -4.813420 0.000000 -3.111074
v -4.890500 0.109086 -2.079787
v -4.014388 0.125504 -4.611735
v -4.810220 0.110125 -3.108546
v -4.757593 0.110223 -3.263279
v -4.625568 0.110102 -3.360670
v -4.573742 0.110223 -3.516328
v -4.442845 0.110125 -3.614195
v -4.881276 0.217704 -2.074572
v -4.006111 0.250513 -4.604312
v -4.800632 0.219772 -3.100975
v -4.747923 0.219969 -3.255949
v -4.615687 0.219726 -3.353491
v -4.563783 0.219969 -3.509397
v -4.432682 0.219772 -3.607417
v -4.865945 0.325385 -2.065904
v -3.992354 0.374534 -4.591973
v -4.784696 0.328468 -3.088391
v -4.731849 0.328764 -3.243767
v -4.599264 0.328398 -3.341559
v -4.547229 0.328764 -3.497874
v -4.415790 0.328468 -3.596148
v -4.844563 0.431667 -2.053822
v -3.973173 0.497076 -4.574766
v -4.762474 0.435741 -3.070850
v -4.709435 0.436136 -3.226782
v -4.576365 0.435646 -3.324922
v -4.524150 0.436136 -3.481805
v -4.392240 0.435741 -3.580434
v -4.817215 0.536092 -2.038377
v -3.948649 0.617656 -4.552757
v -4.734055 0.541126 -3.048428
v -4.680772 0.541622 -3.205067
v -4.547085 0.541006 -3.303648
v -4.494640 0.541622 -3.461256
v -4.362132 0.541126 -3.560335
v -4.784007 0.638212 -2.019639
v -3.918884 0.735799 -4.526033
v -4.699553 0.644167 -3.021221
v -4.645977 0.644765 -3.178714
v -4.511545 0.644020 -3.277827
v -4.458825 0.644765 -3.436307
v -4.325596 0.644167 -3.535928
v -4.745066 0.737586 -1.997690
v -3.884004 0.851038 -4.494695
v -4.659105 0.744417 -2.989352
v -4.605189 0.745118 -3.147835
v -4.469892 0.744241 -3.247565
v -4.416852 0.745118 -3.407057
v -4.282787 0.744417 -3.507309
v -4.700545 0.833785 -1.972631
v -3.844160 0.962919 -4.458866
v -4.612877 0.841441 -2.952965
v -4.558577 0.842247 -3.112564
v -4.422303 0.841235 -3.212989
v -4.368904 0.842247 -3.373626
v -4.233896 0.841441 -3.474588
v -4.650618 0.926397 -1.944580
v -3.799523 1.070999 -4.418683
v -4.561056 0.934818 -2.912225
v -4.506332 0.935731 -3.073056
v -4.368979 0.934579 -3.174247
v -4.315186 0.935731 -3.336146
v -4.179137 0.934818 -3.437892
v -4.595475 1.015020 -1.913667
v -3.750294 1.174852 -4.374298
v -4.503852 1.024145 -2.867325
v -4.448669 1.025166 -3.029487
v -4.310149 1.023870 -3.131505
v -4.255930 1.025166 -3.294770
v -4.118757 1.024145 -3.397363
v -4.535335 1.099273 -1.880045
v -3.696693 1.274069 -4.325879
v -4.441502 1.109033 -2.818480
v -4.385832 1.110163 -2.982055
v -4.246070 1.108720 -3.084949
v -4.191401 1.110163 -3.249666
v -4.053035 1.109033 -3.353158
v -4.470429 1.178793 -1.843881
v -3.638968 1.368258 -4.273610
v -4.374261 1.189114 -2.765928
v -4.318085 1.190357 -2.930977
v -4.177024 1.188760 -3.034783
v -4.121889 1.190357 -3.201019
v -3.982277 1.189114 -3.305447
v -4.401010 1.253236 -1.805359
v -3.577388 1.457047 -4.217686
v -4.302410 1.264044 -2.709934
v -4.245714 1.265399 -2.876493
v -4.103318 1.263645 -2.981233
v -4.047707 1.265399 -3.149027
v -3.906820 1.264044 -3.254417
v -4.327350 1.322282 -1.764683
v -3.512251 1.540085 -4.158315
v -4.226251 1.333498 -2.650784
v -4.169032 1.334967 -2.818864
v -4.025287 1.333050 -2.924541
v -3.969203 1.334967 -3.093906
v -3.827030 1.333498 -3.200263
v -4.249732 1.385633 -1.722069
v -3.443872 1.617045 -4.095716
v -4.146103 1.397178 -2.588790
v -4.088370 1.398762 -2.758369
v -3.943289 1.396677 -2.864965
v -3.886742 1.398762 -3.035886
v -3.743303 1.397178 -3.143196
v -4.168460 1.443017 -1.677751
v -3.372592 1.687624 -4.030118
v -4.062305 1.454812 -2.524281
v -4.004077 1.456510 -2.695304
v -3.857700 1.454253 -2.802781
v -3.800716 1.456510 -2.975207
v -3.656057 1.454812 -3.083433
v -4.083848 1.494188 -1.631976
v -3.298771 1.751542 -3.961763
v -3.975213 1.506154 -2.457607
v -3.916523 1.507967 -2.629983
v -3.768921 1.505534 -2.738280
v -3.711536 1.507967 -2.912122
v -3.565733 1.506154 -3.021207
v -3.996224 1.538929 -1.585001
v -3.222783 1.808548 -3.890899
v -3.885195 1.550989 -2.389132
v -3.826089 1.552916 -2.562733
v -3.677368 1.550303 -2.671762
v -3.619632 1.552916 -2.846897
v -3.472792 1.550989 -2.956755
v -3.905925 1.577050 -1.537090
v -3.145017 1.858417 -3.817783
v -3.792633 1.589132 -2.319231
v -3.733171 1.591172 -2.493888
v -3.583466 1.588376 -2.603538
v -3.525443 1.591172 -2.779801
v -3.377709 1.589132 -2.890324
v -3.813294 1.608393 -1.488510
v -3.065870 1.900951 -3.742683
v -3.697914 1.620428 -2.248281
v -3.638171 1.622578 -2.423790
v -3.487651 1.619598 -2.533925
v -3.429419 1.622578 -2.711112
v -3.280962 1.620428 -2.822165
v -3.718686 1.632831 -1.439526
v -2.985740 1.935983 -3.665874
v -3.601430 1.644754 -2.176661
v -3.541495 1.647011 -2.352778
v -3.390359 1.643847 -2.463238
v -3.332009 1.647011 -2.641111
v -3.183033 1.644754 -2.752537
v -3.622456 1.650267 -1.390397
v -2.905024 1.963374 -3.587637
v -3.503578 1.662022 -2.104737
v -3.443549 1.664382 -2.281190
v -3.292025 1.661033 -2.391794
v -3.233658 1.664382 -2.570081
v -3.084391 1.662022 -2.681699
v -3.524961 1.660639 -1.341370
v -2.824107 1.983017 -3.508267
v -3.404747 1.672175 -2.032863
v -3.344734 1.674634 -2.209351
v -3.193070 1.671102 -2.319900
v -3.134799 1.674634 -2.498302
v -2.985494 1.672175 -2.609915
v -3.426561 1.663917 -1.292675
v -2.743361 1.994834 -3.428064
v -3.305320 1.675191 -1.961368
v -3.245442 1.677743 -2.137572
v -3.093904 1.674032 -2.247852
v -3.035850 1.677743 -2.426050
v -2.886773 1.675191 -2.537448
v -3.327610 1.660106 -1.244520
v -2.663138 1.998778 -3.347337
v -3.205672 1.671082 -1.890554
v -3.146052 1.673722 -2.066142
v -2.994917 1.669836 -2.175933
v -2.937203 1.673722 -2.353599
v -2.788632 1.671082 -2.464560
v -3.228462 1.649248 -1.197091
v -2.583765 1.994834 -3.266400
v -3.106165 1.659895 -1.820692
v -3.046928 1.662616 -1.995331
v -2.896472 1.658561 -2.104409
v -2.839226 1.662616 -2.281208
v -2.691440 1.659895 -2.391511
v -3.129465 1.631417 -1.150551
v -2.505544 1.983017 -3.185576
v -3.007145 1.641712 -1.752020
v -2.948418 1.644508 -1.925382
v -2.798912 1.640290 -2.033527
v -2.742260 1.644508 -2.209134
v -2.595530 1.641712 -2.318559
v -3.030957 1.606728 -1.105035
v -2.428751 1.963374 -3.105193
v -2.908946 1.616652 -1.684744
v -2.850848 1.619516 -1.856517
v -2.702550 1.615143 -1.963516
v -2.646615 1.619516 -2.137620
v -2.501202 1.616652 -2.245955
v -2.933274 1.575329 -1.060660
v -2.353638 1.935983 -3.025580
v -2.811884 1.584869 -1.619040
v -2.754529 1.587794 -1.788934
v -2.607676 1.583275 -1.894586
v -2.552575 1.587794 -2.066900
v -2.408720 1.584869 -2.173948
v -2.836740 1.537411 -1.017520
v -2.280433 1.900951 -2.947067
v -2.716261 1.546556 -1.555056
v -2.659755 1.549535 -1.722810
v -2.514558 1.544878 -1.826932
v -2.460401 1.549535 -1.997198
v -2.318318 1.546556 -2.102777
v -2.741672 1.493201 -0.975695
v -2.209345 1.858417 -2.869986
v -2.622366 1.501944 -1.492919
v -2.566805 1.504969 -1.658306
v -2.423446 1.500185 -1.760735
v -2.370330 1.504969 -1.928729
v -2.230207 1.501944 -2.032679
v -2.648379 1.442968 -0.935253
v -2.140568 1.808548 -2.794660
v -2.530476 1.451302 -1.432742
v -2.475942 1.454366 -1.595570
v -2.334570 1.449466 -1.696163
v -2.282587 1.454366 -1.861701
v -2.144579 1.451302 -1.963882
v -2.557160 1.387021 -0.896255
v -2.074284 1.751542 -2.721409
v -2.440858 1.394941 -1.374625
v -2.387425 1.398036 -1.534742
v -2.248153 1.393031 -1.633378
v -2.197382 1.398036 -1.796313
v -2.061613 1.394941 -1.896610
v -2.468310 1.325711 -0.858756
v -2.010666 1.687624 -2.650544
v -2.353772 1.333213 -1.318663
v -2.301499 1.336329 -1.475953
v -2.164408 1.331234 -1.572533
v -2.114917 1.336329 -1.732760
v -1.981479 1.333213 -1.831079
v -2.382118 1.259429 -0.822813
v -1.949882 1.617045 -2.582365
v -2.269473 1.266508 -1.264949
v -2.218409 1.269636 -1.419334
v -2.083545 1.264467 -1.513783
v -2.035394 1.269636 -1.671232
v -1.904345 1.266508 -1.767504
v -2.298870 1.188610 -0.788483
v -1.892092 1.540085 -2.517161
v -2.188214 1.195261 -1.213580
v -2.138397 1.198388 -1.365018
v -2.005773 1.193164 -1.457278
v -1.959011 1.198388 -1.611921
v -1.830380 1.195261 -1.706097
v -2.218854 1.113726 -0.755828
v -1.837456 1.457047 -2.455206
v -2.110253 1.119942 -1.164658
v -2.061708 1.123055 -1.313140
v -1.931307 1.117801 -1.403176
v -1.885975 1.123055 -1.555017
v -1.759760 1.119942 -1.647069
v -2.142363 1.035285 -0.724916
v -1.786127 1.368258 -2.396760
v -2.035851 1.041061 -1.118292
v -1.988596 1.044143 -1.263844
v -1.860371 1.038887 -1.351637
v -1.816498 1.044143 -1.500716
v -1.692672 1.041061 -1.590637
v -2.069701 0.953828 -0.695824
v -1.738257 1.274069 -2.342065
v -1.965286 0.959155 -1.074605
v -1.919323 0.962186 -1.217281
v -1.793200 0.956967 -1.302835
v -1.750808 0.962186 -1.449222
v -1.629318 0.959155 -1.537025
v -2.001191 0.869917 -0.668636
v -1.693992 1.174852 -2.291349
v -1.898849 0.874788 -1.033731
v -1.854172 0.877743 -1.173618
v -1.730053 0.872605 -1.256956
v -1.689149 0.877743 -1.400753
v -1.569914 0.874788 -1.486470
v -1.937181 0.784125 -0.643448
v -1.653471 1.070999 -2.244820
v -1.836860 0.788532 -0.995823
v -1.793448 0.791381 -1.133037
v -1.671212 0.786381 -1.214205
v -1.631789 0.791381 -1.355541
v -1.514706 0.788532 -1.439230
v -1.878049 0.697019 -0.620369
v -1.616826 0.962919 -2.202670
v -1.779668 0.700953 -0.961050
v -1.737486 0.703662 -1.095738
v -1.616987 0.698867 -1.174809
v -1.579022 0.703662 -1.313844
v -1.463961 0.700953 -1.395583
v -1.824210 0.609137 -0.599519
v -1.584179 0.851038 -2.165068
v -1.727657 0.612593 -0.929600
v -1.686650 0.615120 -1.061943
v -1.567726 0.610610 -1.139019
v -1.531172 0.615120 -1.275939
v -1.417979 0.612593 -1.355835
v -1.776115 0.520967 -0.581028
v -1.555645 0.735799 -2.132169
v -1.681244 0.523938 -0.901681
v -1.641336 0.526237 -1.031891
v -1.523807 0.522102 -1.107110
v -1.488588 0.526237 -1.242130
v -1.377084 0.523938 -1.320322
v -1.734243 0.432912 -0.565039
v -1.531322 0.617656 -2.104105
v -1.640875 0.435392 -0.877514
v -1.601965 0.437416 -1.005838
v -1.485637 0.433753 -1.079377
v -1.451645 0.437416 -1.212737
v -1.341625 0.435392 -1.289397
v -1.699086 0.345266 -0.551694
v -1.511298 0.497076 -2.080988
v -1.607009 0.347253 -0.857326
v -1.568969 0.348950 -0.984047
v -1.453635 0.345861 -1.056127
v -1.420724 0.348950 -1.188090
v -1.311960 0.347253 -1.263427
v -1.671126 0.258193 -0.541135
v -1.495646 0.374534 -2.062912
v -1.580093 0.259684 -0.841340
v -1.542769 0.261007 -0.966773
v -1.428214 0.258588 -1.037657
v -1.396199 0.261007 -1.168510
v -1.288439 0.259684 -1.242768
v -1.650797 0.171715 -0.533489
v -1.484425 0.250513 -2.049948
v -1.560534 0.172709 -0.829756
v -1.523743 0.173617 -0.954245
v -1.409747 0.171952 -1.024240
v -1.378405 0.173617 -1.154286
v -1.271377 0.172709 -1.227746
v -1.638447 0.085722 -0.528857
v -1.477675 0.125504 -2.042150
v -1.548656 0.086219 -0.822735
v -1.512195 0.086681 -0.946649
v -1.398536 0.085832 -1.016094
v -1.367611 0.086681 -1.145651
v -1.261030 0.086219 -1.218619
v -1.634304 0.000000 -0.527305
v -1.475422 0.000000 -2.039546
v -1.544672 0.000000 -0.820383
v -1.508322 0.000000 -0.944102
v -1.394776 0.000000 -1.013363
v -1.363993 0.000000 -1.142755
v -1.257561 0.000000 -1.215557
v -1.638447 -0.085722 -0.528857
v -1.477675 -0.125504 -2.042150
v -1.548656 -0.086219 -0.822735
v -1.512195 -0.086681 -0.946648
v -1.398536 -0.085832 -1.016094
v -1.367611 -0.086681 -1.145651
v -1.261030 -0.086219 -1.218619
v -1.650797 -0.171715 -0.533489
v -1.484425 -0.250513 -2.049948
v -1.560534 -0.172709 -0.829756
v -1.523743 -0.173617 -0.954245
v -1.409747 -0.171952 -1.024240
v -1.378405 -0.173617 -1.154286
v -1.271377 -0.172709 -1.227746
v -1.671126 -0.258193 -0.541135
v -1.495646 -0.374534 -2.062912
v -1.580093 -0.259684 -0.841340
v -1.542769 -0.261007 -0.966773
v -1.428214 -0.258588 -1.037657
v -1.396199 -0.261007 -1.168510
v -1.288438 -0.259684 -1.242768
v -1.699086 -0.345266 -0.551694
v -1.511298 -0.497076 -2.080988
v -1.607009 -0.347253 -0.857326
v -1.568969 -0.348950 -0.984047
v -1.453635 -0.345861 -1.056126
v -1.420724 -0.348950 -1.188090
v -1.311960 -0.347253 -1.263426
v -1.734243 -0.432912 -0.565039
v -1.531322 -0.617656 -2.104105
v -1.640875 -0.435392 -0.877514
v -1.601965 -0.437416 -1.005838
v -1.485637 -0.433753 -1.079377
v -1.451645 -0.437416 -1.212737
v -1.341625 -0.435392 -1.289397
v -1.776115 -0.520967 -0.581028
v -1.555645 -0.735799 -2.132169
v -1.681244 -0.523938 -0.901681
v -1.641336 -0.526238 -1.031891
v -1.523807 -0.522102 -1.107110
v -1.488588 -0.526238 -1.242130
v -1.377084 -0.523938 -1.320322
v -1.824210 -0.609137 -0.599519
v -1.584179 -0.851038 -2.165068
v -1.727657 -0.612593 -0.929600
v -1.686650 -0.615120 -1.061943
v -1.567726 -0.610610 -1.139019
v -1.531172 -0.615120 -1.275939
v -1.417979 -0.612593 -1.355836
v -1.878049 -0.697019 -0.620369
v -1.616826 -0.962919 -2.202670
v -1.779668 -0.700953 -0.961050
v -1.737486 -0.703662 -1.095738
v -1.616987 -0.698867 -1.174809
v -1.579022 -0.703662 -1.313844
v -1.463961 -0.700953 -1.395583
v -1.937181 -0.784125 -0.643448
v -1.653471 -1.070999 -2.244820
v -1.836860 -0.788532 -0.995823
v -1.793448 -0.791381 -1.133037
v -1.671212 -0.786381 -1.214205
v -1.631789 -0.791381 -1.355541
v -1.514706 -0.788532 -1.439230
v -2.001191 -0.869917 -0.668636
v -1.693992 -1.174852 -2.291349
v -1.898849 -0.874788 -1.033731
v -1.854172 -0.877743 -1.173619
v -1.730053 -0.872605 -1.256956
v -1.689149 -0.877743 -1.400753
v -1.569914 -0.874788 -1.486470
v -2.069701 -0.953828 -0.695824
v -1.738257 -1.274069 -2.342065
v -1.965286 -0.959155 -1.074605
v -1.919323 -0.962186 -1.217281
v -1.793200 -0.956967 -1.302835
v -1.750808 -0.962186 -1.449222
v -1.629318 -0.959155 -1.537025
v -2.142363 -1.035285 -0.724916
v -1.786127 -1.368258 -2.396760
v -2.035851 -1.041061 -1.118292
v -1.988596 -1.044143 -1.263844
v -1.860371 -1.038887 -1.351637
v -1.816498 -1.044143 -1.500716
v -1.692673 -1.041061 -1.590637
v -2.218854 -1.113726 -0.755828
v -1.837456 -1.457047 -2.455206
v -2.110253 -1.119942 -1.164657
v -2.061708 -1.123055 -1.313141
v -1.931307 -1.117801 -1.403176
v -1.885975 -1.123055 -1.555017
v -1.759760 -1.119942 -1.647069
v -2.298870 -1.188610 -0.788483
v -1.892092 -1.540085 -2.517161
v -2.188214 -1.195261 -1.213580
v -2.138397 -1.198388 -1.365018
v -2.005773 -1.193164 -1.457278
v -1.959011 -1.198388 -1.611921
v -1.830380 -1.195261 -1.706097
v -2.382118 -1.259429 -0.822813
v -1.949882 -1.617045 -2.582365
v -2.269473 -1.266508 -1.264949
v -2.218409 -1.269636 -1.419334
v -2.083545 -1.264467 -1.513783
v -2.035394 -1.269636 -1.671232
v -1.904345 -1.266508 -1.767504
v -2.468310 -1.325711 -0.858756
v -2.010666 -1.687624 -2.650544
v -2.353771 -1.333213 -1.318663
v -2.301499 -1.336329 -1.475953
v -2.164408 -1.331234 -1.572534
v -2.114918 -1.336329 -1.732760
v -1.981479 -1.333213 -1.831079
v -2.557160 -1.387021 -0.896255
v -2.074284 -1.751542 -2.721409
v -2.440858 -1.394941 -1.374625
v -2.387425 -1.398036 -1.534742
v -2.248153 -1.393031 -1.633378
v -2.197382 -1.398036 -1.796313
v -2.061613 -1.394941 -1.896610
v -2.648379 -1.442968 -0.935253
v -2.140568 -1.808548 -2.794660
v -2.530476 -1.451302 -1.432742
v -2.475943 -1.454366 -1.595570
v -2.334570 -1.449466 -1.696163
v -2.282587 -1.454366 -1.861701
v -2.144579 -1.451302 -1.963882
v -2.741672 -1.493201 -0.975695
v -2.209344 -1.858417 -2.869986
v -2.622366 -1.501944 -1.492919
v -2.566805 -1.504969 -1.658306
v -2.423446 -1.500185 -1.760735
v -2.370330 -1.504969 -1.928730
v -2.230207 -1.501944 -2.032679
v -2.836740 -1.537411 -1.017520
v -2.280433 -1.900951 -2.947068
v -2.716261 -1.546556 -1.555056
v -2.659755 -1.549535 -1.722810
v -2.514558 -1.544878 -1.826932
v -2.460401 -1.549535 -1.997198
v -2.318318 -1.546556 -2.102777
v -2.933274 -1.575329 -1.060660
v -2.353638 -1.935983 -3.025580
v -2.811884 -1.584869 -1.619040
v -2.754529 -1.587794 -1.788934
v -2.607676 -1.583275 -1.894586
v -2.552575 -1.587794 -2.066900
v -2.408720 -1.584869 -2.173948
v -3.030957 -1.606728 -1.105035
v -2.428751 -1.963374 -3.105193
v -2.908946 -1.616652 -1.684744
v -2.850848 -1.619516 -1.856517
v -2.702550 -1.615143 -1.963516
v -2.646615 -1.619516 -2.137620
v -2.501202 -1.616652 -2.245955
v -3.129465 -1.631417 -1.150551
v -2.505544 -1.983017 -3.185576
v -3.007145 -1.641712 -1.752020
v -2.948418 -1.644508 -1.925382
v -2.798912 -1.640290 -2.033527
v -2.742260 -1.644508 -2.209134
v -2.595530 -1.641712 -2.318559
v -3.228462 -1.649248 -1.197091
v -2.583765 -1.994834 -3.266399
v -3.106163 -1.659895 -1.820691
v -3.046927 -1.662616 -1.995329
v -2.896471 -1.658561 -2.104408
v -2.839225 -1.662616 -2.281207
v -2.691438 -1.659895 -2.391510
v -3.327610 -1.660106 -1.244520
v -2.663138 -1.998778 -3.347337
v -3.205671 -1.671082 -1.890553
v -3.146052 -1.673722 -2.066142
v -2.994916 -1.669836 -2.175933
v -2.937202 -1.673722 -2.353599
v -2.788631 -1.671082 -2.464560
v -3.426561 -1.663917 -1.292675
v -2.743361 -1.994834 -3.428064
v -3.305320 -1.675191 -1.961368
v -3.245442 -1.677743 -2.137572
v -3.093905 -1.674032 -2.247852
v -3.035850 -1.677743 -2.426050
v -2.886773 -1.675191 -2.537448
v -3.524962 -1.660638 -1.341370
v -2.824107 -1.983017 -3.508268
v -3.404747 -1.672175 -2.032863
v -3.344734 -1.674634 -2.209352
v -3.193070 -1.671102 -2.319900
v -3.134800 -1.674634 -2.498302
v -2.985494 -1.672175 -2.609915
v -3.622456 -1.650267 -1.390397
v -2.905024 -1.963374 -3.587637
v -3.503578 -1.662022 -2.104737
v -3.443549 -1.664382 -2.281190
v -3.292024 -1.661033 -2.391794
v -3.233658 -1.664382 -2.570081
v -3.084391 -1.662022 -2.681699
v -3.718686 -1.632831 -1.439526
v -2.985740 -1.935983 -3.665874
v -3.601430 -1.644754 -2.176661
v -3.541495 -1.647011 -2.352778
v -3.390359 -1.643847 -2.463238
v -3.332009 -1.647011 -2.641111
v -3.183033 -1.644754 -2.752537
v -3.813294 -1.608393 -1.488510
v -3.065870 -1.900951 -3.742683
v -3.697914 -1.620428 -2.248281
v -3.638171 -1.622578 -2.423789
v -3.487651 -1.619598 -2.533925
v -3.429420 -1.622578 -2.711112
v -3.280962 -1.620428 -2.822165
v -3.905925 -1.577050 -1.537090
v -3.145017 -1.858417 -3.817783
v -3.792633 -1.589132 -2.319230
v -3.733171 -1.591172 -2.493888
v -3.583466 -1.588376 -2.603538
v -3.525443 -1.591172 -2.779801
v -3.377709 -1.589132 -2.890324
v -3.996224 -1.538929 -1.585001
v -3.222783 -1.808548 -3.890899
v -3.885195 -1.550989 -2.389132
v -3.826089 -1.552916 -2.562732
v -3.677368 -1.550303 -2.671762
v -3.619632 -1.552916 -2.846897
v -3.472792 -1.550989 -2.956755
v -4.083848 -1.494188 -1.631976
v -3.298771 -1.751542 -3.961763
v -3.975213 -1.506153 -2.457607
v -3.916523 -1.507967 -2.629983
v -3.768921 -1.505534 -2.738280
v -3.711536 -1.507967 -2.912122
v -3.565733 -1.506153 -3.021207
v -4.168460 -1.443017 -1.677751
v -3.372593 -1.687624 -4.030118
v -4.062305 -1.454811 -2.524281
v -4.004077 -1.456510 -2.695303
v -3.857700 -1.454253 -2.802781
v -3.800716 -1.456510 -2.975206
v -3.656057 -1.454811 -3.083433
v -4.249732 -1.385633 -1.722069
v -3.443872 -1.617045 -4.095716
v -4.146103 -1.397178 -2.588790
v -4.088370 -1.398762 -2.758369
v -3.943289 -1.396677 -2.864965
v -3.886742 -1.398762 -3.035886
v -3.743303 -1.397178 -3.143195
v -4.327349 -1.322282 -1.764683
v -3.512251 -1.540085 -4.158315
v -4.226251 -1.333498 -2.650784
v -4.169032 -1.334967 -2.818864
v -4.025287 -1.333050 -2.924540
v -3.969203 -1.334967 -3.093906
v -3.827030 -1.333498 -3.200263
v -4.401010 -1.253236 -1.805359
v -3.577388 -1.457047 -4.217686
v -4.302410 -1.264044 -2.709934
v -4.245714 -1.265399 -2.876493
v -4.103318 -1.263645 -2.981233
v -4.047707 -1.265399 -3.149026
v -3.906820 -1.264044 -3.254417
v -4.470429 -1.178793 -1.843881
v -3.638968 -1.368258 -4.273610
v -4.374260 -1.189114 -2.765928
v -4.318085 -1.190357 -2.930977
v -4.177024 -1.188760 -3.034783
v -4.121889 -1.190357 -3.201018
v -3.982277 -1.189114 -3.305447
v -4.535335 -1.099273 -1.880045
v -3.696693 -1.274069 -4.325879
v -4.441502 -1.109033 -2.818480
v -4.385832 -1.110163 -2.982055
v -4.246070 -1.108720 -3.084949
v -4.191401 -1.110163 -3.249666
v -4.053035 -1.109033 -3.353158
v -4.595475 -1.015020 -1.913667
v -3.750294 -1.174852 -4.374298
v -4.503852 -1.024145 -2.867325
v -4.448669 -1.025166 -3.029487
v -4.310150 -1.023870 -3.131505
v -4.255930 -1.025166 -3.294770
v -4.118757 -1.024145 -3.397363
v -4.650618 -0.926397 -1.944580
v -3.799523 -1.070999 -4.418683
v -4.561056 -0.934818 -2.912225
v -4.506332 -0.935731 -3.073056
v -4.368979 -0.934579 -3.174247
v -4.315186 -0.935731 -3.336146
v -4.179137 -0.934818 -3.437892
v -4.700545 -0.833785 -1.972631
v -3.844160 -0.962919 -4.458866
v -4.612877 -0.841441 -2.952965
v -4.558577 -0.842247 -3.112564
v -4.422303 -0.841235 -3.212989
v -4.368904 -0.842247 -3.373626
v -4.233896 -0.841441 -3.474588
v -4.745066 -0.737585 -1.997690
v -3.884004 -0.851038 -4.494696
v -4.659105 -0.744417 -2.989352
v -4.605189 -0.745118 -3.147835
v -4.469892 -0.744241 -3.247565
v -4.416852 -0.745118 -3.407057
v -4.282787 -0.744417 -3.507309
v -4.784006 -0.638212 -2.019639
v -3.918884 -0.735799 -4.526033
v -4.699553 -0.644167 -3.021221
v -4.645977 -0.644765 -3.178714
v -4.511545 -0.644020 -3.277827
v -4.458825 -0.644765 -3.436307
v -4.325596 -0.644167 -3.535928
v -4.817215 -0.536092 -2.038377
v -3.948649 -0.617656 -4.552757
v -4.734055 -0.541126 -3.048427
v -4.680772 -0.541622 -3.205068
v -4.547085 -0.541006 -3.303648
v -4.494640 -0.541622 -3.461256
v -4.362132 -0.541126 -3.560335
v -4.844563 -0.431667 -2.053822
v -3.973173 -0.497076 -4.574766
v -4.762474 -0.435741 -3.070850
v -4.709435 -0.436136 -3.226782
v -4.576365 -0.435646 -3.324922
v -4.524150 -0.436136 -3.481805
v -4.392240 -0.435741 -3.580434
v -4.865945 -0.325385 -2.065904
v -3.992354 -0.374534 -4.591973
v -4.784696 -0.328468 -3.088391
v -4.731849 -0.328764 -3.243767
v -4.599264 -0.328398 -3.341559
v -4.547229 -0.328764 -3.497874
v -4.415790 -0.328468 -3.596148
v -4.881276 -0.217704 -2.074572
v -4.006111 -0.250513 -4.604312
v -4.800632 -0.219772 -3.100975
v -4.747923 -0.219969 -3.255949
v -4.615687 -0.219726 -3.353491
v -4.563783 -0.219969 -3.509397
v -4.432681 -0.219772 -3.607416
v -4.890500 -0.109086 -2.079787
v -4.014388 -0.125504 -4.611735
v -4.810220 -0.110125 -3.108546
v -4.757593 -0.110223 -3.263279
v -4.625568 -0.110102 -3.360670
v -4.573742 -0.110223 -3.516328
v -4.442845 -0.110125 -3.614195
v -5.629747 0.000000 2.394665
v -4.017151 0.000000 4.614213
v -4.813420 0.000000 3.111074
v -4.760821 0.000000 3.265726
v -4.628866 0.000000 3.363066
v -4.577066 0.000000 3.518642
v -4.446238 0.000000 3.616457
v -3.489244 0.109086 4.008449
v -5.626537 0.125504 2.392803
v -4.442845 0.110125 3.614195
v -4.573742 0.110223 3.516329
v -4.625568 0.110102 3.360670
v -4.757593 0.110223 3.263279
v -4.810220 0.110125 3.108546
v -3.481434 0.217704 4.001288
v -5.616920 0.250513 2.387225
v -4.432681 0.219772 3.607417
v -4.563783 0.219969 3.509397
v -4.615687 0.219726 3.353491
v -4.747923 0.219969 3.255949
v -4.800632 0.219772 3.100975
v -3.468452 0.325385 3.989386
v -5.600934 0.374534 2.377954
v -4.415789 0.328468 3.596148
v -4.547229 0.328764 3.497874
v -4.599264 0.328398 3.341559
v -4.731848 0.328764 3.243767
v -4.784696 0.328468 3.088391
v -3.450354 0.431667 3.972784
v -5.578641 0.497076 2.365030
v -4.392240 0.435741 3.580434
v -4.524150 0.436136 3.481805
v -4.576365 0.435646 3.324922
v -4.709435 0.436136 3.226782
v -4.762474 0.435741 3.070850
v -3.427214 0.536092 3.951548
v -5.550132 0.617656 2.348507
v -4.362132 0.541126 3.560335
v -4.494640 0.541622 3.461256
v -4.547085 0.541006 3.303649
v -4.680772 0.541622 3.205068
v -4.734055 0.541126 3.048428
v -3.399131 0.638212 3.925755
v -5.515517 0.735799 2.328457
v -4.325596 0.644167 3.535928
v -4.458825 0.644765 3.436307
v -4.511545 0.644020 3.277827
v -4.645977 0.644765 3.178715
v -4.699553 0.644167 3.021221
v -3.366223 0.737585 3.895503
v -5.474935 0.851038 2.304968
v -4.282787 0.744417 3.507309
v -4.416852 0.745118 3.407058
v -4.469892 0.744241 3.247565
v -4.605189 0.745118 3.147835
v -4.659105 0.744417 2.989352
v -3.328634 0.833785 3.860905
v -5.428547 0.962919 2.278145
v -4.233895 0.841441 3.474588
v -4.368904 0.842247 3.373626
v -4.422303 0.841235 3.212989
v -4.558577 0.842247 3.112565
v -4.612877 0.841441 2.952965
v -3.286526 0.926397 3.822089
v -5.376537 1.070999 2.248111
v -4.179137 0.934818 3.437892
v -4.315186 0.935731 3.336146
v -4.368979 0.934579 3.174247
v -4.506332 0.935731 3.073056
v -4.561056 0.934818 2.912225
v -3.240087 1.015020 3.779199
v -5.319111 1.174852 2.215007
v -4.118757 1.024145 3.397363
v -4.255929 1.025166 3.294770
v -4.310150 1.023870 3.131505
v -4.448669 1.025166 3.029488
v -4.503852 1.024145 2.867325
v -3.189526 1.099273 3.732391
v -5.256499 1.274069 2.178991
v -4.053035 1.109033 3.353158
v -4.191401 1.110163 3.249666
v -4.246071 1.108720 3.084949
v -4.385832 1.110163 2.982055
v -4.441501 1.109033 2.818480
v -3.135075 1.178793 3.681837
v -5.188950 1.368258 2.140243
v -3.982276 1.189114 3.305447
v -4.121889 1.190357 3.201018
v -4.177024 1.188760 3.034784
v -4.318085 1.190357 2.930977
v -4.374261 1.189114 2.765928
v -3.076987 1.253236 3.627720
v -5.116734 1.457047 2.098959
v -3.906819 1.264044 3.254417
v -4.047707 1.265399 3.149027
v -4.103318 1.263645 2.981233
v -4.245714 1.265399 2.876493
v -4.302410 1.264044 2.709934
v -3.015538 1.322282 3.570234
v -5.040140 1.540085 2.055357
v -3.827030 1.333498 3.200263
v -3.969203 1.334967 3.093906
v -4.025287 1.333050 2.924541
v -4.169032 1.334967 2.818864
v -4.226251 1.333498 2.650784
v -2.951025 1.385633 3.509585
v -4.959475 1.617045 2.009669
v -3.743303 1.397178 3.143196
v -3.886742 1.398761 3.035886
v -3.943288 1.396677 2.864965
v -4.088370 1.398762 2.758369
v -4.146103 1.397178 2.588790
v -2.883762 1.443017 3.445985
v -4.875061 1.687624 1.962149
v -3.656057 1.454811 3.083433
v -3.800716 1.456510 2.975206
v -3.857700 1.454253 2.802781
v -4.004077 1.456510 2.695304
v -4.062305 1.454812 2.524281
v -2.814081 1.494187 3.379660
v -4.787239 1.751542 1.913064
v -3.565733 1.506154 3.021207
v -3.711536 1.507967 2.912123
v -3.768921 1.505534 2.738280
v -3.916523 1.507967 2.629983
v -3.975213 1.506154 2.457607
v -2.742328 1.538928 3.310841
v -4.696362 1.808548 1.862693
v -3.472792 1.550989 2.956755
v -3.619632 1.552916 2.846897
v -3.677367 1.550303 2.671762
v -3.826089 1.552916 2.562733
v -3.885195 1.550989 2.389132
v -2.668857 1.577050 3.239766
v -4.602794 1.858417 1.811327
v -3.377709 1.589132 2.890324
v -3.525443 1.591172 2.779801
v -3.583466 1.588376 2.603539
v -3.733171 1.591172 2.493888
v -3.792633 1.589132 2.319231
v -2.594030 1.608393 3.166682
v -4.506911 1.900951 1.759261
v -3.280962 1.620428 2.822165
v -3.429419 1.622578 2.711112
v -3.487651 1.619598 2.533925
v -3.638172 1.622578 2.423790
v -3.697914 1.620428 2.248281
v -2.518209 1.632831 3.091841
v -4.409099 1.935983 1.706789
v -3.183032 1.644754 2.752537
v -3.332009 1.647011 2.641112
v -3.390359 1.643847 2.463239
v -3.541495 1.647011 2.352778
v -3.601430 1.644754 2.176661
v -2.441748 1.650267 3.015502
v -4.309749 1.963374 1.654199
v -3.084391 1.662022 2.681699
v -3.233658 1.664382 2.570081
v -3.292024 1.661033 2.391794
v -3.443549 1.664382 2.281190
v -3.503578 1.662022 2.104738
v -2.364993 1.660638 2.937929
v -4.209260 1.983017 1.601770
v -2.985494 1.672175 2.609915
v -3.134799 1.674634 2.498302
v -3.193070 1.671102 2.319900
v -3.344734 1.674634 2.209352
v -3.404747 1.672175 2.032863
v -2.288273 1.663916 2.859392
v -4.108030 1.994834 1.549760
v -2.886773 1.675191 2.537448
v -3.035850 1.677743 2.426051
v -3.093904 1.674032 2.247852
v -3.245442 1.677743 2.137572
v -3.305320 1.675191 1.961368
v -2.211897 1.660106 2.780166
v -4.006463 1.998778 1.498410
v -2.788631 1.671082 2.464560
v -2.937202 1.673722 2.353599
v -2.994916 1.669836 2.175933
v -3.146052 1.673722 2.066142
v -3.205671 1.671082 1.890553
v -2.136151 1.649248 2.700526
v -3.904959 1.994834 1.447932
v -2.691438 1.659895 2.391510
v -2.839224 1.662616 2.281207
v -2.896471 1.658561 2.104408
v -3.046927 1.662616 1.995330
v -3.106163 1.659895 1.820691
v -2.061297 1.631417 2.620756
v -3.803921 1.983017 1.398515
v -2.595530 1.641712 2.318559
v -2.742260 1.644508 2.209134
v -2.798912 1.640290 2.033527
v -2.948418 1.644508 1.925382
v -3.007145 1.641712 1.752020
v -1.987569 1.606727 2.541135
v -3.703741 1.963374 1.350321
v -2.501202 1.616652 2.245956
v -2.646615 1.619516 2.137620
v -2.702549 1.615143 1.963516
v -2.850848 1.619516 1.856517
v -2.908946 1.616652 1.684745
v -1.915180 1.575329 2.461946
v -3.604813 1.935983 1.303486
v -2.408719 1.584869 2.173948
v -2.552575 1.587794 2.066901
v -2.607676 1.583274 1.894586
v -2.754529 1.587794 1.788934
v -2.811884 1.584869 1.619040
v -1.844321 1.537411 2.383467
v -3.507522 1.900951 1.258125
v -2.318318 1.546556 2.102777
v -2.460400 1.549535 1.997199
v -2.514558 1.544878 1.826933
v -2.659755 1.549535 1.722810
v -2.716261 1.546556 1.555056
v -1.775165 1.493201 2.305977
v -3.412245 1.858417 1.214336
v -2.230207 1.501944 2.032679
v -2.370330 1.504969 1.928730
v -2.423445 1.500185 1.760735
v -2.566804 1.504969 1.658306
v -2.622366 1.501944 1.492919
v -1.707873 1.442968 2.229747
v -3.319353 1.808548 1.172202
v -2.144579 1.451302 1.963883
v -2.282587 1.454366 1.861702
v -2.334570 1.449466 1.696163
v -2.475942 1.454366 1.595571
v -2.530476 1.451302 1.432742
v -1.642595 1.387021 2.155044
v -3.229204 1.751542 1.131799
v -2.061613 1.394941 1.896610
v -2.197381 1.398036 1.796313
v -2.248153 1.393031 1.633378
v -2.387425 1.398036 1.534742
v -2.440858 1.394941 1.374625
v -1.579476 1.325711 2.082131
v -3.142148 1.687624 1.093193
v -1.981479 1.333213 1.831080
v -2.114917 1.336329 1.732760
v -2.164408 1.331234 1.572534
v -2.301499 1.336329 1.475953
v -2.353771 1.333213 1.318663
v -1.518657 1.259429 2.011264
v -3.058523 1.617045 1.056452
v -1.904344 1.266508 1.767505
v -2.035394 1.269636 1.671232
v -2.083545 1.264467 1.513783
v -2.218409 1.269636 1.419334
v -2.269473 1.266508 1.264949
v -1.460282 1.188610 1.942700
v -2.978652 1.540085 1.021640
v -1.830379 1.195261 1.706097
v -1.959011 1.198388 1.611921
v -2.005773 1.193164 1.457278
v -2.138397 1.198388 1.365018
v -2.188214 1.195261 1.213580
v -1.404500 1.113726 1.876691
v -2.902846 1.457047 0.988822
v -1.759760 1.119942 1.647069
v -1.885975 1.123055 1.555017
v -1.931307 1.117801 1.403176
v -2.061708 1.123055 1.313141
v -2.110253 1.119942 1.164658
v -1.351464 1.035285 1.813496
v -2.831398 1.368258 0.958067
v -1.692672 1.041061 1.590637
v -1.816498 1.044143 1.500716
v -1.860371 1.038887 1.351637
v -1.988596 1.044143 1.263844
v -2.035851 1.041061 1.118292
v -1.301341 0.953828 1.753380
v -2.764588 1.274069 0.929442
v -1.629317 0.959155 1.537025
v -1.750808 0.962186 1.449222
v -1.793200 0.956967 1.302835
v -1.919323 0.962186 1.217282
v -1.965286 0.959155 1.074605
v -1.254313 0.869917 1.696625
v -2.702676 1.174852 0.903015
v -1.569914 0.874788 1.486471
v -1.689149 0.877743 1.400753
v -1.730053 0.872605 1.256957
v -1.854172 0.877743 1.173619
v -1.898849 0.874788 1.033731
v -1.210578 0.784125 1.643531
v -2.645903 1.070999 0.878855
v -1.514706 0.788532 1.439230
v -1.631789 0.791381 1.355542
v -1.671212 0.786381 1.214206
v -1.793448 0.791381 1.133037
v -1.836860 0.788532 0.995823
v -1.170356 0.697018 1.594425
v -2.594491 0.962919 0.857029
v -1.463961 0.700953 1.395583
v -1.579022 0.703662 1.313844
v -1.616987 0.698867 1.174809
v -1.737486 0.703662 1.095738
v -1.779668 0.700953 0.961050
v -1.133888 0.609137 1.549664
v -2.548642 0.851038 0.837600
v -1.417979 0.612593 1.355836
v -1.531172 0.615120 1.275940
v -1.567726 0.610610 1.139019
v -1.686650 0.615120 1.061943
v -1.727657 0.612593 0.929600
v -1.101441 0.520967 1.509637
v -2.508535 0.735799 0.820628
v -1.377084 0.523937 1.320322
v -1.488588 0.526237 1.242130
v -1.523807 0.522102 1.107110
v -1.641336 0.526237 1.031891
v -1.681244 0.523937 0.901681
v -1.073295 0.432912 1.474755
v -2.474328 0.617656 0.806168
v -1.341624 0.435392 1.289397
v -1.451644 0.437416 1.212737
v -1.485637 0.433753 1.079377
v -1.601965 0.437416 1.005839
v -1.640875 0.435392 0.877514
v -1.049739 0.345266 1.445443
v -2.446155 0.497076 0.794268
v -1.311959 0.347253 1.263427
v -1.420724 0.348950 1.188090
v -1.453635 0.345861 1.056127
v -1.568969 0.348950 0.984048
v -1.607008 0.347253 0.857326
v -1.031057 0.258193 1.422114
v -2.424127 0.374534 0.784968
v -1.288438 0.259684 1.242769
v -1.396199 0.261007 1.168510
v -1.428214 0.258588 1.037657
v -1.542769 0.261007 0.966773
v -1.580093 0.259684 0.841340
v -1.017503 0.171715 1.405143
v -2.408330 0.250513 0.778302
v -1.271377 0.172709 1.227746
v -1.378404 0.173617 1.154287
v -1.409747 0.171952 1.024240
v -1.523743 0.173617 0.954246
v -1.560534 0.172709 0.829756
v -1.009281 0.085722 1.394829
v -2.398828 0.125504 0.774292
v -1.261030 0.086219 1.218619
v -1.367611 0.086681 1.145651
v -1.398535 0.085832 1.016095
v -1.512195 0.086681 0.946649
v -1.548656 0.086219 0.822736
v -1.006525 0.000000 1.391368
v -2.395656 0.000000 0.772954
v -1.257561 0.000000 1.215557
v -1.363993 0.000000 1.142755
v -1.394775 0.000000 1.013363
v -1.508322 0.000000 0.944103
v -1.544672 0.000000 0.820383
v -1.009281 -0.085722 1.394829
v -2.398827 -0.125504 0.774292
v -1.261030 -0.086219 1.218619
v -1.367611 -0.086681 1.145651
v -1.398535 -0.085832 1.016095
v -1.512195 -0.086681 0.946649
v -1.548656 -0.086219 0.822736
v -1.017503 -0.171715 1.405143
v -2.408330 -0.250513 0.778302
v -1.271377 -0.172709 1.227746
v -1.378405 -0.173617 1.154287
v -1.409747 -0.171952 1.024240
v -1.523743 -0.173617 0.954246
v -1.560534 -0.172709 0.829756
v -1.031057 -0.258193 1.422114
v -2.424127 -0.374534 0.784968
v -1.288438 -0.259684 1.242769
v -1.396199 -0.261007 1.168510
v -1.428214 -0.258588 1.037657
v -1.542769 -0.261007 0.966774
v -1.580093 -0.259684 0.841340
v -1.049739 -0.345266 1.445443
v -2.446155 -0.497076 0.794268
v -1.311959 -0.347253 1.263427
v -1.420724 -0.348950 1.188090
v -1.453635 -0.345861 1.056127
v -1.568969 -0.348950 0.984048
v -1.607008 -0.347253 0.857326
v -1.073295 -0.432912 1.474755
v -2.474328 -0.617656 0.806168
v -1.341624 -0.435392 1.289397
v -1.451644 -0.437416 1.212737
v -1.485637 -0.433753 1.079377
v -1.601965 -0.437416 1.005839
v -1.640875 -0.435392 0.877514
v -1.101441 -0.520967 1.509637
v -2.508535 -0.735799 0.820628
v -1.377084 -0.523938 1.320322
v -1.488588 -0.526237 1.242130
v -1.523807 -0.522102 1.107110
v -1.641336 -0.526237 1.031891
v -1.681244 -0.523938 0.901681
v -1.133888 -0.609137 1.549664
v -2.548642 -0.851038 0.837600
v -1.417979 -0.612593 1.355836
v -1.531172 -0.615120 1.275940
v -1.567726 -0.610610 1.139019
v -1.686650 -0.615120 1.061943
v -1.727657 -0.612593 0.929600
v -1.170356 -0.697018 1.594425
v -2.594491 -0.962919 0.857029
v -1.463961 -0.700953 1.395583
v -1.579022 -0.703662 1.313844
v -1.616987 -0.698867 1.174809
v -1.737486 -0.703662 1.095738
v -1.779668 -0.700953 0.961050
v -1.210578 -0.784125 1.643531
v -2.645903 -1.070999 0.878855
v -1.514706 -0.788532 1.439230
v -1.631789 -0.791381 1.355542
v -1.671212 -0.786381 1.214206
v -1.793448 -0.791381 1.133037
v -1.836860 -0.788532 0.995823
v -1.254313 -0.869917 1.696625
v -2.702676 -1.174852 0.903015
v -1.569914 -0.874788 1.486471
v -1.689149 -0.877743 1.400753
v -1.730053 -0.872605 1.256957
v -1.854172 -0.877743 1.173619
v -1.898849 -0.874788 1.033731
v -1.301341 -0.953828 1.753380
v -2.764588 -1.274069 0.929442
v -1.629317 -0.959155 1.537025
v -1.750808 -0.962186 1.449222
v -1.793200 -0.956966 1.302835
v -1.919323 -0.962186 1.217282
v -1.965286 -0.959155 1.074605
v -1.351464 -1.035285 1.813496
v -2.831398 -1.368258 0.958067
v -1.692673 -1.041060 1.590637
v -1.816498 -1.044143 1.500716
v -1.860371 -1.038887 1.351637
v -1.988596 -1.044143 1.263844
v -2.035851 -1.041061 1.118292
v -1.404500 -1.113725 1.876691
v -2.902846 -1.457047 0.988822
v -1.759760 -1.119942 1.647069
v -1.885975 -1.123055 1.555017
v -1.931307 -1.117801 1.403176
v -2.061708 -1.123055 1.313141
v -2.110253 -1.119942 1.164658
v -1.460282 -1.188610 1.942700
v -2.978652 -1.540085 1.021640
v -1.830379 -1.195261 1.706097
v -1.959011 -1.198388 1.611921
v -2.005773 -1.193164 1.457278
v -2.138397 -1.198388 1.365018
v -2.188214 -1.195261 1.213580
v -1.518657 -1.259429 2.011264
v -3.058523 -1.617045 1.056452
v -1.904344 -1.266508 1.767505
v -2.035394 -1.269636 1.671232
v -2.083545 -1.264467 1.513783
v -2.218409 -1.269636 1.419334
v -2.269473 -1.266508 1.264949
v -1.579476 -1.325711 2.082131
v -3.142148 -1.687624 1.093193
v -1.981479 -1.333213 1.831080
v -2.114918 -1.336329 1.732760
v -2.164408 -1.331234 1.572534
v -2.301499 -1.336329 1.475953
v -2.353771 -1.333213 1.318663
v -1.642595 -1.387021 2.155044
v -3.229204 -1.751542 1.131799
v -2.061613 -1.394941 1.896610
v -2.197381 -1.398036 1.796313
v -2.248153 -1.393031 1.633378
v -2.387425 -1.398036 1.534742
v -2.440858 -1.394941 1.374625
v -1.707873 -1.442968 2.229747
v -3.319353 -1.808548 1.172202
v -2.144579 -1.451302 1.963882
v -2.282587 -1.454366 1.861701
v -2.334570 -1.449466 1.696163
v -2.475942 -1.454366 1.595571
v -2.530476 -1.451302 1.432742
v -1.775165 -1.493201 2.305977
v -3.412245 -1.858417 1.214336
v -2.230207 -1.501943 2.032679
v -2.370330 -1.504969 1.928730
v -2.423445 -1.500185 1.760735
v -2.566804 -1.504969 1.658306
v -2.622366 -1.501944 1.492919
v -1.844321 -1.537411 2.383468
v -3.507522 -1.900951 1.258125
v -2.318318 -1.546556 2.102777
v -2.460400 -1.549535 1.997199
v -2.514558 -1.544878 1.826933
v -2.659755 -1.549535 1.722810
v -2.716261 -1.546556 1.555056
v -1.915180 -1.575329 2.461946
v -3.604813 -1.935983 1.303486
v -2.408719 -1.584869 2.173948
v -2.552575 -1.587794 2.066901
v -2.607676 -1.583274 1.894586
v -2.754529 -1.587794 1.788934
v -2.811884 -1.584869 1.619040
v -1.987569 -1.606727 2.541135
v -3.703741 -1.963374 1.350321
v -2.501202 -1.616652 2.245956
v -2.646615 -1.619516 2.137620
v -2.702549 -1.615143 1.963516
v -2.850848 -1.619516 1.856517
v -2.908946 -1.616652 1.684745
v -2.061297 -1.631417 2.620756
v -3.803921 -1.983017 1.398515
v -2.595530 -1.641712 2.318559
v -2.742260 -1.644508 2.209134
v -2.798912 -1.640290 2.033527
v -2.948418 -1.644508 1.925382
v -3.007145 -1.641712 1.752020
v -2.136151 -1.649248 2.700526
v -3.904959 -1.994834 1.447932
v -2.691438 -1.659894 2.391510
v -2.839224 -1.662616 2.281207
v -2.896471 -1.658561 2.104408
v -3.046927 -1.662616 1.995330
v -3.106163 -1.659894 1.820691
v -2.211897 -1.660106 2.780166
v -4.006463 -1.998778 1.498410
v -2.788631 -1.671082 2.464560
v -2.937202 -1.673722 2.353599
v -2.994916 -1.669836 2.175933
v -3.146052 -1.673722 2.066142
v -3.205671 -1.671082 1.890554
v -2.288273 -1.663916 2.859392
v -4.108030 -1.994834 1.549760
v -2.886773 -1.675191 2.537448
v -3.035850 -1.677743 2.426051
v -3.093904 -1.674032 2.247852
v -3.245442 -1.677743 2.137572
v -3.305320 -1.675191 1.961368
v -2.364993 -1.660638 2.937929
v -4.209260 -1.983017 1.601770
v -2.985494 -1.672175 2.609915
v -3.134799 -1.674634 2.498302
v -3.193070 -1.671102 2.319900
v -3.344734 -1.674634 2.209352
v -3.404747 -1.672175 2.032863
v -2.441748 -1.650267 3.015502
v -4.309749 -1.963374 1.654199
v -3.084391 -1.662022 2.681699
v -3.233658 -1.664382 2.570081
v -3.292024 -1.661033 2.391794
v -3.443549 -1.664382 2.281190
v -3.503578 -1.662022 2.104738
v -2.518209 -1.632831 3.091841
v -4.409099 -1.935983 1.706789
v -3.183032 -1.644754 2.752537
v -3.332009 -1.647011 2.641111
v -3.390359 -1.643847 2.463238
v -3.541495 -1.647011 2.352778
v -3.601430 -1.644754 2.176661
v -2.594030 -1.608393 3.166682
v -4.506911 -1.900951 1.759261
v -3.280962 -1.620428 2.822165
v -3.429419 -1.622577 2.711112
v -3.487651 -1.619598 2.533925
v -3.638172 -1.622578 2.423790
v -3.697914 -1.620428 2.248281
v -2.668857 -1.577050 3.239766
v -4.602794 -1.858417 1.811327
v -3.377709 -1.589132 2.890324
v -3.525443 -1.591171 2.779801
v -3.583466 -1.588376 2.603539
v -3.733171 -1.591171 2.493888
v -3.792632 -1.589132 2.319231
v -2.742328 -1.538929 3.310841
v -4.696362 -1.808548 1.862693
v -3.472792 -1.550989 2.956755
v -3.619632 -1.552916 2.846897
v -3.677367 -1.550303 2.671762
v -3.826089 -1.552916 2.562733
v -3.885195 -1.550989 2.389132
v -2.814081 -1.494187 3.379660
v -4.787239 -1.751542 1.913064
v -3.565733 -1.506153 3.021207
v -3.711536 -1.507967 2.912123
v -3.768921 -1.505534 2.738280
v -3.916523 -1.507967 2.629983
v -3.975213 -1.506153 2.457607
v -2.883763 -1.443017 3.445985
v -4.875061 -1.687624 1.962149
v -3.656057 -1.454811 3.083434
v -3.800716 -1.456510 2.975207
v -3.857700 -1.454253 2.802782
v -4.004077 -1.456510 2.695304
v -4.062305 -1.454811 2.524281
v -2.951025 -1.385633 3.509585
v -4.959475 -1.617045 2.009669
v -3.743303 -1.397178 3.143196
v -3.886742 -1.398761 3.035886
v -3.943288 -1.396677 2.864965
v -4.088370 -1.398762 2.758369
v -4.146103 -1.397178 2.588790
v -3.015538 -1.322282 3.570234
v -5.040139 -1.540085 2.055357
v -3.827030 -1.333498 3.200263
v -3.969203 -1.334967 3.093906
v -4.025287 -1.333050 2.924541
v -4.169032 -1.334967 2.818864
v -4.226251 -1.333498 2.650784
v -3.076987 -1.253236 3.627720
v -5.116734 -1.457047 2.098960
v -3.906819 -1.264044 3.254417
v -4.047707 -1.265399 3.149027
v -4.103318 -1.263645 2.981233
v -4.245714 -1.265399 2.876493
v -4.302410 -1.264044 2.709934
v -3.135075 -1.178793 3.681837
v -5.188950 -1.368258 2.140244
v -3.982277 -1.189114 3.305448
v -4.121889 -1.190357 3.201018
v -4.177024 -1.188760 3.034784
v -4.318085 -1.190357 2.930977
v -4.374260 -1.189114 2.765928
v -3.189526 -1.099273 3.732391
v -5.256499 -1.274069 2.178991
v -4.053035 -1.109033 3.353158
v -4.191401 -1.110163 3.249666
v -4.246071 -1.108720 3.084949
v -4.385832 -1.110163 2.982055
v -4.441501 -1.109033 2.818480
v -3.240087 -1.015020 3.779199
v -5.319111 -1.174852 2.215007
v -4.118757 -1.024145 3.397363
v -4.255929 -1.025166 3.294770
v -4.310149 -1.023870 3.131505
v -4.448669 -1.025166 3.029487
v -4.503852 -1.024145 2.867325
v -3.286526 -0.926397 3.822089
v -5.376537 -1.070999 2.248111
v -4.179137 -0.934818 3.437892
v -4.315186 -0.935731 3.336146
v -4.368979 -0.934579 3.174247
v -4.506332 -0.935731 3.073056
v -4.561056 -0.934818 2.912225
v -3.328634 -0.833785 3.860905
v -5.428547 -0.962919 2.278145
v -4.233895 -0.841441 3.474588
v -4.368904 -0.842247 3.373626
v -4.422303 -0.841235 3.212989
v -4.558577 -0.842247 3.112565
v -4.612877 -0.841441 2.952965
v -3.366223 -0.737585 3.895503
v -5.474935 -0.851038 2.304968
v -4.282787 -0.744417 3.507309
v -4.416852 -0.745118 3.407058
v -4.469892 -0.744241 3.247565
v -4.605188 -0.745118 3.147835
v -4.659105 -0.744417 2.989352
v -3.399131 -0.638212 3.925755
v -5.515517 -0.735799 2.328457
v -4.325595 -0.644167 3.535928
v -4.458825 -0.644765 3.436307
v -4.511545 -0.644020 3.277827
v -4.645977 -0.644765 3.178715
v -4.699553 -0.644167 3.021221
v -3.427214 -0.536092 3.951548
v -5.550132 -0.617656 2.348507
v -4.362132 -0.541126 3.560335
v -4.494640 -0.541622 3.461256
v -4.547085 -0.541006 3.303649
v -4.680772 -0.541622 3.205068
v -4.734055 -0.541126 3.048428
v -3.450354 -0.431667 3.972784
v -5.578641 -0.497076 2.365030
v -4.392240 -0.435741 3.580434
v -4.524150 -0.436136 3.481805
v -4.576365 -0.435646 3.324922
v -4.709435 -0.436136 3.226782
v -4.762474 -0.435741 3.070850
v -3.468452 -0.325385 3.989386
v -5.600934 -0.374534 2.377954
v -4.415789 -0.328468 3.596148
v -4.547229 -0.328764 3.497874
v -4.599264 -0.328398 3.341559
v -4.731849 -0.328764 3.243767
v -4.784696 -0.328468 3.088391
v -3.481434 -0.217704 4.001288
v -5.616920 -0.250513 2.387225
v -4.432681 -0.219772 3.607417
v -4.563783 -0.219969 3.509397
v -4.615687 -0.219726 3.353491
v -4.747923 -0.219969 3.255950
v -4.800632 -0.219772 3.100975
v -3.489244 -0.109086 4.008449
v -5.626537 -0.125504 2.392803
v -4.442845 -0.110125 3.614195
v -4.573742 -0.110223 3.516329
v -4.625568 -0.110102 3.360670
v -4.757593 -0.110223 3.263279
v -4.810220 -0.110125 3.108546
v 0.537777 0.000000 6.094198
v 3.147012 0.000000 5.246407
v 1.471381 0.000000 5.539208
v 1.634718 0.000000 5.536974
v 1.768070 0.000000 5.441558
v 1.932039 0.000000 5.440369
v 2.065495 0.000000 5.346169
v 2.734028 0.109086 4.557147
v 0.536998 0.125504 6.090570
v 2.064391 0.110125 5.342243
v 1.930866 0.110223 5.436491
v 1.766811 0.110102 5.437681
v 1.633388 0.110223 5.533148
v 1.469966 0.110125 5.535384
v 2.729632 0.217704 4.547506
v 0.534664 0.250513 6.079700
v 2.061085 0.219772 5.330483
v 1.927351 0.219969 5.424878
v 1.763036 0.219726 5.426065
v 1.629405 0.219969 5.521686
v 1.465728 0.219772 5.523926
v 2.722323 0.325385 4.531481
v 0.530787 0.374534 6.061631
v 2.055589 0.328468 5.310935
v 1.921507 0.328764 5.405573
v 1.756763 0.328398 5.406757
v 1.622787 0.328764 5.502634
v 1.458685 0.328468 5.504881
v 2.712127 0.431667 4.509139
v 0.525384 0.497076 6.036436
v 2.047921 0.435741 5.283683
v 1.913357 0.436136 5.378659
v 1.748017 0.435646 5.379838
v 1.613560 0.436136 5.476069
v 1.448869 0.435741 5.478326
v 2.699080 0.536092 4.480569
v 0.518480 0.617656 6.004216
v 2.038109 0.541126 5.248837
v 1.902932 0.541622 5.344243
v 1.736833 0.541006 5.345417
v 1.601765 0.541622 5.442098
v 1.436326 0.541126 5.444368
v 2.683228 0.638212 4.445890
v 0.510108 0.735799 5.965100
v 2.026188 0.644167 5.206547
v 1.890272 0.644765 5.302471
v 1.723257 0.644020 5.303637
v 1.587454 0.644765 5.400862
v 1.421113 0.644167 5.403148
v 2.664626 0.737585 4.405245
v 0.500309 0.851038 5.919246
v 2.012198 0.744417 5.156991
v 1.875424 0.745118 5.253515
v 1.707348 0.744241 5.254672
v 1.570690 0.745118 5.352529
v 1.403303 0.744417 5.354833
v 2.643337 0.833785 4.358803
v 0.489134 0.962919 5.866838
v 1.996187 0.841441 5.100381
v 1.858446 0.842247 5.197582
v 1.689170 0.841235 5.198728
v 1.551550 0.842247 5.297299
v 1.382981 0.841441 5.299623
v 2.619432 0.926397 4.306762
v 0.476642 1.070999 5.808093
v 1.978208 0.934818 5.036961
v 1.839401 0.935731 5.134910
v 1.668802 0.934579 5.136041
v 1.530120 0.935731 5.235402
v 1.360250 0.934818 5.237748
v 2.592991 1.015020 4.249342
v 0.462903 1.174852 5.743248
v 1.958320 1.024145 4.967012
v 1.818361 1.025166 5.065769
v 1.646331 1.023870 5.066883
v 1.506502 1.025166 5.167098
v 1.335224 1.024145 5.169469
v 2.564099 1.099273 4.186791
v 0.447999 1.274069 5.672571
v 1.936588 1.109033 4.890847
v 1.795405 1.110163 4.990461
v 1.621855 1.108720 4.991554
v 1.480808 1.110163 5.092679
v 1.308037 1.109033 5.095076
v 2.532846 1.178793 4.119383
v 0.432021 1.368258 5.596354
v 1.913079 1.189114 4.808809
v 1.770618 1.190357 4.909317
v 1.595482 1.188760 4.910385
v 1.453166 1.190357 5.012464
v 1.278836 1.189114 5.014887
v 2.499328 1.253236 4.047415
v 0.415074 1.457047 5.514915
v 1.887863 1.264044 4.721276
v 1.744094 1.265399 4.822701
v 1.567329 1.263645 4.823739
v 1.423712 1.265399 4.926799
v 1.247785 1.264044 4.929250
v 2.463644 1.322282 3.971210
v 0.397274 1.540085 5.428596
v 1.861016 1.333498 4.628657
v 1.715931 1.334967 4.731005
v 1.537524 1.333050 4.732007
v 1.392599 1.334967 4.836061
v 1.215065 1.333498 4.838539
v 2.425898 1.385633 3.891113
v 0.378749 1.617045 5.337761
v 1.832614 1.397178 4.531393
v 1.686232 1.398761 4.634651
v 1.506203 1.396677 4.635612
v 1.359991 1.398761 4.740652
v 1.180871 1.397178 4.743157
v 2.386197 1.443017 3.807488
v 0.359640 1.687624 5.242795
v 1.802738 1.454811 4.429949
v 1.655106 1.456510 4.534085
v 1.473511 1.454253 4.534997
v 1.326061 1.456510 4.640998
v 1.145415 1.454811 4.643527
v 2.344651 1.494188 3.720722
v 0.340095 1.751542 5.144103
v 1.771469 1.506154 4.324817
v 1.622667 1.507967 4.429776
v 1.439600 1.505534 4.430632
v 1.290993 1.507967 4.537544
v 1.108917 1.506154 4.540094
v 2.301372 1.538929 3.631215
v 0.320273 1.808548 5.042108
v 1.738892 1.550989 4.216509
v 1.589034 1.552916 4.322214
v 1.404630 1.550303 4.323004
v 1.254979 1.552916 4.430755
v 1.071610 1.550989 4.433322
v 2.256480 1.577050 3.539377
v 0.300335 1.858417 4.937246
v 1.705094 1.589132 4.105551
v 1.554328 1.591172 4.211902
v 1.368762 1.588376 4.212616
v 1.218217 1.591172 4.321110
v 1.033733 1.589132 4.323689
v 2.210095 1.608393 3.445628
v 0.280446 1.900951 4.829967
v 1.670167 1.620428 3.992477
v 1.518674 1.622578 4.099351
v 1.332164 1.619598 4.099978
v 1.180906 1.622577 4.209098
v 0.995527 1.620428 4.211681
v 2.162348 1.632831 3.350390
v 0.260768 1.935983 4.720728
v 1.634209 1.644754 3.877824
v 1.482201 1.647011 3.985076
v 1.295002 1.643847 3.985605
v 1.143245 1.647011 4.095210
v 0.957226 1.644754 4.097788
v 2.113373 1.650267 3.254081
v 0.241453 1.963374 4.609990
v 1.597320 1.662022 3.762120
v 1.445039 1.664382 3.869589
v 1.257442 1.661033 3.870005
v 1.105428 1.664382 3.979936
v 0.919061 1.662022 3.982500
v 2.063315 1.660639 3.157112
v 0.222642 1.983017 4.498217
v 1.559610 1.672175 3.645880
v 1.407322 1.674634 3.753388
v 1.219645 1.671102 3.753678
v 1.067641 1.674634 3.863758
v 0.881245 1.672175 3.866295
v 2.012330 1.663916 3.059878
v 0.204460 1.994834 4.385870
v 1.521196 1.675191 3.529598
v 1.369184 1.677743 3.636955
v 1.181767 1.674032 3.637101
v 1.030057 1.677743 3.747144
v 0.843974 1.675191 3.749640
v 1.960582 1.660106 2.962758
v 0.187008 1.998778 4.273406
v 1.482203 1.671082 3.413737
v 1.330762 1.673722 3.520748
v 1.143957 1.669836 3.520735
v 0.992836 1.673722 3.630546
v 0.807418 1.671082 3.632988
v 1.908247 1.649248 2.866110
v 0.170368 1.994834 4.161272
v 1.442764 1.659895 3.298728
v 1.292191 1.662616 3.405196
v 1.106354 1.658561 3.405006
v 0.956121 1.662616 3.514392
v 0.771725 1.659895 3.516762
v 1.855512 1.631417 2.770268
v 0.154593 1.983017 4.049908
v 1.403020 1.641712 3.184970
v 1.253608 1.644508 3.290704
v 1.069090 1.640290 3.290317
v 0.920038 1.644508 3.399087
v 0.737013 1.641712 3.401369
v 1.802572 1.606727 2.675544
v 0.139714 1.963374 3.939738
v 1.363118 1.616652 3.072822
v 1.215150 1.619516 3.177641
v 1.032282 1.615143 3.177037
v 0.884694 1.619516 3.285012
v 0.703375 1.616652 3.287186
v 1.749627 1.575329 2.582227
v 0.125742 1.935983 3.831179
v 1.323213 1.584869 2.962615
v 1.176951 1.587794 3.066350
v 0.996044 1.583274 3.065506
v 0.850183 1.587794 3.172524
v 0.670880 1.584869 3.174571
v 1.696887 1.537411 2.490585
v 0.112666 1.900951 3.724633
v 1.283462 1.546556 2.854645
v 1.139145 1.549535 2.957148
v 0.960476 1.544878 2.956040
v 0.816582 1.549535 3.061955
v 0.639576 1.546556 3.063855
v 1.644560 1.493201 2.400868
v 0.100462 1.858417 3.620487
v 1.244022 1.501944 2.749185
v 1.101860 1.504969 2.850327
v 0.925674 1.500185 2.848930
v 0.783958 1.504969 2.953620
v 0.609496 1.501944 2.955355
v 1.592854 1.442968 2.313313
v 0.089096 1.808548 3.519121
v 1.205053 1.451302 2.646488
v 1.065226 1.454366 2.746166
v 0.891727 1.449466 2.744450
v 0.752371 1.454366 2.847819
v 0.580660 1.451302 2.849366
v 1.541980 1.387021 2.228146
v 0.078527 1.751542 3.420899
v 1.166711 1.394941 2.546795
v 1.029368 1.398036 2.644925
v 0.858718 1.393031 2.642861
v 0.721873 1.398036 2.744836
v 0.553081 1.394941 2.746176
v 1.492140 1.325711 2.145584
v 0.068712 1.687624 3.326175
v 1.129150 1.333213 2.450333
v 0.994408 1.336329 2.546858
v 0.826730 1.331234 2.544413
v 0.692513 1.336329 2.644949
v 0.526768 1.333213 2.646059
v 1.443536 1.259429 2.065844
v 0.059611 1.617045 3.235289
v 1.092523 1.266508 2.357328
v 0.960466 1.269636 2.452214
v 0.795843 1.264467 2.449353
v 0.664342 1.269636 2.548430
v 0.501734 1.266508 2.549287
v 1.396366 1.188610 1.989138
v 0.051184 1.540085 3.148570
v 1.056978 1.195261 2.268007
v 0.927661 1.198388 2.361241
v 0.766137 1.193164 2.357927
v 0.637410 1.198388 2.455550
v 0.477989 1.195261 2.456131
v 1.350826 1.113726 1.915687
v 0.043398 1.457047 3.066332
v 1.022661 1.119942 2.182603
v 0.896112 1.123055 2.274195
v 0.737694 1.117801 2.270387
v 0.611769 1.123055 2.366583
v 0.455552 1.119942 2.366868
v 1.307112 1.035285 1.845719
v 0.036227 1.368258 2.988878
v 0.989722 1.041061 2.101361
v 0.865938 1.044143 2.191339
v 0.710598 1.038887 2.186996
v 0.587479 1.044143 2.281815
v 0.434447 1.041061 2.281780
v 1.265428 0.953828 1.779473
v 0.029648 1.274069 2.916492
v 0.958312 0.959155 2.024539
v 0.837264 0.962186 2.112951
v 0.684942 0.956966 2.108032
v 0.564601 0.962186 2.201544
v 0.414704 0.959155 2.201168
v 1.225983 0.869917 1.717208
v 0.023647 1.174852 2.849444
v 0.928588 0.874788 1.952422
v 0.810220 0.877743 2.039332
v 0.660822 0.872605 2.033799
v 0.543208 0.877743 2.126090
v 0.396361 0.874788 2.125353
v 1.189002 0.784125 1.659207
v 0.018213 1.070999 2.787983
v 0.900720 0.788532 1.885317
v 0.784947 0.791381 1.970809
v 0.638346 0.786381 1.964627
v 0.523377 0.791381 2.055798
v 0.379464 0.788532 2.054683
v 1.154729 0.697018 1.605778
v 0.013342 0.962919 2.732343
v 0.874890 0.700953 1.823568
v 0.761596 0.703662 1.907739
v 0.617634 0.698867 1.900882
v 0.505197 0.703662 1.991048
v 0.364066 0.700953 1.989545
v 1.123428 0.609137 1.557265
v 0.009032 0.851038 2.682734
v 0.851298 0.612593 1.767554
v 0.740333 0.615120 1.850517
v 0.598818 0.610610 1.842972
v 0.488765 0.615120 1.932257
v 0.350228 0.612593 1.930361
v 1.095387 0.520967 1.514036
v 0.005285 0.735799 2.639346
v 0.830159 0.523937 1.717686
v 0.721338 0.526237 1.799570
v 0.582043 0.522102 1.791342
v 0.474187 0.526237 1.879874
v 0.338018 0.523937 1.877592
v 1.070910 0.432912 1.476488
v 0.002103 0.617656 2.602345
v 0.811705 0.435392 1.674406
v 0.704800 0.437416 1.755352
v 0.567463 0.433753 1.746470
v 0.461576 0.437416 1.834380
v 0.327508 0.435392 1.831731
v 1.050311 0.345266 1.445028
v -0.000509 0.497076 2.571873
v 0.796173 0.347253 1.638167
v 0.690914 0.348950 1.718328
v 0.555239 0.345861 1.708850
v 0.451047 0.348950 1.796266
v 0.318774 0.347253 1.793284
v 1.033897 0.258193 1.420051
v -0.002546 0.374534 2.548049
v 0.783794 0.259684 1.609414
v 0.679871 0.261007 1.688953
v 0.545529 0.258588 1.678965
v 0.442715 0.261007 1.766010
v 0.311887 0.259684 1.762746
v 1.021945 0.171715 1.401916
v -0.004005 0.250513 2.530966
v 0.774779 0.172709 1.588546
v 0.671842 0.173617 1.667635
v 0.538476 0.171952 1.657256
v 0.436680 0.173617 1.744044
v 0.306914 0.172709 1.740564
v 1.014676 0.085722 1.390909
v -0.004881 0.125504 2.520689
v 0.769297 0.086219 1.575884
v 0.666965 0.086681 1.654701
v 0.534193 0.085832 1.644077
v 0.433023 0.086681 1.730713
v 0.303908 0.086219 1.727098
v 1.012237 0.000000 1.387219
v -0.005174 0.000000 2.517259
v 0.767456 0.000000 1.571639
v 0.665329 0.000000 1.650365
v 0.532757 0.000000 1.639657
v 0.431798 0.000000 1.726243
v 0.302902 0.000000 1.722583
v 1.014676 -0.085722 1.390909
v -0.004881 -0.125504 2.520689
v 0.769297 -0.086219 1.575884
v 0.666965 -0.086681 1.654701
v 0.534193 -0.085832 1.644077
v 0.433023 -0.086681 1.730713
v 0.303908 -0.086219 1.727098
v 1.021945 -0.171715 1.401916
v -0.004005 -0.250513 2.530966
v 0.774779 -0.172709 1.588546
v 0.671842 -0.173617 1.667635
v 0.538476 -0.171952 1.657256
v 0.436680 -0.173617 1.744044
v 0.306914 -0.172709 1.740564
v 1.033897 -0.258193 1.420051
v -0.002546 -0.374534 2.548049
v 0.783795 -0.259684 1.609414
v 0.679871 -0.261007 1.688953
v 0.545529 -0.258588 1.678965
v 0.442715 -0.261007 1.766010
v 0.311887 -0.259684 1.762746
v 1.050311 -0.345266 1.445028
v -0.000509 -0.497076 2.571873
v 0.796173 -0.347253 1.638167
v 0.690914 -0.348950 1.718328
v 0.555239 -0.345861 1.708850
v 0.451047 -0.348950 1.796266
v 0.318774 -0.347253 1.793284
v 1.070910 -0.432912 1.476488
v 0.002103 -0.617656 2.602345
v 0.811705 -0.435392 1.674406
v 0.704800 -0.437416 1.755352
v 0.567463 -0.433753 1.746470
v 0.461576 -0.437416 1.834380
v 0.327508 -0.435392 1.831731
v 1.095387 -0.520967 1.514036
v 0.005285 -0.735799 2.639346
v 0.830159 -0.523938 1.717686
v 0.721338 -0.526237 1.799570
v 0.582043 -0.522102 1.791342
v 0.474187 -0.526237 1.879874
v 0.338018 -0.523937 1.877592
v 1.123428 -0.609137 1.557265
v 0.009032 -0.851038 2.682734
v 0.851298 -0.612593 1.767554
v 0.740333 -0.615120 1.850517
v 0.598818 -0.610610 1.842972
v 0.488765 -0.615120 1.932257
v 0.350228 -0.612593 1.930361
v 1.154729 -0.697018 1.605778
v 0.013342 -0.962919 2.732343
v 0.874890 -0.700953 1.823568
v 0.761596 -0.703662 1.907739
v 0.617634 -0.698867 1.900882
v 0.505197 -0.703662 1.991048
v 0.364066 -0.700953 1.989545
v 1.189002 -0.784125 1.659207
v 0.018213 -1.070999 2.787983
v 0.900720 -0.788532 1.885317
v 0.784947 -0.791381 1.970809
v 0.638346 -0.786381 1.964627
v 0.523377 -0.791381 2.055798
v 0.379464 -0.788532 2.054683
v 1.225983 -0.869917 1.717208
v 0.023647 -1.174852 2.849444
v 0.928588 -0.874788 1.952422
v 0.810220 -0.877743 2.039332
v 0.660822 -0.872605 2.033799
v 0.543208 -0.877743 2.126090
v 0.396361 -0.874788 2.125352
v 1.265428 -0.953828 1.779473
v 0.029648 -1.274069 2.916492
v 0.958312 -0.959155 2.024539
v 0.837264 -0.962186 2.112951
v 0.684942 -0.956966 2.108032
v 0.564601 -0.962186 2.201544
v 0.414704 -0.959155 2.201168
v 1.307112 -1.035285 1.845719
v 0.036227 -1.368258 2.988878
v 0.989722 -1.041060 2.101361
v 0.865938 -1.044143 2.191339
v 0.710598 -1.038887 2.186996
v 0.587479 -1.044143 2.281815
v 0.434447 -1.041060 2.281781
v 1.350826 -1.113726 1.915687
v 0.043398 -1.457047 3.066332
v 1.022661 -1.119942 2.182603
v 0.896112 -1.123055 2.274195
v 0.737694 -1.117801 2.270387
v 0.611769 -1.123055 2.366583
v 0.455552 -1.119942 2.366868
v 1.396366 -1.188610 1.989138
v 0.051184 -1.540085 3.148570
v 1.056978 -1.195261 2.268007
v 0.927661 -1.198388 2.361241
v 0.766137 -1.193164 2.357927
v 0.637410 -1.198388 2.455550
v 0.477989 -1.195261 2.456132
v 1.443536 -1.259429 2.065844
v 0.059611 -1.617045 3.235289
v 1.092523 -1.266508 2.357327
v 0.960466 -1.269636 2.452214
v 0.795843 -1.264467 2.449353
v 0.664342 -1.269636 2.548430
v 0.501734 -1.266508 2.549287
v 1.492140 -1.325711 2.145585
v 0.068712 -1.687624 3.326175
v 1.129150 -1.333213 2.450333
v 0.994408 -1.336329 2.546858
v 0.826730 -1.331234 2.544414
v 0.692513 -1.336329 2.644950
v 0.526768 -1.333213 2.646059
v 1.541980 -1.387021 2.228146
v 0.078527 -1.751542 3.420899
v 1.166711 -1.394941 2.546795
v 1.029368 -1.398036 2.644926
v 0.858718 -1.393031 2.642862
v 0.721873 -1.398036 2.744837
v 0.553081 -1.394941 2.746176
v 1.592854 -1.442968 2.313313
v 0.089096 -1.808548 3.519121
v 1.205053 -1.451302 2.646489
v 1.065226 -1.454366 2.746166
v 0.891727 -1.449466 2.744451
v 0.752371 -1.454366 2.847819
v 0.580660 -1.451302 2.849366
v 1.644560 -1.493201 2.400868
v 0.100462 -1.858417 3.620487
v 1.244022 -1.501944 2.749185
v 1.101860 -1.504969 2.850327
v 0.925674 -1.500185 2.848930
v 0.783958 -1.504969 2.953620
v 0.609496 -1.501943 2.955355
v 1.696887 -1.537411 2.490585
v 0.112666 -1.900951 3.724633
v 1.283462 -1.546556 2.854645
v 1.139145 -1.549535 2.957148
v 0.960476 -1.544878 2.956040
v 0.816582 -1.549535 3.061955
v 0.639577 -1.546556 3.063855
v 1.749627 -1.575329 2.582227
v 0.125742 -1.935983 3.831179
v 1.323213 -1.584869 2.962615
v 1.176951 -1.587794 3.066350
v 0.996044 -1.583274 3.065506
v 0.850183 -1.587794 3.172523
v 0.670880 -1.584869 3.174571
v 1.802572 -1.606727 2.675544
v 0.139714 -1.963374 3.939738
v 1.363118 -1.616652 3.072822
v 1.215150 -1.619516 3.177640
v 1.032282 -1.615143 3.177036
v 0.884694 -1.619516 3.285012
v 0.703375 -1.616652 3.287186
v 1.855512 -1.631417 2.770268
v 0.154593 -1.983017 4.049908
v 1.403020 -1.641712 3.184970
v 1.253608 -1.644508 3.290704
v 1.069090 -1.640290 3.290317
v 0.920038 -1.644508 3.399087
v 0.737013 -1.641712 3.401369
v 1.908247 -1.649248 2.866110
v 0.170368 -1.994834 4.161272
v 1.442764 -1.659895 3.298728
v 1.292191 -1.662616 3.405196
v 1.106354 -1.658561 3.405006
v 0.956121 -1.662616 3.514392
v 0.771725 -1.659895 3.516762
v 1.960582 -1.660106 2.962758
v 0.187009 -1.998778 4.273406
v 1.482203 -1.671082 3.413737
v 1.330761 -1.673722 3.520747
v 1.143957 -1.669836 3.520735
v 0.992836 -1.673722 3.630546
v 0.807418 -1.671082 3.632988
v 2.012330 -1.663916 3.059878
v 0.204460 -1.994834 4.385870
v 1.521196 -1.675191 3.529597
v 1.369184 -1.677743 3.636955
v 1.181767 -1.674032 3.637102
v 1.030057 -1.677743 3.747144
v 0.843974 -1.675191 3.749640
v 2.063315 -1.660638 3.157111
v 0.222642 -1.983017 4.498217
v 1.559610 -1.672175 3.645880
v 1.407322 -1.674634 3.753388
v 1.219645 -1.671102 3.753678
v 1.067641 -1.674634 3.863758
v 0.881245 -1.672175 3.866294
v 2.113373 -1.650267 3.254081
v 0.241453 -1.963374 4.609990
v 1.597320 -1.662022 3.762120
v 1.445039 -1.664382 3.869589
v 1.257442 -1.661033 3.870005
v 1.105428 -1.664382 3.979935
v 0.919061 -1.662022 3.982499
v 2.162348 -1.632831 3.350390
v 0.260768 -1.935983 4.720728
v 1.634209 -1.644754 3.877824
v 1.482201 -1.647011 3.985077
v 1.295003 -1.643847 3.985605
v 1.143245 -1.647011 4.095210
v 0.957226 -1.644754 4.097788
v 2.210095 -1.608393 3.445628
v 0.280446 -1.900951 4.829967
v 1.670167 -1.620428 3.992477
v 1.518674 -1.622577 4.099350
v 1.332164 -1.619598 4.099978
v 1.180906 -1.622577 4.209098
v 0.995527 -1.620428 4.211681
v 2.256480 -1.577050 3.539377
v 0.300335 -1.858417 4.937246
v 1.705094 -1.589132 4.105551
v 1.554328 -1.591172 4.211902
v 1.368762 -1.588376 4.212615
v 1.218217 -1.591171 4.321110
v 1.033733 -1.589132 4.323689
v 2.301372 -1.538929 3.631214
v 0.320273 -1.808548 5.042108
v 1.738891 -1.550989 4.216509
v 1.589034 -1.552916 4.322214
v 1.404630 -1.550303 4.323003
v 1.254979 -1.552916 4.430755
v 1.071610 -1.550989 4.433322
v 2.344651 -1.494188 3.720722
v 0.340095 -1.751542 5.144103
v 1.771469 -1.506153 4.324817
v 1.622667 -1.507967 4.429776
v 1.439600 -1.505534 4.430632
v 1.290993 -1.507967 4.537543
v 1.108917 -1.506153 4.540093
v 2.386197 -1.443017 3.807488
v 0.359640 -1.687624 5.242795
v 1.802738 -1.454811 4.429949
v 1.655106 -1.456510 4.534085
v 1.473511 -1.454253 4.534997
v 1.326061 -1.456510 4.640998
v 1.145415 -1.454811 4.643527
v 2.425898 -1.385633 3.891113
v 0.378749 -1.617045 5.337761
v 1.832614 -1.397178 4.531393
v 1.686232 -1.398761 4.634651
v 1.506203 -1.396677 4.635612
v 1.359991 -1.398761 4.740653
v 1.180871 -1.397178 4.743156
v 2.463644 -1.322282 3.971210
v 0.397274 -1.540085 5.428596
v 1.861016 -1.333498 4.628657
v 1.715931 -1.334967 4.731005
v 1.537523 -1.333050 4.732008
v 1.392600 -1.334967 4.836062
v 1.215065 -1.333498 4.838539
v 2.499328 -1.253236 4.047415
v 0.415074 -1.457047 5.514915
v 1.887863 -1.264044 4.721276
v 1.744094 -1.265399 4.822700
v 1.567329 -1.263645 4.823739
v 1.423712 -1.265399 4.926799
v 1.247785 -1.264044 4.929250
v 2.532846 -1.178793 4.119383
v 0.432021 -1.368258 5.596354
v 1.913079 -1.189114 4.808809
v 1.770618 -1.190357 4.909317
v 1.595482 -1.188760 4.910385
v 1.453166 -1.190357 5.012464
v 1.278836 -1.189114 5.014887
v 2.564099 -1.099273 4.186791
v 0.447999 -1.274069 5.672571
v 1.936588 -1.109033 4.890847
v 1.795405 -1.110163 4.990461
v 1.621855 -1.108720 4.991554
v 1.480808 -1.110163 5.092679
v 1.308037 -1.109033 5.095076
v 2.592992 -1.015020 4.249342
v 0.462903 -1.174852 5.743248
v 1.958320 -1.024145 4.967012
v 1.818361 -1.025166 5.065769
v 1.646331 -1.023870 5.066883
v 1.506502 -1.025166 5.167098
v 1.335224 -1.024145 5.169469
v 2.619432 -0.926397 4.306762
v 0.476642 -1.070999 5.808093
v 1.978208 -0.934818 5.036961
v 1.839401 -0.935731 5.134910
v 1.668802 -0.934579 5.136042
v 1.530120 -0.935731 5.235402
v 1.360250 -0.934818 5.237748
v 2.643337 -0.833785 4.358803
v 0.489134 -0.962919 5.866838
v 1.996187 -0.841441 5.100380
v 1.858446 -0.842247 5.197582
v 1.689170 -0.841235 5.198728
v 1.551550 -0.842247 5.297299
v 1.382982 -0.841441 5.299623
v 2.664626 -0.737585 4.405245
v 0.500309 -0.851038 5.919246
v 2.012197 -0.744417 5.156991
v 1.875425 -0.745118 5.253515
v 1.707348 -0.744241 5.254673
v 1.570690 -0.745118 5.352529
v 1.403303 -0.744417 5.354833
v 2.683228 -0.638212 4.445890
v 0.510108 -0.735799 5.965100
v 2.026188 -0.644167 5.206547
v 1.890272 -0.644765 5.302471
v 1.723257 -0.644020 5.303637
v 1.587454 -0.644765 5.400862
v 1.421113 -0.644167 5.403147
v 2.699080 -0.536092 4.480569
v 0.518480 -0.617656 6.004216
v 2.038109 -0.541126 5.248837
v 1.902932 -0.541622 5.344243
v 1.736833 -0.541006 5.345417
v 1.601765 -0.541622 5.442098
v 1.436326 -0.541126 5.444368
v 2.712127 -0.431667 4.509139
v 0.525384 -0.497076 6.036436
v 2.047921 -0.435741 5.283683
v 1.913357 -0.436136 5.378659
v 1.748017 -0.435646 5.379838
v 1.613560 -0.436136 5.476069
v 1.448870 -0.435741 5.478326
v 2.722323 -0.325385 4.531481
v 0.530787 -0.374534 6.061631
v 2.055589 -0.328468 5.310935
v 1.921507 -0.328764 5.405574
v 1.756763 -0.328398 5.406757
v 1.622787 -0.328764 5.502634
v 1.458685 -0.328468 5.504881
v 2.729632 -0.217704 4.547506
v 0.534665 -0.250513 6.079700
v 2.061085 -0.219772 5.330482
v 1.927351 -0.219969 5.424878
v 1.763036 -0.219726 5.426065
v 1.629405 -0.219969 5.521687
v 1.465728 -0.219772 5.523926
v 2.734028 -0.109086 4.557147
v 0.536998 -0.125504 6.090569
v 2.064391 -0.110125 5.342243
v 1.930866 -0.110223 5.436491
v 1.766811 -0.110102 5.437680
v 1.633388 -0.110223 5.533148
v 1.469966 -0.110125 5.535384
v 5.182479 0.000000 -1.192379
v 5.958418 0.125504 -1.371376
v 5.178965 0.109086 1.191979
v 5.182479 0.000000 1.192379
v 0.467455 0.000000 -5.297295
v 0.536998 0.125504 -6.090570
v 2.734028 0.109086 -4.557147
v 2.735495 0.000000 -4.560364
v 5.947360 0.250513 -1.370236
v 5.168439 0.217704 1.190777
v 0.534665 0.250513 -6.079700
v 2.729632 0.217704 -4.547506
v 5.928977 0.374534 -1.368339
v 5.150940 0.325385 1.188777
v 0.530787 0.374534 -6.061631
v 2.722323 0.325385 -4.531481
v 5.903345 0.497076 -1.365692
v 5.126540 0.431667 1.185985
v 0.525384 0.497076 -6.036436
v 2.712127 0.431667 -4.509139
v 5.870568 0.617656 -1.362302
v 5.095336 0.536092 1.182405
v 0.518480 0.617656 -6.004216
v 2.699080 0.536092 -4.480569
v 5.830779 0.735799 -1.358177
v 5.057456 0.638212 1.178045
v 0.510108 0.735799 -5.965100
v 2.683228 0.638212 -4.445890
v 5.784142 0.851038 -1.353326
v 5.013052 0.737585 1.172913
v 0.500309 0.851038 -5.919246
v 2.664626 0.737586 -4.405245
v 5.730846 0.962919 -1.347760
v 4.962305 0.833785 1.167017
v 0.489134 0.962919 -5.866838
v 2.643337 0.833785 -4.358803
v 5.671116 1.070999 -1.341487
v 4.905423 0.926397 1.160365
v 0.476642 1.070999 -5.808093
v 2.619433 0.926397 -4.306762
v 5.605199 1.174852 -1.334515
v 4.842643 1.015020 1.152962
v 0.462903 1.174852 -5.743248
v 2.592992 1.015020 -4.249342
v 5.533376 1.274069 -1.326850
v 4.774225 1.099273 1.144813
v 0.447999 1.274069 -5.672571
v 2.564099 1.099273 -4.186791
v 5.455952 1.368258 -1.318493
v 4.700459 1.178793 1.135920
v 0.432021 1.368258 -5.596354
v 2.532846 1.178793 -4.119383
v 5.373262 1.457047 -1.309445
v 4.621656 1.253236 1.126281
v 0.415074 1.457047 -5.514915
v 2.499328 1.253236 -4.047415
v 5.285667 1.540085 -1.299700
v 4.538154 1.322282 1.115893
v 0.397274 1.540085 -5.428596
v 2.463644 1.322282 -3.971210
v 5.193553 1.617045 -1.289248
v 4.450312 1.385633 1.104746
v 0.378749 1.617045 -5.337761
v 2.425898 1.385633 -3.891112
v 5.097329 1.687624 -1.278076
v 4.358512 1.443017 1.092829
v 0.359640 1.687624 -5.242795
v 2.386197 1.443017 -3.807488
v 4.997428 1.751542 -1.266166
v 4.263155 1.494188 1.080128
v 0.340095 1.751542 -5.144103
v 2.344651 1.494188 -3.720722
v 4.894300 1.808548 -1.253500
v 4.164654 1.538929 1.066628
v 0.320273 1.808548 -5.042108
v 2.301372 1.538929 -3.631215
v 4.788409 1.858417 -1.240058
v 4.063437 1.577050 1.052312
v 0.300335 1.858417 -4.937246
v 2.256480 1.577050 -3.539377
v 4.680235 1.900951 -1.225822
v 3.959944 1.608393 1.037167
v 0.280446 1.900951 -4.829967
v 2.210095 1.608393 -3.445628
v 4.570261 1.935983 -1.210781
v 3.854612 1.632831 1.021187
v 0.260768 1.935983 -4.720728
v 2.162348 1.632831 -3.350390
v 4.458974 1.963374 -1.194930
v 3.747883 1.650267 1.004370
v 0.241453 1.963374 -4.609990
v 2.113373 1.650267 -3.254081
v 4.346859 1.983017 -1.178281
v 3.640191 1.660639 0.986728
v 0.222642 1.983017 -4.498217
v 2.063315 1.660639 -3.157111
v 4.234392 1.994834 -1.160856
v 3.531960 1.663916 0.968285
v 0.204460 1.994834 -4.385870
v 2.012330 1.663917 -3.059877
v 4.122040 1.998778 -1.142700
v 3.423604 1.660106 0.949082
v 0.187009 1.998778 -4.273406
v 1.960582 1.660106 -2.962758
v 4.010251 1.994834 -1.123875
v 3.315512 1.649248 0.929174
v 0.170368 1.994834 -4.161272
v 1.908248 1.649248 -2.866110
v 3.899463 1.983017 -1.104465
v 3.208066 1.631417 0.908637
v 0.154593 1.983017 -4.049908
v 1.855512 1.631417 -2.770268
v 3.790088 1.963374 -1.084571
v 3.101619 1.606728 0.887559
v 0.139714 1.963374 -3.939738
v 1.802572 1.606728 -2.675544
v 3.682525 1.935983 -1.064313
v 2.996509 1.575329 0.866042
v 0.125742 1.935983 -3.831179
v 1.749628 1.575329 -2.582227
v 3.577152 1.900951 -1.043824
v 2.893054 1.537411 0.844202
v 0.112666 1.900951 -3.724633
v 1.696887 1.537411 -2.490585
v 3.474333 1.858417 -1.023248
v 2.791558 1.493201 0.822160
v 0.100462 1.858417 -3.620487
v 1.644560 1.493201 -2.400868
v 3.374416 1.808548 -1.002734
v 2.692311 1.442968 0.800041
v 0.089096 1.808548 -3.519121
v 1.592855 1.442968 -2.313313
v 3.277735 1.751542 -0.982433
v 2.595591 1.387021 0.777975
v 0.078527 1.751542 -3.420899
v 1.541980 1.387021 -2.228146
v 3.184614 1.687624 -0.962496
v 2.501669 1.325711 0.756087
v 0.068712 1.687624 -3.326175
v 1.492140 1.325711 -2.145585
v 3.095364 1.617045 -0.943066
v 2.410811 1.259429 0.734504
v 0.059611 1.617045 -3.235289
v 1.443536 1.259429 -2.065843
v 3.010285 1.540085 -0.924283
v 2.323284 1.188610 0.713345
v 0.051184 1.540085 -3.148570
v 1.396366 1.188610 -1.989138
v 2.929667 1.457047 -0.906275
v 2.239356 1.113726 0.692731
v 0.043398 1.457047 -3.066332
v 1.350826 1.113726 -1.915687
v 2.853787 1.368258 -0.889161
v 2.159303 1.035285 0.672779
v 0.036227 1.368258 -2.988878
v 1.307112 1.035285 -1.845719
v 2.782911 1.274069 -0.873049
v 2.083418 0.953828 0.653606
v 0.029648 1.274069 -2.916492
v 1.265428 0.953828 -1.779473
v 2.717289 1.174852 -0.858037
v 2.012012 0.869917 0.635332
v 0.023647 1.174852 -2.849444
v 1.225983 0.869917 -1.717208
v 2.657158 1.070999 -0.844213
v 1.945421 0.784125 0.618085
v 0.018213 1.070999 -2.787983
v 1.189003 0.784125 -1.659207
v 2.602736 0.962919 -0.831652
v 1.884017 0.697019 0.602000
v 0.013342 0.962919 -2.732343
v 1.154729 0.697019 -1.605778
v 2.554223 0.851038 -0.820421
v 1.828205 0.609137 0.587223
v 0.009032 0.851038 -2.682734
v 1.123429 0.609137 -1.557265
v 2.511801 0.735799 -0.810577
v 1.778427 0.520967 0.573912
v 0.005285 0.735799 -2.639346
v 1.095387 0.520967 -1.514036
v 2.475627 0.617656 -0.802169
v 1.735153 0.432912 0.562236
v 0.002103 0.617656 -2.602345
v 1.070910 0.432912 -1.476488
v 2.445840 0.497076 -0.795237
v 1.698867 0.345266 0.552367
v -0.000509 0.497076 -2.571873
v 1.050312 0.345266 -1.445028
v 2.422553 0.374534 -0.789813
v 1.670040 0.258193 0.544475
v -0.002546 0.374534 -2.548049
v 1.033898 0.258193 -1.420051
v 2.405854 0.250513 -0.785921
v 1.649099 0.171715 0.538712
v -0.004005 0.250513 -2.530966
v 1.021945 0.171715 -1.401916
v 2.395810 0.125504 -0.783579
v 1.636385 0.085722 0.535200
v -0.004881 0.125504 -2.520689
v 1.014677 0.085722 -1.390909
v 2.392457 0.000000 -0.782797
v 1.632122 0.000000 0.534020
v -0.005174 0.000000 -2.517259
v 1.012237 0.000000 -1.387219
v 2.395810 -0.125504 -0.783579
v 1.636385 -0.085722 0.535200
v -0.004881 -0.125504 -2.520689
v 1.014677 -0.085722 -1.390909
v 2.405854 -0.250513 -0.785921
v 1.649099 -0.171715 0.538712
v -0.004005 -0.250513 -2.530966
v 1.021945 -0.171715 -1.401916
v 2.422553 -0.374534 -0.789813
v 1.670040 -0.258193 0.544475
v -0.002546 -0.374534 -2.548049
v 1.033898 -0.258193 -1.420051
v 2.445840 -0.497076 -0.795237
v 1.698867 -0.345266 0.552367
v -0.000509 -0.497076 -2.571873
v 1.050311 -0.345266 -1.445028
v 2.475627 -0.617656 -0.802169
v 1.735153 -0.432912 0.562236
v 0.002103 -0.617656 -2.602345
v 1.070910 -0.432912 -1.476488
v 2.511801 -0.735799 -0.810577
v 1.778427 -0.520967 0.573912
v 0.005285 -0.735799 -2.639346
v 1.095387 -0.520967 -1.514036
v 2.554223 -0.851038 -0.820421
v 1.828205 -0.609137 0.587223
v 0.009032 -0.851038 -2.682734
v 1.123429 -0.609137 -1.557265
v 2.602736 -0.962919 -0.831652
v 1.884017 -0.697019 0.602000
v 0.013342 -0.962919 -2.732343
v 1.154729 -0.697019 -1.605778
v 2.657158 -1.070999 -0.844213
v 1.945421 -0.784125 0.618085
v 0.018213 -1.070999 -2.787983
v 1.189003 -0.784125 -1.659207
v 2.717289 -1.174852 -0.858037
v 2.012012 -0.869917 0.635332
v 0.023647 -1.174852 -2.849444
v 1.225983 -0.869917 -1.717208
v 2.782911 -1.274069 -0.873049
v 2.083418 -0.953828 0.653606
v 0.029648 -1.274069 -2.916492
v 1.265428 -0.953828 -1.779473
v 2.853787 -1.368258 -0.889161
v 2.159303 -1.035285 0.672779
v 0.036227 -1.368258 -2.988878
v 1.307113 -1.035285 -1.845719
v 2.929667 -1.457047 -0.906275
v 2.239356 -1.113726 0.692731
v 0.043398 -1.457047 -3.066332
v 1.350826 -1.113726 -1.915687
v 3.010285 -1.540085 -0.924283
v 2.323284 -1.188610 0.713345
v 0.051184 -1.540085 -3.148570
v 1.396366 -1.188610 -1.989138
v 3.095364 -1.617045 -0.943066
v 2.410811 -1.259429 0.734504
v 0.059611 -1.617045 -3.235289
v 1.443536 -1.259429 -2.065843
v 3.184614 -1.687624 -0.962496
v 2.501669 -1.325711 0.756087
v 0.068712 -1.687624 -3.326175
v 1.492140 -1.325711 -2.145584
v 3.277735 -1.751542 -0.982433
v 2.595591 -1.387021 0.777975
v 0.078527 -1.751542 -3.420899
v 1.541980 -1.387021 -2.228146
v 3.374416 -1.808548 -1.002734
v 2.692311 -1.442968 0.800041
v 0.089096 -1.808548 -3.519121
v 1.592855 -1.442968 -2.313313
v 3.474333 -1.858417 -1.023248
v 2.791558 -1.493201 0.822160
v 0.100462 -1.858417 -3.620487
v 1.644560 -1.493201 -2.400868
v 3.577152 -1.900951 -1.043824
v 2.893054 -1.537411 0.844202
v 0.112666 -1.900951 -3.724633
v 1.696887 -1.537411 -2.490585
v 3.682525 -1.935983 -1.064313
v 2.996509 -1.575329 0.866042
v 0.125742 -1.935983 -3.831179
v 1.749628 -1.575329 -2.582227
v 3.790088 -1.963374 -1.084571
v 3.101619 -1.606727 0.887559
v 0.139714 -1.963374 -3.939738
v 1.802572 -1.606728 -2.675544
v 3.899463 -1.983017 -1.104465
v 3.208066 -1.631417 0.908637
v 0.154593 -1.983017 -4.049908
v 1.855512 -1.631417 -2.770268
v 4.010251 -1.994834 -1.123875
v 3.315512 -1.649248 0.929174
v 0.170368 -1.994834 -4.161272
v 1.908248 -1.649248 -2.866110
v 4.122040 -1.998778 -1.142700
v 3.423604 -1.660106 0.949082
v 0.187008 -1.998778 -4.273406
v 1.960582 -1.660106 -2.962758
v 4.234392 -1.994834 -1.160856
v 3.531960 -1.663916 0.968285
v 0.204460 -1.994834 -4.385870
v 2.012330 -1.663917 -3.059877
v 4.346859 -1.983017 -1.178281
v 3.640191 -1.660638 0.986728
v 0.222642 -1.983017 -4.498217
v 2.063315 -1.660638 -3.157111
v 4.458974 -1.963374 -1.194930
v 3.747883 -1.650267 1.004370
v 0.241453 -1.963374 -4.609990
v 2.113373 -1.650267 -3.254081
v 4.570261 -1.935983 -1.210781
v 3.854612 -1.632831 1.021187
v 0.260768 -1.935983 -4.720728
v 2.162348 -1.632831 -3.350390
v 4.680235 -1.900951 -1.225822
v 3.959944 -1.608393 1.037167
v 0.280446 -1.900951 -4.829967
v 2.210095 -1.608393 -3.445628
v 4.788409 -1.858417 -1.240058
v 4.063437 -1.577050 1.052312
v 0.300335 -1.858417 -4.937246
v 2.256480 -1.577050 -3.539377
v 4.894300 -1.808548 -1.253500
v 4.164653 -1.538929 1.066628
v 0.320273 -1.808548 -5.042108
v 2.301372 -1.538929 -3.631214
v 4.997428 -1.751542 -1.266166
v 4.263155 -1.494188 1.080128
v 0.340095 -1.751542 -5.144103
v 2.344651 -1.494188 -3.720722
v 5.097329 -1.687624 -1.278076
v 4.358512 -1.443017 1.092829
v 0.359640 -1.687624 -5.242795
v 2.386197 -1.443017 -3.807488
v 5.193553 -1.617045 -1.289248
v 4.450312 -1.385633 1.104746
v 0.378749 -1.617045 -5.337761
v 2.425898 -1.385633 -3.891112
v 5.285667 -1.540085 -1.299700
v 4.538153 -1.322282 1.115893
v 0.397274 -1.540085 -5.428596
v 2.463644 -1.322282 -3.971210
v 5.373262 -1.457047 -1.309445
v 4.621656 -1.253236 1.126281
v 0.415074 -1.457047 -5.514915
v 2.499328 -1.253236 -4.047415
v 5.455952 -1.368258 -1.318493
v 4.700459 -1.178793 1.135920
v 0.432021 -1.368258 -5.596354
v 2.532846 -1.178793 -4.119383
v 5.533376 -1.274069 -1.326850
v 4.774225 -1.099273 1.144813
v 0.447999 -1.274069 -5.672571
v 2.564099 -1.099273 -4.186791
v 5.605199 -1.174852 -1.334515
v 4.842643 -1.015020 1.152962
v 0.462903 -1.174852 -5.743248
v 2.592992 -1.015020 -4.249342
v 5.671116 -1.070999 -1.341487
v 4.905423 -0.926397 1.160365
v 0.476642 -1.070999 -5.808093
v 2.619433 -0.926397 -4.306762
v 5.730846 -0.962919 -1.347760
v 4.962305 -0.833785 1.167017
v 0.489134 -0.962919 -5.866838
v 2.643337 -0.833785 -4.358803
v 5.784142 -0.851038 -1.353326
v 5.013052 -0.737585 1.172913
v 0.500309 -0.851038 -5.919246
v 2.664626 -0.737585 -4.405245
v 5.830779 -0.735799 -1.358177
v 5.057456 -0.638212 1.178045
v 0.510108 -0.735799 -5.965100
v 2.683228 -0.638212 -4.445890
v 5.870568 -0.617656 -1.362302
v 5.095336 -0.536092 1.182405
v 0.518480 -0.617656 -6.004216
v 2.699080 -0.536092 -4.480569
v 5.903345 -0.497076 -1.365692
v 5.126540 -0.431667 1.185985
v 0.525384 -0.497076 -6.036436
v 2.712127 -0.431667 -4.509139
v 5.928977 -0.374534 -1.368339
v 5.150940 -0.325385 1.188777
v 0.530787 -0.374534 -6.061631
v 2.722323 -0.325385 -4.531481
v 5.947359 -0.250513 -1.370236
v 5.168438 -0.217704 1.190777
v 0.534665 -0.250513 -6.079700
v 2.729632 -0.217704 -4.547506
v 5.958418 -0.125504 -1.371376
v 5.178965 -0.109086 1.191979
v 0.536998 -0.125504 -6.090569
v 2.734028 -0.109086 -4.557147
v -4.893578 0.000000 -2.081528
v -5.626537 0.125504 -2.392803
v -3.489244 0.109086 -4.008449
v -3.491851 0.000000 -4.010839
v -5.616920 0.250513 -2.387225
v -3.481434 0.217704 -4.001288
v -5.600934 0.374534 -2.377954
v -3.468452 0.325385 -3.989386
v -5.578641 0.497076 -2.365030
v -3.450354 0.431667 -3.972784
v -5.550132 0.617656 -2.348507
v -3.427214 0.536092 -3.951548
v -5.515517 0.735799 -2.328457
v -3.399131 0.638212 -3.925755
v -5.474935 0.851038 -2.304968
v -3.366223 0.737585 -3.895503
v -5.428547 0.962919 -2.278145
v -3.328634 0.833785 -3.860904
v -5.376537 1.070999 -2.248111
v -3.286526 0.926397 -3.822089
v -5.319111 1.174852 -2.215007
v -3.240087 1.015020 -3.779199
v -5.256499 1.274069 -2.178991
v -3.189526 1.099273 -3.732391
v -5.188950 1.368258 -2.140244
v -3.135075 1.178793 -3.681837
v -5.116734 1.457047 -2.098960
v -3.076987 1.253236 -3.627720
v -5.040140 1.540085 -2.055357
v -3.015538 1.322282 -3.570234
v -4.959475 1.617045 -2.009669
v -2.951025 1.385633 -3.509584
v -4.875061 1.687624 -1.962149
v -2.883762 1.443017 -3.445985
v -4.787239 1.751542 -1.913064
v -2.814081 1.494188 -3.379660
v -4.696362 1.808548 -1.862693
v -2.742328 1.538929 -3.310841
v -4.602794 1.858417 -1.811327
v -2.668858 1.577050 -3.239766
v -4.506911 1.900951 -1.759261
v -2.594030 1.608393 -3.166681
v -4.409099 1.935983 -1.706789
v -2.518209 1.632831 -3.091841
v -4.309749 1.963374 -1.654199
v -2.441748 1.650267 -3.015502
v -4.209259 1.983017 -1.601770
v -2.364993 1.660639 -2.937929
v -4.108030 1.994834 -1.549760
v -2.288273 1.663916 -2.859392
v -4.006463 1.998778 -1.498410
v -2.211898 1.660106 -2.780166
v -3.904960 1.994834 -1.447932
v -2.136152 1.649248 -2.700526
v -3.803921 1.983017 -1.398515
v -2.061297 1.631417 -2.620756
v -3.703741 1.963374 -1.350321
v -1.987569 1.606728 -2.541135
v -3.604813 1.935983 -1.303486
v -1.915180 1.575329 -2.461946
v -3.507522 1.900951 -1.258125
v -1.844321 1.537411 -2.383467
v -3.412245 1.858417 -1.214336
v -1.775165 1.493201 -2.305977
v -3.319353 1.808548 -1.172202
v -1.707873 1.442968 -2.229747
v -3.229204 1.751542 -1.131799
v -1.642596 1.387021 -2.155044
v -3.142148 1.687624 -1.093193
v -1.579476 1.325711 -2.082131
v -3.058523 1.617045 -1.056452
v -1.518657 1.259429 -2.011264
v -2.978652 1.540085 -1.021640
v -1.460283 1.188610 -1.942699
v -2.902846 1.457047 -0.988822
v -1.404500 1.113726 -1.876691
v -2.831398 1.368258 -0.958067
v -1.351464 1.035285 -1.813495
v -2.764588 1.274069 -0.929442
v -1.301341 0.953828 -1.753380
v -2.702676 1.174852 -0.903015
v -1.254313 0.869917 -1.696625
v -2.645903 1.070999 -0.878855
v -1.210578 0.784125 -1.643531
v -2.594491 0.962919 -0.857029
v -1.170356 0.697019 -1.594425
v -2.548642 0.851038 -0.837600
v -1.133889 0.609137 -1.549664
v -2.508535 0.735799 -0.820628
v -1.101441 0.520967 -1.509637
v -2.474328 0.617656 -0.806168
v -1.073295 0.432912 -1.474755
v -2.446155 0.497076 -0.794268
v -1.049739 0.345266 -1.445442
v -2.424127 0.374534 -0.784968
v -1.031057 0.258193 -1.422114
v -2.408330 0.250513 -0.778302
v -1.017503 0.171715 -1.405142
v -2.398828 0.125504 -0.774292
v -1.009281 0.085722 -1.394828
v -2.395656 0.000000 -0.772954
v -1.006526 0.000000 -1.391368
v -2.398827 -0.125504 -0.774292
v -1.009281 -0.085722 -1.394828
v -2.408330 -0.250513 -0.778302
v -1.017503 -0.171715 -1.405142
v -2.424127 -0.374534 -0.784968
v -1.031057 -0.258193 -1.422114
v -2.446155 -0.497076 -0.794268
v -1.049739 -0.345266 -1.445442
v -2.474328 -0.617656 -0.806168
v -1.073295 -0.432912 -1.474755
v -2.508535 -0.735799 -0.820628
v -1.101441 -0.520967 -1.509637
v -2.548642 -0.851038 -0.837600
v -1.133889 -0.609137 -1.549664
v -2.594491 -0.962919 -0.857029
v -1.170356 -0.697019 -1.594425
v -2.645903 -1.070999 -0.878855
v -1.210578 -0.784125 -1.643531
v -2.702676 -1.174852 -0.903015
v -1.254313 -0.869917 -1.696625
v -2.764588 -1.274069 -0.929442
v -1.301341 -0.953828 -1.753380
v -2.831398 -1.368258 -0.958067
v -1.351464 -1.035285 -1.813495
v -2.902846 -1.457047 -0.988822
v -1.404500 -1.113726 -1.876691
v -2.978652 -1.540085 -1.021640
v -1.460283 -1.188610 -1.942699
v -3.058523 -1.617045 -1.056452
v -1.518657 -1.259429 -2.011264
v -3.142148 -1.687624 -1.093193
v -1.579476 -1.325711 -2.082131
v -3.229204 -1.751542 -1.131799
v -1.642596 -1.387021 -2.155044
v -3.319353 -1.808548 -1.172202
v -1.707873 -1.442968 -2.229747
v -3.412245 -1.858417 -1.214336
v -1.775165 -1.493201 -2.305977
v -3.507522 -1.900951 -1.258125
v -1.844321 -1.537411 -2.383467
v -3.604813 -1.935983 -1.303486
v -1.915180 -1.575329 -2.461946
v -3.703741 -1.963374 -1.350321
v -1.987569 -1.606727 -2.541135
v -3.803921 -1.983017 -1.398515
v -2.061297 -1.631417 -2.620756
v -3.904959 -1.994834 -1.447932
v -2.136152 -1.649248 -2.700526
v -4.006463 -1.998778 -1.498410
v -2.211898 -1.660106 -2.780166
v -4.108030 -1.994834 -1.549760
v -2.288273 -1.663916 -2.859392
v -4.209260 -1.983017 -1.601770
v -2.364993 -1.660638 -2.937929
v -4.309749 -1.963374 -1.654199
v -2.441748 -1.650267 -3.015502
v -4.409099 -1.935983 -1.706789
v -2.518209 -1.632831 -3.091841
v -4.506911 -1.900951 -1.759261
v -2.594030 -1.608393 -3.166682
v -4.602794 -1.858417 -1.811327
v -2.668858 -1.577050 -3.239766
v -4.696362 -1.808548 -1.862693
v -2.742328 -1.538929 -3.310840
v -4.787239 -1.751542 -1.913064
v -2.814081 -1.494188 -3.379660
v -4.875061 -1.687624 -1.962149
v -2.883763 -1.443017 -3.445984
v -4.959475 -1.617045 -2.009669
v -2.951025 -1.385633 -3.509584
v -5.040139 -1.540085 -2.055357
v -3.015538 -1.322282 -3.570234
v -5.116734 -1.457047 -2.098960
v -3.076987 -1.253236 -3.627720
v -5.188950 -1.368258 -2.140243
v -3.135075 -1.178793 -3.681837
v -5.256499 -1.274069 -2.178991
v -3.189526 -1.099273 -3.732391
v -5.319111 -1.174852 -2.215007
v -3.240087 -1.015020 -3.779199
v -5.376537 -1.070999 -2.248111
v -3.286526 -0.926397 -3.822089
v -5.428547 -0.962919 -2.278145
v -3.328634 -0.833785 -3.860904
v -5.474935 -0.851038 -2.304968
v -3.366223 -0.737585 -3.895503
v -5.515517 -0.735799 -2.328457
v -3.399131 -0.638212 -3.925755
v -5.550132 -0.617656 -2.348507
v -3.427214 -0.536092 -3.951548
v -5.578641 -0.497076 -2.365030
v -3.450354 -0.431667 -3.972784
v -5.600934 -0.374534 -2.377954
v -3.468452 -0.325385 -3.989386
v -5.616920 -0.250513 -2.387225
v -3.481434 -0.217704 -4.001288
v -5.626537 -0.125504 -2.392803
v -3.489244 -0.109086 -4.008449
v -3.491851 0.000000 4.010839
v -4.014388 0.125504 4.611735
v -4.890500 0.109086 2.079788
v -4.893578 0.000000 2.081529
v -4.006111 0.250513 4.604312
v -4.881276 0.217704 2.074572
v -3.992354 0.374534 4.591973
v -4.865945 0.325385 2.065904
v -3.973173 0.497076 4.574766
v -4.844563 0.431667 2.053822
v -3.948649 0.617656 4.552757
v -4.817215 0.536092 2.038378
v -3.918884 0.735799 4.526033
v -4.784006 0.638212 2.019639
v -3.884004 0.851038 4.494695
v -4.745066 0.737585 1.997690
v -3.844160 0.962919 4.458866
v -4.700545 0.833785 1.972632
v -3.799523 1.070999 4.418683
v -4.650618 0.926397 1.944580
v -3.750294 1.174852 4.374298
v -4.595475 1.015020 1.913667
v -3.696693 1.274069 4.325879
v -4.535335 1.099273 1.880045
v -3.638968 1.368258 4.273610
v -4.470429 1.178793 1.843881
v -3.577388 1.457047 4.217686
v -4.401010 1.253236 1.805359
v -3.512251 1.540085 4.158315
v -4.327350 1.322282 1.764683
v -3.443872 1.617045 4.095716
v -4.249732 1.385633 1.722069
v -3.372592 1.687624 4.030118
v -4.168460 1.443017 1.677751
v -3.298771 1.751542 3.961763
v -4.083848 1.494188 1.631976
v -3.222783 1.808548 3.890899
v -3.996224 1.538929 1.585001
v -3.145017 1.858417 3.817783
v -3.905925 1.577050 1.537090
v -3.065870 1.900951 3.742683
v -3.813294 1.608393 1.488510
v -2.985740 1.935983 3.665874
v -3.718686 1.632831 1.439526
v -2.905024 1.963374 3.587637
v -3.622456 1.650267 1.390398
v -2.824107 1.983017 3.508268
v -3.524961 1.660639 1.341370
v -2.743361 1.994834 3.428064
v -3.426561 1.663917 1.292675
v -2.663138 1.998778 3.347337
v -3.327610 1.660106 1.244520
v -2.583765 1.994834 3.266399
v -3.228462 1.649248 1.197091
v -2.505544 1.983017 3.185576
v -3.129465 1.631417 1.150551
v -2.428751 1.963374 3.105193
v -3.030957 1.606728 1.105036
v -2.353638 1.935983 3.025580
v -2.933274 1.575329 1.060660
v -2.280433 1.900951 2.947067
v -2.836740 1.537411 1.017520
v -2.209345 1.858417 2.869986
v -2.741672 1.493201 0.975695
v -2.140568 1.808548 2.794660
v -2.648378 1.442968 0.935253
v -2.074284 1.751542 2.721409
v -2.557159 1.387021 0.896255
v -2.010666 1.687624 2.650544
v -2.468310 1.325711 0.858756
v -1.949882 1.617045 2.582365
v -2.382118 1.259429 0.822813
v -1.892092 1.540085 2.517161
v -2.298870 1.188610 0.788483
v -1.837456 1.457047 2.455206
v -2.218854 1.113726 0.755828
v -1.786127 1.368258 2.396760
v -2.142363 1.035285 0.724917
v -1.738257 1.274069 2.342065
v -2.069701 0.953828 0.695824
v -1.693992 1.174852 2.291349
v -2.001191 0.869917 0.668636
v -1.653471 1.070999 2.244820
v -1.937181 0.784125 0.643449
v -1.616826 0.962919 2.202670
v -1.878049 0.697019 0.620369
v -1.584179 0.851038 2.165068
v -1.824210 0.609137 0.599519
v -1.555645 0.735799 2.132169
v -1.776115 0.520967 0.581029
v -1.531322 0.617656 2.104105
v -1.734243 0.432912 0.565039
v -1.511298 0.497076 2.080988
v -1.699086 0.345266 0.551694
v -1.495646 0.374534 2.062912
v -1.671126 0.258193 0.541136
v -1.484425 0.250513 2.049948
v -1.650796 0.171715 0.533489
v -1.477675 0.125504 2.042150
v -1.638447 0.085722 0.528857
v -1.475422 0.000000 2.039546
v -1.634304 0.000000 0.527306
v -1.477675 -0.125504 2.042150
v -1.638447 -0.085722 0.528857
v -1.484425 -0.250513 2.049948
v -1.650796 -0.171715 0.533489
v -1.495646 -0.374534 2.062912
v -1.671126 -0.258193 0.541136
v -1.511298 -0.497076 2.080988
v -1.699086 -0.345266 0.551695
v -1.531322 -0.617656 2.104105
v -1.734243 -0.432912 0.565039
v -1.555645 -0.735799 2.132169
v -1.776115 -0.520967 0.581029
v -1.584179 -0.851038 2.165068
v -1.824210 -0.609137 0.599519
v -1.616826 -0.962919 2.202670
v -1.878049 -0.697019 0.620369
v -1.653471 -1.070999 2.244820
v -1.937181 -0.784125 0.643449
v -1.693992 -1.174852 2.291349
v -2.001191 -0.869917 0.668636
v -1.738257 -1.274069 2.342065
v -2.069701 -0.953828 0.695824
v -1.786127 -1.368258 2.396760
v -2.142363 -1.035285 0.724917
v -1.837456 -1.457047 2.455206
v -2.218854 -1.113726 0.755828
v -1.892092 -1.540085 2.517161
v -2.298870 -1.188610 0.788483
v -1.949882 -1.617045 2.582365
v -2.382118 -1.259429 0.822813
v -2.010666 -1.687624 2.650544
v -2.468310 -1.325711 0.858756
v -2.074284 -1.751542 2.721409
v -2.557159 -1.387021 0.896255
v -2.140568 -1.808548 2.794660
v -2.648378 -1.442968 0.935253
v -2.209345 -1.858417 2.869986
v -2.741672 -1.493201 0.975695
v -2.280433 -1.900951 2.947068
v -2.836740 -1.537411 1.017520
v -2.353638 -1.935983 3.025580
v -2.933274 -1.575329 1.060660
v -2.428751 -1.963374 3.105193
v -3.030957 -1.606727 1.105036
v -2.505544 -1.983017 3.185576
v -3.129465 -1.631417 1.150551
v -2.583765 -1.994834 3.266399
v -3.228462 -1.649248 1.197091
v -2.663138 -1.998778 3.347337
v -3.327610 -1.660106 1.244520
v -2.743361 -1.994834 3.428064
v -3.426561 -1.663917 1.292675
v -2.824107 -1.983017 3.508268
v -3.524961 -1.660638 1.341370
v -2.905024 -1.963374 3.587637
v -3.622456 -1.650267 1.390398
v -2.985740 -1.935983 3.665873
v -3.718686 -1.632831 1.439526
v -3.065870 -1.900951 3.742683
v -3.813294 -1.608393 1.488510
v -3.145017 -1.858417 3.817783
v -3.905925 -1.577050 1.537090
v -3.222783 -1.808548 3.890899
v -3.996224 -1.538929 1.585001
v -3.298771 -1.751542 3.961763
v -4.083848 -1.494188 1.631976
v -3.372593 -1.687624 4.030118
v -4.168460 -1.443017 1.677751
v -3.443872 -1.617045 4.095716
v -4.249732 -1.385633 1.722069
v -3.512251 -1.540085 4.158315
v -4.327349 -1.322282 1.764683
v -3.577388 -1.457047 4.217686
v -4.401010 -1.253236 1.805359
v -3.638968 -1.368258 4.273610
v -4.470429 -1.178793 1.843881
v -3.696693 -1.274069 4.325879
v -4.535335 -1.099273 1.880045
v -3.750294 -1.174852 4.374298
v -4.595475 -1.015020 1.913667
v -3.799523 -1.070999 4.418683
v -4.650618 -0.926397 1.944580
v -3.844160 -0.962919 4.458866
v -4.700545 -0.833785 1.972632
v -3.884004 -0.851038 4.494696
v -4.745066 -0.737585 1.997690
v -3.918884 -0.735799 4.526033
v -4.784006 -0.638212 2.019639
v -3.948649 -0.617656 4.552757
v -4.817215 -0.536092 2.038378
v -3.973173 -0.497076 4.574766
v -4.844563 -0.431667 2.053822
v -3.992354 -0.374534 4.591973
v -4.865945 -0.325385 2.065904
v -4.006111 -0.250513 4.604312
v -4.881276 -0.217704 2.074572
v -4.014388 -0.125504 4.611735
v -4.890500 -0.109086 2.079788
v 2.735495 0.000000 4.560364
v 3.145509 0.125504 5.243014
v 0.466750 0.109086 5.293829
v 0.467455 0.000000 5.297295
v 3.141007 0.250513 5.232848
v 0.464640 0.217704 5.283446
v 3.133523 0.374534 5.215951
v 0.461134 0.325385 5.266186
v 3.123085 0.497076 5.192392
v 0.456250 0.431667 5.242117
v 3.109732 0.617656 5.162267
v 0.450013 0.536092 5.211335
v 3.093514 0.735799 5.125701
v 0.442453 0.638212 5.173962
v 3.074489 0.851038 5.082844
v 0.433612 0.737585 5.130145
v 3.052726 0.962919 5.033877
v 0.423538 0.833785 5.080059
v 3.028302 1.070999 4.979009
v 0.412287 0.926397 5.023906
v 3.001302 1.174852 4.918473
v 0.399928 1.015020 4.961911
v 2.971817 1.274069 4.852533
v 0.386536 1.099273 4.894324
v 2.939945 1.368258 4.781481
v 0.372198 1.178793 4.821419
v 2.905787 1.457047 4.705635
v 0.357014 1.253236 4.743495
v 2.869450 1.540085 4.625339
v 0.341090 1.322282 4.660869
v 2.831044 1.617045 4.540962
v 0.324547 1.385633 4.573883
v 2.790684 1.687624 4.452900
v 0.307513 1.443017 4.482894
v 2.748487 1.751542 4.361569
v 0.290125 1.494187 4.388278
v 2.704572 1.808548 4.267403
v 0.272526 1.538928 4.290426
v 2.659066 1.858417 4.170849
v 0.254864 1.577050 4.189741
v 2.612099 1.900951 4.072368
v 0.237286 1.608393 4.086632
v 2.563810 1.935983 3.972424
v 0.219935 1.632831 3.981518
v 2.514346 1.963374 3.871482
v 0.202947 1.650267 3.874815
v 2.463866 1.983017 3.770000
v 0.186447 1.660638 3.766943
v 2.412540 1.994834 3.668422
v 0.170543 1.663916 3.658310
v 2.360553 1.998778 3.567179
v 0.155322 1.660106 3.549322
v 2.308105 1.994834 3.466679
v 0.140853 1.649248 3.440371
v 2.255409 1.983017 3.367311
v 0.127182 1.631417 3.331837
v 2.202690 1.963374 3.269437
v 0.114335 1.606727 3.224085
v 2.150185 1.935983 3.173398
v 0.102317 1.575329 3.117470
v 2.098137 1.900951 3.079514
v 0.091119 1.537411 3.012331
v 2.046795 1.858417 2.988086
v 0.080719 1.493201 2.908991
v 1.996409 1.808548 2.899398
v 0.071086 1.442968 2.807766
v 1.947226 1.751542 2.813722
v 0.062184 1.387021 2.708961
v 1.899488 1.687624 2.731320
v 0.053977 1.325711 2.612872
v 1.853430 1.617045 2.652442
v 0.046428 1.259429 2.519791
v 1.809275 1.540085 2.577332
v 0.039503 1.188610 2.430010
v 1.767236 1.457047 2.506224
v 0.033173 1.113725 2.343819
v 1.727511 1.368258 2.439347
v 0.027411 1.035285 2.261519
v 1.690286 1.274069 2.376918
v 0.022196 0.953828 2.183424
v 1.655731 1.174852 2.319148
v 0.017509 0.869917 2.109865
v 1.624002 1.070999 2.266232
v 0.013335 0.784125 2.041204
v 1.595238 0.962919 2.218354
v 0.009658 0.697018 1.977834
v 1.569565 0.851038 2.175687
v 0.006465 0.609137 1.920188
v 1.547094 0.735799 2.138382
v 0.003742 0.520967 1.868733
v 1.527919 0.617656 2.106577
v 0.001474 0.432912 1.823969
v 1.512121 0.497076 2.080390
v -0.000353 0.345266 1.786409
v 1.499767 0.374534 2.059919
v -0.001755 0.258193 1.756554
v 1.490905 0.250513 2.045241
v -0.002745 0.171715 1.734858
v 1.485574 0.125504 2.036411
v -0.003334 0.085722 1.721680
v 1.483795 0.000000 2.033464
v -0.003530 0.000000 1.717261
v 1.485574 -0.125504 2.036411
v -0.003334 -0.085722 1.721680
v 1.490905 -0.250513 2.045241
v -0.002745 -0.171715 1.734858
v 1.499767 -0.374534 2.059919
v -0.001755 -0.258193 1.756554
v 1.512122 -0.497076 2.080390
v -0.000353 -0.345266 1.786409
v 1.527919 -0.617656 2.106577
v 0.001474 -0.432912 1.823969
v 1.547094 -0.735799 2.138382
v 0.003742 -0.520967 1.868733
v 1.569565 -0.851038 2.175687
v 0.006465 -0.609137 1.920188
v 1.595238 -0.962919 2.218354
v 0.009658 -0.697018 1.977834
v 1.624002 -1.070999 2.266232
v 0.013335 -0.784125 2.041204
v 1.655731 -1.174852 2.319148
v 0.017509 -0.869917 2.109865
v 1.690286 -1.274069 2.376918
v 0.022196 -0.953828 2.183424
v 1.727511 -1.368258 2.439347
v 0.027411 -1.035285 2.261519
v 1.767236 -1.457047 2.506224
v 0.033172 -1.113725 2.343819
v 1.809275 -1.540085 2.577332
v 0.039503 -1.188610 2.430009
v 1.853430 -1.617045 2.652442
v 0.046428 -1.259429 2.519791
v 1.899488 -1.687624 2.731320
v 0.053977 -1.325711 2.612872
v 1.947226 -1.751542 2.813723
v 0.062184 -1.387021 2.708961
v 1.996409 -1.808548 2.899398
v 0.071086 -1.442968 2.807765
v 2.046795 -1.858417 2.988086
v 0.080719 -1.493201 2.908991
v 2.098137 -1.900951 3.079514
v 0.091119 -1.537411 3.012331
v 2.150185 -1.935983 3.173398
v 0.102317 -1.575329 3.117470
v 2.202690 -1.963374 3.269437
v 0.114335 -1.606727 3.224085
v 2.255409 -1.983017 3.367311
v 0.127182 -1.631417 3.331837
v 2.308105 -1.994834 3.466679
v 0.140853 -1.649248 3.440371
v 2.360553 -1.998778 3.567179
v 0.155322 -1.660106 3.549322
v 2.412540 -1.994834 3.668422
v 0.170543 -1.663916 3.658310
v 2.463866 -1.983017 3.769999
v 0.186447 -1.660638 3.766943
v 2.514346 -1.963374 3.871482
v 0.202947 -1.650267 3.874815
v 2.563810 -1.935983 3.972425
v 0.219935 -1.632831 3.981518
v 2.612099 -1.900951 4.072368
v 0.237286 -1.608393 4.086632
v 2.659066 -1.858417 4.170849
v 0.254864 -1.577050 4.189741
v 2.704572 -1.808548 4.267402
v 0.272526 -1.538929 4.290426
v 2.748487 -1.751542 4.361569
v 0.290125 -1.494187 4.388278
v 2.790684 -1.687624 4.452900
v 0.307513 -1.443017 4.482894
v 2.831044 -1.617045 4.540962
v 0.324547 -1.385633 4.573883
v 2.869450 -1.540085 4.625339
v 0.341090 -1.322282 4.660869
v 2.905787 -1.457047 4.705635
v 0.357014 -1.253236 4.743495
v 2.939945 -1.368258 4.781481
v 0.372198 -1.178793 4.821419
v 2.971817 -1.274069 4.852533
v 0.386536 -1.099273 4.894324
v 3.001302 -1.174852 4.918473
v 0.399928 -1.015020 4.961911
v 3.028302 -1.070999 4.979009
v 0.412287 -0.926397 5.023906
v 3.052726 -0.962919 5.033877
v 0.423538 -0.833785 5.080059
v 3.074489 -0.851038 5.082844
v 0.433612 -0.737585 5.130145
v 3.093514 -0.735799 5.125701
v 0.442453 -0.638212 5.173962
v 3.109732 -0.617656 5.162267
v 0.450013 -0.536092 5.211335
v 3.123085 -0.497076 5.192392
v 0.456250 -0.431667 5.242117
v 3.133523 -0.374534 5.215951
v 0.461134 -0.325385 5.266186
v 3.141007 -0.250513 5.232848
v 0.464640 -0.217704 5.283446
v 3.145509 -0.125504 5.243014
v 0.466750 -0.109086 5.293829
vn 0.8519 0.0301 -0.5229
vn 0.9546 0.0349 -0.2958
vn 0.9527 0.0352 0.3019
vn 0.9527 0.0352 -0.3019
vn 0.9546 0.0349 0.2958
vn 0.8519 0.0301 0.5229
vn -0.2341 0.0301 -0.9718
vn 0.0137 0.0349 -0.9993
vn 0.5816 0.0352 -0.8127
vn 0.0072 0.0353 -0.9994
vn 0.5763 0.0349 -0.8165
vn 0.7606 0.0301 -0.6486
vn 0.8489 0.0901 -0.5208
vn 0.9499 0.1044 -0.2944
vn 0.9479 0.1055 0.3006
vn 0.9479 0.1055 -0.3006
vn 0.9499 0.1044 0.2944
vn 0.8489 0.0901 0.5208
vn -0.2330 0.0901 -0.9683
vn 0.0135 0.1044 -0.9944
vn 0.5788 0.1055 -0.8086
vn 0.0071 0.1055 -0.9944
vn 0.5736 0.1044 -0.8125
vn 0.7577 0.0901 -0.6464
vn 0.8430 0.1500 -0.5166
vn 0.9407 0.1733 -0.2917
vn 0.9384 0.1752 0.2978
vn 0.9384 0.1752 -0.2978
vn 0.9407 0.1733 0.2917
vn 0.8430 0.1500 0.5166
vn -0.2309 0.1500 -0.9613
vn 0.0132 0.1733 -0.9848
vn 0.5732 0.1752 -0.8005
vn 0.0068 0.1752 -0.9845
vn 0.5681 0.1733 -0.8045
vn 0.7518 0.1500 -0.6420
vn 0.8340 0.2097 -0.5104
vn 0.9268 0.2413 -0.2877
vn 0.9243 0.2438 0.2937
vn 0.9243 0.2438 -0.2937
vn 0.9268 0.2413 0.2877
vn 0.8340 0.2097 0.5104
vn -0.2277 0.2097 -0.9509
vn 0.0128 0.2413 -0.9704
vn 0.5649 0.2438 -0.7883
vn 0.0063 0.2438 -0.9698
vn 0.5600 0.2413 -0.7926
vn 0.7431 0.2097 -0.6355
vn 0.8220 0.2691 -0.5020
vn 0.9086 0.3079 -0.2824
vn 0.9057 0.3109 0.2883
vn 0.9057 0.3109 -0.2883
vn 0.9086 0.3079 0.2824
vn 0.8220 0.2691 0.5020
vn -0.2234 0.2691 -0.9369
vn 0.0122 0.3079 -0.9514
vn 0.5540 0.3109 -0.7723
vn 0.0057 0.3109 -0.9504
vn 0.5493 0.3079 -0.7768
vn 0.7314 0.2691 -0.6266
vn 0.8068 0.3279 -0.4914
vn 0.8860 0.3727 -0.2758
vn 0.8827 0.3761 0.2816
vn 0.8827 0.3761 -0.2816
vn 0.8860 0.3727 0.2758
vn 0.8068 0.3279 0.4914
vn -0.2181 0.3279 -0.9192
vn 0.0115 0.3727 -0.9279
vn 0.5406 0.3762 -0.7525
vn 0.0050 0.3762 -0.9265
vn 0.5361 0.3727 -0.7574
vn 0.7167 0.3279 -0.6155
vn 0.7885 0.3861 -0.4788
vn 0.8594 0.4355 -0.2680
vn 0.8557 0.4392 0.2737
vn 0.8557 0.4392 -0.2737
vn 0.8594 0.4355 0.2680
vn 0.7885 0.3861 0.4788
vn -0.2117 0.3861 -0.8978
vn 0.0107 0.4355 -0.9001
vn 0.5247 0.4392 -0.7292
vn 0.0041 0.4392 -0.8984
vn 0.5204 0.4355 -0.7345
vn 0.6990 0.3861 -0.6019
vn 0.7669 0.4434 -0.4640
vn 0.8288 0.4959 -0.2591
vn 0.8247 0.4998 0.2647
vn 0.8247 0.4998 -0.2647
vn 0.8288 0.4959 0.2591
vn 0.7669 0.4434 0.4640
vn -0.2043 0.4434 -0.8727
vn 0.0097 0.4959 -0.8683
vn 0.5066 0.4998 -0.7026
vn 0.0031 0.4998 -0.8662
vn 0.5025 0.4959 -0.7082
vn 0.6783 0.4434 -0.5860
vn 0.7419 0.4997 -0.4471
vn 0.7947 0.5536 -0.2491
vn 0.7902 0.5575 0.2546
vn 0.7902 0.5575 -0.2546
vn 0.7947 0.5536 0.2491
vn 0.7419 0.4997 0.4471
vn -0.1959 0.4997 -0.8438
vn 0.0087 0.5536 -0.8327
vn 0.4864 0.5575 -0.6728
vn 0.0020 0.5575 -0.8302
vn 0.4824 0.5536 -0.6788
vn 0.6545 0.4997 -0.5675
vn 0.7136 0.5545 -0.4281
vn 0.7571 0.6084 -0.2381
vn 0.7523 0.6121 0.2436
vn 0.7523 0.6121 -0.2436
vn 0.7571 0.6084 0.2381
vn 0.7136 0.5545 0.4281
vn -0.1866 0.5545 -0.8110
vn 0.0075 0.6084 -0.7936
vn 0.4642 0.6121 -0.6402
vn 0.0008 0.6121 -0.7908
vn 0.4604 0.6084 -0.6465
vn 0.6277 0.5545 -0.5464
vn 0.6819 0.6077 -0.4071
vn 0.7164 0.6600 -0.2262
vn 0.7114 0.6635 0.2317
vn 0.7114 0.6635 -0.2317
vn 0.7164 0.6600 0.2262
vn 0.6819 0.6077 0.4071
vn -0.1765 0.6077 -0.7743
vn 0.0063 0.6600 -0.7512
vn 0.4402 0.6635 -0.6050
vn -0.0005 0.6635 -0.7482
vn 0.4365 0.6600 -0.6115
vn 0.5979 0.6077 -0.5227
vn 0.6468 0.6588 -0.3842
vn 0.6729 0.7083 -0.2134
vn 0.6679 0.7114 0.2189
vn 0.6679 0.7114 -0.2189
vn 0.6729 0.7083 0.2134
vn 0.6468 0.6588 0.3842
vn -0.1655 0.6588 -0.7339
vn 0.0050 0.7083 -0.7059
vn 0.4146 0.7114 -0.5675
vn -0.0018 0.7114 -0.7028
vn 0.4109 0.7083 -0.5740
vn 0.5652 0.6588 -0.4965
vn 0.6084 0.7076 -0.3594
vn 0.6269 0.7530 -0.1999
vn 0.6219 0.7557 0.2055
vn 0.6219 0.7557 -0.2055
vn 0.6269 0.7530 0.1999
vn 0.6084 0.7076 0.3594
vn -0.1538 0.7076 -0.6897
vn 0.0036 0.7530 -0.6580
vn 0.3876 0.7557 -0.5279
vn -0.0033 0.7557 -0.6549
vn 0.3839 0.7530 -0.5344
vn 0.5298 0.7076 -0.4675
vn 0.5667 0.7536 -0.3330
vn 0.5786 0.7942 -0.1858
vn 0.5738 0.7963 0.1914
vn 0.5738 0.7963 -0.1914
vn 0.5786 0.7942 0.1858
vn 0.5667 0.7536 0.3330
vn -0.1416 0.7536 -0.6419
vn 0.0021 0.7942 -0.6077
vn 0.3594 0.7963 -0.4865
vn -0.0048 0.7963 -0.6048
vn 0.3555 0.7942 -0.4929
vn 0.4918 0.7536 -0.4361
vn 0.5219 0.7965 -0.3051
vn 0.5284 0.8316 -0.1710
vn 0.5238 0.8333 0.1768
vn 0.5238 0.8333 -0.1768
vn 0.5284 0.8316 0.1710
vn 0.5219 0.7965 0.3051
vn -0.1289 0.7965 -0.5907
vn 0.0006 0.8316 -0.5554
vn 0.3300 0.8333 -0.4436
vn -0.0063 0.8333 -0.5528
vn 0.3259 0.8316 -0.4497
vn 0.4515 0.7965 -0.4021
vn 0.4743 0.8360 -0.2760
vn 0.4765 0.8653 -0.1557
vn 0.4723 0.8665 0.1617
vn 0.4723 0.8665 -0.1617
vn 0.4765 0.8653 0.1557
vn 0.4743 0.8360 0.2760
vn -0.1160 0.8360 -0.5364
vn -0.0009 0.8653 -0.5013
vn 0.2997 0.8665 -0.3992
vn -0.0078 0.8665 -0.4992
vn 0.2954 0.8653 -0.4050
vn 0.4091 0.8360 -0.3658
vn 0.4239 0.8717 -0.2459
vn 0.4231 0.8952 -0.1400
vn 0.4194 0.8959 0.1461
vn 0.4195 0.8959 -0.1461
vn 0.4231 0.8952 0.1400
vn 0.4239 0.8717 0.2459
vn -0.1029 0.8717 -0.4792
vn -0.0024 0.8952 -0.4457
vn 0.2686 0.8959 -0.3538
vn -0.0094 0.8959 -0.4441
vn 0.2639 0.8952 -0.3591
vn 0.3649 0.8717 -0.3272
vn 0.3712 0.9033 -0.2151
vn 0.3685 0.9213 -0.1239
vn 0.3654 0.9217 0.1302
vn 0.3654 0.9217 -0.1302
vn 0.3685 0.9213 0.1239
vn 0.3712 0.9033 0.2151
vn -0.0898 0.9033 -0.4195
vn -0.0040 0.9213 -0.3887
vn 0.2368 0.9217 -0.3073
vn -0.0109 0.9217 -0.3878
vn 0.2317 0.9213 -0.3121
vn 0.3193 0.9033 -0.2866
vn 0.3165 0.9306 -0.1838
vn 0.3128 0.9437 -0.1075
vn 0.3104 0.9438 0.1139
vn 0.3104 0.9438 -0.1139
vn 0.3128 0.9437 0.1075
vn 0.3165 0.9306 0.1838
vn -0.0770 0.9306 -0.3578
vn -0.0056 0.9437 -0.3307
vn 0.2043 0.9438 -0.2600
vn -0.0125 0.9438 -0.3304
vn 0.1989 0.9437 -0.2643
vn 0.2726 0.9306 -0.2442
vn 0.2600 0.9535 -0.1524
vn 0.2563 0.9623 -0.0907
vn 0.2544 0.9622 0.0973
vn 0.2544 0.9622 -0.0973
vn 0.2563 0.9623 0.0907
vn 0.2600 0.9535 0.1524
vn -0.0646 0.9535 -0.2944
vn -0.0071 0.9623 -0.2718
vn 0.1712 0.9622 -0.2119
vn -0.0140 0.9622 -0.2721
vn 0.1655 0.9623 -0.2157
vn 0.2253 0.9535 -0.2002
vn 0.2022 0.9718 -0.1211
vn 0.1990 0.9772 -0.0738
vn 0.1978 0.9769 0.0805
vn 0.1978 0.9769 -0.0805
vn 0.1990 0.9772 0.0738
vn 0.2022 0.9718 0.1211
vn -0.0526 0.9718 -0.2298
vn -0.0086 0.9772 -0.2121
vn 0.1376 0.9769 -0.1632
vn -0.0154 0.9769 -0.2130
vn 0.1316 0.9772 -0.1665
vn 0.1776 0.9718 -0.1549
vn 0.1435 0.9855 -0.0901
vn 0.1413 0.9884 -0.0566
vn 0.1405 0.9881 0.0633
vn 0.1405 0.9881 -0.0633
vn 0.1413 0.9884 0.0566
vn 0.1435 0.9855 0.0901
vn -0.0414 0.9855 -0.1643
vn -0.0102 0.9884 -0.1518
vn 0.1036 0.9881 -0.1141
vn -0.0168 0.9881 -0.1532
vn 0.0975 0.9884 -0.1169
vn 0.1301 0.9855 -0.1086
vn 0.0842 0.9946 -0.0598
vn 0.0832 0.9958 -0.0392
vn 0.0827 0.9955 0.0459
vn 0.0827 0.9955 -0.0459
vn 0.0832 0.9958 0.0392
vn 0.0842 0.9946 0.0598
vn -0.0309 0.9946 -0.0986
vn -0.0116 0.9958 -0.0912
vn 0.0692 0.9955 -0.0645
vn -0.0181 0.9955 -0.0929
vn 0.0630 0.9958 -0.0670
vn 0.0829 0.9946 -0.0616
vn 0.0248 0.9992 -0.0304
vn 0.0249 0.9995 -0.0218
vn 0.0247 0.9993 0.0283
vn 0.0247 0.9993 -0.0283
vn 0.0249 0.9995 0.0218
vn 0.0248 0.9992 0.0304
vn -0.0212 0.9992 -0.0329
vn -0.0130 0.9995 -0.0304
vn 0.0345 0.9993 -0.0147
vn -0.0193 0.9993 -0.0322
vn 0.0284 0.9995 -0.0170
vn 0.0365 0.9992 -0.0142
vn -0.0345 0.9994 -0.0020
vn -0.0333 0.9994 -0.0043
vn -0.0335 0.9994 0.0104
vn -0.0335 0.9994 -0.0104
vn -0.0333 0.9994 0.0043
vn -0.0345 0.9994 0.0020
vn -0.0125 0.9994 0.0322
vn -0.0144 0.9994 0.0303
vn -0.0004 0.9994 0.0351
vn -0.0203 0.9994 0.0287
vn -0.0062 0.9994 0.0330
vn -0.0088 0.9994 0.0334
vn -0.0931 0.9953 0.0253
vn -0.0910 0.9958 0.0132
vn -0.0916 0.9958 -0.0075
vn -0.0916 0.9958 0.0075
vn -0.0910 0.9958 -0.0132
vn -0.0931 0.9953 -0.0253
vn -0.0048 0.9953 0.0964
vn -0.0156 0.9958 0.0907
vn -0.0354 0.9958 0.0848
vn -0.0212 0.9958 0.0894
vn -0.0407 0.9958 0.0825
vn -0.0528 0.9953 0.0808
vn -0.1508 0.9872 0.0512
vn -0.1482 0.9885 0.0305
vn -0.1491 0.9885 -0.0255
vn -0.1491 0.9885 0.0255
vn -0.1482 0.9885 -0.0305
vn -0.1508 0.9872 -0.0512
vn 0.0021 0.9872 0.1592
vn -0.0167 0.9885 0.1504
vn -0.0703 0.9885 0.1339
vn -0.0218 0.9885 0.1497
vn -0.0748 0.9885 0.1315
vn -0.0953 0.9872 0.1276
vn -0.2071 0.9754 0.0756
vn -0.2043 0.9777 0.0477
vn -0.2058 0.9776 -0.0434
vn -0.2058 0.9776 0.0434
vn -0.2043 0.9777 -0.0477
vn -0.2071 0.9754 -0.0756
vn 0.0079 0.9754 0.2203
vn -0.0177 0.9777 0.2090
vn -0.1049 0.9776 0.1823
vn -0.0223 0.9776 0.2091
vn -0.1085 0.9777 0.1795
vn -0.1359 0.9754 0.1736
vn -0.2617 0.9601 0.0985
vn -0.2590 0.9637 0.0646
vn -0.2613 0.9633 -0.0613
vn -0.2613 0.9633 0.0613
vn -0.2590 0.9637 -0.0646
vn -0.2617 0.9601 -0.0985
vn 0.0129 0.9601 0.2793
vn -0.0186 0.9637 0.2663
vn -0.1390 0.9633 0.2296
vn -0.0225 0.9633 0.2674
vn -0.1415 0.9637 0.2264
vn -0.1746 0.9601 0.2184
vn -0.3142 0.9417 0.1199
vn -0.3121 0.9466 0.0812
vn -0.3151 0.9458 -0.0789
vn -0.3151 0.9458 0.0789
vn -0.3121 0.9466 -0.0812
vn -0.3142 0.9417 -0.1199
vn 0.0169 0.9417 0.3359
vn -0.0193 0.9466 0.3219
vn -0.1724 0.9458 0.2753
vn -0.0224 0.9458 0.3240
vn -0.1736 0.9466 0.2717
vn -0.2111 0.9417 0.2618
vn -0.3646 0.9207 0.1396
vn -0.3631 0.9267 0.0973
vn -0.3669 0.9253 -0.0961
vn -0.3669 0.9253 0.0961
vn -0.3631 0.9267 -0.0973
vn -0.3646 0.9207 -0.1396
vn 0.0201 0.9207 0.3899
vn -0.0197 0.9267 0.3754
vn -0.2048 0.9253 0.3192
vn -0.0219 0.9253 0.3787
vn -0.2047 0.9267 0.3153
vn -0.2455 0.9207 0.3036
vn -0.4124 0.8972 0.1578
vn -0.4119 0.9042 0.1128
vn -0.4164 0.9021 -0.1131
vn -0.4164 0.9021 0.1131
vn -0.4119 0.9042 -0.1128
vn -0.4124 0.8972 -0.1578
vn 0.0226 0.8972 0.4410
vn -0.0200 0.9042 0.4266
vn -0.2362 0.9021 0.3611
vn -0.0211 0.9021 0.4309
vn -0.2346 0.9042 0.3568
vn -0.2775 0.8972 0.3435
vn -0.4577 0.8719 0.1743
vn -0.4581 0.8797 0.1279
vn -0.4633 0.8767 -0.1295
vn -0.4633 0.8767 0.1295
vn -0.4581 0.8797 -0.1279
vn -0.4577 0.8719 -0.1743
vn 0.0244 0.8719 0.4891
vn -0.0199 0.8797 0.4752
vn -0.2664 0.8767 0.4006
vn -0.0200 0.8767 0.4806
vn -0.2632 0.8797 0.3962
vn -0.3072 0.8719 0.3814
vn -0.5003 0.8449 0.1894
vn -0.5017 0.8533 0.1423
vn -0.5074 0.8493 -0.1456
vn -0.5074 0.8493 0.1456
vn -0.5017 0.8533 -0.1423
vn -0.5003 0.8449 -0.1894
vn 0.0255 0.8449 0.5343
vn -0.0197 0.8533 0.5211
vn -0.2953 0.8493 0.4376
vn -0.0183 0.8493 0.5275
vn -0.2904 0.8533 0.4332
vn -0.3347 0.8449 0.4173
vn -0.5402 0.8167 0.2030
vn -0.5426 0.8253 0.1562
vn -0.5486 0.8204 -0.1612
vn -0.5486 0.8204 0.1612
vn -0.5426 0.8253 -0.1562
vn -0.5402 0.8167 -0.2030
vn 0.0261 0.8167 0.5765
vn -0.0191 0.8253 0.5643
vn -0.3229 0.8204 0.4720
vn -0.0162 0.8204 0.5716
vn -0.3163 0.8253 0.4678
vn -0.3600 0.8167 0.4511
vn -0.5776 0.7874 0.2153
vn -0.5809 0.7961 0.1696
vn -0.5870 0.7901 -0.1765
vn -0.5870 0.7901 0.1765
vn -0.5809 0.7961 -0.1696
vn -0.5776 0.7874 -0.2153
vn 0.0262 0.7874 0.6159
vn -0.0182 0.7961 0.6049
vn -0.3492 0.7901 0.5038
vn -0.0136 0.7901 0.6128
vn -0.3408 0.7961 0.5000
vn -0.3832 0.7874 0.4828
vn -0.6126 0.7573 0.2263
vn -0.6166 0.7659 0.1826
vn -0.6227 0.7587 -0.1914
vn -0.6227 0.7587 0.1914
vn -0.6166 0.7659 -0.1826
vn -0.6126 0.7573 -0.2263
vn 0.0260 0.7573 0.6526
vn -0.0169 0.7659 0.6428
vn -0.3745 0.7587 0.5330
vn -0.0103 0.7587 0.6513
vn -0.3641 0.7659 0.5300
vn -0.4046 0.7573 0.5127
vn -0.6453 0.7264 0.2364
vn -0.6499 0.7346 0.1951
vn -0.6557 0.7263 -0.2062
vn -0.6557 0.7263 0.2062
vn -0.6499 0.7346 -0.1951
vn -0.6453 0.7264 -0.2364
vn 0.0254 0.7264 0.6868
vn -0.0153 0.7346 0.6783
vn -0.3988 0.7263 0.5599
vn -0.0065 0.7263 0.6873
vn -0.3864 0.7346 0.5578
vn -0.4242 0.7264 0.5407
vn -0.6761 0.6947 0.2455
vn -0.6810 0.7023 0.2074
vn -0.6863 0.6929 -0.2210
vn -0.6863 0.6929 0.2210
vn -0.6810 0.7023 -0.2074
vn -0.6761 0.6947 -0.2455
vn 0.0245 0.6947 0.7189
vn -0.0132 0.7023 0.7118
vn -0.4223 0.6929 0.5844
vn -0.0019 0.6929 0.7210
vn -0.4077 0.7023 0.5836
vn -0.4424 0.6947 0.5672
vn -0.7053 0.6619 0.2539
vn -0.7104 0.6687 0.2196
vn -0.7148 0.6583 -0.2359
vn -0.7148 0.6583 0.2359
vn -0.7104 0.6687 -0.2196
vn -0.7053 0.6619 -0.2539
vn 0.0235 0.6619 0.7493
vn -0.0107 0.6687 0.7434
vn -0.4453 0.6583 0.6070
vn 0.0035 0.6583 0.7528
vn -0.4283 0.6687 0.6077
vn -0.4594 0.6619 0.5923
vn -0.7332 0.6275 0.2618
vn -0.7382 0.6335 0.2318
vn -0.7416 0.6220 -0.2512
vn -0.7416 0.6220 0.2512
vn -0.7382 0.6335 -0.2318
vn -0.7332 0.6275 -0.2618
vn 0.0224 0.6275 0.7783
vn -0.0077 0.6335 0.7737
vn -0.4680 0.6220 0.6277
vn 0.0097 0.6220 0.7830
vn -0.4485 0.6335 0.6305
vn -0.4756 0.6275 0.6164
vn -0.7604 0.5909 0.2695
vn -0.7651 0.5959 0.2441
vn -0.7671 0.5834 -0.2669
vn -0.7671 0.5834 0.2669
vn -0.7651 0.5959 -0.2441
vn -0.7604 0.5909 -0.2695
vn 0.0214 0.5909 0.8064
vn -0.0042 0.5959 0.8031
vn -0.4909 0.5834 0.6471
vn 0.0168 0.5834 0.8120
vn -0.4686 0.5959 0.6522
vn -0.4913 0.5909 0.6399
vn -0.7871 0.5510 0.2771
vn -0.7913 0.5549 0.2568
vn -0.7915 0.5416 -0.2832
vn -0.7915 0.5416 0.2832
vn -0.7913 0.5549 -0.2568
vn -0.7871 0.5510 -0.2771
vn 0.0203 0.5510 0.8342
vn -0.0003 0.5549 0.8319
vn -0.5139 0.5416 0.6653
vn 0.0247 0.5416 0.8403
vn -0.4888 0.5549 0.6732
vn -0.5068 0.5510 0.6630
vn -0.8139 0.5065 0.2848
vn -0.8173 0.5091 0.2699
vn -0.8153 0.4952 -0.3001
vn -0.8153 0.4952 0.3001
vn -0.8173 0.5091 -0.2699
vn -0.8139 0.5065 -0.2848
vn 0.0194 0.5065 0.8620
vn 0.0041 0.5091 0.8607
vn -0.5374 0.4952 0.6826
vn 0.0335 0.4952 0.8681
vn -0.5092 0.5091 0.6939
vn -0.5224 0.5065 0.6860
vn -0.8408 0.4554 0.2928
vn -0.8432 0.4570 0.2833
vn -0.8385 0.4428 -0.3176
vn -0.8385 0.4428 0.3176
vn -0.8432 0.4570 -0.2833
vn -0.8408 0.4554 -0.2928
vn 0.0186 0.4554 0.8901
vn 0.0089 0.4570 0.8894
vn -0.5611 0.4428 0.6993
vn 0.0429 0.4428 0.8956
vn -0.5300 0.4570 0.7143
vn -0.5383 0.4554 0.7091
vn -0.8676 0.3959 0.3009
vn -0.8687 0.3964 0.2969
vn -0.8610 0.3826 -0.3350
vn -0.8610 0.3826 0.3350
vn -0.8687 0.3964 -0.2969
vn -0.8676 0.3959 -0.3009
vn 0.0181 0.3959 0.9181
vn 0.0139 0.3964 0.9180
vn -0.5847 0.3826 0.7153
vn 0.0526 0.3826 0.9224
vn -0.5508 0.3964 0.7345
vn -0.5543 0.3959 0.7321
vn -0.8935 0.3260 0.3089
vn -0.8932 0.3258 0.3099
vn -0.8822 0.3132 -0.3517
vn -0.8822 0.3132 0.3517
vn -0.8932 0.3258 -0.3099
vn -0.8935 0.3260 -0.3089
vn 0.0177 0.3260 0.9452
vn 0.0187 0.3258 0.9453
vn -0.6071 0.3132 0.7303
vn 0.0619 0.3132 0.9477
vn -0.5707 0.3258 0.7537
vn -0.5699 0.3260 0.7543
vn -0.9166 0.2446 0.3162
vn -0.9149 0.2440 0.3215
vn -0.9006 0.2337 -0.3664
vn -0.9006 0.2337 0.3664
vn -0.9149 0.2440 -0.3215
vn -0.9166 0.2446 -0.3162
vn 0.0175 0.2446 0.9695
vn 0.0230 0.2440 0.9695
vn -0.6268 0.2337 0.7433
vn 0.0702 0.2337 0.9698
vn -0.5885 0.2440 0.7708
vn -0.5840 0.2446 0.7740
vn -0.9344 0.1523 0.3220
vn -0.9316 0.1517 0.3303
vn -0.9146 0.1448 -0.3776
vn -0.9146 0.1448 0.3776
vn -0.9316 0.1517 -0.3303
vn -0.9344 0.1523 -0.3220
vn 0.0175 0.1523 0.9882
vn 0.0263 0.1517 0.9881
vn -0.6417 0.1448 0.7531
vn 0.0765 0.1448 0.9865
vn -0.6020 0.1517 0.7839
vn -0.5950 0.1523 0.7892
vn -0.9443 0.0518 0.3251
vn -0.9407 0.0515 0.3352
vn -0.9222 0.0491 -0.3836
vn -0.9222 0.0491 0.3836
vn -0.9407 0.0515 -0.3352
vn -0.9443 0.0518 -0.3251
vn 0.0174 0.0518 0.9985
vn 0.0281 0.0515 0.9983
vn -0.6498 0.0491 0.7585
vn 0.0799 0.0491 0.9956
vn -0.6095 0.0515 0.7911
vn -0.6010 0.0518 0.7976
vn -0.9442 -0.0518 0.3251
vn -0.9407 -0.0515 0.3352
vn -0.9222 -0.0491 -0.3836
vn -0.9222 -0.0491 0.3836
vn -0.9407 -0.0515 -0.3352
vn -0.9443 -0.0518 -0.3251
vn 0.0174 -0.0518 0.9985
vn 0.0281 -0.0515 0.9983
vn -0.6498 -0.0491 0.7585
vn 0.0799 -0.0491 0.9956
vn -0.6095 -0.0515 0.7911
vn -0.6010 -0.0518 0.7976
vn -0.9344 -0.1523 0.3220
vn -0.9316 -0.1517 0.3303
vn -0.9146 -0.1448 -0.3776
vn -0.9146 -0.1448 0.3776
vn -0.9316 -0.1517 -0.3303
vn -0.9344 -0.1523 -0.3220
vn 0.0175 -0.1523 0.9882
vn 0.0263 -0.1517 0.9881
vn -0.6417 -0.1448 0.7531
vn 0.0765 -0.1448 0.9865
vn -0.6020 -0.1517 0.7839
vn -0.5950 -0.1523 0.7892
vn -0.9166 -0.2446 0.3162
vn -0.9149 -0.2440 0.3215
vn -0.9006 -0.2337 -0.3664
vn -0.9006 -0.2337 0.3664
vn -0.9149 -0.2440 -0.3215
vn -0.9166 -0.2446 -0.3163
vn 0.0175 -0.2446 0.9695
vn 0.0230 -0.2440 0.9695
vn -0.6268 -0.2337 0.7433
vn 0.0702 -0.2337 0.9698
vn -0.5885 -0.2440 0.7708
vn -0.5840 -0.2446 0.7740
vn -0.8935 -0.3260 0.3089
vn -0.8932 -0.3258 0.3099
vn -0.8822 -0.3132 -0.3517
vn -0.8822 -0.3132 0.3517
vn -0.8932 -0.3258 -0.3099
vn -0.8935 -0.3260 -0.3089
vn 0.0177 -0.3260 0.9452
vn 0.0187 -0.3258 0.9453
vn -0.6071 -0.3132 0.7303
vn 0.0619 -0.3132 0.9477
vn -0.5707 -0.3258 0.7537
vn -0.5699 -0.3260 0.7543
vn -0.8676 -0.3959 0.3009
vn -0.8687 -0.3964 0.2969
vn -0.8610 -0.3826 -0.3350
vn -0.8610 -0.3826 0.3350
vn -0.8687 -0.3964 -0.2969
vn -0.8676 -0.3959 -0.3009
vn 0.0181 -0.3959 0.9181
vn 0.0139 -0.3964 0.9180
vn -0.5847 -0.3826 0.7153
vn 0.0526 -0.3826 0.9224
vn -0.5508 -0.3964 0.7345
vn -0.5543 -0.3959 0.7321
vn -0.8408 -0.4554 0.2928
vn -0.8432 -0.4570 0.2833
vn -0.8385 -0.4428 -0.3176
vn -0.8385 -0.4428 0.3176
vn -0.8432 -0.4570 -0.2833
vn -0.8408 -0.4554 -0.2928
vn 0.0186 -0.4554 0.8901
vn 0.0089 -0.4570 0.8894
vn -0.5611 -0.4428 0.6993
vn 0.0429 -0.4428 0.8956
vn -0.5300 -0.4570 0.7143
vn -0.5383 -0.4554 0.7091
vn -0.8139 -0.5065 0.2848
vn -0.8173 -0.5091 0.2699
vn -0.8153 -0.4952 -0.3001
vn -0.8153 -0.4952 0.3001
vn -0.8173 -0.5091 -0.2699
vn -0.8139 -0.5065 -0.2848
vn 0.0194 -0.5065 0.8620
vn 0.0041 -0.5091 0.8607
vn -0.5374 -0.4952 0.6826
vn 0.0335 -0.4952 0.8681
vn -0.5092 -0.5091 0.6939
vn -0.5224 -0.5065 0.6860
vn -0.7871 -0.5510 0.2771
vn -0.7913 -0.5549 0.2568
vn -0.7915 -0.5416 -0.2832
vn -0.7915 -0.5416 0.2832
vn -0.7913 -0.5549 -0.2568
vn -0.7871 -0.5510 -0.2771
vn 0.0203 -0.5510 0.8342
vn -0.0003 -0.5549 0.8319
vn -0.5139 -0.5416 0.6653
vn 0.0247 -0.5416 0.8403
vn -0.4888 -0.5549 0.6732
vn -0.5068 -0.5510 0.6630
vn -0.7604 -0.5909 0.2695
vn -0.7651 -0.5959 0.2441
vn -0.7671 -0.5834 -0.2669
vn -0.7671 -0.5834 0.2669
vn -0.7651 -0.5959 -0.2441
vn -0.7604 -0.5909 -0.2695
vn 0.0214 -0.5909 0.8064
vn -0.0042 -0.5959 0.8031
vn -0.4909 -0.5834 0.6471
vn 0.0168 -0.5834 0.8120
vn -0.4686 -0.5959 0.6522
vn -0.4913 -0.5909 0.6399
vn -0.7332 -0.6275 0.2618
vn -0.7382 -0.6335 0.2318
vn -0.7416 -0.6220 -0.2512
vn -0.7416 -0.6220 0.2512
vn -0.7382 -0.6335 -0.2318
vn -0.7332 -0.6275 -0.2618
vn 0.0224 -0.6275 0.7783
vn -0.0077 -0.6335 0.7737
vn -0.4680 -0.6220 0.6277
vn 0.0097 -0.6220 0.7830
vn -0.4485 -0.6335 0.6305
vn -0.4756 -0.6275 0.6164
vn -0.7053 -0.6619 0.2539
vn -0.7104 -0.6687 0.2196
vn -0.7149 -0.6583 -0.2359
vn -0.7149 -0.6583 0.2359
vn -0.7104 -0.6687 -0.2196
vn -0.7053 -0.6619 -0.2539
vn 0.0235 -0.6619 0.7493
vn -0.0107 -0.6687 0.7434
vn -0.4453 -0.6583 0.6070
vn 0.0035 -0.6583 0.7528
vn -0.4283 -0.6687 0.6077
vn -0.4594 -0.6619 0.5923
vn -0.6761 -0.6947 0.2455
vn -0.6810 -0.7023 0.2074
vn -0.6863 -0.6929 -0.2210
vn -0.6863 -0.6929 0.2210
vn -0.6810 -0.7023 -0.2074
vn -0.6761 -0.6947 -0.2455
vn 0.0245 -0.6947 0.7189
vn -0.0132 -0.7023 0.7118
vn -0.4223 -0.6929 0.5844
vn -0.0019 -0.6929 0.7210
vn -0.4077 -0.7023 0.5836
vn -0.4424 -0.6947 0.5672
vn -0.6453 -0.7264 0.2364
vn -0.6499 -0.7346 0.1951
vn -0.6557 -0.7263 -0.2062
vn -0.6557 -0.7263 0.2062
vn -0.6499 -0.7346 -0.1951
vn -0.6453 -0.7264 -0.2364
vn 0.0254 -0.7264 0.6868
vn -0.0153 -0.7346 0.6783
vn -0.3988 -0.7263 0.5599
vn -0.0065 -0.7263 0.6873
vn -0.3864 -0.7346 0.5578
vn -0.4242 -0.7264 0.5407
vn -0.6126 -0.7573 0.2263
vn -0.6166 -0.7659 0.1826
vn -0.6227 -0.7587 -0.1914
vn -0.6227 -0.7587 0.1914
vn -0.6166 -0.7659 -0.1826
vn -0.6126 -0.7573 -0.2263
vn 0.0260 -0.7573 0.6526
vn -0.0169 -0.7659 0.6428
vn -0.3745 -0.7587 0.5330
vn -0.0103 -0.7587 0.6513
vn -0.3641 -0.7659 0.5300
vn -0.4046 -0.7573 0.5127
vn -0.5776 -0.7874 0.2153
vn -0.5809 -0.7961 0.1696
vn -0.5870 -0.7901 -0.1765
vn -0.5870 -0.7901 0.1765
vn -0.5809 -0.7961 -0.1696
vn -0.5776 -0.7874 -0.2153
vn 0.0262 -0.7874 0.6159
vn -0.0182 -0.7961 0.6049
vn -0.3492 -0.7901 0.5038
vn -0.0136 -0.7901 0.6128
vn -0.3408 -0.7961 0.5000
vn -0.3832 -0.7874 0.4828
vn -0.5402 -0.8167 0.2030
vn -0.5426 -0.8253 0.1562
vn -0.5486 -0.8204 -0.1612
vn -0.5486 -0.8204 0.1612
vn -0.5426 -0.8253 -0.1562
vn -0.5402 -0.8167 -0.2030
vn 0.0261 -0.8167 0.5765
vn -0.0191 -0.8253 0.5643
vn -0.3229 -0.8204 0.4720
vn -0.0162 -0.8204 0.5716
vn -0.3163 -0.8253 0.4678
vn -0.3600 -0.8167 0.4511
vn -0.5003 -0.8449 0.1894
vn -0.5017 -0.8533 0.1423
vn -0.5074 -0.8493 -0.1456
vn -0.5074 -0.8493 0.1456
vn -0.5017 -0.8533 -0.1423
vn -0.5003 -0.8449 -0.1894
vn 0.0255 -0.8449 0.5343
vn -0.0197 -0.8533 0.5211
vn -0.2953 -0.8493 0.4376
vn -0.0183 -0.8493 0.5275
vn -0.2904 -0.8533 0.4332
vn -0.3347 -0.8449 0.4173
vn -0.4577 -0.8719 0.1743
vn -0.4581 -0.8797 0.1279
vn -0.4633 -0.8767 -0.1295
vn -0.4633 -0.8767 0.1295
vn -0.4581 -0.8797 -0.1279
vn -0.4577 -0.8719 -0.1743
vn 0.0244 -0.8719 0.4891
vn -0.0199 -0.8797 0.4752
vn -0.2664 -0.8767 0.4006
vn -0.0200 -0.8767 0.4806
vn -0.2632 -0.8797 0.3962
vn -0.3072 -0.8719 0.3814
vn -0.4124 -0.8972 0.1578
vn -0.4119 -0.9042 0.1128
vn -0.4164 -0.9021 -0.1131
vn -0.4164 -0.9021 0.1131
vn -0.4119 -0.9042 -0.1128
vn -0.4124 -0.8972 -0.1578
vn 0.0226 -0.8972 0.4410
vn -0.0200 -0.9042 0.4266
vn -0.2362 -0.9021 0.3611
vn -0.0211 -0.9021 0.4309
vn -0.2346 -0.9042 0.3568
vn -0.2775 -0.8972 0.3435
vn -0.3646 -0.9207 0.1396
vn -0.3631 -0.9267 0.0973
vn -0.3669 -0.9253 -0.0961
vn -0.3669 -0.9253 0.0961
vn -0.3631 -0.9267 -0.0973
vn -0.3646 -0.9207 -0.1396
vn 0.0201 -0.9207 0.3899
vn -0.0197 -0.9267 0.3754
vn -0.2048 -0.9253 0.3192
vn -0.0219 -0.9253 0.3787
vn -0.2047 -0.9267 0.3153
vn -0.2455 -0.9207 0.3036
vn -0.3142 -0.9417 0.1199
vn -0.3121 -0.9466 0.0812
vn -0.3151 -0.9458 -0.0789
vn -0.3151 -0.9458 0.0789
vn -0.3121 -0.9466 -0.0812
vn -0.3142 -0.9417 -0.1199
vn 0.0169 -0.9417 0.3359
vn -0.0193 -0.9466 0.3219
vn -0.1724 -0.9458 0.2753
vn -0.0224 -0.9458 0.3240
vn -0.1736 -0.9466 0.2717
vn -0.2111 -0.9417 0.2618
vn -0.2617 -0.9601 0.0985
vn -0.2590 -0.9637 0.0646
vn -0.2613 -0.9633 -0.0612
vn -0.2613 -0.9633 0.0612
vn -0.2590 -0.9637 -0.0646
vn -0.2617 -0.9601 -0.0985
vn 0.0129 -0.9601 0.2793
vn -0.0186 -0.9637 0.2663
vn -0.1390 -0.9633 0.2296
vn -0.0225 -0.9633 0.2674
vn -0.1415 -0.9637 0.2264
vn -0.1746 -0.9601 0.2184
vn -0.2071 -0.9754 0.0756
vn -0.2043 -0.9777 0.0477
vn -0.2058 -0.9776 -0.0434
vn -0.2058 -0.9776 0.0434
vn -0.2043 -0.9777 -0.0477
vn -0.2071 -0.9754 -0.0756
vn 0.0079 -0.9754 0.2203
vn -0.0177 -0.9777 0.2090
vn -0.1049 -0.9776 0.1823
vn -0.0223 -0.9776 0.2091
vn -0.1085 -0.9777 0.1795
vn -0.1359 -0.9754 0.1736
vn -0.1508 -0.9872 0.0512
vn -0.1482 -0.9885 0.0305
vn -0.1491 -0.9885 -0.0255
vn -0.1491 -0.9885 0.0255
vn -0.1482 -0.9885 -0.0305
vn -0.1508 -0.9872 -0.0512
vn 0.0021 -0.9872 0.1592
vn -0.0167 -0.9885 0.1504
vn -0.0703 -0.9885 0.1339
vn -0.0218 -0.9885 0.1497
vn -0.0748 -0.9885 0.1315
vn -0.0953 -0.9872 0.1276
vn -0.0931 -0.9953 0.0253
vn -0.0910 -0.9958 0.0132
vn -0.0916 -0.9958 -0.0075
vn -0.0916 -0.9958 0.0075
vn -0.0910 -0.9958 -0.0132
vn -0.0931 -0.9953 -0.0253
vn -0.0048 -0.9953 0.0964
vn -0.0156 -0.9958 0.0907
vn -0.0354 -0.9958 0.0848
vn -0.0212 -0.9958 0.0894
vn -0.0407 -0.9958 0.0825
vn -0.0528 -0.9953 0.0808
vn -0.0345 -0.9994 -0.0020
vn -0.0333 -0.9994 -0.0043
vn -0.0335 -0.9994 0.0104
vn -0.0335 -0.9994 -0.0104
vn -0.0333 -0.9994 0.0043
vn -0.0345 -0.9994 0.0020
vn -0.0125 -0.9994 0.0322
vn -0.0144 -0.9994 0.0303
vn -0.0004 -0.9994 0.0351
vn -0.0203 -0.9994 0.0287
vn -0.0062 -0.9994 0.0330
vn -0.0088 -0.9994 0.0334
vn 0.0248 -0.9992 -0.0304
vn 0.0249 -0.9995 -0.0218
vn 0.0247 -0.9993 0.0283
vn 0.0247 -0.9993 -0.0283
vn 0.0249 -0.9995 0.0218
vn 0.0248 -0.9992 0.0304
vn -0.0212 -0.9992 -0.0329
vn -0.0130 -0.9995 -0.0304
vn 0.0345 -0.9993 -0.0147
vn -0.0193 -0.9993 -0.0322
vn 0.0284 -0.9995 -0.0170
vn 0.0365 -0.9992 -0.0142
vn 0.0842 -0.9946 -0.0598
vn 0.0832 -0.9958 -0.0392
vn 0.0827 -0.9955 0.0459
vn 0.0827 -0.9955 -0.0459
vn 0.0832 -0.9958 0.0392
vn 0.0842 -0.9946 0.0598
vn -0.0309 -0.9946 -0.0986
vn -0.0116 -0.9958 -0.0912
vn 0.0692 -0.9955 -0.0645
vn -0.0181 -0.9955 -0.0929
vn 0.0630 -0.9958 -0.0670
vn 0.0829 -0.9946 -0.0616
vn 0.1435 -0.9855 -0.0901
vn 0.1413 -0.9884 -0.0566
vn 0.1405 -0.9881 0.0633
vn 0.1405 -0.9881 -0.0633
vn 0.1413 -0.9884 0.0566
vn 0.1435 -0.9855 0.0901
vn -0.0414 -0.9855 -0.1643
vn -0.0102 -0.9884 -0.1518
vn 0.1036 -0.9881 -0.1141
vn -0.0168 -0.9881 -0.1532
vn 0.0975 -0.9884 -0.1169
vn 0.1301 -0.9855 -0.1086
vn 0.2022 -0.9718 -0.1211
vn 0.1990 -0.9772 -0.0738
vn 0.1978 -0.9769 0.0805
vn 0.1978 -0.9769 -0.0805
vn 0.1990 -0.9772 0.0738
vn 0.2022 -0.9718 0.1211
vn -0.0526 -0.9718 -0.2298
vn -0.0086 -0.9772 -0.2121
vn 0.1376 -0.9769 -0.1632
vn -0.0154 -0.9769 -0.2130
vn 0.1316 -0.9772 -0.1665
vn 0.1776 -0.9718 -0.1549
vn 0.2600 -0.9535 -0.1524
vn 0.2563 -0.9623 -0.0907
vn 0.2544 -0.9622 0.0973
vn 0.2544 -0.9622 -0.0973
vn 0.2563 -0.9623 0.0907
vn 0.2600 -0.9535 0.1524
vn -0.0646 -0.9535 -0.2944
vn -0.0071 -0.9623 -0.2718
vn 0.1712 -0.9622 -0.2119
vn -0.0140 -0.9622 -0.2721
vn 0.1655 -0.9623 -0.2157
vn 0.2253 -0.9535 -0.2002
vn 0.3165 -0.9306 -0.1838
vn 0.3128 -0.9437 -0.1075
vn 0.3104 -0.9438 0.1139
vn 0.3104 -0.9438 -0.1139
vn 0.3128 -0.9437 0.1075
vn 0.3165 -0.9306 0.1838
vn -0.0770 -0.9306 -0.3578
vn -0.0056 -0.9437 -0.3307
vn 0.2043 -0.9438 -0.2600
vn -0.0125 -0.9438 -0.3304
vn 0.1989 -0.9437 -0.2643
vn 0.2726 -0.9306 -0.2442
vn 0.3712 -0.9033 -0.2151
vn 0.3685 -0.9213 -0.1239
vn 0.3654 -0.9217 0.1302
vn 0.3654 -0.9217 -0.1302
vn 0.3685 -0.9213 0.1239
vn 0.3712 -0.9033 0.2151
vn -0.0898 -0.9033 -0.4195
vn -0.0040 -0.9213 -0.3887
vn 0.2368 -0.9217 -0.3073
vn -0.0109 -0.9217 -0.3878
vn 0.2317 -0.9213 -0.3121
vn 0.3193 -0.9033 -0.2866
vn 0.4239 -0.8717 -0.2459
vn 0.4231 -0.8952 -0.1400
vn 0.4195 -0.8959 0.1461
vn 0.4195 -0.8959 -0.1461
vn 0.4231 -0.8952 0.1400
vn 0.4239 -0.8717 0.2459
vn -0.1029 -0.8717 -0.4792
vn -0.0024 -0.8952 -0.4457
vn 0.2686 -0.8959 -0.3538
vn -0.0094 -0.8959 -0.4441
vn 0.2639 -0.8952 -0.3591
vn 0.3649 -0.8717 -0.3272
vn 0.4743 -0.8360 -0.2760
vn 0.4765 -0.8653 -0.1557
vn 0.4723 -0.8665 0.1617
vn 0.4723 -0.8665 -0.1617
vn 0.4765 -0.8653 0.1557
vn 0.4743 -0.8360 0.2760
vn -0.1160 -0.8360 -0.5364
vn -0.0009 -0.8653 -0.5013
vn 0.2997 -0.8665 -0.3992
vn -0.0078 -0.8665 -0.4992
vn 0.2954 -0.8653 -0.4050
vn 0.4091 -0.8360 -0.3658
vn 0.5219 -0.7965 -0.3051
vn 0.5284 -0.8316 -0.1710
vn 0.5238 -0.8333 0.1768
vn 0.5238 -0.8333 -0.1768
vn 0.5284 -0.8316 0.1710
vn 0.5219 -0.7965 0.3051
vn -0.1289 -0.7965 -0.5907
vn 0.0006 -0.8316 -0.5554
vn 0.3300 -0.8333 -0.4436
vn -0.0063 -0.8333 -0.5528
vn 0.3259 -0.8316 -0.4497
vn 0.4515 -0.7965 -0.4021
vn 0.5667 -0.7536 -0.3330
vn 0.5786 -0.7942 -0.1858
vn 0.5738 -0.7963 0.1914
vn 0.5738 -0.7963 -0.1914
vn 0.5786 -0.7942 0.1858
vn 0.5667 -0.7536 0.3330
vn -0.1416 -0.7536 -0.6419
vn 0.0021 -0.7942 -0.6077
vn 0.3594 -0.7963 -0.4865
vn -0.0048 -0.7963 -0.6048
vn 0.3555 -0.7942 -0.4929
vn 0.4918 -0.7536 -0.4361
vn 0.6084 -0.7076 -0.3594
vn 0.6269 -0.7530 -0.1999
vn 0.6219 -0.7557 0.2055
vn 0.6219 -0.7557 -0.2055
vn 0.6269 -0.7530 0.1999
vn 0.6084 -0.7076 0.3594
vn -0.1538 -0.7076 -0.6897
vn 0.0036 -0.7530 -0.6580
vn 0.3876 -0.7557 -0.5279
vn -0.0033 -0.7557 -0.6549
vn 0.3839 -0.7530 -0.5344
vn 0.5298 -0.7076 -0.4675
vn 0.6468 -0.6588 -0.3842
vn 0.6729 -0.7083 -0.2134
vn 0.6679 -0.7114 0.2189
vn 0.6679 -0.7114 -0.2189
vn 0.6729 -0.7083 0.2134
vn 0.6468 -0.6588 0.3842
vn -0.1655 -0.6588 -0.7339
vn 0.0050 -0.7083 -0.7059
vn 0.4146 -0.7114 -0.5675
vn -0.0018 -0.7114 -0.7028
vn 0.4109 -0.7083 -0.5740
vn 0.5652 -0.6588 -0.4965
vn 0.6819 -0.6077 -0.4071
vn 0.7164 -0.6600 -0.2262
vn 0.7114 -0.6635 0.2317
vn 0.7114 -0.6635 -0.2317
vn 0.7164 -0.6600 0.2262
vn 0.6819 -0.6077 0.4071
vn -0.1765 -0.6077 -0.7743
vn 0.0063 -0.6600 -0.7512
vn 0.4402 -0.6635 -0.6050
vn -0.0005 -0.6635 -0.7482
vn 0.4365 -0.6600 -0.6115
vn 0.5979 -0.6077 -0.5227
vn 0.7136 -0.5545 -0.4281
vn 0.7571 -0.6084 -0.2381
vn 0.7523 -0.6121 0.2436
vn 0.7523 -0.6121 -0.2436
vn 0.7571 -0.6084 0.2381
vn 0.7136 -0.5545 0.4281
vn -0.1866 -0.5545 -0.8110
vn 0.0075 -0.6084 -0.7936
vn 0.4641 -0.6121 -0.6402
vn 0.0008 -0.6121 -0.7908
vn 0.4604 -0.6084 -0.6465
vn 0.6277 -0.5545 -0.5464
vn 0.7419 -0.4997 -0.4471
vn 0.7946 -0.5536 -0.2491
vn 0.7902 -0.5575 0.2546
vn 0.7902 -0.5575 -0.2546
vn 0.7946 -0.5536 0.2491
vn 0.7419 -0.4997 0.4471
vn -0.1959 -0.4997 -0.8438
vn 0.0087 -0.5536 -0.8327
vn 0.4863 -0.5575 -0.6728
vn 0.0020 -0.5575 -0.8302
vn 0.4824 -0.5536 -0.6788
vn 0.6545 -0.4997 -0.5675
vn 0.7669 -0.4434 -0.4640
vn 0.8288 -0.4959 -0.2591
vn 0.8247 -0.4998 0.2647
vn 0.8247 -0.4998 -0.2647
vn 0.8288 -0.4959 0.2591
vn 0.7669 -0.4434 0.4640
vn -0.2043 -0.4434 -0.8727
vn 0.0097 -0.4959 -0.8683
vn 0.5066 -0.4998 -0.7026
vn 0.0031 -0.4998 -0.8662
vn 0.5025 -0.4959 -0.7082
vn 0.6783 -0.4434 -0.5860
vn 0.7885 -0.3861 -0.4788
vn 0.8594 -0.4355 -0.2680
vn 0.8557 -0.4392 0.2737
vn 0.8557 -0.4392 -0.2737
vn 0.8594 -0.4355 0.2680
vn 0.7885 -0.3861 0.4788
vn -0.2117 -0.3861 -0.8978
vn 0.0107 -0.4355 -0.9001
vn 0.5247 -0.4392 -0.7292
vn 0.0041 -0.4392 -0.8984
vn 0.5204 -0.4355 -0.7345
vn 0.6990 -0.3861 -0.6019
vn 0.8068 -0.3279 -0.4914
vn 0.8860 -0.3727 -0.2758
vn 0.8827 -0.3762 0.2816
vn 0.8827 -0.3762 -0.2816
vn 0.8860 -0.3727 0.2758
vn 0.8068 -0.3279 0.4914
vn -0.2181 -0.3279 -0.9192
vn 0.0115 -0.3727 -0.9279
vn 0.5406 -0.3761 -0.7525
vn 0.0050 -0.3762 -0.9265
vn 0.5361 -0.3727 -0.7574
vn 0.7167 -0.3279 -0.6155
vn 0.8220 -0.2691 -0.5020
vn 0.9086 -0.3079 -0.2824
vn 0.9057 -0.3109 0.2883
vn 0.9057 -0.3109 -0.2883
vn 0.9086 -0.3079 0.2824
vn 0.8220 -0.2691 0.5020
vn -0.2234 -0.2691 -0.9369
vn 0.0122 -0.3079 -0.9514
vn 0.5540 -0.3109 -0.7723
vn 0.0057 -0.3109 -0.9504
vn 0.5493 -0.3079 -0.7768
vn 0.7314 -0.2691 -0.6266
vn 0.8340 -0.2097 -0.5104
vn 0.9268 -0.2413 -0.2877
vn 0.9243 -0.2438 0.2937
vn 0.9243 -0.2438 -0.2937
vn 0.9268 -0.2413 0.2877
vn 0.8340 -0.2097 0.5104
vn -0.2277 -0.2097 -0.9509
vn 0.0128 -0.2413 -0.9704
vn 0.5649 -0.2438 -0.7883
vn 0.0063 -0.2438 -0.9698
vn 0.5600 -0.2413 -0.7926
vn 0.7431 -0.2097 -0.6355
vn 0.8430 -0.1500 -0.5166
vn 0.9407 -0.1733 -0.2917
vn 0.9384 -0.1752 0.2978
vn 0.9384 -0.1752 -0.2978
vn 0.9407 -0.1733 0.2917
vn 0.8430 -0.1500 0.5166
vn -0.2309 -0.1500 -0.9613
vn 0.0132 -0.1733 -0.9848
vn 0.5732 -0.1752 -0.8005
vn 0.0068 -0.1752 -0.9845
vn 0.5681 -0.1733 -0.8045
vn 0.7518 -0.1500 -0.6420
vn 0.8489 -0.0901 -0.5208
vn 0.9499 -0.1044 -0.2944
vn 0.9479 -0.1055 0.3006
vn 0.9479 -0.1055 -0.3006
vn 0.9499 -0.1044 0.2944
vn 0.8489 -0.0901 0.5208
vn -0.2330 -0.0901 -0.9683
vn 0.0135 -0.1044 -0.9944
vn 0.5788 -0.1055 -0.8086
vn 0.0071 -0.1055 -0.9944
vn 0.5736 -0.1044 -0.8125
vn 0.7577 -0.0901 -0.6464
vn 0.8519 -0.0301 0.5229
vn 0.9546 -0.0349 0.2958
vn 0.9527 -0.0352 -0.3019
vn 0.9527 -0.0352 0.3019
vn 0.9546 -0.0349 -0.2958
vn 0.8519 -0.0301 -0.5229
vn 0.7606 -0.0301 -0.6486
vn 0.5763 -0.0349 -0.8165
vn 0.0072 -0.0353 -0.9994
vn 0.5816 -0.0353 -0.8127
vn 0.0137 -0.0349 -0.9993
vn -0.2341 -0.0301 -0.9718
vn -0.9965 0.0301 -0.0777
vn -0.9462 0.0349 -0.3218
vn -0.5933 0.0352 -0.8042
vn -0.9482 0.0353 -0.3157
vn -0.5984 0.0349 -0.8004
vn -0.3818 0.0301 -0.9238
vn -0.9929 0.0901 -0.0776
vn -0.9416 0.1044 -0.3202
vn -0.5902 0.1055 -0.8003
vn -0.9435 0.1055 -0.3140
vn -0.5955 0.1044 -0.7966
vn -0.3806 0.0901 -0.9203
vn -0.9856 0.1500 -0.0775
vn -0.9325 0.1733 -0.3169
vn -0.5842 0.1752 -0.7925
vn -0.9342 0.1752 -0.3107
vn -0.5895 0.1733 -0.7889
vn -0.3783 0.1500 -0.9134
vn -0.9747 0.2097 -0.0773
vn -0.9189 0.2413 -0.3120
vn -0.5751 0.2438 -0.7809
vn -0.9204 0.2438 -0.3057
vn -0.5807 0.2413 -0.7775
vn -0.3747 0.2097 -0.9031
vn -0.9600 0.2691 -0.0771
vn -0.9010 0.3079 -0.3056
vn -0.5633 0.3109 -0.7656
vn -0.9021 0.3109 -0.2991
vn -0.5691 0.3079 -0.7625
vn -0.3699 0.2691 -0.8892
vn -0.9416 0.3279 -0.0767
vn -0.8789 0.3727 -0.2977
vn -0.5486 0.3761 -0.7467
vn -0.8797 0.3761 -0.2911
vn -0.5547 0.3727 -0.7439
vn -0.3639 0.3279 -0.8718
vn -0.9193 0.3861 -0.0761
vn -0.8528 0.4355 -0.2883
vn -0.5314 0.4392 -0.7244
vn -0.8531 0.4392 -0.2815
vn -0.5377 0.4355 -0.7219
vn -0.3565 0.3861 -0.8508
vn -0.8931 0.4434 -0.0754
vn -0.8228 0.4959 -0.2776
vn -0.5116 0.4998 -0.6989
vn -0.8228 0.4998 -0.2706
vn -0.5183 0.4959 -0.6968
vn -0.3477 0.4434 -0.8261
vn -0.8630 0.4997 -0.0744
vn -0.7893 0.5536 -0.2656
vn -0.4896 0.5575 -0.6705
vn -0.7889 0.5575 -0.2585
vn -0.4965 0.5536 -0.6686
vn -0.3374 0.4997 -0.7978
vn -0.8290 0.5545 -0.0731
vn -0.7524 0.6084 -0.2524
vn -0.4655 0.6121 -0.6393
vn -0.7518 0.6121 -0.2451
vn -0.4726 0.6084 -0.6376
vn -0.3257 0.5545 -0.7658
vn -0.7910 0.6077 -0.0715
vn -0.7125 0.6600 -0.2381
vn -0.4394 0.6635 -0.6056
vn -0.7117 0.6635 -0.2308
vn -0.4466 0.6600 -0.6041
vn -0.3124 0.6077 -0.7302
vn -0.7491 0.6588 -0.0694
vn -0.6698 0.7083 -0.2229
vn -0.4116 0.7114 -0.5697
vn -0.6690 0.7114 -0.2154
vn -0.4190 0.7083 -0.5682
vn -0.2975 0.6588 -0.6910
vn -0.7035 0.7076 -0.0668
vn -0.6247 0.7530 -0.2067
vn -0.3823 0.7557 -0.5318
vn -0.6239 0.7557 -0.1993
vn -0.3896 0.7530 -0.5302
vn -0.2809 0.7076 -0.6484
vn -0.6542 0.7536 -0.0637
vn -0.5773 0.7942 -0.1898
vn -0.3517 0.7963 -0.4921
vn -0.5767 0.7963 -0.1824
vn -0.3589 0.7942 -0.4904
vn -0.2627 0.7536 -0.6025
vn -0.6016 0.7965 -0.0599
vn -0.5280 0.8316 -0.1722
vn -0.3199 0.8333 -0.4509
vn -0.5277 0.8333 -0.1649
vn -0.3270 0.8316 -0.4489
vn -0.2429 0.7965 -0.5537
vn -0.5459 0.8360 -0.0555
vn -0.4770 0.8653 -0.1541
vn -0.2871 0.8665 -0.4084
vn -0.4772 0.8665 -0.1468
vn -0.2939 0.8653 -0.4061
vn -0.2214 0.8360 -0.5021
vn -0.4875 0.8717 -0.0502
vn -0.4246 0.8952 -0.1354
vn -0.2534 0.8959 -0.3648
vn -0.4252 0.8959 -0.1283
vn -0.2600 0.8952 -0.3620
vn -0.1984 0.8717 -0.4481
vn -0.4268 0.9033 -0.0442
vn -0.3709 0.9213 -0.1163
vn -0.2191 0.9217 -0.3201
vn -0.3722 0.9217 -0.1094
vn -0.2253 0.9213 -0.3168
vn -0.1739 0.9033 -0.3922
vn -0.3641 0.9306 -0.0373
vn -0.3162 0.9437 -0.0969
vn -0.1841 0.9438 -0.2746
vn -0.3181 0.9438 -0.0902
vn -0.1899 0.9437 -0.2708
vn -0.1480 0.9306 -0.3347
vn -0.2999 0.9535 -0.0296
vn -0.2606 0.9623 -0.0772
vn -0.1486 0.9622 -0.2283
vn -0.2631 0.9622 -0.0708
vn -0.1540 0.9623 -0.2240
vn -0.1208 0.9535 -0.2761
vn -0.2348 0.9718 -0.0209
vn -0.2044 0.9772 -0.0573
vn -0.1127 0.9769 -0.1813
vn -0.2073 0.9769 -0.0512
vn -0.1177 0.9772 -0.1767
vn -0.0925 0.9718 -0.2168
vn -0.1691 0.9855 -0.0114
vn -0.1475 0.9884 -0.0373
vn -0.0765 0.9881 -0.1338
vn -0.1509 0.9881 -0.0314
vn -0.0810 0.9884 -0.1288
vn -0.0631 0.9855 -0.1573
vn -0.1033 0.9946 -0.0011
vn -0.0903 0.9958 -0.0171
vn -0.0400 0.9955 -0.0858
vn -0.0939 0.9955 -0.0115
vn -0.0442 0.9958 -0.0806
vn -0.0330 0.9946 -0.0979
vn -0.0379 0.9992 0.0100
vn -0.0330 0.9995 0.0030
vn -0.0033 0.9993 -0.0374
vn -0.0366 0.9993 0.0084
vn -0.0073 0.9995 -0.0323
vn -0.0022 0.9992 -0.0391
vn 0.0268 0.9994 0.0219
vn 0.0244 0.9994 0.0230
vn 0.0333 0.9994 0.0113
vn 0.0210 0.9994 0.0282
vn 0.0294 0.9994 0.0161
vn 0.0291 0.9994 0.0187
vn 0.0902 0.9953 0.0343
vn 0.0814 0.9958 0.0429
vn 0.0697 0.9958 0.0599
vn 0.0785 0.9958 0.0478
vn 0.0659 0.9958 0.0642
vn 0.0605 0.9953 0.0752
vn 0.1521 0.9872 0.0472
vn 0.1378 0.9885 0.0624
vn 0.1057 0.9885 0.1082
vn 0.1356 0.9885 0.0670
vn 0.1019 0.9885 0.1118
vn 0.0919 0.9872 0.1300
vn 0.2120 0.9754 0.0605
vn 0.1933 0.9777 0.0815
vn 0.1410 0.9776 0.1561
vn 0.1920 0.9776 0.0858
vn 0.1372 0.9777 0.1587
vn 0.1231 0.9754 0.1829
vn 0.2696 0.9601 0.0741
vn 0.2476 0.9637 0.1000
vn 0.1754 0.9633 0.2031
vn 0.2474 0.9633 0.1040
vn 0.1716 0.9637 0.2045
vn 0.1538 0.9601 0.2335
vn 0.3247 0.9417 0.0877
vn 0.3002 0.9466 0.1178
vn 0.2086 0.9458 0.2490
vn 0.3013 0.9458 0.1214
vn 0.2048 0.9466 0.2491
vn 0.1838 0.9417 0.2817
vn 0.3770 0.9207 0.1013
vn 0.3509 0.9267 0.1348
vn 0.2403 0.9253 0.2934
vn 0.3533 0.9253 0.1379
vn 0.2366 0.9267 0.2921
vn 0.2129 0.9207 0.3272
vn 0.4264 0.8972 0.1148
vn 0.3995 0.9042 0.1508
vn 0.2704 0.9021 0.3362
vn 0.4033 0.9021 0.1533
vn 0.2669 0.9042 0.3334
vn 0.2409 0.8972 0.3700
vn 0.4727 0.8719 0.1280
vn 0.4458 0.8797 0.1658
vn 0.2987 0.8767 0.3771
vn 0.4509 0.8767 0.1675
vn 0.2954 0.8797 0.3727
vn 0.2678 0.8719 0.4101
vn 0.5160 0.8449 0.1408
vn 0.4895 0.8533 0.1797
vn 0.3249 0.8493 0.4160
vn 0.4961 0.8493 0.1804
vn 0.3222 0.8533 0.4100
vn 0.2934 0.8449 0.4473
vn 0.5564 0.8167 0.1533
vn 0.5308 0.8253 0.1925
vn 0.3491 0.8204 0.4529
vn 0.5386 0.8204 0.1921
vn 0.3471 0.8253 0.4453
vn 0.3178 0.8167 0.4818
vn 0.5938 0.7874 0.1654
vn 0.5696 0.7961 0.2042
vn 0.3712 0.7901 0.4878
vn 0.5786 0.7901 0.2023
vn 0.3702 0.7961 0.4787
vn 0.3408 0.7874 0.5137
vn 0.6286 0.7573 0.1770
vn 0.6061 0.7659 0.2147
vn 0.3912 0.7587 0.5209
vn 0.6163 0.7587 0.2111
vn 0.3915 0.7659 0.5101
vn 0.3626 0.7573 0.5432
vn 0.6610 0.7264 0.1881
vn 0.6404 0.7346 0.2241
vn 0.4092 0.7263 0.5522
vn 0.6517 0.7263 0.2186
vn 0.4111 0.7346 0.5398
vn 0.3832 0.7264 0.5705
vn 0.6913 0.6947 0.1988
vn 0.6729 0.7023 0.2325
vn 0.4253 0.6929 0.5822
vn 0.6851 0.6929 0.2246
vn 0.4291 0.7023 0.5681
vn 0.4027 0.6947 0.5960
vn 0.7199 0.6619 0.2092
vn 0.7037 0.6687 0.2399
vn 0.4397 0.6583 0.6110
vn 0.7170 0.6583 0.2293
vn 0.4456 0.6687 0.5952
vn 0.4214 0.6619 0.6200
vn 0.7471 0.6275 0.2192
vn 0.7335 0.6335 0.2464
vn 0.4524 0.6220 0.6391
vn 0.7476 0.6220 0.2327
vn 0.4610 0.6335 0.6214
vn 0.4393 0.6275 0.6428
vn 0.7736 0.5909 0.2289
vn 0.7625 0.5959 0.2522
vn 0.4637 0.5834 0.6668
vn 0.7774 0.5834 0.2350
vn 0.4755 0.5959 0.6472
vn 0.4567 0.5909 0.6650
vn 0.7997 0.5510 0.2385
vn 0.7911 0.5549 0.2573
vn 0.4739 0.5416 0.6943
vn 0.8068 0.5416 0.2361
vn 0.4892 0.5549 0.6729
vn 0.4739 0.5510 0.6868
vn 0.8258 0.5065 0.2479
vn 0.8198 0.5091 0.2620
vn 0.4831 0.4952 0.7220
vn 0.8360 0.4952 0.2364
vn 0.5025 0.5091 0.6987
vn 0.4910 0.5065 0.7088
vn 0.8523 0.4554 0.2573
vn 0.8487 0.4570 0.2664
vn 0.4917 0.4428 0.7498
vn 0.8650 0.4428 0.2359
vn 0.5156 0.4570 0.7248
vn 0.5081 0.4554 0.7311
vn 0.8788 0.3959 0.2665
vn 0.8773 0.3964 0.2705
vn 0.4996 0.3826 0.7771
vn 0.8935 0.3826 0.2350
vn 0.5283 0.3964 0.7508
vn 0.5250 0.3959 0.7534
vn 0.9044 0.3260 0.2752
vn 0.9048 0.3258 0.2743
vn 0.5069 0.3132 0.8031
vn 0.9204 0.3132 0.2339
vn 0.5405 0.3258 0.7757
vn 0.5412 0.3260 0.7751
vn 0.9274 0.2446 0.2829
vn 0.9292 0.2440 0.2777
vn 0.5132 0.2337 0.8258
vn 0.9440 0.2337 0.2329
vn 0.5513 0.2440 0.7979
vn 0.5556 0.2446 0.7946
vn 0.9452 0.1523 0.2888
vn 0.9478 0.1517 0.2803
vn 0.5180 0.1448 0.8430
vn 0.9619 0.1448 0.2321
vn 0.5595 0.1517 0.8148
vn 0.5667 0.1523 0.8097
vn 0.9550 0.0518 0.2920
vn 0.9581 0.0515 0.2818
vn 0.5206 0.0491 0.8524
vn 0.9716 0.0491 0.2317
vn 0.5641 0.0515 0.8241
vn 0.5728 0.0518 0.8181
vn 0.9550 -0.0518 0.2920
vn 0.9581 -0.0515 0.2818
vn 0.5206 -0.0491 0.8524
vn 0.9716 -0.0491 0.2317
vn 0.5641 -0.0515 0.8241
vn 0.5728 -0.0518 0.8181
vn 0.9452 -0.1523 0.2888
vn 0.9478 -0.1517 0.2803
vn 0.5180 -0.1448 0.8430
vn 0.9619 -0.1448 0.2321
vn 0.5595 -0.1517 0.8148
vn 0.5667 -0.1523 0.8097
vn 0.9274 -0.2446 0.2829
vn 0.9292 -0.2440 0.2777
vn 0.5132 -0.2337 0.8258
vn 0.9440 -0.2337 0.2329
vn 0.5513 -0.2440 0.7979
vn 0.5556 -0.2446 0.7946
vn 0.9044 -0.3260 0.2752
vn 0.9048 -0.3258 0.2743
vn 0.5069 -0.3132 0.8031
vn 0.9204 -0.3132 0.2339
vn 0.5405 -0.3258 0.7757
vn 0.5412 -0.3260 0.7751
vn 0.8788 -0.3959 0.2665
vn 0.8773 -0.3964 0.2705
vn 0.4996 -0.3826 0.7771
vn 0.8935 -0.3826 0.2350
vn 0.5283 -0.3964 0.7508
vn 0.5250 -0.3959 0.7534
vn 0.8523 -0.4554 0.2573
vn 0.8487 -0.4570 0.2664
vn 0.4917 -0.4428 0.7498
vn 0.8650 -0.4428 0.2359
vn 0.5156 -0.4570 0.7248
vn 0.5081 -0.4554 0.7311
vn 0.8258 -0.5065 0.2479
vn 0.8198 -0.5091 0.2620
vn 0.4831 -0.4952 0.7220
vn 0.8360 -0.4952 0.2364
vn 0.5025 -0.5091 0.6987
vn 0.4910 -0.5065 0.7088
vn 0.7997 -0.5510 0.2385
vn 0.7911 -0.5549 0.2573
vn 0.4739 -0.5416 0.6943
vn 0.8068 -0.5416 0.2361
vn 0.4892 -0.5549 0.6729
vn 0.4739 -0.5510 0.6868
vn 0.7736 -0.5909 0.2289
vn 0.7625 -0.5959 0.2522
vn 0.4637 -0.5834 0.6668
vn 0.7774 -0.5834 0.2350
vn 0.4755 -0.5959 0.6472
vn 0.4567 -0.5909 0.6650
vn 0.7471 -0.6275 0.2192
vn 0.7335 -0.6335 0.2464
vn 0.4524 -0.6220 0.6391
vn 0.7476 -0.6220 0.2327
vn 0.4610 -0.6335 0.6214
vn 0.4393 -0.6275 0.6428
vn 0.7199 -0.6619 0.2092
vn 0.7037 -0.6687 0.2399
vn 0.4397 -0.6583 0.6110
vn 0.7170 -0.6583 0.2293
vn 0.4456 -0.6687 0.5952
vn 0.4214 -0.6619 0.6200
vn 0.6913 -0.6947 0.1988
vn 0.6729 -0.7023 0.2325
vn 0.4253 -0.6929 0.5822
vn 0.6851 -0.6929 0.2246
vn 0.4291 -0.7023 0.5681
vn 0.4027 -0.6947 0.5960
vn 0.6610 -0.7264 0.1881
vn 0.6404 -0.7346 0.2241
vn 0.4092 -0.7263 0.5522
vn 0.6517 -0.7263 0.2186
vn 0.4111 -0.7346 0.5398
vn 0.3832 -0.7264 0.5705
vn 0.6286 -0.7573 0.1770
vn 0.6061 -0.7659 0.2147
vn 0.3912 -0.7587 0.5209
vn 0.6163 -0.7587 0.2111
vn 0.3915 -0.7659 0.5101
vn 0.3626 -0.7573 0.5432
vn 0.5938 -0.7874 0.1654
vn 0.5696 -0.7961 0.2042
vn 0.3712 -0.7901 0.4878
vn 0.5786 -0.7901 0.2023
vn 0.3702 -0.7961 0.4787
vn 0.3408 -0.7874 0.5137
vn 0.5564 -0.8167 0.1533
vn 0.5308 -0.8253 0.1925
vn 0.3491 -0.8204 0.4529
vn 0.5386 -0.8204 0.1921
vn 0.3471 -0.8253 0.4453
vn 0.3178 -0.8167 0.4818
vn 0.5160 -0.8449 0.1408
vn 0.4895 -0.8533 0.1797
vn 0.3249 -0.8493 0.4160
vn 0.4961 -0.8493 0.1804
vn 0.3222 -0.8533 0.4100
vn 0.2934 -0.8449 0.4473
vn 0.4727 -0.8719 0.1280
vn 0.4458 -0.8797 0.1658
vn 0.2987 -0.8767 0.3771
vn 0.4509 -0.8767 0.1675
vn 0.2954 -0.8797 0.3727
vn 0.2678 -0.8719 0.4101
vn 0.4264 -0.8972 0.1148
vn 0.3995 -0.9042 0.1508
vn 0.2704 -0.9021 0.3362
vn 0.4033 -0.9021 0.1533
vn 0.2669 -0.9042 0.3334
vn 0.2409 -0.8972 0.3700
vn 0.3770 -0.9207 0.1013
vn 0.3509 -0.9267 0.1348
vn 0.2403 -0.9253 0.2934
vn 0.3533 -0.9253 0.1379
vn 0.2366 -0.9267 0.2921
vn 0.2129 -0.9207 0.3272
vn 0.3247 -0.9417 0.0877
vn 0.3002 -0.9466 0.1178
vn 0.2086 -0.9458 0.2490
vn 0.3013 -0.9458 0.1214
vn 0.2048 -0.9466 0.2491
vn 0.1838 -0.9417 0.2817
vn 0.2696 -0.9601 0.0741
vn 0.2476 -0.9637 0.1000
vn 0.1754 -0.9633 0.2031
vn 0.2474 -0.9633 0.1040
vn 0.1716 -0.9637 0.2045
vn 0.1538 -0.9601 0.2335
vn 0.2120 -0.9754 0.0605
vn 0.1933 -0.9777 0.0815
vn 0.1410 -0.9776 0.1561
vn 0.1920 -0.9776 0.0858
vn 0.1372 -0.9777 0.1587
vn 0.1231 -0.9754 0.1829
vn 0.1521 -0.9872 0.0472
vn 0.1378 -0.9885 0.0624
vn 0.1057 -0.9885 0.1082
vn 0.1356 -0.9885 0.0670
vn 0.1019 -0.9885 0.1118
vn 0.0919 -0.9872 0.1300
vn 0.0902 -0.9953 0.0343
vn 0.0814 -0.9958 0.0429
vn 0.0697 -0.9958 0.0599
vn 0.0785 -0.9958 0.0478
vn 0.0659 -0.9958 0.0642
vn 0.0605 -0.9953 0.0752
vn 0.0268 -0.9994 0.0219
vn 0.0244 -0.9994 0.0230
vn 0.0333 -0.9994 0.0113
vn 0.0210 -0.9994 0.0282
vn 0.0294 -0.9994 0.0161
vn 0.0291 -0.9994 0.0187
vn -0.0379 -0.9992 0.0100
vn -0.0330 -0.9995 0.0030
vn -0.0033 -0.9993 -0.0374
vn -0.0366 -0.9993 0.0084
vn -0.0073 -0.9995 -0.0323
vn -0.0022 -0.9992 -0.0391
vn -0.1033 -0.9946 -0.0011
vn -0.0903 -0.9958 -0.0171
vn -0.0400 -0.9955 -0.0858
vn -0.0939 -0.9955 -0.0115
vn -0.0442 -0.9958 -0.0806
vn -0.0330 -0.9946 -0.0979
vn -0.1691 -0.9855 -0.0114
vn -0.1475 -0.9884 -0.0373
vn -0.0765 -0.9881 -0.1338
vn -0.1509 -0.9881 -0.0314
vn -0.0810 -0.9884 -0.1288
vn -0.0631 -0.9855 -0.1573
vn -0.2348 -0.9718 -0.0209
vn -0.2044 -0.9772 -0.0573
vn -0.1127 -0.9769 -0.1813
vn -0.2073 -0.9769 -0.0512
vn -0.1177 -0.9772 -0.1767
vn -0.0925 -0.9718 -0.2168
vn -0.2999 -0.9535 -0.0296
vn -0.2606 -0.9623 -0.0772
vn -0.1486 -0.9622 -0.2283
vn -0.2631 -0.9622 -0.0708
vn -0.1540 -0.9623 -0.2240
vn -0.1208 -0.9535 -0.2761
vn -0.3641 -0.9306 -0.0373
vn -0.3162 -0.9437 -0.0969
vn -0.1841 -0.9438 -0.2746
vn -0.3181 -0.9438 -0.0902
vn -0.1899 -0.9437 -0.2708
vn -0.1480 -0.9306 -0.3347
vn -0.4268 -0.9033 -0.0442
vn -0.3709 -0.9213 -0.1163
vn -0.2191 -0.9217 -0.3201
vn -0.3722 -0.9217 -0.1094
vn -0.2253 -0.9213 -0.3168
vn -0.1739 -0.9033 -0.3922
vn -0.4875 -0.8717 -0.0502
vn -0.4246 -0.8952 -0.1354
vn -0.2534 -0.8959 -0.3648
vn -0.4252 -0.8959 -0.1283
vn -0.2600 -0.8952 -0.3620
vn -0.1984 -0.8717 -0.4481
vn -0.5459 -0.8360 -0.0555
vn -0.4770 -0.8653 -0.1541
vn -0.2871 -0.8665 -0.4084
vn -0.4772 -0.8665 -0.1468
vn -0.2939 -0.8653 -0.4061
vn -0.2214 -0.8360 -0.5021
vn -0.6016 -0.7965 -0.0599
vn -0.5280 -0.8316 -0.1722
vn -0.3199 -0.8333 -0.4509
vn -0.5277 -0.8333 -0.1649
vn -0.3270 -0.8316 -0.4489
vn -0.2429 -0.7965 -0.5537
vn -0.6542 -0.7536 -0.0637
vn -0.5773 -0.7942 -0.1898
vn -0.3517 -0.7963 -0.4921
vn -0.5767 -0.7963 -0.1824
vn -0.3589 -0.7942 -0.4904
vn -0.2627 -0.7536 -0.6025
vn -0.7035 -0.7076 -0.0668
vn -0.6247 -0.7530 -0.2067
vn -0.3823 -0.7557 -0.5318
vn -0.6239 -0.7557 -0.1993
vn -0.3896 -0.7530 -0.5302
vn -0.2809 -0.7076 -0.6484
vn -0.7491 -0.6588 -0.0694
vn -0.6698 -0.7083 -0.2229
vn -0.4116 -0.7114 -0.5697
vn -0.6690 -0.7114 -0.2154
vn -0.4190 -0.7083 -0.5682
vn -0.2975 -0.6588 -0.6910
vn -0.7910 -0.6077 -0.0715
vn -0.7125 -0.6600 -0.2381
vn -0.4394 -0.6635 -0.6056
vn -0.7117 -0.6635 -0.2308
vn -0.4466 -0.6600 -0.6041
vn -0.3124 -0.6077 -0.7302
vn -0.8290 -0.5545 -0.0731
vn -0.7524 -0.6084 -0.2524
vn -0.4655 -0.6121 -0.6393
vn -0.7518 -0.6121 -0.2451
vn -0.4726 -0.6084 -0.6376
vn -0.3257 -0.5545 -0.7658
vn -0.8630 -0.4997 -0.0744
vn -0.7893 -0.5536 -0.2656
vn -0.4896 -0.5575 -0.6705
vn -0.7889 -0.5575 -0.2585
vn -0.4965 -0.5536 -0.6686
vn -0.3374 -0.4997 -0.7978
vn -0.8931 -0.4434 -0.0754
vn -0.8228 -0.4959 -0.2776
vn -0.5116 -0.4998 -0.6989
vn -0.8228 -0.4998 -0.2706
vn -0.5183 -0.4959 -0.6968
vn -0.3477 -0.4434 -0.8261
vn -0.9193 -0.3861 -0.0761
vn -0.8528 -0.4355 -0.2883
vn -0.5314 -0.4392 -0.7244
vn -0.8531 -0.4392 -0.2815
vn -0.5377 -0.4355 -0.7219
vn -0.3565 -0.3861 -0.8508
vn -0.9416 -0.3279 -0.0767
vn -0.8789 -0.3727 -0.2977
vn -0.5486 -0.3761 -0.7467
vn -0.8797 -0.3761 -0.2911
vn -0.5547 -0.3727 -0.7439
vn -0.3639 -0.3279 -0.8718
vn -0.9600 -0.2691 -0.0771
vn -0.9010 -0.3079 -0.3056
vn -0.5633 -0.3109 -0.7656
vn -0.9022 -0.3109 -0.2991
vn -0.5691 -0.3079 -0.7625
vn -0.3699 -0.2691 -0.8892
vn -0.9747 -0.2097 -0.0773
vn -0.9189 -0.2413 -0.3120
vn -0.5751 -0.2438 -0.7809
vn -0.9204 -0.2438 -0.3057
vn -0.5807 -0.2413 -0.7775
vn -0.3747 -0.2097 -0.9031
vn -0.9856 -0.1500 -0.0775
vn -0.9325 -0.1733 -0.3169
vn -0.5842 -0.1752 -0.7925
vn -0.9342 -0.1752 -0.3107
vn -0.5895 -0.1733 -0.7889
vn -0.3783 -0.1500 -0.9134
vn -0.9929 -0.0901 -0.0776
vn -0.9416 -0.1044 -0.3202
vn -0.5902 -0.1055 -0.8003
vn -0.9435 -0.1055 -0.3140
vn -0.5955 -0.1044 -0.7966
vn -0.3806 -0.0901 -0.9203
vn -0.3818 -0.0301 -0.9238
vn -0.5984 -0.0349 -0.8004
vn -0.9482 -0.0353 -0.3157
vn -0.5933 -0.0352 -0.8042
vn -0.9462 -0.0349 -0.3218
vn -0.9965 -0.0301 -0.0777
vn -0.3818 0.0301 0.9238
vn -0.5984 0.0349 0.8004
vn -0.9482 0.0352 0.3157
vn -0.5933 0.0352 0.8042
vn -0.9462 0.0349 0.3218
vn -0.9965 0.0301 0.0777
vn -0.3806 0.0901 0.9203
vn -0.5955 0.1044 0.7966
vn -0.9435 0.1055 0.3140
vn -0.5902 0.1055 0.8003
vn -0.9416 0.1044 0.3202
vn -0.9929 0.0901 0.0776
vn -0.3783 0.1500 0.9134
vn -0.5895 0.1733 0.7889
vn -0.9342 0.1752 0.3107
vn -0.5842 0.1752 0.7925
vn -0.9325 0.1733 0.3169
vn -0.9856 0.1500 0.0775
vn -0.3747 0.2097 0.9031
vn -0.5807 0.2413 0.7775
vn -0.9204 0.2438 0.3057
vn -0.5752 0.2438 0.7809
vn -0.9189 0.2413 0.3120
vn -0.9747 0.2097 0.0773
vn -0.3699 0.2691 0.8892
vn -0.5691 0.3079 0.7625
vn -0.9021 0.3109 0.2991
vn -0.5633 0.3109 0.7656
vn -0.9010 0.3079 0.3056
vn -0.9600 0.2691 0.0771
vn -0.3639 0.3279 0.8718
vn -0.5547 0.3727 0.7439
vn -0.8797 0.3761 0.2911
vn -0.5486 0.3761 0.7467
vn -0.8789 0.3727 0.2977
vn -0.9416 0.3279 0.0767
vn -0.3565 0.3861 0.8508
vn -0.5377 0.4355 0.7219
vn -0.8531 0.4392 0.2815
vn -0.5314 0.4392 0.7244
vn -0.8528 0.4355 0.2883
vn -0.9193 0.3861 0.0761
vn -0.3477 0.4434 0.8261
vn -0.5183 0.4959 0.6968
vn -0.8228 0.4997 0.2706
vn -0.5116 0.4998 0.6989
vn -0.8228 0.4959 0.2776
vn -0.8931 0.4434 0.0754
vn -0.3374 0.4997 0.7978
vn -0.4965 0.5536 0.6686
vn -0.7889 0.5575 0.2585
vn -0.4896 0.5575 0.6705
vn -0.7893 0.5536 0.2656
vn -0.8630 0.4997 0.0744
vn -0.3257 0.5545 0.7658
vn -0.4726 0.6084 0.6376
vn -0.7518 0.6121 0.2451
vn -0.4655 0.6121 0.6393
vn -0.7524 0.6084 0.2524
vn -0.8290 0.5545 0.0731
vn -0.3124 0.6077 0.7302
vn -0.4466 0.6600 0.6041
vn -0.7117 0.6635 0.2308
vn -0.4394 0.6635 0.6056
vn -0.7125 0.6600 0.2381
vn -0.7910 0.6077 0.0715
vn -0.2975 0.6588 0.6910
vn -0.4189 0.7083 0.5682
vn -0.6690 0.7114 0.2154
vn -0.4116 0.7114 0.5697
vn -0.6698 0.7083 0.2229
vn -0.7491 0.6588 0.0694
vn -0.2809 0.7076 0.6484
vn -0.3896 0.7530 0.5302
vn -0.6239 0.7557 0.1993
vn -0.3823 0.7557 0.5318
vn -0.6247 0.7530 0.2067
vn -0.7035 0.7076 0.0668
vn -0.2627 0.7536 0.6025
vn -0.3589 0.7942 0.4904
vn -0.5767 0.7963 0.1824
vn -0.3517 0.7963 0.4921
vn -0.5773 0.7942 0.1898
vn -0.6542 0.7536 0.0637
vn -0.2429 0.7965 0.5537
vn -0.3270 0.8316 0.4489
vn -0.5277 0.8333 0.1649
vn -0.3199 0.8333 0.4509
vn -0.5280 0.8316 0.1722
vn -0.6016 0.7965 0.0599
vn -0.2214 0.8360 0.5021
vn -0.2939 0.8653 0.4061
vn -0.4772 0.8665 0.1468
vn -0.2871 0.8665 0.4084
vn -0.4770 0.8653 0.1541
vn -0.5459 0.8360 0.0555
vn -0.1984 0.8717 0.4481
vn -0.2600 0.8952 0.3620
vn -0.4252 0.8959 0.1283
vn -0.2534 0.8959 0.3648
vn -0.4246 0.8952 0.1354
vn -0.4875 0.8717 0.0502
vn -0.1739 0.9033 0.3922
vn -0.2253 0.9213 0.3168
vn -0.3722 0.9217 0.1094
vn -0.2191 0.9217 0.3201
vn -0.3709 0.9213 0.1163
vn -0.4268 0.9033 0.0442
vn -0.1480 0.9306 0.3347
vn -0.1899 0.9437 0.2708
vn -0.3181 0.9438 0.0902
vn -0.1841 0.9438 0.2746
vn -0.3162 0.9437 0.0969
vn -0.3641 0.9306 0.0373
vn -0.1208 0.9535 0.2761
vn -0.1540 0.9623 0.2240
vn -0.2631 0.9622 0.0708
vn -0.1486 0.9622 0.2283
vn -0.2606 0.9623 0.0772
vn -0.2999 0.9535 0.0296
vn -0.0925 0.9718 0.2168
vn -0.1177 0.9772 0.1767
vn -0.2073 0.9769 0.0512
vn -0.1127 0.9769 0.1813
vn -0.2044 0.9772 0.0573
vn -0.2348 0.9718 0.0209
vn -0.0631 0.9855 0.1573
vn -0.0810 0.9884 0.1288
vn -0.1509 0.9881 0.0314
vn -0.0765 0.9881 0.1338
vn -0.1475 0.9884 0.0373
vn -0.1691 0.9855 0.0114
vn -0.0330 0.9946 0.0979
vn -0.0442 0.9958 0.0806
vn -0.0939 0.9955 0.0115
vn -0.0400 0.9955 0.0858
vn -0.0903 0.9958 0.0171
vn -0.1033 0.9946 0.0011
vn -0.0022 0.9992 0.0391
vn -0.0073 0.9995 0.0323
vn -0.0366 0.9993 -0.0084
vn -0.0033 0.9993 0.0374
vn -0.0330 0.9995 -0.0030
vn -0.0379 0.9992 -0.0100
vn 0.0291 0.9994 -0.0187
vn 0.0294 0.9994 -0.0161
vn 0.0210 0.9994 -0.0282
vn 0.0333 0.9994 -0.0113
vn 0.0244 0.9994 -0.0230
vn 0.0268 0.9994 -0.0219
vn 0.0605 0.9953 -0.0752
vn 0.0659 0.9958 -0.0642
vn 0.0785 0.9958 -0.0478
vn 0.0697 0.9958 -0.0599
vn 0.0814 0.9958 -0.0429
vn 0.0902 0.9953 -0.0343
vn 0.0919 0.9872 -0.1300
vn 0.1019 0.9885 -0.1118
vn 0.1356 0.9885 -0.0670
vn 0.1057 0.9885 -0.1083
vn 0.1378 0.9885 -0.0624
vn 0.1521 0.9872 -0.0472
vn 0.1231 0.9754 -0.1829
vn 0.1372 0.9777 -0.1587
vn 0.1920 0.9776 -0.0858
vn 0.1410 0.9776 -0.1561
vn 0.1933 0.9777 -0.0815
vn 0.2120 0.9754 -0.0605
vn 0.1538 0.9601 -0.2335
vn 0.1716 0.9637 -0.2045
vn 0.2474 0.9633 -0.1040
vn 0.1754 0.9633 -0.2031
vn 0.2476 0.9637 -0.1000
vn 0.2696 0.9601 -0.0741
vn 0.1838 0.9417 -0.2817
vn 0.2048 0.9466 -0.2491
vn 0.3013 0.9458 -0.1214
vn 0.2086 0.9458 -0.2490
vn 0.3002 0.9466 -0.1178
vn 0.3247 0.9417 -0.0877
vn 0.2129 0.9207 -0.3272
vn 0.2366 0.9267 -0.2921
vn 0.3534 0.9253 -0.1379
vn 0.2403 0.9253 -0.2934
vn 0.3509 0.9267 -0.1348
vn 0.3770 0.9207 -0.1013
vn 0.2409 0.8972 -0.3700
vn 0.2669 0.9042 -0.3334
vn 0.4033 0.9021 -0.1533
vn 0.2704 0.9021 -0.3362
vn 0.3995 0.9042 -0.1508
vn 0.4264 0.8972 -0.1148
vn 0.2678 0.8719 -0.4101
vn 0.2954 0.8797 -0.3727
vn 0.4509 0.8767 -0.1675
vn 0.2987 0.8767 -0.3771
vn 0.4458 0.8797 -0.1658
vn 0.4727 0.8719 -0.1280
vn 0.2934 0.8449 -0.4473
vn 0.3222 0.8533 -0.4100
vn 0.4961 0.8493 -0.1804
vn 0.3249 0.8493 -0.4160
vn 0.4895 0.8533 -0.1797
vn 0.5160 0.8449 -0.1408
vn 0.3178 0.8167 -0.4818
vn 0.3471 0.8253 -0.4453
vn 0.5386 0.8204 -0.1921
vn 0.3491 0.8204 -0.4529
vn 0.5308 0.8253 -0.1925
vn 0.5564 0.8167 -0.1533
vn 0.3408 0.7874 -0.5137
vn 0.3702 0.7961 -0.4787
vn 0.5786 0.7901 -0.2023
vn 0.3712 0.7901 -0.4878
vn 0.5696 0.7961 -0.2042
vn 0.5938 0.7874 -0.1654
vn 0.3626 0.7573 -0.5432
vn 0.3915 0.7659 -0.5101
vn 0.6163 0.7587 -0.2111
vn 0.3912 0.7587 -0.5209
vn 0.6061 0.7659 -0.2147
vn 0.6286 0.7573 -0.1770
vn 0.3832 0.7264 -0.5705
vn 0.4111 0.7346 -0.5398
vn 0.6517 0.7263 -0.2186
vn 0.4092 0.7263 -0.5522
vn 0.6404 0.7346 -0.2241
vn 0.6610 0.7264 -0.1881
vn 0.4027 0.6947 -0.5960
vn 0.4291 0.7023 -0.5681
vn 0.6851 0.6929 -0.2246
vn 0.4253 0.6929 -0.5822
vn 0.6729 0.7023 -0.2325
vn 0.6913 0.6947 -0.1988
vn 0.4214 0.6619 -0.6200
vn 0.4456 0.6687 -0.5952
vn 0.7170 0.6583 -0.2293
vn 0.4397 0.6583 -0.6110
vn 0.7037 0.6687 -0.2399
vn 0.7199 0.6619 -0.2092
vn 0.4393 0.6275 -0.6428
vn 0.4610 0.6335 -0.6214
vn 0.7476 0.6220 -0.2327
vn 0.4524 0.6220 -0.6391
vn 0.7335 0.6335 -0.2464
vn 0.7471 0.6275 -0.2192
vn 0.4567 0.5909 -0.6650
vn 0.4755 0.5959 -0.6472
vn 0.7774 0.5834 -0.2350
vn 0.4637 0.5834 -0.6668
vn 0.7625 0.5959 -0.2522
vn 0.7736 0.5909 -0.2289
vn 0.4739 0.5510 -0.6868
vn 0.4892 0.5549 -0.6729
vn 0.8068 0.5416 -0.2361
vn 0.4739 0.5416 -0.6943
vn 0.7911 0.5549 -0.2573
vn 0.7997 0.5510 -0.2385
vn 0.4910 0.5065 -0.7088
vn 0.5025 0.5091 -0.6987
vn 0.8360 0.4952 -0.2364
vn 0.4831 0.4952 -0.7220
vn 0.8198 0.5091 -0.2620
vn 0.8258 0.5065 -0.2479
vn 0.5081 0.4554 -0.7311
vn 0.5156 0.4570 -0.7248
vn 0.8650 0.4428 -0.2359
vn 0.4917 0.4428 -0.7498
vn 0.8487 0.4570 -0.2664
vn 0.8523 0.4554 -0.2573
vn 0.5250 0.3959 -0.7534
vn 0.5283 0.3964 -0.7508
vn 0.8935 0.3826 -0.2350
vn 0.4996 0.3826 -0.7771
vn 0.8773 0.3964 -0.2705
vn 0.8788 0.3959 -0.2665
vn 0.5412 0.3260 -0.7751
vn 0.5405 0.3258 -0.7757
vn 0.9204 0.3132 -0.2339
vn 0.5069 0.3132 -0.8031
vn 0.9048 0.3258 -0.2743
vn 0.9044 0.3260 -0.2752
vn 0.5556 0.2446 -0.7946
vn 0.5513 0.2440 -0.7979
vn 0.9440 0.2337 -0.2329
vn 0.5132 0.2337 -0.8258
vn 0.9292 0.2440 -0.2777
vn 0.9274 0.2446 -0.2829
vn 0.5667 0.1523 -0.8097
vn 0.5595 0.1517 -0.8148
vn 0.9619 0.1448 -0.2321
vn 0.5180 0.1448 -0.8430
vn 0.9478 0.1517 -0.2803
vn 0.9452 0.1523 -0.2888
vn 0.5728 0.0518 -0.8181
vn 0.5641 0.0515 -0.8241
vn 0.9716 0.0491 -0.2317
vn 0.5206 0.0491 -0.8524
vn 0.9581 0.0515 -0.2818
vn 0.9550 0.0518 -0.2920
vn 0.5728 -0.0518 -0.8181
vn 0.5641 -0.0515 -0.8241
vn 0.9716 -0.0491 -0.2317
vn 0.5206 -0.0491 -0.8524
vn 0.9581 -0.0515 -0.2818
vn 0.9550 -0.0518 -0.2920
vn 0.5667 -0.1523 -0.8097
vn 0.5595 -0.1517 -0.8148
vn 0.9619 -0.1448 -0.2321
vn 0.5180 -0.1448 -0.8430
vn 0.9478 -0.1517 -0.2803
vn 0.9452 -0.1523 -0.2888
vn 0.5556 -0.2446 -0.7946
vn 0.5513 -0.2440 -0.7979
vn 0.9440 -0.2337 -0.2329
vn 0.5132 -0.2337 -0.8258
vn 0.9292 -0.2440 -0.2777
vn 0.9274 -0.2446 -0.2829
vn 0.5412 -0.3260 -0.7751
vn 0.5405 -0.3258 -0.7757
vn 0.9204 -0.3132 -0.2339
vn 0.5069 -0.3132 -0.8031
vn 0.9048 -0.3258 -0.2743
vn 0.9044 -0.3260 -0.2752
vn 0.5250 -0.3959 -0.7534
vn 0.5283 -0.3964 -0.7508
vn 0.8935 -0.3826 -0.2350
vn 0.4996 -0.3826 -0.7771
vn 0.8773 -0.3964 -0.2705
vn 0.8788 -0.3959 -0.2665
vn 0.5081 -0.4554 -0.7311
vn 0.5156 -0.4570 -0.7248
vn 0.8650 -0.4428 -0.2359
vn 0.4917 -0.4428 -0.7498
vn 0.8487 -0.4570 -0.2664
vn 0.8523 -0.4554 -0.2573
vn 0.4910 -0.5065 -0.7088
vn 0.5025 -0.5091 -0.6987
vn 0.8360 -0.4952 -0.2364
vn 0.4831 -0.4952 -0.7220
vn 0.8198 -0.5091 -0.2620
vn 0.8258 -0.5065 -0.2479
vn 0.4739 -0.5510 -0.6868
vn 0.4892 -0.5549 -0.6729
vn 0.8068 -0.5416 -0.2361
vn 0.4739 -0.5416 -0.6943
vn 0.7911 -0.5549 -0.2573
vn 0.7997 -0.5510 -0.2385
vn 0.4567 -0.5909 -0.6650
vn 0.4755 -0.5959 -0.6472
vn 0.7774 -0.5834 -0.2350
vn 0.4637 -0.5834 -0.6668
vn 0.7625 -0.5959 -0.2522
vn 0.7736 -0.5909 -0.2289
vn 0.4393 -0.6275 -0.6428
vn 0.4610 -0.6335 -0.6214
vn 0.7476 -0.6220 -0.2327
vn 0.4524 -0.6220 -0.6391
vn 0.7335 -0.6335 -0.2464
vn 0.7471 -0.6275 -0.2192
vn 0.4214 -0.6619 -0.6200
vn 0.4456 -0.6687 -0.5952
vn 0.7170 -0.6583 -0.2293
vn 0.4397 -0.6583 -0.6110
vn 0.7037 -0.6687 -0.2399
vn 0.7199 -0.6619 -0.2092
vn 0.4027 -0.6947 -0.5960
vn 0.4291 -0.7023 -0.5681
vn 0.6851 -0.6929 -0.2246
vn 0.4253 -0.6929 -0.5822
vn 0.6729 -0.7023 -0.2325
vn 0.6913 -0.6947 -0.1988
vn 0.3832 -0.7264 -0.5705
vn 0.4111 -0.7346 -0.5398
vn 0.6517 -0.7263 -0.2186
vn 0.4092 -0.7263 -0.5522
vn 0.6404 -0.7346 -0.2241
vn 0.6610 -0.7264 -0.1881
vn 0.3626 -0.7573 -0.5432
vn 0.3915 -0.7659 -0.5101
vn 0.6163 -0.7587 -0.2111
vn 0.3912 -0.7587 -0.5209
vn 0.6061 -0.7659 -0.2147
vn 0.6286 -0.7573 -0.1770
vn 0.3408 -0.7874 -0.5137
vn 0.3702 -0.7961 -0.4787
vn 0.5786 -0.7901 -0.2023
vn 0.3712 -0.7901 -0.4878
vn 0.5696 -0.7961 -0.2042
vn 0.5938 -0.7874 -0.1654
vn 0.3178 -0.8167 -0.4818
vn 0.3471 -0.8253 -0.4453
vn 0.5386 -0.8204 -0.1921
vn 0.3491 -0.8204 -0.4529
vn 0.5308 -0.8253 -0.1925
vn 0.5564 -0.8167 -0.1533
vn 0.2934 -0.8449 -0.4473
vn 0.3222 -0.8533 -0.4100
vn 0.4961 -0.8493 -0.1804
vn 0.3249 -0.8493 -0.4160
vn 0.4895 -0.8533 -0.1797
vn 0.5160 -0.8449 -0.1408
vn 0.2678 -0.8719 -0.4101
vn 0.2954 -0.8797 -0.3727
vn 0.4509 -0.8767 -0.1675
vn 0.2987 -0.8767 -0.3771
vn 0.4458 -0.8797 -0.1658
vn 0.4727 -0.8719 -0.1280
vn 0.2409 -0.8972 -0.3700
vn 0.2669 -0.9042 -0.3334
vn 0.4033 -0.9021 -0.1533
vn 0.2704 -0.9021 -0.3362
vn 0.3995 -0.9042 -0.1508
vn 0.4264 -0.8972 -0.1148
vn 0.2129 -0.9207 -0.3272
vn 0.2366 -0.9267 -0.2921
vn 0.3534 -0.9253 -0.1379
vn 0.2403 -0.9253 -0.2934
vn 0.3509 -0.9267 -0.1348
vn 0.3770 -0.9207 -0.1013
vn 0.1838 -0.9417 -0.2817
vn 0.2048 -0.9466 -0.2491
vn 0.3013 -0.9458 -0.1214
vn 0.2086 -0.9458 -0.2490
vn 0.3002 -0.9466 -0.1178
vn 0.3247 -0.9417 -0.0877
vn 0.1538 -0.9601 -0.2335
vn 0.1716 -0.9637 -0.2045
vn 0.2474 -0.9633 -0.1040
vn 0.1754 -0.9633 -0.2031
vn 0.2476 -0.9637 -0.1000
vn 0.2696 -0.9601 -0.0741
vn 0.1231 -0.9754 -0.1829
vn 0.1372 -0.9777 -0.1587
vn 0.1920 -0.9776 -0.0858
vn 0.1410 -0.9776 -0.1561
vn 0.1933 -0.9777 -0.0815
vn 0.2120 -0.9754 -0.0605
vn 0.0919 -0.9872 -0.1300
vn 0.1019 -0.9885 -0.1118
vn 0.1356 -0.9885 -0.0670
vn 0.1057 -0.9885 -0.1082
vn 0.1378 -0.9885 -0.0624
vn 0.1521 -0.9872 -0.0472
vn 0.0605 -0.9953 -0.0752
vn 0.0659 -0.9958 -0.0642
vn 0.0785 -0.9958 -0.0478
vn 0.0697 -0.9958 -0.0599
vn 0.0814 -0.9958 -0.0429
vn 0.0902 -0.9953 -0.0343
vn 0.0291 -0.9994 -0.0187
vn 0.0294 -0.9994 -0.0161
vn 0.0210 -0.9994 -0.0282
vn 0.0333 -0.9994 -0.0113
vn 0.0244 -0.9994 -0.0230
vn 0.0268 -0.9994 -0.0219
vn -0.0022 -0.9992 0.0391
vn -0.0073 -0.9995 0.0323
vn -0.0366 -0.9993 -0.0084
vn -0.0033 -0.9993 0.0374
vn -0.0330 -0.9995 -0.0030
vn -0.0379 -0.9992 -0.0100
vn -0.0330 -0.9946 0.0979
vn -0.0442 -0.9958 0.0806
vn -0.0939 -0.9955 0.0115
vn -0.0400 -0.9955 0.0858
vn -0.0903 -0.9958 0.0171
vn -0.1033 -0.9946 0.0011
vn -0.0631 -0.9855 0.1573
vn -0.0810 -0.9884 0.1288
vn -0.1509 -0.9881 0.0314
vn -0.0765 -0.9881 0.1338
vn -0.1475 -0.9884 0.0373
vn -0.1691 -0.9855 0.0114
vn -0.0925 -0.9718 0.2168
vn -0.1177 -0.9772 0.1767
vn -0.2073 -0.9769 0.0512
vn -0.1127 -0.9769 0.1813
vn -0.2044 -0.9772 0.0573
vn -0.2348 -0.9718 0.0209
vn -0.1208 -0.9535 0.2761
vn -0.1540 -0.9623 0.2240
vn -0.2631 -0.9622 0.0708
vn -0.1486 -0.9622 0.2283
vn -0.2606 -0.9623 0.0772
vn -0.2999 -0.9535 0.0296
vn -0.1480 -0.9306 0.3347
vn -0.1899 -0.9437 0.2708
vn -0.3181 -0.9438 0.0902
vn -0.1841 -0.9438 0.2746
vn -0.3162 -0.9437 0.0969
vn -0.3641 -0.9306 0.0373
vn -0.1739 -0.9033 0.3922
vn -0.2253 -0.9213 0.3168
vn -0.3722 -0.9217 0.1094
vn -0.2191 -0.9217 0.3201
vn -0.3709 -0.9213 0.1163
vn -0.4268 -0.9033 0.0442
vn -0.1984 -0.8717 0.4481
vn -0.2600 -0.8952 0.3620
vn -0.4252 -0.8959 0.1283
vn -0.2534 -0.8959 0.3648
vn -0.4246 -0.8952 0.1354
vn -0.4875 -0.8717 0.0502
vn -0.2214 -0.8360 0.5021
vn -0.2939 -0.8653 0.4061
vn -0.4772 -0.8665 0.1468
vn -0.2871 -0.8665 0.4084
vn -0.4770 -0.8653 0.1541
vn -0.5459 -0.8360 0.0555
vn -0.2429 -0.7965 0.5537
vn -0.3270 -0.8316 0.4489
vn -0.5277 -0.8333 0.1649
vn -0.3199 -0.8333 0.4509
vn -0.5280 -0.8316 0.1722
vn -0.6016 -0.7965 0.0599
vn -0.2627 -0.7536 0.6025
vn -0.3589 -0.7942 0.4904
vn -0.5767 -0.7963 0.1824
vn -0.3517 -0.7963 0.4921
vn -0.5773 -0.7942 0.1898
vn -0.6542 -0.7536 0.0637
vn -0.2809 -0.7076 0.6484
vn -0.3896 -0.7530 0.5302
vn -0.6239 -0.7557 0.1993
vn -0.3823 -0.7557 0.5318
vn -0.6247 -0.7530 0.2067
vn -0.7035 -0.7076 0.0668
vn -0.2975 -0.6588 0.6910
vn -0.4190 -0.7083 0.5682
vn -0.6690 -0.7114 0.2154
vn -0.4116 -0.7114 0.5697
vn -0.6698 -0.7083 0.2229
vn -0.7491 -0.6588 0.0694
vn -0.3124 -0.6077 0.7302
vn -0.4466 -0.6600 0.6041
vn -0.7117 -0.6635 0.2308
vn -0.4394 -0.6635 0.6056
vn -0.7125 -0.6600 0.2381
vn -0.7910 -0.6077 0.0715
vn -0.3257 -0.5545 0.7658
vn -0.4726 -0.6084 0.6376
vn -0.7518 -0.6121 0.2451
vn -0.4655 -0.6121 0.6393
vn -0.7524 -0.6084 0.2524
vn -0.8290 -0.5545 0.0731
vn -0.3374 -0.4997 0.7978
vn -0.4965 -0.5536 0.6686
vn -0.7889 -0.5575 0.2585
vn -0.4896 -0.5575 0.6705
vn -0.7893 -0.5536 0.2656
vn -0.8630 -0.4997 0.0744
vn -0.3477 -0.4434 0.8261
vn -0.5183 -0.4959 0.6968
vn -0.8228 -0.4998 0.2706
vn -0.5116 -0.4998 0.6989
vn -0.8228 -0.4959 0.2776
vn -0.8931 -0.4434 0.0754
vn -0.3565 -0.3861 0.8508
vn -0.5377 -0.4355 0.7219
vn -0.8531 -0.4392 0.2815
vn -0.5314 -0.4392 0.7244
vn -0.8528 -0.4355 0.2883
vn -0.9193 -0.3861 0.0761
vn -0.3639 -0.3279 0.8718
vn -0.5547 -0.3727 0.7439
vn -0.8797 -0.3762 0.2911
vn -0.5486 -0.3761 0.7467
vn -0.8789 -0.3727 0.2977
vn -0.9416 -0.3279 0.0767
vn -0.3699 -0.2691 0.8892
vn -0.5691 -0.3079 0.7625
vn -0.9021 -0.3109 0.2991
vn -0.5633 -0.3109 0.7656
vn -0.9010 -0.3079 0.3056
vn -0.9600 -0.2691 0.0771
vn -0.3747 -0.2097 0.9031
vn -0.5807 -0.2413 0.7775
vn -0.9204 -0.2438 0.3057
vn -0.5751 -0.2438 0.7809
vn -0.9189 -0.2413 0.3120
vn -0.9747 -0.2097 0.0773
vn -0.3783 -0.1500 0.9134
vn -0.5895 -0.1733 0.7889
vn -0.9342 -0.1752 0.3107
vn -0.5842 -0.1752 0.7925
vn -0.9325 -0.1733 0.3169
vn -0.9856 -0.1500 0.0775
vn -0.3806 -0.0901 0.9203
vn -0.5955 -0.1044 0.7966
vn -0.9435 -0.1055 0.3140
vn -0.5902 -0.1055 0.8003
vn -0.9416 -0.1044 0.3202
vn -0.9929 -0.0901 0.0776
vn -0.9965 -0.0301 0.0777
vn -0.9462 -0.0349 0.3218
vn -0.5933 -0.0352 0.8042
vn -0.9482 -0.0352 0.3157
vn -0.5984 -0.0349 0.8004
vn -0.3818 -0.0301 0.9238
vn 0.7606 0.0301 0.6486
vn 0.5763 0.0349 0.8165
vn 0.0072 0.0353 0.9994
vn 0.5816 0.0352 0.8127
vn 0.0137 0.0349 0.9993
vn -0.2341 0.0300 0.9718
vn 0.7577 0.0901 0.6464
vn 0.5736 0.1044 0.8125
vn 0.0071 0.1055 0.9944
vn 0.5788 0.1055 0.8086
vn 0.0135 0.1044 0.9944
vn -0.2330 0.0901 0.9683
vn 0.7518 0.1500 0.6420
vn 0.5681 0.1733 0.8045
vn 0.0068 0.1752 0.9845
vn 0.5732 0.1752 0.8005
vn 0.0132 0.1733 0.9848
vn -0.2309 0.1500 0.9613
vn 0.7431 0.2097 0.6355
vn 0.5600 0.2413 0.7926
vn 0.0063 0.2438 0.9698
vn 0.5649 0.2438 0.7883
vn 0.0128 0.2413 0.9704
vn -0.2277 0.2097 0.9509
vn 0.7314 0.2691 0.6266
vn 0.5493 0.3079 0.7768
vn 0.0057 0.3109 0.9504
vn 0.5540 0.3109 0.7723
vn 0.0122 0.3079 0.9514
vn -0.2234 0.2691 0.9369
vn 0.7167 0.3279 0.6155
vn 0.5361 0.3727 0.7574
vn 0.0050 0.3762 0.9265
vn 0.5406 0.3762 0.7525
vn 0.0115 0.3727 0.9279
vn -0.2181 0.3279 0.9192
vn 0.6990 0.3861 0.6019
vn 0.5204 0.4355 0.7345
vn 0.0041 0.4392 0.8984
vn 0.5247 0.4392 0.7292
vn 0.0107 0.4355 0.9001
vn -0.2117 0.3861 0.8978
vn 0.6783 0.4434 0.5860
vn 0.5025 0.4959 0.7082
vn 0.0031 0.4998 0.8662
vn 0.5066 0.4998 0.7026
vn 0.0097 0.4959 0.8683
vn -0.2043 0.4434 0.8727
vn 0.6545 0.4997 0.5675
vn 0.4824 0.5536 0.6788
vn 0.0020 0.5575 0.8302
vn 0.4863 0.5575 0.6728
vn 0.0087 0.5536 0.8327
vn -0.1959 0.4997 0.8438
vn 0.6277 0.5545 0.5464
vn 0.4604 0.6084 0.6465
vn 0.0008 0.6121 0.7908
vn 0.4642 0.6121 0.6402
vn 0.0075 0.6084 0.7936
vn -0.1866 0.5545 0.8110
vn 0.5979 0.6077 0.5227
vn 0.4365 0.6600 0.6115
vn -0.0005 0.6635 0.7482
vn 0.4402 0.6635 0.6050
vn 0.0063 0.6600 0.7512
vn -0.1765 0.6077 0.7743
vn 0.5652 0.6588 0.4964
vn 0.4109 0.7083 0.5740
vn -0.0018 0.7114 0.7028
vn 0.4146 0.7114 0.5675
vn 0.0050 0.7083 0.7059
vn -0.1655 0.6588 0.7339
vn 0.5298 0.7076 0.4675
vn 0.3839 0.7530 0.5344
vn -0.0033 0.7557 0.6549
vn 0.3876 0.7557 0.5279
vn 0.0036 0.7530 0.6580
vn -0.1538 0.7076 0.6897
vn 0.4918 0.7536 0.4361
vn 0.3555 0.7942 0.4929
vn -0.0048 0.7963 0.6048
vn 0.3594 0.7963 0.4865
vn 0.0021 0.7942 0.6077
vn -0.1416 0.7536 0.6419
vn 0.4515 0.7965 0.4021
vn 0.3259 0.8316 0.4497
vn -0.0063 0.8333 0.5528
vn 0.3300 0.8333 0.4436
vn 0.0006 0.8316 0.5554
vn -0.1289 0.7965 0.5907
vn 0.4091 0.8360 0.3658
vn 0.2954 0.8653 0.4050
vn -0.0078 0.8665 0.4992
vn 0.2997 0.8665 0.3992
vn -0.0009 0.8653 0.5013
vn -0.1160 0.8360 0.5364
vn 0.3649 0.8717 0.3272
vn 0.2639 0.8952 0.3591
vn -0.0094 0.8959 0.4441
vn 0.2686 0.8959 0.3538
vn -0.0024 0.8952 0.4457
vn -0.1029 0.8717 0.4792
vn 0.3193 0.9033 0.2866
vn 0.2317 0.9213 0.3121
vn -0.0109 0.9217 0.3878
vn 0.2368 0.9217 0.3073
vn -0.0040 0.9213 0.3887
vn -0.0898 0.9033 0.4195
vn 0.2726 0.9306 0.2442
vn 0.1989 0.9437 0.2643
vn -0.0125 0.9438 0.3304
vn 0.2043 0.9438 0.2600
vn -0.0056 0.9437 0.3307
vn -0.0770 0.9306 0.3578
vn 0.2253 0.9535 0.2002
vn 0.1655 0.9623 0.2157
vn -0.0140 0.9622 0.2721
vn 0.1712 0.9622 0.2119
vn -0.0071 0.9623 0.2717
vn -0.0646 0.9535 0.2944
vn 0.1776 0.9718 0.1549
vn 0.1316 0.9772 0.1665
vn -0.0154 0.9769 0.2130
vn 0.1376 0.9769 0.1632
vn -0.0086 0.9772 0.2121
vn -0.0526 0.9718 0.2298
vn 0.1301 0.9855 0.1086
vn 0.0975 0.9884 0.1169
vn -0.0168 0.9881 0.1532
vn 0.1036 0.9881 0.1141
vn -0.0102 0.9884 0.1518
vn -0.0414 0.9855 0.1643
vn 0.0829 0.9946 0.0616
vn 0.0630 0.9958 0.0670
vn -0.0181 0.9955 0.0929
vn 0.0692 0.9955 0.0645
vn -0.0116 0.9958 0.0912
vn -0.0309 0.9946 0.0986
vn 0.0365 0.9992 0.0142
vn 0.0284 0.9995 0.0170
vn -0.0193 0.9993 0.0322
vn 0.0345 0.9993 0.0147
vn -0.0130 0.9995 0.0304
vn -0.0212 0.9992 0.0329
vn -0.0088 0.9994 -0.0334
vn -0.0062 0.9994 -0.0330
vn -0.0203 0.9994 -0.0287
vn -0.0004 0.9994 -0.0351
vn -0.0144 0.9994 -0.0303
vn -0.0125 0.9994 -0.0322
vn -0.0528 0.9953 -0.0808
vn -0.0407 0.9958 -0.0825
vn -0.0212 0.9958 -0.0894
vn -0.0354 0.9958 -0.0848
vn -0.0156 0.9958 -0.0907
vn -0.0048 0.9953 -0.0964
vn -0.0953 0.9872 -0.1276
vn -0.0748 0.9885 -0.1315
vn -0.0218 0.9885 -0.1497
vn -0.0703 0.9885 -0.1339
vn -0.0167 0.9885 -0.1504
vn 0.0021 0.9872 -0.1592
vn -0.1359 0.9754 -0.1736
vn -0.1085 0.9777 -0.1795
vn -0.0223 0.9776 -0.2092
vn -0.1049 0.9776 -0.1823
vn -0.0177 0.9777 -0.2090
vn 0.0079 0.9754 -0.2203
vn -0.1746 0.9601 -0.2184
vn -0.1415 0.9637 -0.2264
vn -0.0225 0.9633 -0.2674
vn -0.1390 0.9633 -0.2296
vn -0.0186 0.9637 -0.2663
vn 0.0129 0.9601 -0.2793
vn -0.2111 0.9417 -0.2618
vn -0.1736 0.9466 -0.2717
vn -0.0224 0.9458 -0.3240
vn -0.1724 0.9458 -0.2753
vn -0.0193 0.9466 -0.3219
vn 0.0169 0.9417 -0.3359
vn -0.2455 0.9207 -0.3036
vn -0.2047 0.9267 -0.3153
vn -0.0219 0.9253 -0.3787
vn -0.2048 0.9253 -0.3192
vn -0.0197 0.9267 -0.3754
vn 0.0201 0.9207 -0.3899
vn -0.2775 0.8972 -0.3435
vn -0.2346 0.9042 -0.3568
vn -0.0211 0.9021 -0.4309
vn -0.2362 0.9021 -0.3611
vn -0.0200 0.9042 -0.4266
vn 0.0226 0.8972 -0.4410
vn -0.3072 0.8719 -0.3814
vn -0.2632 0.8797 -0.3962
vn -0.0200 0.8767 -0.4806
vn -0.2664 0.8767 -0.4006
vn -0.0199 0.8797 -0.4752
vn 0.0244 0.8719 -0.4891
vn -0.3347 0.8449 -0.4173
vn -0.2904 0.8533 -0.4332
vn -0.0183 0.8493 -0.5275
vn -0.2953 0.8493 -0.4376
vn -0.0197 0.8533 -0.5211
vn 0.0255 0.8449 -0.5343
vn -0.3600 0.8167 -0.4511
vn -0.3163 0.8253 -0.4678
vn -0.0162 0.8204 -0.5716
vn -0.3229 0.8204 -0.4720
vn -0.0191 0.8253 -0.5643
vn 0.0261 0.8167 -0.5765
vn -0.3832 0.7874 -0.4828
vn -0.3408 0.7961 -0.5000
vn -0.0136 0.7901 -0.6128
vn -0.3492 0.7901 -0.5038
vn -0.0182 0.7961 -0.6049
vn 0.0262 0.7874 -0.6159
vn -0.4046 0.7573 -0.5127
vn -0.3641 0.7659 -0.5300
vn -0.0103 0.7587 -0.6513
vn -0.3745 0.7587 -0.5330
vn -0.0169 0.7659 -0.6428
vn 0.0260 0.7573 -0.6526
vn -0.4242 0.7264 -0.5407
vn -0.3864 0.7346 -0.5578
vn -0.0065 0.7263 -0.6873
vn -0.3988 0.7263 -0.5599
vn -0.0153 0.7346 -0.6783
vn 0.0254 0.7264 -0.6868
vn -0.4424 0.6947 -0.5672
vn -0.4077 0.7023 -0.5836
vn -0.0019 0.6929 -0.7210
vn -0.4223 0.6929 -0.5844
vn -0.0132 0.7023 -0.7118
vn 0.0245 0.6947 -0.7189
vn -0.4594 0.6619 -0.5923
vn -0.4283 0.6687 -0.6077
vn 0.0035 0.6583 -0.7528
vn -0.4453 0.6583 -0.6070
vn -0.0107 0.6687 -0.7434
vn 0.0235 0.6619 -0.7493
vn -0.4756 0.6275 -0.6164
vn -0.4485 0.6335 -0.6305
vn 0.0097 0.6220 -0.7830
vn -0.4680 0.6220 -0.6277
vn -0.0077 0.6335 -0.7737
vn 0.0224 0.6275 -0.7783
vn -0.4913 0.5909 -0.6399
vn -0.4686 0.5959 -0.6522
vn 0.0168 0.5834 -0.8120
vn -0.4908 0.5834 -0.6471
vn -0.0042 0.5959 -0.8031
vn 0.0214 0.5909 -0.8064
vn -0.5068 0.5510 -0.6630
vn -0.4888 0.5549 -0.6732
vn 0.0247 0.5416 -0.8403
vn -0.5139 0.5416 -0.6653
vn -0.0003 0.5549 -0.8319
vn 0.0203 0.5510 -0.8342
vn -0.5224 0.5065 -0.6860
vn -0.5092 0.5091 -0.6939
vn 0.0335 0.4952 -0.8681
vn -0.5374 0.4952 -0.6826
vn 0.0041 0.5091 -0.8607
vn 0.0194 0.5065 -0.8620
vn -0.5383 0.4554 -0.7091
vn -0.5300 0.4570 -0.7143
vn 0.0429 0.4428 -0.8956
vn -0.5611 0.4428 -0.6993
vn 0.0089 0.4570 -0.8894
vn 0.0186 0.4554 -0.8901
vn -0.5543 0.3959 -0.7321
vn -0.5508 0.3964 -0.7345
vn 0.0526 0.3826 -0.9224
vn -0.5847 0.3826 -0.7153
vn 0.0139 0.3964 -0.9180
vn 0.0181 0.3959 -0.9181
vn -0.5699 0.3260 -0.7543
vn -0.5707 0.3258 -0.7537
vn 0.0619 0.3132 -0.9477
vn -0.6071 0.3132 -0.7303
vn 0.0187 0.3258 -0.9453
vn 0.0177 0.3260 -0.9452
vn -0.5840 0.2446 -0.7740
vn -0.5885 0.2440 -0.7708
vn 0.0702 0.2337 -0.9698
vn -0.6268 0.2337 -0.7433
vn 0.0230 0.2440 -0.9695
vn 0.0175 0.2446 -0.9695
vn -0.5950 0.1523 -0.7892
vn -0.6020 0.1517 -0.7839
vn 0.0765 0.1448 -0.9865
vn -0.6417 0.1448 -0.7531
vn 0.0263 0.1517 -0.9881
vn 0.0175 0.1523 -0.9882
vn -0.6010 0.0518 -0.7976
vn -0.6095 0.0515 -0.7911
vn 0.0799 0.0491 -0.9956
vn -0.6498 0.0491 -0.7585
vn 0.0281 0.0515 -0.9983
vn 0.0174 0.0518 -0.9985
vn -0.6010 -0.0518 -0.7976
vn -0.6095 -0.0515 -0.7911
vn 0.0799 -0.0491 -0.9956
vn -0.6498 -0.0491 -0.7585
vn 0.0281 -0.0515 -0.9983
vn 0.0174 -0.0518 -0.9985
vn -0.5950 -0.1523 -0.7892
vn -0.6020 -0.1517 -0.7839
vn 0.0765 -0.1448 -0.9865
vn -0.6417 -0.1448 -0.7531
vn 0.0263 -0.1517 -0.9881
vn 0.0175 -0.1523 -0.9882
vn -0.5840 -0.2446 -0.7740
vn -0.5885 -0.2440 -0.7708
vn 0.0702 -0.2337 -0.9698
vn -0.6268 -0.2337 -0.7433
vn 0.0230 -0.2440 -0.9695
vn 0.0175 -0.2446 -0.9695
vn -0.5699 -0.3260 -0.7543
vn -0.5707 -0.3258 -0.7537
vn 0.0619 -0.3132 -0.9477
vn -0.6071 -0.3132 -0.7303
vn 0.0187 -0.3258 -0.9453
vn 0.0177 -0.3260 -0.9452
vn -0.5543 -0.3959 -0.7321
vn -0.5508 -0.3964 -0.7345
vn 0.0526 -0.3826 -0.9224
vn -0.5847 -0.3826 -0.7153
vn 0.0139 -0.3964 -0.9180
vn 0.0181 -0.3959 -0.9181
vn -0.5383 -0.4554 -0.7091
vn -0.5300 -0.4570 -0.7143
vn 0.0429 -0.4428 -0.8956
vn -0.5611 -0.4428 -0.6993
vn 0.0089 -0.4570 -0.8894
vn 0.0186 -0.4554 -0.8901
vn -0.5224 -0.5065 -0.6860
vn -0.5092 -0.5091 -0.6939
vn 0.0335 -0.4952 -0.8681
vn -0.5374 -0.4952 -0.6826
vn 0.0041 -0.5091 -0.8607
vn 0.0194 -0.5065 -0.8620
vn -0.5068 -0.5510 -0.6630
vn -0.4888 -0.5549 -0.6732
vn 0.0247 -0.5416 -0.8403
vn -0.5139 -0.5416 -0.6653
vn -0.0003 -0.5549 -0.8319
vn 0.0203 -0.5510 -0.8342
vn -0.4913 -0.5909 -0.6399
vn -0.4686 -0.5959 -0.6522
vn 0.0168 -0.5834 -0.8120
vn -0.4909 -0.5834 -0.6471
vn -0.0042 -0.5959 -0.8031
vn 0.0214 -0.5909 -0.8064
vn -0.4756 -0.6275 -0.6164
vn -0.4485 -0.6335 -0.6305
vn 0.0097 -0.6220 -0.7830
vn -0.4680 -0.6220 -0.6277
vn -0.0077 -0.6335 -0.7737
vn 0.0224 -0.6275 -0.7783
vn -0.4594 -0.6619 -0.5923
vn -0.4283 -0.6687 -0.6077
vn 0.0035 -0.6583 -0.7528
vn -0.4453 -0.6583 -0.6070
vn -0.0107 -0.6687 -0.7434
vn 0.0235 -0.6619 -0.7493
vn -0.4424 -0.6947 -0.5672
vn -0.4077 -0.7023 -0.5836
vn -0.0019 -0.6929 -0.7210
vn -0.4223 -0.6929 -0.5844
vn -0.0132 -0.7023 -0.7118
vn 0.0245 -0.6947 -0.7189
vn -0.4242 -0.7264 -0.5407
vn -0.3864 -0.7346 -0.5578
vn -0.0065 -0.7263 -0.6873
vn -0.3988 -0.7263 -0.5599
vn -0.0153 -0.7346 -0.6783
vn 0.0254 -0.7264 -0.6868
vn -0.4046 -0.7573 -0.5127
vn -0.3641 -0.7659 -0.5300
vn -0.0103 -0.7587 -0.6513
vn -0.3745 -0.7587 -0.5330
vn -0.0169 -0.7659 -0.6428
vn 0.0260 -0.7573 -0.6526
vn -0.3832 -0.7874 -0.4828
vn -0.3408 -0.7961 -0.5000
vn -0.0136 -0.7901 -0.6128
vn -0.3492 -0.7901 -0.5038
vn -0.0182 -0.7961 -0.6049
vn 0.0262 -0.7874 -0.6159
vn -0.3600 -0.8167 -0.4511
vn -0.3163 -0.8253 -0.4678
vn -0.0162 -0.8204 -0.5716
vn -0.3229 -0.8204 -0.4720
vn -0.0191 -0.8253 -0.5643
vn 0.0261 -0.8167 -0.5765
vn -0.3347 -0.8449 -0.4173
vn -0.2904 -0.8533 -0.4332
vn -0.0183 -0.8493 -0.5275
vn -0.2953 -0.8493 -0.4376
vn -0.0197 -0.8533 -0.5211
vn 0.0255 -0.8449 -0.5343
vn -0.3072 -0.8719 -0.3814
vn -0.2632 -0.8797 -0.3962
vn -0.0200 -0.8767 -0.4806
vn -0.2664 -0.8767 -0.4006
vn -0.0199 -0.8797 -0.4752
vn 0.0244 -0.8719 -0.4891
vn -0.2775 -0.8972 -0.3435
vn -0.2346 -0.9042 -0.3568
vn -0.0211 -0.9021 -0.4309
vn -0.2362 -0.9021 -0.3611
vn -0.0200 -0.9042 -0.4266
vn 0.0226 -0.8972 -0.4410
vn -0.2455 -0.9207 -0.3036
vn -0.2047 -0.9267 -0.3153
vn -0.0219 -0.9253 -0.3787
vn -0.2048 -0.9253 -0.3192
vn -0.0197 -0.9267 -0.3754
vn 0.0201 -0.9207 -0.3899
vn -0.2111 -0.9417 -0.2618
vn -0.1736 -0.9466 -0.2717
vn -0.0224 -0.9458 -0.3240
vn -0.1724 -0.9458 -0.2753
vn -0.0193 -0.9466 -0.3219
vn 0.0169 -0.9417 -0.3359
vn -0.1746 -0.9601 -0.2184
vn -0.1415 -0.9637 -0.2264
vn -0.0225 -0.9633 -0.2674
vn -0.1390 -0.9633 -0.2296
vn -0.0186 -0.9637 -0.2663
vn 0.0129 -0.9601 -0.2793
vn -0.1359 -0.9754 -0.1736
vn -0.1085 -0.9777 -0.1795
vn -0.0223 -0.9776 -0.2091
vn -0.1049 -0.9776 -0.1823
vn -0.0177 -0.9777 -0.2090
vn 0.0079 -0.9754 -0.2203
vn -0.0953 -0.9872 -0.1276
vn -0.0748 -0.9885 -0.1315
vn -0.0218 -0.9885 -0.1497
vn -0.0703 -0.9885 -0.1339
vn -0.0167 -0.9885 -0.1504
vn 0.0021 -0.9872 -0.1592
vn -0.0528 -0.9953 -0.0808
vn -0.0407 -0.9958 -0.0825
vn -0.0212 -0.9958 -0.0894
vn -0.0354 -0.9958 -0.0848
vn -0.0156 -0.9958 -0.0907
vn -0.0048 -0.9953 -0.0964
vn -0.0088 -0.9994 -0.0334
vn -0.0062 -0.9994 -0.0330
vn -0.0203 -0.9994 -0.0287
vn -0.0004 -0.9994 -0.0351
vn -0.0144 -0.9994 -0.0303
vn -0.0125 -0.9994 -0.0322
vn 0.0365 -0.9992 0.0142
vn 0.0284 -0.9995 0.0170
vn -0.0193 -0.9993 0.0322
vn 0.0345 -0.9993 0.0147
vn -0.0130 -0.9995 0.0304
vn -0.0212 -0.9992 0.0329
vn 0.0829 -0.9946 0.0616
vn 0.0630 -0.9958 0.0670
vn -0.0181 -0.9955 0.0929
vn 0.0692 -0.9955 0.0645
vn -0.0116 -0.9958 0.0912
vn -0.0309 -0.9946 0.0986
vn 0.1301 -0.9855 0.1086
vn 0.0975 -0.9884 0.1169
vn -0.0168 -0.9881 0.1532
vn 0.1036 -0.9881 0.1141
vn -0.0102 -0.9884 0.1518
vn -0.0414 -0.9855 0.1643
vn 0.1776 -0.9718 0.1549
vn 0.1316 -0.9772 0.1665
vn -0.0154 -0.9769 0.2130
vn 0.1376 -0.9769 0.1632
vn -0.0086 -0.9772 0.2121
vn -0.0526 -0.9718 0.2298
vn 0.2253 -0.9535 0.2002
vn 0.1655 -0.9623 0.2157
vn -0.0140 -0.9622 0.2721
vn 0.1712 -0.9622 0.2119
vn -0.0071 -0.9623 0.2718
vn -0.0646 -0.9535 0.2944
vn 0.2726 -0.9306 0.2442
vn 0.1989 -0.9437 0.2643
vn -0.0125 -0.9438 0.3304
vn 0.2043 -0.9438 0.2600
vn -0.0056 -0.9437 0.3307
vn -0.0770 -0.9306 0.3578
vn 0.3193 -0.9033 0.2866
vn 0.2317 -0.9213 0.3121
vn -0.0109 -0.9217 0.3878
vn 0.2368 -0.9217 0.3073
vn -0.0040 -0.9213 0.3887
vn -0.0898 -0.9033 0.4195
vn 0.3649 -0.8717 0.3272
vn 0.2639 -0.8952 0.3591
vn -0.0094 -0.8959 0.4441
vn 0.2686 -0.8959 0.3538
vn -0.0024 -0.8952 0.4457
vn -0.1029 -0.8717 0.4792
vn 0.4091 -0.8360 0.3658
vn 0.2954 -0.8653 0.4050
vn -0.0078 -0.8665 0.4992
vn 0.2997 -0.8665 0.3992
vn -0.0009 -0.8653 0.5013
vn -0.1160 -0.8360 0.5364
vn 0.4515 -0.7965 0.4021
vn 0.3259 -0.8316 0.4497
vn -0.0063 -0.8333 0.5528
vn 0.3300 -0.8333 0.4436
vn 0.0006 -0.8316 0.5554
vn -0.1289 -0.7965 0.5907
vn 0.4918 -0.7536 0.4361
vn 0.3555 -0.7942 0.4929
vn -0.0048 -0.7963 0.6048
vn 0.3594 -0.7963 0.4865
vn 0.0021 -0.7942 0.6077
vn -0.1416 -0.7536 0.6419
vn 0.5298 -0.7076 0.4675
vn 0.3839 -0.7530 0.5344
vn -0.0033 -0.7557 0.6549
vn 0.3876 -0.7557 0.5279
vn 0.0036 -0.7530 0.6580
vn -0.1538 -0.7076 0.6897
vn 0.5652 -0.6588 0.4965
vn 0.4109 -0.7083 0.5740
vn -0.0018 -0.7114 0.7028
vn 0.4146 -0.7114 0.5675
vn 0.0050 -0.7083 0.7059
vn -0.1655 -0.6588 0.7339
vn 0.5979 -0.6077 0.5227
vn 0.4365 -0.6600 0.6115
vn -0.0005 -0.6635 0.7482
vn 0.4402 -0.6635 0.6050
vn 0.0063 -0.6600 0.7512
vn -0.1765 -0.6077 0.7743
vn 0.6277 -0.5545 0.5464
vn 0.4604 -0.6084 0.6465
vn 0.0008 -0.6121 0.7908
vn 0.4641 -0.6121 0.6402
vn 0.0075 -0.6084 0.7936
vn -0.1866 -0.5545 0.8110
vn 0.6545 -0.4997 0.5675
vn 0.4824 -0.5536 0.6788
vn 0.0020 -0.5575 0.8302
vn 0.4863 -0.5575 0.6728
vn 0.0087 -0.5536 0.8327
vn -0.1959 -0.4997 0.8438
vn 0.6783 -0.4434 0.5860
vn 0.5025 -0.4959 0.7082
vn 0.0031 -0.4998 0.8662
vn 0.5066 -0.4998 0.7026
vn 0.0097 -0.4959 0.8683
vn -0.2043 -0.4434 0.8727
vn 0.6990 -0.3861 0.6019
vn 0.5204 -0.4355 0.7345
vn 0.0041 -0.4392 0.8984
vn 0.5247 -0.4392 0.7292
vn 0.0107 -0.4355 0.9001
vn -0.2117 -0.3861 0.8978
vn 0.7167 -0.3279 0.6155
vn 0.5361 -0.3727 0.7574
vn 0.0050 -0.3762 0.9265
vn 0.5406 -0.3762 0.7525
vn 0.0115 -0.3727 0.9279
vn -0.2181 -0.3279 0.9192
vn 0.7314 -0.2691 0.6266
vn 0.5493 -0.3079 0.7768
vn 0.0057 -0.3109 0.9504
vn 0.5540 -0.3109 0.7723
vn 0.0122 -0.3079 0.9514
vn -0.2234 -0.2691 0.9369
vn 0.7431 -0.2097 0.6355
vn 0.5600 -0.2413 0.7926
vn 0.0063 -0.2438 0.9698
vn 0.5649 -0.2438 0.7883
vn 0.0128 -0.2413 0.9704
vn -0.2277 -0.2097 0.9509
vn 0.7518 -0.1500 0.6420
vn 0.5681 -0.1733 0.8045
vn 0.0068 -0.1752 0.9845
vn 0.5732 -0.1752 0.8005
vn 0.0132 -0.1733 0.9848
vn -0.2309 -0.1501 0.9613
vn 0.7577 -0.0901 0.6464
vn 0.5736 -0.1044 0.8125
vn 0.0071 -0.1055 0.9944
vn 0.5788 -0.1055 0.8086
vn 0.0135 -0.1044 0.9944
vn -0.2330 -0.0901 0.9683
vn -0.2341 -0.0300 0.9718
vn 0.0137 -0.0349 0.9993
vn 0.5816 -0.0353 0.8127
vn 0.0072 -0.0353 0.9994
vn 0.5763 -0.0349 0.8165
vn 0.7606 -0.0301 0.6486
vn 0.8088 0.0256 0.5876
vn 0.8088 0.0256 -0.5876
vn 0.8088 -0.0256 -0.5876
vn 0.8088 -0.0256 0.5876
vn 0.8066 0.0767 -0.5861
vn 0.8066 0.0767 0.5861
vn 0.8024 0.1278 -0.5830
vn 0.8024 0.1278 0.5830
vn 0.7960 0.1790 -0.5783
vn 0.7960 0.1790 0.5783
vn 0.7873 0.2301 -0.5720
vn 0.7873 0.2301 0.5720
vn 0.7764 0.2812 -0.5641
vn 0.7764 0.2812 0.5641
vn 0.7631 0.3322 -0.5544
vn 0.7631 0.3322 0.5544
vn 0.7473 0.3830 -0.5430
vn 0.7473 0.3830 0.5430
vn 0.7290 0.4336 -0.5296
vn 0.7290 0.4336 0.5296
vn 0.7080 0.4839 -0.5144
vn 0.7080 0.4839 0.5144
vn 0.6842 0.5337 -0.4971
vn 0.6842 0.5337 0.4971
vn 0.6574 0.5828 -0.4776
vn 0.6574 0.5828 0.4776
vn 0.6276 0.6310 -0.4560
vn 0.6276 0.6310 0.4560
vn 0.5947 0.6780 -0.4321
vn 0.5947 0.6780 0.4321
vn 0.5585 0.7235 -0.4057
vn 0.5585 0.7235 0.4057
vn 0.5189 0.7672 -0.3770
vn 0.5189 0.7672 0.3770
vn 0.4761 0.8085 -0.3459
vn 0.4761 0.8085 0.3459
vn 0.4299 0.8471 -0.3123
vn 0.4299 0.8471 0.3123
vn 0.3805 0.8825 -0.2765
vn 0.3805 0.8825 0.2765
vn 0.3281 0.9141 -0.2383
vn 0.3281 0.9141 0.2383
vn 0.2728 0.9414 -0.1982
vn 0.2728 0.9414 0.1982
vn 0.2150 0.9640 -0.1562
vn 0.2150 0.9640 0.1562
vn 0.1552 0.9814 -0.1128
vn 0.1552 0.9814 0.1128
vn 0.0938 0.9933 -0.0682
vn 0.0938 0.9933 0.0682
vn 0.0314 0.9992 -0.0228
vn 0.0314 0.9992 0.0228
vn -0.0314 0.9992 0.0228
vn -0.0314 0.9992 -0.0228
vn -0.0940 0.9932 0.0683
vn -0.0940 0.9932 -0.0683
vn -0.1557 0.9813 0.1131
vn -0.1557 0.9813 -0.1131
vn -0.2159 0.9637 0.1568
vn -0.2159 0.9637 -0.1568
vn -0.2741 0.9409 0.1991
vn -0.2741 0.9409 -0.1991
vn -0.3298 0.9131 0.2396
vn -0.3298 0.9131 -0.2396
vn -0.3827 0.8811 0.2780
vn -0.3827 0.8811 -0.2780
vn -0.4324 0.8452 0.3141
vn -0.4324 0.8452 -0.3142
vn -0.4788 0.8061 0.3479
vn -0.4788 0.8061 -0.3479
vn -0.5218 0.7642 0.3791
vn -0.5218 0.7642 -0.3791
vn -0.5613 0.7201 0.4078
vn -0.5613 0.7201 -0.4078
vn -0.5975 0.6742 0.4341
vn -0.5975 0.6742 -0.4341
vn -0.6303 0.6269 0.4579
vn -0.6303 0.6269 -0.4579
vn -0.6599 0.5786 0.4794
vn -0.6599 0.5786 -0.4794
vn -0.6863 0.5294 0.4987
vn -0.6863 0.5294 -0.4987
vn -0.7099 0.4797 0.5158
vn -0.7099 0.4797 -0.5158
vn -0.7306 0.4296 0.5308
vn -0.7306 0.4296 -0.5308
vn -0.7486 0.3792 0.5439
vn -0.7486 0.3792 -0.5439
vn -0.7641 0.3287 0.5551
vn -0.7641 0.3287 -0.5551
vn -0.7771 0.2781 0.5646
vn -0.7771 0.2781 -0.5646
vn -0.7878 0.2275 0.5724
vn -0.7878 0.2275 -0.5724
vn -0.7963 0.1769 0.5785
vn -0.7963 0.1769 -0.5785
vn -0.8025 0.1263 0.5831
vn -0.8025 0.1263 -0.5831
vn -0.8067 0.0758 0.5861
vn -0.8067 0.0758 -0.5861
vn -0.8088 0.0253 0.5876
vn -0.8088 0.0253 -0.5876
vn -0.8088 -0.0253 0.5876
vn -0.8088 -0.0253 -0.5876
vn -0.8067 -0.0758 0.5861
vn -0.8067 -0.0758 -0.5861
vn -0.8025 -0.1263 0.5831
vn -0.8025 -0.1263 -0.5831
vn -0.7963 -0.1769 0.5785
vn -0.7963 -0.1769 -0.5785
vn -0.7878 -0.2275 0.5724
vn -0.7878 -0.2275 -0.5724
vn -0.7771 -0.2781 0.5646
vn -0.7771 -0.2781 -0.5646
vn -0.7641 -0.3287 0.5551
vn -0.7641 -0.3287 -0.5551
vn -0.7486 -0.3792 0.5439
vn -0.7486 -0.3792 -0.5439
vn -0.7306 -0.4296 0.5308
vn -0.7306 -0.4296 -0.5308
vn -0.7099 -0.4797 0.5158
vn -0.7099 -0.4797 -0.5158
vn -0.6863 -0.5294 0.4987
vn -0.6863 -0.5294 -0.4987
vn -0.6599 -0.5786 0.4794
vn -0.6599 -0.5786 -0.4794
vn -0.6303 -0.6269 0.4579
vn -0.6303 -0.6269 -0.4579
vn -0.5975 -0.6742 0.4341
vn -0.5975 -0.6742 -0.4341
vn -0.5613 -0.7201 0.4078
vn -0.5613 -0.7201 -0.4078
vn -0.5218 -0.7642 0.3791
vn -0.5218 -0.7642 -0.3791
vn -0.4788 -0.8061 0.3479
vn -0.4788 -0.8061 -0.3479
vn -0.4324 -0.8452 0.3141
vn -0.4324 -0.8452 -0.3141
vn -0.3827 -0.8811 0.2780
vn -0.3827 -0.8811 -0.2780
vn -0.3298 -0.9131 0.2396
vn -0.3298 -0.9131 -0.2396
vn -0.2741 -0.9409 0.1991
vn -0.2741 -0.9409 -0.1991
vn -0.2159 -0.9637 0.1568
vn -0.2159 -0.9637 -0.1568
vn -0.1557 -0.9813 0.1131
vn -0.1557 -0.9813 -0.1131
vn -0.0940 -0.9932 0.0683
vn -0.0940 -0.9932 -0.0683
vn -0.0314 -0.9992 0.0228
vn -0.0314 -0.9992 -0.0228
vn 0.0314 -0.9992 -0.0228
vn 0.0314 -0.9992 0.0228
vn 0.0938 -0.9933 -0.0682
vn 0.0938 -0.9933 0.0682
vn 0.1552 -0.9814 -0.1128
vn 0.1552 -0.9814 0.1128
vn 0.2150 -0.9640 -0.1562
vn 0.2150 -0.9640 0.1562
vn 0.2728 -0.9414 -0.1982
vn 0.2728 -0.9414 0.1982
vn 0.3281 -0.9141 -0.2383
vn 0.3281 -0.9141 0.2383
vn 0.3805 -0.8825 -0.2765
vn 0.3805 -0.8825 0.2765
vn 0.4299 -0.8471 -0.3123
vn 0.4299 -0.8471 0.3123
vn 0.4761 -0.8085 -0.3459
vn 0.4761 -0.8085 0.3459
vn 0.5189 -0.7672 -0.3770
vn 0.5189 -0.7672 0.3770
vn 0.5585 -0.7235 -0.4057
vn 0.5585 -0.7235 0.4057
vn 0.5947 -0.6780 -0.4321
vn 0.5947 -0.6780 0.4321
vn 0.6276 -0.6310 -0.4560
vn 0.6276 -0.6310 0.4560
vn 0.6574 -0.5828 -0.4776
vn 0.6574 -0.5828 0.4776
vn 0.6842 -0.5337 -0.4971
vn 0.6842 -0.5337 0.4971
vn 0.7080 -0.4839 -0.5144
vn 0.7080 -0.4839 0.5144
vn 0.7290 -0.4336 -0.5296
vn 0.7290 -0.4336 0.5296
vn 0.7473 -0.3830 -0.5430
vn 0.7473 -0.3830 0.5430
vn 0.7631 -0.3322 -0.5544
vn 0.7631 -0.3322 0.5544
vn 0.7764 -0.2812 -0.5641
vn 0.7764 -0.2812 0.5641
vn 0.7873 -0.2301 -0.5720
vn 0.7873 -0.2301 0.5720
vn 0.7960 -0.1790 -0.5783
vn 0.7960 -0.1790 0.5783
vn 0.8024 -0.1278 -0.5830
vn 0.8024 -0.1278 0.5830
vn 0.8066 -0.0767 -0.5861
vn 0.8066 -0.0767 0.5861
vn -0.3089 -0.0256 -0.9507
vn -0.3089 0.0256 -0.9507
vn -0.3081 0.0767 -0.9483
vn -0.3065 0.1278 -0.9433
vn -0.3040 0.1790 -0.9357
vn -0.3007 0.2301 -0.9255
vn -0.2966 0.2812 -0.9127
vn -0.2915 0.3322 -0.8971
vn -0.2855 0.3830 -0.8785
vn -0.2785 0.4336 -0.8570
vn -0.2704 0.4839 -0.8323
vn -0.2613 0.5337 -0.8043
vn -0.2511 0.5828 -0.7729
vn -0.2397 0.6310 -0.7378
vn -0.2271 0.6780 -0.6991
vn -0.2133 0.7235 -0.6565
vn -0.1982 0.7672 -0.6100
vn -0.1818 0.8085 -0.5597
vn -0.1642 0.8471 -0.5054
vn -0.1453 0.8825 -0.4473
vn -0.1253 0.9141 -0.3857
vn -0.1042 0.9414 -0.3207
vn -0.0821 0.9640 -0.2528
vn -0.0593 0.9814 -0.1825
vn -0.0358 0.9933 -0.1103
vn -0.0120 0.9992 -0.0369
vn 0.0120 0.9992 0.0369
vn 0.0359 0.9932 0.1105
vn 0.0595 0.9813 0.1830
vn 0.0825 0.9637 0.2538
vn 0.1047 0.9409 0.3222
vn 0.1260 0.9131 0.3877
vn 0.1462 0.8811 0.4498
vn 0.1652 0.8452 0.5083
vn 0.1829 0.8061 0.5629
vn 0.1993 0.7642 0.6134
vn 0.2144 0.7201 0.6599
vn 0.2282 0.6742 0.7024
vn 0.2407 0.6269 0.7410
vn 0.2520 0.5786 0.7757
vn 0.2622 0.5294 0.8069
vn 0.2711 0.4797 0.8345
vn 0.2791 0.4296 0.8588
vn 0.2859 0.3792 0.8800
vn 0.2918 0.3287 0.8982
vn 0.2968 0.2781 0.9135
vn 0.3009 0.2275 0.9261
vn 0.3041 0.1769 0.9361
vn 0.3065 0.1263 0.9434
vn 0.3081 0.0758 0.9483
vn 0.3089 0.0253 0.9508
vn 0.3089 -0.0253 0.9508
vn 0.3081 -0.0758 0.9483
vn 0.3065 -0.1263 0.9434
vn 0.3041 -0.1769 0.9361
vn 0.3009 -0.2275 0.9261
vn 0.2968 -0.2781 0.9135
vn 0.2918 -0.3287 0.8982
vn 0.2859 -0.3792 0.8800
vn 0.2791 -0.4296 0.8588
vn 0.2711 -0.4797 0.8345
vn 0.2622 -0.5294 0.8069
vn 0.2520 -0.5786 0.7757
vn 0.2408 -0.6269 0.7410
vn 0.2282 -0.6742 0.7024
vn 0.2144 -0.7201 0.6599
vn 0.1993 -0.7642 0.6134
vn 0.1829 -0.8061 0.5629
vn 0.1652 -0.8452 0.5083
vn 0.1462 -0.8811 0.4498
vn 0.1260 -0.9131 0.3877
vn 0.1047 -0.9409 0.3222
vn 0.0825 -0.9637 0.2538
vn 0.0595 -0.9813 0.1830
vn 0.0359 -0.9932 0.1105
vn 0.0120 -0.9992 0.0369
vn -0.0120 -0.9992 -0.0369
vn -0.0358 -0.9933 -0.1103
vn -0.0593 -0.9814 -0.1825
vn -0.0821 -0.9640 -0.2528
vn -0.1042 -0.9414 -0.3207
vn -0.1253 -0.9141 -0.3857
vn -0.1453 -0.8825 -0.4473
vn -0.1642 -0.8471 -0.5054
vn -0.1818 -0.8085 -0.5597
vn -0.1982 -0.7672 -0.6100
vn -0.2133 -0.7235 -0.6565
vn -0.2271 -0.6780 -0.6991
vn -0.2397 -0.6310 -0.7378
vn -0.2511 -0.5828 -0.7729
vn -0.2613 -0.5337 -0.8043
vn -0.2704 -0.4839 -0.8323
vn -0.2785 -0.4336 -0.8570
vn -0.2855 -0.3830 -0.8785
vn -0.2915 -0.3322 -0.8971
vn -0.2966 -0.2812 -0.9127
vn -0.3007 -0.2301 -0.9255
vn -0.3040 -0.1790 -0.9357
vn -0.3065 -0.1278 -0.9433
vn -0.3081 -0.0767 -0.9483
vn -0.9997 -0.0256 -0.0000
vn -0.9997 0.0256 -0.0000
vn -0.9971 0.0767 -0.0000
vn -0.9918 0.1278 -0.0000
vn -0.9839 0.1790 -0.0000
vn -0.9732 0.2301 -0.0000
vn -0.9597 0.2812 -0.0000
vn -0.9432 0.3322 -0.0000
vn -0.9237 0.3830 -0.0000
vn -0.9011 0.4336 -0.0000
vn -0.8751 0.4839 -0.0000
vn -0.8457 0.5337 -0.0000
vn -0.8126 0.5828 -0.0000
vn -0.7758 0.6310 -0.0000
vn -0.7351 0.6780 -0.0000
vn -0.6903 0.7235 -0.0000
vn -0.6414 0.7672 -0.0000
vn -0.5885 0.8085 -0.0000
vn -0.5314 0.8471 -0.0000
vn -0.4703 0.8825 -0.0000
vn -0.4055 0.9141 -0.0000
vn -0.3372 0.9414 -0.0000
vn -0.2658 0.9640 -0.0000
vn -0.1918 0.9814 -0.0000
vn -0.1159 0.9933 -0.0000
vn -0.0388 0.9992 -0.0000
vn 0.0388 0.9992 -0.0000
vn 0.1162 0.9932 -0.0000
vn 0.1924 0.9813 -0.0000
vn 0.2668 0.9637 -0.0000
vn 0.3388 0.9409 -0.0000
vn 0.4076 0.9131 -0.0000
vn 0.4730 0.8811 -0.0000
vn 0.5345 0.8452 -0.0000
vn 0.5918 0.8061 -0.0000
vn 0.6450 0.7642 -0.0000
vn 0.6939 0.7201 -0.0000
vn 0.7385 0.6742 -0.0000
vn 0.7791 0.6269 -0.0000
vn 0.8156 0.5786 -0.0000
vn 0.8484 0.5294 -0.0000
vn 0.8774 0.4797 -0.0000
vn 0.9030 0.4296 -0.0000
vn 0.9253 0.3792 -0.0000
vn 0.9444 0.3287 -0.0000
vn 0.9605 0.2781 -0.0000
vn 0.9738 0.2275 -0.0000
vn 0.9842 0.1769 -0.0000
vn 0.9920 0.1263 -0.0000
vn 0.9971 0.0758 -0.0000
vn 0.9997 0.0253 -0.0000
vn 0.9997 -0.0253 -0.0000
vn 0.9971 -0.0758 -0.0000
vn 0.9920 -0.1263 -0.0000
vn 0.9842 -0.1769 -0.0000
vn 0.9738 -0.2275 -0.0000
vn 0.9605 -0.2781 -0.0000
vn 0.9444 -0.3287 -0.0000
vn 0.9253 -0.3792 -0.0000
vn 0.9030 -0.4296 -0.0000
vn 0.8774 -0.4797 -0.0000
vn 0.8484 -0.5294 -0.0000
vn 0.8156 -0.5786 -0.0000
vn 0.7791 -0.6269 -0.0000
vn 0.7385 -0.6742 -0.0000
vn 0.6939 -0.7201 -0.0000
vn 0.6450 -0.7642 -0.0000
vn 0.5918 -0.8061 -0.0000
vn 0.5345 -0.8452 -0.0000
vn 0.4730 -0.8811 -0.0000
vn 0.4076 -0.9131 -0.0000
vn 0.3388 -0.9409 -0.0000
vn 0.2668 -0.9637 -0.0000
vn 0.1924 -0.9813 -0.0000
vn 0.1162 -0.9932 -0.0000
vn 0.0388 -0.9992 -0.0000
vn -0.0388 -0.9992 -0.0000
vn -0.1159 -0.9933 -0.0000
vn -0.1918 -0.9814 -0.0000
vn -0.2658 -0.9640 -0.0000
vn -0.3372 -0.9414 -0.0000
vn -0.4055 -0.9141 -0.0000
vn -0.4703 -0.8825 -0.0000
vn -0.5314 -0.8471 -0.0000
vn -0.5885 -0.8085 -0.0000
vn -0.6414 -0.7672 -0.0000
vn -0.6903 -0.7235 -0.0000
vn -0.7351 -0.6780 -0.0000
vn -0.7758 -0.6310 -0.0000
vn -0.8126 -0.5828 -0.0000
vn -0.8457 -0.5337 -0.0000
vn -0.8751 -0.4839 -0.0000
vn -0.9011 -0.4336 -0.0000
vn -0.9237 -0.3830 -0.0000
vn -0.9432 -0.3322 -0.0000
vn -0.9597 -0.2812 -0.0000
vn -0.9732 -0.2301 -0.0000
vn -0.9839 -0.1790 -0.0000
vn -0.9918 -0.1278 -0.0000
vn -0.9971 -0.0767 -0.0000
vn -0.3089 -0.0256 0.9507
vn -0.3089 0.0256 0.9507
vn -0.3081 0.0767 0.9483
vn -0.3065 0.1278 0.9433
vn -0.3040 0.1790 0.9357
vn -0.3007 0.2301 0.9255
vn -0.2966 0.2812 0.9127
vn -0.2915 0.3322 0.8971
vn -0.2855 0.3830 0.8785
vn -0.2785 0.4336 0.8570
vn -0.2704 0.4839 0.8323
vn -0.2613 0.5337 0.8043
vn -0.2511 0.5828 0.7729
vn -0.2397 0.6310 0.7378
vn -0.2271 0.6780 0.6991
vn -0.2133 0.7235 0.6565
vn -0.1982 0.7672 0.6100
vn -0.1818 0.8085 0.5597
vn -0.1642 0.8471 0.5054
vn -0.1453 0.8825 0.4473
vn -0.1253 0.9141 0.3857
vn -0.1042 0.9414 0.3207
vn -0.0821 0.9640 0.2528
vn -0.0593 0.9814 0.1825
vn -0.0358 0.9933 0.1103
vn -0.0120 0.9992 0.0369
vn 0.0120 0.9992 -0.0369
vn 0.0359 0.9932 -0.1105
vn 0.0595 0.9813 -0.1830
vn 0.0825 0.9637 -0.2538
vn 0.1047 0.9409 -0.3222
vn 0.1260 0.9131 -0.3877
vn 0.1462 0.8811 -0.4498
vn 0.1652 0.8452 -0.5083
vn 0.1829 0.8061 -0.5629
vn 0.1993 0.7642 -0.6134
vn 0.2144 0.7201 -0.6599
vn 0.2282 0.6742 -0.7024
vn 0.2408 0.6269 -0.7410
vn 0.2520 0.5786 -0.7757
vn 0.2622 0.5294 -0.8069
vn 0.2711 0.4797 -0.8345
vn 0.2791 0.4296 -0.8588
vn 0.2859 0.3792 -0.8800
vn 0.2918 0.3287 -0.8982
vn 0.2968 0.2781 -0.9135
vn 0.3009 0.2275 -0.9261
vn 0.3041 0.1769 -0.9361
vn 0.3065 0.1263 -0.9434
vn 0.3081 0.0758 -0.9483
vn 0.3089 0.0253 -0.9508
vn 0.3089 -0.0253 -0.9508
vn 0.3081 -0.0758 -0.9483
vn 0.3065 -0.1263 -0.9434
vn 0.3041 -0.1769 -0.9361
vn 0.3009 -0.2275 -0.9261
vn 0.2968 -0.2781 -0.9135
vn 0.2918 -0.3287 -0.8982
vn 0.2859 -0.3792 -0.8800
vn 0.2791 -0.4296 -0.8588
vn 0.2711 -0.4797 -0.8345
vn 0.2622 -0.5294 -0.8069
vn 0.2520 -0.5786 -0.7757
vn 0.2408 -0.6269 -0.7410
vn 0.2282 -0.6742 -0.7024
vn 0.2144 -0.7201 -0.6599
vn 0.1993 -0.7642 -0.6134
vn 0.1829 -0.8061 -0.5629
vn 0.1652 -0.8452 -0.5083
vn 0.1462 -0.8811 -0.4498
vn 0.1260 -0.9131 -0.3877
vn 0.1047 -0.9409 -0.3222
vn 0.0825 -0.9637 -0.2538
vn 0.0595 -0.9813 -0.1830
vn 0.0359 -0.9932 -0.1105
vn 0.0120 -0.9992 -0.0369
vn -0.0120 -0.9992 0.0369
vn -0.0358 -0.9933 0.1103
vn -0.0593 -0.9814 0.1825
vn -0.0821 -0.9640 0.2528
vn -0.1042 -0.9414 0.3207
vn -0.1253 -0.9141 0.3857
vn -0.1453 -0.8825 0.4473
vn -0.1642 -0.8471 0.5054
vn -0.1818 -0.8085 0.5597
vn -0.1982 -0.7672 0.6100
vn -0.2133 -0.7235 0.6565
vn -0.2271 -0.6780 0.6991
vn -0.2397 -0.6310 0.7378
vn -0.2511 -0.5828 0.7729
vn -0.2613 -0.5337 0.8043
vn -0.2704 -0.4839 0.8323
vn -0.2785 -0.4336 0.8570
vn -0.2855 -0.3830 0.8785
vn -0.2915 -0.3322 0.8971
vn -0.2966 -0.2812 0.9127
vn -0.3007 -0.2301 0.9255
vn -0.3040 -0.1790 0.9357
vn -0.3065 -0.1278 0.9433
vn -0.3081 -0.0767 0.9483
vn 0.2242 0.0036 0.9745
vn 0.2242 0.0036 -0.9745
vn 0.9961 0.0036 0.0879
vn -0.8575 0.0036 -0.5144
vn 0.2241 0.0109 0.9745
vn 0.2241 0.0109 -0.9745
vn 0.9961 0.0109 0.0880
vn -0.8576 0.0109 -0.5142
vn 0.2237 0.0183 0.9745
vn 0.2237 0.0183 -0.9745
vn 0.9959 0.0183 0.0883
vn -0.8576 0.0183 -0.5139
vn 0.2233 0.0257 0.9744
vn 0.2233 0.0257 -0.9744
vn 0.9957 0.0257 0.0888
vn -0.8577 0.0257 -0.5135
vn 0.2226 0.0331 0.9743
vn 0.2226 0.0331 -0.9743
vn 0.9954 0.0331 0.0894
vn -0.8579 0.0331 -0.5128
vn 0.2218 0.0407 0.9742
vn 0.2218 0.0407 -0.9742
vn 0.9951 0.0407 0.0901
vn -0.8580 0.0407 -0.5120
vn 0.2208 0.0484 0.9741
vn 0.2208 0.0484 -0.9741
vn 0.9947 0.0484 0.0910
vn -0.8582 0.0484 -0.5110
vn 0.2196 0.0562 0.9740
vn 0.2196 0.0562 -0.9740
vn 0.9942 0.0562 0.0921
vn -0.8584 0.0562 -0.5098
vn 0.2182 0.0641 0.9738
vn 0.2182 0.0641 -0.9738
vn 0.9936 0.0641 0.0934
vn -0.8587 0.0641 -0.5085
vn 0.2167 0.0722 0.9736
vn 0.2167 0.0722 -0.9736
vn 0.9929 0.0722 0.0948
vn -0.8590 0.0722 -0.5069
vn 0.2149 0.0804 0.9733
vn 0.2149 0.0804 -0.9733
vn 0.9921 0.0804 0.0964
vn -0.8593 0.0804 -0.5051
vn 0.2129 0.0887 0.9730
vn 0.2129 0.0887 -0.9730
vn 0.9912 0.0887 0.0982
vn -0.8596 0.0887 -0.5032
vn 0.2107 0.0971 0.9727
vn 0.2107 0.0971 -0.9727
vn 0.9902 0.0971 0.1002
vn -0.8600 0.0971 -0.5010
vn 0.2083 0.1056 0.9723
vn 0.2083 0.1056 -0.9723
vn 0.9891 0.1056 0.1024
vn -0.8604 0.1056 -0.4986
vn 0.2057 0.1142 0.9719
vn 0.2057 0.1142 -0.9719
vn 0.9879 0.1142 0.1047
vn -0.8608 0.1142 -0.4960
vn 0.2029 0.1229 0.9715
vn 0.2029 0.1229 -0.9715
vn 0.9866 0.1229 0.1072
vn -0.8612 0.1229 -0.4932
vn 0.1999 0.1315 0.9709
vn 0.1999 0.1315 -0.9709
vn 0.9852 0.1315 0.1099
vn -0.8617 0.1315 -0.4902
vn 0.1967 0.1402 0.9704
vn 0.1967 0.1402 -0.9704
vn 0.9837 0.1402 0.1128
vn -0.8621 0.1402 -0.4869
vn 0.1933 0.1490 0.9698
vn 0.1933 0.1490 -0.9698
vn 0.9820 0.1490 0.1158
vn -0.8626 0.1490 -0.4835
vn 0.1896 0.1580 0.9691
vn 0.1896 0.1580 -0.9691
vn 0.9802 0.1580 0.1191
vn -0.8630 0.1580 -0.4798
vn 0.1857 0.1672 0.9683
vn 0.1857 0.1672 -0.9683
vn 0.9783 0.1672 0.1226
vn -0.8635 0.1672 -0.4758
vn 0.1813 0.1769 0.9674
vn 0.1813 0.1769 -0.9674
vn 0.9761 0.1769 0.1265
vn -0.8640 0.1769 -0.4714
vn 0.1764 0.1876 0.9663
vn 0.1764 0.1876 -0.9663
vn 0.9735 0.1876 0.1309
vn -0.8645 0.1876 -0.4663
vn 0.1705 0.1997 0.9649
vn 0.1705 0.1997 -0.9649
vn 0.9704 0.1997 0.1360
vn -0.8650 0.1997 -0.4603
vn 0.1632 0.2141 0.9631
vn 0.1632 0.2141 -0.9631
vn 0.9664 0.2141 0.1424
vn -0.8655 0.2141 -0.4528
vn 0.1535 0.2324 0.9604
vn 0.1535 0.2324 -0.9604
vn 0.9609 0.2324 0.1508
vn -0.8660 0.2324 -0.4428
vn 0.1401 0.2570 0.9562
vn 0.1401 0.2570 -0.9562
vn 0.9527 0.2570 0.1622
vn -0.8661 0.2570 -0.4287
vn 0.1201 0.2923 0.9488
vn 0.1201 0.2923 -0.9488
vn 0.9394 0.2923 0.1790
vn -0.8652 0.2923 -0.4074
vn 0.0875 0.3468 0.9338
vn 0.0875 0.3468 -0.9338
vn 0.9152 0.3468 0.2053
vn -0.8611 0.3468 -0.3718
vn 0.0285 0.4394 0.8978
vn 0.0285 0.4394 -0.8978
vn 0.8627 0.4394 0.2503
vn -0.8451 0.4394 -0.3046
vn -0.0958 0.6116 0.7854
vn -0.0958 0.6116 -0.7854
vn 0.7173 0.6116 0.3338
vn -0.7765 0.6116 -0.1515
vn -0.3607 0.8656 0.3474
vn -0.3607 0.8656 -0.3474
vn 0.2189 0.8656 0.4504
vn -0.4418 0.8656 0.2357
vn -0.5221 0.7263 -0.4471
vn -0.5221 0.7263 0.4471
vn -0.5866 0.7263 0.3584
vn 0.2639 0.7263 0.6347
vn -0.4637 0.4348 -0.7720
vn -0.4637 0.4348 0.7720
vn -0.8775 0.4348 0.2025
vn 0.5909 0.4348 0.6796
vn -0.4110 0.2810 -0.8672
vn -0.4110 0.2810 0.8672
vn -0.9518 0.2810 0.1229
vn 0.6978 0.2810 0.6589
vn -0.3790 0.1984 -0.9039
vn -0.3790 0.1984 0.9039
vn -0.9767 0.1984 0.0812
vn 0.7425 0.1984 0.6398
vn -0.3590 0.1487 -0.9214
vn -0.3590 0.1487 0.9214
vn -0.9873 0.1487 0.0567
vn 0.7654 0.1487 0.6262
vn -0.3457 0.1160 -0.9311
vn -0.3457 0.1160 0.9311
vn -0.9924 0.1160 0.0411
vn 0.7787 0.1160 0.6165
vn -0.3365 0.0929 -0.9371
vn -0.3365 0.0929 0.9371
vn -0.9952 0.0929 0.0305
vn 0.7872 0.0929 0.6096
vn -0.3299 0.0758 -0.9410
vn -0.3299 0.0758 0.9410
vn -0.9969 0.0758 0.0230
vn 0.7930 0.0758 0.6045
vn -0.3250 0.0626 -0.9436
vn -0.3250 0.0626 0.9436
vn -0.9979 0.0626 0.0175
vn 0.7970 0.0626 0.6007
vn -0.3213 0.0519 -0.9455
vn -0.3213 0.0519 0.9455
vn -0.9986 0.0519 0.0134
vn 0.8000 0.0519 0.5978
vn -0.3185 0.0431 -0.9469
vn -0.3185 0.0431 0.9469
vn -0.9990 0.0430 0.0103
vn 0.8022 0.0430 0.5955
vn -0.3163 0.0355 -0.9480
vn -0.3163 0.0355 0.9480
vn -0.9993 0.0355 0.0079
vn 0.8038 0.0355 0.5938
vn -0.3146 0.0288 -0.9488
vn -0.3146 0.0288 0.9488
vn -0.9996 0.0288 0.0060
vn 0.8051 0.0288 0.5924
vn -0.3133 0.0228 -0.9494
vn -0.3133 0.0228 0.9494
vn -0.9997 0.0228 0.0046
vn 0.8061 0.0228 0.5914
vn -0.3123 0.0173 -0.9498
vn -0.3123 0.0173 0.9498
vn -0.9998 0.0173 0.0035
vn 0.8068 0.0173 0.5906
vn -0.3116 0.0121 -0.9501
vn -0.3116 0.0121 0.9501
vn -0.9999 0.0121 0.0028
vn 0.8073 0.0121 0.5900
vn -0.3112 0.0072 -0.9503
vn -0.3112 0.0072 0.9503
vn -1.0000 0.0072 0.0023
vn 0.8076 0.0072 0.5896
vn -0.3110 0.0024 -0.9504
vn -0.3110 0.0024 0.9504
vn -1.0000 0.0024 0.0021
vn 0.8078 0.0024 0.5894
vn -0.3110 -0.0024 -0.9504
vn -0.3110 -0.0024 0.9504
vn -1.0000 -0.0024 0.0021
vn 0.8078 -0.0024 0.5894
vn -0.3112 -0.0072 -0.9503
vn -0.3112 -0.0072 0.9503
vn -1.0000 -0.0072 0.0023
vn 0.8076 -0.0072 0.5896
vn -0.3116 -0.0121 -0.9501
vn -0.3116 -0.0121 0.9501
vn -0.9999 -0.0121 0.0028
vn 0.8073 -0.0121 0.5900
vn -0.3123 -0.0173 -0.9498
vn -0.3123 -0.0173 0.9498
vn -0.9998 -0.0173 0.0035
vn 0.8068 -0.0173 0.5906
vn -0.3133 -0.0228 -0.9494
vn -0.3133 -0.0228 0.9494
vn -0.9997 -0.0228 0.0046
vn 0.8061 -0.0228 0.5914
vn -0.3146 -0.0288 -0.9488
vn -0.3146 -0.0288 0.9488
vn -0.9996 -0.0288 0.0060
vn 0.8051 -0.0288 0.5924
vn -0.3163 -0.0355 -0.9480
vn -0.3163 -0.0355 0.9480
vn -0.9993 -0.0355 0.0079
vn 0.8038 -0.0355 0.5938
vn -0.3185 -0.0431 -0.9469
vn -0.3185 -0.0430 0.9469
vn -0.9990 -0.0430 0.0103
vn 0.8022 -0.0430 0.5955
vn -0.3213 -0.0519 -0.9455
vn -0.3213 -0.0519 0.9455
vn -0.9986 -0.0519 0.0134
vn 0.8000 -0.0519 0.5978
vn -0.3250 -0.0626 -0.9436
vn -0.3250 -0.0626 0.9436
vn -0.9979 -0.0626 0.0175
vn 0.7970 -0.0626 0.6007
vn -0.3299 -0.0758 -0.9410
vn -0.3299 -0.0758 0.9410
vn -0.9969 -0.0758 0.0230
vn 0.7930 -0.0758 0.6045
vn -0.3365 -0.0929 -0.9371
vn -0.3365 -0.0929 0.9371
vn -0.9952 -0.0929 0.0305
vn 0.7872 -0.0929 0.6096
vn -0.3457 -0.1160 -0.9311
vn -0.3457 -0.1160 0.9311
vn -0.9924 -0.1160 0.0411
vn 0.7787 -0.1160 0.6165
vn -0.3590 -0.1487 -0.9214
vn -0.3590 -0.1487 0.9214
vn -0.9873 -0.1487 0.0567
vn 0.7654 -0.1487 0.6262
vn -0.3790 -0.1984 -0.9039
vn -0.3790 -0.1984 0.9039
vn -0.9767 -0.1984 0.0812
vn 0.7425 -0.1984 0.6398
vn -0.4110 -0.2810 -0.8672
vn -0.4110 -0.2810 0.8672
vn -0.9518 -0.2810 0.1229
vn 0.6978 -0.2810 0.6589
vn -0.4637 -0.4348 -0.7720
vn -0.4637 -0.4348 0.7720
vn -0.8775 -0.4348 0.2025
vn 0.5909 -0.4348 0.6796
vn -0.5221 -0.7263 -0.4471
vn -0.5221 -0.7263 0.4471
vn -0.5866 -0.7263 0.3584
vn 0.2639 -0.7263 0.6347
vn -0.3607 -0.8656 0.3474
vn -0.3607 -0.8656 -0.3474
vn 0.2189 -0.8656 0.4504
vn -0.4418 -0.8656 0.2357
vn -0.0958 -0.6116 0.7854
vn -0.0958 -0.6116 -0.7854
vn 0.7173 -0.6116 0.3338
vn -0.7765 -0.6116 -0.1515
vn 0.0285 -0.4394 0.8978
vn 0.0285 -0.4394 -0.8978
vn 0.8627 -0.4394 0.2503
vn -0.8451 -0.4394 -0.3046
vn 0.0875 -0.3468 0.9338
vn 0.0875 -0.3468 -0.9338
vn 0.9152 -0.3468 0.2053
vn -0.8611 -0.3468 -0.3718
vn 0.1201 -0.2923 0.9488
vn 0.1201 -0.2923 -0.9488
vn 0.9394 -0.2923 0.1790
vn -0.8652 -0.2923 -0.4074
vn 0.1401 -0.2570 0.9562
vn 0.1401 -0.2570 -0.9562
vn 0.9527 -0.2570 0.1622
vn -0.8661 -0.2570 -0.4287
vn 0.1535 -0.2324 0.9604
vn 0.1535 -0.2324 -0.9604
vn 0.9609 -0.2324 0.1508
vn -0.8660 -0.2324 -0.4428
vn 0.1632 -0.2141 0.9631
vn 0.1632 -0.2141 -0.9631
vn 0.9664 -0.2141 0.1424
vn -0.8655 -0.2141 -0.4528
vn 0.1705 -0.1997 0.9649
vn 0.1705 -0.1997 -0.9649
vn 0.9704 -0.1997 0.1360
vn -0.8650 -0.1997 -0.4603
vn 0.1764 -0.1876 0.9663
vn 0.1764 -0.1876 -0.9663
vn 0.9735 -0.1876 0.1309
vn -0.8645 -0.1876 -0.4663
vn 0.1813 -0.1769 0.9674
vn 0.1813 -0.1769 -0.9674
vn 0.9761 -0.1769 0.1265
vn -0.8640 -0.1769 -0.4714
vn 0.1857 -0.1672 0.9683
vn 0.1857 -0.1672 -0.9683
vn 0.9783 -0.1672 0.1226
vn -0.8635 -0.1672 -0.4758
vn 0.1896 -0.1580 0.9691
vn 0.1896 -0.1580 -0.9691
vn 0.9802 -0.1580 0.1191
vn -0.8630 -0.1580 -0.4798
vn 0.1933 -0.1490 0.9698
vn 0.1933 -0.1490 -0.9698
vn 0.9820 -0.1490 0.1158
vn -0.8626 -0.1490 -0.4835
vn 0.1967 -0.1402 0.9704
vn 0.1967 -0.1402 -0.9704
vn 0.9837 -0.1402 0.1128
vn -0.8621 -0.1402 -0.4869
vn 0.1999 -0.1315 0.9709
vn 0.1999 -0.1315 -0.9709
vn 0.9852 -0.1315 0.1099
vn -0.8617 -0.1315 -0.4902
vn 0.2029 -0.1229 0.9715
vn 0.2029 -0.1229 -0.9715
vn 0.9866 -0.1229 0.1072
vn -0.8612 -0.1229 -0.4932
vn 0.2057 -0.1142 0.9719
vn 0.2057 -0.1142 -0.9719
vn 0.9879 -0.1142 0.1047
vn -0.8608 -0.1142 -0.4960
vn 0.2083 -0.1056 0.9723
vn 0.2083 -0.1056 -0.9723
vn 0.9891 -0.1056 0.1024
vn -0.8604 -0.1056 -0.4986
vn 0.2107 -0.0971 0.9727
vn 0.2107 -0.0971 -0.9727
vn 0.9902 -0.0971 0.1002
vn -0.8600 -0.0971 -0.5010
vn 0.2129 -0.0887 0.9730
vn 0.2129 -0.0887 -0.9730
vn 0.9912 -0.0887 0.0982
vn -0.8596 -0.0887 -0.5032
vn 0.2149 -0.0804 0.9733
vn 0.2149 -0.0804 -0.9733
vn 0.9921 -0.0804 0.0964
vn -0.8593 -0.0804 -0.5051
vn 0.2167 -0.0722 0.9736
vn 0.2167 -0.0722 -0.9736
vn 0.9929 -0.0722 0.0948
vn -0.8590 -0.0722 -0.5069
vn 0.2182 -0.0641 0.9738
vn 0.2182 -0.0641 -0.9738
vn 0.9936 -0.0641 0.0934
vn -0.8587 -0.0641 -0.5085
vn 0.2196 -0.0562 0.9740
vn 0.2196 -0.0562 -0.9740
vn 0.9942 -0.0562 0.0921
vn -0.8584 -0.0562 -0.5098
vn 0.2208 -0.0484 0.9741
vn 0.2208 -0.0484 -0.9741
vn 0.9947 -0.0484 0.0910
vn -0.8582 -0.0484 -0.5110
vn 0.2218 -0.0407 0.9742
vn 0.2218 -0.0407 -0.9742
vn 0.9951 -0.0407 0.0901
vn -0.8580 -0.0407 -0.5120
vn 0.2226 -0.0331 0.9743
vn 0.2226 -0.0331 -0.9743
vn 0.9954 -0.0331 0.0894
vn -0.8579 -0.0331 -0.5128
vn 0.2233 -0.0257 0.9744
vn 0.2233 -0.0257 -0.9744
vn 0.9957 -0.0257 0.0888
vn -0.8577 -0.0257 -0.5135
vn 0.2237 -0.0183 0.9745
vn 0.2237 -0.0183 -0.9745
vn 0.9959 -0.0183 0.0883
vn -0.8576 -0.0183 -0.5139
vn 0.2241 -0.0109 0.9745
vn 0.2241 -0.0109 -0.9745
vn 0.9961 -0.0109 0.0880
vn -0.8576 -0.0109 -0.5142
vn 0.2242 -0.0036 -0.9745
vn 0.2242 -0.0036 0.9745
vn -0.8575 -0.0036 -0.5144
vn 0.9961 -0.0036 0.0879
vn 0.3914 0.0036 -0.9202
vn -0.7542 0.0036 0.6566
vn 0.3915 0.0109 -0.9201
vn -0.7541 0.0109 0.6567
vn 0.3918 0.0183 -0.9199
vn -0.7538 0.0183 0.6569
vn 0.3921 0.0256 -0.9196
vn -0.7534 0.0257 0.6571
vn 0.3926 0.0331 -0.9191
vn -0.7528 0.0331 0.6574
vn 0.3932 0.0407 -0.9185
vn -0.7521 0.0407 0.6578
vn 0.3939 0.0484 -0.9179
vn -0.7512 0.0484 0.6583
vn 0.3948 0.0562 -0.9170
vn -0.7502 0.0562 0.6589
vn 0.3958 0.0641 -0.9161
vn -0.7489 0.0641 0.6595
vn 0.3970 0.0722 -0.9150
vn -0.7475 0.0722 0.6603
vn 0.3983 0.0804 -0.9137
vn -0.7460 0.0804 0.6611
vn 0.3997 0.0887 -0.9123
vn -0.7442 0.0887 0.6621
vn 0.4013 0.0971 -0.9108
vn -0.7422 0.0971 0.6631
vn 0.4030 0.1056 -0.9091
vn -0.7401 0.1056 0.6642
vn 0.4049 0.1142 -0.9072
vn -0.7377 0.1142 0.6654
vn 0.4069 0.1229 -0.9052
vn -0.7352 0.1229 0.6667
vn 0.4090 0.1315 -0.9030
vn -0.7324 0.1315 0.6680
vn 0.4112 0.1402 -0.9007
vn -0.7295 0.1403 0.6694
vn 0.4136 0.1490 -0.8982
vn -0.7264 0.1490 0.6709
vn 0.4162 0.1580 -0.8955
vn -0.7230 0.1580 0.6725
vn 0.4189 0.1672 -0.8925
vn -0.7194 0.1672 0.6742
vn 0.4219 0.1769 -0.8892
vn -0.7153 0.1769 0.6760
vn 0.4253 0.1876 -0.8854
vn -0.7106 0.1876 0.6781
vn 0.4293 0.1997 -0.8808
vn -0.7051 0.1997 0.6804
vn 0.4341 0.2141 -0.8750
vn -0.6981 0.2141 0.6833
vn 0.4403 0.2324 -0.8672
vn -0.6887 0.2324 0.6867
vn 0.4487 0.2570 -0.8559
vn -0.6754 0.2571 0.6912
vn 0.4605 0.2923 -0.8381
vn -0.6548 0.2923 0.6970
vn 0.4781 0.3469 -0.8069
vn -0.6197 0.3469 0.7040
vn 0.5047 0.4394 -0.7431
vn -0.5508 0.4394 0.7096
vn 0.5391 0.6116 -0.5790
vn -0.3841 0.6116 0.6917
vn 0.4960 0.8656 -0.0690
vn 0.0876 0.8656 0.4930
vn 0.1596 0.7263 0.6686
vn 0.6852 0.7263 -0.0549
vn -0.0786 0.4348 0.8971
vn 0.8289 0.4348 -0.3519
vn -0.1772 0.2810 0.9432
vn 0.8423 0.2810 -0.4600
vn -0.2246 0.1984 0.9540
vn 0.8379 0.1984 -0.5084
vn -0.2512 0.1487 0.9565
vn 0.8320 0.1487 -0.5344
vn -0.2676 0.1160 0.9565
vn 0.8270 0.1160 -0.5501
vn -0.2785 0.0929 0.9559
vn 0.8231 0.0929 -0.5603
vn -0.2862 0.0758 0.9552
vn 0.8200 0.0758 -0.5673
vn -0.2917 0.0626 0.9545
vn 0.8176 0.0626 -0.5724
vn -0.2958 0.0519 0.9538
vn 0.8157 0.0519 -0.5761
vn -0.2989 0.0430 0.9533
vn 0.8143 0.0430 -0.5789
vn -0.3013 0.0355 0.9529
vn 0.8131 0.0355 -0.5810
vn -0.3031 0.0288 0.9525
vn 0.8122 0.0288 -0.5827
vn -0.3046 0.0228 0.9522
vn 0.8115 0.0228 -0.5839
vn -0.3056 0.0173 0.9520
vn 0.8110 0.0173 -0.5848
vn -0.3063 0.0121 0.9518
vn 0.8106 0.0121 -0.5855
vn -0.3068 0.0072 0.9517
vn 0.8103 0.0072 -0.5859
vn -0.3071 0.0024 0.9517
vn 0.8102 0.0024 -0.5861
vn -0.3071 -0.0024 0.9517
vn 0.8102 -0.0024 -0.5861
vn -0.3068 -0.0072 0.9517
vn 0.8103 -0.0072 -0.5859
vn -0.3063 -0.0121 0.9518
vn 0.8106 -0.0121 -0.5855
vn -0.3056 -0.0173 0.9520
vn 0.8110 -0.0173 -0.5848
vn -0.3046 -0.0228 0.9522
vn 0.8115 -0.0228 -0.5839
vn -0.3031 -0.0288 0.9525
vn 0.8122 -0.0288 -0.5827
vn -0.3013 -0.0355 0.9529
vn 0.8131 -0.0355 -0.5810
vn -0.2989 -0.0430 0.9533
vn 0.8143 -0.0430 -0.5789
vn -0.2958 -0.0519 0.9538
vn 0.8157 -0.0519 -0.5761
vn -0.2917 -0.0626 0.9545
vn 0.8176 -0.0626 -0.5724
vn -0.2862 -0.0758 0.9552
vn 0.8200 -0.0758 -0.5673
vn -0.2785 -0.0929 0.9559
vn 0.8231 -0.0929 -0.5603
vn -0.2676 -0.1160 0.9565
vn 0.8270 -0.1160 -0.5501
vn -0.2512 -0.1487 0.9565
vn 0.8320 -0.1487 -0.5344
vn -0.2246 -0.1984 0.9540
vn 0.8379 -0.1984 -0.5084
vn -0.1772 -0.2810 0.9432
vn 0.8423 -0.2810 -0.4600
vn -0.0786 -0.4348 0.8971
vn 0.8289 -0.4348 -0.3519
vn 0.1596 -0.7263 0.6686
vn 0.6852 -0.7263 -0.0548
vn 0.4960 -0.8656 -0.0690
vn 0.0876 -0.8656 0.4930
vn 0.5391 -0.6116 -0.5790
vn -0.3841 -0.6116 0.6917
vn 0.5047 -0.4394 -0.7431
vn -0.5508 -0.4394 0.7096
vn 0.4781 -0.3469 -0.8069
vn -0.6197 -0.3468 0.7040
vn 0.4605 -0.2923 -0.8381
vn -0.6548 -0.2923 0.6970
vn 0.4487 -0.2570 -0.8559
vn -0.6754 -0.2570 0.6912
vn 0.4403 -0.2324 -0.8672
vn -0.6887 -0.2324 0.6867
vn 0.4341 -0.2141 -0.8751
vn -0.6981 -0.2141 0.6833
vn 0.4293 -0.1997 -0.8808
vn -0.7051 -0.1997 0.6804
vn 0.4253 -0.1876 -0.8854
vn -0.7106 -0.1876 0.6781
vn 0.4219 -0.1769 -0.8892
vn -0.7153 -0.1769 0.6760
vn 0.4189 -0.1672 -0.8925
vn -0.7194 -0.1672 0.6742
vn 0.4162 -0.1580 -0.8955
vn -0.7230 -0.1580 0.6725
vn 0.4136 -0.1490 -0.8982
vn -0.7264 -0.1490 0.6709
vn 0.4112 -0.1402 -0.9007
vn -0.7295 -0.1402 0.6694
vn 0.4090 -0.1315 -0.9030
vn -0.7324 -0.1315 0.6680
vn 0.4069 -0.1229 -0.9052
vn -0.7352 -0.1228 0.6667
vn 0.4049 -0.1142 -0.9072
vn -0.7377 -0.1142 0.6654
vn 0.4030 -0.1056 -0.9091
vn -0.7401 -0.1056 0.6642
vn 0.4013 -0.0971 -0.9108
vn -0.7422 -0.0971 0.6631
vn 0.3997 -0.0887 -0.9123
vn -0.7442 -0.0887 0.6621
vn 0.3983 -0.0804 -0.9137
vn -0.7460 -0.0804 0.6611
vn 0.3970 -0.0722 -0.9150
vn -0.7475 -0.0722 0.6603
vn 0.3958 -0.0641 -0.9161
vn -0.7489 -0.0641 0.6595
vn 0.3948 -0.0562 -0.9170
vn -0.7502 -0.0562 0.6589
vn 0.3939 -0.0484 -0.9179
vn -0.7512 -0.0484 0.6583
vn 0.3932 -0.0407 -0.9185
vn -0.7521 -0.0407 0.6578
vn 0.3926 -0.0331 -0.9191
vn -0.7528 -0.0331 0.6574
vn 0.3921 -0.0257 -0.9196
vn -0.7534 -0.0257 0.6571
vn 0.3918 -0.0183 -0.9199
vn -0.7538 -0.0183 0.6569
vn 0.3915 -0.0109 -0.9201
vn -0.7541 -0.0109 0.6567
vn -0.7542 -0.0036 0.6566
vn 0.3914 -0.0036 -0.9202
vn -0.7542 0.0036 -0.6566
vn 0.3914 0.0036 0.9202
vn -0.7541 0.0109 -0.6567
vn 0.3915 0.0109 0.9201
vn -0.7538 0.0183 -0.6569
vn 0.3918 0.0183 0.9199
vn -0.7534 0.0257 -0.6571
vn 0.3921 0.0256 0.9196
vn -0.7528 0.0331 -0.6574
vn 0.3926 0.0331 0.9191
vn -0.7521 0.0407 -0.6578
vn 0.3932 0.0407 0.9185
vn -0.7512 0.0484 -0.6583
vn 0.3939 0.0484 0.9179
vn -0.7502 0.0562 -0.6589
vn 0.3948 0.0562 0.9170
vn -0.7489 0.0641 -0.6595
vn 0.3958 0.0641 0.9161
vn -0.7475 0.0722 -0.6603
vn 0.3970 0.0722 0.9150
vn -0.7460 0.0804 -0.6611
vn 0.3983 0.0804 0.9137
vn -0.7442 0.0887 -0.6621
vn 0.3997 0.0887 0.9123
vn -0.7422 0.0971 -0.6631
vn 0.4013 0.0971 0.9108
vn -0.7401 0.1056 -0.6642
vn 0.4030 0.1056 0.9091
vn -0.7377 0.1142 -0.6654
vn 0.4049 0.1142 0.9072
vn -0.7352 0.1229 -0.6667
vn 0.4069 0.1229 0.9052
vn -0.7324 0.1315 -0.6680
vn 0.4090 0.1315 0.9030
vn -0.7295 0.1402 -0.6694
vn 0.4112 0.1402 0.9007
vn -0.7264 0.1490 -0.6709
vn 0.4136 0.1490 0.8982
vn -0.7230 0.1580 -0.6725
vn 0.4162 0.1580 0.8955
vn -0.7194 0.1672 -0.6742
vn 0.4189 0.1672 0.8925
vn -0.7153 0.1769 -0.6760
vn 0.4219 0.1769 0.8892
vn -0.7107 0.1876 -0.6781
vn 0.4253 0.1876 0.8854
vn -0.7051 0.1997 -0.6804
vn 0.4293 0.1997 0.8808
vn -0.6981 0.2141 -0.6833
vn 0.4341 0.2141 0.8750
vn -0.6887 0.2324 -0.6867
vn 0.4403 0.2324 0.8672
vn -0.6754 0.2571 -0.6912
vn 0.4487 0.2570 0.8559
vn -0.6548 0.2923 -0.6970
vn 0.4605 0.2923 0.8381
vn -0.6197 0.3469 -0.7040
vn 0.4781 0.3469 0.8069
vn -0.5508 0.4394 -0.7096
vn 0.5047 0.4394 0.7431
vn -0.3841 0.6116 -0.6917
vn 0.5392 0.6116 0.5790
vn 0.0876 0.8656 -0.4930
vn 0.4960 0.8656 0.0690
vn 0.6852 0.7263 0.0548
vn 0.1596 0.7263 -0.6686
vn 0.8289 0.4348 0.3520
vn -0.0786 0.4348 -0.8971
vn 0.8423 0.2810 0.4600
vn -0.1772 0.2810 -0.9432
vn 0.8379 0.1984 0.5084
vn -0.2246 0.1984 -0.9540
vn 0.8320 0.1487 0.5344
vn -0.2512 0.1487 -0.9565
vn 0.8270 0.1160 0.5501
vn -0.2676 0.1160 -0.9565
vn 0.8231 0.0929 0.5603
vn -0.2785 0.0929 -0.9559
vn 0.8200 0.0758 0.5673
vn -0.2862 0.0758 -0.9552
vn 0.8176 0.0626 0.5724
vn -0.2917 0.0626 -0.9545
vn 0.8157 0.0519 0.5761
vn -0.2958 0.0519 -0.9538
vn 0.8143 0.0430 0.5789
vn -0.2989 0.0430 -0.9533
vn 0.8131 0.0355 0.5810
vn -0.3013 0.0355 -0.9529
vn 0.8122 0.0288 0.5827
vn -0.3031 0.0288 -0.9525
vn 0.8115 0.0228 0.5839
vn -0.3045 0.0228 -0.9522
vn 0.8110 0.0173 0.5848
vn -0.3056 0.0173 -0.9520
vn 0.8106 0.0121 0.5855
vn -0.3063 0.0121 -0.9518
vn 0.8103 0.0072 0.5859
vn -0.3068 0.0072 -0.9517
vn 0.8102 0.0024 0.5861
vn -0.3071 0.0024 -0.9517
vn 0.8102 -0.0024 0.5861
vn -0.3071 -0.0024 -0.9517
vn 0.8103 -0.0072 0.5859
vn -0.3068 -0.0072 -0.9517
vn 0.8106 -0.0121 0.5855
vn -0.3063 -0.0121 -0.9518
vn 0.8110 -0.0173 0.5848
vn -0.3056 -0.0173 -0.9520
vn 0.8115 -0.0228 0.5839
vn -0.3046 -0.0228 -0.9522
vn 0.8122 -0.0288 0.5827
vn -0.3031 -0.0288 -0.9525
vn 0.8131 -0.0355 0.5810
vn -0.3013 -0.0355 -0.9529
vn 0.8143 -0.0430 0.5789
vn -0.2989 -0.0430 -0.9533
vn 0.8157 -0.0519 0.5761
vn -0.2958 -0.0519 -0.9538
vn 0.8176 -0.0626 0.5724
vn -0.2917 -0.0626 -0.9545
vn 0.8200 -0.0758 0.5673
vn -0.2862 -0.0758 -0.9552
vn 0.8231 -0.0929 0.5603
vn -0.2785 -0.0929 -0.9559
vn 0.8270 -0.1160 0.5501
vn -0.2676 -0.1160 -0.9565
vn 0.8320 -0.1487 0.5344
vn -0.2512 -0.1487 -0.9565
vn 0.8379 -0.1984 0.5084
vn -0.2246 -0.1984 -0.9540
vn 0.8423 -0.2810 0.4600
vn -0.1772 -0.2810 -0.9432
vn 0.8289 -0.4348 0.3519
vn -0.0786 -0.4348 -0.8971
vn 0.6852 -0.7263 0.0549
vn 0.1596 -0.7263 -0.6686
vn 0.0876 -0.8656 -0.4930
vn 0.4960 -0.8656 0.0690
vn -0.3841 -0.6116 -0.6917
vn 0.5391 -0.6116 0.5790
vn -0.5508 -0.4394 -0.7096
vn 0.5047 -0.4394 0.7431
vn -0.6197 -0.3469 -0.7040
vn 0.4781 -0.3468 0.8069
vn -0.6548 -0.2923 -0.6970
vn 0.4605 -0.2923 0.8381
vn -0.6754 -0.2570 -0.6912
vn 0.4487 -0.2570 0.8559
vn -0.6887 -0.2324 -0.6867
vn 0.4403 -0.2324 0.8672
vn -0.6981 -0.2141 -0.6833
vn 0.4341 -0.2141 0.8750
vn -0.7051 -0.1997 -0.6804
vn 0.4293 -0.1997 0.8808
vn -0.7107 -0.1876 -0.6781
vn 0.4253 -0.1876 0.8854
vn -0.7153 -0.1769 -0.6760
vn 0.4219 -0.1769 0.8892
vn -0.7194 -0.1672 -0.6742
vn 0.4189 -0.1672 0.8925
vn -0.7230 -0.1580 -0.6725
vn 0.4162 -0.1580 0.8955
vn -0.7264 -0.1490 -0.6709
vn 0.4136 -0.1490 0.8982
vn -0.7295 -0.1402 -0.6694
vn 0.4112 -0.1402 0.9007
vn -0.7324 -0.1315 -0.6680
vn 0.4090 -0.1315 0.9030
vn -0.7352 -0.1228 -0.6667
vn 0.4069 -0.1229 0.9052
vn -0.7377 -0.1142 -0.6654
vn 0.4049 -0.1142 0.9072
vn -0.7401 -0.1056 -0.6642
vn 0.4030 -0.1056 0.9091
vn -0.7422 -0.0971 -0.6631
vn 0.4013 -0.0971 0.9108
vn -0.7442 -0.0887 -0.6621
vn 0.3997 -0.0887 0.9123
vn -0.7460 -0.0804 -0.6611
vn 0.3983 -0.0804 0.9137
vn -0.7475 -0.0722 -0.6603
vn 0.3970 -0.0722 0.9150
vn -0.7489 -0.0641 -0.6595
vn 0.3958 -0.0641 0.9161
vn -0.7502 -0.0562 -0.6589
vn 0.3948 -0.0562 0.9170
vn -0.7512 -0.0484 -0.6583
vn 0.3939 -0.0484 0.9179
vn -0.7521 -0.0407 -0.6578
vn 0.3932 -0.0407 0.9185
vn -0.7528 -0.0331 -0.6574
vn 0.3926 -0.0331 0.9191
vn -0.7534 -0.0257 -0.6571
vn 0.3921 -0.0256 0.9196
vn -0.7538 -0.0183 -0.6569
vn 0.3918 -0.0183 0.9199
vn -0.7541 -0.0109 -0.6567
vn 0.3915 -0.0109 0.9201
vn 0.3914 -0.0036 0.9202
vn -0.7542 -0.0036 -0.6566
vn -0.8575 0.0036 0.5144
vn 0.9961 0.0036 -0.0879
vn -0.8576 0.0109 0.5142
vn 0.9961 0.0109 -0.0880
vn -0.8576 0.0183 0.5139
vn 0.9959 0.0183 -0.0883
vn -0.8577 0.0257 0.5135
vn 0.9957 0.0257 -0.0888
vn -0.8579 0.0331 0.5128
vn 0.9954 0.0331 -0.0894
vn -0.8580 0.0407 0.5120
vn 0.9951 0.0407 -0.0901
vn -0.8582 0.0484 0.5110
vn 0.9947 0.0484 -0.0910
vn -0.8584 0.0562 0.5098
vn 0.9942 0.0562 -0.0921
vn -0.8587 0.0641 0.5085
vn 0.9936 0.0641 -0.0934
vn -0.8590 0.0722 0.5069
vn 0.9929 0.0722 -0.0948
vn -0.8593 0.0804 0.5051
vn 0.9921 0.0804 -0.0964
vn -0.8596 0.0887 0.5032
vn 0.9912 0.0887 -0.0982
vn -0.8600 0.0971 0.5010
vn 0.9902 0.0971 -0.1002
vn -0.8604 0.1056 0.4986
vn 0.9891 0.1056 -0.1024
vn -0.8608 0.1142 0.4960
vn 0.9879 0.1142 -0.1047
vn -0.8612 0.1229 0.4932
vn 0.9866 0.1229 -0.1072
vn -0.8617 0.1315 0.4902
vn 0.9852 0.1315 -0.1099
vn -0.8621 0.1402 0.4869
vn 0.9837 0.1402 -0.1128
vn -0.8626 0.1490 0.4835
vn 0.9820 0.1490 -0.1158
vn -0.8630 0.1580 0.4798
vn 0.9802 0.1580 -0.1191
vn -0.8635 0.1672 0.4758
vn 0.9783 0.1672 -0.1226
vn -0.8640 0.1769 0.4714
vn 0.9761 0.1769 -0.1265
vn -0.8645 0.1876 0.4663
vn 0.9735 0.1876 -0.1309
vn -0.8650 0.1997 0.4603
vn 0.9704 0.1997 -0.1360
vn -0.8655 0.2141 0.4528
vn 0.9664 0.2141 -0.1424
vn -0.8660 0.2324 0.4428
vn 0.9609 0.2324 -0.1508
vn -0.8661 0.2570 0.4287
vn 0.9527 0.2570 -0.1622
vn -0.8652 0.2923 0.4074
vn 0.9394 0.2923 -0.1790
vn -0.8611 0.3468 0.3718
vn 0.9152 0.3468 -0.2053
vn -0.8451 0.4394 0.3046
vn 0.8627 0.4394 -0.2503
vn -0.7765 0.6116 0.1515
vn 0.7173 0.6116 -0.3338
vn -0.4419 0.8656 -0.2357
vn 0.2189 0.8656 -0.4504
vn 0.2639 0.7263 -0.6347
vn -0.5866 0.7263 -0.3584
vn 0.5909 0.4348 -0.6796
vn -0.8775 0.4348 -0.2025
vn 0.6978 0.2810 -0.6589
vn -0.9518 0.2810 -0.1229
vn 0.7425 0.1984 -0.6398
vn -0.9767 0.1984 -0.0812
vn 0.7654 0.1487 -0.6262
vn -0.9873 0.1487 -0.0567
vn 0.7787 0.1160 -0.6165
vn -0.9924 0.1160 -0.0411
vn 0.7872 0.0929 -0.6096
vn -0.9952 0.0929 -0.0305
vn 0.7930 0.0758 -0.6045
vn -0.9969 0.0758 -0.0230
vn 0.7970 0.0626 -0.6007
vn -0.9979 0.0626 -0.0175
vn 0.8000 0.0519 -0.5978
vn -0.9986 0.0519 -0.0134
vn 0.8022 0.0430 -0.5955
vn -0.9990 0.0430 -0.0103
vn 0.8038 0.0355 -0.5938
vn -0.9993 0.0355 -0.0079
vn 0.8051 0.0288 -0.5924
vn -0.9996 0.0288 -0.0060
vn 0.8061 0.0228 -0.5914
vn -0.9997 0.0228 -0.0046
vn 0.8068 0.0173 -0.5906
vn -0.9998 0.0173 -0.0035
vn 0.8073 0.0121 -0.5900
vn -0.9999 0.0121 -0.0028
vn 0.8076 0.0072 -0.5896
vn -1.0000 0.0072 -0.0023
vn 0.8078 0.0024 -0.5894
vn -1.0000 0.0024 -0.0021
vn 0.8078 -0.0024 -0.5894
vn -1.0000 -0.0024 -0.0021
vn 0.8076 -0.0072 -0.5896
vn -1.0000 -0.0072 -0.0023
vn 0.8073 -0.0121 -0.5900
vn -0.9999 -0.0121 -0.0028
vn 0.8068 -0.0173 -0.5906
vn -0.9998 -0.0173 -0.0035
vn 0.8061 -0.0228 -0.5914
vn -0.9997 -0.0228 -0.0046
vn 0.8051 -0.0288 -0.5924
vn -0.9996 -0.0288 -0.0060
vn 0.8038 -0.0355 -0.5938
vn -0.9993 -0.0355 -0.0079
vn 0.8022 -0.0430 -0.5955
vn -0.9990 -0.0430 -0.0103
vn 0.8000 -0.0519 -0.5978
vn -0.9986 -0.0519 -0.0134
vn 0.7970 -0.0626 -0.6007
vn -0.9979 -0.0626 -0.0175
vn 0.7930 -0.0758 -0.6045
vn -0.9969 -0.0758 -0.0230
vn 0.7872 -0.0929 -0.6096
vn -0.9952 -0.0929 -0.0305
vn 0.7787 -0.1160 -0.6165
vn -0.9924 -0.1160 -0.0411
vn 0.7654 -0.1487 -0.6262
vn -0.9873 -0.1487 -0.0567
vn 0.7425 -0.1984 -0.6398
vn -0.9768 -0.1984 -0.0812
vn 0.6977 -0.2811 -0.6589
vn -0.9518 -0.2810 -0.1229
vn 0.5909 -0.4348 -0.6796
vn -0.8775 -0.4348 -0.2025
vn 0.2639 -0.7263 -0.6347
vn -0.5866 -0.7263 -0.3584
vn -0.4419 -0.8656 -0.2357
vn 0.2189 -0.8656 -0.4504
vn -0.7765 -0.6116 0.1515
vn 0.7173 -0.6116 -0.3338
vn -0.8451 -0.4394 0.3046
vn 0.8627 -0.4394 -0.2503
vn -0.8611 -0.3468 0.3718
vn 0.9152 -0.3468 -0.2053
vn -0.8652 -0.2923 0.4074
vn 0.9394 -0.2923 -0.1790
vn -0.8661 -0.2570 0.4287
vn 0.9527 -0.2570 -0.1622
vn -0.8660 -0.2324 0.4428
vn 0.9609 -0.2324 -0.1508
vn -0.8655 -0.2141 0.4528
vn 0.9664 -0.2141 -0.1424
vn -0.8650 -0.1997 0.4603
vn 0.9704 -0.1997 -0.1360
vn -0.8645 -0.1876 0.4663
vn 0.9735 -0.1876 -0.1309
vn -0.8640 -0.1769 0.4714
vn 0.9761 -0.1769 -0.1265
vn -0.8635 -0.1672 0.4758
vn 0.9783 -0.1672 -0.1226
vn -0.8630 -0.1580 0.4798
vn 0.9802 -0.1580 -0.1191
vn -0.8626 -0.1490 0.4835
vn 0.9820 -0.1490 -0.1158
vn -0.8621 -0.1402 0.4869
vn 0.9837 -0.1402 -0.1128
vn -0.8617 -0.1315 0.4902
vn 0.9852 -0.1315 -0.1099
vn -0.8612 -0.1229 0.4932
vn 0.9866 -0.1229 -0.1072
vn -0.8608 -0.1142 0.4960
vn 0.9879 -0.1142 -0.1047
vn -0.8604 -0.1056 0.4986
vn 0.9891 -0.1056 -0.1024
vn -0.8600 -0.0971 0.5010
vn 0.9902 -0.0971 -0.1002
vn -0.8596 -0.0887 0.5032
vn 0.9912 -0.0887 -0.0982
vn -0.8593 -0.0804 0.5051
vn 0.9921 -0.0804 -0.0964
vn -0.8590 -0.0722 0.5069
vn 0.9929 -0.0722 -0.0948
vn -0.8587 -0.0641 0.5085
vn 0.9936 -0.0641 -0.0934
vn -0.8584 -0.0562 0.5098
vn 0.9942 -0.0562 -0.0921
vn -0.8582 -0.0484 0.5110
vn 0.9947 -0.0484 -0.0910
vn -0.8580 -0.0407 0.5120
vn 0.9951 -0.0407 -0.0901
vn -0.8579 -0.0331 0.5128
vn 0.9954 -0.0331 -0.0894
vn -0.8577 -0.0257 0.5135
vn 0.9957 -0.0257 -0.0888
vn -0.8576 -0.0183 0.5139
vn 0.9959 -0.0183 -0.0883
vn -0.8576 -0.0109 0.5142
vn 0.9961 -0.0109 -0.0880
vn 0.9961 -0.0036 -0.0879
vn -0.8575 -0.0036 0.5144
vt 0.616037 0.510000
vt 0.616055 0.520000
vt 0.614391 0.520848
vt 0.614383 0.510000
vt 0.609039 0.520848
vt 0.609037 0.510000
vt 0.600000 0.521938
vt 0.600000 0.510000
vt 0.590961 0.520848
vt 0.590963 0.510000
vt 0.585609 0.520848
vt 0.585617 0.510000
vt 0.583945 0.520000
vt 0.583963 0.510000
vt 0.816037 0.510000
vt 0.816055 0.520000
vt 0.814391 0.520848
vt 0.814383 0.510000
vt 0.809039 0.520848
vt 0.809037 0.510000
vt 0.800000 0.521938
vt 0.800000 0.510000
vt 0.790961 0.520848
vt 0.790963 0.510000
vt 0.785609 0.520848
vt 0.785617 0.510000
vt 0.783945 0.520000
vt 0.783963 0.510000
vt 0.616111 0.530000
vt 0.614416 0.531702
vt 0.609044 0.531702
vt 0.600000 0.533228
vt 0.590956 0.531702
vt 0.585584 0.531702
vt 0.583889 0.530000
vt 0.816111 0.530000
vt 0.814416 0.531702
vt 0.809044 0.531702
vt 0.800000 0.533228
vt 0.790956 0.531702
vt 0.785583 0.531702
vt 0.783889 0.530000
vt 0.616204 0.540000
vt 0.614458 0.542570
vt 0.609052 0.542570
vt 0.600000 0.544514
vt 0.590948 0.542570
vt 0.585542 0.542570
vt 0.583796 0.540000
vt 0.816204 0.540000
vt 0.814458 0.542570
vt 0.809052 0.542570
vt 0.800000 0.544514
vt 0.790948 0.542570
vt 0.785542 0.542570
vt 0.783797 0.540000
vt 0.616334 0.550000
vt 0.614516 0.553457
vt 0.609063 0.553457
vt 0.600000 0.555002
vt 0.590937 0.553457
vt 0.585484 0.553457
vt 0.583666 0.550000
vt 0.816334 0.550000
vt 0.814516 0.553457
vt 0.809063 0.553457
vt 0.800000 0.555002
vt 0.790937 0.553457
vt 0.785484 0.553457
vt 0.783666 0.550000
vt 0.616501 0.560000
vt 0.614590 0.564369
vt 0.609076 0.564369
vt 0.600000 0.565003
vt 0.590924 0.564369
vt 0.585410 0.564369
vt 0.583499 0.560000
vt 0.816501 0.560000
vt 0.814590 0.564369
vt 0.809076 0.564369
vt 0.800000 0.565003
vt 0.790924 0.564369
vt 0.785410 0.564369
vt 0.783499 0.560000
vt 0.616706 0.570000
vt 0.614679 0.575313
vt 0.609091 0.575313
vt 0.600000 0.575003
vt 0.590909 0.575313
vt 0.585321 0.575313
vt 0.583294 0.570000
vt 0.816706 0.570000
vt 0.814679 0.575313
vt 0.809091 0.575313
vt 0.800000 0.575003
vt 0.790909 0.575313
vt 0.785321 0.575313
vt 0.783294 0.570000
vt 0.616950 0.580000
vt 0.614783 0.586293
vt 0.609105 0.586293
vt 0.600000 0.585003
vt 0.590895 0.586293
vt 0.585217 0.586293
vt 0.583050 0.580000
vt 0.816950 0.580000
vt 0.814783 0.586293
vt 0.809106 0.586293
vt 0.800000 0.585003
vt 0.790895 0.586293
vt 0.785217 0.586293
vt 0.783050 0.580000
vt 0.617231 0.590000
vt 0.614901 0.597315
vt 0.609120 0.597315
vt 0.600000 0.595004
vt 0.590880 0.597315
vt 0.585099 0.597315
vt 0.582769 0.590000
vt 0.817231 0.590000
vt 0.814901 0.597315
vt 0.809120 0.597315
vt 0.800000 0.595004
vt 0.790880 0.597315
vt 0.785099 0.597315
vt 0.782769 0.590000
vt 0.617551 0.600000
vt 0.615032 0.608382
vt 0.609133 0.608381
vt 0.600000 0.605004
vt 0.590867 0.608381
vt 0.584969 0.608382
vt 0.582449 0.600000
vt 0.817551 0.600000
vt 0.815032 0.608382
vt 0.809133 0.608382
vt 0.800000 0.605004
vt 0.790867 0.608381
vt 0.784968 0.608382
vt 0.782449 0.600000
vt 0.617909 0.610000
vt 0.615175 0.619495
vt 0.609144 0.619495
vt 0.600000 0.615004
vt 0.590856 0.619495
vt 0.584825 0.619495
vt 0.582091 0.610000
vt 0.817909 0.610000
vt 0.815175 0.619495
vt 0.809144 0.619495
vt 0.800000 0.615004
vt 0.790856 0.619495
vt 0.784825 0.619495
vt 0.782091 0.610000
vt 0.618306 0.620000
vt 0.615331 0.630656
vt 0.609151 0.630655
vt 0.600000 0.625004
vt 0.590849 0.630655
vt 0.584669 0.630656
vt 0.581694 0.620000
vt 0.818306 0.620000
vt 0.815331 0.630656
vt 0.809152 0.630656
vt 0.800000 0.625003
vt 0.790849 0.630655
vt 0.784669 0.630656
vt 0.781694 0.620000
vt 0.618739 0.630000
vt 0.615498 0.641862
vt 0.609156 0.641862
vt 0.600000 0.635003
vt 0.590845 0.641862
vt 0.584503 0.641862
vt 0.581261 0.630000
vt 0.818739 0.630000
vt 0.815498 0.641862
vt 0.809156 0.641862
vt 0.800000 0.635003
vt 0.790844 0.641861
vt 0.784503 0.641862
vt 0.781261 0.630000
vt 0.619210 0.640000
vt 0.615676 0.653109
vt 0.609156 0.653108
vt 0.600000 0.645002
vt 0.590844 0.653108
vt 0.584324 0.653109
vt 0.580790 0.640000
vt 0.819210 0.640000
vt 0.815676 0.653109
vt 0.809156 0.653108
vt 0.800000 0.645002
vt 0.790844 0.653108
vt 0.784324 0.653109
vt 0.780790 0.640000
vt 0.619716 0.650000
vt 0.615865 0.664388
vt 0.609154 0.664388
vt 0.600000 0.655001
vt 0.590846 0.664388
vt 0.584135 0.664388
vt 0.580284 0.650000
vt 0.819716 0.650000
vt 0.815865 0.664388
vt 0.809154 0.664388
vt 0.800000 0.655001
vt 0.790846 0.664388
vt 0.784135 0.664388
vt 0.780284 0.650000
vt 0.620256 0.660000
vt 0.616068 0.675688
vt 0.609150 0.675688
vt 0.600000 0.664999
vt 0.590851 0.675688
vt 0.583933 0.675688
vt 0.579744 0.660000
vt 0.820256 0.660000
vt 0.816068 0.675688
vt 0.809150 0.675688
vt 0.800000 0.664999
vt 0.790851 0.675688
vt 0.783933 0.675688
vt 0.779744 0.660000
vt 0.620828 0.670000
vt 0.616283 0.686993
vt 0.609146 0.686993
vt 0.600000 0.674997
vt 0.590854 0.686993
vt 0.583717 0.686993
vt 0.579172 0.670000
vt 0.820828 0.670000
vt 0.816283 0.686993
vt 0.809146 0.686993
vt 0.800000 0.674997
vt 0.790854 0.686993
vt 0.783717 0.686993
vt 0.779172 0.670000
vt 0.621428 0.680000
vt 0.616515 0.698280
vt 0.609146 0.698280
vt 0.600000 0.684995
vt 0.590854 0.698280
vt 0.583485 0.698280
vt 0.578572 0.680000
vt 0.821428 0.680000
vt 0.816515 0.698280
vt 0.809145 0.698280
vt 0.800000 0.684995
vt 0.790854 0.698280
vt 0.783485 0.698280
vt 0.778572 0.680000
vt 0.622054 0.690000
vt 0.616766 0.709526
vt 0.609154 0.709526
vt 0.600000 0.694992
vt 0.590846 0.709526
vt 0.583234 0.709526
vt 0.577946 0.690000
vt 0.822054 0.690000
vt 0.816766 0.709526
vt 0.809154 0.709526
vt 0.800000 0.694992
vt 0.790846 0.709526
vt 0.783234 0.709526
vt 0.777946 0.690000
vt 0.622701 0.700000
vt 0.617040 0.720700
vt 0.609176 0.720701
vt 0.600000 0.704989
vt 0.590825 0.720700
vt 0.582960 0.720700
vt 0.577299 0.700000
vt 0.822701 0.700000
vt 0.817040 0.720700
vt 0.809176 0.720701
vt 0.800000 0.704989
vt 0.790824 0.720700
vt 0.782960 0.720700
vt 0.777299 0.700000
vt 0.623366 0.710000
vt 0.617341 0.731772
vt 0.609218 0.731772
vt 0.600000 0.714987
vt 0.590783 0.731772
vt 0.582659 0.731772
vt 0.576634 0.710000
vt 0.823366 0.710000
vt 0.817341 0.731772
vt 0.809218 0.731772
vt 0.800000 0.714987
vt 0.790782 0.731772
vt 0.782659 0.731772
vt 0.776634 0.710000
vt 0.624043 0.720000
vt 0.617674 0.742707
vt 0.609287 0.742707
vt 0.600000 0.724984
vt 0.590713 0.742707
vt 0.582326 0.742707
vt 0.575957 0.720000
vt 0.824043 0.720000
vt 0.817674 0.742707
vt 0.809287 0.742707
vt 0.800000 0.724984
vt 0.790713 0.742707
vt 0.782326 0.742707
vt 0.775957 0.720000
vt 0.624727 0.730000
vt 0.618044 0.753474
vt 0.609392 0.753475
vt 0.600000 0.734982
vt 0.590608 0.753475
vt 0.581956 0.753475
vt 0.575273 0.730000
vt 0.824727 0.730000
vt 0.818044 0.753475
vt 0.809392 0.753475
vt 0.800000 0.734982
vt 0.790608 0.753475
vt 0.781956 0.753475
vt 0.775273 0.730000
vt 0.625414 0.740000
vt 0.618455 0.764046
vt 0.609540 0.764046
vt 0.600000 0.744980
vt 0.590460 0.764046
vt 0.581545 0.764046
vt 0.574586 0.740000
vt 0.825414 0.740000
vt 0.818455 0.764046
vt 0.809540 0.764046
vt 0.800000 0.744980
vt 0.790460 0.764046
vt 0.781545 0.764046
vt 0.774586 0.740000
vt 0.626099 0.750000
vt 0.618912 0.774399
vt 0.609736 0.774399
vt 0.600000 0.754979
vt 0.590264 0.774399
vt 0.581089 0.774399
vt 0.573901 0.750000
vt 0.826099 0.750000
vt 0.818911 0.774399
vt 0.809736 0.774399
vt 0.800000 0.754979
vt 0.790264 0.774399
vt 0.781088 0.774399
vt 0.773901 0.750000
vt 0.626776 0.760000
vt 0.619415 0.784518
vt 0.609986 0.784518
vt 0.600000 0.764980
vt 0.590014 0.784518
vt 0.580585 0.784518
vt 0.573224 0.760000
vt 0.826777 0.760000
vt 0.819415 0.784518
vt 0.809986 0.784518
vt 0.800000 0.764980
vt 0.790014 0.784518
vt 0.780585 0.784518
vt 0.773224 0.760000
vt 0.627443 0.770000
vt 0.619967 0.794400
vt 0.610293 0.794399
vt 0.600000 0.774981
vt 0.589707 0.794399
vt 0.580033 0.794400
vt 0.572556 0.770000
vt 0.827444 0.770000
vt 0.819967 0.794399
vt 0.810293 0.794399
vt 0.800000 0.774981
vt 0.789707 0.794399
vt 0.780033 0.794400
vt 0.772556 0.770000
vt 0.628097 0.780000
vt 0.620566 0.804048
vt 0.610658 0.804047
vt 0.600000 0.784984
vt 0.589342 0.804047
vt 0.579435 0.804048
vt 0.571903 0.780000
vt 0.828097 0.780000
vt 0.820566 0.804047
vt 0.810658 0.804047
vt 0.800000 0.784984
vt 0.789342 0.804047
vt 0.779435 0.804047
vt 0.771903 0.780000
vt 0.628735 0.790000
vt 0.621208 0.813476
vt 0.611079 0.813476
vt 0.600000 0.794987
vt 0.588921 0.813476
vt 0.578792 0.813477
vt 0.571266 0.790000
vt 0.828735 0.790000
vt 0.821208 0.813477
vt 0.811079 0.813476
vt 0.800000 0.794987
vt 0.788921 0.813476
vt 0.778792 0.813477
vt 0.771265 0.790000
vt 0.629355 0.800000
vt 0.621890 0.822709
vt 0.611552 0.822708
vt 0.600000 0.804991
vt 0.588448 0.822709
vt 0.578110 0.822709
vt 0.570645 0.800000
vt 0.829355 0.800000
vt 0.821890 0.822709
vt 0.811552 0.822709
vt 0.800000 0.804991
vt 0.788448 0.822709
vt 0.778110 0.822709
vt 0.770645 0.800000
vt 0.629957 0.810000
vt 0.622606 0.831773
vt 0.612072 0.831773
vt 0.600000 0.814995
vt 0.587928 0.831773
vt 0.577394 0.831773
vt 0.570043 0.810000
vt 0.829957 0.810000
vt 0.822606 0.831773
vt 0.812072 0.831773
vt 0.800000 0.814995
vt 0.787928 0.831773
vt 0.777394 0.831773
vt 0.770043 0.810000
vt 0.630541 0.820000
vt 0.623348 0.840701
vt 0.612633 0.840701
vt 0.600000 0.825000
vt 0.587367 0.840701
vt 0.576651 0.840701
vt 0.569459 0.820000
vt 0.830541 0.820000
vt 0.823348 0.840701
vt 0.812633 0.840701
vt 0.800000 0.824999
vt 0.787367 0.840701
vt 0.776651 0.840701
vt 0.769459 0.820000
vt 0.631108 0.830000
vt 0.624110 0.849526
vt 0.613224 0.849526
vt 0.600000 0.835004
vt 0.586776 0.849526
vt 0.575890 0.849526
vt 0.568892 0.830000
vt 0.831108 0.830000
vt 0.824110 0.849526
vt 0.813224 0.849526
vt 0.800000 0.835003
vt 0.786776 0.849526
vt 0.775889 0.849526
vt 0.768892 0.830000
vt 0.631658 0.840000
vt 0.624884 0.858280
vt 0.613839 0.858280
vt 0.600000 0.845007
vt 0.586161 0.858280
vt 0.575116 0.858280
vt 0.568342 0.840000
vt 0.831658 0.840000
vt 0.824884 0.858280
vt 0.813840 0.858280
vt 0.800000 0.845007
vt 0.786161 0.858280
vt 0.775116 0.858280
vt 0.768342 0.840000
vt 0.632191 0.850000
vt 0.625662 0.866992
vt 0.614469 0.866992
vt 0.600000 0.855010
vt 0.585531 0.866992
vt 0.574338 0.866992
vt 0.567809 0.850000
vt 0.832191 0.850000
vt 0.825662 0.866992
vt 0.814469 0.866992
vt 0.800000 0.855010
vt 0.785531 0.866992
vt 0.774338 0.866992
vt 0.767809 0.850000
vt 0.632709 0.860000
vt 0.626437 0.875687
vt 0.615105 0.875687
vt 0.600000 0.865012
vt 0.584895 0.875687
vt 0.573563 0.875687
vt 0.567291 0.860000
vt 0.832709 0.860000
vt 0.826437 0.875687
vt 0.815105 0.875687
vt 0.800000 0.865012
vt 0.784895 0.875687
vt 0.773563 0.875687
vt 0.767291 0.860000
vt 0.633211 0.870000
vt 0.627201 0.884387
vt 0.615739 0.884387
vt 0.600000 0.875013
vt 0.584261 0.884387
vt 0.572799 0.884387
vt 0.566789 0.870000
vt 0.833211 0.870000
vt 0.827201 0.884387
vt 0.815739 0.884387
vt 0.800000 0.875013
vt 0.784261 0.884387
vt 0.772799 0.884387
vt 0.766789 0.870000
vt 0.633697 0.880000
vt 0.627949 0.893107
vt 0.616363 0.893107
vt 0.600000 0.885014
vt 0.583637 0.893107
vt 0.572051 0.893107
vt 0.566303 0.880000
vt 0.833697 0.880000
vt 0.827949 0.893107
vt 0.816363 0.893107
vt 0.800000 0.885014
vt 0.783637 0.893107
vt 0.772051 0.893107
vt 0.766303 0.880000
vt 0.634166 0.890000
vt 0.628674 0.901860
vt 0.616971 0.901860
vt 0.600000 0.895014
vt 0.583028 0.901860
vt 0.571326 0.901860
vt 0.565834 0.890000
vt 0.834166 0.890000
vt 0.828674 0.901860
vt 0.816972 0.901860
vt 0.800000 0.895014
vt 0.783028 0.901860
vt 0.771326 0.901860
vt 0.765834 0.890000
vt 0.634616 0.900000
vt 0.629369 0.910654
vt 0.617557 0.910654
vt 0.600000 0.905014
vt 0.582443 0.910654
vt 0.570631 0.910654
vt 0.565384 0.900000
vt 0.834616 0.900000
vt 0.829369 0.910654
vt 0.817557 0.910654
vt 0.800000 0.905014
vt 0.782443 0.910654
vt 0.770631 0.910654
vt 0.765383 0.900000
vt 0.635046 0.910000
vt 0.630030 0.919493
vt 0.618114 0.919493
vt 0.600000 0.915013
vt 0.581886 0.919493
vt 0.569970 0.919493
vt 0.564954 0.910000
vt 0.835046 0.910000
vt 0.830030 0.919493
vt 0.818114 0.919493
vt 0.800000 0.915013
vt 0.781886 0.919493
vt 0.769970 0.919493
vt 0.764954 0.910000
vt 0.635452 0.920000
vt 0.630649 0.928380
vt 0.618637 0.928380
vt 0.600000 0.925012
vt 0.581363 0.928380
vt 0.569351 0.928380
vt 0.564548 0.920000
vt 0.835452 0.920000
vt 0.830649 0.928380
vt 0.818637 0.928380
vt 0.800000 0.925012
vt 0.781363 0.928380
vt 0.769351 0.928380
vt 0.764548 0.920000
vt 0.635831 0.930000
vt 0.631222 0.937314
vt 0.619121 0.937314
vt 0.600000 0.935011
vt 0.580879 0.937314
vt 0.568778 0.937314
vt 0.564169 0.930000
vt 0.835831 0.930000
vt 0.831222 0.937314
vt 0.819121 0.937314
vt 0.800000 0.935011
vt 0.780879 0.937314
vt 0.768778 0.937314
vt 0.764169 0.930000
vt 0.636179 0.940000
vt 0.631744 0.946292
vt 0.619561 0.946292
vt 0.600000 0.945010
vt 0.580439 0.946292
vt 0.568256 0.946292
vt 0.563821 0.940000
vt 0.836179 0.940000
vt 0.831744 0.946292
vt 0.819561 0.946292
vt 0.800000 0.945010
vt 0.780439 0.946292
vt 0.768256 0.946292
vt 0.763821 0.940000
vt 0.636491 0.950000
vt 0.632209 0.955312
vt 0.619952 0.955312
vt 0.600000 0.955009
vt 0.580048 0.955312
vt 0.567792 0.955312
vt 0.563509 0.950000
vt 0.836491 0.950000
vt 0.832208 0.955312
vt 0.819952 0.955312
vt 0.800000 0.955009
vt 0.780048 0.955312
vt 0.767791 0.955312
vt 0.763509 0.950000
vt 0.636765 0.960000
vt 0.632611 0.964368
vt 0.620291 0.964368
vt 0.600000 0.965007
vt 0.579709 0.964368
vt 0.567389 0.964368
vt 0.563235 0.960000
vt 0.836765 0.960000
vt 0.832611 0.964368
vt 0.820291 0.964368
vt 0.800000 0.965007
vt 0.779709 0.964368
vt 0.767389 0.964368
vt 0.763235 0.960000
vt 0.636995 0.970000
vt 0.632947 0.973456
vt 0.620573 0.973456
vt 0.600000 0.974536
vt 0.579427 0.973456
vt 0.567053 0.973456
vt 0.563005 0.970000
vt 0.836995 0.970000
vt 0.832947 0.973456
vt 0.820573 0.973456
vt 0.800000 0.974536
vt 0.779427 0.973456
vt 0.767053 0.973456
vt 0.763005 0.970000
vt 0.637178 0.980000
vt 0.633213 0.982569
vt 0.620796 0.982569
vt 0.600000 0.983239
vt 0.579204 0.982569
vt 0.566787 0.982569
vt 0.562822 0.980000
vt 0.837178 0.980000
vt 0.833213 0.982569
vt 0.820796 0.982569
vt 0.800000 0.983239
vt 0.779204 0.982569
vt 0.766787 0.982569
vt 0.762822 0.980000
vt 0.637311 0.990000
vt 0.633406 0.991702
vt 0.620957 0.991702
vt 0.600000 0.991942
vt 0.579043 0.991702
vt 0.566594 0.991702
vt 0.562689 0.990000
vt 0.837311 0.990000
vt 0.833406 0.991702
vt 0.820957 0.991702
vt 0.800000 0.991942
vt 0.779043 0.991702
vt 0.766594 0.991702
vt 0.762689 0.990000
vt 0.637392 1.000000
vt 0.633508 1.001272
vt 0.621037 1.001272
vt 0.600000 1.000000
vt 0.578963 1.001272
vt 0.566493 1.001272
vt 0.562608 1.000000
vt 0.837392 1.000000
vt 0.833507 1.001272
vt 0.821037 1.001272
vt 0.800000 1.000000
vt 0.778963 1.001272
vt 0.766492 1.001272
vt 0.762608 1.000000
vt 0.637392 0.000000
vt 0.637419 0.010000
vt 0.633561 0.010000
vt 0.633537 0.000423
vt 0.621087 0.010000
vt 0.621072 0.000423
vt 0.600000 0.010000
vt 0.600000 0.001294
vt 0.578913 0.010000
vt 0.578928 0.000423
vt 0.566439 0.010000
vt 0.566463 0.000423
vt 0.562581 0.010000
vt 0.562608 0.000000
vt 0.837392 0.000000
vt 0.837419 0.010000
vt 0.833561 0.010000
vt 0.833537 0.000423
vt 0.821087 0.010000
vt 0.821072 0.000423
vt 0.800000 0.010000
vt 0.800000 0.001294
vt 0.778913 0.010000
vt 0.778928 0.000423
vt 0.766439 0.010000
vt 0.766463 0.000423
vt 0.762581 0.010000
vt 0.762608 0.000000
vt 0.637392 0.020000
vt 0.633522 0.019152
vt 0.621055 0.019152
vt 0.600000 0.019353
vt 0.578945 0.019152
vt 0.566478 0.019152
vt 0.562608 0.020000
vt 0.837392 0.020000
vt 0.833522 0.019152
vt 0.821055 0.019152
vt 0.800000 0.019353
vt 0.778945 0.019152
vt 0.766478 0.019152
vt 0.762608 0.020000
vt 0.637311 0.030000
vt 0.633406 0.028298
vt 0.620957 0.028298
vt 0.600000 0.028058
vt 0.579043 0.028298
vt 0.566594 0.028298
vt 0.562689 0.030000
vt 0.837311 0.030000
vt 0.833406 0.028298
vt 0.820957 0.028298
vt 0.800000 0.028058
vt 0.779043 0.028298
vt 0.766594 0.028298
vt 0.762689 0.030000
vt 0.637178 0.040000
vt 0.633213 0.037431
vt 0.620796 0.037431
vt 0.600000 0.036761
vt 0.579204 0.037431
vt 0.566787 0.037431
vt 0.562822 0.040000
vt 0.837178 0.040000
vt 0.833213 0.037431
vt 0.820796 0.037431
vt 0.800000 0.036761
vt 0.779204 0.037431
vt 0.766787 0.037431
vt 0.762822 0.040000
vt 0.636995 0.050000
vt 0.632947 0.046544
vt 0.620573 0.046544
vt 0.600000 0.045464
vt 0.579427 0.046544
vt 0.567053 0.046544
vt 0.563005 0.050000
vt 0.836995 0.050000
vt 0.832947 0.046544
vt 0.820573 0.046544
vt 0.800000 0.045464
vt 0.779427 0.046544
vt 0.767053 0.046544
vt 0.763005 0.050000
vt 0.636765 0.060000
vt 0.632611 0.055632
vt 0.620291 0.055632
vt 0.600000 0.054993
vt 0.579709 0.055632
vt 0.567389 0.055632
vt 0.563235 0.060000
vt 0.836765 0.060000
vt 0.832611 0.055632
vt 0.820291 0.055632
vt 0.800000 0.054993
vt 0.779709 0.055632
vt 0.767389 0.055632
vt 0.763235 0.060000
vt 0.636491 0.070000
vt 0.632208 0.064688
vt 0.619952 0.064688
vt 0.600000 0.064992
vt 0.580048 0.064688
vt 0.567791 0.064688
vt 0.563509 0.070000
vt 0.836491 0.070000
vt 0.832209 0.064688
vt 0.819952 0.064688
vt 0.800000 0.064992
vt 0.780048 0.064688
vt 0.767791 0.064688
vt 0.763509 0.070000
vt 0.636179 0.080000
vt 0.631744 0.073708
vt 0.619561 0.073708
vt 0.600000 0.074990
vt 0.580439 0.073708
vt 0.568256 0.073708
vt 0.563821 0.080000
vt 0.836179 0.080000
vt 0.831744 0.073708
vt 0.819561 0.073708
vt 0.800000 0.074990
vt 0.780439 0.073708
vt 0.768256 0.073708
vt 0.763821 0.080000
vt 0.635831 0.090000
vt 0.631222 0.082686
vt 0.619121 0.082686
vt 0.600000 0.084989
vt 0.580879 0.082686
vt 0.568778 0.082686
vt 0.564169 0.090000
vt 0.835831 0.090000
vt 0.831223 0.082686
vt 0.819121 0.082686
vt 0.800000 0.084989
vt 0.780879 0.082686
vt 0.768778 0.082686
vt 0.764169 0.090000
vt 0.635452 0.100000
vt 0.630649 0.091620
vt 0.618637 0.091620
vt 0.600000 0.094988
vt 0.581363 0.091620
vt 0.569351 0.091620
vt 0.564548 0.100000
vt 0.835452 0.100000
vt 0.830649 0.091620
vt 0.818637 0.091620
vt 0.800000 0.094988
vt 0.781363 0.091620
vt 0.769351 0.091620
vt 0.764548 0.100000
vt 0.635046 0.110000
vt 0.630030 0.100507
vt 0.618114 0.100507
vt 0.600000 0.104987
vt 0.581886 0.100507
vt 0.569970 0.100507
vt 0.564954 0.110000
vt 0.835046 0.110000
vt 0.830030 0.100507
vt 0.818115 0.100507
vt 0.800000 0.104987
vt 0.781886 0.100507
vt 0.769970 0.100507
vt 0.764954 0.110000
vt 0.634617 0.120000
vt 0.629369 0.109346
vt 0.617557 0.109346
vt 0.600000 0.114986
vt 0.582443 0.109346
vt 0.570631 0.109346
vt 0.565384 0.120000
vt 0.834616 0.120000
vt 0.829369 0.109346
vt 0.817557 0.109346
vt 0.800000 0.114986
vt 0.782443 0.109346
vt 0.770631 0.109346
vt 0.765384 0.120000
vt 0.634166 0.130000
vt 0.628674 0.118140
vt 0.616971 0.118140
vt 0.600000 0.124986
vt 0.583028 0.118140
vt 0.571326 0.118140
vt 0.565834 0.130000
vt 0.834166 0.130000
vt 0.828674 0.118140
vt 0.816972 0.118140
vt 0.800000 0.124986
vt 0.783028 0.118140
vt 0.771326 0.118140
vt 0.765834 0.130000
vt 0.633697 0.140000
vt 0.627949 0.126893
vt 0.616363 0.126893
vt 0.600000 0.134986
vt 0.583637 0.126893
vt 0.572051 0.126893
vt 0.566303 0.140000
vt 0.833697 0.140000
vt 0.827949 0.126893
vt 0.816363 0.126893
vt 0.800000 0.134986
vt 0.783637 0.126893
vt 0.772051 0.126893
vt 0.766303 0.140000
vt 0.633211 0.150000
vt 0.627201 0.135613
vt 0.615739 0.135613
vt 0.600000 0.144987
vt 0.584261 0.135613
vt 0.572799 0.135613
vt 0.566789 0.150000
vt 0.833211 0.150000
vt 0.827201 0.135613
vt 0.815739 0.135613
vt 0.800000 0.144987
vt 0.784261 0.135613
vt 0.772799 0.135613
vt 0.766789 0.150000
vt 0.632709 0.160000
vt 0.626437 0.144313
vt 0.615105 0.144313
vt 0.600000 0.154988
vt 0.584895 0.144313
vt 0.573563 0.144313
vt 0.567291 0.160000
vt 0.832709 0.160000
vt 0.826437 0.144313
vt 0.815105 0.144313
vt 0.800000 0.154988
vt 0.784895 0.144313
vt 0.773563 0.144313
vt 0.767291 0.160000
vt 0.632191 0.170000
vt 0.625662 0.153008
vt 0.614469 0.153008
vt 0.600000 0.164990
vt 0.585531 0.153008
vt 0.574338 0.153008
vt 0.567809 0.170000
vt 0.832191 0.170000
vt 0.825662 0.153008
vt 0.814469 0.153008
vt 0.800000 0.164990
vt 0.785531 0.153008
vt 0.774338 0.153008
vt 0.767809 0.170000
vt 0.631658 0.180000
vt 0.624884 0.161720
vt 0.613839 0.161720
vt 0.600000 0.174993
vt 0.586161 0.161720
vt 0.575116 0.161720
vt 0.568342 0.180000
vt 0.831658 0.180000
vt 0.824884 0.161720
vt 0.813839 0.161720
vt 0.800000 0.174993
vt 0.786161 0.161720
vt 0.775116 0.161720
vt 0.768342 0.180000
vt 0.631108 0.190000
vt 0.624111 0.170474
vt 0.613224 0.170474
vt 0.600000 0.184996
vt 0.586776 0.170474
vt 0.575889 0.170474
vt 0.568892 0.190000
vt 0.831108 0.190000
vt 0.824110 0.170474
vt 0.813224 0.170474
vt 0.800000 0.184996
vt 0.786776 0.170474
vt 0.775890 0.170474
vt 0.768892 0.190000
vt 0.630541 0.200000
vt 0.623349 0.179299
vt 0.612633 0.179299
vt 0.600000 0.195000
vt 0.587367 0.179299
vt 0.576652 0.179299
vt 0.569459 0.200000
vt 0.830541 0.200000
vt 0.823349 0.179299
vt 0.812633 0.179299
vt 0.800000 0.195000
vt 0.787368 0.179299
vt 0.776652 0.179299
vt 0.769459 0.200000
vt 0.629957 0.210000
vt 0.622606 0.188227
vt 0.612072 0.188227
vt 0.600000 0.205005
vt 0.587928 0.188227
vt 0.577394 0.188227
vt 0.570043 0.210000
vt 0.829957 0.210000
vt 0.822606 0.188227
vt 0.812072 0.188227
vt 0.800000 0.205005
vt 0.787928 0.188227
vt 0.777394 0.188227
vt 0.770043 0.210000
vt 0.629355 0.220000
vt 0.621890 0.197291
vt 0.611552 0.197291
vt 0.600000 0.215009
vt 0.588448 0.197291
vt 0.578110 0.197291
vt 0.570645 0.220000
vt 0.829355 0.220000
vt 0.821890 0.197291
vt 0.811552 0.197291
vt 0.800000 0.215009
vt 0.788448 0.197291
vt 0.778110 0.197291
vt 0.770645 0.220000
vt 0.628734 0.230000
vt 0.621208 0.206523
vt 0.611079 0.206524
vt 0.600000 0.225013
vt 0.588921 0.206524
vt 0.578792 0.206523
vt 0.571265 0.230000
vt 0.828735 0.230000
vt 0.821208 0.206524
vt 0.811079 0.206524
vt 0.800000 0.225013
vt 0.788921 0.206524
vt 0.778792 0.206524
vt 0.771266 0.230000
vt 0.628097 0.240000
vt 0.620565 0.215953
vt 0.610658 0.215953
vt 0.600000 0.235016
vt 0.589342 0.215953
vt 0.579435 0.215953
vt 0.571903 0.240000
vt 0.828097 0.240000
vt 0.820566 0.215953
vt 0.810658 0.215953
vt 0.800000 0.235016
vt 0.789342 0.215953
vt 0.779435 0.215953
vt 0.771903 0.240000
vt 0.627444 0.250000
vt 0.619967 0.225600
vt 0.610293 0.225600
vt 0.600000 0.245019
vt 0.589707 0.225600
vt 0.580033 0.225600
vt 0.572557 0.250000
vt 0.827444 0.250000
vt 0.819967 0.225601
vt 0.810293 0.225601
vt 0.800000 0.245019
vt 0.789707 0.225601
vt 0.780033 0.225601
vt 0.772557 0.250000
vt 0.626777 0.260000
vt 0.619415 0.235482
vt 0.609986 0.235482
vt 0.600000 0.255020
vt 0.590014 0.235482
vt 0.580585 0.235482
vt 0.573224 0.260000
vt 0.826776 0.260000
vt 0.819415 0.235482
vt 0.809986 0.235482
vt 0.800000 0.255020
vt 0.790014 0.235482
vt 0.780585 0.235482
vt 0.773224 0.260000
vt 0.626099 0.270000
vt 0.618912 0.245601
vt 0.609736 0.245601
vt 0.600000 0.265021
vt 0.590264 0.245601
vt 0.581088 0.245601
vt 0.573901 0.270000
vt 0.826099 0.270000
vt 0.818911 0.245601
vt 0.809736 0.245601
vt 0.800000 0.265021
vt 0.790264 0.245601
vt 0.781088 0.245601
vt 0.773901 0.270000
vt 0.625414 0.280000
vt 0.618455 0.255954
vt 0.609540 0.255954
vt 0.600000 0.275020
vt 0.590460 0.255954
vt 0.581545 0.255954
vt 0.574586 0.280000
vt 0.825414 0.280000
vt 0.818455 0.255954
vt 0.809540 0.255954
vt 0.800000 0.275020
vt 0.790460 0.255954
vt 0.781545 0.255954
vt 0.774586 0.280000
vt 0.624727 0.290000
vt 0.618044 0.266525
vt 0.609392 0.266525
vt 0.600000 0.285018
vt 0.590608 0.266525
vt 0.581956 0.266525
vt 0.575273 0.290000
vt 0.824727 0.290000
vt 0.818044 0.266525
vt 0.809392 0.266525
vt 0.800000 0.285018
vt 0.790608 0.266525
vt 0.781956 0.266525
vt 0.775273 0.290000
vt 0.624043 0.300000
vt 0.617674 0.277293
vt 0.609287 0.277293
vt 0.600000 0.295016
vt 0.590713 0.277293
vt 0.582326 0.277293
vt 0.575957 0.300000
vt 0.824043 0.300000
vt 0.817674 0.277293
vt 0.809287 0.277293
vt 0.800000 0.295016
vt 0.790713 0.277293
vt 0.782326 0.277293
vt 0.775957 0.300000
vt 0.623366 0.310000
vt 0.617341 0.288228
vt 0.609218 0.288228
vt 0.600000 0.305014
vt 0.590783 0.288228
vt 0.582659 0.288228
vt 0.576634 0.310000
vt 0.823366 0.310000
vt 0.817341 0.288228
vt 0.809218 0.288228
vt 0.800000 0.305013
vt 0.790782 0.288228
vt 0.782659 0.288228
vt 0.776634 0.310000
vt 0.622701 0.320000
vt 0.617040 0.299300
vt 0.609175 0.299300
vt 0.600000 0.315011
vt 0.590825 0.299300
vt 0.582960 0.299300
vt 0.577299 0.320000
vt 0.822701 0.320000
vt 0.817040 0.299300
vt 0.809176 0.299300
vt 0.800000 0.315011
vt 0.790824 0.299299
vt 0.782960 0.299300
vt 0.777299 0.320000
vt 0.622054 0.330000
vt 0.616766 0.310474
vt 0.609154 0.310474
vt 0.600000 0.325008
vt 0.590846 0.310474
vt 0.583234 0.310474
vt 0.577946 0.330000
vt 0.822054 0.330000
vt 0.816766 0.310474
vt 0.809154 0.310474
vt 0.800000 0.325008
vt 0.790846 0.310474
vt 0.783234 0.310474
vt 0.777946 0.330000
vt 0.621428 0.340000
vt 0.616515 0.321720
vt 0.609146 0.321720
vt 0.600000 0.335005
vt 0.590854 0.321720
vt 0.583485 0.321720
vt 0.578572 0.340000
vt 0.821428 0.340000
vt 0.816515 0.321720
vt 0.809146 0.321720
vt 0.800000 0.335005
vt 0.790855 0.321720
vt 0.783485 0.321720
vt 0.778572 0.340000
vt 0.620828 0.350000
vt 0.616284 0.333007
vt 0.609146 0.333007
vt 0.600000 0.345003
vt 0.590854 0.333007
vt 0.583717 0.333007
vt 0.579172 0.350000
vt 0.820828 0.350000
vt 0.816283 0.333007
vt 0.809146 0.333007
vt 0.800000 0.345003
vt 0.790854 0.333007
vt 0.783717 0.333007
vt 0.779172 0.350000
vt 0.620256 0.360000
vt 0.616067 0.344312
vt 0.609150 0.344312
vt 0.600000 0.355001
vt 0.590851 0.344312
vt 0.583933 0.344312
vt 0.579744 0.360000
vt 0.820256 0.360000
vt 0.816068 0.344312
vt 0.809150 0.344312
vt 0.800000 0.355001
vt 0.790851 0.344312
vt 0.783933 0.344312
vt 0.779744 0.360000
vt 0.619716 0.370000
vt 0.615865 0.355612
vt 0.609154 0.355612
vt 0.600000 0.364999
vt 0.590846 0.355612
vt 0.584135 0.355612
vt 0.580284 0.370000
vt 0.819716 0.370000
vt 0.815865 0.355612
vt 0.809154 0.355612
vt 0.800000 0.364999
vt 0.790846 0.355612
vt 0.784135 0.355612
vt 0.780284 0.370000
vt 0.619210 0.380000
vt 0.615676 0.366891
vt 0.609156 0.366892
vt 0.600000 0.374998
vt 0.590844 0.366892
vt 0.584324 0.366891
vt 0.580790 0.380000
vt 0.819210 0.380000
vt 0.815676 0.366891
vt 0.809156 0.366892
vt 0.800000 0.374998
vt 0.790844 0.366892
vt 0.784324 0.366891
vt 0.780790 0.380000
vt 0.618739 0.390000
vt 0.615498 0.378138
vt 0.609156 0.378138
vt 0.600000 0.384997
vt 0.590845 0.378138
vt 0.584503 0.378138
vt 0.581261 0.390000
vt 0.818739 0.390000
vt 0.815497 0.378138
vt 0.809156 0.378138
vt 0.800000 0.384997
vt 0.790844 0.378138
vt 0.784503 0.378138
vt 0.781261 0.390000
vt 0.618306 0.400000
vt 0.615331 0.389344
vt 0.609151 0.389345
vt 0.600000 0.394996
vt 0.590849 0.389345
vt 0.584669 0.389344
vt 0.581694 0.400000
vt 0.818306 0.400000
vt 0.815331 0.389344
vt 0.809152 0.389345
vt 0.800000 0.394996
vt 0.790849 0.389345
vt 0.784669 0.389344
vt 0.781694 0.400000
vt 0.617909 0.410000
vt 0.615175 0.400505
vt 0.609144 0.400505
vt 0.600000 0.404996
vt 0.590856 0.400505
vt 0.584825 0.400505
vt 0.582091 0.410000
vt 0.817909 0.410000
vt 0.815175 0.400505
vt 0.809144 0.400505
vt 0.800000 0.404996
vt 0.790856 0.400505
vt 0.784825 0.400505
vt 0.782091 0.410000
vt 0.617551 0.420000
vt 0.615032 0.411618
vt 0.609133 0.411619
vt 0.600000 0.414996
vt 0.590867 0.411619
vt 0.584968 0.411618
vt 0.582449 0.420000
vt 0.817551 0.420000
vt 0.815031 0.411618
vt 0.809133 0.411619
vt 0.800000 0.414996
vt 0.790867 0.411619
vt 0.784968 0.411618
vt 0.782449 0.420000
vt 0.617231 0.430000
vt 0.614901 0.422685
vt 0.609120 0.422685
vt 0.600000 0.424996
vt 0.590880 0.422685
vt 0.585099 0.422685
vt 0.582769 0.430000
vt 0.817231 0.430000
vt 0.814901 0.422685
vt 0.809120 0.422685
vt 0.800000 0.424996
vt 0.790880 0.422685
vt 0.785099 0.422685
vt 0.782769 0.430000
vt 0.616950 0.440000
vt 0.614783 0.433707
vt 0.609105 0.433707
vt 0.600000 0.434997
vt 0.590895 0.433707
vt 0.585217 0.433707
vt 0.583050 0.440000
vt 0.816950 0.440000
vt 0.814783 0.433707
vt 0.809105 0.433707
vt 0.800000 0.434997
vt 0.790895 0.433707
vt 0.785217 0.433707
vt 0.783050 0.440000
vt 0.616706 0.450000
vt 0.614679 0.444687
vt 0.609091 0.444687
vt 0.600000 0.444997
vt 0.590909 0.444687
vt 0.585321 0.444687
vt 0.583294 0.450000
vt 0.816706 0.450000
vt 0.814679 0.444687
vt 0.809091 0.444687
vt 0.800000 0.444997
vt 0.790910 0.444687
vt 0.785321 0.444687
vt 0.783294 0.450000
vt 0.616501 0.460000
vt 0.614590 0.455631
vt 0.609076 0.455631
vt 0.600000 0.454997
vt 0.590924 0.455631
vt 0.585410 0.455631
vt 0.583499 0.460000
vt 0.816501 0.460000
vt 0.814590 0.455631
vt 0.809076 0.455631
vt 0.800000 0.454997
vt 0.790924 0.455631
vt 0.785410 0.455631
vt 0.783499 0.460000
vt 0.616334 0.470000
vt 0.614516 0.466543
vt 0.609063 0.466543
vt 0.600000 0.464998
vt 0.590937 0.466543
vt 0.585484 0.466543
vt 0.583666 0.470000
vt 0.816334 0.470000
vt 0.814516 0.466543
vt 0.809063 0.466543
vt 0.800000 0.464998
vt 0.790937 0.466543
vt 0.785484 0.466543
vt 0.783666 0.470000
vt 0.616204 0.480000
vt 0.614458 0.477430
vt 0.609052 0.477430
vt 0.600000 0.475486
vt 0.590948 0.477430
vt 0.585542 0.477430
vt 0.583796 0.480000
vt 0.816204 0.480000
vt 0.814458 0.477430
vt 0.809052 0.477430
vt 0.800000 0.475486
vt 0.790948 0.477430
vt 0.785542 0.477430
vt 0.783796 0.480000
vt 0.616111 0.490000
vt 0.614416 0.488298
vt 0.609044 0.488298
vt 0.600000 0.486772
vt 0.590956 0.488298
vt 0.585584 0.488298
vt 0.583889 0.490000
vt 0.816111 0.490000
vt 0.814417 0.488298
vt 0.809044 0.488298
vt 0.800000 0.486772
vt 0.790956 0.488298
vt 0.785583 0.488298
vt 0.783889 0.490000
vt 0.616055 0.500000
vt 0.614391 0.499152
vt 0.609039 0.499152
vt 0.600000 0.498062
vt 0.590961 0.499152
vt 0.585609 0.499152
vt 0.583945 0.500000
vt 0.816055 0.500000
vt 0.814391 0.499152
vt 0.809039 0.499152
vt 0.800000 0.498062
vt 0.790961 0.499152
vt 0.785609 0.499152
vt 0.783945 0.500000
vt 0.016037 0.510000
vt 0.016055 0.520000
vt 0.014391 0.520848
vt 0.014383 0.510000
vt 0.009039 0.520848
vt 0.009037 0.510000
vt 0.000000 0.521938
vt 0.000000 0.510000
vt 1.000000 0.510000
vt 1.000000 0.521938
vt 0.990961 0.520848
vt 0.990963 0.510000
vt 0.985609 0.520848
vt 0.985617 0.510000
vt 0.983945 0.520000
vt 0.983963 0.510000
vt 0.016111 0.530000
vt 0.014416 0.531702
vt 0.009044 0.531702
vt 0.000000 0.533228
vt 1.000000 0.533228
vt 0.990956 0.531702
vt 0.985584 0.531702
vt 0.983889 0.530000
vt 0.016204 0.540000
vt 0.014458 0.542570
vt 0.009052 0.542570
vt 0.000000 0.544514
vt 1.000000 0.544514
vt 0.990948 0.542570
vt 0.985542 0.542570
vt 0.983796 0.540000
vt 0.016334 0.550000
vt 0.014516 0.553457
vt 0.009063 0.553457
vt 0.000000 0.555002
vt 1.000000 0.555002
vt 0.990937 0.553457
vt 0.985484 0.553457
vt 0.983667 0.550000
vt 0.016501 0.560000
vt 0.014590 0.564369
vt 0.009076 0.564369
vt 0.000000 0.565003
vt 1.000000 0.565003
vt 0.990924 0.564369
vt 0.985410 0.564369
vt 0.983499 0.560000
vt 0.016706 0.570000
vt 0.014679 0.575313
vt 0.009091 0.575313
vt 0.000000 0.575003
vt 1.000000 0.575003
vt 0.990909 0.575313
vt 0.985321 0.575313
vt 0.983294 0.570000
vt 0.016950 0.580000
vt 0.014783 0.586293
vt 0.009105 0.586293
vt 0.000000 0.585003
vt 1.000000 0.585003
vt 0.990895 0.586293
vt 0.985217 0.586293
vt 0.983050 0.580000
vt 0.017231 0.590000
vt 0.014901 0.597315
vt 0.009120 0.597315
vt 0.000000 0.595004
vt 1.000000 0.595004
vt 0.990880 0.597315
vt 0.985099 0.597315
vt 0.982769 0.590000
vt 0.017551 0.600000
vt 0.015032 0.608382
vt 0.009133 0.608381
vt 0.000000 0.605004
vt 1.000000 0.605004
vt 0.990867 0.608381
vt 0.984968 0.608382
vt 0.982449 0.600000
vt 0.017909 0.610000
vt 0.015175 0.619495
vt 0.009144 0.619495
vt 0.000000 0.615004
vt 1.000000 0.615004
vt 0.990856 0.619495
vt 0.984825 0.619495
vt 0.982091 0.610000
vt 0.018306 0.620000
vt 0.015331 0.630656
vt 0.009151 0.630655
vt 0.000000 0.625003
vt 1.000000 0.625004
vt 0.990849 0.630655
vt 0.984669 0.630656
vt 0.981694 0.620000
vt 0.018739 0.630000
vt 0.015497 0.641862
vt 0.009156 0.641861
vt 0.000000 0.635003
vt 1.000000 0.635003
vt 0.990844 0.641862
vt 0.984503 0.641862
vt 0.981261 0.630000
vt 0.019210 0.640000
vt 0.015676 0.653109
vt 0.009156 0.653108
vt 0.000000 0.645002
vt 1.000000 0.645002
vt 0.990844 0.653108
vt 0.984324 0.653109
vt 0.980790 0.640000
vt 0.019716 0.650000
vt 0.015865 0.664388
vt 0.009154 0.664388
vt 0.000000 0.655001
vt 1.000000 0.655001
vt 0.990846 0.664388
vt 0.984135 0.664388
vt 0.980284 0.650000
vt 0.020256 0.660000
vt 0.016067 0.675688
vt 0.009149 0.675688
vt 0.000000 0.664999
vt 1.000000 0.664999
vt 0.990850 0.675688
vt 0.983932 0.675688
vt 0.979744 0.660000
vt 0.020828 0.670000
vt 0.016283 0.686993
vt 0.009146 0.686992
vt 0.000000 0.674997
vt 1.000000 0.674997
vt 0.990854 0.686993
vt 0.983717 0.686993
vt 0.979172 0.670000
vt 0.021428 0.680000
vt 0.016515 0.698280
vt 0.009146 0.698280
vt 0.000000 0.684995
vt 1.000000 0.684995
vt 0.990854 0.698280
vt 0.983485 0.698280
vt 0.978572 0.680000
vt 0.022054 0.690000
vt 0.016766 0.709526
vt 0.009154 0.709526
vt 0.000000 0.694992
vt 1.000000 0.694992
vt 0.990846 0.709526
vt 0.983234 0.709526
vt 0.977946 0.690000
vt 0.022701 0.700000
vt 0.017040 0.720700
vt 0.009176 0.720701
vt 0.000000 0.704989
vt 1.000000 0.704989
vt 0.990824 0.720700
vt 0.982960 0.720700
vt 0.977299 0.700000
vt 0.023366 0.710000
vt 0.017341 0.731772
vt 0.009218 0.731772
vt 0.000000 0.714987
vt 1.000000 0.714987
vt 0.990782 0.731772
vt 0.982659 0.731772
vt 0.976634 0.710000
vt 0.024043 0.720000
vt 0.017674 0.742707
vt 0.009287 0.742707
vt 0.000000 0.724984
vt 1.000000 0.724984
vt 0.990713 0.742707
vt 0.982326 0.742707
vt 0.975957 0.720000
vt 0.024727 0.730000
vt 0.018044 0.753475
vt 0.009392 0.753475
vt 0.000000 0.734982
vt 1.000000 0.734982
vt 0.990608 0.753475
vt 0.981956 0.753475
vt 0.975272 0.730000
vt 0.025414 0.740000
vt 0.018455 0.764046
vt 0.009540 0.764046
vt 0.000000 0.744980
vt 1.000000 0.744980
vt 0.990461 0.764046
vt 0.981545 0.764046
vt 0.974586 0.740000
vt 0.026099 0.750000
vt 0.018912 0.774399
vt 0.009736 0.774399
vt 0.000000 0.754979
vt 1.000000 0.754979
vt 0.990264 0.774399
vt 0.981089 0.774399
vt 0.973901 0.750000
vt 0.026776 0.760000
vt 0.019415 0.784518
vt 0.009986 0.784518
vt 0.000000 0.764980
vt 1.000000 0.764980
vt 0.990014 0.784518
vt 0.980585 0.784518
vt 0.973224 0.760000
vt 0.027443 0.770000
vt 0.019967 0.794399
vt 0.010293 0.794399
vt 0.000000 0.774981
vt 1.000000 0.774981
vt 0.989707 0.794399
vt 0.980033 0.794399
vt 0.972556 0.770000
vt 0.028097 0.780000
vt 0.020565 0.804048
vt 0.010658 0.804047
vt 0.000000 0.784984
vt 1.000000 0.784984
vt 0.989342 0.804047
vt 0.979435 0.804047
vt 0.971903 0.780000
vt 0.028735 0.790000
vt 0.021208 0.813477
vt 0.011079 0.813476
vt 0.000000 0.794987
vt 1.000000 0.794987
vt 0.988921 0.813476
vt 0.978792 0.813477
vt 0.971266 0.790000
vt 0.029355 0.800000
vt 0.021890 0.822709
vt 0.011552 0.822709
vt 0.000000 0.804991
vt 1.000000 0.804991
vt 0.988448 0.822709
vt 0.978110 0.822709
vt 0.970645 0.800000
vt 0.029957 0.810000
vt 0.022606 0.831773
vt 0.012072 0.831773
vt 0.000000 0.814995
vt 1.000000 0.814995
vt 0.987928 0.831773
vt 0.977394 0.831773
vt 0.970043 0.810000
vt 0.030541 0.820000
vt 0.023349 0.840701
vt 0.012633 0.840701
vt 0.000000 0.825000
vt 1.000000 0.825000
vt 0.987367 0.840701
vt 0.976652 0.840701
vt 0.969459 0.820000
vt 0.031108 0.830000
vt 0.024111 0.849526
vt 0.013224 0.849526
vt 0.000000 0.835003
vt 1.000000 0.835004
vt 0.986776 0.849526
vt 0.975890 0.849526
vt 0.968892 0.830000
vt 0.031658 0.840000
vt 0.024884 0.858280
vt 0.013839 0.858280
vt 0.000000 0.845007
vt 1.000000 0.845007
vt 0.986161 0.858280
vt 0.975116 0.858280
vt 0.968342 0.840000
vt 0.032191 0.850000
vt 0.025662 0.866992
vt 0.014469 0.866992
vt 0.000000 0.855010
vt 1.000000 0.855010
vt 0.985531 0.866992
vt 0.974338 0.866992
vt 0.967809 0.850000
vt 0.032709 0.860000
vt 0.026437 0.875687
vt 0.015105 0.875687
vt 0.000000 0.865012
vt 1.000000 0.865012
vt 0.984895 0.875687
vt 0.973563 0.875687
vt 0.967291 0.860000
vt 0.033211 0.870000
vt 0.027201 0.884387
vt 0.015739 0.884387
vt 0.000000 0.875013
vt 1.000000 0.875013
vt 0.984261 0.884387
vt 0.972799 0.884387
vt 0.966789 0.870000
vt 0.033697 0.880000
vt 0.027949 0.893107
vt 0.016363 0.893107
vt 0.000000 0.885014
vt 1.000000 0.885014
vt 0.983637 0.893107
vt 0.972051 0.893107
vt 0.966303 0.880000
vt 0.034166 0.890000
vt 0.028674 0.901860
vt 0.016972 0.901860
vt 0.000000 0.895014
vt 1.000000 0.895014
vt 0.983028 0.901860
vt 0.971326 0.901860
vt 0.965834 0.890000
vt 0.034616 0.900000
vt 0.029369 0.910654
vt 0.017557 0.910654
vt 0.000000 0.905014
vt 1.000000 0.905014
vt 0.982443 0.910654
vt 0.970631 0.910654
vt 0.965384 0.900000
vt 0.035046 0.910000
vt 0.030030 0.919493
vt 0.018114 0.919493
vt 0.000000 0.915013
vt 1.000000 0.915013
vt 0.981886 0.919493
vt 0.969970 0.919493
vt 0.964954 0.910000
vt 0.035452 0.920000
vt 0.030649 0.928380
vt 0.018637 0.928380
vt 0.000000 0.925012
vt 1.000000 0.925012
vt 0.981363 0.928380
vt 0.969351 0.928380
vt 0.964548 0.920000
vt 0.035831 0.930000
vt 0.031223 0.937314
vt 0.019121 0.937314
vt 0.000000 0.935011
vt 1.000000 0.935011
vt 0.980879 0.937314
vt 0.968777 0.937314
vt 0.964169 0.930000
vt 0.036179 0.940000
vt 0.031744 0.946292
vt 0.019561 0.946292
vt 0.000000 0.945010
vt 1.000000 0.945010
vt 0.980439 0.946292
vt 0.968256 0.946292
vt 0.963821 0.940000
vt 0.036491 0.950000
vt 0.032209 0.955312
vt 0.019952 0.955312
vt 0.000000 0.955008
vt 1.000000 0.955008
vt 0.980048 0.955312
vt 0.967792 0.955312
vt 0.963509 0.950000
vt 0.036765 0.960000
vt 0.032611 0.964368
vt 0.020291 0.964368
vt 0.000000 0.965007
vt 1.000000 0.965007
vt 0.979710 0.964368
vt 0.967389 0.964368
vt 0.963235 0.960000
vt 0.036995 0.970000
vt 0.032947 0.973456
vt 0.020573 0.973456
vt 0.000000 0.974536
vt 1.000000 0.974536
vt 0.979427 0.973456
vt 0.967053 0.973456
vt 0.963005 0.970000
vt 0.037178 0.980000
vt 0.033213 0.982569
vt 0.020796 0.982569
vt 0.000000 0.983239
vt 1.000000 0.983239
vt 0.979204 0.982569
vt 0.966787 0.982569
vt 0.962822 0.980000
vt 0.037311 0.990000
vt 0.033406 0.991702
vt 0.020957 0.991702
vt 0.000000 0.991942
vt 1.000000 0.991942
vt 0.979043 0.991702
vt 0.966594 0.991702
vt 0.962689 0.990000
vt 0.037392 1.000000
vt 0.033508 1.001272
vt 0.021037 1.001272
vt 0.000000 1.000000
vt 1.000000 1.000000
vt 0.978963 1.001272
vt 0.966492 1.001272
vt 0.962608 1.000000
vt 0.037392 0.000000
vt 0.037419 0.010000
vt 0.033561 0.010000
vt 0.033537 0.000423
vt 0.021087 0.010000
vt 0.021072 0.000423
vt 0.000000 0.010000
vt 0.000000 0.001294
vt 1.000000 0.001294
vt 1.000000 0.010000
vt 0.978913 0.010000
vt 0.978928 0.000423
vt 0.966439 0.010000
vt 0.966463 0.000423
vt 0.962581 0.010000
vt 0.962608 0.000000
vt 0.037392 0.020000
vt 0.033522 0.019152
vt 0.021055 0.019152
vt 0.000000 0.019353
vt 1.000000 0.019353
vt 0.978945 0.019152
vt 0.966478 0.019152
vt 0.962608 0.020000
vt 0.037311 0.030000
vt 0.033406 0.028298
vt 0.020957 0.028298
vt 0.000000 0.028058
vt 1.000000 0.028058
vt 0.979043 0.028298
vt 0.966594 0.028298
vt 0.962689 0.030000
vt 0.037178 0.040000
vt 0.033213 0.037431
vt 0.020796 0.037431
vt 0.000000 0.036761
vt 1.000000 0.036761
vt 0.979204 0.037431
vt 0.966787 0.037431
vt 0.962822 0.040000
vt 0.036995 0.050000
vt 0.032947 0.046544
vt 0.020573 0.046544
vt 0.000000 0.045464
vt 1.000000 0.045464
vt 0.979427 0.046544
vt 0.967053 0.046544
vt 0.963005 0.050000
vt 0.036765 0.060000
vt 0.032611 0.055632
vt 0.020291 0.055632
vt 0.000000 0.054993
vt 1.000000 0.054993
vt 0.979709 0.055632
vt 0.967389 0.055632
vt 0.963235 0.060000
vt 0.036491 0.070000
vt 0.032209 0.064688
vt 0.019952 0.064688
vt 0.000000 0.064992
vt 1.000000 0.064992
vt 0.980048 0.064688
vt 0.967791 0.064688
vt 0.963509 0.070000
vt 0.036179 0.080000
vt 0.031744 0.073708
vt 0.019561 0.073708
vt 0.000000 0.074990
vt 1.000000 0.074990
vt 0.980439 0.073708
vt 0.968256 0.073708
vt 0.963821 0.080000
vt 0.035831 0.090000
vt 0.031223 0.082686
vt 0.019121 0.082686
vt 0.000000 0.084989
vt 1.000000 0.084989
vt 0.980879 0.082686
vt 0.968778 0.082686
vt 0.964169 0.090000
vt 0.035452 0.100000
vt 0.030649 0.091620
vt 0.018637 0.091620
vt 0.000000 0.094988
vt 1.000000 0.094988
vt 0.981363 0.091620
vt 0.969351 0.091620
vt 0.964548 0.100000
vt 0.035046 0.110000
vt 0.030030 0.100507
vt 0.018114 0.100507
vt 0.000000 0.104987
vt 1.000000 0.104987
vt 0.981886 0.100507
vt 0.969970 0.100507
vt 0.964954 0.110000
vt 0.034616 0.120000
vt 0.029369 0.109346
vt 0.017557 0.109346
vt 0.000000 0.114986
vt 1.000000 0.114986
vt 0.982443 0.109346
vt 0.970631 0.109346
vt 0.965384 0.120000
vt 0.034166 0.130000
vt 0.028674 0.118140
vt 0.016972 0.118140
vt 0.000000 0.124986
vt 1.000000 0.124986
vt 0.983029 0.118140
vt 0.971326 0.118140
vt 0.965834 0.130000
vt 0.033697 0.140000
vt 0.027949 0.126893
vt 0.016363 0.126893
vt 0.000000 0.134986
vt 1.000000 0.134986
vt 0.983637 0.126893
vt 0.972051 0.126893
vt 0.966303 0.140000
vt 0.033211 0.150000
vt 0.027201 0.135613
vt 0.015739 0.135613
vt 0.000000 0.144987
vt 1.000000 0.144987
vt 0.984261 0.135613
vt 0.972799 0.135613
vt 0.966789 0.150000
vt 0.032709 0.160000
vt 0.026437 0.144313
vt 0.015105 0.144313
vt 0.000000 0.154988
vt 1.000000 0.154988
vt 0.984895 0.144313
vt 0.973563 0.144313
vt 0.967291 0.160000
vt 0.032191 0.170000
vt 0.025662 0.153008
vt 0.014469 0.153008
vt 0.000000 0.164990
vt 1.000000 0.164990
vt 0.985531 0.153008
vt 0.974338 0.153008
vt 0.967809 0.170000
vt 0.031658 0.180000
vt 0.024884 0.161720
vt 0.013839 0.161720
vt 0.000000 0.174993
vt 1.000000 0.174993
vt 0.986161 0.161720
vt 0.975116 0.161720
vt 0.968342 0.180000
vt 0.031108 0.190000
vt 0.024110 0.170474
vt 0.013224 0.170474
vt 0.000000 0.184996
vt 1.000000 0.184996
vt 0.986776 0.170474
vt 0.975889 0.170474
vt 0.968892 0.190000
vt 0.030541 0.200000
vt 0.023349 0.179299
vt 0.012633 0.179299
vt 0.000000 0.195000
vt 1.000000 0.195000
vt 0.987368 0.179299
vt 0.976652 0.179299
vt 0.969459 0.200000
vt 0.029957 0.210000
vt 0.022606 0.188227
vt 0.012072 0.188227
vt 0.000000 0.205005
vt 1.000000 0.205005
vt 0.987928 0.188227
vt 0.977394 0.188227
vt 0.970043 0.210000
vt 0.029355 0.220000
vt 0.021890 0.197291
vt 0.011552 0.197291
vt 0.000000 0.215009
vt 1.000000 0.215009
vt 0.988448 0.197291
vt 0.978110 0.197291
vt 0.970645 0.220000
vt 0.028735 0.230000
vt 0.021208 0.206524
vt 0.011079 0.206524
vt 0.000000 0.225013
vt 1.000000 0.225013
vt 0.988922 0.206524
vt 0.978792 0.206524
vt 0.971266 0.230000
vt 0.028097 0.240000
vt 0.020565 0.215953
vt 0.010658 0.215953
vt 0.000000 0.235016
vt 1.000000 0.235016
vt 0.989342 0.215953
vt 0.979434 0.215953
vt 0.971903 0.240000
vt 0.027444 0.250000
vt 0.019967 0.225600
vt 0.010293 0.225600
vt 0.000000 0.245019
vt 1.000000 0.245019
vt 0.989707 0.225601
vt 0.980033 0.225600
vt 0.972556 0.250000
vt 0.026776 0.260000
vt 0.019415 0.235482
vt 0.009986 0.235482
vt 0.000000 0.255020
vt 1.000000 0.255020
vt 0.990014 0.235482
vt 0.980585 0.235482
vt 0.973224 0.260000
vt 0.026099 0.270000
vt 0.018912 0.245601
vt 0.009736 0.245601
vt 0.000000 0.265021
vt 1.000000 0.265021
vt 0.990264 0.245601
vt 0.981089 0.245601
vt 0.973901 0.270000
vt 0.025414 0.280000
vt 0.018455 0.255954
vt 0.009540 0.255954
vt 0.000000 0.275020
vt 1.000000 0.275020
vt 0.990461 0.255954
vt 0.981545 0.255954
vt 0.974586 0.280000
vt 0.024727 0.290000
vt 0.018044 0.266525
vt 0.009392 0.266525
vt 0.000000 0.285018
vt 1.000000 0.285018
vt 0.990608 0.266525
vt 0.981956 0.266525
vt 0.975273 0.290000
vt 0.024043 0.300000
vt 0.017674 0.277293
vt 0.009287 0.277293
vt 0.000000 0.295016
vt 1.000000 0.295016
vt 0.990713 0.277293
vt 0.982326 0.277293
vt 0.975957 0.300000
vt 0.023366 0.310000
vt 0.017341 0.288228
vt 0.009218 0.288228
vt 0.000000 0.305014
vt 1.000000 0.305014
vt 0.990782 0.288228
vt 0.982659 0.288228
vt 0.976634 0.310000
vt 0.022701 0.320000
vt 0.017040 0.299300
vt 0.009176 0.299300
vt 0.000000 0.315011
vt 1.000000 0.315011
vt 0.990825 0.299300
vt 0.982960 0.299300
vt 0.977299 0.320000
vt 0.022054 0.330000
vt 0.016766 0.310474
vt 0.009154 0.310474
vt 0.000000 0.325008
vt 1.000000 0.325008
vt 0.990846 0.310474
vt 0.983234 0.310474
vt 0.977946 0.330000
vt 0.021428 0.340000
vt 0.016515 0.321720
vt 0.009146 0.321720
vt 0.000000 0.335005
vt 1.000000 0.335005
vt 0.990854 0.321720
vt 0.983484 0.321720
vt 0.978572 0.340000
vt 0.020828 0.350000
vt 0.016283 0.333007
vt 0.009146 0.333007
vt 0.000000 0.345003
vt 1.000000 0.345003
vt 0.990854 0.333007
vt 0.983717 0.333007
vt 0.979172 0.350000
vt 0.020256 0.360000
vt 0.016067 0.344312
vt 0.009149 0.344312
vt 0.000000 0.355001
vt 1.000000 0.355001
vt 0.990850 0.344312
vt 0.983933 0.344312
vt 0.979744 0.360000
vt 0.019716 0.370000
vt 0.015865 0.355612
vt 0.009154 0.355612
vt 0.000000 0.364999
vt 1.000000 0.364999
vt 0.990846 0.355612
vt 0.984135 0.355612
vt 0.980284 0.370000
vt 0.019210 0.380000
vt 0.015676 0.366891
vt 0.009156 0.366892
vt 0.000000 0.374998
vt 1.000000 0.374998
vt 0.990844 0.366892
vt 0.984324 0.366891
vt 0.980790 0.380000
vt 0.018739 0.390000
vt 0.015497 0.378138
vt 0.009156 0.378139
vt 0.000000 0.384997
vt 1.000000 0.384997
vt 0.990844 0.378138
vt 0.984503 0.378138
vt 0.981261 0.390000
vt 0.018306 0.400000
vt 0.015331 0.389344
vt 0.009151 0.389345
vt 0.000000 0.394996
vt 1.000000 0.394996
vt 0.990849 0.389345
vt 0.984670 0.389344
vt 0.981694 0.400000
vt 0.017909 0.410000
vt 0.015175 0.400505
vt 0.009144 0.400505
vt 0.000000 0.404996
vt 1.000000 0.404996
vt 0.990856 0.400505
vt 0.984825 0.400505
vt 0.982091 0.410000
vt 0.017551 0.420000
vt 0.015032 0.411618
vt 0.009133 0.411619
vt 0.000000 0.414996
vt 1.000000 0.414996
vt 0.990867 0.411619
vt 0.984968 0.411618
vt 0.982449 0.420000
vt 0.017231 0.430000
vt 0.014901 0.422685
vt 0.009120 0.422685
vt 0.000000 0.424996
vt 1.000000 0.424996
vt 0.990880 0.422685
vt 0.985099 0.422685
vt 0.982769 0.430000
vt 0.016950 0.440000
vt 0.014783 0.433707
vt 0.009105 0.433707
vt 0.000000 0.434997
vt 1.000000 0.434997
vt 0.990895 0.433707
vt 0.985217 0.433707
vt 0.983050 0.440000
vt 0.016706 0.450000
vt 0.014679 0.444687
vt 0.009091 0.444687
vt 0.000000 0.444997
vt 1.000000 0.444997
vt 0.990910 0.444687
vt 0.985321 0.444687
vt 0.983294 0.450000
vt 0.016501 0.460000
vt 0.014590 0.455631
vt 0.009076 0.455631
vt 0.000000 0.454997
vt 1.000000 0.454997
vt 0.990924 0.455631
vt 0.985410 0.455631
vt 0.983499 0.460000
vt 0.016334 0.470000
vt 0.014516 0.466543
vt 0.009063 0.466543
vt 0.000000 0.464998
vt 1.000000 0.464998
vt 0.990937 0.466543
vt 0.985484 0.466543
vt 0.983666 0.470000
vt 0.016204 0.480000
vt 0.014458 0.477430
vt 0.009052 0.477430
vt 0.000000 0.475486
vt 1.000000 0.475486
vt 0.990948 0.477430
vt 0.985542 0.477430
vt 0.983796 0.480000
vt 0.016111 0.490000
vt 0.014416 0.488298
vt 0.009044 0.488298
vt 0.000000 0.486772
vt 1.000000 0.486772
vt 0.990956 0.488298
vt 0.985584 0.488298
vt 0.983889 0.490000
vt 0.016055 0.500000
vt 0.014391 0.499152
vt 0.009039 0.499152
vt 0.000000 0.498062
vt 1.000000 0.498062
vt 0.990961 0.499152
vt 0.985609 0.499152
vt 0.983945 0.500000
vt 0.216037 0.510000
vt 0.216055 0.520000
vt 0.214391 0.520848
vt 0.214383 0.510000
vt 0.209039 0.520848
vt 0.209037 0.510000
vt 0.200000 0.521938
vt 0.200000 0.510000
vt 0.190961 0.520848
vt 0.190963 0.510000
vt 0.185609 0.520848
vt 0.185617 0.510000
vt 0.183945 0.520000
vt 0.183963 0.510000
vt 0.216111 0.530000
vt 0.214416 0.531702
vt 0.209044 0.531702
vt 0.200000 0.533228
vt 0.190956 0.531702
vt 0.185584 0.531702
vt 0.183889 0.530000
vt 0.216204 0.540000
vt 0.214458 0.542570
vt 0.209052 0.542570
vt 0.200000 0.544514
vt 0.190948 0.542570
vt 0.185542 0.542570
vt 0.183796 0.540000
vt 0.216334 0.550000
vt 0.214516 0.553457
vt 0.209063 0.553457
vt 0.200000 0.555002
vt 0.190937 0.553457
vt 0.185484 0.553457
vt 0.183666 0.550000
vt 0.216501 0.560000
vt 0.214590 0.564369
vt 0.209076 0.564369
vt 0.200000 0.565003
vt 0.190924 0.564369
vt 0.185410 0.564369
vt 0.183499 0.560000
vt 0.216706 0.570000
vt 0.214679 0.575313
vt 0.209091 0.575313
vt 0.200000 0.575003
vt 0.190909 0.575313
vt 0.185321 0.575313
vt 0.183294 0.570000
vt 0.216950 0.580000
vt 0.214783 0.586293
vt 0.209105 0.586293
vt 0.200000 0.585003
vt 0.190895 0.586293
vt 0.185217 0.586293
vt 0.183050 0.580000
vt 0.217231 0.590000
vt 0.214901 0.597315
vt 0.209120 0.597315
vt 0.200000 0.595004
vt 0.190880 0.597315
vt 0.185099 0.597315
vt 0.182769 0.590000
vt 0.217551 0.600000
vt 0.215032 0.608382
vt 0.209133 0.608381
vt 0.200000 0.605004
vt 0.190867 0.608381
vt 0.184968 0.608382
vt 0.182449 0.600000
vt 0.217909 0.610000
vt 0.215175 0.619495
vt 0.209144 0.619495
vt 0.200000 0.615004
vt 0.190856 0.619495
vt 0.184825 0.619495
vt 0.182091 0.610000
vt 0.218306 0.620000
vt 0.215331 0.630656
vt 0.209151 0.630655
vt 0.200000 0.625003
vt 0.190849 0.630655
vt 0.184669 0.630656
vt 0.181694 0.620000
vt 0.218739 0.630000
vt 0.215497 0.641862
vt 0.209156 0.641862
vt 0.200000 0.635003
vt 0.190844 0.641861
vt 0.184503 0.641862
vt 0.181261 0.630000
vt 0.219210 0.640000
vt 0.215676 0.653109
vt 0.209156 0.653108
vt 0.200000 0.645002
vt 0.190844 0.653108
vt 0.184324 0.653109
vt 0.180790 0.640000
vt 0.219716 0.650000
vt 0.215865 0.664388
vt 0.209154 0.664388
vt 0.200000 0.655001
vt 0.190846 0.664388
vt 0.184135 0.664388
vt 0.180284 0.650000
vt 0.220256 0.660000
vt 0.216067 0.675688
vt 0.209149 0.675688
vt 0.200000 0.664999
vt 0.190850 0.675688
vt 0.183932 0.675688
vt 0.179744 0.660000
vt 0.220828 0.670000
vt 0.216283 0.686993
vt 0.209146 0.686993
vt 0.200000 0.674997
vt 0.190854 0.686993
vt 0.183717 0.686993
vt 0.179172 0.670000
vt 0.221428 0.680000
vt 0.216515 0.698280
vt 0.209146 0.698280
vt 0.200000 0.684995
vt 0.190854 0.698280
vt 0.183485 0.698280
vt 0.178572 0.680000
vt 0.222054 0.690000
vt 0.216766 0.709526
vt 0.209154 0.709526
vt 0.200000 0.694992
vt 0.190846 0.709526
vt 0.183234 0.709526
vt 0.177946 0.690000
vt 0.222701 0.700000
vt 0.217040 0.720700
vt 0.209176 0.720700
vt 0.200000 0.704989
vt 0.190824 0.720700
vt 0.182960 0.720700
vt 0.177299 0.700000
vt 0.223366 0.710000
vt 0.217341 0.731772
vt 0.209218 0.731772
vt 0.200000 0.714987
vt 0.190782 0.731772
vt 0.182659 0.731772
vt 0.176634 0.710000
vt 0.224043 0.720000
vt 0.217674 0.742707
vt 0.209287 0.742707
vt 0.200000 0.724984
vt 0.190713 0.742707
vt 0.182326 0.742707
vt 0.175957 0.720000
vt 0.224727 0.730000
vt 0.218044 0.753475
vt 0.209392 0.753475
vt 0.200000 0.734982
vt 0.190608 0.753475
vt 0.181956 0.753475
vt 0.175273 0.730000
vt 0.225414 0.740000
vt 0.218455 0.764046
vt 0.209540 0.764046
vt 0.200000 0.744980
vt 0.190460 0.764046
vt 0.181545 0.764046
vt 0.174586 0.740000
vt 0.226099 0.750000
vt 0.218912 0.774399
vt 0.209736 0.774399
vt 0.200000 0.754979
vt 0.190264 0.774399
vt 0.181088 0.774399
vt 0.173901 0.750000
vt 0.226776 0.760000
vt 0.219415 0.784518
vt 0.209986 0.784518
vt 0.200000 0.764980
vt 0.190014 0.784518
vt 0.180585 0.784518
vt 0.173224 0.760000
vt 0.227444 0.770000
vt 0.219967 0.794399
vt 0.210293 0.794399
vt 0.200000 0.774981
vt 0.189707 0.794399
vt 0.180033 0.794400
vt 0.172557 0.770000
vt 0.228097 0.780000
vt 0.220565 0.804048
vt 0.210658 0.804047
vt 0.200000 0.784984
vt 0.189342 0.804047
vt 0.179435 0.804048
vt 0.171903 0.780000
vt 0.228735 0.790000
vt 0.221208 0.813476
vt 0.211079 0.813476
vt 0.200000 0.794987
vt 0.188921 0.813476
vt 0.178792 0.813477
vt 0.171265 0.790000
vt 0.229355 0.800000
vt 0.221890 0.822709
vt 0.211552 0.822709
vt 0.200000 0.804991
vt 0.188448 0.822709
vt 0.178110 0.822709
vt 0.170645 0.800000
vt 0.229957 0.810000
vt 0.222606 0.831773
vt 0.212072 0.831773
vt 0.200000 0.814995
vt 0.187928 0.831773
vt 0.177394 0.831773
vt 0.170043 0.810000
vt 0.230541 0.820000
vt 0.223349 0.840701
vt 0.212632 0.840701
vt 0.200000 0.825000
vt 0.187367 0.840701
vt 0.176651 0.840701
vt 0.169459 0.820000
vt 0.231108 0.830000
vt 0.224110 0.849526
vt 0.213224 0.849526
vt 0.200000 0.835003
vt 0.186776 0.849526
vt 0.175890 0.849526
vt 0.168892 0.830000
vt 0.231658 0.840000
vt 0.224884 0.858280
vt 0.213839 0.858280
vt 0.200000 0.845007
vt 0.186161 0.858280
vt 0.175116 0.858280
vt 0.168342 0.840000
vt 0.232191 0.850000
vt 0.225662 0.866992
vt 0.214469 0.866992
vt 0.200000 0.855010
vt 0.185531 0.866992
vt 0.174338 0.866992
vt 0.167809 0.850000
vt 0.232709 0.860000
vt 0.226437 0.875687
vt 0.215105 0.875687
vt 0.200000 0.865012
vt 0.184895 0.875687
vt 0.173563 0.875687
vt 0.167291 0.860000
vt 0.233211 0.870000
vt 0.227201 0.884387
vt 0.215739 0.884387
vt 0.200000 0.875013
vt 0.184261 0.884387
vt 0.172799 0.884387
vt 0.166789 0.870000
vt 0.233697 0.880000
vt 0.227949 0.893107
vt 0.216363 0.893107
vt 0.200000 0.885014
vt 0.183637 0.893107
vt 0.172051 0.893107
vt 0.166303 0.880000
vt 0.234166 0.890000
vt 0.228674 0.901860
vt 0.216972 0.901860
vt 0.200000 0.895014
vt 0.183028 0.901860
vt 0.171326 0.901860
vt 0.165834 0.890000
vt 0.234616 0.900000
vt 0.229369 0.910654
vt 0.217557 0.910654
vt 0.200000 0.905014
vt 0.182443 0.910654
vt 0.170631 0.910654
vt 0.165383 0.900000
vt 0.235046 0.910000
vt 0.230030 0.919493
vt 0.218114 0.919494
vt 0.200000 0.915013
vt 0.181886 0.919493
vt 0.169970 0.919493
vt 0.164954 0.910000
vt 0.235452 0.920000
vt 0.230649 0.928380
vt 0.218637 0.928380
vt 0.200000 0.925012
vt 0.181363 0.928380
vt 0.169351 0.928380
vt 0.164548 0.920000
vt 0.235831 0.930000
vt 0.231222 0.937314
vt 0.219121 0.937314
vt 0.200000 0.935011
vt 0.180879 0.937314
vt 0.168777 0.937314
vt 0.164169 0.930000
vt 0.236179 0.940000
vt 0.231744 0.946292
vt 0.219561 0.946292
vt 0.200000 0.945010
vt 0.180439 0.946292
vt 0.168256 0.946292
vt 0.163821 0.940000
vt 0.236491 0.950000
vt 0.232208 0.955312
vt 0.219952 0.955312
vt 0.200000 0.955009
vt 0.180048 0.955312
vt 0.167791 0.955312
vt 0.163509 0.950000
vt 0.236765 0.960000
vt 0.232611 0.964368
vt 0.220291 0.964368
vt 0.200000 0.965007
vt 0.179709 0.964368
vt 0.167389 0.964368
vt 0.163235 0.960000
vt 0.236995 0.970000
vt 0.232947 0.973456
vt 0.220573 0.973456
vt 0.200000 0.974536
vt 0.179427 0.973456
vt 0.167053 0.973456
vt 0.163005 0.970000
vt 0.237178 0.980000
vt 0.233213 0.982569
vt 0.220796 0.982569
vt 0.200000 0.983239
vt 0.179204 0.982569
vt 0.166787 0.982569
vt 0.162822 0.980000
vt 0.237311 0.990000
vt 0.233406 0.991702
vt 0.220957 0.991702
vt 0.200000 0.991942
vt 0.179043 0.991702
vt 0.166594 0.991702
vt 0.162689 0.990000
vt 0.237392 1.000000
vt 0.233507 1.001272
vt 0.221037 1.001272
vt 0.200000 1.000000
vt 0.178963 1.001272
vt 0.166492 1.001272
vt 0.162608 1.000000
vt 0.237392 0.000000
vt 0.237419 0.010000
vt 0.233561 0.010000
vt 0.233537 0.000423
vt 0.221087 0.010000
vt 0.221072 0.000423
vt 0.200000 0.010000
vt 0.200000 0.001294
vt 0.178913 0.010000
vt 0.178928 0.000423
vt 0.166439 0.010000
vt 0.166463 0.000423
vt 0.162581 0.010000
vt 0.162608 0.000000
vt 0.237392 0.020000
vt 0.233522 0.019152
vt 0.221055 0.019152
vt 0.200000 0.019353
vt 0.178945 0.019152
vt 0.166478 0.019152
vt 0.162608 0.020000
vt 0.237311 0.030000
vt 0.233406 0.028298
vt 0.220957 0.028298
vt 0.200000 0.028058
vt 0.179043 0.028298
vt 0.166594 0.028298
vt 0.162689 0.030000
vt 0.237178 0.040000
vt 0.233213 0.037431
vt 0.220796 0.037431
vt 0.200000 0.036761
vt 0.179204 0.037431
vt 0.166787 0.037431
vt 0.162822 0.040000
vt 0.236995 0.050000
vt 0.232947 0.046544
vt 0.220573 0.046544
vt 0.200000 0.045464
vt 0.179427 0.046544
vt 0.167053 0.046544
vt 0.163005 0.050000
vt 0.236765 0.060000
vt 0.232611 0.055632
vt 0.220291 0.055632
vt 0.200000 0.054993
vt 0.179709 0.055632
vt 0.167389 0.055632
vt 0.163235 0.060000
vt 0.236491 0.070000
vt 0.232208 0.064688
vt 0.219952 0.064688
vt 0.200000 0.064992
vt 0.180048 0.064688
vt 0.167791 0.064688
vt 0.163509 0.070000
vt 0.236179 0.080000
vt 0.231744 0.073708
vt 0.219561 0.073708
vt 0.200000 0.074990
vt 0.180439 0.073708
vt 0.168256 0.073708
vt 0.163821 0.080000
vt 0.235831 0.090000
vt 0.231223 0.082686
vt 0.219121 0.082686
vt 0.200000 0.084989
vt 0.180879 0.082686
vt 0.168778 0.082686
vt 0.164169 0.090000
vt 0.235452 0.100000
vt 0.230649 0.091620
vt 0.218637 0.091620
vt 0.200000 0.094988
vt 0.181363 0.091620
vt 0.169351 0.091620
vt 0.164548 0.100000
vt 0.235046 0.110000
vt 0.230030 0.100507
vt 0.218114 0.100507
vt 0.200000 0.104987
vt 0.181886 0.100507
vt 0.169970 0.100507
vt 0.164954 0.110000
vt 0.234616 0.120000
vt 0.229369 0.109346
vt 0.217557 0.109346
vt 0.200000 0.114986
vt 0.182443 0.109346
vt 0.170631 0.109346
vt 0.165384 0.120000
vt 0.234166 0.130000
vt 0.228674 0.118140
vt 0.216972 0.118140
vt 0.200000 0.124986
vt 0.183028 0.118140
vt 0.171326 0.118140
vt 0.165834 0.130000
vt 0.233697 0.140000
vt 0.227949 0.126893
vt 0.216363 0.126893
vt 0.200000 0.134986
vt 0.183637 0.126893
vt 0.172051 0.126893
vt 0.166303 0.140000
vt 0.233211 0.150000
vt 0.227201 0.135613
vt 0.215739 0.135613
vt 0.200000 0.144987
vt 0.184261 0.135613
vt 0.172799 0.135613
vt 0.166789 0.150000
vt 0.232709 0.160000
vt 0.226437 0.144313
vt 0.215105 0.144313
vt 0.200000 0.154988
vt 0.184895 0.144313
vt 0.173563 0.144313
vt 0.167291 0.160000
vt 0.232191 0.170000
vt 0.225662 0.153008
vt 0.214469 0.153008
vt 0.200000 0.164990
vt 0.185531 0.153008
vt 0.174338 0.153008
vt 0.167809 0.170000
vt 0.231658 0.180000
vt 0.224884 0.161720
vt 0.213839 0.161720
vt 0.200000 0.174993
vt 0.186161 0.161720
vt 0.175116 0.161720
vt 0.168342 0.180000
vt 0.231108 0.190000
vt 0.224110 0.170474
vt 0.213224 0.170474
vt 0.200000 0.184996
vt 0.186776 0.170474
vt 0.175889 0.170474
vt 0.168892 0.190000
vt 0.230541 0.200000
vt 0.223349 0.179299
vt 0.212633 0.179299
vt 0.200000 0.195000
vt 0.187368 0.179299
vt 0.176651 0.179299
vt 0.169459 0.200000
vt 0.229957 0.210000
vt 0.222606 0.188227
vt 0.212072 0.188227
vt 0.200000 0.205005
vt 0.187928 0.188227
vt 0.177394 0.188227
vt 0.170043 0.210000
vt 0.229355 0.220000
vt 0.221890 0.197291
vt 0.211552 0.197291
vt 0.200000 0.215009
vt 0.188448 0.197291
vt 0.178110 0.197291
vt 0.170645 0.220000
vt 0.228735 0.230000
vt 0.221208 0.206524
vt 0.211079 0.206524
vt 0.200000 0.225013
vt 0.188921 0.206524
vt 0.178792 0.206524
vt 0.171265 0.230000
vt 0.228097 0.240000
vt 0.220565 0.215953
vt 0.210658 0.215953
vt 0.200000 0.235016
vt 0.189342 0.215953
vt 0.179435 0.215953
vt 0.171903 0.240000
vt 0.227443 0.250000
vt 0.219967 0.225600
vt 0.210293 0.225601
vt 0.200000 0.245019
vt 0.189707 0.225600
vt 0.180033 0.225600
vt 0.172557 0.250000
vt 0.226776 0.260000
vt 0.219415 0.235482
vt 0.209986 0.235482
vt 0.200000 0.255020
vt 0.190014 0.235482
vt 0.180585 0.235482
vt 0.173224 0.260000
vt 0.226099 0.270000
vt 0.218912 0.245601
vt 0.209736 0.245601
vt 0.200000 0.265021
vt 0.190264 0.245601
vt 0.181088 0.245601
vt 0.173901 0.270000
vt 0.225414 0.280000
vt 0.218455 0.255954
vt 0.209540 0.255954
vt 0.200000 0.275020
vt 0.190460 0.255954
vt 0.181545 0.255954
vt 0.174586 0.280000
vt 0.224727 0.290000
vt 0.218044 0.266525
vt 0.209392 0.266525
vt 0.200000 0.285018
vt 0.190608 0.266525
vt 0.181956 0.266525
vt 0.175273 0.290000
vt 0.224043 0.300000
vt 0.217674 0.277293
vt 0.209287 0.277293
vt 0.200000 0.295016
vt 0.190713 0.277293
vt 0.182326 0.277293
vt 0.175957 0.300000
vt 0.223366 0.310000
vt 0.217341 0.288228
vt 0.209218 0.288228
vt 0.200000 0.305014
vt 0.190782 0.288228
vt 0.182659 0.288228
vt 0.176634 0.310000
vt 0.222701 0.320000
vt 0.217040 0.299300
vt 0.209176 0.299300
vt 0.200000 0.315011
vt 0.190825 0.299300
vt 0.182960 0.299300
vt 0.177299 0.320000
vt 0.222054 0.330000
vt 0.216766 0.310474
vt 0.209154 0.310474
vt 0.200000 0.325008
vt 0.190846 0.310474
vt 0.183234 0.310474
vt 0.177946 0.330000
vt 0.221428 0.340000
vt 0.216515 0.321720
vt 0.209146 0.321720
vt 0.200000 0.335005
vt 0.190854 0.321720
vt 0.183485 0.321720
vt 0.178572 0.340000
vt 0.220828 0.350000
vt 0.216283 0.333007
vt 0.209146 0.333007
vt 0.200000 0.345003
vt 0.190854 0.333007
vt 0.183717 0.333007
vt 0.179172 0.350000
vt 0.220256 0.360000
vt 0.216068 0.344312
vt 0.209149 0.344312
vt 0.200000 0.355001
vt 0.190851 0.344312
vt 0.183932 0.344312
vt 0.179744 0.360000
vt 0.219716 0.370000
vt 0.215865 0.355612
vt 0.209154 0.355612
vt 0.200000 0.364999
vt 0.190846 0.355612
vt 0.184135 0.355612
vt 0.180284 0.370000
vt 0.219210 0.380000
vt 0.215676 0.366891
vt 0.209156 0.366892
vt 0.200000 0.374998
vt 0.190844 0.366892
vt 0.184324 0.366891
vt 0.180790 0.380000
vt 0.218739 0.390000
vt 0.215497 0.378138
vt 0.209156 0.378138
vt 0.200000 0.384997
vt 0.190844 0.378138
vt 0.184503 0.378138
vt 0.181261 0.390000
vt 0.218306 0.400000
vt 0.215331 0.389344
vt 0.209151 0.389345
vt 0.200000 0.394996
vt 0.190849 0.389345
vt 0.184669 0.389344
vt 0.181694 0.400000
vt 0.217909 0.410000
vt 0.215175 0.400505
vt 0.209144 0.400505
vt 0.200000 0.404996
vt 0.190856 0.400505
vt 0.184825 0.400505
vt 0.182091 0.410000
vt 0.217551 0.420000
vt 0.215032 0.411618
vt 0.209133 0.411619
vt 0.200000 0.414996
vt 0.190867 0.411619
vt 0.184968 0.411618
vt 0.182449 0.420000
vt 0.217231 0.430000
vt 0.214901 0.422685
vt 0.209120 0.422685
vt 0.200000 0.424996
vt 0.190880 0.422685
vt 0.185099 0.422685
vt 0.182769 0.430000
vt 0.216950 0.440000
vt 0.214783 0.433707
vt 0.209105 0.433707
vt 0.200000 0.434997
vt 0.190895 0.433707
vt 0.185217 0.433707
vt 0.183050 0.440000
vt 0.216706 0.450000
vt 0.214679 0.444687
vt 0.209091 0.444687
vt 0.200000 0.444997
vt 0.190909 0.444687
vt 0.185321 0.444687
vt 0.183294 0.450000
vt 0.216501 0.460000
vt 0.214590 0.455631
vt 0.209076 0.455631
vt 0.200000 0.454997
vt 0.190924 0.455631
vt 0.185410 0.455631
vt 0.183499 0.460000
vt 0.216334 0.470000
vt 0.214516 0.466543
vt 0.209063 0.466543
vt 0.200000 0.464998
vt 0.190937 0.466543
vt 0.185484 0.466543
vt 0.183666 0.470000
vt 0.216204 0.480000
vt 0.214458 0.477430
vt 0.209052 0.477430
vt 0.200000 0.475486
vt 0.190948 0.477430
vt 0.185542 0.477430
vt 0.183796 0.480000
vt 0.216111 0.490000
vt 0.214416 0.488298
vt 0.209044 0.488298
vt 0.200000 0.486772
vt 0.190956 0.488298
vt 0.185584 0.488298
vt 0.183889 0.490000
vt 0.216055 0.500000
vt 0.214391 0.499152
vt 0.209039 0.499152
vt 0.200000 0.498062
vt 0.190961 0.499152
vt 0.185609 0.499152
vt 0.183945 0.500000
vt 0.416037 0.510000
vt 0.416055 0.520000
vt 0.414391 0.520848
vt 0.414383 0.510000
vt 0.409039 0.520848
vt 0.409037 0.510000
vt 0.400000 0.521938
vt 0.400000 0.510000
vt 0.390961 0.520848
vt 0.390963 0.510000
vt 0.385609 0.520848
vt 0.385617 0.510000
vt 0.383945 0.520000
vt 0.383963 0.510000
vt 0.416111 0.530000
vt 0.414416 0.531702
vt 0.409044 0.531702
vt 0.400000 0.533228
vt 0.390956 0.531702
vt 0.385584 0.531702
vt 0.383889 0.530000
vt 0.416204 0.540000
vt 0.414458 0.542570
vt 0.409052 0.542570
vt 0.400000 0.544514
vt 0.390948 0.542570
vt 0.385542 0.542570
vt 0.383797 0.540000
vt 0.416334 0.550000
vt 0.414516 0.553457
vt 0.409063 0.553457
vt 0.400000 0.555002
vt 0.390937 0.553457
vt 0.385484 0.553457
vt 0.383666 0.550000
vt 0.416501 0.560000
vt 0.414590 0.564369
vt 0.409076 0.564369
vt 0.400000 0.565003
vt 0.390924 0.564369
vt 0.385410 0.564369
vt 0.383499 0.560000
vt 0.416706 0.570000
vt 0.414679 0.575313
vt 0.409091 0.575313
vt 0.400000 0.575003
vt 0.390909 0.575313
vt 0.385321 0.575313
vt 0.383294 0.570000
vt 0.416950 0.580000
vt 0.414783 0.586293
vt 0.409105 0.586293
vt 0.400000 0.585003
vt 0.390895 0.586293
vt 0.385217 0.586293
vt 0.383050 0.580000
vt 0.417231 0.590000
vt 0.414901 0.597315
vt 0.409120 0.597315
vt 0.400000 0.595004
vt 0.390880 0.597315
vt 0.385099 0.597315
vt 0.382769 0.590000
vt 0.417551 0.600000
vt 0.415032 0.608382
vt 0.409133 0.608382
vt 0.400000 0.605004
vt 0.390867 0.608381
vt 0.384968 0.608382
vt 0.382449 0.600000
vt 0.417909 0.610000
vt 0.415175 0.619495
vt 0.409144 0.619495
vt 0.400000 0.615004
vt 0.390856 0.619495
vt 0.384825 0.619495
vt 0.382091 0.610000
vt 0.418306 0.620000
vt 0.415331 0.630656
vt 0.409151 0.630655
vt 0.400000 0.625003
vt 0.390849 0.630656
vt 0.384669 0.630656
vt 0.381694 0.620000
vt 0.418739 0.630000
vt 0.415497 0.641862
vt 0.409156 0.641861
vt 0.400000 0.635003
vt 0.390844 0.641862
vt 0.384503 0.641862
vt 0.381261 0.630000
vt 0.419210 0.640000
vt 0.415676 0.653109
vt 0.409156 0.653108
vt 0.400000 0.645002
vt 0.390844 0.653108
vt 0.384324 0.653109
vt 0.380790 0.640000
vt 0.419716 0.650000
vt 0.415865 0.664388
vt 0.409154 0.664388
vt 0.400000 0.655001
vt 0.390846 0.664388
vt 0.384135 0.664388
vt 0.380284 0.650000
vt 0.420256 0.660000
vt 0.416068 0.675689
vt 0.409150 0.675688
vt 0.400000 0.664999
vt 0.390851 0.675688
vt 0.383933 0.675688
vt 0.379744 0.660000
vt 0.420828 0.670000
vt 0.416283 0.686993
vt 0.409146 0.686993
vt 0.400000 0.674997
vt 0.390854 0.686993
vt 0.383717 0.686993
vt 0.379172 0.670000
vt 0.421428 0.680000
vt 0.416515 0.698280
vt 0.409146 0.698280
vt 0.400000 0.684995
vt 0.390854 0.698280
vt 0.383485 0.698280
vt 0.378572 0.680000
vt 0.422054 0.690000
vt 0.416766 0.709526
vt 0.409154 0.709526
vt 0.400000 0.694992
vt 0.390846 0.709526
vt 0.383234 0.709526
vt 0.377946 0.690000
vt 0.422701 0.700000
vt 0.417040 0.720700
vt 0.409175 0.720700
vt 0.400000 0.704989
vt 0.390825 0.720701
vt 0.382960 0.720700
vt 0.377299 0.700000
vt 0.423366 0.710000
vt 0.417341 0.731772
vt 0.409218 0.731772
vt 0.400000 0.714987
vt 0.390782 0.731772
vt 0.382659 0.731772
vt 0.376634 0.710000
vt 0.424043 0.720000
vt 0.417674 0.742707
vt 0.409287 0.742707
vt 0.400000 0.724984
vt 0.390713 0.742707
vt 0.382326 0.742707
vt 0.375957 0.720000
vt 0.424727 0.730000
vt 0.418044 0.753475
vt 0.409392 0.753475
vt 0.400000 0.734982
vt 0.390608 0.753475
vt 0.381956 0.753475
vt 0.375273 0.730000
vt 0.425414 0.740000
vt 0.418455 0.764046
vt 0.409540 0.764046
vt 0.400000 0.744980
vt 0.390460 0.764046
vt 0.381545 0.764046
vt 0.374586 0.740000
vt 0.426099 0.750000
vt 0.418911 0.774399
vt 0.409736 0.774399
vt 0.400000 0.754979
vt 0.390264 0.774399
vt 0.381088 0.774399
vt 0.373901 0.750000
vt 0.426776 0.760000
vt 0.419415 0.784518
vt 0.409986 0.784518
vt 0.400000 0.764980
vt 0.390014 0.784518
vt 0.380585 0.784518
vt 0.373224 0.760000
vt 0.427444 0.770000
vt 0.419967 0.794400
vt 0.410293 0.794399
vt 0.400000 0.774981
vt 0.389707 0.794399
vt 0.380033 0.794399
vt 0.372557 0.770000
vt 0.428097 0.780000
vt 0.420565 0.804047
vt 0.410658 0.804047
vt 0.400000 0.784984
vt 0.389342 0.804047
vt 0.379435 0.804047
vt 0.371903 0.780000
vt 0.428735 0.790000
vt 0.421208 0.813477
vt 0.411079 0.813476
vt 0.400000 0.794987
vt 0.388921 0.813476
vt 0.378792 0.813476
vt 0.371266 0.790000
vt 0.429355 0.800000
vt 0.421890 0.822709
vt 0.411552 0.822709
vt 0.400000 0.804991
vt 0.388448 0.822709
vt 0.378110 0.822709
vt 0.370645 0.800000
vt 0.429957 0.810000
vt 0.422606 0.831773
vt 0.412072 0.831773
vt 0.400000 0.814995
vt 0.387928 0.831773
vt 0.377394 0.831773
vt 0.370043 0.810000
vt 0.430541 0.820000
vt 0.423348 0.840701
vt 0.412632 0.840701
vt 0.400000 0.825000
vt 0.387368 0.840701
vt 0.376651 0.840701
vt 0.369459 0.820000
vt 0.431108 0.830000
vt 0.424110 0.849526
vt 0.413224 0.849526
vt 0.400000 0.835004
vt 0.386776 0.849526
vt 0.375890 0.849526
vt 0.368892 0.830000
vt 0.431658 0.840000
vt 0.424884 0.858280
vt 0.413839 0.858280
vt 0.400000 0.845007
vt 0.386161 0.858280
vt 0.375116 0.858280
vt 0.368342 0.840000
vt 0.432191 0.850000
vt 0.425662 0.866992
vt 0.414469 0.866992
vt 0.400000 0.855010
vt 0.385531 0.866992
vt 0.374338 0.866992
vt 0.367809 0.850000
vt 0.432709 0.860000
vt 0.426437 0.875687
vt 0.415105 0.875687
vt 0.400000 0.865012
vt 0.384895 0.875687
vt 0.373563 0.875687
vt 0.367291 0.860000
vt 0.433211 0.870000
vt 0.427201 0.884387
vt 0.415739 0.884387
vt 0.400000 0.875013
vt 0.384261 0.884387
vt 0.372799 0.884387
vt 0.366789 0.870000
vt 0.433697 0.880000
vt 0.427949 0.893107
vt 0.416363 0.893107
vt 0.400000 0.885014
vt 0.383637 0.893107
vt 0.372051 0.893107
vt 0.366303 0.880000
vt 0.434166 0.890000
vt 0.428674 0.901860
vt 0.416971 0.901860
vt 0.400000 0.895014
vt 0.383028 0.901860
vt 0.371326 0.901860
vt 0.365834 0.890000
vt 0.434616 0.900000
vt 0.429369 0.910654
vt 0.417557 0.910654
vt 0.400000 0.905014
vt 0.382443 0.910654
vt 0.370631 0.910654
vt 0.365384 0.900000
vt 0.435046 0.910000
vt 0.430030 0.919493
vt 0.418114 0.919493
vt 0.400000 0.915013
vt 0.381886 0.919493
vt 0.369970 0.919493
vt 0.364954 0.910000
vt 0.435452 0.920000
vt 0.430649 0.928380
vt 0.418637 0.928380
vt 0.400000 0.925012
vt 0.381363 0.928380
vt 0.369351 0.928380
vt 0.364548 0.920000
vt 0.435831 0.930000
vt 0.431223 0.937314
vt 0.419121 0.937314
vt 0.400000 0.935011
vt 0.380879 0.937314
vt 0.368778 0.937314
vt 0.364169 0.930000
vt 0.436179 0.940000
vt 0.431744 0.946292
vt 0.419561 0.946292
vt 0.400000 0.945010
vt 0.380439 0.946292
vt 0.368256 0.946292
vt 0.363821 0.940000
vt 0.436491 0.950000
vt 0.432208 0.955312
vt 0.419952 0.955312
vt 0.400000 0.955008
vt 0.380048 0.955312
vt 0.367791 0.955312
vt 0.363509 0.950000
vt 0.436765 0.960000
vt 0.432611 0.964368
vt 0.420291 0.964368
vt 0.400000 0.965007
vt 0.379709 0.964368
vt 0.367389 0.964368
vt 0.363235 0.960000
vt 0.436995 0.970000
vt 0.432947 0.973456
vt 0.420573 0.973456
vt 0.400000 0.974536
vt 0.379427 0.973456
vt 0.367053 0.973456
vt 0.363005 0.970000
vt 0.437178 0.980000
vt 0.433213 0.982569
vt 0.420796 0.982569
vt 0.400000 0.983239
vt 0.379204 0.982569
vt 0.366787 0.982569
vt 0.362822 0.980000
vt 0.437311 0.990000
vt 0.433406 0.991702
vt 0.420957 0.991702
vt 0.400000 0.991942
vt 0.379043 0.991702
vt 0.366594 0.991702
vt 0.362689 0.990000
vt 0.437392 1.000000
vt 0.433508 1.001272
vt 0.421037 1.001272
vt 0.400000 1.000000
vt 0.378963 1.001272
vt 0.366493 1.001272
vt 0.362608 1.000000
vt 0.437392 0.000000
vt 0.437419 0.010000
vt 0.433561 0.010000
vt 0.433537 0.000423
vt 0.421087 0.010000
vt 0.421072 0.000423
vt 0.400000 0.010000
vt 0.400000 0.001294
vt 0.378913 0.010000
vt 0.378928 0.000423
vt 0.366439 0.010000
vt 0.366463 0.000423
vt 0.362581 0.010000
vt 0.362608 0.000000
vt 0.437392 0.020000
vt 0.433522 0.019152
vt 0.421055 0.019152
vt 0.400000 0.019353
vt 0.378945 0.019152
vt 0.366478 0.019152
vt 0.362608 0.020000
vt 0.437311 0.030000
vt 0.433406 0.028298
vt 0.420957 0.028298
vt 0.400000 0.028058
vt 0.379043 0.028298
vt 0.366594 0.028298
vt 0.362689 0.030000
vt 0.437178 0.040000
vt 0.433213 0.037431
vt 0.420796 0.037431
vt 0.400000 0.036761
vt 0.379204 0.037431
vt 0.366787 0.037431
vt 0.362822 0.040000
vt 0.436995 0.050000
vt 0.432947 0.046544
vt 0.420573 0.046544
vt 0.400000 0.045464
vt 0.379427 0.046544
vt 0.367053 0.046544
vt 0.363005 0.050000
vt 0.436765 0.060000
vt 0.432611 0.055632
vt 0.420291 0.055632
vt 0.400000 0.054993
vt 0.379709 0.055632
vt 0.367389 0.055632
vt 0.363235 0.060000
vt 0.436491 0.070000
vt 0.432208 0.064688
vt 0.419952 0.064688
vt 0.400000 0.064992
vt 0.380048 0.064688
vt 0.367792 0.064688
vt 0.363509 0.070000
vt 0.436179 0.080000
vt 0.431744 0.073708
vt 0.419561 0.073708
vt 0.400000 0.074990
vt 0.380439 0.073708
vt 0.368256 0.073708
vt 0.363821 0.080000
vt 0.435831 0.090000
vt 0.431223 0.082686
vt 0.419121 0.082686
vt 0.400000 0.084989
vt 0.380879 0.082686
vt 0.368778 0.082686
vt 0.364169 0.090000
vt 0.435452 0.100000
vt 0.430649 0.091620
vt 0.418637 0.091620
vt 0.400000 0.094988
vt 0.381363 0.091620
vt 0.369351 0.091620
vt 0.364548 0.100000
vt 0.435046 0.110000
vt 0.430030 0.100507
vt 0.418114 0.100507
vt 0.400000 0.104987
vt 0.381886 0.100507
vt 0.369970 0.100507
vt 0.364954 0.110000
vt 0.434616 0.120000
vt 0.429369 0.109346
vt 0.417557 0.109346
vt 0.400000 0.114986
vt 0.382443 0.109346
vt 0.370631 0.109346
vt 0.365384 0.120000
vt 0.434166 0.130000
vt 0.428674 0.118140
vt 0.416972 0.118140
vt 0.400000 0.124986
vt 0.383028 0.118140
vt 0.371326 0.118140
vt 0.365834 0.130000
vt 0.433697 0.140000
vt 0.427949 0.126893
vt 0.416363 0.126893
vt 0.400000 0.134986
vt 0.383637 0.126893
vt 0.372051 0.126893
vt 0.366303 0.140000
vt 0.433211 0.150000
vt 0.427201 0.135613
vt 0.415739 0.135613
vt 0.400000 0.144987
vt 0.384261 0.135613
vt 0.372799 0.135613
vt 0.366789 0.150000
vt 0.432709 0.160000
vt 0.426437 0.144313
vt 0.415105 0.144313
vt 0.400000 0.154988
vt 0.384895 0.144313
vt 0.373563 0.144313
vt 0.367291 0.160000
vt 0.432191 0.170000
vt 0.425662 0.153008
vt 0.414469 0.153008
vt 0.400000 0.164990
vt 0.385531 0.153008
vt 0.374338 0.153008
vt 0.367809 0.170000
vt 0.431658 0.180000
vt 0.424884 0.161720
vt 0.413839 0.161720
vt 0.400000 0.174993
vt 0.386161 0.161720
vt 0.375116 0.161720
vt 0.368342 0.180000
vt 0.431108 0.190000
vt 0.424110 0.170474
vt 0.413224 0.170474
vt 0.400000 0.184996
vt 0.386776 0.170474
vt 0.375890 0.170474
vt 0.368892 0.190000
vt 0.430541 0.200000
vt 0.423348 0.179299
vt 0.412633 0.179299
vt 0.400000 0.195000
vt 0.387368 0.179299
vt 0.376652 0.179299
vt 0.369459 0.200000
vt 0.429957 0.210000
vt 0.422606 0.188227
vt 0.412072 0.188227
vt 0.400000 0.205005
vt 0.387928 0.188227
vt 0.377394 0.188227
vt 0.370043 0.210000
vt 0.429355 0.220000
vt 0.421890 0.197291
vt 0.411552 0.197291
vt 0.400000 0.215009
vt 0.388448 0.197291
vt 0.378110 0.197291
vt 0.370645 0.220000
vt 0.428735 0.230000
vt 0.421208 0.206524
vt 0.411079 0.206524
vt 0.400000 0.225013
vt 0.388921 0.206524
vt 0.378792 0.206524
vt 0.371266 0.230000
vt 0.428097 0.240000
vt 0.420565 0.215953
vt 0.410658 0.215953
vt 0.400000 0.235016
vt 0.389342 0.215953
vt 0.379435 0.215953
vt 0.371903 0.240000
vt 0.427444 0.250000
vt 0.419967 0.225601
vt 0.410293 0.225601
vt 0.400000 0.245019
vt 0.389707 0.225601
vt 0.380033 0.225601
vt 0.372557 0.250000
vt 0.426776 0.260000
vt 0.419415 0.235482
vt 0.409986 0.235482
vt 0.400000 0.255020
vt 0.390014 0.235482
vt 0.380585 0.235482
vt 0.373224 0.260000
vt 0.426099 0.270000
vt 0.418912 0.245601
vt 0.409736 0.245601
vt 0.400000 0.265021
vt 0.390264 0.245601
vt 0.381088 0.245601
vt 0.373901 0.270000
vt 0.425414 0.280000
vt 0.418455 0.255954
vt 0.409540 0.255954
vt 0.400000 0.275020
vt 0.390460 0.255954
vt 0.381545 0.255954
vt 0.374586 0.280000
vt 0.424727 0.290000
vt 0.418044 0.266525
vt 0.409392 0.266525
vt 0.400000 0.285018
vt 0.390608 0.266525
vt 0.381956 0.266525
vt 0.375273 0.290000
vt 0.424043 0.300000
vt 0.417674 0.277293
vt 0.409287 0.277293
vt 0.400000 0.295016
vt 0.390713 0.277293
vt 0.382326 0.277293
vt 0.375957 0.300000
vt 0.423366 0.310000
vt 0.417341 0.288228
vt 0.409218 0.288228
vt 0.400000 0.305014
vt 0.390782 0.288228
vt 0.382659 0.288228
vt 0.376634 0.310000
vt 0.422701 0.320000
vt 0.417040 0.299300
vt 0.409175 0.299300
vt 0.400000 0.315011
vt 0.390825 0.299300
vt 0.382960 0.299300
vt 0.377299 0.320000
vt 0.422054 0.330000
vt 0.416766 0.310474
vt 0.409154 0.310474
vt 0.400000 0.325008
vt 0.390846 0.310474
vt 0.383234 0.310474
vt 0.377946 0.330000
vt 0.421428 0.340000
vt 0.416515 0.321720
vt 0.409146 0.321720
vt 0.400000 0.335005
vt 0.390854 0.321720
vt 0.383485 0.321720
vt 0.378572 0.340000
vt 0.420828 0.350000
vt 0.416283 0.333007
vt 0.409146 0.333007
vt 0.400000 0.345003
vt 0.390854 0.333007
vt 0.383717 0.333007
vt 0.379172 0.350000
vt 0.420256 0.360000
vt 0.416068 0.344312
vt 0.409149 0.344312
vt 0.400000 0.355001
vt 0.390850 0.344312
vt 0.383933 0.344312
vt 0.379744 0.360000
vt 0.419716 0.370000
vt 0.415865 0.355612
vt 0.409154 0.355612
vt 0.400000 0.364999
vt 0.390846 0.355612
vt 0.384135 0.355612
vt 0.380284 0.370000
vt 0.419210 0.380000
vt 0.415676 0.366891
vt 0.409156 0.366892
vt 0.400000 0.374998
vt 0.390844 0.366891
vt 0.384324 0.366891
vt 0.380790 0.380000
vt 0.418739 0.390000
vt 0.415497 0.378138
vt 0.409156 0.378138
vt 0.400000 0.384997
vt 0.390844 0.378138
vt 0.384503 0.378138
vt 0.381261 0.390000
vt 0.418306 0.400000
vt 0.415331 0.389344
vt 0.409151 0.389345
vt 0.400000 0.394996
vt 0.390849 0.389345
vt 0.384669 0.389344
vt 0.381694 0.400000
vt 0.417909 0.410000
vt 0.415175 0.400505
vt 0.409144 0.400505
vt 0.400000 0.404996
vt 0.390856 0.400505
vt 0.384825 0.400505
vt 0.382091 0.410000
vt 0.417551 0.420000
vt 0.415032 0.411618
vt 0.409133 0.411619
vt 0.400000 0.414996
vt 0.390867 0.411619
vt 0.384968 0.411618
vt 0.382449 0.420000
vt 0.417231 0.430000
vt 0.414901 0.422685
vt 0.409120 0.422685
vt 0.400000 0.424996
vt 0.390880 0.422685
vt 0.385099 0.422685
vt 0.382769 0.430000
vt 0.416950 0.440000
vt 0.414783 0.433707
vt 0.409105 0.433707
vt 0.400000 0.434997
vt 0.390895 0.433707
vt 0.385217 0.433707
vt 0.383050 0.440000
vt 0.416706 0.450000
vt 0.414679 0.444687
vt 0.409091 0.444687
vt 0.400000 0.444997
vt 0.390909 0.444687
vt 0.385321 0.444687
vt 0.383294 0.450000
vt 0.416501 0.460000
vt 0.414590 0.455631
vt 0.409076 0.455631
vt 0.400000 0.454997
vt 0.390924 0.455631
vt 0.385410 0.455631
vt 0.383499 0.460000
vt 0.416334 0.470000
vt 0.414516 0.466543
vt 0.409063 0.466543
vt 0.400000 0.464998
vt 0.390937 0.466543
vt 0.385484 0.466543
vt 0.383666 0.470000
vt 0.416204 0.480000
vt 0.414458 0.477430
vt 0.409052 0.477430
vt 0.400000 0.475486
vt 0.390948 0.477430
vt 0.385542 0.477430
vt 0.383796 0.480000
vt 0.416111 0.490000
vt 0.414416 0.488298
vt 0.409044 0.488298
vt 0.400000 0.486772
vt 0.390956 0.488298
vt 0.385584 0.488298
vt 0.383889 0.490000
vt 0.416055 0.500000
vt 0.414391 0.499152
vt 0.409039 0.499152
vt 0.400000 0.498062
vt 0.390961 0.499152
vt 0.385609 0.499152
vt 0.383945 0.500000
s 0
f 3501/1/1 8/2/1 10/3/1 7/4/1
f 7/4/2 10/3/2 11/5/2 6/6/2
f 6/6/3 11/5/3 12/7/3 5/8/3
f 5/8/4 12/7/4 13/9/4 4/10/4
f 4/10/5 13/9/5 14/11/5 3/12/5
f 3/12/6 14/11/6 3503/13/6 3504/14/6
f 3505/15/7 708/16/7 710/17/7 707/18/7
f 707/18/8 710/17/8 711/19/8 706/20/8
f 706/20/9 711/19/9 712/21/9 705/22/9
f 705/22/10 712/21/10 713/23/10 704/24/10
f 704/24/11 713/23/11 714/25/11 703/26/11
f 703/26/12 714/25/12 3507/27/12 3508/28/12
f 8/2/13 15/29/13 17/30/13 10/3/13
f 10/3/14 17/30/14 18/31/14 11/5/14
f 11/5/15 18/31/15 19/32/15 12/7/15
f 12/7/16 19/32/16 20/33/16 13/9/16
f 13/9/17 20/33/17 21/34/17 14/11/17
f 14/11/18 21/34/18 3510/35/18 3503/13/18
f 708/16/19 715/36/19 717/37/19 710/17/19
f 710/17/20 717/37/20 718/38/20 711/19/20
f 711/19/21 718/38/21 719/39/21 712/21/21
f 712/21/22 719/39/22 720/40/22 713/23/22
f 713/23/23 720/40/23 721/41/23 714/25/23
f 714/25/24 721/41/24 3512/42/24 3507/27/24
f 15/29/25 22/43/25 24/44/25 17/30/25
f 17/30/26 24/44/26 25/45/26 18/31/26
f 18/31/27 25/45/27 26/46/27 19/32/27
f 19/32/28 26/46/28 27/47/28 20/33/28
f 20/33/29 27/47/29 28/48/29 21/34/29
f 21/34/30 28/48/30 3514/49/30 3510/35/30
f 715/36/31 722/50/31 724/51/31 717/37/31
f 717/37/32 724/51/32 725/52/32 718/38/32
f 718/38/33 725/52/33 726/53/33 719/39/33
f 719/39/34 726/53/34 727/54/34 720/40/34
f 720/40/35 727/54/35 728/55/35 721/41/35
f 721/41/36 728/55/36 3516/56/36 3512/42/36
f 22/43/37 29/57/37 31/58/37 24/44/37
f 24/44/38 31/58/38 32/59/38 25/45/38
f 25/45/39 32/59/39 33/60/39 26/46/39
f 26/46/40 33/60/40 34/61/40 27/47/40
f 27/47/41 34/61/41 35/62/41 28/48/41
f 28/48/42 35/62/42 3518/63/42 3514/49/42
f 722/50/43 729/64/43 731/65/43 724/51/43
f 724/51/44 731/65/44 732/66/44 725/52/44
f 725/52/45 732/66/45 733/67/45 726/53/45
f 726/53/46 733/67/46 734/68/46 727/54/46
f 727/54/47 734/68/47 735/69/47 728/55/47
f 728/55/48 735/69/48 3520/70/48 3516/56/48
f 29/57/49 36/71/49 38/72/49 31/58/49
f 31/58/50 38/72/50 39/73/50 32/59/50
f 32/59/51 39/73/51 40/74/51 33/60/51
f 33/60/52 40/74/52 41/75/52 34/61/52
f 34/61/53 41/75/53 42/76/53 35/62/53
f 35/62/54 42/76/54 3522/77/54 3518/63/54
f 729/64/55 736/78/55 738/79/55 731/65/55
f 731/65/56 738/79/56 739/80/56 732/66/56
f 732/66/57 739/80/57 740/81/57 733/67/57
f 733/67/58 740/81/58 741/82/58 734/68/58
f 734/68/59 741/82/59 742/83/59 735/69/59
f 735/69/60 742/83/60 3524/84/60 3520/70/60
f 36/71/61 43/85/61 45/86/61 38/72/61
f 38/72/62 45/86/62 46/87/62 39/73/62
f 39/73/63 46/87/63 47/88/63 40/74/63
f 40/74/64 47/88/64 48/89/64 41/75/64
f 41/75/65 48/89/65 49/90/65 42/76/65
f 42/76/66 49/90/66 3526/91/66 3522/77/66
f 736/78/67 743/92/67 745/93/67 738/79/67
f 738/79/68 745/93/68 746/94/68 739/80/68
f 739/80/69 746/94/69 747/95/69 740/81/69
f 740/81/70 747/95/70 748/96/70 741/82/70
f 741/82/71 748/96/71 749/97/71 742/83/71
f 742/83/72 749/97/72 3528/98/72 3524/84/72
f 43/85/73 50/99/73 52/100/73 45/86/73
f 45/86/74 52/100/74 53/101/74 46/87/74
f 46/87/75 53/101/75 54/102/75 47/88/75
f 47/88/76 54/102/76 55/103/76 48/89/76
f 48/89/77 55/103/77 56/104/77 49/90/77
f 49/90/78 56/104/78 3530/105/78 3526/91/78
f 743/92/79 750/106/79 752/107/79 745/93/79
f 745/93/80 752/107/80 753/108/80 746/94/80
f 746/94/81 753/108/81 754/109/81 747/95/81
f 747/95/82 754/109/82 755/110/82 748/96/82
f 748/96/83 755/110/83 756/111/83 749/97/83
f 749/97/84 756/111/84 3532/112/84 3528/98/84
f 50/99/85 57/113/85 59/114/85 52/100/85
f 52/100/86 59/114/86 60/115/86 53/101/86
f 53/101/87 60/115/87 61/116/87 54/102/87
f 54/102/88 61/116/88 62/117/88 55/103/88
f 55/103/89 62/117/89 63/118/89 56/104/89
f 56/104/90 63/118/90 3534/119/90 3530/105/90
f 750/106/91 757/120/91 759/121/91 752/107/91
f 752/107/92 759/121/92 760/122/92 753/108/92
f 753/108/93 760/122/93 761/123/93 754/109/93
f 754/109/94 761/123/94 762/124/94 755/110/94
f 755/110/95 762/124/95 763/125/95 756/111/95
f 756/111/96 763/125/96 3536/126/96 3532/112/96
f 57/113/97 64/127/97 66/128/97 59/114/97
f 59/114/98 66/128/98 67/129/98 60/115/98
f 60/115/99 67/129/99 68/130/99 61/116/99
f 61/116/100 68/130/100 69/131/100 62/117/100
f 62/117/101 69/131/101 70/132/101 63/118/101
f 63/118/102 70/132/102 3538/133/102 3534/119/102
f 757/120/103 764/134/103 766/135/103 759/121/103
f 759/121/104 766/135/104 767/136/104 760/122/104
f 760/122/105 767/136/105 768/137/105 761/123/105
f 761/123/106 768/137/106 769/138/106 762/124/106
f 762/124/107 769/138/107 770/139/107 763/125/107
f 763/125/108 770/139/108 3540/140/108 3536/126/108
f 64/127/109 71/141/109 73/142/109 66/128/109
f 66/128/110 73/142/110 74/143/110 67/129/110
f 67/129/111 74/143/111 75/144/111 68/130/111
f 68/130/112 75/144/112 76/145/112 69/131/112
f 69/131/113 76/145/113 77/146/113 70/132/113
f 70/132/114 77/146/114 3542/147/114 3538/133/114
f 764/134/115 771/148/115 773/149/115 766/135/115
f 766/135/116 773/149/116 774/150/116 767/136/116
f 767/136/117 774/150/117 775/151/117 768/137/117
f 768/137/118 775/151/118 776/152/118 769/138/118
f 769/138/119 776/152/119 777/153/119 770/139/119
f 770/139/120 777/153/120 3544/154/120 3540/140/120
f 71/141/121 78/155/121 80/156/121 73/142/121
f 73/142/122 80/156/122 81/157/122 74/143/122
f 74/143/123 81/157/123 82/158/123 75/144/123
f 75/144/124 82/158/124 83/159/124 76/145/124
f 76/145/125 83/159/125 84/160/125 77/146/125
f 77/146/126 84/160/126 3546/161/126 3542/147/126
f 771/148/127 778/162/127 780/163/127 773/149/127
f 773/149/128 780/163/128 781/164/128 774/150/128
f 774/150/129 781/164/129 782/165/129 775/151/129
f 775/151/130 782/165/130 783/166/130 776/152/130
f 776/152/131 783/166/131 784/167/131 777/153/131
f 777/153/132 784/167/132 3548/168/132 3544/154/132
f 78/155/133 85/169/133 87/170/133 80/156/133
f 80/156/134 87/170/134 88/171/134 81/157/134
f 81/157/135 88/171/135 89/172/135 82/158/135
f 82/158/136 89/172/136 90/173/136 83/159/136
f 83/159/137 90/173/137 91/174/137 84/160/137
f 84/160/138 91/174/138 3550/175/138 3546/161/138
f 778/162/139 785/176/139 787/177/139 780/163/139
f 780/163/140 787/177/140 788/178/140 781/164/140
f 781/164/141 788/178/141 789/179/141 782/165/141
f 782/165/142 789/179/142 790/180/142 783/166/142
f 783/166/143 790/180/143 791/181/143 784/167/143
f 784/167/144 791/181/144 3552/182/144 3548/168/144
f 85/169/145 92/183/145 94/184/145 87/170/145
f 87/170/146 94/184/146 95/185/146 88/171/146
f 88/171/147 95/185/147 96/186/147 89/172/147
f 89/172/148 96/186/148 97/187/148 90/173/148
f 90/173/149 97/187/149 98/188/149 91/174/149
f 91/174/150 98/188/150 3554/189/150 3550/175/150
f 785/176/151 792/190/151 794/191/151 787/177/151
f 787/177/152 794/191/152 795/192/152 788/178/152
f 788/178/153 795/192/153 796/193/153 789/179/153
f 789/179/154 796/193/154 797/194/154 790/180/154
f 790/180/155 797/194/155 798/195/155 791/181/155
f 791/181/156 798/195/156 3556/196/156 3552/182/156
f 92/183/157 99/197/157 101/198/157 94/184/157
f 94/184/158 101/198/158 102/199/158 95/185/158
f 95/185/159 102/199/159 103/200/159 96/186/159
f 96/186/160 103/200/160 104/201/160 97/187/160
f 97/187/161 104/201/161 105/202/161 98/188/161
f 98/188/162 105/202/162 3558/203/162 3554/189/162
f 792/190/163 799/204/163 801/205/163 794/191/163
f 794/191/164 801/205/164 802/206/164 795/192/164
f 795/192/165 802/206/165 803/207/165 796/193/165
f 796/193/166 803/207/166 804/208/166 797/194/166
f 797/194/167 804/208/167 805/209/167 798/195/167
f 798/195/168 805/209/168 3560/210/168 3556/196/168
f 99/197/169 106/211/169 108/212/169 101/198/169
f 101/198/170 108/212/170 109/213/170 102/199/170
f 102/199/171 109/213/171 110/214/171 103/200/171
f 103/200/172 110/214/172 111/215/172 104/201/172
f 104/201/173 111/215/173 112/216/173 105/202/173
f 105/202/174 112/216/174 3562/217/174 3558/203/174
f 799/204/175 806/218/175 808/219/175 801/205/175
f 801/205/176 808/219/176 809/220/176 802/206/176
f 802/206/177 809/220/177 810/221/177 803/207/177
f 803/207/178 810/221/178 811/222/178 804/208/178
f 804/208/179 811/222/179 812/223/179 805/209/179
f 805/209/180 812/223/180 3564/224/180 3560/210/180
f 106/211/181 113/225/181 115/226/181 108/212/181
f 108/212/182 115/226/182 116/227/182 109/213/182
f 109/213/183 116/227/183 117/228/183 110/214/183
f 110/214/184 117/228/184 118/229/184 111/215/184
f 111/215/185 118/229/185 119/230/185 112/216/185
f 112/216/186 119/230/186 3566/231/186 3562/217/186
f 806/218/187 813/232/187 815/233/187 808/219/187
f 808/219/188 815/233/188 816/234/188 809/220/188
f 809/220/189 816/234/189 817/235/189 810/221/189
f 810/221/190 817/235/190 818/236/190 811/222/190
f 811/222/191 818/236/191 819/237/191 812/223/191
f 812/223/192 819/237/192 3568/238/192 3564/224/192
f 113/225/193 120/239/193 122/240/193 115/226/193
f 115/226/194 122/240/194 123/241/194 116/227/194
f 116/227/195 123/241/195 124/242/195 117/228/195
f 117/228/196 124/242/196 125/243/196 118/229/196
f 118/229/197 125/243/197 126/244/197 119/230/197
f 119/230/198 126/244/198 3570/245/198 3566/231/198
f 813/232/199 820/246/199 822/247/199 815/233/199
f 815/233/200 822/247/200 823/248/200 816/234/200
f 816/234/201 823/248/201 824/249/201 817/235/201
f 817/235/202 824/249/202 825/250/202 818/236/202
f 818/236/203 825/250/203 826/251/203 819/237/203
f 819/237/204 826/251/204 3572/252/204 3568/238/204
f 120/239/205 127/253/205 129/254/205 122/240/205
f 122/240/206 129/254/206 130/255/206 123/241/206
f 123/241/207 130/255/207 131/256/207 124/242/207
f 124/242/208 131/256/208 132/257/208 125/243/208
f 125/243/209 132/257/209 133/258/209 126/244/209
f 126/244/210 133/258/210 3574/259/210 3570/245/210
f 820/246/211 827/260/211 829/261/211 822/247/211
f 822/247/212 829/261/212 830/262/212 823/248/212
f 823/248/213 830/262/213 831/263/213 824/249/213
f 824/249/214 831/263/214 832/264/214 825/250/214
f 825/250/215 832/264/215 833/265/215 826/251/215
f 826/251/216 833/265/216 3576/266/216 3572/252/216
f 127/253/217 134/267/217 136/268/217 129/254/217
f 129/254/218 136/268/218 137/269/218 130/255/218
f 130/255/219 137/269/219 138/270/219 131/256/219
f 131/256/220 138/270/220 139/271/220 132/257/220
f 132/257/221 139/271/221 140/272/221 133/258/221
f 133/258/222 140/272/222 3578/273/222 3574/259/222
f 827/260/223 834/274/223 836/275/223 829/261/223
f 829/261/224 836/275/224 837/276/224 830/262/224
f 830/262/225 837/276/225 838/277/225 831/263/225
f 831/263/226 838/277/226 839/278/226 832/264/226
f 832/264/227 839/278/227 840/279/227 833/265/227
f 833/265/228 840/279/228 3580/280/228 3576/266/228
f 134/267/229 141/281/229 143/282/229 136/268/229
f 136/268/230 143/282/230 144/283/230 137/269/230
f 137/269/231 144/283/231 145/284/231 138/270/231
f 138/270/232 145/284/232 146/285/232 139/271/232
f 139/271/233 146/285/233 147/286/233 140/272/233
f 140/272/234 147/286/234 3582/287/234 3578/273/234
f 834/274/235 841/288/235 843/289/235 836/275/235
f 836/275/236 843/289/236 844/290/236 837/276/236
f 837/276/237 844/290/237 845/291/237 838/277/237
f 838/277/238 845/291/238 846/292/238 839/278/238
f 839/278/239 846/292/239 847/293/239 840/279/239
f 840/279/240 847/293/240 3584/294/240 3580/280/240
f 141/281/241 148/295/241 150/296/241 143/282/241
f 143/282/242 150/296/242 151/297/242 144/283/242
f 144/283/243 151/297/243 152/298/243 145/284/243
f 145/284/244 152/298/244 153/299/244 146/285/244
f 146/285/245 153/299/245 154/300/245 147/286/245
f 147/286/246 154/300/246 3586/301/246 3582/287/246
f 841/288/247 848/302/247 850/303/247 843/289/247
f 843/289/248 850/303/248 851/304/248 844/290/248
f 844/290/249 851/304/249 852/305/249 845/291/249
f 845/291/250 852/305/250 853/306/250 846/292/250
f 846/292/251 853/306/251 854/307/251 847/293/251
f 847/293/252 854/307/252 3588/308/252 3584/294/252
f 148/295/253 155/309/253 157/310/253 150/296/253
f 150/296/254 157/310/254 158/311/254 151/297/254
f 151/297/255 158/311/255 159/312/255 152/298/255
f 152/298/256 159/312/256 160/313/256 153/299/256
f 153/299/257 160/313/257 161/314/257 154/300/257
f 154/300/258 161/314/258 3590/315/258 3586/301/258
f 848/302/259 855/316/259 857/317/259 850/303/259
f 850/303/260 857/317/260 858/318/260 851/304/260
f 851/304/261 858/318/261 859/319/261 852/305/261
f 852/305/262 859/319/262 860/320/262 853/306/262
f 853/306/263 860/320/263 861/321/263 854/307/263
f 854/307/264 861/321/264 3592/322/264 3588/308/264
f 155/309/265 162/323/265 164/324/265 157/310/265
f 157/310/266 164/324/266 165/325/266 158/311/266
f 158/311/267 165/325/267 166/326/267 159/312/267
f 159/312/268 166/326/268 167/327/268 160/313/268
f 160/313/269 167/327/269 168/328/269 161/314/269
f 161/314/270 168/328/270 3594/329/270 3590/315/270
f 855/316/271 862/330/271 864/331/271 857/317/271
f 857/317/272 864/331/272 865/332/272 858/318/272
f 858/318/273 865/332/273 866/333/273 859/319/273
f 859/319/274 866/333/274 867/334/274 860/320/274
f 860/320/275 867/334/275 868/335/275 861/321/275
f 861/321/276 868/335/276 3596/336/276 3592/322/276
f 162/323/277 169/337/277 171/338/277 164/324/277
f 164/324/278 171/338/278 172/339/278 165/325/278
f 165/325/279 172/339/279 173/340/279 166/326/279
f 166/326/280 173/340/280 174/341/280 167/327/280
f 167/327/281 174/341/281 175/342/281 168/328/281
f 168/328/282 175/342/282 3598/343/282 3594/329/282
f 862/330/283 869/344/283 871/345/283 864/331/283
f 864/331/284 871/345/284 872/346/284 865/332/284
f 865/332/285 872/346/285 873/347/285 866/333/285
f 866/333/286 873/347/286 874/348/286 867/334/286
f 867/334/287 874/348/287 875/349/287 868/335/287
f 868/335/288 875/349/288 3600/350/288 3596/336/288
f 169/337/289 176/351/289 178/352/289 171/338/289
f 171/338/290 178/352/290 179/353/290 172/339/290
f 172/339/291 179/353/291 180/354/291 173/340/291
f 173/340/292 180/354/292 181/355/292 174/341/292
f 174/341/293 181/355/293 182/356/293 175/342/293
f 175/342/294 182/356/294 3602/357/294 3598/343/294
f 869/344/295 876/358/295 878/359/295 871/345/295
f 871/345/296 878/359/296 879/360/296 872/346/296
f 872/346/297 879/360/297 880/361/297 873/347/297
f 873/347/298 880/361/298 881/362/298 874/348/298
f 874/348/299 881/362/299 882/363/299 875/349/299
f 875/349/300 882/363/300 3604/364/300 3600/350/300
f 176/351/301 183/365/301 185/366/301 178/352/301
f 178/352/302 185/366/302 186/367/302 179/353/302
f 179/353/303 186/367/303 187/368/303 180/354/303
f 180/354/304 187/368/304 188/369/304 181/355/304
f 181/355/305 188/369/305 189/370/305 182/356/305
f 182/356/306 189/370/306 3606/371/306 3602/357/306
f 876/358/307 883/372/307 885/373/307 878/359/307
f 878/359/308 885/373/308 886/374/308 879/360/308
f 879/360/309 886/374/309 887/375/309 880/361/309
f 880/361/310 887/375/310 888/376/310 881/362/310
f 881/362/311 888/376/311 889/377/311 882/363/311
f 882/363/312 889/377/312 3608/378/312 3604/364/312
f 183/365/313 190/379/313 192/380/313 185/366/313
f 185/366/314 192/380/314 193/381/314 186/367/314
f 186/367/315 193/381/315 194/382/315 187/368/315
f 187/368/316 194/382/316 195/383/316 188/369/316
f 188/369/317 195/383/317 196/384/317 189/370/317
f 189/370/318 196/384/318 3610/385/318 3606/371/318
f 883/372/319 890/386/319 892/387/319 885/373/319
f 885/373/320 892/387/320 893/388/320 886/374/320
f 886/374/321 893/388/321 894/389/321 887/375/321
f 887/375/322 894/389/322 895/390/322 888/376/322
f 888/376/323 895/390/323 896/391/323 889/377/323
f 889/377/324 896/391/324 3612/392/324 3608/378/324
f 190/379/325 197/393/325 199/394/325 192/380/325
f 192/380/326 199/394/326 200/395/326 193/381/326
f 193/381/327 200/395/327 201/396/327 194/382/327
f 194/382/328 201/396/328 202/397/328 195/383/328
f 195/383/329 202/397/329 203/398/329 196/384/329
f 196/384/330 203/398/330 3614/399/330 3610/385/330
f 890/386/331 897/400/331 899/401/331 892/387/331
f 892/387/332 899/401/332 900/402/332 893/388/332
f 893/388/333 900/402/333 901/403/333 894/389/333
f 894/389/334 901/403/334 902/404/334 895/390/334
f 895/390/335 902/404/335 903/405/335 896/391/335
f 896/391/336 903/405/336 3616/406/336 3612/392/336
f 197/393/337 204/407/337 206/408/337 199/394/337
f 199/394/338 206/408/338 207/409/338 200/395/338
f 200/395/339 207/409/339 208/410/339 201/396/339
f 201/396/340 208/410/340 209/411/340 202/397/340
f 202/397/341 209/411/341 210/412/341 203/398/341
f 203/398/342 210/412/342 3618/413/342 3614/399/342
f 897/400/343 904/414/343 906/415/343 899/401/343
f 899/401/344 906/415/344 907/416/344 900/402/344
f 900/402/345 907/416/345 908/417/345 901/403/345
f 901/403/346 908/417/346 909/418/346 902/404/346
f 902/404/347 909/418/347 910/419/347 903/405/347
f 903/405/348 910/419/348 3620/420/348 3616/406/348
f 204/407/349 211/421/349 213/422/349 206/408/349
f 206/408/350 213/422/350 214/423/350 207/409/350
f 207/409/351 214/423/351 215/424/351 208/410/351
f 208/410/352 215/424/352 216/425/352 209/411/352
f 209/411/353 216/425/353 217/426/353 210/412/353
f 210/412/354 217/426/354 3622/427/354 3618/413/354
f 904/414/355 911/428/355 913/429/355 906/415/355
f 906/415/356 913/429/356 914/430/356 907/416/356
f 907/416/357 914/430/357 915/431/357 908/417/357
f 908/417/358 915/431/358 916/432/358 909/418/358
f 909/418/359 916/432/359 917/433/359 910/419/359
f 910/419/360 917/433/360 3624/434/360 3620/420/360
f 211/421/361 218/435/361 220/436/361 213/422/361
f 213/422/362 220/436/362 221/437/362 214/423/362
f 214/423/363 221/437/363 222/438/363 215/424/363
f 215/424/364 222/438/364 223/439/364 216/425/364
f 216/425/365 223/439/365 224/440/365 217/426/365
f 217/426/366 224/440/366 3626/441/366 3622/427/366
f 911/428/367 918/442/367 920/443/367 913/429/367
f 913/429/368 920/443/368 921/444/368 914/430/368
f 914/430/369 921/444/369 922/445/369 915/431/369
f 915/431/370 922/445/370 923/446/370 916/432/370
f 916/432/371 923/446/371 924/447/371 917/433/371
f 917/433/372 924/447/372 3628/448/372 3624/434/372
f 218/435/373 225/449/373 227/450/373 220/436/373
f 220/436/374 227/450/374 228/451/374 221/437/374
f 221/437/375 228/451/375 229/452/375 222/438/375
f 222/438/376 229/452/376 230/453/376 223/439/376
f 223/439/377 230/453/377 231/454/377 224/440/377
f 224/440/378 231/454/378 3630/455/378 3626/441/378
f 918/442/379 925/456/379 927/457/379 920/443/379
f 920/443/380 927/457/380 928/458/380 921/444/380
f 921/444/381 928/458/381 929/459/381 922/445/381
f 922/445/382 929/459/382 930/460/382 923/446/382
f 923/446/383 930/460/383 931/461/383 924/447/383
f 924/447/384 931/461/384 3632/462/384 3628/448/384
f 225/449/385 232/463/385 234/464/385 227/450/385
f 227/450/386 234/464/386 235/465/386 228/451/386
f 228/451/387 235/465/387 236/466/387 229/452/387
f 229/452/388 236/466/388 237/467/388 230/453/388
f 230/453/389 237/467/389 238/468/389 231/454/389
f 231/454/390 238/468/390 3634/469/390 3630/455/390
f 925/456/391 932/470/391 934/471/391 927/457/391
f 927/457/392 934/471/392 935/472/392 928/458/392
f 928/458/393 935/472/393 936/473/393 929/459/393
f 929/459/394 936/473/394 937/474/394 930/460/394
f 930/460/395 937/474/395 938/475/395 931/461/395
f 931/461/396 938/475/396 3636/476/396 3632/462/396
f 232/463/397 239/477/397 241/478/397 234/464/397
f 234/464/398 241/478/398 242/479/398 235/465/398
f 235/465/399 242/479/399 243/480/399 236/466/399
f 236/466/400 243/480/400 244/481/400 237/467/400
f 237/467/401 244/481/401 245/482/401 238/468/401
f 238/468/402 245/482/402 3638/483/402 3634/469/402
f 932/470/403 939/484/403 941/485/403 934/471/403
f 934/471/404 941/485/404 942/486/404 935/472/404
f 935/472/405 942/486/405 943/487/405 936/473/405
f 936/473/406 943/487/406 944/488/406 937/474/406
f 937/474/407 944/488/407 945/489/407 938/475/407
f 938/475/408 945/489/408 3640/490/408 3636/476/408
f 239/477/409 246/491/409 248/492/409 241/478/409
f 241/478/410 248/492/410 249/493/410 242/479/410
f 242/479/411 249/493/411 250/494/411 243/480/411
f 243/480/412 250/494/412 251/495/412 244/481/412
f 244/481/413 251/495/413 252/496/413 245/482/413
f 245/482/414 252/496/414 3642/497/414 3638/483/414
f 939/484/415 946/498/415 948/499/415 941/485/415
f 941/485/416 948/499/416 949/500/416 942/486/416
f 942/486/417 949/500/417 950/501/417 943/487/417
f 943/487/418 950/501/418 951/502/418 944/488/418
f 944/488/419 951/502/419 952/503/419 945/489/419
f 945/489/420 952/503/420 3644/504/420 3640/490/420
f 246/491/421 253/505/421 255/506/421 248/492/421
f 248/492/422 255/506/422 256/507/422 249/493/422
f 249/493/423 256/507/423 257/508/423 250/494/423
f 250/494/424 257/508/424 258/509/424 251/495/424
f 251/495/425 258/509/425 259/510/425 252/496/425
f 252/496/426 259/510/426 3646/511/426 3642/497/426
f 946/498/427 953/512/427 955/513/427 948/499/427
f 948/499/428 955/513/428 956/514/428 949/500/428
f 949/500/429 956/514/429 957/515/429 950/501/429
f 950/501/430 957/515/430 958/516/430 951/502/430
f 951/502/431 958/516/431 959/517/431 952/503/431
f 952/503/432 959/517/432 3648/518/432 3644/504/432
f 253/505/433 260/519/433 262/520/433 255/506/433
f 255/506/434 262/520/434 263/521/434 256/507/434
f 256/507/435 263/521/435 264/522/435 257/508/435
f 257/508/436 264/522/436 265/523/436 258/509/436
f 258/509/437 265/523/437 266/524/437 259/510/437
f 259/510/438 266/524/438 3650/525/438 3646/511/438
f 953/512/439 960/526/439 962/527/439 955/513/439
f 955/513/440 962/527/440 963/528/440 956/514/440
f 956/514/441 963/528/441 964/529/441 957/515/441
f 957/515/442 964/529/442 965/530/442 958/516/442
f 958/516/443 965/530/443 966/531/443 959/517/443
f 959/517/444 966/531/444 3652/532/444 3648/518/444
f 260/519/445 267/533/445 269/534/445 262/520/445
f 262/520/446 269/534/446 270/535/446 263/521/446
f 263/521/447 270/535/447 271/536/447 264/522/447
f 264/522/448 271/536/448 272/537/448 265/523/448
f 265/523/449 272/537/449 273/538/449 266/524/449
f 266/524/450 273/538/450 3654/539/450 3650/525/450
f 960/526/451 967/540/451 969/541/451 962/527/451
f 962/527/452 969/541/452 970/542/452 963/528/452
f 963/528/453 970/542/453 971/543/453 964/529/453
f 964/529/454 971/543/454 972/544/454 965/530/454
f 965/530/455 972/544/455 973/545/455 966/531/455
f 966/531/456 973/545/456 3656/546/456 3652/532/456
f 267/533/457 274/547/457 276/548/457 269/534/457
f 269/534/458 276/548/458 277/549/458 270/535/458
f 270/535/459 277/549/459 278/550/459 271/536/459
f 271/536/460 278/550/460 279/551/460 272/537/460
f 272/537/461 279/551/461 280/552/461 273/538/461
f 273/538/462 280/552/462 3658/553/462 3654/539/462
f 967/540/463 974/554/463 976/555/463 969/541/463
f 969/541/464 976/555/464 977/556/464 970/542/464
f 970/542/465 977/556/465 978/557/465 971/543/465
f 971/543/466 978/557/466 979/558/466 972/544/466
f 972/544/467 979/558/467 980/559/467 973/545/467
f 973/545/468 980/559/468 3660/560/468 3656/546/468
f 274/547/469 281/561/469 283/562/469 276/548/469
f 276/548/470 283/562/470 284/563/470 277/549/470
f 277/549/471 284/563/471 285/564/471 278/550/471
f 278/550/472 285/564/472 286/565/472 279/551/472
f 279/551/473 286/565/473 287/566/473 280/552/473
f 280/552/474 287/566/474 3662/567/474 3658/553/474
f 974/554/475 981/568/475 983/569/475 976/555/475
f 976/555/476 983/569/476 984/570/476 977/556/476
f 977/556/477 984/570/477 985/571/477 978/557/477
f 978/557/478 985/571/478 986/572/478 979/558/478
f 979/558/479 986/572/479 987/573/479 980/559/479
f 980/559/480 987/573/480 3664/574/480 3660/560/480
f 281/561/481 288/575/481 290/576/481 283/562/481
f 283/562/482 290/576/482 291/577/482 284/563/482
f 284/563/483 291/577/483 292/578/483 285/564/483
f 285/564/484 292/578/484 293/579/484 286/565/484
f 286/565/485 293/579/485 294/580/485 287/566/485
f 287/566/486 294/580/486 3666/581/486 3662/567/486
f 981/568/487 988/582/487 990/583/487 983/569/487
f 983/569/488 990/583/488 991/584/488 984/570/488
f 984/570/489 991/584/489 992/585/489 985/571/489
f 985/571/490 992/585/490 993/586/490 986/572/490
f 986/572/491 993/586/491 994/587/491 987/573/491
f 987/573/492 994/587/492 3668/588/492 3664/574/492
f 288/575/493 295/589/493 297/590/493 290/576/493
f 290/576/494 297/590/494 298/591/494 291/577/494
f 291/577/495 298/591/495 299/592/495 292/578/495
f 292/578/496 299/592/496 300/593/496 293/579/496
f 293/579/497 300/593/497 301/594/497 294/580/497
f 294/580/498 301/594/498 3670/595/498 3666/581/498
f 988/582/499 995/596/499 997/597/499 990/583/499
f 990/583/500 997/597/500 998/598/500 991/584/500
f 991/584/501 998/598/501 999/599/501 992/585/501
f 992/585/502 999/599/502 1000/600/502 993/586/502
f 993/586/503 1000/600/503 1001/601/503 994/587/503
f 994/587/504 1001/601/504 3672/602/504 3668/588/504
f 295/589/505 302/603/505 304/604/505 297/590/505
f 297/590/506 304/604/506 305/605/506 298/591/506
f 298/591/507 305/605/507 306/606/507 299/592/507
f 299/592/508 306/606/508 307/607/508 300/593/508
f 300/593/509 307/607/509 308/608/509 301/594/509
f 301/594/510 308/608/510 3674/609/510 3670/595/510
f 995/596/511 1002/610/511 1004/611/511 997/597/511
f 997/597/512 1004/611/512 1005/612/512 998/598/512
f 998/598/513 1005/612/513 1006/613/513 999/599/513
f 999/599/514 1006/613/514 1007/614/514 1000/600/514
f 1000/600/515 1007/614/515 1008/615/515 1001/601/515
f 1001/601/516 1008/615/516 3676/616/516 3672/602/516
f 302/603/517 309/617/517 311/618/517 304/604/517
f 304/604/518 311/618/518 312/619/518 305/605/518
f 305/605/519 312/619/519 313/620/519 306/606/519
f 306/606/520 313/620/520 314/621/520 307/607/520
f 307/607/521 314/621/521 315/622/521 308/608/521
f 308/608/522 315/622/522 3678/623/522 3674/609/522
f 1002/610/523 1009/624/523 1011/625/523 1004/611/523
f 1004/611/524 1011/625/524 1012/626/524 1005/612/524
f 1005/612/525 1012/626/525 1013/627/525 1006/613/525
f 1006/613/526 1013/627/526 1014/628/526 1007/614/526
f 1007/614/527 1014/628/527 1015/629/527 1008/615/527
f 1008/615/528 1015/629/528 3680/630/528 3676/616/528
f 309/617/529 316/631/529 318/632/529 311/618/529
f 311/618/530 318/632/530 319/633/530 312/619/530
f 312/619/531 319/633/531 320/634/531 313/620/531
f 313/620/532 320/634/532 321/635/532 314/621/532
f 314/621/533 321/635/533 322/636/533 315/622/533
f 315/622/534 322/636/534 3682/637/534 3678/623/534
f 1009/624/535 1016/638/535 1018/639/535 1011/625/535
f 1011/625/536 1018/639/536 1019/640/536 1012/626/536
f 1012/626/537 1019/640/537 1020/641/537 1013/627/537
f 1013/627/538 1020/641/538 1021/642/538 1014/628/538
f 1014/628/539 1021/642/539 1022/643/539 1015/629/539
f 1015/629/540 1022/643/540 3684/644/540 3680/630/540
f 316/631/541 323/645/541 325/646/541 318/632/541
f 318/632/542 325/646/542 326/647/542 319/633/542
f 319/633/543 326/647/543 327/648/543 320/634/543
f 320/634/544 327/648/544 328/649/544 321/635/544
f 321/635/545 328/649/545 329/650/545 322/636/545
f 322/636/546 329/650/546 3686/651/546 3682/637/546
f 1016/638/547 1023/652/547 1025/653/547 1018/639/547
f 1018/639/548 1025/653/548 1026/654/548 1019/640/548
f 1019/640/549 1026/654/549 1027/655/549 1020/641/549
f 1020/641/550 1027/655/550 1028/656/550 1021/642/550
f 1021/642/551 1028/656/551 1029/657/551 1022/643/551
f 1022/643/552 1029/657/552 3688/658/552 3684/644/552
f 323/645/553 330/659/553 332/660/553 325/646/553
f 325/646/554 332/660/554 333/661/554 326/647/554
f 326/647/555 333/661/555 334/662/555 327/648/555
f 327/648/556 334/662/556 335/663/556 328/649/556
f 328/649/557 335/663/557 336/664/557 329/650/557
f 329/650/558 336/664/558 3690/665/558 3686/651/558
f 1023/652/559 1030/666/559 1032/667/559 1025/653/559
f 1025/653/560 1032/667/560 1033/668/560 1026/654/560
f 1026/654/561 1033/668/561 1034/669/561 1027/655/561
f 1027/655/562 1034/669/562 1035/670/562 1028/656/562
f 1028/656/563 1035/670/563 1036/671/563 1029/657/563
f 1029/657/564 1036/671/564 3692/672/564 3688/658/564
f 330/659/565 337/673/565 339/674/565 332/660/565
f 332/660/566 339/674/566 340/675/566 333/661/566
f 333/661/567 340/675/567 341/676/567 334/662/567
f 334/662/568 341/676/568 342/677/568 335/663/568
f 335/663/569 342/677/569 343/678/569 336/664/569
f 336/664/570 343/678/570 3694/679/570 3690/665/570
f 1030/666/571 1037/680/571 1039/681/571 1032/667/571
f 1032/667/572 1039/681/572 1040/682/572 1033/668/572
f 1033/668/573 1040/682/573 1041/683/573 1034/669/573
f 1034/669/574 1041/683/574 1042/684/574 1035/670/574
f 1035/670/575 1042/684/575 1043/685/575 1036/671/575
f 1036/671/576 1043/685/576 3696/686/576 3692/672/576
f 337/673/577 344/687/577 346/688/577 339/674/577
f 339/674/578 346/688/578 347/689/578 340/675/578
f 340/675/579 347/689/579 348/690/579 341/676/579
f 341/676/580 348/690/580 349/691/580 342/677/580
f 342/677/581 349/691/581 350/692/581 343/678/581
f 343/678/582 350/692/582 3698/693/582 3694/679/582
f 1037/680/583 1044/694/583 1046/695/583 1039/681/583
f 1039/681/584 1046/695/584 1047/696/584 1040/682/584
f 1040/682/585 1047/696/585 1048/697/585 1041/683/585
f 1041/683/586 1048/697/586 1049/698/586 1042/684/586
f 1042/684/587 1049/698/587 1050/699/587 1043/685/587
f 1043/685/588 1050/699/588 3700/700/588 3696/686/588
f 344/701/589 351/702/589 353/703/589 346/704/589
f 346/704/590 353/703/590 354/705/590 347/706/590
f 347/706/591 354/705/591 355/707/591 348/708/591
f 348/708/592 355/707/592 356/709/592 349/710/592
f 349/710/593 356/709/593 357/711/593 350/712/593
f 350/712/594 357/711/594 3702/713/594 3698/714/594
f 1044/715/595 1051/716/595 1053/717/595 1046/718/595
f 1046/718/596 1053/717/596 1054/719/596 1047/720/596
f 1047/720/597 1054/719/597 1055/721/597 1048/722/597
f 1048/722/598 1055/721/598 1056/723/598 1049/724/598
f 1049/724/599 1056/723/599 1057/725/599 1050/726/599
f 1050/726/600 1057/725/600 3704/727/600 3700/728/600
f 351/702/601 358/729/601 360/730/601 353/703/601
f 353/703/602 360/730/602 361/731/602 354/705/602
f 354/705/603 361/731/603 362/732/603 355/707/603
f 355/707/604 362/732/604 363/733/604 356/709/604
f 356/709/605 363/733/605 364/734/605 357/711/605
f 357/711/606 364/734/606 3706/735/606 3702/713/606
f 1051/716/607 1058/736/607 1060/737/607 1053/717/607
f 1053/717/608 1060/737/608 1061/738/608 1054/719/608
f 1054/719/609 1061/738/609 1062/739/609 1055/721/609
f 1055/721/610 1062/739/610 1063/740/610 1056/723/610
f 1056/723/611 1063/740/611 1064/741/611 1057/725/611
f 1057/725/612 1064/741/612 3708/742/612 3704/727/612
f 358/729/613 365/743/613 367/744/613 360/730/613
f 360/730/614 367/744/614 368/745/614 361/731/614
f 361/731/615 368/745/615 369/746/615 362/732/615
f 362/732/616 369/746/616 370/747/616 363/733/616
f 363/733/617 370/747/617 371/748/617 364/734/617
f 364/734/618 371/748/618 3710/749/618 3706/735/618
f 1058/736/619 1065/750/619 1067/751/619 1060/737/619
f 1060/737/620 1067/751/620 1068/752/620 1061/738/620
f 1061/738/621 1068/752/621 1069/753/621 1062/739/621
f 1062/739/622 1069/753/622 1070/754/622 1063/740/622
f 1063/740/623 1070/754/623 1071/755/623 1064/741/623
f 1064/741/624 1071/755/624 3712/756/624 3708/742/624
f 365/743/625 372/757/625 374/758/625 367/744/625
f 367/744/626 374/758/626 375/759/626 368/745/626
f 368/745/627 375/759/627 376/760/627 369/746/627
f 369/746/628 376/760/628 377/761/628 370/747/628
f 370/747/629 377/761/629 378/762/629 371/748/629
f 371/748/630 378/762/630 3714/763/630 3710/749/630
f 1065/750/631 1072/764/631 1074/765/631 1067/751/631
f 1067/751/632 1074/765/632 1075/766/632 1068/752/632
f 1068/752/633 1075/766/633 1076/767/633 1069/753/633
f 1069/753/634 1076/767/634 1077/768/634 1070/754/634
f 1070/754/635 1077/768/635 1078/769/635 1071/755/635
f 1071/755/636 1078/769/636 3716/770/636 3712/756/636
f 372/757/637 379/771/637 381/772/637 374/758/637
f 374/758/638 381/772/638 382/773/638 375/759/638
f 375/759/639 382/773/639 383/774/639 376/760/639
f 376/760/640 383/774/640 384/775/640 377/761/640
f 377/761/641 384/775/641 385/776/641 378/762/641
f 378/762/642 385/776/642 3718/777/642 3714/763/642
f 1072/764/643 1079/778/643 1081/779/643 1074/765/643
f 1074/765/644 1081/779/644 1082/780/644 1075/766/644
f 1075/766/645 1082/780/645 1083/781/645 1076/767/645
f 1076/767/646 1083/781/646 1084/782/646 1077/768/646
f 1077/768/647 1084/782/647 1085/783/647 1078/769/647
f 1078/769/648 1085/783/648 3720/784/648 3716/770/648
f 379/771/649 386/785/649 388/786/649 381/772/649
f 381/772/650 388/786/650 389/787/650 382/773/650
f 382/773/651 389/787/651 390/788/651 383/774/651
f 383/774/652 390/788/652 391/789/652 384/775/652
f 384/775/653 391/789/653 392/790/653 385/776/653
f 385/776/654 392/790/654 3722/791/654 3718/777/654
f 1079/778/655 1086/792/655 1088/793/655 1081/779/655
f 1081/779/656 1088/793/656 1089/794/656 1082/780/656
f 1082/780/657 1089/794/657 1090/795/657 1083/781/657
f 1083/781/658 1090/795/658 1091/796/658 1084/782/658
f 1084/782/659 1091/796/659 1092/797/659 1085/783/659
f 1085/783/660 1092/797/660 3724/798/660 3720/784/660
f 386/785/661 393/799/661 395/800/661 388/786/661
f 388/786/662 395/800/662 396/801/662 389/787/662
f 389/787/663 396/801/663 397/802/663 390/788/663
f 390/788/664 397/802/664 398/803/664 391/789/664
f 391/789/665 398/803/665 399/804/665 392/790/665
f 392/790/666 399/804/666 3726/805/666 3722/791/666
f 1086/792/667 1093/806/667 1095/807/667 1088/793/667
f 1088/793/668 1095/807/668 1096/808/668 1089/794/668
f 1089/794/669 1096/808/669 1097/809/669 1090/795/669
f 1090/795/670 1097/809/670 1098/810/670 1091/796/670
f 1091/796/671 1098/810/671 1099/811/671 1092/797/671
f 1092/797/672 1099/811/672 3728/812/672 3724/798/672
f 393/799/673 400/813/673 402/814/673 395/800/673
f 395/800/674 402/814/674 403/815/674 396/801/674
f 396/801/675 403/815/675 404/816/675 397/802/675
f 397/802/676 404/816/676 405/817/676 398/803/676
f 398/803/677 405/817/677 406/818/677 399/804/677
f 399/804/678 406/818/678 3730/819/678 3726/805/678
f 1093/806/679 1100/820/679 1102/821/679 1095/807/679
f 1095/807/680 1102/821/680 1103/822/680 1096/808/680
f 1096/808/681 1103/822/681 1104/823/681 1097/809/681
f 1097/809/682 1104/823/682 1105/824/682 1098/810/682
f 1098/810/683 1105/824/683 1106/825/683 1099/811/683
f 1099/811/684 1106/825/684 3732/826/684 3728/812/684
f 400/813/685 407/827/685 409/828/685 402/814/685
f 402/814/686 409/828/686 410/829/686 403/815/686
f 403/815/687 410/829/687 411/830/687 404/816/687
f 404/816/688 411/830/688 412/831/688 405/817/688
f 405/817/689 412/831/689 413/832/689 406/818/689
f 406/818/690 413/832/690 3734/833/690 3730/819/690
f 1100/820/691 1107/834/691 1109/835/691 1102/821/691
f 1102/821/692 1109/835/692 1110/836/692 1103/822/692
f 1103/822/693 1110/836/693 1111/837/693 1104/823/693
f 1104/823/694 1111/837/694 1112/838/694 1105/824/694
f 1105/824/695 1112/838/695 1113/839/695 1106/825/695
f 1106/825/696 1113/839/696 3736/840/696 3732/826/696
f 407/827/697 414/841/697 416/842/697 409/828/697
f 409/828/698 416/842/698 417/843/698 410/829/698
f 410/829/699 417/843/699 418/844/699 411/830/699
f 411/830/700 418/844/700 419/845/700 412/831/700
f 412/831/701 419/845/701 420/846/701 413/832/701
f 413/832/702 420/846/702 3738/847/702 3734/833/702
f 1107/834/703 1114/848/703 1116/849/703 1109/835/703
f 1109/835/704 1116/849/704 1117/850/704 1110/836/704
f 1110/836/705 1117/850/705 1118/851/705 1111/837/705
f 1111/837/706 1118/851/706 1119/852/706 1112/838/706
f 1112/838/707 1119/852/707 1120/853/707 1113/839/707
f 1113/839/708 1120/853/708 3740/854/708 3736/840/708
f 414/841/709 421/855/709 423/856/709 416/842/709
f 416/842/710 423/856/710 424/857/710 417/843/710
f 417/843/711 424/857/711 425/858/711 418/844/711
f 418/844/712 425/858/712 426/859/712 419/845/712
f 419/845/713 426/859/713 427/860/713 420/846/713
f 420/846/714 427/860/714 3742/861/714 3738/847/714
f 1114/848/715 1121/862/715 1123/863/715 1116/849/715
f 1116/849/716 1123/863/716 1124/864/716 1117/850/716
f 1117/850/717 1124/864/717 1125/865/717 1118/851/717
f 1118/851/718 1125/865/718 1126/866/718 1119/852/718
f 1119/852/719 1126/866/719 1127/867/719 1120/853/719
f 1120/853/720 1127/867/720 3744/868/720 3740/854/720
f 421/855/721 428/869/721 430/870/721 423/856/721
f 423/856/722 430/870/722 431/871/722 424/857/722
f 424/857/723 431/871/723 432/872/723 425/858/723
f 425/858/724 432/872/724 433/873/724 426/859/724
f 426/859/725 433/873/725 434/874/725 427/860/725
f 427/860/726 434/874/726 3746/875/726 3742/861/726
f 1121/862/727 1128/876/727 1130/877/727 1123/863/727
f 1123/863/728 1130/877/728 1131/878/728 1124/864/728
f 1124/864/729 1131/878/729 1132/879/729 1125/865/729
f 1125/865/730 1132/879/730 1133/880/730 1126/866/730
f 1126/866/731 1133/880/731 1134/881/731 1127/867/731
f 1127/867/732 1134/881/732 3748/882/732 3744/868/732
f 428/869/733 435/883/733 437/884/733 430/870/733
f 430/870/734 437/884/734 438/885/734 431/871/734
f 431/871/735 438/885/735 439/886/735 432/872/735
f 432/872/736 439/886/736 440/887/736 433/873/736
f 433/873/737 440/887/737 441/888/737 434/874/737
f 434/874/738 441/888/738 3750/889/738 3746/875/738
f 1128/876/739 1135/890/739 1137/891/739 1130/877/739
f 1130/877/740 1137/891/740 1138/892/740 1131/878/740
f 1131/878/741 1138/892/741 1139/893/741 1132/879/741
f 1132/879/742 1139/893/742 1140/894/742 1133/880/742
f 1133/880/743 1140/894/743 1141/895/743 1134/881/743
f 1134/881/744 1141/895/744 3752/896/744 3748/882/744
f 435/883/745 442/897/745 444/898/745 437/884/745
f 437/884/746 444/898/746 445/899/746 438/885/746
f 438/885/747 445/899/747 446/900/747 439/886/747
f 439/886/748 446/900/748 447/901/748 440/887/748
f 440/887/749 447/901/749 448/902/749 441/888/749
f 441/888/750 448/902/750 3754/903/750 3750/889/750
f 1135/890/751 1142/904/751 1144/905/751 1137/891/751
f 1137/891/752 1144/905/752 1145/906/752 1138/892/752
f 1138/892/753 1145/906/753 1146/907/753 1139/893/753
f 1139/893/754 1146/907/754 1147/908/754 1140/894/754
f 1140/894/755 1147/908/755 1148/909/755 1141/895/755
f 1141/895/756 1148/909/756 3756/910/756 3752/896/756
f 442/897/757 449/911/757 451/912/757 444/898/757
f 444/898/758 451/912/758 452/913/758 445/899/758
f 445/899/759 452/913/759 453/914/759 446/900/759
f 446/900/760 453/914/760 454/915/760 447/901/760
f 447/901/761 454/915/761 455/916/761 448/902/761
f 448/902/762 455/916/762 3758/917/762 3754/903/762
f 1142/904/763 1149/918/763 1151/919/763 1144/905/763
f 1144/905/764 1151/919/764 1152/920/764 1145/906/764
f 1145/906/765 1152/920/765 1153/921/765 1146/907/765
f 1146/907/766 1153/921/766 1154/922/766 1147/908/766
f 1147/908/767 1154/922/767 1155/923/767 1148/909/767
f 1148/909/768 1155/923/768 3760/924/768 3756/910/768
f 449/911/769 456/925/769 458/926/769 451/912/769
f 451/912/770 458/926/770 459/927/770 452/913/770
f 452/913/771 459/927/771 460/928/771 453/914/771
f 453/914/772 460/928/772 461/929/772 454/915/772
f 454/915/773 461/929/773 462/930/773 455/916/773
f 455/916/774 462/930/774 3762/931/774 3758/917/774
f 1149/918/775 1156/932/775 1158/933/775 1151/919/775
f 1151/919/776 1158/933/776 1159/934/776 1152/920/776
f 1152/920/777 1159/934/777 1160/935/777 1153/921/777
f 1153/921/778 1160/935/778 1161/936/778 1154/922/778
f 1154/922/779 1161/936/779 1162/937/779 1155/923/779
f 1155/923/780 1162/937/780 3764/938/780 3760/924/780
f 456/925/781 463/939/781 465/940/781 458/926/781
f 458/926/782 465/940/782 466/941/782 459/927/782
f 459/927/783 466/941/783 467/942/783 460/928/783
f 460/928/784 467/942/784 468/943/784 461/929/784
f 461/929/785 468/943/785 469/944/785 462/930/785
f 462/930/786 469/944/786 3766/945/786 3762/931/786
f 1156/932/787 1163/946/787 1165/947/787 1158/933/787
f 1158/933/788 1165/947/788 1166/948/788 1159/934/788
f 1159/934/789 1166/948/789 1167/949/789 1160/935/789
f 1160/935/790 1167/949/790 1168/950/790 1161/936/790
f 1161/936/791 1168/950/791 1169/951/791 1162/937/791
f 1162/937/792 1169/951/792 3768/952/792 3764/938/792
f 463/939/793 470/953/793 472/954/793 465/940/793
f 465/940/794 472/954/794 473/955/794 466/941/794
f 466/941/795 473/955/795 474/956/795 467/942/795
f 467/942/796 474/956/796 475/957/796 468/943/796
f 468/943/797 475/957/797 476/958/797 469/944/797
f 469/944/798 476/958/798 3770/959/798 3766/945/798
f 1163/946/799 1170/960/799 1172/961/799 1165/947/799
f 1165/947/800 1172/961/800 1173/962/800 1166/948/800
f 1166/948/801 1173/962/801 1174/963/801 1167/949/801
f 1167/949/802 1174/963/802 1175/964/802 1168/950/802
f 1168/950/803 1175/964/803 1176/965/803 1169/951/803
f 1169/951/804 1176/965/804 3772/966/804 3768/952/804
f 470/953/805 477/967/805 479/968/805 472/954/805
f 472/954/806 479/968/806 480/969/806 473/955/806
f 473/955/807 480/969/807 481/970/807 474/956/807
f 474/956/808 481/970/808 482/971/808 475/957/808
f 475/957/809 482/971/809 483/972/809 476/958/809
f 476/958/810 483/972/810 3774/973/810 3770/959/810
f 1170/960/811 1177/974/811 1179/975/811 1172/961/811
f 1172/961/812 1179/975/812 1180/976/812 1173/962/812
f 1173/962/813 1180/976/813 1181/977/813 1174/963/813
f 1174/963/814 1181/977/814 1182/978/814 1175/964/814
f 1175/964/815 1182/978/815 1183/979/815 1176/965/815
f 1176/965/816 1183/979/816 3776/980/816 3772/966/816
f 477/967/817 484/981/817 486/982/817 479/968/817
f 479/968/818 486/982/818 487/983/818 480/969/818
f 480/969/819 487/983/819 488/984/819 481/970/819
f 481/970/820 488/984/820 489/985/820 482/971/820
f 482/971/821 489/985/821 490/986/821 483/972/821
f 483/972/822 490/986/822 3778/987/822 3774/973/822
f 1177/974/823 1184/988/823 1186/989/823 1179/975/823
f 1179/975/824 1186/989/824 1187/990/824 1180/976/824
f 1180/976/825 1187/990/825 1188/991/825 1181/977/825
f 1181/977/826 1188/991/826 1189/992/826 1182/978/826
f 1182/978/827 1189/992/827 1190/993/827 1183/979/827
f 1183/979/828 1190/993/828 3780/994/828 3776/980/828
f 484/981/829 491/995/829 493/996/829 486/982/829
f 486/982/830 493/996/830 494/997/830 487/983/830
f 487/983/831 494/997/831 495/998/831 488/984/831
f 488/984/832 495/998/832 496/999/832 489/985/832
f 489/985/833 496/999/833 497/1000/833 490/986/833
f 490/986/834 497/1000/834 3782/1001/834 3778/987/834
f 1184/988/835 1191/1002/835 1193/1003/835 1186/989/835
f 1186/989/836 1193/1003/836 1194/1004/836 1187/990/836
f 1187/990/837 1194/1004/837 1195/1005/837 1188/991/837
f 1188/991/838 1195/1005/838 1196/1006/838 1189/992/838
f 1189/992/839 1196/1006/839 1197/1007/839 1190/993/839
f 1190/993/840 1197/1007/840 3784/1008/840 3780/994/840
f 491/995/841 498/1009/841 500/1010/841 493/996/841
f 493/996/842 500/1010/842 501/1011/842 494/997/842
f 494/997/843 501/1011/843 502/1012/843 495/998/843
f 495/998/844 502/1012/844 503/1013/844 496/999/844
f 496/999/845 503/1013/845 504/1014/845 497/1000/845
f 497/1000/846 504/1014/846 3786/1015/846 3782/1001/846
f 1191/1002/847 1198/1016/847 1200/1017/847 1193/1003/847
f 1193/1003/848 1200/1017/848 1201/1018/848 1194/1004/848
f 1194/1004/849 1201/1018/849 1202/1019/849 1195/1005/849
f 1195/1005/850 1202/1019/850 1203/1020/850 1196/1006/850
f 1196/1006/851 1203/1020/851 1204/1021/851 1197/1007/851
f 1197/1007/852 1204/1021/852 3788/1022/852 3784/1008/852
f 498/1009/853 505/1023/853 507/1024/853 500/1010/853
f 500/1010/854 507/1024/854 508/1025/854 501/1011/854
f 501/1011/855 508/1025/855 509/1026/855 502/1012/855
f 502/1012/856 509/1026/856 510/1027/856 503/1013/856
f 503/1013/857 510/1027/857 511/1028/857 504/1014/857
f 504/1014/858 511/1028/858 3790/1029/858 3786/1015/858
f 1198/1016/859 1205/1030/859 1207/1031/859 1200/1017/859
f 1200/1017/860 1207/1031/860 1208/1032/860 1201/1018/860
f 1201/1018/861 1208/1032/861 1209/1033/861 1202/1019/861
f 1202/1019/862 1209/1033/862 1210/1034/862 1203/1020/862
f 1203/1020/863 1210/1034/863 1211/1035/863 1204/1021/863
f 1204/1021/864 1211/1035/864 3792/1036/864 3788/1022/864
f 505/1023/865 512/1037/865 514/1038/865 507/1024/865
f 507/1024/866 514/1038/866 515/1039/866 508/1025/866
f 508/1025/867 515/1039/867 516/1040/867 509/1026/867
f 509/1026/868 516/1040/868 517/1041/868 510/1027/868
f 510/1027/869 517/1041/869 518/1042/869 511/1028/869
f 511/1028/870 518/1042/870 3794/1043/870 3790/1029/870
f 1205/1030/871 1212/1044/871 1214/1045/871 1207/1031/871
f 1207/1031/872 1214/1045/872 1215/1046/872 1208/1032/872
f 1208/1032/873 1215/1046/873 1216/1047/873 1209/1033/873
f 1209/1033/874 1216/1047/874 1217/1048/874 1210/1034/874
f 1210/1034/875 1217/1048/875 1218/1049/875 1211/1035/875
f 1211/1035/876 1218/1049/876 3796/1050/876 3792/1036/876
f 512/1037/877 519/1051/877 521/1052/877 514/1038/877
f 514/1038/878 521/1052/878 522/1053/878 515/1039/878
f 515/1039/879 522/1053/879 523/1054/879 516/1040/879
f 516/1040/880 523/1054/880 524/1055/880 517/1041/880
f 517/1041/881 524/1055/881 525/1056/881 518/1042/881
f 518/1042/882 525/1056/882 3798/1057/882 3794/1043/882
f 1212/1044/883 1219/1058/883 1221/1059/883 1214/1045/883
f 1214/1045/884 1221/1059/884 1222/1060/884 1215/1046/884
f 1215/1046/885 1222/1060/885 1223/1061/885 1216/1047/885
f 1216/1047/886 1223/1061/886 1224/1062/886 1217/1048/886
f 1217/1048/887 1224/1062/887 1225/1063/887 1218/1049/887
f 1218/1049/888 1225/1063/888 3800/1064/888 3796/1050/888
f 519/1051/889 526/1065/889 528/1066/889 521/1052/889
f 521/1052/890 528/1066/890 529/1067/890 522/1053/890
f 522/1053/891 529/1067/891 530/1068/891 523/1054/891
f 523/1054/892 530/1068/892 531/1069/892 524/1055/892
f 524/1055/893 531/1069/893 532/1070/893 525/1056/893
f 525/1056/894 532/1070/894 3802/1071/894 3798/1057/894
f 1219/1058/895 1226/1072/895 1228/1073/895 1221/1059/895
f 1221/1059/896 1228/1073/896 1229/1074/896 1222/1060/896
f 1222/1060/897 1229/1074/897 1230/1075/897 1223/1061/897
f 1223/1061/898 1230/1075/898 1231/1076/898 1224/1062/898
f 1224/1062/899 1231/1076/899 1232/1077/899 1225/1063/899
f 1225/1063/900 1232/1077/900 3804/1078/900 3800/1064/900
f 526/1065/901 533/1079/901 535/1080/901 528/1066/901
f 528/1066/902 535/1080/902 536/1081/902 529/1067/902
f 529/1067/903 536/1081/903 537/1082/903 530/1068/903
f 530/1068/904 537/1082/904 538/1083/904 531/1069/904
f 531/1069/905 538/1083/905 539/1084/905 532/1070/905
f 532/1070/906 539/1084/906 3806/1085/906 3802/1071/906
f 1226/1072/907 1233/1086/907 1235/1087/907 1228/1073/907
f 1228/1073/908 1235/1087/908 1236/1088/908 1229/1074/908
f 1229/1074/909 1236/1088/909 1237/1089/909 1230/1075/909
f 1230/1075/910 1237/1089/910 1238/1090/910 1231/1076/910
f 1231/1076/911 1238/1090/911 1239/1091/911 1232/1077/911
f 1232/1077/912 1239/1091/912 3808/1092/912 3804/1078/912
f 533/1079/913 540/1093/913 542/1094/913 535/1080/913
f 535/1080/914 542/1094/914 543/1095/914 536/1081/914
f 536/1081/915 543/1095/915 544/1096/915 537/1082/915
f 537/1082/916 544/1096/916 545/1097/916 538/1083/916
f 538/1083/917 545/1097/917 546/1098/917 539/1084/917
f 539/1084/918 546/1098/918 3810/1099/918 3806/1085/918
f 1233/1086/919 1240/1100/919 1242/1101/919 1235/1087/919
f 1235/1087/920 1242/1101/920 1243/1102/920 1236/1088/920
f 1236/1088/921 1243/1102/921 1244/1103/921 1237/1089/921
f 1237/1089/922 1244/1103/922 1245/1104/922 1238/1090/922
f 1238/1090/923 1245/1104/923 1246/1105/923 1239/1091/923
f 1239/1091/924 1246/1105/924 3812/1106/924 3808/1092/924
f 540/1093/925 547/1107/925 549/1108/925 542/1094/925
f 542/1094/926 549/1108/926 550/1109/926 543/1095/926
f 543/1095/927 550/1109/927 551/1110/927 544/1096/927
f 544/1096/928 551/1110/928 552/1111/928 545/1097/928
f 545/1097/929 552/1111/929 553/1112/929 546/1098/929
f 546/1098/930 553/1112/930 3814/1113/930 3810/1099/930
f 1240/1100/931 1247/1114/931 1249/1115/931 1242/1101/931
f 1242/1101/932 1249/1115/932 1250/1116/932 1243/1102/932
f 1243/1102/933 1250/1116/933 1251/1117/933 1244/1103/933
f 1244/1103/934 1251/1117/934 1252/1118/934 1245/1104/934
f 1245/1104/935 1252/1118/935 1253/1119/935 1246/1105/935
f 1246/1105/936 1253/1119/936 3816/1120/936 3812/1106/936
f 547/1107/937 554/1121/937 556/1122/937 549/1108/937
f 549/1108/938 556/1122/938 557/1123/938 550/1109/938
f 550/1109/939 557/1123/939 558/1124/939 551/1110/939
f 551/1110/940 558/1124/940 559/1125/940 552/1111/940
f 552/1111/941 559/1125/941 560/1126/941 553/1112/941
f 553/1112/942 560/1126/942 3818/1127/942 3814/1113/942
f 1247/1114/943 1254/1128/943 1256/1129/943 1249/1115/943
f 1249/1115/944 1256/1129/944 1257/1130/944 1250/1116/944
f 1250/1116/945 1257/1130/945 1258/1131/945 1251/1117/945
f 1251/1117/946 1258/1131/946 1259/1132/946 1252/1118/946
f 1252/1118/947 1259/1132/947 1260/1133/947 1253/1119/947
f 1253/1119/948 1260/1133/948 3820/1134/948 3816/1120/948
f 554/1121/949 561/1135/949 563/1136/949 556/1122/949
f 556/1122/950 563/1136/950 564/1137/950 557/1123/950
f 557/1123/951 564/1137/951 565/1138/951 558/1124/951
f 558/1124/952 565/1138/952 566/1139/952 559/1125/952
f 559/1125/953 566/1139/953 567/1140/953 560/1126/953
f 560/1126/954 567/1140/954 3822/1141/954 3818/1127/954
f 1254/1128/955 1261/1142/955 1263/1143/955 1256/1129/955
f 1256/1129/956 1263/1143/956 1264/1144/956 1257/1130/956
f 1257/1130/957 1264/1144/957 1265/1145/957 1258/1131/957
f 1258/1131/958 1265/1145/958 1266/1146/958 1259/1132/958
f 1259/1132/959 1266/1146/959 1267/1147/959 1260/1133/959
f 1260/1133/960 1267/1147/960 3824/1148/960 3820/1134/960
f 561/1135/961 568/1149/961 570/1150/961 563/1136/961
f 563/1136/962 570/1150/962 571/1151/962 564/1137/962
f 564/1137/963 571/1151/963 572/1152/963 565/1138/963
f 565/1138/964 572/1152/964 573/1153/964 566/1139/964
f 566/1139/965 573/1153/965 574/1154/965 567/1140/965
f 567/1140/966 574/1154/966 3826/1155/966 3822/1141/966
f 1261/1142/967 1268/1156/967 1270/1157/967 1263/1143/967
f 1263/1143/968 1270/1157/968 1271/1158/968 1264/1144/968
f 1264/1144/969 1271/1158/969 1272/1159/969 1265/1145/969
f 1265/1145/970 1272/1159/970 1273/1160/970 1266/1146/970
f 1266/1146/971 1273/1160/971 1274/1161/971 1267/1147/971
f 1267/1147/972 1274/1161/972 3828/1162/972 3824/1148/972
f 568/1149/973 575/1163/973 577/1164/973 570/1150/973
f 570/1150/974 577/1164/974 578/1165/974 571/1151/974
f 571/1151/975 578/1165/975 579/1166/975 572/1152/975
f 572/1152/976 579/1166/976 580/1167/976 573/1153/976
f 573/1153/977 580/1167/977 581/1168/977 574/1154/977
f 574/1154/978 581/1168/978 3830/1169/978 3826/1155/978
f 1268/1156/979 1275/1170/979 1277/1171/979 1270/1157/979
f 1270/1157/980 1277/1171/980 1278/1172/980 1271/1158/980
f 1271/1158/981 1278/1172/981 1279/1173/981 1272/1159/981
f 1272/1159/982 1279/1173/982 1280/1174/982 1273/1160/982
f 1273/1160/983 1280/1174/983 1281/1175/983 1274/1161/983
f 1274/1161/984 1281/1175/984 3832/1176/984 3828/1162/984
f 575/1163/985 582/1177/985 584/1178/985 577/1164/985
f 577/1164/986 584/1178/986 585/1179/986 578/1165/986
f 578/1165/987 585/1179/987 586/1180/987 579/1166/987
f 579/1166/988 586/1180/988 587/1181/988 580/1167/988
f 580/1167/989 587/1181/989 588/1182/989 581/1168/989
f 581/1168/990 588/1182/990 3834/1183/990 3830/1169/990
f 1275/1170/991 1282/1184/991 1284/1185/991 1277/1171/991
f 1277/1171/992 1284/1185/992 1285/1186/992 1278/1172/992
f 1278/1172/993 1285/1186/993 1286/1187/993 1279/1173/993
f 1279/1173/994 1286/1187/994 1287/1188/994 1280/1174/994
f 1280/1174/995 1287/1188/995 1288/1189/995 1281/1175/995
f 1281/1175/996 1288/1189/996 3836/1190/996 3832/1176/996
f 582/1177/997 589/1191/997 591/1192/997 584/1178/997
f 584/1178/998 591/1192/998 592/1193/998 585/1179/998
f 585/1179/999 592/1193/999 593/1194/999 586/1180/999
f 586/1180/1000 593/1194/1000 594/1195/1000 587/1181/1000
f 587/1181/1001 594/1195/1001 595/1196/1001 588/1182/1001
f 588/1182/1002 595/1196/1002 3838/1197/1002 3834/1183/1002
f 1282/1184/1003 1289/1198/1003 1291/1199/1003 1284/1185/1003
f 1284/1185/1004 1291/1199/1004 1292/1200/1004 1285/1186/1004
f 1285/1186/1005 1292/1200/1005 1293/1201/1005 1286/1187/1005
f 1286/1187/1006 1293/1201/1006 1294/1202/1006 1287/1188/1006
f 1287/1188/1007 1294/1202/1007 1295/1203/1007 1288/1189/1007
f 1288/1189/1008 1295/1203/1008 3840/1204/1008 3836/1190/1008
f 589/1191/1009 596/1205/1009 598/1206/1009 591/1192/1009
f 591/1192/1010 598/1206/1010 599/1207/1010 592/1193/1010
f 592/1193/1011 599/1207/1011 600/1208/1011 593/1194/1011
f 593/1194/1012 600/1208/1012 601/1209/1012 594/1195/1012
f 594/1195/1013 601/1209/1013 602/1210/1013 595/1196/1013
f 595/1196/1014 602/1210/1014 3842/1211/1014 3838/1197/1014
f 1289/1198/1015 1296/1212/1015 1298/1213/1015 1291/1199/1015
f 1291/1199/1016 1298/1213/1016 1299/1214/1016 1292/1200/1016
f 1292/1200/1017 1299/1214/1017 1300/1215/1017 1293/1201/1017
f 1293/1201/1018 1300/1215/1018 1301/1216/1018 1294/1202/1018
f 1294/1202/1019 1301/1216/1019 1302/1217/1019 1295/1203/1019
f 1295/1203/1020 1302/1217/1020 3844/1218/1020 3840/1204/1020
f 596/1205/1021 603/1219/1021 605/1220/1021 598/1206/1021
f 598/1206/1022 605/1220/1022 606/1221/1022 599/1207/1022
f 599/1207/1023 606/1221/1023 607/1222/1023 600/1208/1023
f 600/1208/1024 607/1222/1024 608/1223/1024 601/1209/1024
f 601/1209/1025 608/1223/1025 609/1224/1025 602/1210/1025
f 602/1210/1026 609/1224/1026 3846/1225/1026 3842/1211/1026
f 1296/1212/1027 1303/1226/1027 1305/1227/1027 1298/1213/1027
f 1298/1213/1028 1305/1227/1028 1306/1228/1028 1299/1214/1028
f 1299/1214/1029 1306/1228/1029 1307/1229/1029 1300/1215/1029
f 1300/1215/1030 1307/1229/1030 1308/1230/1030 1301/1216/1030
f 1301/1216/1031 1308/1230/1031 1309/1231/1031 1302/1217/1031
f 1302/1217/1032 1309/1231/1032 3848/1232/1032 3844/1218/1032
f 603/1219/1033 610/1233/1033 612/1234/1033 605/1220/1033
f 605/1220/1034 612/1234/1034 613/1235/1034 606/1221/1034
f 606/1221/1035 613/1235/1035 614/1236/1035 607/1222/1035
f 607/1222/1036 614/1236/1036 615/1237/1036 608/1223/1036
f 608/1223/1037 615/1237/1037 616/1238/1037 609/1224/1037
f 609/1224/1038 616/1238/1038 3850/1239/1038 3846/1225/1038
f 1303/1226/1039 1310/1240/1039 1312/1241/1039 1305/1227/1039
f 1305/1227/1040 1312/1241/1040 1313/1242/1040 1306/1228/1040
f 1306/1228/1041 1313/1242/1041 1314/1243/1041 1307/1229/1041
f 1307/1229/1042 1314/1243/1042 1315/1244/1042 1308/1230/1042
f 1308/1230/1043 1315/1244/1043 1316/1245/1043 1309/1231/1043
f 1309/1231/1044 1316/1245/1044 3852/1246/1044 3848/1232/1044
f 610/1233/1045 617/1247/1045 619/1248/1045 612/1234/1045
f 612/1234/1046 619/1248/1046 620/1249/1046 613/1235/1046
f 613/1235/1047 620/1249/1047 621/1250/1047 614/1236/1047
f 614/1236/1048 621/1250/1048 622/1251/1048 615/1237/1048
f 615/1237/1049 622/1251/1049 623/1252/1049 616/1238/1049
f 616/1238/1050 623/1252/1050 3854/1253/1050 3850/1239/1050
f 1310/1240/1051 1317/1254/1051 1319/1255/1051 1312/1241/1051
f 1312/1241/1052 1319/1255/1052 1320/1256/1052 1313/1242/1052
f 1313/1242/1053 1320/1256/1053 1321/1257/1053 1314/1243/1053
f 1314/1243/1054 1321/1257/1054 1322/1258/1054 1315/1244/1054
f 1315/1244/1055 1322/1258/1055 1323/1259/1055 1316/1245/1055
f 1316/1245/1056 1323/1259/1056 3856/1260/1056 3852/1246/1056
f 617/1247/1057 624/1261/1057 626/1262/1057 619/1248/1057
f 619/1248/1058 626/1262/1058 627/1263/1058 620/1249/1058
f 620/1249/1059 627/1263/1059 628/1264/1059 621/1250/1059
f 621/1250/1060 628/1264/1060 629/1265/1060 622/1251/1060
f 622/1251/1061 629/1265/1061 630/1266/1061 623/1252/1061
f 623/1252/1062 630/1266/1062 3858/1267/1062 3854/1253/1062
f 1317/1254/1063 1324/1268/1063 1326/1269/1063 1319/1255/1063
f 1319/1255/1064 1326/1269/1064 1327/1270/1064 1320/1256/1064
f 1320/1256/1065 1327/1270/1065 1328/1271/1065 1321/1257/1065
f 1321/1257/1066 1328/1271/1066 1329/1272/1066 1322/1258/1066
f 1322/1258/1067 1329/1272/1067 1330/1273/1067 1323/1259/1067
f 1323/1259/1068 1330/1273/1068 3860/1274/1068 3856/1260/1068
f 624/1261/1069 631/1275/1069 633/1276/1069 626/1262/1069
f 626/1262/1070 633/1276/1070 634/1277/1070 627/1263/1070
f 627/1263/1071 634/1277/1071 635/1278/1071 628/1264/1071
f 628/1264/1072 635/1278/1072 636/1279/1072 629/1265/1072
f 629/1265/1073 636/1279/1073 637/1280/1073 630/1266/1073
f 630/1266/1074 637/1280/1074 3862/1281/1074 3858/1267/1074
f 1324/1268/1075 1331/1282/1075 1333/1283/1075 1326/1269/1075
f 1326/1269/1076 1333/1283/1076 1334/1284/1076 1327/1270/1076
f 1327/1270/1077 1334/1284/1077 1335/1285/1077 1328/1271/1077
f 1328/1271/1078 1335/1285/1078 1336/1286/1078 1329/1272/1078
f 1329/1272/1079 1336/1286/1079 1337/1287/1079 1330/1273/1079
f 1330/1273/1080 1337/1287/1080 3864/1288/1080 3860/1274/1080
f 631/1275/1081 638/1289/1081 640/1290/1081 633/1276/1081
f 633/1276/1082 640/1290/1082 641/1291/1082 634/1277/1082
f 634/1277/1083 641/1291/1083 642/1292/1083 635/1278/1083
f 635/1278/1084 642/1292/1084 643/1293/1084 636/1279/1084
f 636/1279/1085 643/1293/1085 644/1294/1085 637/1280/1085
f 637/1280/1086 644/1294/1086 3866/1295/1086 3862/1281/1086
f 1331/1282/1087 1338/1296/1087 1340/1297/1087 1333/1283/1087
f 1333/1283/1088 1340/1297/1088 1341/1298/1088 1334/1284/1088
f 1334/1284/1089 1341/1298/1089 1342/1299/1089 1335/1285/1089
f 1335/1285/1090 1342/1299/1090 1343/1300/1090 1336/1286/1090
f 1336/1286/1091 1343/1300/1091 1344/1301/1091 1337/1287/1091
f 1337/1287/1092 1344/1301/1092 3868/1302/1092 3864/1288/1092
f 638/1289/1093 645/1303/1093 647/1304/1093 640/1290/1093
f 640/1290/1094 647/1304/1094 648/1305/1094 641/1291/1094
f 641/1291/1095 648/1305/1095 649/1306/1095 642/1292/1095
f 642/1292/1096 649/1306/1096 650/1307/1096 643/1293/1096
f 643/1293/1097 650/1307/1097 651/1308/1097 644/1294/1097
f 644/1294/1098 651/1308/1098 3870/1309/1098 3866/1295/1098
f 1338/1296/1099 1345/1310/1099 1347/1311/1099 1340/1297/1099
f 1340/1297/1100 1347/1311/1100 1348/1312/1100 1341/1298/1100
f 1341/1298/1101 1348/1312/1101 1349/1313/1101 1342/1299/1101
f 1342/1299/1102 1349/1313/1102 1350/1314/1102 1343/1300/1102
f 1343/1300/1103 1350/1314/1103 1351/1315/1103 1344/1301/1103
f 1344/1301/1104 1351/1315/1104 3872/1316/1104 3868/1302/1104
f 645/1303/1105 652/1317/1105 654/1318/1105 647/1304/1105
f 647/1304/1106 654/1318/1106 655/1319/1106 648/1305/1106
f 648/1305/1107 655/1319/1107 656/1320/1107 649/1306/1107
f 649/1306/1108 656/1320/1108 657/1321/1108 650/1307/1108
f 650/1307/1109 657/1321/1109 658/1322/1109 651/1308/1109
f 651/1308/1110 658/1322/1110 3874/1323/1110 3870/1309/1110
f 1345/1310/1111 1352/1324/1111 1354/1325/1111 1347/1311/1111
f 1347/1311/1112 1354/1325/1112 1355/1326/1112 1348/1312/1112
f 1348/1312/1113 1355/1326/1113 1356/1327/1113 1349/1313/1113
f 1349/1313/1114 1356/1327/1114 1357/1328/1114 1350/1314/1114
f 1350/1314/1115 1357/1328/1115 1358/1329/1115 1351/1315/1115
f 1351/1315/1116 1358/1329/1116 3876/1330/1116 3872/1316/1116
f 652/1317/1117 659/1331/1117 661/1332/1117 654/1318/1117
f 654/1318/1118 661/1332/1118 662/1333/1118 655/1319/1118
f 655/1319/1119 662/1333/1119 663/1334/1119 656/1320/1119
f 656/1320/1120 663/1334/1120 664/1335/1120 657/1321/1120
f 657/1321/1121 664/1335/1121 665/1336/1121 658/1322/1121
f 658/1322/1122 665/1336/1122 3878/1337/1122 3874/1323/1122
f 1352/1324/1123 1359/1338/1123 1361/1339/1123 1354/1325/1123
f 1354/1325/1124 1361/1339/1124 1362/1340/1124 1355/1326/1124
f 1355/1326/1125 1362/1340/1125 1363/1341/1125 1356/1327/1125
f 1356/1327/1126 1363/1341/1126 1364/1342/1126 1357/1328/1126
f 1357/1328/1127 1364/1342/1127 1365/1343/1127 1358/1329/1127
f 1358/1329/1128 1365/1343/1128 3880/1344/1128 3876/1330/1128
f 659/1331/1129 666/1345/1129 668/1346/1129 661/1332/1129
f 661/1332/1130 668/1346/1130 669/1347/1130 662/1333/1130
f 662/1333/1131 669/1347/1131 670/1348/1131 663/1334/1131
f 663/1334/1132 670/1348/1132 671/1349/1132 664/1335/1132
f 664/1335/1133 671/1349/1133 672/1350/1133 665/1336/1133
f 665/1336/1134 672/1350/1134 3882/1351/1134 3878/1337/1134
f 1359/1338/1135 1366/1352/1135 1368/1353/1135 1361/1339/1135
f 1361/1339/1136 1368/1353/1136 1369/1354/1136 1362/1340/1136
f 1362/1340/1137 1369/1354/1137 1370/1355/1137 1363/1341/1137
f 1363/1341/1138 1370/1355/1138 1371/1356/1138 1364/1342/1138
f 1364/1342/1139 1371/1356/1139 1372/1357/1139 1365/1343/1139
f 1365/1343/1140 1372/1357/1140 3884/1358/1140 3880/1344/1140
f 666/1345/1141 673/1359/1141 675/1360/1141 668/1346/1141
f 668/1346/1142 675/1360/1142 676/1361/1142 669/1347/1142
f 669/1347/1143 676/1361/1143 677/1362/1143 670/1348/1143
f 670/1348/1144 677/1362/1144 678/1363/1144 671/1349/1144
f 671/1349/1145 678/1363/1145 679/1364/1145 672/1350/1145
f 672/1350/1146 679/1364/1146 3886/1365/1146 3882/1351/1146
f 1366/1352/1147 1373/1366/1147 1375/1367/1147 1368/1353/1147
f 1368/1353/1148 1375/1367/1148 1376/1368/1148 1369/1354/1148
f 1369/1354/1149 1376/1368/1149 1377/1369/1149 1370/1355/1149
f 1370/1355/1150 1377/1369/1150 1378/1370/1150 1371/1356/1150
f 1371/1356/1151 1378/1370/1151 1379/1371/1151 1372/1357/1151
f 1372/1357/1152 1379/1371/1152 3888/1372/1152 3884/1358/1152
f 673/1359/1153 680/1373/1153 682/1374/1153 675/1360/1153
f 675/1360/1154 682/1374/1154 683/1375/1154 676/1361/1154
f 676/1361/1155 683/1375/1155 684/1376/1155 677/1362/1155
f 677/1362/1156 684/1376/1156 685/1377/1156 678/1363/1156
f 678/1363/1157 685/1377/1157 686/1378/1157 679/1364/1157
f 679/1364/1158 686/1378/1158 3890/1379/1158 3886/1365/1158
f 1373/1366/1159 1380/1380/1159 1382/1381/1159 1375/1367/1159
f 1375/1367/1160 1382/1381/1160 1383/1382/1160 1376/1368/1160
f 1376/1368/1161 1383/1382/1161 1384/1383/1161 1377/1369/1161
f 1377/1369/1162 1384/1383/1162 1385/1384/1162 1378/1370/1162
f 1378/1370/1163 1385/1384/1163 1386/1385/1163 1379/1371/1163
f 1379/1371/1164 1386/1385/1164 3892/1386/1164 3888/1372/1164
f 680/1373/1165 687/1387/1165 689/1388/1165 682/1374/1165
f 682/1374/1166 689/1388/1166 690/1389/1166 683/1375/1166
f 683/1375/1167 690/1389/1167 691/1390/1167 684/1376/1167
f 684/1376/1168 691/1390/1168 692/1391/1168 685/1377/1168
f 685/1377/1169 692/1391/1169 693/1392/1169 686/1378/1169
f 686/1378/1170 693/1392/1170 3894/1393/1170 3890/1379/1170
f 1380/1380/1171 1387/1394/1171 1389/1395/1171 1382/1381/1171
f 1382/1381/1172 1389/1395/1172 1390/1396/1172 1383/1382/1172
f 1383/1382/1173 1390/1396/1173 1391/1397/1173 1384/1383/1173
f 1384/1383/1174 1391/1397/1174 1392/1398/1174 1385/1384/1174
f 1385/1384/1175 1392/1398/1175 1393/1399/1175 1386/1385/1175
f 1386/1385/1176 1393/1399/1176 3896/1400/1176 3892/1386/1176
f 687/1387/1177 694/1401/1177 696/1402/1177 689/1388/1177
f 689/1388/1178 696/1402/1178 697/1403/1178 690/1389/1178
f 690/1389/1179 697/1403/1179 698/1404/1179 691/1390/1179
f 691/1390/1180 698/1404/1180 699/1405/1180 692/1391/1180
f 692/1391/1181 699/1405/1181 700/1406/1181 693/1392/1181
f 693/1392/1182 700/1406/1182 3898/1407/1182 3894/1393/1182
f 1387/1394/1183 1394/1408/1183 1396/1409/1183 1389/1395/1183
f 1389/1395/1184 1396/1409/1184 1397/1410/1184 1390/1396/1184
f 1390/1396/1185 1397/1410/1185 1398/1411/1185 1391/1397/1185
f 1391/1397/1186 1398/1411/1186 1399/1412/1186 1392/1398/1186
f 1392/1398/1187 1399/1412/1187 1400/1413/1187 1393/1399/1187
f 1393/1399/1188 1400/1413/1188 3900/1414/1188 3896/1400/1188
f 3504/14/1189 3898/1407/1189 700/1406/1189 3/12/1189
f 3/12/1190 700/1406/1190 699/1405/1190 4/10/1190
f 4/10/1191 699/1405/1191 698/1404/1191 5/8/1191
f 5/8/1192 698/1404/1192 697/1403/1192 6/6/1192
f 6/6/1193 697/1403/1193 696/1402/1193 7/4/1193
f 7/4/1194 696/1402/1194 694/1401/1194 3501/1/1194
f 3508/28/1195 3900/1414/1195 1400/1413/1195 703/26/1195
f 703/26/1196 1400/1413/1196 1399/1412/1196 704/24/1196
f 704/24/1197 1399/1412/1197 1398/1411/1197 705/22/1197
f 705/22/1198 1398/1411/1198 1397/1410/1198 706/20/1198
f 706/20/1199 1397/1410/1199 1396/1409/1199 707/18/1199
f 707/18/1200 1396/1409/1200 1394/1408/1200 3505/15/1200
f 3901/1415/1201 1408/1416/1201 1410/1417/1201 1407/1418/1201
f 1407/1418/1202 1410/1417/1202 1411/1419/1202 1406/1420/1202
f 1406/1420/1203 1411/1419/1203 1412/1421/1203 1405/1422/1203
f 1405/1423/1204 1412/1424/1204 1413/1425/1204 1404/1426/1204
f 1404/1426/1205 1413/1425/1205 1414/1427/1205 1403/1428/1205
f 1403/1428/1206 1414/1427/1206 3903/1429/1206 3904/1430/1206
f 1408/1416/1207 1415/1431/1207 1417/1432/1207 1410/1417/1207
f 1410/1417/1208 1417/1432/1208 1418/1433/1208 1411/1419/1208
f 1411/1419/1209 1418/1433/1209 1419/1434/1209 1412/1421/1209
f 1412/1424/1210 1419/1435/1210 1420/1436/1210 1413/1425/1210
f 1413/1425/1211 1420/1436/1211 1421/1437/1211 1414/1427/1211
f 1414/1427/1212 1421/1437/1212 3906/1438/1212 3903/1429/1212
f 1415/1431/1213 1422/1439/1213 1424/1440/1213 1417/1432/1213
f 1417/1432/1214 1424/1440/1214 1425/1441/1214 1418/1433/1214
f 1418/1433/1215 1425/1441/1215 1426/1442/1215 1419/1434/1215
f 1419/1435/1216 1426/1443/1216 1427/1444/1216 1420/1436/1216
f 1420/1436/1217 1427/1444/1217 1428/1445/1217 1421/1437/1217
f 1421/1437/1218 1428/1445/1218 3908/1446/1218 3906/1438/1218
f 1422/1439/1219 1429/1447/1219 1431/1448/1219 1424/1440/1219
f 1424/1440/1220 1431/1448/1220 1432/1449/1220 1425/1441/1220
f 1425/1441/1221 1432/1449/1221 1433/1450/1221 1426/1442/1221
f 1426/1443/1222 1433/1451/1222 1434/1452/1222 1427/1444/1222
f 1427/1444/1223 1434/1452/1223 1435/1453/1223 1428/1445/1223
f 1428/1445/1224 1435/1453/1224 3910/1454/1224 3908/1446/1224
f 1429/1447/1225 1436/1455/1225 1438/1456/1225 1431/1448/1225
f 1431/1448/1226 1438/1456/1226 1439/1457/1226 1432/1449/1226
f 1432/1449/1227 1439/1457/1227 1440/1458/1227 1433/1450/1227
f 1433/1451/1228 1440/1459/1228 1441/1460/1228 1434/1452/1228
f 1434/1452/1229 1441/1460/1229 1442/1461/1229 1435/1453/1229
f 1435/1453/1230 1442/1461/1230 3912/1462/1230 3910/1454/1230
f 1436/1455/1231 1443/1463/1231 1445/1464/1231 1438/1456/1231
f 1438/1456/1232 1445/1464/1232 1446/1465/1232 1439/1457/1232
f 1439/1457/1233 1446/1465/1233 1447/1466/1233 1440/1458/1233
f 1440/1459/1234 1447/1467/1234 1448/1468/1234 1441/1460/1234
f 1441/1460/1235 1448/1468/1235 1449/1469/1235 1442/1461/1235
f 1442/1461/1236 1449/1469/1236 3914/1470/1236 3912/1462/1236
f 1443/1463/1237 1450/1471/1237 1452/1472/1237 1445/1464/1237
f 1445/1464/1238 1452/1472/1238 1453/1473/1238 1446/1465/1238
f 1446/1465/1239 1453/1473/1239 1454/1474/1239 1447/1466/1239
f 1447/1467/1240 1454/1475/1240 1455/1476/1240 1448/1468/1240
f 1448/1468/1241 1455/1476/1241 1456/1477/1241 1449/1469/1241
f 1449/1469/1242 1456/1477/1242 3916/1478/1242 3914/1470/1242
f 1450/1471/1243 1457/1479/1243 1459/1480/1243 1452/1472/1243
f 1452/1472/1244 1459/1480/1244 1460/1481/1244 1453/1473/1244
f 1453/1473/1245 1460/1481/1245 1461/1482/1245 1454/1474/1245
f 1454/1475/1246 1461/1483/1246 1462/1484/1246 1455/1476/1246
f 1455/1476/1247 1462/1484/1247 1463/1485/1247 1456/1477/1247
f 1456/1477/1248 1463/1485/1248 3918/1486/1248 3916/1478/1248
f 1457/1479/1249 1464/1487/1249 1466/1488/1249 1459/1480/1249
f 1459/1480/1250 1466/1488/1250 1467/1489/1250 1460/1481/1250
f 1460/1481/1251 1467/1489/1251 1468/1490/1251 1461/1482/1251
f 1461/1483/1252 1468/1491/1252 1469/1492/1252 1462/1484/1252
f 1462/1484/1253 1469/1492/1253 1470/1493/1253 1463/1485/1253
f 1463/1485/1254 1470/1493/1254 3920/1494/1254 3918/1486/1254
f 1464/1487/1255 1471/1495/1255 1473/1496/1255 1466/1488/1255
f 1466/1488/1256 1473/1496/1256 1474/1497/1256 1467/1489/1256
f 1467/1489/1257 1474/1497/1257 1475/1498/1257 1468/1490/1257
f 1468/1491/1258 1475/1499/1258 1476/1500/1258 1469/1492/1258
f 1469/1492/1259 1476/1500/1259 1477/1501/1259 1470/1493/1259
f 1470/1493/1260 1477/1501/1260 3922/1502/1260 3920/1494/1260
f 1471/1495/1261 1478/1503/1261 1480/1504/1261 1473/1496/1261
f 1473/1496/1262 1480/1504/1262 1481/1505/1262 1474/1497/1262
f 1474/1497/1263 1481/1505/1263 1482/1506/1263 1475/1498/1263
f 1475/1499/1264 1482/1507/1264 1483/1508/1264 1476/1500/1264
f 1476/1500/1265 1483/1508/1265 1484/1509/1265 1477/1501/1265
f 1477/1501/1266 1484/1509/1266 3924/1510/1266 3922/1502/1266
f 1478/1503/1267 1485/1511/1267 1487/1512/1267 1480/1504/1267
f 1480/1504/1268 1487/1512/1268 1488/1513/1268 1481/1505/1268
f 1481/1505/1269 1488/1513/1269 1489/1514/1269 1482/1506/1269
f 1482/1507/1270 1489/1515/1270 1490/1516/1270 1483/1508/1270
f 1483/1508/1271 1490/1516/1271 1491/1517/1271 1484/1509/1271
f 1484/1509/1272 1491/1517/1272 3926/1518/1272 3924/1510/1272
f 1485/1511/1273 1492/1519/1273 1494/1520/1273 1487/1512/1273
f 1487/1512/1274 1494/1520/1274 1495/1521/1274 1488/1513/1274
f 1488/1513/1275 1495/1521/1275 1496/1522/1275 1489/1514/1275
f 1489/1515/1276 1496/1523/1276 1497/1524/1276 1490/1516/1276
f 1490/1516/1277 1497/1524/1277 1498/1525/1277 1491/1517/1277
f 1491/1517/1278 1498/1525/1278 3928/1526/1278 3926/1518/1278
f 1492/1519/1279 1499/1527/1279 1501/1528/1279 1494/1520/1279
f 1494/1520/1280 1501/1528/1280 1502/1529/1280 1495/1521/1280
f 1495/1521/1281 1502/1529/1281 1503/1530/1281 1496/1522/1281
f 1496/1523/1282 1503/1531/1282 1504/1532/1282 1497/1524/1282
f 1497/1524/1283 1504/1532/1283 1505/1533/1283 1498/1525/1283
f 1498/1525/1284 1505/1533/1284 3930/1534/1284 3928/1526/1284
f 1499/1527/1285 1506/1535/1285 1508/1536/1285 1501/1528/1285
f 1501/1528/1286 1508/1536/1286 1509/1537/1286 1502/1529/1286
f 1502/1529/1287 1509/1537/1287 1510/1538/1287 1503/1530/1287
f 1503/1531/1288 1510/1539/1288 1511/1540/1288 1504/1532/1288
f 1504/1532/1289 1511/1540/1289 1512/1541/1289 1505/1533/1289
f 1505/1533/1290 1512/1541/1290 3932/1542/1290 3930/1534/1290
f 1506/1535/1291 1513/1543/1291 1515/1544/1291 1508/1536/1291
f 1508/1536/1292 1515/1544/1292 1516/1545/1292 1509/1537/1292
f 1509/1537/1293 1516/1545/1293 1517/1546/1293 1510/1538/1293
f 1510/1539/1294 1517/1547/1294 1518/1548/1294 1511/1540/1294
f 1511/1540/1295 1518/1548/1295 1519/1549/1295 1512/1541/1295
f 1512/1541/1296 1519/1549/1296 3934/1550/1296 3932/1542/1296
f 1513/1543/1297 1520/1551/1297 1522/1552/1297 1515/1544/1297
f 1515/1544/1298 1522/1552/1298 1523/1553/1298 1516/1545/1298
f 1516/1545/1299 1523/1553/1299 1524/1554/1299 1517/1546/1299
f 1517/1547/1300 1524/1555/1300 1525/1556/1300 1518/1548/1300
f 1518/1548/1301 1525/1556/1301 1526/1557/1301 1519/1549/1301
f 1519/1549/1302 1526/1557/1302 3936/1558/1302 3934/1550/1302
f 1520/1551/1303 1527/1559/1303 1529/1560/1303 1522/1552/1303
f 1522/1552/1304 1529/1560/1304 1530/1561/1304 1523/1553/1304
f 1523/1553/1305 1530/1561/1305 1531/1562/1305 1524/1554/1305
f 1524/1555/1306 1531/1563/1306 1532/1564/1306 1525/1556/1306
f 1525/1556/1307 1532/1564/1307 1533/1565/1307 1526/1557/1307
f 1526/1557/1308 1533/1565/1308 3938/1566/1308 3936/1558/1308
f 1527/1559/1309 1534/1567/1309 1536/1568/1309 1529/1560/1309
f 1529/1560/1310 1536/1568/1310 1537/1569/1310 1530/1561/1310
f 1530/1561/1311 1537/1569/1311 1538/1570/1311 1531/1562/1311
f 1531/1563/1312 1538/1571/1312 1539/1572/1312 1532/1564/1312
f 1532/1564/1313 1539/1572/1313 1540/1573/1313 1533/1565/1313
f 1533/1565/1314 1540/1573/1314 3940/1574/1314 3938/1566/1314
f 1534/1567/1315 1541/1575/1315 1543/1576/1315 1536/1568/1315
f 1536/1568/1316 1543/1576/1316 1544/1577/1316 1537/1569/1316
f 1537/1569/1317 1544/1577/1317 1545/1578/1317 1538/1570/1317
f 1538/1571/1318 1545/1579/1318 1546/1580/1318 1539/1572/1318
f 1539/1572/1319 1546/1580/1319 1547/1581/1319 1540/1573/1319
f 1540/1573/1320 1547/1581/1320 3942/1582/1320 3940/1574/1320
f 1541/1575/1321 1548/1583/1321 1550/1584/1321 1543/1576/1321
f 1543/1576/1322 1550/1584/1322 1551/1585/1322 1544/1577/1322
f 1544/1577/1323 1551/1585/1323 1552/1586/1323 1545/1578/1323
f 1545/1579/1324 1552/1587/1324 1553/1588/1324 1546/1580/1324
f 1546/1580/1325 1553/1588/1325 1554/1589/1325 1547/1581/1325
f 1547/1581/1326 1554/1589/1326 3944/1590/1326 3942/1582/1326
f 1548/1583/1327 1555/1591/1327 1557/1592/1327 1550/1584/1327
f 1550/1584/1328 1557/1592/1328 1558/1593/1328 1551/1585/1328
f 1551/1585/1329 1558/1593/1329 1559/1594/1329 1552/1586/1329
f 1552/1587/1330 1559/1595/1330 1560/1596/1330 1553/1588/1330
f 1553/1588/1331 1560/1596/1331 1561/1597/1331 1554/1589/1331
f 1554/1589/1332 1561/1597/1332 3946/1598/1332 3944/1590/1332
f 1555/1591/1333 1562/1599/1333 1564/1600/1333 1557/1592/1333
f 1557/1592/1334 1564/1600/1334 1565/1601/1334 1558/1593/1334
f 1558/1593/1335 1565/1601/1335 1566/1602/1335 1559/1594/1335
f 1559/1595/1336 1566/1603/1336 1567/1604/1336 1560/1596/1336
f 1560/1596/1337 1567/1604/1337 1568/1605/1337 1561/1597/1337
f 1561/1597/1338 1568/1605/1338 3948/1606/1338 3946/1598/1338
f 1562/1599/1339 1569/1607/1339 1571/1608/1339 1564/1600/1339
f 1564/1600/1340 1571/1608/1340 1572/1609/1340 1565/1601/1340
f 1565/1601/1341 1572/1609/1341 1573/1610/1341 1566/1602/1341
f 1566/1603/1342 1573/1611/1342 1574/1612/1342 1567/1604/1342
f 1567/1604/1343 1574/1612/1343 1575/1613/1343 1568/1605/1343
f 1568/1605/1344 1575/1613/1344 3950/1614/1344 3948/1606/1344
f 1569/1607/1345 1576/1615/1345 1578/1616/1345 1571/1608/1345
f 1571/1608/1346 1578/1616/1346 1579/1617/1346 1572/1609/1346
f 1572/1609/1347 1579/1617/1347 1580/1618/1347 1573/1610/1347
f 1573/1611/1348 1580/1619/1348 1581/1620/1348 1574/1612/1348
f 1574/1612/1349 1581/1620/1349 1582/1621/1349 1575/1613/1349
f 1575/1613/1350 1582/1621/1350 3952/1622/1350 3950/1614/1350
f 1576/1615/1351 1583/1623/1351 1585/1624/1351 1578/1616/1351
f 1578/1616/1352 1585/1624/1352 1586/1625/1352 1579/1617/1352
f 1579/1617/1353 1586/1625/1353 1587/1626/1353 1580/1618/1353
f 1580/1619/1354 1587/1627/1354 1588/1628/1354 1581/1620/1354
f 1581/1620/1355 1588/1628/1355 1589/1629/1355 1582/1621/1355
f 1582/1621/1356 1589/1629/1356 3954/1630/1356 3952/1622/1356
f 1583/1623/1357 1590/1631/1357 1592/1632/1357 1585/1624/1357
f 1585/1624/1358 1592/1632/1358 1593/1633/1358 1586/1625/1358
f 1586/1625/1359 1593/1633/1359 1594/1634/1359 1587/1626/1359
f 1587/1627/1360 1594/1635/1360 1595/1636/1360 1588/1628/1360
f 1588/1628/1361 1595/1636/1361 1596/1637/1361 1589/1629/1361
f 1589/1629/1362 1596/1637/1362 3956/1638/1362 3954/1630/1362
f 1590/1631/1363 1597/1639/1363 1599/1640/1363 1592/1632/1363
f 1592/1632/1364 1599/1640/1364 1600/1641/1364 1593/1633/1364
f 1593/1633/1365 1600/1641/1365 1601/1642/1365 1594/1634/1365
f 1594/1635/1366 1601/1643/1366 1602/1644/1366 1595/1636/1366
f 1595/1636/1367 1602/1644/1367 1603/1645/1367 1596/1637/1367
f 1596/1637/1368 1603/1645/1368 3958/1646/1368 3956/1638/1368
f 1597/1639/1369 1604/1647/1369 1606/1648/1369 1599/1640/1369
f 1599/1640/1370 1606/1648/1370 1607/1649/1370 1600/1641/1370
f 1600/1641/1371 1607/1649/1371 1608/1650/1371 1601/1642/1371
f 1601/1643/1372 1608/1651/1372 1609/1652/1372 1602/1644/1372
f 1602/1644/1373 1609/1652/1373 1610/1653/1373 1603/1645/1373
f 1603/1645/1374 1610/1653/1374 3960/1654/1374 3958/1646/1374
f 1604/1647/1375 1611/1655/1375 1613/1656/1375 1606/1648/1375
f 1606/1648/1376 1613/1656/1376 1614/1657/1376 1607/1649/1376
f 1607/1649/1377 1614/1657/1377 1615/1658/1377 1608/1650/1377
f 1608/1651/1378 1615/1659/1378 1616/1660/1378 1609/1652/1378
f 1609/1652/1379 1616/1660/1379 1617/1661/1379 1610/1653/1379
f 1610/1653/1380 1617/1661/1380 3962/1662/1380 3960/1654/1380
f 1611/1655/1381 1618/1663/1381 1620/1664/1381 1613/1656/1381
f 1613/1656/1382 1620/1664/1382 1621/1665/1382 1614/1657/1382
f 1614/1657/1383 1621/1665/1383 1622/1666/1383 1615/1658/1383
f 1615/1659/1384 1622/1667/1384 1623/1668/1384 1616/1660/1384
f 1616/1660/1385 1623/1668/1385 1624/1669/1385 1617/1661/1385
f 1617/1661/1386 1624/1669/1386 3964/1670/1386 3962/1662/1386
f 1618/1663/1387 1625/1671/1387 1627/1672/1387 1620/1664/1387
f 1620/1664/1388 1627/1672/1388 1628/1673/1388 1621/1665/1388
f 1621/1665/1389 1628/1673/1389 1629/1674/1389 1622/1666/1389
f 1622/1667/1390 1629/1675/1390 1630/1676/1390 1623/1668/1390
f 1623/1668/1391 1630/1676/1391 1631/1677/1391 1624/1669/1391
f 1624/1669/1392 1631/1677/1392 3966/1678/1392 3964/1670/1392
f 1625/1671/1393 1632/1679/1393 1634/1680/1393 1627/1672/1393
f 1627/1672/1394 1634/1680/1394 1635/1681/1394 1628/1673/1394
f 1628/1673/1395 1635/1681/1395 1636/1682/1395 1629/1674/1395
f 1629/1675/1396 1636/1683/1396 1637/1684/1396 1630/1676/1396
f 1630/1676/1397 1637/1684/1397 1638/1685/1397 1631/1677/1397
f 1631/1677/1398 1638/1685/1398 3968/1686/1398 3966/1678/1398
f 1632/1679/1399 1639/1687/1399 1641/1688/1399 1634/1680/1399
f 1634/1680/1400 1641/1688/1400 1642/1689/1400 1635/1681/1400
f 1635/1681/1401 1642/1689/1401 1643/1690/1401 1636/1682/1401
f 1636/1683/1402 1643/1691/1402 1644/1692/1402 1637/1684/1402
f 1637/1684/1403 1644/1692/1403 1645/1693/1403 1638/1685/1403
f 1638/1685/1404 1645/1693/1404 3970/1694/1404 3968/1686/1404
f 1639/1687/1405 1646/1695/1405 1648/1696/1405 1641/1688/1405
f 1641/1688/1406 1648/1696/1406 1649/1697/1406 1642/1689/1406
f 1642/1689/1407 1649/1697/1407 1650/1698/1407 1643/1690/1407
f 1643/1691/1408 1650/1699/1408 1651/1700/1408 1644/1692/1408
f 1644/1692/1409 1651/1700/1409 1652/1701/1409 1645/1693/1409
f 1645/1693/1410 1652/1701/1410 3972/1702/1410 3970/1694/1410
f 1646/1695/1411 1653/1703/1411 1655/1704/1411 1648/1696/1411
f 1648/1696/1412 1655/1704/1412 1656/1705/1412 1649/1697/1412
f 1649/1697/1413 1656/1705/1413 1657/1706/1413 1650/1698/1413
f 1650/1699/1414 1657/1707/1414 1658/1708/1414 1651/1700/1414
f 1651/1700/1415 1658/1708/1415 1659/1709/1415 1652/1701/1415
f 1652/1701/1416 1659/1709/1416 3974/1710/1416 3972/1702/1416
f 1653/1703/1417 1660/1711/1417 1662/1712/1417 1655/1704/1417
f 1655/1704/1418 1662/1712/1418 1663/1713/1418 1656/1705/1418
f 1656/1705/1419 1663/1713/1419 1664/1714/1419 1657/1706/1419
f 1657/1707/1420 1664/1715/1420 1665/1716/1420 1658/1708/1420
f 1658/1708/1421 1665/1716/1421 1666/1717/1421 1659/1709/1421
f 1659/1709/1422 1666/1717/1422 3976/1718/1422 3974/1710/1422
f 1660/1711/1423 1667/1719/1423 1669/1720/1423 1662/1712/1423
f 1662/1712/1424 1669/1720/1424 1670/1721/1424 1663/1713/1424
f 1663/1713/1425 1670/1721/1425 1671/1722/1425 1664/1714/1425
f 1664/1715/1426 1671/1723/1426 1672/1724/1426 1665/1716/1426
f 1665/1716/1427 1672/1724/1427 1673/1725/1427 1666/1717/1427
f 1666/1717/1428 1673/1725/1428 3978/1726/1428 3976/1718/1428
f 1667/1719/1429 1674/1727/1429 1676/1728/1429 1669/1720/1429
f 1669/1720/1430 1676/1728/1430 1677/1729/1430 1670/1721/1430
f 1670/1721/1431 1677/1729/1431 1678/1730/1431 1671/1722/1431
f 1671/1723/1432 1678/1731/1432 1679/1732/1432 1672/1724/1432
f 1672/1724/1433 1679/1732/1433 1680/1733/1433 1673/1725/1433
f 1673/1725/1434 1680/1733/1434 3980/1734/1434 3978/1726/1434
f 1674/1727/1435 1681/1735/1435 1683/1736/1435 1676/1728/1435
f 1676/1728/1436 1683/1736/1436 1684/1737/1436 1677/1729/1436
f 1677/1729/1437 1684/1737/1437 1685/1738/1437 1678/1730/1437
f 1678/1731/1438 1685/1739/1438 1686/1740/1438 1679/1732/1438
f 1679/1732/1439 1686/1740/1439 1687/1741/1439 1680/1733/1439
f 1680/1733/1440 1687/1741/1440 3982/1742/1440 3980/1734/1440
f 1681/1735/1441 1688/1743/1441 1690/1744/1441 1683/1736/1441
f 1683/1736/1442 1690/1744/1442 1691/1745/1442 1684/1737/1442
f 1684/1737/1443 1691/1745/1443 1692/1746/1443 1685/1738/1443
f 1685/1739/1444 1692/1747/1444 1693/1748/1444 1686/1740/1444
f 1686/1740/1445 1693/1748/1445 1694/1749/1445 1687/1741/1445
f 1687/1741/1446 1694/1749/1446 3984/1750/1446 3982/1742/1446
f 1688/1743/1447 1695/1751/1447 1697/1752/1447 1690/1744/1447
f 1690/1744/1448 1697/1752/1448 1698/1753/1448 1691/1745/1448
f 1691/1745/1449 1698/1753/1449 1699/1754/1449 1692/1746/1449
f 1692/1747/1450 1699/1755/1450 1700/1756/1450 1693/1748/1450
f 1693/1748/1451 1700/1756/1451 1701/1757/1451 1694/1749/1451
f 1694/1749/1452 1701/1757/1452 3986/1758/1452 3984/1750/1452
f 1695/1751/1453 1702/1759/1453 1704/1760/1453 1697/1752/1453
f 1697/1752/1454 1704/1760/1454 1705/1761/1454 1698/1753/1454
f 1698/1753/1455 1705/1761/1455 1706/1762/1455 1699/1754/1455
f 1699/1755/1456 1706/1763/1456 1707/1764/1456 1700/1756/1456
f 1700/1756/1457 1707/1764/1457 1708/1765/1457 1701/1757/1457
f 1701/1757/1458 1708/1765/1458 3988/1766/1458 3986/1758/1458
f 1702/1759/1459 1709/1767/1459 1711/1768/1459 1704/1760/1459
f 1704/1760/1460 1711/1768/1460 1712/1769/1460 1705/1761/1460
f 1705/1761/1461 1712/1769/1461 1713/1770/1461 1706/1762/1461
f 1706/1763/1462 1713/1771/1462 1714/1772/1462 1707/1764/1462
f 1707/1764/1463 1714/1772/1463 1715/1773/1463 1708/1765/1463
f 1708/1765/1464 1715/1773/1464 3990/1774/1464 3988/1766/1464
f 1709/1767/1465 1716/1775/1465 1718/1776/1465 1711/1768/1465
f 1711/1768/1466 1718/1776/1466 1719/1777/1466 1712/1769/1466
f 1712/1769/1467 1719/1777/1467 1720/1778/1467 1713/1770/1467
f 1713/1771/1468 1720/1779/1468 1721/1780/1468 1714/1772/1468
f 1714/1772/1469 1721/1780/1469 1722/1781/1469 1715/1773/1469
f 1715/1773/1470 1722/1781/1470 3992/1782/1470 3990/1774/1470
f 1716/1775/1471 1723/1783/1471 1725/1784/1471 1718/1776/1471
f 1718/1776/1472 1725/1784/1472 1726/1785/1472 1719/1777/1472
f 1719/1777/1473 1726/1785/1473 1727/1786/1473 1720/1778/1473
f 1720/1779/1474 1727/1787/1474 1728/1788/1474 1721/1780/1474
f 1721/1780/1475 1728/1788/1475 1729/1789/1475 1722/1781/1475
f 1722/1781/1476 1729/1789/1476 3994/1790/1476 3992/1782/1476
f 1723/1783/1477 1730/1791/1477 1732/1792/1477 1725/1784/1477
f 1725/1784/1478 1732/1792/1478 1733/1793/1478 1726/1785/1478
f 1726/1785/1479 1733/1793/1479 1734/1794/1479 1727/1786/1479
f 1727/1787/1480 1734/1795/1480 1735/1796/1480 1728/1788/1480
f 1728/1788/1481 1735/1796/1481 1736/1797/1481 1729/1789/1481
f 1729/1789/1482 1736/1797/1482 3996/1798/1482 3994/1790/1482
f 1730/1791/1483 1737/1799/1483 1739/1800/1483 1732/1792/1483
f 1732/1792/1484 1739/1800/1484 1740/1801/1484 1733/1793/1484
f 1733/1793/1485 1740/1801/1485 1741/1802/1485 1734/1794/1485
f 1734/1795/1486 1741/1803/1486 1742/1804/1486 1735/1796/1486
f 1735/1796/1487 1742/1804/1487 1743/1805/1487 1736/1797/1487
f 1736/1797/1488 1743/1805/1488 3998/1806/1488 3996/1798/1488
f 1737/1799/1489 1744/1807/1489 1746/1808/1489 1739/1800/1489
f 1739/1800/1490 1746/1808/1490 1747/1809/1490 1740/1801/1490
f 1740/1801/1491 1747/1809/1491 1748/1810/1491 1741/1802/1491
f 1741/1803/1492 1748/1811/1492 1749/1812/1492 1742/1804/1492
f 1742/1804/1493 1749/1812/1493 1750/1813/1493 1743/1805/1493
f 1743/1805/1494 1750/1813/1494 4000/1814/1494 3998/1806/1494
f 1744/1815/1495 1751/1816/1495 1753/1817/1495 1746/1818/1495
f 1746/1818/1496 1753/1817/1496 1754/1819/1496 1747/1820/1496
f 1747/1820/1497 1754/1819/1497 1755/1821/1497 1748/1822/1497
f 1748/1823/1498 1755/1824/1498 1756/1825/1498 1749/1826/1498
f 1749/1826/1499 1756/1825/1499 1757/1827/1499 1750/1828/1499
f 1750/1828/1500 1757/1827/1500 4002/1829/1500 4000/1830/1500
f 1751/1816/1501 1758/1831/1501 1760/1832/1501 1753/1817/1501
f 1753/1817/1502 1760/1832/1502 1761/1833/1502 1754/1819/1502
f 1754/1819/1503 1761/1833/1503 1762/1834/1503 1755/1821/1503
f 1755/1824/1504 1762/1835/1504 1763/1836/1504 1756/1825/1504
f 1756/1825/1505 1763/1836/1505 1764/1837/1505 1757/1827/1505
f 1757/1827/1506 1764/1837/1506 4004/1838/1506 4002/1829/1506
f 1758/1831/1507 1765/1839/1507 1767/1840/1507 1760/1832/1507
f 1760/1832/1508 1767/1840/1508 1768/1841/1508 1761/1833/1508
f 1761/1833/1509 1768/1841/1509 1769/1842/1509 1762/1834/1509
f 1762/1835/1510 1769/1843/1510 1770/1844/1510 1763/1836/1510
f 1763/1836/1511 1770/1844/1511 1771/1845/1511 1764/1837/1511
f 1764/1837/1512 1771/1845/1512 4006/1846/1512 4004/1838/1512
f 1765/1839/1513 1772/1847/1513 1774/1848/1513 1767/1840/1513
f 1767/1840/1514 1774/1848/1514 1775/1849/1514 1768/1841/1514
f 1768/1841/1515 1775/1849/1515 1776/1850/1515 1769/1842/1515
f 1769/1843/1516 1776/1851/1516 1777/1852/1516 1770/1844/1516
f 1770/1844/1517 1777/1852/1517 1778/1853/1517 1771/1845/1517
f 1771/1845/1518 1778/1853/1518 4008/1854/1518 4006/1846/1518
f 1772/1847/1519 1779/1855/1519 1781/1856/1519 1774/1848/1519
f 1774/1848/1520 1781/1856/1520 1782/1857/1520 1775/1849/1520
f 1775/1849/1521 1782/1857/1521 1783/1858/1521 1776/1850/1521
f 1776/1851/1522 1783/1859/1522 1784/1860/1522 1777/1852/1522
f 1777/1852/1523 1784/1860/1523 1785/1861/1523 1778/1853/1523
f 1778/1853/1524 1785/1861/1524 4010/1862/1524 4008/1854/1524
f 1779/1855/1525 1786/1863/1525 1788/1864/1525 1781/1856/1525
f 1781/1856/1526 1788/1864/1526 1789/1865/1526 1782/1857/1526
f 1782/1857/1527 1789/1865/1527 1790/1866/1527 1783/1858/1527
f 1783/1859/1528 1790/1867/1528 1791/1868/1528 1784/1860/1528
f 1784/1860/1529 1791/1868/1529 1792/1869/1529 1785/1861/1529
f 1785/1861/1530 1792/1869/1530 4012/1870/1530 4010/1862/1530
f 1786/1863/1531 1793/1871/1531 1795/1872/1531 1788/1864/1531
f 1788/1864/1532 1795/1872/1532 1796/1873/1532 1789/1865/1532
f 1789/1865/1533 1796/1873/1533 1797/1874/1533 1790/1866/1533
f 1790/1867/1534 1797/1875/1534 1798/1876/1534 1791/1868/1534
f 1791/1868/1535 1798/1876/1535 1799/1877/1535 1792/1869/1535
f 1792/1869/1536 1799/1877/1536 4014/1878/1536 4012/1870/1536
f 1793/1871/1537 1800/1879/1537 1802/1880/1537 1795/1872/1537
f 1795/1872/1538 1802/1880/1538 1803/1881/1538 1796/1873/1538
f 1796/1873/1539 1803/1881/1539 1804/1882/1539 1797/1874/1539
f 1797/1875/1540 1804/1883/1540 1805/1884/1540 1798/1876/1540
f 1798/1876/1541 1805/1884/1541 1806/1885/1541 1799/1877/1541
f 1799/1877/1542 1806/1885/1542 4016/1886/1542 4014/1878/1542
f 1800/1879/1543 1807/1887/1543 1809/1888/1543 1802/1880/1543
f 1802/1880/1544 1809/1888/1544 1810/1889/1544 1803/1881/1544
f 1803/1881/1545 1810/1889/1545 1811/1890/1545 1804/1882/1545
f 1804/1883/1546 1811/1891/1546 1812/1892/1546 1805/1884/1546
f 1805/1884/1547 1812/1892/1547 1813/1893/1547 1806/1885/1547
f 1806/1885/1548 1813/1893/1548 4018/1894/1548 4016/1886/1548
f 1807/1887/1549 1814/1895/1549 1816/1896/1549 1809/1888/1549
f 1809/1888/1550 1816/1896/1550 1817/1897/1550 1810/1889/1550
f 1810/1889/1551 1817/1897/1551 1818/1898/1551 1811/1890/1551
f 1811/1891/1552 1818/1899/1552 1819/1900/1552 1812/1892/1552
f 1812/1892/1553 1819/1900/1553 1820/1901/1553 1813/1893/1553
f 1813/1893/1554 1820/1901/1554 4020/1902/1554 4018/1894/1554
f 1814/1895/1555 1821/1903/1555 1823/1904/1555 1816/1896/1555
f 1816/1896/1556 1823/1904/1556 1824/1905/1556 1817/1897/1556
f 1817/1897/1557 1824/1905/1557 1825/1906/1557 1818/1898/1557
f 1818/1899/1558 1825/1907/1558 1826/1908/1558 1819/1900/1558
f 1819/1900/1559 1826/1908/1559 1827/1909/1559 1820/1901/1559
f 1820/1901/1560 1827/1909/1560 4022/1910/1560 4020/1902/1560
f 1821/1903/1561 1828/1911/1561 1830/1912/1561 1823/1904/1561
f 1823/1904/1562 1830/1912/1562 1831/1913/1562 1824/1905/1562
f 1824/1905/1563 1831/1913/1563 1832/1914/1563 1825/1906/1563
f 1825/1907/1564 1832/1915/1564 1833/1916/1564 1826/1908/1564
f 1826/1908/1565 1833/1916/1565 1834/1917/1565 1827/1909/1565
f 1827/1909/1566 1834/1917/1566 4024/1918/1566 4022/1910/1566
f 1828/1911/1567 1835/1919/1567 1837/1920/1567 1830/1912/1567
f 1830/1912/1568 1837/1920/1568 1838/1921/1568 1831/1913/1568
f 1831/1913/1569 1838/1921/1569 1839/1922/1569 1832/1914/1569
f 1832/1915/1570 1839/1923/1570 1840/1924/1570 1833/1916/1570
f 1833/1916/1571 1840/1924/1571 1841/1925/1571 1834/1917/1571
f 1834/1917/1572 1841/1925/1572 4026/1926/1572 4024/1918/1572
f 1835/1919/1573 1842/1927/1573 1844/1928/1573 1837/1920/1573
f 1837/1920/1574 1844/1928/1574 1845/1929/1574 1838/1921/1574
f 1838/1921/1575 1845/1929/1575 1846/1930/1575 1839/1922/1575
f 1839/1923/1576 1846/1931/1576 1847/1932/1576 1840/1924/1576
f 1840/1924/1577 1847/1932/1577 1848/1933/1577 1841/1925/1577
f 1841/1925/1578 1848/1933/1578 4028/1934/1578 4026/1926/1578
f 1842/1927/1579 1849/1935/1579 1851/1936/1579 1844/1928/1579
f 1844/1928/1580 1851/1936/1580 1852/1937/1580 1845/1929/1580
f 1845/1929/1581 1852/1937/1581 1853/1938/1581 1846/1930/1581
f 1846/1931/1582 1853/1939/1582 1854/1940/1582 1847/1932/1582
f 1847/1932/1583 1854/1940/1583 1855/1941/1583 1848/1933/1583
f 1848/1933/1584 1855/1941/1584 4030/1942/1584 4028/1934/1584
f 1849/1935/1585 1856/1943/1585 1858/1944/1585 1851/1936/1585
f 1851/1936/1586 1858/1944/1586 1859/1945/1586 1852/1937/1586
f 1852/1937/1587 1859/1945/1587 1860/1946/1587 1853/1938/1587
f 1853/1939/1588 1860/1947/1588 1861/1948/1588 1854/1940/1588
f 1854/1940/1589 1861/1948/1589 1862/1949/1589 1855/1941/1589
f 1855/1941/1590 1862/1949/1590 4032/1950/1590 4030/1942/1590
f 1856/1943/1591 1863/1951/1591 1865/1952/1591 1858/1944/1591
f 1858/1944/1592 1865/1952/1592 1866/1953/1592 1859/1945/1592
f 1859/1945/1593 1866/1953/1593 1867/1954/1593 1860/1946/1593
f 1860/1947/1594 1867/1955/1594 1868/1956/1594 1861/1948/1594
f 1861/1948/1595 1868/1956/1595 1869/1957/1595 1862/1949/1595
f 1862/1949/1596 1869/1957/1596 4034/1958/1596 4032/1950/1596
f 1863/1951/1597 1870/1959/1597 1872/1960/1597 1865/1952/1597
f 1865/1952/1598 1872/1960/1598 1873/1961/1598 1866/1953/1598
f 1866/1953/1599 1873/1961/1599 1874/1962/1599 1867/1954/1599
f 1867/1955/1600 1874/1963/1600 1875/1964/1600 1868/1956/1600
f 1868/1956/1601 1875/1964/1601 1876/1965/1601 1869/1957/1601
f 1869/1957/1602 1876/1965/1602 4036/1966/1602 4034/1958/1602
f 1870/1959/1603 1877/1967/1603 1879/1968/1603 1872/1960/1603
f 1872/1960/1604 1879/1968/1604 1880/1969/1604 1873/1961/1604
f 1873/1961/1605 1880/1969/1605 1881/1970/1605 1874/1962/1605
f 1874/1963/1606 1881/1971/1606 1882/1972/1606 1875/1964/1606
f 1875/1964/1607 1882/1972/1607 1883/1973/1607 1876/1965/1607
f 1876/1965/1608 1883/1973/1608 4038/1974/1608 4036/1966/1608
f 1877/1967/1609 1884/1975/1609 1886/1976/1609 1879/1968/1609
f 1879/1968/1610 1886/1976/1610 1887/1977/1610 1880/1969/1610
f 1880/1969/1611 1887/1977/1611 1888/1978/1611 1881/1970/1611
f 1881/1971/1612 1888/1979/1612 1889/1980/1612 1882/1972/1612
f 1882/1972/1613 1889/1980/1613 1890/1981/1613 1883/1973/1613
f 1883/1973/1614 1890/1981/1614 4040/1982/1614 4038/1974/1614
f 1884/1975/1615 1891/1983/1615 1893/1984/1615 1886/1976/1615
f 1886/1976/1616 1893/1984/1616 1894/1985/1616 1887/1977/1616
f 1887/1977/1617 1894/1985/1617 1895/1986/1617 1888/1978/1617
f 1888/1979/1618 1895/1987/1618 1896/1988/1618 1889/1980/1618
f 1889/1980/1619 1896/1988/1619 1897/1989/1619 1890/1981/1619
f 1890/1981/1620 1897/1989/1620 4042/1990/1620 4040/1982/1620
f 1891/1983/1621 1898/1991/1621 1900/1992/1621 1893/1984/1621
f 1893/1984/1622 1900/1992/1622 1901/1993/1622 1894/1985/1622
f 1894/1985/1623 1901/1993/1623 1902/1994/1623 1895/1986/1623
f 1895/1987/1624 1902/1995/1624 1903/1996/1624 1896/1988/1624
f 1896/1988/1625 1903/1996/1625 1904/1997/1625 1897/1989/1625
f 1897/1989/1626 1904/1997/1626 4044/1998/1626 4042/1990/1626
f 1898/1991/1627 1905/1999/1627 1907/2000/1627 1900/1992/1627
f 1900/1992/1628 1907/2000/1628 1908/2001/1628 1901/1993/1628
f 1901/1993/1629 1908/2001/1629 1909/2002/1629 1902/1994/1629
f 1902/1995/1630 1909/2003/1630 1910/2004/1630 1903/1996/1630
f 1903/1996/1631 1910/2004/1631 1911/2005/1631 1904/1997/1631
f 1904/1997/1632 1911/2005/1632 4046/2006/1632 4044/1998/1632
f 1905/1999/1633 1912/2007/1633 1914/2008/1633 1907/2000/1633
f 1907/2000/1634 1914/2008/1634 1915/2009/1634 1908/2001/1634
f 1908/2001/1635 1915/2009/1635 1916/2010/1635 1909/2002/1635
f 1909/2003/1636 1916/2011/1636 1917/2012/1636 1910/2004/1636
f 1910/2004/1637 1917/2012/1637 1918/2013/1637 1911/2005/1637
f 1911/2005/1638 1918/2013/1638 4048/2014/1638 4046/2006/1638
f 1912/2007/1639 1919/2015/1639 1921/2016/1639 1914/2008/1639
f 1914/2008/1640 1921/2016/1640 1922/2017/1640 1915/2009/1640
f 1915/2009/1641 1922/2017/1641 1923/2018/1641 1916/2010/1641
f 1916/2011/1642 1923/2019/1642 1924/2020/1642 1917/2012/1642
f 1917/2012/1643 1924/2020/1643 1925/2021/1643 1918/2013/1643
f 1918/2013/1644 1925/2021/1644 4050/2022/1644 4048/2014/1644
f 1919/2015/1645 1926/2023/1645 1928/2024/1645 1921/2016/1645
f 1921/2016/1646 1928/2024/1646 1929/2025/1646 1922/2017/1646
f 1922/2017/1647 1929/2025/1647 1930/2026/1647 1923/2018/1647
f 1923/2019/1648 1930/2027/1648 1931/2028/1648 1924/2020/1648
f 1924/2020/1649 1931/2028/1649 1932/2029/1649 1925/2021/1649
f 1925/2021/1650 1932/2029/1650 4052/2030/1650 4050/2022/1650
f 1926/2023/1651 1933/2031/1651 1935/2032/1651 1928/2024/1651
f 1928/2024/1652 1935/2032/1652 1936/2033/1652 1929/2025/1652
f 1929/2025/1653 1936/2033/1653 1937/2034/1653 1930/2026/1653
f 1930/2027/1654 1937/2035/1654 1938/2036/1654 1931/2028/1654
f 1931/2028/1655 1938/2036/1655 1939/2037/1655 1932/2029/1655
f 1932/2029/1656 1939/2037/1656 4054/2038/1656 4052/2030/1656
f 1933/2031/1657 1940/2039/1657 1942/2040/1657 1935/2032/1657
f 1935/2032/1658 1942/2040/1658 1943/2041/1658 1936/2033/1658
f 1936/2033/1659 1943/2041/1659 1944/2042/1659 1937/2034/1659
f 1937/2035/1660 1944/2043/1660 1945/2044/1660 1938/2036/1660
f 1938/2036/1661 1945/2044/1661 1946/2045/1661 1939/2037/1661
f 1939/2037/1662 1946/2045/1662 4056/2046/1662 4054/2038/1662
f 1940/2039/1663 1947/2047/1663 1949/2048/1663 1942/2040/1663
f 1942/2040/1664 1949/2048/1664 1950/2049/1664 1943/2041/1664
f 1943/2041/1665 1950/2049/1665 1951/2050/1665 1944/2042/1665
f 1944/2043/1666 1951/2051/1666 1952/2052/1666 1945/2044/1666
f 1945/2044/1667 1952/2052/1667 1953/2053/1667 1946/2045/1667
f 1946/2045/1668 1953/2053/1668 4058/2054/1668 4056/2046/1668
f 1947/2047/1669 1954/2055/1669 1956/2056/1669 1949/2048/1669
f 1949/2048/1670 1956/2056/1670 1957/2057/1670 1950/2049/1670
f 1950/2049/1671 1957/2057/1671 1958/2058/1671 1951/2050/1671
f 1951/2051/1672 1958/2059/1672 1959/2060/1672 1952/2052/1672
f 1952/2052/1673 1959/2060/1673 1960/2061/1673 1953/2053/1673
f 1953/2053/1674 1960/2061/1674 4060/2062/1674 4058/2054/1674
f 1954/2055/1675 1961/2063/1675 1963/2064/1675 1956/2056/1675
f 1956/2056/1676 1963/2064/1676 1964/2065/1676 1957/2057/1676
f 1957/2057/1677 1964/2065/1677 1965/2066/1677 1958/2058/1677
f 1958/2059/1678 1965/2067/1678 1966/2068/1678 1959/2060/1678
f 1959/2060/1679 1966/2068/1679 1967/2069/1679 1960/2061/1679
f 1960/2061/1680 1967/2069/1680 4062/2070/1680 4060/2062/1680
f 1961/2063/1681 1968/2071/1681 1970/2072/1681 1963/2064/1681
f 1963/2064/1682 1970/2072/1682 1971/2073/1682 1964/2065/1682
f 1964/2065/1683 1971/2073/1683 1972/2074/1683 1965/2066/1683
f 1965/2067/1684 1972/2075/1684 1973/2076/1684 1966/2068/1684
f 1966/2068/1685 1973/2076/1685 1974/2077/1685 1967/2069/1685
f 1967/2069/1686 1974/2077/1686 4064/2078/1686 4062/2070/1686
f 1968/2071/1687 1975/2079/1687 1977/2080/1687 1970/2072/1687
f 1970/2072/1688 1977/2080/1688 1978/2081/1688 1971/2073/1688
f 1971/2073/1689 1978/2081/1689 1979/2082/1689 1972/2074/1689
f 1972/2075/1690 1979/2083/1690 1980/2084/1690 1973/2076/1690
f 1973/2076/1691 1980/2084/1691 1981/2085/1691 1974/2077/1691
f 1974/2077/1692 1981/2085/1692 4066/2086/1692 4064/2078/1692
f 1975/2079/1693 1982/2087/1693 1984/2088/1693 1977/2080/1693
f 1977/2080/1694 1984/2088/1694 1985/2089/1694 1978/2081/1694
f 1978/2081/1695 1985/2089/1695 1986/2090/1695 1979/2082/1695
f 1979/2083/1696 1986/2091/1696 1987/2092/1696 1980/2084/1696
f 1980/2084/1697 1987/2092/1697 1988/2093/1697 1981/2085/1697
f 1981/2085/1698 1988/2093/1698 4068/2094/1698 4066/2086/1698
f 1982/2087/1699 1989/2095/1699 1991/2096/1699 1984/2088/1699
f 1984/2088/1700 1991/2096/1700 1992/2097/1700 1985/2089/1700
f 1985/2089/1701 1992/2097/1701 1993/2098/1701 1986/2090/1701
f 1986/2091/1702 1993/2099/1702 1994/2100/1702 1987/2092/1702
f 1987/2092/1703 1994/2100/1703 1995/2101/1703 1988/2093/1703
f 1988/2093/1704 1995/2101/1704 4070/2102/1704 4068/2094/1704
f 1989/2095/1705 1996/2103/1705 1998/2104/1705 1991/2096/1705
f 1991/2096/1706 1998/2104/1706 1999/2105/1706 1992/2097/1706
f 1992/2097/1707 1999/2105/1707 2000/2106/1707 1993/2098/1707
f 1993/2099/1708 2000/2107/1708 2001/2108/1708 1994/2100/1708
f 1994/2100/1709 2001/2108/1709 2002/2109/1709 1995/2101/1709
f 1995/2101/1710 2002/2109/1710 4072/2110/1710 4070/2102/1710
f 1996/2103/1711 2003/2111/1711 2005/2112/1711 1998/2104/1711
f 1998/2104/1712 2005/2112/1712 2006/2113/1712 1999/2105/1712
f 1999/2105/1713 2006/2113/1713 2007/2114/1713 2000/2106/1713
f 2000/2107/1714 2007/2115/1714 2008/2116/1714 2001/2108/1714
f 2001/2108/1715 2008/2116/1715 2009/2117/1715 2002/2109/1715
f 2002/2109/1716 2009/2117/1716 4074/2118/1716 4072/2110/1716
f 2003/2111/1717 2010/2119/1717 2012/2120/1717 2005/2112/1717
f 2005/2112/1718 2012/2120/1718 2013/2121/1718 2006/2113/1718
f 2006/2113/1719 2013/2121/1719 2014/2122/1719 2007/2114/1719
f 2007/2115/1720 2014/2123/1720 2015/2124/1720 2008/2116/1720
f 2008/2116/1721 2015/2124/1721 2016/2125/1721 2009/2117/1721
f 2009/2117/1722 2016/2125/1722 4076/2126/1722 4074/2118/1722
f 2010/2119/1723 2017/2127/1723 2019/2128/1723 2012/2120/1723
f 2012/2120/1724 2019/2128/1724 2020/2129/1724 2013/2121/1724
f 2013/2121/1725 2020/2129/1725 2021/2130/1725 2014/2122/1725
f 2014/2123/1726 2021/2131/1726 2022/2132/1726 2015/2124/1726
f 2015/2124/1727 2022/2132/1727 2023/2133/1727 2016/2125/1727
f 2016/2125/1728 2023/2133/1728 4078/2134/1728 4076/2126/1728
f 2017/2127/1729 2024/2135/1729 2026/2136/1729 2019/2128/1729
f 2019/2128/1730 2026/2136/1730 2027/2137/1730 2020/2129/1730
f 2020/2129/1731 2027/2137/1731 2028/2138/1731 2021/2130/1731
f 2021/2131/1732 2028/2139/1732 2029/2140/1732 2022/2132/1732
f 2022/2132/1733 2029/2140/1733 2030/2141/1733 2023/2133/1733
f 2023/2133/1734 2030/2141/1734 4080/2142/1734 4078/2134/1734
f 2024/2135/1735 2031/2143/1735 2033/2144/1735 2026/2136/1735
f 2026/2136/1736 2033/2144/1736 2034/2145/1736 2027/2137/1736
f 2027/2137/1737 2034/2145/1737 2035/2146/1737 2028/2138/1737
f 2028/2139/1738 2035/2147/1738 2036/2148/1738 2029/2140/1738
f 2029/2140/1739 2036/2148/1739 2037/2149/1739 2030/2141/1739
f 2030/2141/1740 2037/2149/1740 4082/2150/1740 4080/2142/1740
f 2031/2143/1741 2038/2151/1741 2040/2152/1741 2033/2144/1741
f 2033/2144/1742 2040/2152/1742 2041/2153/1742 2034/2145/1742
f 2034/2145/1743 2041/2153/1743 2042/2154/1743 2035/2146/1743
f 2035/2147/1744 2042/2155/1744 2043/2156/1744 2036/2148/1744
f 2036/2148/1745 2043/2156/1745 2044/2157/1745 2037/2149/1745
f 2037/2149/1746 2044/2157/1746 4084/2158/1746 4082/2150/1746
f 2038/2151/1747 2045/2159/1747 2047/2160/1747 2040/2152/1747
f 2040/2152/1748 2047/2160/1748 2048/2161/1748 2041/2153/1748
f 2041/2153/1749 2048/2161/1749 2049/2162/1749 2042/2154/1749
f 2042/2155/1750 2049/2163/1750 2050/2164/1750 2043/2156/1750
f 2043/2156/1751 2050/2164/1751 2051/2165/1751 2044/2157/1751
f 2044/2157/1752 2051/2165/1752 4086/2166/1752 4084/2158/1752
f 2045/2159/1753 2052/2167/1753 2054/2168/1753 2047/2160/1753
f 2047/2160/1754 2054/2168/1754 2055/2169/1754 2048/2161/1754
f 2048/2161/1755 2055/2169/1755 2056/2170/1755 2049/2162/1755
f 2049/2163/1756 2056/2171/1756 2057/2172/1756 2050/2164/1756
f 2050/2164/1757 2057/2172/1757 2058/2173/1757 2051/2165/1757
f 2051/2165/1758 2058/2173/1758 4088/2174/1758 4086/2166/1758
f 2052/2167/1759 2059/2175/1759 2061/2176/1759 2054/2168/1759
f 2054/2168/1760 2061/2176/1760 2062/2177/1760 2055/2169/1760
f 2055/2169/1761 2062/2177/1761 2063/2178/1761 2056/2170/1761
f 2056/2171/1762 2063/2179/1762 2064/2180/1762 2057/2172/1762
f 2057/2172/1763 2064/2180/1763 2065/2181/1763 2058/2173/1763
f 2058/2173/1764 2065/2181/1764 4090/2182/1764 4088/2174/1764
f 2059/2175/1765 2066/2183/1765 2068/2184/1765 2061/2176/1765
f 2061/2176/1766 2068/2184/1766 2069/2185/1766 2062/2177/1766
f 2062/2177/1767 2069/2185/1767 2070/2186/1767 2063/2178/1767
f 2063/2179/1768 2070/2187/1768 2071/2188/1768 2064/2180/1768
f 2064/2180/1769 2071/2188/1769 2072/2189/1769 2065/2181/1769
f 2065/2181/1770 2072/2189/1770 4092/2190/1770 4090/2182/1770
f 2066/2183/1771 2073/2191/1771 2075/2192/1771 2068/2184/1771
f 2068/2184/1772 2075/2192/1772 2076/2193/1772 2069/2185/1772
f 2069/2185/1773 2076/2193/1773 2077/2194/1773 2070/2186/1773
f 2070/2187/1774 2077/2195/1774 2078/2196/1774 2071/2188/1774
f 2071/2188/1775 2078/2196/1775 2079/2197/1775 2072/2189/1775
f 2072/2189/1776 2079/2197/1776 4094/2198/1776 4092/2190/1776
f 2073/2191/1777 2080/2199/1777 2082/2200/1777 2075/2192/1777
f 2075/2192/1778 2082/2200/1778 2083/2201/1778 2076/2193/1778
f 2076/2193/1779 2083/2201/1779 2084/2202/1779 2077/2194/1779
f 2077/2195/1780 2084/2203/1780 2085/2204/1780 2078/2196/1780
f 2078/2196/1781 2085/2204/1781 2086/2205/1781 2079/2197/1781
f 2079/2197/1782 2086/2205/1782 4096/2206/1782 4094/2198/1782
f 2080/2199/1783 2087/2207/1783 2089/2208/1783 2082/2200/1783
f 2082/2200/1784 2089/2208/1784 2090/2209/1784 2083/2201/1784
f 2083/2201/1785 2090/2209/1785 2091/2210/1785 2084/2202/1785
f 2084/2203/1786 2091/2211/1786 2092/2212/1786 2085/2204/1786
f 2085/2204/1787 2092/2212/1787 2093/2213/1787 2086/2205/1787
f 2086/2205/1788 2093/2213/1788 4098/2214/1788 4096/2206/1788
f 2087/2207/1789 2094/2215/1789 2096/2216/1789 2089/2208/1789
f 2089/2208/1790 2096/2216/1790 2097/2217/1790 2090/2209/1790
f 2090/2209/1791 2097/2217/1791 2098/2218/1791 2091/2210/1791
f 2091/2211/1792 2098/2219/1792 2099/2220/1792 2092/2212/1792
f 2092/2212/1793 2099/2220/1793 2100/2221/1793 2093/2213/1793
f 2093/2213/1794 2100/2221/1794 4100/2222/1794 4098/2214/1794
f 3904/1430/1795 4100/2222/1795 2100/2221/1795 1403/1428/1795
f 1403/1428/1796 2100/2221/1796 2099/2220/1796 1404/1426/1796
f 1404/1426/1797 2099/2220/1797 2098/2219/1797 1405/1423/1797
f 1405/1422/1798 2098/2218/1798 2097/2217/1798 1406/1420/1798
f 1406/1420/1799 2097/2217/1799 2096/2216/1799 1407/1418/1799
f 1407/1418/1800 2096/2216/1800 2094/2215/1800 3901/1415/1800
f 4101/2223/1801 2108/2224/1801 2110/2225/1801 2107/2226/1801
f 2107/2226/1802 2110/2225/1802 2111/2227/1802 2106/2228/1802
f 2106/2228/1803 2111/2227/1803 2112/2229/1803 2105/2230/1803
f 2105/2230/1804 2112/2229/1804 2113/2231/1804 2104/2232/1804
f 2104/2232/1805 2113/2231/1805 2114/2233/1805 2103/2234/1805
f 2103/2234/1806 2114/2233/1806 4103/2235/1806 4104/2236/1806
f 2108/2224/1807 2115/2237/1807 2117/2238/1807 2110/2225/1807
f 2110/2225/1808 2117/2238/1808 2118/2239/1808 2111/2227/1808
f 2111/2227/1809 2118/2239/1809 2119/2240/1809 2112/2229/1809
f 2112/2229/1810 2119/2240/1810 2120/2241/1810 2113/2231/1810
f 2113/2231/1811 2120/2241/1811 2121/2242/1811 2114/2233/1811
f 2114/2233/1812 2121/2242/1812 4106/2243/1812 4103/2235/1812
f 2115/2237/1813 2122/2244/1813 2124/2245/1813 2117/2238/1813
f 2117/2238/1814 2124/2245/1814 2125/2246/1814 2118/2239/1814
f 2118/2239/1815 2125/2246/1815 2126/2247/1815 2119/2240/1815
f 2119/2240/1816 2126/2247/1816 2127/2248/1816 2120/2241/1816
f 2120/2241/1817 2127/2248/1817 2128/2249/1817 2121/2242/1817
f 2121/2242/1818 2128/2249/1818 4108/2250/1818 4106/2243/1818
f 2122/2244/1819 2129/2251/1819 2131/2252/1819 2124/2245/1819
f 2124/2245/1820 2131/2252/1820 2132/2253/1820 2125/2246/1820
f 2125/2246/1821 2132/2253/1821 2133/2254/1821 2126/2247/1821
f 2126/2247/1822 2133/2254/1822 2134/2255/1822 2127/2248/1822
f 2127/2248/1823 2134/2255/1823 2135/2256/1823 2128/2249/1823
f 2128/2249/1824 2135/2256/1824 4110/2257/1824 4108/2250/1824
f 2129/2251/1825 2136/2258/1825 2138/2259/1825 2131/2252/1825
f 2131/2252/1826 2138/2259/1826 2139/2260/1826 2132/2253/1826
f 2132/2253/1827 2139/2260/1827 2140/2261/1827 2133/2254/1827
f 2133/2254/1828 2140/2261/1828 2141/2262/1828 2134/2255/1828
f 2134/2255/1829 2141/2262/1829 2142/2263/1829 2135/2256/1829
f 2135/2256/1830 2142/2263/1830 4112/2264/1830 4110/2257/1830
f 2136/2258/1831 2143/2265/1831 2145/2266/1831 2138/2259/1831
f 2138/2259/1832 2145/2266/1832 2146/2267/1832 2139/2260/1832
f 2139/2260/1833 2146/2267/1833 2147/2268/1833 2140/2261/1833
f 2140/2261/1834 2147/2268/1834 2148/2269/1834 2141/2262/1834
f 2141/2262/1835 2148/2269/1835 2149/2270/1835 2142/2263/1835
f 2142/2263/1836 2149/2270/1836 4114/2271/1836 4112/2264/1836
f 2143/2265/1837 2150/2272/1837 2152/2273/1837 2145/2266/1837
f 2145/2266/1838 2152/2273/1838 2153/2274/1838 2146/2267/1838
f 2146/2267/1839 2153/2274/1839 2154/2275/1839 2147/2268/1839
f 2147/2268/1840 2154/2275/1840 2155/2276/1840 2148/2269/1840
f 2148/2269/1841 2155/2276/1841 2156/2277/1841 2149/2270/1841
f 2149/2270/1842 2156/2277/1842 4116/2278/1842 4114/2271/1842
f 2150/2272/1843 2157/2279/1843 2159/2280/1843 2152/2273/1843
f 2152/2273/1844 2159/2280/1844 2160/2281/1844 2153/2274/1844
f 2153/2274/1845 2160/2281/1845 2161/2282/1845 2154/2275/1845
f 2154/2275/1846 2161/2282/1846 2162/2283/1846 2155/2276/1846
f 2155/2276/1847 2162/2283/1847 2163/2284/1847 2156/2277/1847
f 2156/2277/1848 2163/2284/1848 4118/2285/1848 4116/2278/1848
f 2157/2279/1849 2164/2286/1849 2166/2287/1849 2159/2280/1849
f 2159/2280/1850 2166/2287/1850 2167/2288/1850 2160/2281/1850
f 2160/2281/1851 2167/2288/1851 2168/2289/1851 2161/2282/1851
f 2161/2282/1852 2168/2289/1852 2169/2290/1852 2162/2283/1852
f 2162/2283/1853 2169/2290/1853 2170/2291/1853 2163/2284/1853
f 2163/2284/1854 2170/2291/1854 4120/2292/1854 4118/2285/1854
f 2164/2286/1855 2171/2293/1855 2173/2294/1855 2166/2287/1855
f 2166/2287/1856 2173/2294/1856 2174/2295/1856 2167/2288/1856
f 2167/2288/1857 2174/2295/1857 2175/2296/1857 2168/2289/1857
f 2168/2289/1858 2175/2296/1858 2176/2297/1858 2169/2290/1858
f 2169/2290/1859 2176/2297/1859 2177/2298/1859 2170/2291/1859
f 2170/2291/1860 2177/2298/1860 4122/2299/1860 4120/2292/1860
f 2171/2293/1861 2178/2300/1861 2180/2301/1861 2173/2294/1861
f 2173/2294/1862 2180/2301/1862 2181/2302/1862 2174/2295/1862
f 2174/2295/1863 2181/2302/1863 2182/2303/1863 2175/2296/1863
f 2175/2296/1864 2182/2303/1864 2183/2304/1864 2176/2297/1864
f 2176/2297/1865 2183/2304/1865 2184/2305/1865 2177/2298/1865
f 2177/2298/1866 2184/2305/1866 4124/2306/1866 4122/2299/1866
f 2178/2300/1867 2185/2307/1867 2187/2308/1867 2180/2301/1867
f 2180/2301/1868 2187/2308/1868 2188/2309/1868 2181/2302/1868
f 2181/2302/1869 2188/2309/1869 2189/2310/1869 2182/2303/1869
f 2182/2303/1870 2189/2310/1870 2190/2311/1870 2183/2304/1870
f 2183/2304/1871 2190/2311/1871 2191/2312/1871 2184/2305/1871
f 2184/2305/1872 2191/2312/1872 4126/2313/1872 4124/2306/1872
f 2185/2307/1873 2192/2314/1873 2194/2315/1873 2187/2308/1873
f 2187/2308/1874 2194/2315/1874 2195/2316/1874 2188/2309/1874
f 2188/2309/1875 2195/2316/1875 2196/2317/1875 2189/2310/1875
f 2189/2310/1876 2196/2317/1876 2197/2318/1876 2190/2311/1876
f 2190/2311/1877 2197/2318/1877 2198/2319/1877 2191/2312/1877
f 2191/2312/1878 2198/2319/1878 4128/2320/1878 4126/2313/1878
f 2192/2314/1879 2199/2321/1879 2201/2322/1879 2194/2315/1879
f 2194/2315/1880 2201/2322/1880 2202/2323/1880 2195/2316/1880
f 2195/2316/1881 2202/2323/1881 2203/2324/1881 2196/2317/1881
f 2196/2317/1882 2203/2324/1882 2204/2325/1882 2197/2318/1882
f 2197/2318/1883 2204/2325/1883 2205/2326/1883 2198/2319/1883
f 2198/2319/1884 2205/2326/1884 4130/2327/1884 4128/2320/1884
f 2199/2321/1885 2206/2328/1885 2208/2329/1885 2201/2322/1885
f 2201/2322/1886 2208/2329/1886 2209/2330/1886 2202/2323/1886
f 2202/2323/1887 2209/2330/1887 2210/2331/1887 2203/2324/1887
f 2203/2324/1888 2210/2331/1888 2211/2332/1888 2204/2325/1888
f 2204/2325/1889 2211/2332/1889 2212/2333/1889 2205/2326/1889
f 2205/2326/1890 2212/2333/1890 4132/2334/1890 4130/2327/1890
f 2206/2328/1891 2213/2335/1891 2215/2336/1891 2208/2329/1891
f 2208/2329/1892 2215/2336/1892 2216/2337/1892 2209/2330/1892
f 2209/2330/1893 2216/2337/1893 2217/2338/1893 2210/2331/1893
f 2210/2331/1894 2217/2338/1894 2218/2339/1894 2211/2332/1894
f 2211/2332/1895 2218/2339/1895 2219/2340/1895 2212/2333/1895
f 2212/2333/1896 2219/2340/1896 4134/2341/1896 4132/2334/1896
f 2213/2335/1897 2220/2342/1897 2222/2343/1897 2215/2336/1897
f 2215/2336/1898 2222/2343/1898 2223/2344/1898 2216/2337/1898
f 2216/2337/1899 2223/2344/1899 2224/2345/1899 2217/2338/1899
f 2217/2338/1900 2224/2345/1900 2225/2346/1900 2218/2339/1900
f 2218/2339/1901 2225/2346/1901 2226/2347/1901 2219/2340/1901
f 2219/2340/1902 2226/2347/1902 4136/2348/1902 4134/2341/1902
f 2220/2342/1903 2227/2349/1903 2229/2350/1903 2222/2343/1903
f 2222/2343/1904 2229/2350/1904 2230/2351/1904 2223/2344/1904
f 2223/2344/1905 2230/2351/1905 2231/2352/1905 2224/2345/1905
f 2224/2345/1906 2231/2352/1906 2232/2353/1906 2225/2346/1906
f 2225/2346/1907 2232/2353/1907 2233/2354/1907 2226/2347/1907
f 2226/2347/1908 2233/2354/1908 4138/2355/1908 4136/2348/1908
f 2227/2349/1909 2234/2356/1909 2236/2357/1909 2229/2350/1909
f 2229/2350/1910 2236/2357/1910 2237/2358/1910 2230/2351/1910
f 2230/2351/1911 2237/2358/1911 2238/2359/1911 2231/2352/1911
f 2231/2352/1912 2238/2359/1912 2239/2360/1912 2232/2353/1912
f 2232/2353/1913 2239/2360/1913 2240/2361/1913 2233/2354/1913
f 2233/2354/1914 2240/2361/1914 4140/2362/1914 4138/2355/1914
f 2234/2356/1915 2241/2363/1915 2243/2364/1915 2236/2357/1915
f 2236/2357/1916 2243/2364/1916 2244/2365/1916 2237/2358/1916
f 2237/2358/1917 2244/2365/1917 2245/2366/1917 2238/2359/1917
f 2238/2359/1918 2245/2366/1918 2246/2367/1918 2239/2360/1918
f 2239/2360/1919 2246/2367/1919 2247/2368/1919 2240/2361/1919
f 2240/2361/1920 2247/2368/1920 4142/2369/1920 4140/2362/1920
f 2241/2363/1921 2248/2370/1921 2250/2371/1921 2243/2364/1921
f 2243/2364/1922 2250/2371/1922 2251/2372/1922 2244/2365/1922
f 2244/2365/1923 2251/2372/1923 2252/2373/1923 2245/2366/1923
f 2245/2366/1924 2252/2373/1924 2253/2374/1924 2246/2367/1924
f 2246/2367/1925 2253/2374/1925 2254/2375/1925 2247/2368/1925
f 2247/2368/1926 2254/2375/1926 4144/2376/1926 4142/2369/1926
f 2248/2370/1927 2255/2377/1927 2257/2378/1927 2250/2371/1927
f 2250/2371/1928 2257/2378/1928 2258/2379/1928 2251/2372/1928
f 2251/2372/1929 2258/2379/1929 2259/2380/1929 2252/2373/1929
f 2252/2373/1930 2259/2380/1930 2260/2381/1930 2253/2374/1930
f 2253/2374/1931 2260/2381/1931 2261/2382/1931 2254/2375/1931
f 2254/2375/1932 2261/2382/1932 4146/2383/1932 4144/2376/1932
f 2255/2377/1933 2262/2384/1933 2264/2385/1933 2257/2378/1933
f 2257/2378/1934 2264/2385/1934 2265/2386/1934 2258/2379/1934
f 2258/2379/1935 2265/2386/1935 2266/2387/1935 2259/2380/1935
f 2259/2380/1936 2266/2387/1936 2267/2388/1936 2260/2381/1936
f 2260/2381/1937 2267/2388/1937 2268/2389/1937 2261/2382/1937
f 2261/2382/1938 2268/2389/1938 4148/2390/1938 4146/2383/1938
f 2262/2384/1939 2269/2391/1939 2271/2392/1939 2264/2385/1939
f 2264/2385/1940 2271/2392/1940 2272/2393/1940 2265/2386/1940
f 2265/2386/1941 2272/2393/1941 2273/2394/1941 2266/2387/1941
f 2266/2387/1942 2273/2394/1942 2274/2395/1942 2267/2388/1942
f 2267/2388/1943 2274/2395/1943 2275/2396/1943 2268/2389/1943
f 2268/2389/1944 2275/2396/1944 4150/2397/1944 4148/2390/1944
f 2269/2391/1945 2276/2398/1945 2278/2399/1945 2271/2392/1945
f 2271/2392/1946 2278/2399/1946 2279/2400/1946 2272/2393/1946
f 2272/2393/1947 2279/2400/1947 2280/2401/1947 2273/2394/1947
f 2273/2394/1948 2280/2401/1948 2281/2402/1948 2274/2395/1948
f 2274/2395/1949 2281/2402/1949 2282/2403/1949 2275/2396/1949
f 2275/2396/1950 2282/2403/1950 4152/2404/1950 4150/2397/1950
f 2276/2398/1951 2283/2405/1951 2285/2406/1951 2278/2399/1951
f 2278/2399/1952 2285/2406/1952 2286/2407/1952 2279/2400/1952
f 2279/2400/1953 2286/2407/1953 2287/2408/1953 2280/2401/1953
f 2280/2401/1954 2287/2408/1954 2288/2409/1954 2281/2402/1954
f 2281/2402/1955 2288/2409/1955 2289/2410/1955 2282/2403/1955
f 2282/2403/1956 2289/2410/1956 4154/2411/1956 4152/2404/1956
f 2283/2405/1957 2290/2412/1957 2292/2413/1957 2285/2406/1957
f 2285/2406/1958 2292/2413/1958 2293/2414/1958 2286/2407/1958
f 2286/2407/1959 2293/2414/1959 2294/2415/1959 2287/2408/1959
f 2287/2408/1960 2294/2415/1960 2295/2416/1960 2288/2409/1960
f 2288/2409/1961 2295/2416/1961 2296/2417/1961 2289/2410/1961
f 2289/2410/1962 2296/2417/1962 4156/2418/1962 4154/2411/1962
f 2290/2412/1963 2297/2419/1963 2299/2420/1963 2292/2413/1963
f 2292/2413/1964 2299/2420/1964 2300/2421/1964 2293/2414/1964
f 2293/2414/1965 2300/2421/1965 2301/2422/1965 2294/2415/1965
f 2294/2415/1966 2301/2422/1966 2302/2423/1966 2295/2416/1966
f 2295/2416/1967 2302/2423/1967 2303/2424/1967 2296/2417/1967
f 2296/2417/1968 2303/2424/1968 4158/2425/1968 4156/2418/1968
f 2297/2419/1969 2304/2426/1969 2306/2427/1969 2299/2420/1969
f 2299/2420/1970 2306/2427/1970 2307/2428/1970 2300/2421/1970
f 2300/2421/1971 2307/2428/1971 2308/2429/1971 2301/2422/1971
f 2301/2422/1972 2308/2429/1972 2309/2430/1972 2302/2423/1972
f 2302/2423/1973 2309/2430/1973 2310/2431/1973 2303/2424/1973
f 2303/2424/1974 2310/2431/1974 4160/2432/1974 4158/2425/1974
f 2304/2426/1975 2311/2433/1975 2313/2434/1975 2306/2427/1975
f 2306/2427/1976 2313/2434/1976 2314/2435/1976 2307/2428/1976
f 2307/2428/1977 2314/2435/1977 2315/2436/1977 2308/2429/1977
f 2308/2429/1978 2315/2436/1978 2316/2437/1978 2309/2430/1978
f 2309/2430/1979 2316/2437/1979 2317/2438/1979 2310/2431/1979
f 2310/2431/1980 2317/2438/1980 4162/2439/1980 4160/2432/1980
f 2311/2433/1981 2318/2440/1981 2320/2441/1981 2313/2434/1981
f 2313/2434/1982 2320/2441/1982 2321/2442/1982 2314/2435/1982
f 2314/2435/1983 2321/2442/1983 2322/2443/1983 2315/2436/1983
f 2315/2436/1984 2322/2443/1984 2323/2444/1984 2316/2437/1984
f 2316/2437/1985 2323/2444/1985 2324/2445/1985 2317/2438/1985
f 2317/2438/1986 2324/2445/1986 4164/2446/1986 4162/2439/1986
f 2318/2440/1987 2325/2447/1987 2327/2448/1987 2320/2441/1987
f 2320/2441/1988 2327/2448/1988 2328/2449/1988 2321/2442/1988
f 2321/2442/1989 2328/2449/1989 2329/2450/1989 2322/2443/1989
f 2322/2443/1990 2329/2450/1990 2330/2451/1990 2323/2444/1990
f 2323/2444/1991 2330/2451/1991 2331/2452/1991 2324/2445/1991
f 2324/2445/1992 2331/2452/1992 4166/2453/1992 4164/2446/1992
f 2325/2447/1993 2332/2454/1993 2334/2455/1993 2327/2448/1993
f 2327/2448/1994 2334/2455/1994 2335/2456/1994 2328/2449/1994
f 2328/2449/1995 2335/2456/1995 2336/2457/1995 2329/2450/1995
f 2329/2450/1996 2336/2457/1996 2337/2458/1996 2330/2451/1996
f 2330/2451/1997 2337/2458/1997 2338/2459/1997 2331/2452/1997
f 2331/2452/1998 2338/2459/1998 4168/2460/1998 4166/2453/1998
f 2332/2454/1999 2339/2461/1999 2341/2462/1999 2334/2455/1999
f 2334/2455/2000 2341/2462/2000 2342/2463/2000 2335/2456/2000
f 2335/2456/2001 2342/2463/2001 2343/2464/2001 2336/2457/2001
f 2336/2457/2002 2343/2464/2002 2344/2465/2002 2337/2458/2002
f 2337/2458/2003 2344/2465/2003 2345/2466/2003 2338/2459/2003
f 2338/2459/2004 2345/2466/2004 4170/2467/2004 4168/2460/2004
f 2339/2461/2005 2346/2468/2005 2348/2469/2005 2341/2462/2005
f 2341/2462/2006 2348/2469/2006 2349/2470/2006 2342/2463/2006
f 2342/2463/2007 2349/2470/2007 2350/2471/2007 2343/2464/2007
f 2343/2464/2008 2350/2471/2008 2351/2472/2008 2344/2465/2008
f 2344/2465/2009 2351/2472/2009 2352/2473/2009 2345/2466/2009
f 2345/2466/2010 2352/2473/2010 4172/2474/2010 4170/2467/2010
f 2346/2468/2011 2353/2475/2011 2355/2476/2011 2348/2469/2011
f 2348/2469/2012 2355/2476/2012 2356/2477/2012 2349/2470/2012
f 2349/2470/2013 2356/2477/2013 2357/2478/2013 2350/2471/2013
f 2350/2471/2014 2357/2478/2014 2358/2479/2014 2351/2472/2014
f 2351/2472/2015 2358/2479/2015 2359/2480/2015 2352/2473/2015
f 2352/2473/2016 2359/2480/2016 4174/2481/2016 4172/2474/2016
f 2353/2475/2017 2360/2482/2017 2362/2483/2017 2355/2476/2017
f 2355/2476/2018 2362/2483/2018 2363/2484/2018 2356/2477/2018
f 2356/2477/2019 2363/2484/2019 2364/2485/2019 2357/2478/2019
f 2357/2478/2020 2364/2485/2020 2365/2486/2020 2358/2479/2020
f 2358/2479/2021 2365/2486/2021 2366/2487/2021 2359/2480/2021
f 2359/2480/2022 2366/2487/2022 4176/2488/2022 4174/2481/2022
f 2360/2482/2023 2367/2489/2023 2369/2490/2023 2362/2483/2023
f 2362/2483/2024 2369/2490/2024 2370/2491/2024 2363/2484/2024
f 2363/2484/2025 2370/2491/2025 2371/2492/2025 2364/2485/2025
f 2364/2485/2026 2371/2492/2026 2372/2493/2026 2365/2486/2026
f 2365/2486/2027 2372/2493/2027 2373/2494/2027 2366/2487/2027
f 2366/2487/2028 2373/2494/2028 4178/2495/2028 4176/2488/2028
f 2367/2489/2029 2374/2496/2029 2376/2497/2029 2369/2490/2029
f 2369/2490/2030 2376/2497/2030 2377/2498/2030 2370/2491/2030
f 2370/2491/2031 2377/2498/2031 2378/2499/2031 2371/2492/2031
f 2371/2492/2032 2378/2499/2032 2379/2500/2032 2372/2493/2032
f 2372/2493/2033 2379/2500/2033 2380/2501/2033 2373/2494/2033
f 2373/2494/2034 2380/2501/2034 4180/2502/2034 4178/2495/2034
f 2374/2496/2035 2381/2503/2035 2383/2504/2035 2376/2497/2035
f 2376/2497/2036 2383/2504/2036 2384/2505/2036 2377/2498/2036
f 2377/2498/2037 2384/2505/2037 2385/2506/2037 2378/2499/2037
f 2378/2499/2038 2385/2506/2038 2386/2507/2038 2379/2500/2038
f 2379/2500/2039 2386/2507/2039 2387/2508/2039 2380/2501/2039
f 2380/2501/2040 2387/2508/2040 4182/2509/2040 4180/2502/2040
f 2381/2503/2041 2388/2510/2041 2390/2511/2041 2383/2504/2041
f 2383/2504/2042 2390/2511/2042 2391/2512/2042 2384/2505/2042
f 2384/2505/2043 2391/2512/2043 2392/2513/2043 2385/2506/2043
f 2385/2506/2044 2392/2513/2044 2393/2514/2044 2386/2507/2044
f 2386/2507/2045 2393/2514/2045 2394/2515/2045 2387/2508/2045
f 2387/2508/2046 2394/2515/2046 4184/2516/2046 4182/2509/2046
f 2388/2510/2047 2395/2517/2047 2397/2518/2047 2390/2511/2047
f 2390/2511/2048 2397/2518/2048 2398/2519/2048 2391/2512/2048
f 2391/2512/2049 2398/2519/2049 2399/2520/2049 2392/2513/2049
f 2392/2513/2050 2399/2520/2050 2400/2521/2050 2393/2514/2050
f 2393/2514/2051 2400/2521/2051 2401/2522/2051 2394/2515/2051
f 2394/2515/2052 2401/2522/2052 4186/2523/2052 4184/2516/2052
f 2395/2517/2053 2402/2524/2053 2404/2525/2053 2397/2518/2053
f 2397/2518/2054 2404/2525/2054 2405/2526/2054 2398/2519/2054
f 2398/2519/2055 2405/2526/2055 2406/2527/2055 2399/2520/2055
f 2399/2520/2056 2406/2527/2056 2407/2528/2056 2400/2521/2056
f 2400/2521/2057 2407/2528/2057 2408/2529/2057 2401/2522/2057
f 2401/2522/2058 2408/2529/2058 4188/2530/2058 4186/2523/2058
f 2402/2524/2059 2409/2531/2059 2411/2532/2059 2404/2525/2059
f 2404/2525/2060 2411/2532/2060 2412/2533/2060 2405/2526/2060
f 2405/2526/2061 2412/2533/2061 2413/2534/2061 2406/2527/2061
f 2406/2527/2062 2413/2534/2062 2414/2535/2062 2407/2528/2062
f 2407/2528/2063 2414/2535/2063 2415/2536/2063 2408/2529/2063
f 2408/2529/2064 2415/2536/2064 4190/2537/2064 4188/2530/2064
f 2409/2531/2065 2416/2538/2065 2418/2539/2065 2411/2532/2065
f 2411/2532/2066 2418/2539/2066 2419/2540/2066 2412/2533/2066
f 2412/2533/2067 2419/2540/2067 2420/2541/2067 2413/2534/2067
f 2413/2534/2068 2420/2541/2068 2421/2542/2068 2414/2535/2068
f 2414/2535/2069 2421/2542/2069 2422/2543/2069 2415/2536/2069
f 2415/2536/2070 2422/2543/2070 4192/2544/2070 4190/2537/2070
f 2416/2538/2071 2423/2545/2071 2425/2546/2071 2418/2539/2071
f 2418/2539/2072 2425/2546/2072 2426/2547/2072 2419/2540/2072
f 2419/2540/2073 2426/2547/2073 2427/2548/2073 2420/2541/2073
f 2420/2541/2074 2427/2548/2074 2428/2549/2074 2421/2542/2074
f 2421/2542/2075 2428/2549/2075 2429/2550/2075 2422/2543/2075
f 2422/2543/2076 2429/2550/2076 4194/2551/2076 4192/2544/2076
f 2423/2545/2077 2430/2552/2077 2432/2553/2077 2425/2546/2077
f 2425/2546/2078 2432/2553/2078 2433/2554/2078 2426/2547/2078
f 2426/2547/2079 2433/2554/2079 2434/2555/2079 2427/2548/2079
f 2427/2548/2080 2434/2555/2080 2435/2556/2080 2428/2549/2080
f 2428/2549/2081 2435/2556/2081 2436/2557/2081 2429/2550/2081
f 2429/2550/2082 2436/2557/2082 4196/2558/2082 4194/2551/2082
f 2430/2552/2083 2437/2559/2083 2439/2560/2083 2432/2553/2083
f 2432/2553/2084 2439/2560/2084 2440/2561/2084 2433/2554/2084
f 2433/2554/2085 2440/2561/2085 2441/2562/2085 2434/2555/2085
f 2434/2555/2086 2441/2562/2086 2442/2563/2086 2435/2556/2086
f 2435/2556/2087 2442/2563/2087 2443/2564/2087 2436/2557/2087
f 2436/2557/2088 2443/2564/2088 4198/2565/2088 4196/2558/2088
f 2437/2559/2089 2444/2566/2089 2446/2567/2089 2439/2560/2089
f 2439/2560/2090 2446/2567/2090 2447/2568/2090 2440/2561/2090
f 2440/2561/2091 2447/2568/2091 2448/2569/2091 2441/2562/2091
f 2441/2562/2092 2448/2569/2092 2449/2570/2092 2442/2563/2092
f 2442/2563/2093 2449/2570/2093 2450/2571/2093 2443/2564/2093
f 2443/2564/2094 2450/2571/2094 4200/2572/2094 4198/2565/2094
f 2444/2573/2095 2451/2574/2095 2453/2575/2095 2446/2576/2095
f 2446/2576/2096 2453/2575/2096 2454/2577/2096 2447/2578/2096
f 2447/2578/2097 2454/2577/2097 2455/2579/2097 2448/2580/2097
f 2448/2580/2098 2455/2579/2098 2456/2581/2098 2449/2582/2098
f 2449/2582/2099 2456/2581/2099 2457/2583/2099 2450/2584/2099
f 2450/2584/2100 2457/2583/2100 4202/2585/2100 4200/2586/2100
f 2451/2574/2101 2458/2587/2101 2460/2588/2101 2453/2575/2101
f 2453/2575/2102 2460/2588/2102 2461/2589/2102 2454/2577/2102
f 2454/2577/2103 2461/2589/2103 2462/2590/2103 2455/2579/2103
f 2455/2579/2104 2462/2590/2104 2463/2591/2104 2456/2581/2104
f 2456/2581/2105 2463/2591/2105 2464/2592/2105 2457/2583/2105
f 2457/2583/2106 2464/2592/2106 4204/2593/2106 4202/2585/2106
f 2458/2587/2107 2465/2594/2107 2467/2595/2107 2460/2588/2107
f 2460/2588/2108 2467/2595/2108 2468/2596/2108 2461/2589/2108
f 2461/2589/2109 2468/2596/2109 2469/2597/2109 2462/2590/2109
f 2462/2590/2110 2469/2597/2110 2470/2598/2110 2463/2591/2110
f 2463/2591/2111 2470/2598/2111 2471/2599/2111 2464/2592/2111
f 2464/2592/2112 2471/2599/2112 4206/2600/2112 4204/2593/2112
f 2465/2594/2113 2472/2601/2113 2474/2602/2113 2467/2595/2113
f 2467/2595/2114 2474/2602/2114 2475/2603/2114 2468/2596/2114
f 2468/2596/2115 2475/2603/2115 2476/2604/2115 2469/2597/2115
f 2469/2597/2116 2476/2604/2116 2477/2605/2116 2470/2598/2116
f 2470/2598/2117 2477/2605/2117 2478/2606/2117 2471/2599/2117
f 2471/2599/2118 2478/2606/2118 4208/2607/2118 4206/2600/2118
f 2472/2601/2119 2479/2608/2119 2481/2609/2119 2474/2602/2119
f 2474/2602/2120 2481/2609/2120 2482/2610/2120 2475/2603/2120
f 2475/2603/2121 2482/2610/2121 2483/2611/2121 2476/2604/2121
f 2476/2604/2122 2483/2611/2122 2484/2612/2122 2477/2605/2122
f 2477/2605/2123 2484/2612/2123 2485/2613/2123 2478/2606/2123
f 2478/2606/2124 2485/2613/2124 4210/2614/2124 4208/2607/2124
f 2479/2608/2125 2486/2615/2125 2488/2616/2125 2481/2609/2125
f 2481/2609/2126 2488/2616/2126 2489/2617/2126 2482/2610/2126
f 2482/2610/2127 2489/2617/2127 2490/2618/2127 2483/2611/2127
f 2483/2611/2128 2490/2618/2128 2491/2619/2128 2484/2612/2128
f 2484/2612/2129 2491/2619/2129 2492/2620/2129 2485/2613/2129
f 2485/2613/2130 2492/2620/2130 4212/2621/2130 4210/2614/2130
f 2486/2615/2131 2493/2622/2131 2495/2623/2131 2488/2616/2131
f 2488/2616/2132 2495/2623/2132 2496/2624/2132 2489/2617/2132
f 2489/2617/2133 2496/2624/2133 2497/2625/2133 2490/2618/2133
f 2490/2618/2134 2497/2625/2134 2498/2626/2134 2491/2619/2134
f 2491/2619/2135 2498/2626/2135 2499/2627/2135 2492/2620/2135
f 2492/2620/2136 2499/2627/2136 4214/2628/2136 4212/2621/2136
f 2493/2622/2137 2500/2629/2137 2502/2630/2137 2495/2623/2137
f 2495/2623/2138 2502/2630/2138 2503/2631/2138 2496/2624/2138
f 2496/2624/2139 2503/2631/2139 2504/2632/2139 2497/2625/2139
f 2497/2625/2140 2504/2632/2140 2505/2633/2140 2498/2626/2140
f 2498/2626/2141 2505/2633/2141 2506/2634/2141 2499/2627/2141
f 2499/2627/2142 2506/2634/2142 4216/2635/2142 4214/2628/2142
f 2500/2629/2143 2507/2636/2143 2509/2637/2143 2502/2630/2143
f 2502/2630/2144 2509/2637/2144 2510/2638/2144 2503/2631/2144
f 2503/2631/2145 2510/2638/2145 2511/2639/2145 2504/2632/2145
f 2504/2632/2146 2511/2639/2146 2512/2640/2146 2505/2633/2146
f 2505/2633/2147 2512/2640/2147 2513/2641/2147 2506/2634/2147
f 2506/2634/2148 2513/2641/2148 4218/2642/2148 4216/2635/2148
f 2507/2636/2149 2514/2643/2149 2516/2644/2149 2509/2637/2149
f 2509/2637/2150 2516/2644/2150 2517/2645/2150 2510/2638/2150
f 2510/2638/2151 2517/2645/2151 2518/2646/2151 2511/2639/2151
f 2511/2639/2152 2518/2646/2152 2519/2647/2152 2512/2640/2152
f 2512/2640/2153 2519/2647/2153 2520/2648/2153 2513/2641/2153
f 2513/2641/2154 2520/2648/2154 4220/2649/2154 4218/2642/2154
f 2514/2643/2155 2521/2650/2155 2523/2651/2155 2516/2644/2155
f 2516/2644/2156 2523/2651/2156 2524/2652/2156 2517/2645/2156
f 2517/2645/2157 2524/2652/2157 2525/2653/2157 2518/2646/2157
f 2518/2646/2158 2525/2653/2158 2526/2654/2158 2519/2647/2158
f 2519/2647/2159 2526/2654/2159 2527/2655/2159 2520/2648/2159
f 2520/2648/2160 2527/2655/2160 4222/2656/2160 4220/2649/2160
f 2521/2650/2161 2528/2657/2161 2530/2658/2161 2523/2651/2161
f 2523/2651/2162 2530/2658/2162 2531/2659/2162 2524/2652/2162
f 2524/2652/2163 2531/2659/2163 2532/2660/2163 2525/2653/2163
f 2525/2653/2164 2532/2660/2164 2533/2661/2164 2526/2654/2164
f 2526/2654/2165 2533/2661/2165 2534/2662/2165 2527/2655/2165
f 2527/2655/2166 2534/2662/2166 4224/2663/2166 4222/2656/2166
f 2528/2657/2167 2535/2664/2167 2537/2665/2167 2530/2658/2167
f 2530/2658/2168 2537/2665/2168 2538/2666/2168 2531/2659/2168
f 2531/2659/2169 2538/2666/2169 2539/2667/2169 2532/2660/2169
f 2532/2660/2170 2539/2667/2170 2540/2668/2170 2533/2661/2170
f 2533/2661/2171 2540/2668/2171 2541/2669/2171 2534/2662/2171
f 2534/2662/2172 2541/2669/2172 4226/2670/2172 4224/2663/2172
f 2535/2664/2173 2542/2671/2173 2544/2672/2173 2537/2665/2173
f 2537/2665/2174 2544/2672/2174 2545/2673/2174 2538/2666/2174
f 2538/2666/2175 2545/2673/2175 2546/2674/2175 2539/2667/2175
f 2539/2667/2176 2546/2674/2176 2547/2675/2176 2540/2668/2176
f 2540/2668/2177 2547/2675/2177 2548/2676/2177 2541/2669/2177
f 2541/2669/2178 2548/2676/2178 4228/2677/2178 4226/2670/2178
f 2542/2671/2179 2549/2678/2179 2551/2679/2179 2544/2672/2179
f 2544/2672/2180 2551/2679/2180 2552/2680/2180 2545/2673/2180
f 2545/2673/2181 2552/2680/2181 2553/2681/2181 2546/2674/2181
f 2546/2674/2182 2553/2681/2182 2554/2682/2182 2547/2675/2182
f 2547/2675/2183 2554/2682/2183 2555/2683/2183 2548/2676/2183
f 2548/2676/2184 2555/2683/2184 4230/2684/2184 4228/2677/2184
f 2549/2678/2185 2556/2685/2185 2558/2686/2185 2551/2679/2185
f 2551/2679/2186 2558/2686/2186 2559/2687/2186 2552/2680/2186
f 2552/2680/2187 2559/2687/2187 2560/2688/2187 2553/2681/2187
f 2553/2681/2188 2560/2688/2188 2561/2689/2188 2554/2682/2188
f 2554/2682/2189 2561/2689/2189 2562/2690/2189 2555/2683/2189
f 2555/2683/2190 2562/2690/2190 4232/2691/2190 4230/2684/2190
f 2556/2685/2191 2563/2692/2191 2565/2693/2191 2558/2686/2191
f 2558/2686/2192 2565/2693/2192 2566/2694/2192 2559/2687/2192
f 2559/2687/2193 2566/2694/2193 2567/2695/2193 2560/2688/2193
f 2560/2688/2194 2567/2695/2194 2568/2696/2194 2561/2689/2194
f 2561/2689/2195 2568/2696/2195 2569/2697/2195 2562/2690/2195
f 2562/2690/2196 2569/2697/2196 4234/2698/2196 4232/2691/2196
f 2563/2692/2197 2570/2699/2197 2572/2700/2197 2565/2693/2197
f 2565/2693/2198 2572/2700/2198 2573/2701/2198 2566/2694/2198
f 2566/2694/2199 2573/2701/2199 2574/2702/2199 2567/2695/2199
f 2567/2695/2200 2574/2702/2200 2575/2703/2200 2568/2696/2200
f 2568/2696/2201 2575/2703/2201 2576/2704/2201 2569/2697/2201
f 2569/2697/2202 2576/2704/2202 4236/2705/2202 4234/2698/2202
f 2570/2699/2203 2577/2706/2203 2579/2707/2203 2572/2700/2203
f 2572/2700/2204 2579/2707/2204 2580/2708/2204 2573/2701/2204
f 2573/2701/2205 2580/2708/2205 2581/2709/2205 2574/2702/2205
f 2574/2702/2206 2581/2709/2206 2582/2710/2206 2575/2703/2206
f 2575/2703/2207 2582/2710/2207 2583/2711/2207 2576/2704/2207
f 2576/2704/2208 2583/2711/2208 4238/2712/2208 4236/2705/2208
f 2577/2706/2209 2584/2713/2209 2586/2714/2209 2579/2707/2209
f 2579/2707/2210 2586/2714/2210 2587/2715/2210 2580/2708/2210
f 2580/2708/2211 2587/2715/2211 2588/2716/2211 2581/2709/2211
f 2581/2709/2212 2588/2716/2212 2589/2717/2212 2582/2710/2212
f 2582/2710/2213 2589/2717/2213 2590/2718/2213 2583/2711/2213
f 2583/2711/2214 2590/2718/2214 4240/2719/2214 4238/2712/2214
f 2584/2713/2215 2591/2720/2215 2593/2721/2215 2586/2714/2215
f 2586/2714/2216 2593/2721/2216 2594/2722/2216 2587/2715/2216
f 2587/2715/2217 2594/2722/2217 2595/2723/2217 2588/2716/2217
f 2588/2716/2218 2595/2723/2218 2596/2724/2218 2589/2717/2218
f 2589/2717/2219 2596/2724/2219 2597/2725/2219 2590/2718/2219
f 2590/2718/2220 2597/2725/2220 4242/2726/2220 4240/2719/2220
f 2591/2720/2221 2598/2727/2221 2600/2728/2221 2593/2721/2221
f 2593/2721/2222 2600/2728/2222 2601/2729/2222 2594/2722/2222
f 2594/2722/2223 2601/2729/2223 2602/2730/2223 2595/2723/2223
f 2595/2723/2224 2602/2730/2224 2603/2731/2224 2596/2724/2224
f 2596/2724/2225 2603/2731/2225 2604/2732/2225 2597/2725/2225
f 2597/2725/2226 2604/2732/2226 4244/2733/2226 4242/2726/2226
f 2598/2727/2227 2605/2734/2227 2607/2735/2227 2600/2728/2227
f 2600/2728/2228 2607/2735/2228 2608/2736/2228 2601/2729/2228
f 2601/2729/2229 2608/2736/2229 2609/2737/2229 2602/2730/2229
f 2602/2730/2230 2609/2737/2230 2610/2738/2230 2603/2731/2230
f 2603/2731/2231 2610/2738/2231 2611/2739/2231 2604/2732/2231
f 2604/2732/2232 2611/2739/2232 4246/2740/2232 4244/2733/2232
f 2605/2734/2233 2612/2741/2233 2614/2742/2233 2607/2735/2233
f 2607/2735/2234 2614/2742/2234 2615/2743/2234 2608/2736/2234
f 2608/2736/2235 2615/2743/2235 2616/2744/2235 2609/2737/2235
f 2609/2737/2236 2616/2744/2236 2617/2745/2236 2610/2738/2236
f 2610/2738/2237 2617/2745/2237 2618/2746/2237 2611/2739/2237
f 2611/2739/2238 2618/2746/2238 4248/2747/2238 4246/2740/2238
f 2612/2741/2239 2619/2748/2239 2621/2749/2239 2614/2742/2239
f 2614/2742/2240 2621/2749/2240 2622/2750/2240 2615/2743/2240
f 2615/2743/2241 2622/2750/2241 2623/2751/2241 2616/2744/2241
f 2616/2744/2242 2623/2751/2242 2624/2752/2242 2617/2745/2242
f 2617/2745/2243 2624/2752/2243 2625/2753/2243 2618/2746/2243
f 2618/2746/2244 2625/2753/2244 4250/2754/2244 4248/2747/2244
f 2619/2748/2245 2626/2755/2245 2628/2756/2245 2621/2749/2245
f 2621/2749/2246 2628/2756/2246 2629/2757/2246 2622/2750/2246
f 2622/2750/2247 2629/2757/2247 2630/2758/2247 2623/2751/2247
f 2623/2751/2248 2630/2758/2248 2631/2759/2248 2624/2752/2248
f 2624/2752/2249 2631/2759/2249 2632/2760/2249 2625/2753/2249
f 2625/2753/2250 2632/2760/2250 4252/2761/2250 4250/2754/2250
f 2626/2755/2251 2633/2762/2251 2635/2763/2251 2628/2756/2251
f 2628/2756/2252 2635/2763/2252 2636/2764/2252 2629/2757/2252
f 2629/2757/2253 2636/2764/2253 2637/2765/2253 2630/2758/2253
f 2630/2758/2254 2637/2765/2254 2638/2766/2254 2631/2759/2254
f 2631/2759/2255 2638/2766/2255 2639/2767/2255 2632/2760/2255
f 2632/2760/2256 2639/2767/2256 4254/2768/2256 4252/2761/2256
f 2633/2762/2257 2640/2769/2257 2642/2770/2257 2635/2763/2257
f 2635/2763/2258 2642/2770/2258 2643/2771/2258 2636/2764/2258
f 2636/2764/2259 2643/2771/2259 2644/2772/2259 2637/2765/2259
f 2637/2765/2260 2644/2772/2260 2645/2773/2260 2638/2766/2260
f 2638/2766/2261 2645/2773/2261 2646/2774/2261 2639/2767/2261
f 2639/2767/2262 2646/2774/2262 4256/2775/2262 4254/2768/2262
f 2640/2769/2263 2647/2776/2263 2649/2777/2263 2642/2770/2263
f 2642/2770/2264 2649/2777/2264 2650/2778/2264 2643/2771/2264
f 2643/2771/2265 2650/2778/2265 2651/2779/2265 2644/2772/2265
f 2644/2772/2266 2651/2779/2266 2652/2780/2266 2645/2773/2266
f 2645/2773/2267 2652/2780/2267 2653/2781/2267 2646/2774/2267
f 2646/2774/2268 2653/2781/2268 4258/2782/2268 4256/2775/2268
f 2647/2776/2269 2654/2783/2269 2656/2784/2269 2649/2777/2269
f 2649/2777/2270 2656/2784/2270 2657/2785/2270 2650/2778/2270
f 2650/2778/2271 2657/2785/2271 2658/2786/2271 2651/2779/2271
f 2651/2779/2272 2658/2786/2272 2659/2787/2272 2652/2780/2272
f 2652/2780/2273 2659/2787/2273 2660/2788/2273 2653/2781/2273
f 2653/2781/2274 2660/2788/2274 4260/2789/2274 4258/2782/2274
f 2654/2783/2275 2661/2790/2275 2663/2791/2275 2656/2784/2275
f 2656/2784/2276 2663/2791/2276 2664/2792/2276 2657/2785/2276
f 2657/2785/2277 2664/2792/2277 2665/2793/2277 2658/2786/2277
f 2658/2786/2278 2665/2793/2278 2666/2794/2278 2659/2787/2278
f 2659/2787/2279 2666/2794/2279 2667/2795/2279 2660/2788/2279
f 2660/2788/2280 2667/2795/2280 4262/2796/2280 4260/2789/2280
f 2661/2790/2281 2668/2797/2281 2670/2798/2281 2663/2791/2281
f 2663/2791/2282 2670/2798/2282 2671/2799/2282 2664/2792/2282
f 2664/2792/2283 2671/2799/2283 2672/2800/2283 2665/2793/2283
f 2665/2793/2284 2672/2800/2284 2673/2801/2284 2666/2794/2284
f 2666/2794/2285 2673/2801/2285 2674/2802/2285 2667/2795/2285
f 2667/2795/2286 2674/2802/2286 4264/2803/2286 4262/2796/2286
f 2668/2797/2287 2675/2804/2287 2677/2805/2287 2670/2798/2287
f 2670/2798/2288 2677/2805/2288 2678/2806/2288 2671/2799/2288
f 2671/2799/2289 2678/2806/2289 2679/2807/2289 2672/2800/2289
f 2672/2800/2290 2679/2807/2290 2680/2808/2290 2673/2801/2290
f 2673/2801/2291 2680/2808/2291 2681/2809/2291 2674/2802/2291
f 2674/2802/2292 2681/2809/2292 4266/2810/2292 4264/2803/2292
f 2675/2804/2293 2682/2811/2293 2684/2812/2293 2677/2805/2293
f 2677/2805/2294 2684/2812/2294 2685/2813/2294 2678/2806/2294
f 2678/2806/2295 2685/2813/2295 2686/2814/2295 2679/2807/2295
f 2679/2807/2296 2686/2814/2296 2687/2815/2296 2680/2808/2296
f 2680/2808/2297 2687/2815/2297 2688/2816/2297 2681/2809/2297
f 2681/2809/2298 2688/2816/2298 4268/2817/2298 4266/2810/2298
f 2682/2811/2299 2689/2818/2299 2691/2819/2299 2684/2812/2299
f 2684/2812/2300 2691/2819/2300 2692/2820/2300 2685/2813/2300
f 2685/2813/2301 2692/2820/2301 2693/2821/2301 2686/2814/2301
f 2686/2814/2302 2693/2821/2302 2694/2822/2302 2687/2815/2302
f 2687/2815/2303 2694/2822/2303 2695/2823/2303 2688/2816/2303
f 2688/2816/2304 2695/2823/2304 4270/2824/2304 4268/2817/2304
f 2689/2818/2305 2696/2825/2305 2698/2826/2305 2691/2819/2305
f 2691/2819/2306 2698/2826/2306 2699/2827/2306 2692/2820/2306
f 2692/2820/2307 2699/2827/2307 2700/2828/2307 2693/2821/2307
f 2693/2821/2308 2700/2828/2308 2701/2829/2308 2694/2822/2308
f 2694/2822/2309 2701/2829/2309 2702/2830/2309 2695/2823/2309
f 2695/2823/2310 2702/2830/2310 4272/2831/2310 4270/2824/2310
f 2696/2825/2311 2703/2832/2311 2705/2833/2311 2698/2826/2311
f 2698/2826/2312 2705/2833/2312 2706/2834/2312 2699/2827/2312
f 2699/2827/2313 2706/2834/2313 2707/2835/2313 2700/2828/2313
f 2700/2828/2314 2707/2835/2314 2708/2836/2314 2701/2829/2314
f 2701/2829/2315 2708/2836/2315 2709/2837/2315 2702/2830/2315
f 2702/2830/2316 2709/2837/2316 4274/2838/2316 4272/2831/2316
f 2703/2832/2317 2710/2839/2317 2712/2840/2317 2705/2833/2317
f 2705/2833/2318 2712/2840/2318 2713/2841/2318 2706/2834/2318
f 2706/2834/2319 2713/2841/2319 2714/2842/2319 2707/2835/2319
f 2707/2835/2320 2714/2842/2320 2715/2843/2320 2708/2836/2320
f 2708/2836/2321 2715/2843/2321 2716/2844/2321 2709/2837/2321
f 2709/2837/2322 2716/2844/2322 4276/2845/2322 4274/2838/2322
f 2710/2839/2323 2717/2846/2323 2719/2847/2323 2712/2840/2323
f 2712/2840/2324 2719/2847/2324 2720/2848/2324 2713/2841/2324
f 2713/2841/2325 2720/2848/2325 2721/2849/2325 2714/2842/2325
f 2714/2842/2326 2721/2849/2326 2722/2850/2326 2715/2843/2326
f 2715/2843/2327 2722/2850/2327 2723/2851/2327 2716/2844/2327
f 2716/2844/2328 2723/2851/2328 4278/2852/2328 4276/2845/2328
f 2717/2846/2329 2724/2853/2329 2726/2854/2329 2719/2847/2329
f 2719/2847/2330 2726/2854/2330 2727/2855/2330 2720/2848/2330
f 2720/2848/2331 2727/2855/2331 2728/2856/2331 2721/2849/2331
f 2721/2849/2332 2728/2856/2332 2729/2857/2332 2722/2850/2332
f 2722/2850/2333 2729/2857/2333 2730/2858/2333 2723/2851/2333
f 2723/2851/2334 2730/2858/2334 4280/2859/2334 4278/2852/2334
f 2724/2853/2335 2731/2860/2335 2733/2861/2335 2726/2854/2335
f 2726/2854/2336 2733/2861/2336 2734/2862/2336 2727/2855/2336
f 2727/2855/2337 2734/2862/2337 2735/2863/2337 2728/2856/2337
f 2728/2856/2338 2735/2863/2338 2736/2864/2338 2729/2857/2338
f 2729/2857/2339 2736/2864/2339 2737/2865/2339 2730/2858/2339
f 2730/2858/2340 2737/2865/2340 4282/2866/2340 4280/2859/2340
f 2731/2860/2341 2738/2867/2341 2740/2868/2341 2733/2861/2341
f 2733/2861/2342 2740/2868/2342 2741/2869/2342 2734/2862/2342
f 2734/2862/2343 2741/2869/2343 2742/2870/2343 2735/2863/2343
f 2735/2863/2344 2742/2870/2344 2743/2871/2344 2736/2864/2344
f 2736/2864/2345 2743/2871/2345 2744/2872/2345 2737/2865/2345
f 2737/2865/2346 2744/2872/2346 4284/2873/2346 4282/2866/2346
f 2738/2867/2347 2745/2874/2347 2747/2875/2347 2740/2868/2347
f 2740/2868/2348 2747/2875/2348 2748/2876/2348 2741/2869/2348
f 2741/2869/2349 2748/2876/2349 2749/2877/2349 2742/2870/2349
f 2742/2870/2350 2749/2877/2350 2750/2878/2350 2743/2871/2350
f 2743/2871/2351 2750/2878/2351 2751/2879/2351 2744/2872/2351
f 2744/2872/2352 2751/2879/2352 4286/2880/2352 4284/2873/2352
f 2745/2874/2353 2752/2881/2353 2754/2882/2353 2747/2875/2353
f 2747/2875/2354 2754/2882/2354 2755/2883/2354 2748/2876/2354
f 2748/2876/2355 2755/2883/2355 2756/2884/2355 2749/2877/2355
f 2749/2877/2356 2756/2884/2356 2757/2885/2356 2750/2878/2356
f 2750/2878/2357 2757/2885/2357 2758/2886/2357 2751/2879/2357
f 2751/2879/2358 2758/2886/2358 4288/2887/2358 4286/2880/2358
f 2752/2881/2359 2759/2888/2359 2761/2889/2359 2754/2882/2359
f 2754/2882/2360 2761/2889/2360 2762/2890/2360 2755/2883/2360
f 2755/2883/2361 2762/2890/2361 2763/2891/2361 2756/2884/2361
f 2756/2884/2362 2763/2891/2362 2764/2892/2362 2757/2885/2362
f 2757/2885/2363 2764/2892/2363 2765/2893/2363 2758/2886/2363
f 2758/2886/2364 2765/2893/2364 4290/2894/2364 4288/2887/2364
f 2759/2888/2365 2766/2895/2365 2768/2896/2365 2761/2889/2365
f 2761/2889/2366 2768/2896/2366 2769/2897/2366 2762/2890/2366
f 2762/2890/2367 2769/2897/2367 2770/2898/2367 2763/2891/2367
f 2763/2891/2368 2770/2898/2368 2771/2899/2368 2764/2892/2368
f 2764/2892/2369 2771/2899/2369 2772/2900/2369 2765/2893/2369
f 2765/2893/2370 2772/2900/2370 4292/2901/2370 4290/2894/2370
f 2766/2895/2371 2773/2902/2371 2775/2903/2371 2768/2896/2371
f 2768/2896/2372 2775/2903/2372 2776/2904/2372 2769/2897/2372
f 2769/2897/2373 2776/2904/2373 2777/2905/2373 2770/2898/2373
f 2770/2898/2374 2777/2905/2374 2778/2906/2374 2771/2899/2374
f 2771/2899/2375 2778/2906/2375 2779/2907/2375 2772/2900/2375
f 2772/2900/2376 2779/2907/2376 4294/2908/2376 4292/2901/2376
f 2773/2902/2377 2780/2909/2377 2782/2910/2377 2775/2903/2377
f 2775/2903/2378 2782/2910/2378 2783/2911/2378 2776/2904/2378
f 2776/2904/2379 2783/2911/2379 2784/2912/2379 2777/2905/2379
f 2777/2905/2380 2784/2912/2380 2785/2913/2380 2778/2906/2380
f 2778/2906/2381 2785/2913/2381 2786/2914/2381 2779/2907/2381
f 2779/2907/2382 2786/2914/2382 4296/2915/2382 4294/2908/2382
f 2780/2909/2383 2787/2916/2383 2789/2917/2383 2782/2910/2383
f 2782/2910/2384 2789/2917/2384 2790/2918/2384 2783/2911/2384
f 2783/2911/2385 2790/2918/2385 2791/2919/2385 2784/2912/2385
f 2784/2912/2386 2791/2919/2386 2792/2920/2386 2785/2913/2386
f 2785/2913/2387 2792/2920/2387 2793/2921/2387 2786/2914/2387
f 2786/2914/2388 2793/2921/2388 4298/2922/2388 4296/2915/2388
f 2787/2916/2389 2794/2923/2389 2796/2924/2389 2789/2917/2389
f 2789/2917/2390 2796/2924/2390 2797/2925/2390 2790/2918/2390
f 2790/2918/2391 2797/2925/2391 2798/2926/2391 2791/2919/2391
f 2791/2919/2392 2798/2926/2392 2799/2927/2392 2792/2920/2392
f 2792/2920/2393 2799/2927/2393 2800/2928/2393 2793/2921/2393
f 2793/2921/2394 2800/2928/2394 4300/2929/2394 4298/2922/2394
f 4104/2236/2395 4300/2929/2395 2800/2928/2395 2103/2234/2395
f 2103/2234/2396 2800/2928/2396 2799/2927/2396 2104/2232/2396
f 2104/2232/2397 2799/2927/2397 2798/2926/2397 2105/2230/2397
f 2105/2230/2398 2798/2926/2398 2797/2925/2398 2106/2228/2398
f 2106/2228/2399 2797/2925/2399 2796/2924/2399 2107/2226/2399
f 2107/2226/2400 2796/2924/2400 2794/2923/2400 4101/2223/2400
f 4301/2930/2401 2808/2931/2401 2810/2932/2401 2807/2933/2401
f 2807/2933/2402 2810/2932/2402 2811/2934/2402 2806/2935/2402
f 2806/2935/2403 2811/2934/2403 2812/2936/2403 2805/2937/2403
f 2805/2937/2404 2812/2936/2404 2813/2938/2404 2804/2939/2404
f 2804/2939/2405 2813/2938/2405 2814/2940/2405 2803/2941/2405
f 2803/2941/2406 2814/2940/2406 4303/2942/2406 4304/2943/2406
f 2808/2931/2407 2815/2944/2407 2817/2945/2407 2810/2932/2407
f 2810/2932/2408 2817/2945/2408 2818/2946/2408 2811/2934/2408
f 2811/2934/2409 2818/2946/2409 2819/2947/2409 2812/2936/2409
f 2812/2936/2410 2819/2947/2410 2820/2948/2410 2813/2938/2410
f 2813/2938/2411 2820/2948/2411 2821/2949/2411 2814/2940/2411
f 2814/2940/2412 2821/2949/2412 4306/2950/2412 4303/2942/2412
f 2815/2944/2413 2822/2951/2413 2824/2952/2413 2817/2945/2413
f 2817/2945/2414 2824/2952/2414 2825/2953/2414 2818/2946/2414
f 2818/2946/2415 2825/2953/2415 2826/2954/2415 2819/2947/2415
f 2819/2947/2416 2826/2954/2416 2827/2955/2416 2820/2948/2416
f 2820/2948/2417 2827/2955/2417 2828/2956/2417 2821/2949/2417
f 2821/2949/2418 2828/2956/2418 4308/2957/2418 4306/2950/2418
f 2822/2951/2419 2829/2958/2419 2831/2959/2419 2824/2952/2419
f 2824/2952/2420 2831/2959/2420 2832/2960/2420 2825/2953/2420
f 2825/2953/2421 2832/2960/2421 2833/2961/2421 2826/2954/2421
f 2826/2954/2422 2833/2961/2422 2834/2962/2422 2827/2955/2422
f 2827/2955/2423 2834/2962/2423 2835/2963/2423 2828/2956/2423
f 2828/2956/2424 2835/2963/2424 4310/2964/2424 4308/2957/2424
f 2829/2958/2425 2836/2965/2425 2838/2966/2425 2831/2959/2425
f 2831/2959/2426 2838/2966/2426 2839/2967/2426 2832/2960/2426
f 2832/2960/2427 2839/2967/2427 2840/2968/2427 2833/2961/2427
f 2833/2961/2428 2840/2968/2428 2841/2969/2428 2834/2962/2428
f 2834/2962/2429 2841/2969/2429 2842/2970/2429 2835/2963/2429
f 2835/2963/2430 2842/2970/2430 4312/2971/2430 4310/2964/2430
f 2836/2965/2431 2843/2972/2431 2845/2973/2431 2838/2966/2431
f 2838/2966/2432 2845/2973/2432 2846/2974/2432 2839/2967/2432
f 2839/2967/2433 2846/2974/2433 2847/2975/2433 2840/2968/2433
f 2840/2968/2434 2847/2975/2434 2848/2976/2434 2841/2969/2434
f 2841/2969/2435 2848/2976/2435 2849/2977/2435 2842/2970/2435
f 2842/2970/2436 2849/2977/2436 4314/2978/2436 4312/2971/2436
f 2843/2972/2437 2850/2979/2437 2852/2980/2437 2845/2973/2437
f 2845/2973/2438 2852/2980/2438 2853/2981/2438 2846/2974/2438
f 2846/2974/2439 2853/2981/2439 2854/2982/2439 2847/2975/2439
f 2847/2975/2440 2854/2982/2440 2855/2983/2440 2848/2976/2440
f 2848/2976/2441 2855/2983/2441 2856/2984/2441 2849/2977/2441
f 2849/2977/2442 2856/2984/2442 4316/2985/2442 4314/2978/2442
f 2850/2979/2443 2857/2986/2443 2859/2987/2443 2852/2980/2443
f 2852/2980/2444 2859/2987/2444 2860/2988/2444 2853/2981/2444
f 2853/2981/2445 2860/2988/2445 2861/2989/2445 2854/2982/2445
f 2854/2982/2446 2861/2989/2446 2862/2990/2446 2855/2983/2446
f 2855/2983/2447 2862/2990/2447 2863/2991/2447 2856/2984/2447
f 2856/2984/2448 2863/2991/2448 4318/2992/2448 4316/2985/2448
f 2857/2986/2449 2864/2993/2449 2866/2994/2449 2859/2987/2449
f 2859/2987/2450 2866/2994/2450 2867/2995/2450 2860/2988/2450
f 2860/2988/2451 2867/2995/2451 2868/2996/2451 2861/2989/2451
f 2861/2989/2452 2868/2996/2452 2869/2997/2452 2862/2990/2452
f 2862/2990/2453 2869/2997/2453 2870/2998/2453 2863/2991/2453
f 2863/2991/2454 2870/2998/2454 4320/2999/2454 4318/2992/2454
f 2864/2993/2455 2871/3000/2455 2873/3001/2455 2866/2994/2455
f 2866/2994/2456 2873/3001/2456 2874/3002/2456 2867/2995/2456
f 2867/2995/2457 2874/3002/2457 2875/3003/2457 2868/2996/2457
f 2868/2996/2458 2875/3003/2458 2876/3004/2458 2869/2997/2458
f 2869/2997/2459 2876/3004/2459 2877/3005/2459 2870/2998/2459
f 2870/2998/2460 2877/3005/2460 4322/3006/2460 4320/2999/2460
f 2871/3000/2461 2878/3007/2461 2880/3008/2461 2873/3001/2461
f 2873/3001/2462 2880/3008/2462 2881/3009/2462 2874/3002/2462
f 2874/3002/2463 2881/3009/2463 2882/3010/2463 2875/3003/2463
f 2875/3003/2464 2882/3010/2464 2883/3011/2464 2876/3004/2464
f 2876/3004/2465 2883/3011/2465 2884/3012/2465 2877/3005/2465
f 2877/3005/2466 2884/3012/2466 4324/3013/2466 4322/3006/2466
f 2878/3007/2467 2885/3014/2467 2887/3015/2467 2880/3008/2467
f 2880/3008/2468 2887/3015/2468 2888/3016/2468 2881/3009/2468
f 2881/3009/2469 2888/3016/2469 2889/3017/2469 2882/3010/2469
f 2882/3010/2470 2889/3017/2470 2890/3018/2470 2883/3011/2470
f 2883/3011/2471 2890/3018/2471 2891/3019/2471 2884/3012/2471
f 2884/3012/2472 2891/3019/2472 4326/3020/2472 4324/3013/2472
f 2885/3014/2473 2892/3021/2473 2894/3022/2473 2887/3015/2473
f 2887/3015/2474 2894/3022/2474 2895/3023/2474 2888/3016/2474
f 2888/3016/2475 2895/3023/2475 2896/3024/2475 2889/3017/2475
f 2889/3017/2476 2896/3024/2476 2897/3025/2476 2890/3018/2476
f 2890/3018/2477 2897/3025/2477 2898/3026/2477 2891/3019/2477
f 2891/3019/2478 2898/3026/2478 4328/3027/2478 4326/3020/2478
f 2892/3021/2479 2899/3028/2479 2901/3029/2479 2894/3022/2479
f 2894/3022/2480 2901/3029/2480 2902/3030/2480 2895/3023/2480
f 2895/3023/2481 2902/3030/2481 2903/3031/2481 2896/3024/2481
f 2896/3024/2482 2903/3031/2482 2904/3032/2482 2897/3025/2482
f 2897/3025/2483 2904/3032/2483 2905/3033/2483 2898/3026/2483
f 2898/3026/2484 2905/3033/2484 4330/3034/2484 4328/3027/2484
f 2899/3028/2485 2906/3035/2485 2908/3036/2485 2901/3029/2485
f 2901/3029/2486 2908/3036/2486 2909/3037/2486 2902/3030/2486
f 2902/3030/2487 2909/3037/2487 2910/3038/2487 2903/3031/2487
f 2903/3031/2488 2910/3038/2488 2911/3039/2488 2904/3032/2488
f 2904/3032/2489 2911/3039/2489 2912/3040/2489 2905/3033/2489
f 2905/3033/2490 2912/3040/2490 4332/3041/2490 4330/3034/2490
f 2906/3035/2491 2913/3042/2491 2915/3043/2491 2908/3036/2491
f 2908/3036/2492 2915/3043/2492 2916/3044/2492 2909/3037/2492
f 2909/3037/2493 2916/3044/2493 2917/3045/2493 2910/3038/2493
f 2910/3038/2494 2917/3045/2494 2918/3046/2494 2911/3039/2494
f 2911/3039/2495 2918/3046/2495 2919/3047/2495 2912/3040/2495
f 2912/3040/2496 2919/3047/2496 4334/3048/2496 4332/3041/2496
f 2913/3042/2497 2920/3049/2497 2922/3050/2497 2915/3043/2497
f 2915/3043/2498 2922/3050/2498 2923/3051/2498 2916/3044/2498
f 2916/3044/2499 2923/3051/2499 2924/3052/2499 2917/3045/2499
f 2917/3045/2500 2924/3052/2500 2925/3053/2500 2918/3046/2500
f 2918/3046/2501 2925/3053/2501 2926/3054/2501 2919/3047/2501
f 2919/3047/2502 2926/3054/2502 4336/3055/2502 4334/3048/2502
f 2920/3049/2503 2927/3056/2503 2929/3057/2503 2922/3050/2503
f 2922/3050/2504 2929/3057/2504 2930/3058/2504 2923/3051/2504
f 2923/3051/2505 2930/3058/2505 2931/3059/2505 2924/3052/2505
f 2924/3052/2506 2931/3059/2506 2932/3060/2506 2925/3053/2506
f 2925/3053/2507 2932/3060/2507 2933/3061/2507 2926/3054/2507
f 2926/3054/2508 2933/3061/2508 4338/3062/2508 4336/3055/2508
f 2927/3056/2509 2934/3063/2509 2936/3064/2509 2929/3057/2509
f 2929/3057/2510 2936/3064/2510 2937/3065/2510 2930/3058/2510
f 2930/3058/2511 2937/3065/2511 2938/3066/2511 2931/3059/2511
f 2931/3059/2512 2938/3066/2512 2939/3067/2512 2932/3060/2512
f 2932/3060/2513 2939/3067/2513 2940/3068/2513 2933/3061/2513
f 2933/3061/2514 2940/3068/2514 4340/3069/2514 4338/3062/2514
f 2934/3063/2515 2941/3070/2515 2943/3071/2515 2936/3064/2515
f 2936/3064/2516 2943/3071/2516 2944/3072/2516 2937/3065/2516
f 2937/3065/2517 2944/3072/2517 2945/3073/2517 2938/3066/2517
f 2938/3066/2518 2945/3073/2518 2946/3074/2518 2939/3067/2518
f 2939/3067/2519 2946/3074/2519 2947/3075/2519 2940/3068/2519
f 2940/3068/2520 2947/3075/2520 4342/3076/2520 4340/3069/2520
f 2941/3070/2521 2948/3077/2521 2950/3078/2521 2943/3071/2521
f 2943/3071/2522 2950/3078/2522 2951/3079/2522 2944/3072/2522
f 2944/3072/2523 2951/3079/2523 2952/3080/2523 2945/3073/2523
f 2945/3073/2524 2952/3080/2524 2953/3081/2524 2946/3074/2524
f 2946/3074/2525 2953/3081/2525 2954/3082/2525 2947/3075/2525
f 2947/3075/2526 2954/3082/2526 4344/3083/2526 4342/3076/2526
f 2948/3077/2527 2955/3084/2527 2957/3085/2527 2950/3078/2527
f 2950/3078/2528 2957/3085/2528 2958/3086/2528 2951/3079/2528
f 2951/3079/2529 2958/3086/2529 2959/3087/2529 2952/3080/2529
f 2952/3080/2530 2959/3087/2530 2960/3088/2530 2953/3081/2530
f 2953/3081/2531 2960/3088/2531 2961/3089/2531 2954/3082/2531
f 2954/3082/2532 2961/3089/2532 4346/3090/2532 4344/3083/2532
f 2955/3084/2533 2962/3091/2533 2964/3092/2533 2957/3085/2533
f 2957/3085/2534 2964/3092/2534 2965/3093/2534 2958/3086/2534
f 2958/3086/2535 2965/3093/2535 2966/3094/2535 2959/3087/2535
f 2959/3087/2536 2966/3094/2536 2967/3095/2536 2960/3088/2536
f 2960/3088/2537 2967/3095/2537 2968/3096/2537 2961/3089/2537
f 2961/3089/2538 2968/3096/2538 4348/3097/2538 4346/3090/2538
f 2962/3091/2539 2969/3098/2539 2971/3099/2539 2964/3092/2539
f 2964/3092/2540 2971/3099/2540 2972/3100/2540 2965/3093/2540
f 2965/3093/2541 2972/3100/2541 2973/3101/2541 2966/3094/2541
f 2966/3094/2542 2973/3101/2542 2974/3102/2542 2967/3095/2542
f 2967/3095/2543 2974/3102/2543 2975/3103/2543 2968/3096/2543
f 2968/3096/2544 2975/3103/2544 4350/3104/2544 4348/3097/2544
f 2969/3098/2545 2976/3105/2545 2978/3106/2545 2971/3099/2545
f 2971/3099/2546 2978/3106/2546 2979/3107/2546 2972/3100/2546
f 2972/3100/2547 2979/3107/2547 2980/3108/2547 2973/3101/2547
f 2973/3101/2548 2980/3108/2548 2981/3109/2548 2974/3102/2548
f 2974/3102/2549 2981/3109/2549 2982/3110/2549 2975/3103/2549
f 2975/3103/2550 2982/3110/2550 4352/3111/2550 4350/3104/2550
f 2976/3105/2551 2983/3112/2551 2985/3113/2551 2978/3106/2551
f 2978/3106/2552 2985/3113/2552 2986/3114/2552 2979/3107/2552
f 2979/3107/2553 2986/3114/2553 2987/3115/2553 2980/3108/2553
f 2980/3108/2554 2987/3115/2554 2988/3116/2554 2981/3109/2554
f 2981/3109/2555 2988/3116/2555 2989/3117/2555 2982/3110/2555
f 2982/3110/2556 2989/3117/2556 4354/3118/2556 4352/3111/2556
f 2983/3112/2557 2990/3119/2557 2992/3120/2557 2985/3113/2557
f 2985/3113/2558 2992/3120/2558 2993/3121/2558 2986/3114/2558
f 2986/3114/2559 2993/3121/2559 2994/3122/2559 2987/3115/2559
f 2987/3115/2560 2994/3122/2560 2995/3123/2560 2988/3116/2560
f 2988/3116/2561 2995/3123/2561 2996/3124/2561 2989/3117/2561
f 2989/3117/2562 2996/3124/2562 4356/3125/2562 4354/3118/2562
f 2990/3119/2563 2997/3126/2563 2999/3127/2563 2992/3120/2563
f 2992/3120/2564 2999/3127/2564 3000/3128/2564 2993/3121/2564
f 2993/3121/2565 3000/3128/2565 3001/3129/2565 2994/3122/2565
f 2994/3122/2566 3001/3129/2566 3002/3130/2566 2995/3123/2566
f 2995/3123/2567 3002/3130/2567 3003/3131/2567 2996/3124/2567
f 2996/3124/2568 3003/3131/2568 4358/3132/2568 4356/3125/2568
f 2997/3126/2569 3004/3133/2569 3006/3134/2569 2999/3127/2569
f 2999/3127/2570 3006/3134/2570 3007/3135/2570 3000/3128/2570
f 3000/3128/2571 3007/3135/2571 3008/3136/2571 3001/3129/2571
f 3001/3129/2572 3008/3136/2572 3009/3137/2572 3002/3130/2572
f 3002/3130/2573 3009/3137/2573 3010/3138/2573 3003/3131/2573
f 3003/3131/2574 3010/3138/2574 4360/3139/2574 4358/3132/2574
f 3004/3133/2575 3011/3140/2575 3013/3141/2575 3006/3134/2575
f 3006/3134/2576 3013/3141/2576 3014/3142/2576 3007/3135/2576
f 3007/3135/2577 3014/3142/2577 3015/3143/2577 3008/3136/2577
f 3008/3136/2578 3015/3143/2578 3016/3144/2578 3009/3137/2578
f 3009/3137/2579 3016/3144/2579 3017/3145/2579 3010/3138/2579
f 3010/3138/2580 3017/3145/2580 4362/3146/2580 4360/3139/2580
f 3011/3140/2581 3018/3147/2581 3020/3148/2581 3013/3141/2581
f 3013/3141/2582 3020/3148/2582 3021/3149/2582 3014/3142/2582
f 3014/3142/2583 3021/3149/2583 3022/3150/2583 3015/3143/2583
f 3015/3143/2584 3022/3150/2584 3023/3151/2584 3016/3144/2584
f 3016/3144/2585 3023/3151/2585 3024/3152/2585 3017/3145/2585
f 3017/3145/2586 3024/3152/2586 4364/3153/2586 4362/3146/2586
f 3018/3147/2587 3025/3154/2587 3027/3155/2587 3020/3148/2587
f 3020/3148/2588 3027/3155/2588 3028/3156/2588 3021/3149/2588
f 3021/3149/2589 3028/3156/2589 3029/3157/2589 3022/3150/2589
f 3022/3150/2590 3029/3157/2590 3030/3158/2590 3023/3151/2590
f 3023/3151/2591 3030/3158/2591 3031/3159/2591 3024/3152/2591
f 3024/3152/2592 3031/3159/2592 4366/3160/2592 4364/3153/2592
f 3025/3154/2593 3032/3161/2593 3034/3162/2593 3027/3155/2593
f 3027/3155/2594 3034/3162/2594 3035/3163/2594 3028/3156/2594
f 3028/3156/2595 3035/3163/2595 3036/3164/2595 3029/3157/2595
f 3029/3157/2596 3036/3164/2596 3037/3165/2596 3030/3158/2596
f 3030/3158/2597 3037/3165/2597 3038/3166/2597 3031/3159/2597
f 3031/3159/2598 3038/3166/2598 4368/3167/2598 4366/3160/2598
f 3032/3161/2599 3039/3168/2599 3041/3169/2599 3034/3162/2599
f 3034/3162/2600 3041/3169/2600 3042/3170/2600 3035/3163/2600
f 3035/3163/2601 3042/3170/2601 3043/3171/2601 3036/3164/2601
f 3036/3164/2602 3043/3171/2602 3044/3172/2602 3037/3165/2602
f 3037/3165/2603 3044/3172/2603 3045/3173/2603 3038/3166/2603
f 3038/3166/2604 3045/3173/2604 4370/3174/2604 4368/3167/2604
f 3039/3168/2605 3046/3175/2605 3048/3176/2605 3041/3169/2605
f 3041/3169/2606 3048/3176/2606 3049/3177/2606 3042/3170/2606
f 3042/3170/2607 3049/3177/2607 3050/3178/2607 3043/3171/2607
f 3043/3171/2608 3050/3178/2608 3051/3179/2608 3044/3172/2608
f 3044/3172/2609 3051/3179/2609 3052/3180/2609 3045/3173/2609
f 3045/3173/2610 3052/3180/2610 4372/3181/2610 4370/3174/2610
f 3046/3175/2611 3053/3182/2611 3055/3183/2611 3048/3176/2611
f 3048/3176/2612 3055/3183/2612 3056/3184/2612 3049/3177/2612
f 3049/3177/2613 3056/3184/2613 3057/3185/2613 3050/3178/2613
f 3050/3178/2614 3057/3185/2614 3058/3186/2614 3051/3179/2614
f 3051/3179/2615 3058/3186/2615 3059/3187/2615 3052/3180/2615
f 3052/3180/2616 3059/3187/2616 4374/3188/2616 4372/3181/2616
f 3053/3182/2617 3060/3189/2617 3062/3190/2617 3055/3183/2617
f 3055/3183/2618 3062/3190/2618 3063/3191/2618 3056/3184/2618
f 3056/3184/2619 3063/3191/2619 3064/3192/2619 3057/3185/2619
f 3057/3185/2620 3064/3192/2620 3065/3193/2620 3058/3186/2620
f 3058/3186/2621 3065/3193/2621 3066/3194/2621 3059/3187/2621
f 3059/3187/2622 3066/3194/2622 4376/3195/2622 4374/3188/2622
f 3060/3189/2623 3067/3196/2623 3069/3197/2623 3062/3190/2623
f 3062/3190/2624 3069/3197/2624 3070/3198/2624 3063/3191/2624
f 3063/3191/2625 3070/3198/2625 3071/3199/2625 3064/3192/2625
f 3064/3192/2626 3071/3199/2626 3072/3200/2626 3065/3193/2626
f 3065/3193/2627 3072/3200/2627 3073/3201/2627 3066/3194/2627
f 3066/3194/2628 3073/3201/2628 4378/3202/2628 4376/3195/2628
f 3067/3196/2629 3074/3203/2629 3076/3204/2629 3069/3197/2629
f 3069/3197/2630 3076/3204/2630 3077/3205/2630 3070/3198/2630
f 3070/3198/2631 3077/3205/2631 3078/3206/2631 3071/3199/2631
f 3071/3199/2632 3078/3206/2632 3079/3207/2632 3072/3200/2632
f 3072/3200/2633 3079/3207/2633 3080/3208/2633 3073/3201/2633
f 3073/3201/2634 3080/3208/2634 4380/3209/2634 4378/3202/2634
f 3074/3203/2635 3081/3210/2635 3083/3211/2635 3076/3204/2635
f 3076/3204/2636 3083/3211/2636 3084/3212/2636 3077/3205/2636
f 3077/3205/2637 3084/3212/2637 3085/3213/2637 3078/3206/2637
f 3078/3206/2638 3085/3213/2638 3086/3214/2638 3079/3207/2638
f 3079/3207/2639 3086/3214/2639 3087/3215/2639 3080/3208/2639
f 3080/3208/2640 3087/3215/2640 4382/3216/2640 4380/3209/2640
f 3081/3210/2641 3088/3217/2641 3090/3218/2641 3083/3211/2641
f 3083/3211/2642 3090/3218/2642 3091/3219/2642 3084/3212/2642
f 3084/3212/2643 3091/3219/2643 3092/3220/2643 3085/3213/2643
f 3085/3213/2644 3092/3220/2644 3093/3221/2644 3086/3214/2644
f 3086/3214/2645 3093/3221/2645 3094/3222/2645 3087/3215/2645
f 3087/3215/2646 3094/3222/2646 4384/3223/2646 4382/3216/2646
f 3088/3217/2647 3095/3224/2647 3097/3225/2647 3090/3218/2647
f 3090/3218/2648 3097/3225/2648 3098/3226/2648 3091/3219/2648
f 3091/3219/2649 3098/3226/2649 3099/3227/2649 3092/3220/2649
f 3092/3220/2650 3099/3227/2650 3100/3228/2650 3093/3221/2650
f 3093/3221/2651 3100/3228/2651 3101/3229/2651 3094/3222/2651
f 3094/3222/2652 3101/3229/2652 4386/3230/2652 4384/3223/2652
f 3095/3224/2653 3102/3231/2653 3104/3232/2653 3097/3225/2653
f 3097/3225/2654 3104/3232/2654 3105/3233/2654 3098/3226/2654
f 3098/3226/2655 3105/3233/2655 3106/3234/2655 3099/3227/2655
f 3099/3227/2656 3106/3234/2656 3107/3235/2656 3100/3228/2656
f 3100/3228/2657 3107/3235/2657 3108/3236/2657 3101/3229/2657
f 3101/3229/2658 3108/3236/2658 4388/3237/2658 4386/3230/2658
f 3102/3231/2659 3109/3238/2659 3111/3239/2659 3104/3232/2659
f 3104/3232/2660 3111/3239/2660 3112/3240/2660 3105/3233/2660
f 3105/3233/2661 3112/3240/2661 3113/3241/2661 3106/3234/2661
f 3106/3234/2662 3113/3241/2662 3114/3242/2662 3107/3235/2662
f 3107/3235/2663 3114/3242/2663 3115/3243/2663 3108/3236/2663
f 3108/3236/2664 3115/3243/2664 4390/3244/2664 4388/3237/2664
f 3109/3238/2665 3116/3245/2665 3118/3246/2665 3111/3239/2665
f 3111/3239/2666 3118/3246/2666 3119/3247/2666 3112/3240/2666
f 3112/3240/2667 3119/3247/2667 3120/3248/2667 3113/3241/2667
f 3113/3241/2668 3120/3248/2668 3121/3249/2668 3114/3242/2668
f 3114/3242/2669 3121/3249/2669 3122/3250/2669 3115/3243/2669
f 3115/3243/2670 3122/3250/2670 4392/3251/2670 4390/3244/2670
f 3116/3245/2671 3123/3252/2671 3125/3253/2671 3118/3246/2671
f 3118/3246/2672 3125/3253/2672 3126/3254/2672 3119/3247/2672
f 3119/3247/2673 3126/3254/2673 3127/3255/2673 3120/3248/2673
f 3120/3248/2674 3127/3255/2674 3128/3256/2674 3121/3249/2674
f 3121/3249/2675 3128/3256/2675 3129/3257/2675 3122/3250/2675
f 3122/3250/2676 3129/3257/2676 4394/3258/2676 4392/3251/2676
f 3123/3252/2677 3130/3259/2677 3132/3260/2677 3125/3253/2677
f 3125/3253/2678 3132/3260/2678 3133/3261/2678 3126/3254/2678
f 3126/3254/2679 3133/3261/2679 3134/3262/2679 3127/3255/2679
f 3127/3255/2680 3134/3262/2680 3135/3263/2680 3128/3256/2680
f 3128/3256/2681 3135/3263/2681 3136/3264/2681 3129/3257/2681
f 3129/3257/2682 3136/3264/2682 4396/3265/2682 4394/3258/2682
f 3130/3259/2683 3137/3266/2683 3139/3267/2683 3132/3260/2683
f 3132/3260/2684 3139/3267/2684 3140/3268/2684 3133/3261/2684
f 3133/3261/2685 3140/3268/2685 3141/3269/2685 3134/3262/2685
f 3134/3262/2686 3141/3269/2686 3142/3270/2686 3135/3263/2686
f 3135/3263/2687 3142/3270/2687 3143/3271/2687 3136/3264/2687
f 3136/3264/2688 3143/3271/2688 4398/3272/2688 4396/3265/2688
f 3137/3266/2689 3144/3273/2689 3146/3274/2689 3139/3267/2689
f 3139/3267/2690 3146/3274/2690 3147/3275/2690 3140/3268/2690
f 3140/3268/2691 3147/3275/2691 3148/3276/2691 3141/3269/2691
f 3141/3269/2692 3148/3276/2692 3149/3277/2692 3142/3270/2692
f 3142/3270/2693 3149/3277/2693 3150/3278/2693 3143/3271/2693
f 3143/3271/2694 3150/3278/2694 4400/3279/2694 4398/3272/2694
f 3144/3280/2695 3151/3281/2695 3153/3282/2695 3146/3283/2695
f 3146/3283/2696 3153/3282/2696 3154/3284/2696 3147/3285/2696
f 3147/3285/2697 3154/3284/2697 3155/3286/2697 3148/3287/2697
f 3148/3287/2698 3155/3286/2698 3156/3288/2698 3149/3289/2698
f 3149/3289/2699 3156/3288/2699 3157/3290/2699 3150/3291/2699
f 3150/3291/2700 3157/3290/2700 4402/3292/2700 4400/3293/2700
f 3151/3281/2701 3158/3294/2701 3160/3295/2701 3153/3282/2701
f 3153/3282/2702 3160/3295/2702 3161/3296/2702 3154/3284/2702
f 3154/3284/2703 3161/3296/2703 3162/3297/2703 3155/3286/2703
f 3155/3286/2704 3162/3297/2704 3163/3298/2704 3156/3288/2704
f 3156/3288/2705 3163/3298/2705 3164/3299/2705 3157/3290/2705
f 3157/3290/2706 3164/3299/2706 4404/3300/2706 4402/3292/2706
f 3158/3294/2707 3165/3301/2707 3167/3302/2707 3160/3295/2707
f 3160/3295/2708 3167/3302/2708 3168/3303/2708 3161/3296/2708
f 3161/3296/2709 3168/3303/2709 3169/3304/2709 3162/3297/2709
f 3162/3297/2710 3169/3304/2710 3170/3305/2710 3163/3298/2710
f 3163/3298/2711 3170/3305/2711 3171/3306/2711 3164/3299/2711
f 3164/3299/2712 3171/3306/2712 4406/3307/2712 4404/3300/2712
f 3165/3301/2713 3172/3308/2713 3174/3309/2713 3167/3302/2713
f 3167/3302/2714 3174/3309/2714 3175/3310/2714 3168/3303/2714
f 3168/3303/2715 3175/3310/2715 3176/3311/2715 3169/3304/2715
f 3169/3304/2716 3176/3311/2716 3177/3312/2716 3170/3305/2716
f 3170/3305/2717 3177/3312/2717 3178/3313/2717 3171/3306/2717
f 3171/3306/2718 3178/3313/2718 4408/3314/2718 4406/3307/2718
f 3172/3308/2719 3179/3315/2719 3181/3316/2719 3174/3309/2719
f 3174/3309/2720 3181/3316/2720 3182/3317/2720 3175/3310/2720
f 3175/3310/2721 3182/3317/2721 3183/3318/2721 3176/3311/2721
f 3176/3311/2722 3183/3318/2722 3184/3319/2722 3177/3312/2722
f 3177/3312/2723 3184/3319/2723 3185/3320/2723 3178/3313/2723
f 3178/3313/2724 3185/3320/2724 4410/3321/2724 4408/3314/2724
f 3179/3315/2725 3186/3322/2725 3188/3323/2725 3181/3316/2725
f 3181/3316/2726 3188/3323/2726 3189/3324/2726 3182/3317/2726
f 3182/3317/2727 3189/3324/2727 3190/3325/2727 3183/3318/2727
f 3183/3318/2728 3190/3325/2728 3191/3326/2728 3184/3319/2728
f 3184/3319/2729 3191/3326/2729 3192/3327/2729 3185/3320/2729
f 3185/3320/2730 3192/3327/2730 4412/3328/2730 4410/3321/2730
f 3186/3322/2731 3193/3329/2731 3195/3330/2731 3188/3323/2731
f 3188/3323/2732 3195/3330/2732 3196/3331/2732 3189/3324/2732
f 3189/3324/2733 3196/3331/2733 3197/3332/2733 3190/3325/2733
f 3190/3325/2734 3197/3332/2734 3198/3333/2734 3191/3326/2734
f 3191/3326/2735 3198/3333/2735 3199/3334/2735 3192/3327/2735
f 3192/3327/2736 3199/3334/2736 4414/3335/2736 4412/3328/2736
f 3193/3329/2737 3200/3336/2737 3202/3337/2737 3195/3330/2737
f 3195/3330/2738 3202/3337/2738 3203/3338/2738 3196/3331/2738
f 3196/3331/2739 3203/3338/2739 3204/3339/2739 3197/3332/2739
f 3197/3332/2740 3204/3339/2740 3205/3340/2740 3198/3333/2740
f 3198/3333/2741 3205/3340/2741 3206/3341/2741 3199/3334/2741
f 3199/3334/2742 3206/3341/2742 4416/3342/2742 4414/3335/2742
f 3200/3336/2743 3207/3343/2743 3209/3344/2743 3202/3337/2743
f 3202/3337/2744 3209/3344/2744 3210/3345/2744 3203/3338/2744
f 3203/3338/2745 3210/3345/2745 3211/3346/2745 3204/3339/2745
f 3204/3339/2746 3211/3346/2746 3212/3347/2746 3205/3340/2746
f 3205/3340/2747 3212/3347/2747 3213/3348/2747 3206/3341/2747
f 3206/3341/2748 3213/3348/2748 4418/3349/2748 4416/3342/2748
f 3207/3343/2749 3214/3350/2749 3216/3351/2749 3209/3344/2749
f 3209/3344/2750 3216/3351/2750 3217/3352/2750 3210/3345/2750
f 3210/3345/2751 3217/3352/2751 3218/3353/2751 3211/3346/2751
f 3211/3346/2752 3218/3353/2752 3219/3354/2752 3212/3347/2752
f 3212/3347/2753 3219/3354/2753 3220/3355/2753 3213/3348/2753
f 3213/3348/2754 3220/3355/2754 4420/3356/2754 4418/3349/2754
f 3214/3350/2755 3221/3357/2755 3223/3358/2755 3216/3351/2755
f 3216/3351/2756 3223/3358/2756 3224/3359/2756 3217/3352/2756
f 3217/3352/2757 3224/3359/2757 3225/3360/2757 3218/3353/2757
f 3218/3353/2758 3225/3360/2758 3226/3361/2758 3219/3354/2758
f 3219/3354/2759 3226/3361/2759 3227/3362/2759 3220/3355/2759
f 3220/3355/2760 3227/3362/2760 4422/3363/2760 4420/3356/2760
f 3221/3357/2761 3228/3364/2761 3230/3365/2761 3223/3358/2761
f 3223/3358/2762 3230/3365/2762 3231/3366/2762 3224/3359/2762
f 3224/3359/2763 3231/3366/2763 3232/3367/2763 3225/3360/2763
f 3225/3360/2764 3232/3367/2764 3233/3368/2764 3226/3361/2764
f 3226/3361/2765 3233/3368/2765 3234/3369/2765 3227/3362/2765
f 3227/3362/2766 3234/3369/2766 4424/3370/2766 4422/3363/2766
f 3228/3364/2767 3235/3371/2767 3237/3372/2767 3230/3365/2767
f 3230/3365/2768 3237/3372/2768 3238/3373/2768 3231/3366/2768
f 3231/3366/2769 3238/3373/2769 3239/3374/2769 3232/3367/2769
f 3232/3367/2770 3239/3374/2770 3240/3375/2770 3233/3368/2770
f 3233/3368/2771 3240/3375/2771 3241/3376/2771 3234/3369/2771
f 3234/3369/2772 3241/3376/2772 4426/3377/2772 4424/3370/2772
f 3235/3371/2773 3242/3378/2773 3244/3379/2773 3237/3372/2773
f 3237/3372/2774 3244/3379/2774 3245/3380/2774 3238/3373/2774
f 3238/3373/2775 3245/3380/2775 3246/3381/2775 3239/3374/2775
f 3239/3374/2776 3246/3381/2776 3247/3382/2776 3240/3375/2776
f 3240/3375/2777 3247/3382/2777 3248/3383/2777 3241/3376/2777
f 3241/3376/2778 3248/3383/2778 4428/3384/2778 4426/3377/2778
f 3242/3378/2779 3249/3385/2779 3251/3386/2779 3244/3379/2779
f 3244/3379/2780 3251/3386/2780 3252/3387/2780 3245/3380/2780
f 3245/3380/2781 3252/3387/2781 3253/3388/2781 3246/3381/2781
f 3246/3381/2782 3253/3388/2782 3254/3389/2782 3247/3382/2782
f 3247/3382/2783 3254/3389/2783 3255/3390/2783 3248/3383/2783
f 3248/3383/2784 3255/3390/2784 4430/3391/2784 4428/3384/2784
f 3249/3385/2785 3256/3392/2785 3258/3393/2785 3251/3386/2785
f 3251/3386/2786 3258/3393/2786 3259/3394/2786 3252/3387/2786
f 3252/3387/2787 3259/3394/2787 3260/3395/2787 3253/3388/2787
f 3253/3388/2788 3260/3395/2788 3261/3396/2788 3254/3389/2788
f 3254/3389/2789 3261/3396/2789 3262/3397/2789 3255/3390/2789
f 3255/3390/2790 3262/3397/2790 4432/3398/2790 4430/3391/2790
f 3256/3392/2791 3263/3399/2791 3265/3400/2791 3258/3393/2791
f 3258/3393/2792 3265/3400/2792 3266/3401/2792 3259/3394/2792
f 3259/3394/2793 3266/3401/2793 3267/3402/2793 3260/3395/2793
f 3260/3395/2794 3267/3402/2794 3268/3403/2794 3261/3396/2794
f 3261/3396/2795 3268/3403/2795 3269/3404/2795 3262/3397/2795
f 3262/3397/2796 3269/3404/2796 4434/3405/2796 4432/3398/2796
f 3263/3399/2797 3270/3406/2797 3272/3407/2797 3265/3400/2797
f 3265/3400/2798 3272/3407/2798 3273/3408/2798 3266/3401/2798
f 3266/3401/2799 3273/3408/2799 3274/3409/2799 3267/3402/2799
f 3267/3402/2800 3274/3409/2800 3275/3410/2800 3268/3403/2800
f 3268/3403/2801 3275/3410/2801 3276/3411/2801 3269/3404/2801
f 3269/3404/2802 3276/3411/2802 4436/3412/2802 4434/3405/2802
f 3270/3406/2803 3277/3413/2803 3279/3414/2803 3272/3407/2803
f 3272/3407/2804 3279/3414/2804 3280/3415/2804 3273/3408/2804
f 3273/3408/2805 3280/3415/2805 3281/3416/2805 3274/3409/2805
f 3274/3409/2806 3281/3416/2806 3282/3417/2806 3275/3410/2806
f 3275/3410/2807 3282/3417/2807 3283/3418/2807 3276/3411/2807
f 3276/3411/2808 3283/3418/2808 4438/3419/2808 4436/3412/2808
f 3277/3413/2809 3284/3420/2809 3286/3421/2809 3279/3414/2809
f 3279/3414/2810 3286/3421/2810 3287/3422/2810 3280/3415/2810
f 3280/3415/2811 3287/3422/2811 3288/3423/2811 3281/3416/2811
f 3281/3416/2812 3288/3423/2812 3289/3424/2812 3282/3417/2812
f 3282/3417/2813 3289/3424/2813 3290/3425/2813 3283/3418/2813
f 3283/3418/2814 3290/3425/2814 4440/3426/2814 4438/3419/2814
f 3284/3420/2815 3291/3427/2815 3293/3428/2815 3286/3421/2815
f 3286/3421/2816 3293/3428/2816 3294/3429/2816 3287/3422/2816
f 3287/3422/2817 3294/3429/2817 3295/3430/2817 3288/3423/2817
f 3288/3423/2818 3295/3430/2818 3296/3431/2818 3289/3424/2818
f 3289/3424/2819 3296/3431/2819 3297/3432/2819 3290/3425/2819
f 3290/3425/2820 3297/3432/2820 4442/3433/2820 4440/3426/2820
f 3291/3427/2821 3298/3434/2821 3300/3435/2821 3293/3428/2821
f 3293/3428/2822 3300/3435/2822 3301/3436/2822 3294/3429/2822
f 3294/3429/2823 3301/3436/2823 3302/3437/2823 3295/3430/2823
f 3295/3430/2824 3302/3437/2824 3303/3438/2824 3296/3431/2824
f 3296/3431/2825 3303/3438/2825 3304/3439/2825 3297/3432/2825
f 3297/3432/2826 3304/3439/2826 4444/3440/2826 4442/3433/2826
f 3298/3434/2827 3305/3441/2827 3307/3442/2827 3300/3435/2827
f 3300/3435/2828 3307/3442/2828 3308/3443/2828 3301/3436/2828
f 3301/3436/2829 3308/3443/2829 3309/3444/2829 3302/3437/2829
f 3302/3437/2830 3309/3444/2830 3310/3445/2830 3303/3438/2830
f 3303/3438/2831 3310/3445/2831 3311/3446/2831 3304/3439/2831
f 3304/3439/2832 3311/3446/2832 4446/3447/2832 4444/3440/2832
f 3305/3441/2833 3312/3448/2833 3314/3449/2833 3307/3442/2833
f 3307/3442/2834 3314/3449/2834 3315/3450/2834 3308/3443/2834
f 3308/3443/2835 3315/3450/2835 3316/3451/2835 3309/3444/2835
f 3309/3444/2836 3316/3451/2836 3317/3452/2836 3310/3445/2836
f 3310/3445/2837 3317/3452/2837 3318/3453/2837 3311/3446/2837
f 3311/3446/2838 3318/3453/2838 4448/3454/2838 4446/3447/2838
f 3312/3448/2839 3319/3455/2839 3321/3456/2839 3314/3449/2839
f 3314/3449/2840 3321/3456/2840 3322/3457/2840 3315/3450/2840
f 3315/3450/2841 3322/3457/2841 3323/3458/2841 3316/3451/2841
f 3316/3451/2842 3323/3458/2842 3324/3459/2842 3317/3452/2842
f 3317/3452/2843 3324/3459/2843 3325/3460/2843 3318/3453/2843
f 3318/3453/2844 3325/3460/2844 4450/3461/2844 4448/3454/2844
f 3319/3455/2845 3326/3462/2845 3328/3463/2845 3321/3456/2845
f 3321/3456/2846 3328/3463/2846 3329/3464/2846 3322/3457/2846
f 3322/3457/2847 3329/3464/2847 3330/3465/2847 3323/3458/2847
f 3323/3458/2848 3330/3465/2848 3331/3466/2848 3324/3459/2848
f 3324/3459/2849 3331/3466/2849 3332/3467/2849 3325/3460/2849
f 3325/3460/2850 3332/3467/2850 4452/3468/2850 4450/3461/2850
f 3326/3462/2851 3333/3469/2851 3335/3470/2851 3328/3463/2851
f 3328/3463/2852 3335/3470/2852 3336/3471/2852 3329/3464/2852
f 3329/3464/2853 3336/3471/2853 3337/3472/2853 3330/3465/2853
f 3330/3465/2854 3337/3472/2854 3338/3473/2854 3331/3466/2854
f 3331/3466/2855 3338/3473/2855 3339/3474/2855 3332/3467/2855
f 3332/3467/2856 3339/3474/2856 4454/3475/2856 4452/3468/2856
f 3333/3469/2857 3340/3476/2857 3342/3477/2857 3335/3470/2857
f 3335/3470/2858 3342/3477/2858 3343/3478/2858 3336/3471/2858
f 3336/3471/2859 3343/3478/2859 3344/3479/2859 3337/3472/2859
f 3337/3472/2860 3344/3479/2860 3345/3480/2860 3338/3473/2860
f 3338/3473/2861 3345/3480/2861 3346/3481/2861 3339/3474/2861
f 3339/3474/2862 3346/3481/2862 4456/3482/2862 4454/3475/2862
f 3340/3476/2863 3347/3483/2863 3349/3484/2863 3342/3477/2863
f 3342/3477/2864 3349/3484/2864 3350/3485/2864 3343/3478/2864
f 3343/3478/2865 3350/3485/2865 3351/3486/2865 3344/3479/2865
f 3344/3479/2866 3351/3486/2866 3352/3487/2866 3345/3480/2866
f 3345/3480/2867 3352/3487/2867 3353/3488/2867 3346/3481/2867
f 3346/3481/2868 3353/3488/2868 4458/3489/2868 4456/3482/2868
f 3347/3483/2869 3354/3490/2869 3356/3491/2869 3349/3484/2869
f 3349/3484/2870 3356/3491/2870 3357/3492/2870 3350/3485/2870
f 3350/3485/2871 3357/3492/2871 3358/3493/2871 3351/3486/2871
f 3351/3486/2872 3358/3493/2872 3359/3494/2872 3352/3487/2872
f 3352/3487/2873 3359/3494/2873 3360/3495/2873 3353/3488/2873
f 3353/3488/2874 3360/3495/2874 4460/3496/2874 4458/3489/2874
f 3354/3490/2875 3361/3497/2875 3363/3498/2875 3356/3491/2875
f 3356/3491/2876 3363/3498/2876 3364/3499/2876 3357/3492/2876
f 3357/3492/2877 3364/3499/2877 3365/3500/2877 3358/3493/2877
f 3358/3493/2878 3365/3500/2878 3366/3501/2878 3359/3494/2878
f 3359/3494/2879 3366/3501/2879 3367/3502/2879 3360/3495/2879
f 3360/3495/2880 3367/3502/2880 4462/3503/2880 4460/3496/2880
f 3361/3497/2881 3368/3504/2881 3370/3505/2881 3363/3498/2881
f 3363/3498/2882 3370/3505/2882 3371/3506/2882 3364/3499/2882
f 3364/3499/2883 3371/3506/2883 3372/3507/2883 3365/3500/2883
f 3365/3500/2884 3372/3507/2884 3373/3508/2884 3366/3501/2884
f 3366/3501/2885 3373/3508/2885 3374/3509/2885 3367/3502/2885
f 3367/3502/2886 3374/3509/2886 4464/3510/2886 4462/3503/2886
f 3368/3504/2887 3375/3511/2887 3377/3512/2887 3370/3505/2887
f 3370/3505/2888 3377/3512/2888 3378/3513/2888 3371/3506/2888
f 3371/3506/2889 3378/3513/2889 3379/3514/2889 3372/3507/2889
f 3372/3507/2890 3379/3514/2890 3380/3515/2890 3373/3508/2890
f 3373/3508/2891 3380/3515/2891 3381/3516/2891 3374/3509/2891
f 3374/3509/2892 3381/3516/2892 4466/3517/2892 4464/3510/2892
f 3375/3511/2893 3382/3518/2893 3384/3519/2893 3377/3512/2893
f 3377/3512/2894 3384/3519/2894 3385/3520/2894 3378/3513/2894
f 3378/3513/2895 3385/3520/2895 3386/3521/2895 3379/3514/2895
f 3379/3514/2896 3386/3521/2896 3387/3522/2896 3380/3515/2896
f 3380/3515/2897 3387/3522/2897 3388/3523/2897 3381/3516/2897
f 3381/3516/2898 3388/3523/2898 4468/3524/2898 4466/3517/2898
f 3382/3518/2899 3389/3525/2899 3391/3526/2899 3384/3519/2899
f 3384/3519/2900 3391/3526/2900 3392/3527/2900 3385/3520/2900
f 3385/3520/2901 3392/3527/2901 3393/3528/2901 3386/3521/2901
f 3386/3521/2902 3393/3528/2902 3394/3529/2902 3387/3522/2902
f 3387/3522/2903 3394/3529/2903 3395/3530/2903 3388/3523/2903
f 3388/3523/2904 3395/3530/2904 4470/3531/2904 4468/3524/2904
f 3389/3525/2905 3396/3532/2905 3398/3533/2905 3391/3526/2905
f 3391/3526/2906 3398/3533/2906 3399/3534/2906 3392/3527/2906
f 3392/3527/2907 3399/3534/2907 3400/3535/2907 3393/3528/2907
f 3393/3528/2908 3400/3535/2908 3401/3536/2908 3394/3529/2908
f 3394/3529/2909 3401/3536/2909 3402/3537/2909 3395/3530/2909
f 3395/3530/2910 3402/3537/2910 4472/3538/2910 4470/3531/2910
f 3396/3532/2911 3403/3539/2911 3405/3540/2911 3398/3533/2911
f 3398/3533/2912 3405/3540/2912 3406/3541/2912 3399/3534/2912
f 3399/3534/2913 3406/3541/2913 3407/3542/2913 3400/3535/2913
f 3400/3535/2914 3407/3542/2914 3408/3543/2914 3401/3536/2914
f 3401/3536/2915 3408/3543/2915 3409/3544/2915 3402/3537/2915
f 3402/3537/2916 3409/3544/2916 4474/3545/2916 4472/3538/2916
f 3403/3539/2917 3410/3546/2917 3412/3547/2917 3405/3540/2917
f 3405/3540/2918 3412/3547/2918 3413/3548/2918 3406/3541/2918
f 3406/3541/2919 3413/3548/2919 3414/3549/2919 3407/3542/2919
f 3407/3542/2920 3414/3549/2920 3415/3550/2920 3408/3543/2920
f 3408/3543/2921 3415/3550/2921 3416/3551/2921 3409/3544/2921
f 3409/3544/2922 3416/3551/2922 4476/3552/2922 4474/3545/2922
f 3410/3546/2923 3417/3553/2923 3419/3554/2923 3412/3547/2923
f 3412/3547/2924 3419/3554/2924 3420/3555/2924 3413/3548/2924
f 3413/3548/2925 3420/3555/2925 3421/3556/2925 3414/3549/2925
f 3414/3549/2926 3421/3556/2926 3422/3557/2926 3415/3550/2926
f 3415/3550/2927 3422/3557/2927 3423/3558/2927 3416/3551/2927
f 3416/3551/2928 3423/3558/2928 4478/3559/2928 4476/3552/2928
f 3417/3553/2929 3424/3560/2929 3426/3561/2929 3419/3554/2929
f 3419/3554/2930 3426/3561/2930 3427/3562/2930 3420/3555/2930
f 3420/3555/2931 3427/3562/2931 3428/3563/2931 3421/3556/2931
f 3421/3556/2932 3428/3563/2932 3429/3564/2932 3422/3557/2932
f 3422/3557/2933 3429/3564/2933 3430/3565/2933 3423/3558/2933
f 3423/3558/2934 3430/3565/2934 4480/3566/2934 4478/3559/2934
f 3424/3560/2935 3431/3567/2935 3433/3568/2935 3426/3561/2935
f 3426/3561/2936 3433/3568/2936 3434/3569/2936 3427/3562/2936
f 3427/3562/2937 3434/3569/2937 3435/3570/2937 3428/3563/2937
f 3428/3563/2938 3435/3570/2938 3436/3571/2938 3429/3564/2938
f 3429/3564/2939 3436/3571/2939 3437/3572/2939 3430/3565/2939
f 3430/3565/2940 3437/3572/2940 4482/3573/2940 4480/3566/2940
f 3431/3567/2941 3438/3574/2941 3440/3575/2941 3433/3568/2941
f 3433/3568/2942 3440/3575/2942 3441/3576/2942 3434/3569/2942
f 3434/3569/2943 3441/3576/2943 3442/3577/2943 3435/3570/2943
f 3435/3570/2944 3442/3577/2944 3443/3578/2944 3436/3571/2944
f 3436/3571/2945 3443/3578/2945 3444/3579/2945 3437/3572/2945
f 3437/3572/2946 3444/3579/2946 4484/3580/2946 4482/3573/2946
f 3438/3574/2947 3445/3581/2947 3447/3582/2947 3440/3575/2947
f 3440/3575/2948 3447/3582/2948 3448/3583/2948 3441/3576/2948
f 3441/3576/2949 3448/3583/2949 3449/3584/2949 3442/3577/2949
f 3442/3577/2950 3449/3584/2950 3450/3585/2950 3443/3578/2950
f 3443/3578/2951 3450/3585/2951 3451/3586/2951 3444/3579/2951
f 3444/3579/2952 3451/3586/2952 4486/3587/2952 4484/3580/2952
f 3445/3581/2953 3452/3588/2953 3454/3589/2953 3447/3582/2953
f 3447/3582/2954 3454/3589/2954 3455/3590/2954 3448/3583/2954
f 3448/3583/2955 3455/3590/2955 3456/3591/2955 3449/3584/2955
f 3449/3584/2956 3456/3591/2956 3457/3592/2956 3450/3585/2956
f 3450/3585/2957 3457/3592/2957 3458/3593/2957 3451/3586/2957
f 3451/3586/2958 3458/3593/2958 4488/3594/2958 4486/3587/2958
f 3452/3588/2959 3459/3595/2959 3461/3596/2959 3454/3589/2959
f 3454/3589/2960 3461/3596/2960 3462/3597/2960 3455/3590/2960
f 3455/3590/2961 3462/3597/2961 3463/3598/2961 3456/3591/2961
f 3456/3591/2962 3463/3598/2962 3464/3599/2962 3457/3592/2962
f 3457/3592/2963 3464/3599/2963 3465/3600/2963 3458/3593/2963
f 3458/3593/2964 3465/3600/2964 4490/3601/2964 4488/3594/2964
f 3459/3595/2965 3466/3602/2965 3468/3603/2965 3461/3596/2965
f 3461/3596/2966 3468/3603/2966 3469/3604/2966 3462/3597/2966
f 3462/3597/2967 3469/3604/2967 3470/3605/2967 3463/3598/2967
f 3463/3598/2968 3470/3605/2968 3471/3606/2968 3464/3599/2968
f 3464/3599/2969 3471/3606/2969 3472/3607/2969 3465/3600/2969
f 3465/3600/2970 3472/3607/2970 4492/3608/2970 4490/3601/2970
f 3466/3602/2971 3473/3609/2971 3475/3610/2971 3468/3603/2971
f 3468/3603/2972 3475/3610/2972 3476/3611/2972 3469/3604/2972
f 3469/3604/2973 3476/3611/2973 3477/3612/2973 3470/3605/2973
f 3470/3605/2974 3477/3612/2974 3478/3613/2974 3471/3606/2974
f 3471/3606/2975 3478/3613/2975 3479/3614/2975 3472/3607/2975
f 3472/3607/2976 3479/3614/2976 4494/3615/2976 4492/3608/2976
f 3473/3609/2977 3480/3616/2977 3482/3617/2977 3475/3610/2977
f 3475/3610/2978 3482/3617/2978 3483/3618/2978 3476/3611/2978
f 3476/3611/2979 3483/3618/2979 3484/3619/2979 3477/3612/2979
f 3477/3612/2980 3484/3619/2980 3485/3620/2980 3478/3613/2980
f 3478/3613/2981 3485/3620/2981 3486/3621/2981 3479/3614/2981
f 3479/3614/2982 3486/3621/2982 4496/3622/2982 4494/3615/2982
f 3480/3616/2983 3487/3623/2983 3489/3624/2983 3482/3617/2983
f 3482/3617/2984 3489/3624/2984 3490/3625/2984 3483/3618/2984
f 3483/3618/2985 3490/3625/2985 3491/3626/2985 3484/3619/2985
f 3484/3619/2986 3491/3626/2986 3492/3627/2986 3485/3620/2986
f 3485/3620/2987 3492/3627/2987 3493/3628/2987 3486/3621/2987
f 3486/3621/2988 3493/3628/2988 4498/3629/2988 4496/3622/2988
f 3487/3623/2989 3494/3630/2989 3496/3631/2989 3489/3624/2989
f 3489/3624/2990 3496/3631/2990 3497/3632/2990 3490/3625/2990
f 3490/3625/2991 3497/3632/2991 3498/3633/2991 3491/3626/2991
f 3491/3626/2992 3498/3633/2992 3499/3634/2992 3492/3627/2992
f 3492/3627/2993 3499/3634/2993 3500/3635/2993 3493/3628/2993
f 3493/3628/2994 3500/3635/2994 4500/3636/2994 4498/3629/2994
f 4304/2943/2995 4500/3636/2995 3500/3635/2995 2803/2941/2995
f 2803/2941/2996 3500/3635/2996 3499/3634/2996 2804/2939/2996
f 2804/2939/2997 3499/3634/2997 3498/3633/2997 2805/2937/2997
f 2805/2937/2998 3498/3633/2998 3497/3632/2998 2806/2935/2998
f 2806/2935/2999 3497/3632/2999 3496/3631/2999 2807/2933/2999
f 2807/2933/3000 3496/3631/3000 3494/3630/3000 4301/2930/3000
f 2802/2930/3001 1/14/3001 9/13/3001 4302/2931/3001
f 2/1/3002 701/28/3002 709/27/3002 3502/2/3002
f 3897/1401/3003 1395/1414/3003 701/28/3003 2/1/3003
f 4499/3630/3004 695/1407/3004 1/14/3004 2802/2930/3004
f 3502/2/3005 709/27/3005 716/42/3005 3509/29/3005
f 4302/2931/3006 9/13/3006 16/35/3006 4305/2944/3006
f 3509/29/3007 716/42/3007 723/56/3007 3513/43/3007
f 4305/2944/3008 16/35/3008 23/49/3008 4307/2951/3008
f 3513/43/3009 723/56/3009 730/70/3009 3517/57/3009
f 4307/2951/3010 23/49/3010 30/63/3010 4309/2958/3010
f 3517/57/3011 730/70/3011 737/84/3011 3521/71/3011
f 4309/2958/3012 30/63/3012 37/77/3012 4311/2965/3012
f 3521/71/3013 737/84/3013 744/98/3013 3525/85/3013
f 4311/2965/3014 37/77/3014 44/91/3014 4313/2972/3014
f 3525/85/3015 744/98/3015 751/112/3015 3529/99/3015
f 4313/2972/3016 44/91/3016 51/105/3016 4315/2979/3016
f 3529/99/3017 751/112/3017 758/126/3017 3533/113/3017
f 4315/2979/3018 51/105/3018 58/119/3018 4317/2986/3018
f 3533/113/3019 758/126/3019 765/140/3019 3537/127/3019
f 4317/2986/3020 58/119/3020 65/133/3020 4319/2993/3020
f 3537/127/3021 765/140/3021 772/154/3021 3541/141/3021
f 4319/2993/3022 65/133/3022 72/147/3022 4321/3000/3022
f 3541/141/3023 772/154/3023 779/168/3023 3545/155/3023
f 4321/3000/3024 72/147/3024 79/161/3024 4323/3007/3024
f 3545/155/3025 779/168/3025 786/182/3025 3549/169/3025
f 4323/3007/3026 79/161/3026 86/175/3026 4325/3014/3026
f 3549/169/3027 786/182/3027 793/196/3027 3553/183/3027
f 4325/3014/3028 86/175/3028 93/189/3028 4327/3021/3028
f 3553/183/3029 793/196/3029 800/210/3029 3557/197/3029
f 4327/3021/3030 93/189/3030 100/203/3030 4329/3028/3030
f 3557/197/3031 800/210/3031 807/224/3031 3561/211/3031
f 4329/3028/3032 100/203/3032 107/217/3032 4331/3035/3032
f 3561/211/3033 807/224/3033 814/238/3033 3565/225/3033
f 4331/3035/3034 107/217/3034 114/231/3034 4333/3042/3034
f 3565/225/3035 814/238/3035 821/252/3035 3569/239/3035
f 4333/3042/3036 114/231/3036 121/245/3036 4335/3049/3036
f 3569/239/3037 821/252/3037 828/266/3037 3573/253/3037
f 4335/3049/3038 121/245/3038 128/259/3038 4337/3056/3038
f 3573/253/3039 828/266/3039 835/280/3039 3577/267/3039
f 4337/3056/3040 128/259/3040 135/273/3040 4339/3063/3040
f 3577/267/3041 835/280/3041 842/294/3041 3581/281/3041
f 4339/3063/3042 135/273/3042 142/287/3042 4341/3070/3042
f 3581/281/3043 842/294/3043 849/308/3043 3585/295/3043
f 4341/3070/3044 142/287/3044 149/301/3044 4343/3077/3044
f 3585/295/3045 849/308/3045 856/322/3045 3589/309/3045
f 4343/3077/3046 149/301/3046 156/315/3046 4345/3084/3046
f 3589/309/3047 856/322/3047 863/336/3047 3593/323/3047
f 4345/3084/3048 156/315/3048 163/329/3048 4347/3091/3048
f 3593/323/3049 863/336/3049 870/350/3049 3597/337/3049
f 4347/3091/3050 163/329/3050 170/343/3050 4349/3098/3050
f 3597/337/3051 870/350/3051 877/364/3051 3601/351/3051
f 4349/3098/3052 170/343/3052 177/357/3052 4351/3105/3052
f 3601/351/3053 877/364/3053 884/378/3053 3605/365/3053
f 4351/3105/3054 177/357/3054 184/371/3054 4353/3112/3054
f 3605/365/3055 884/378/3055 891/392/3055 3609/379/3055
f 4353/3112/3056 184/371/3056 191/385/3056 4355/3119/3056
f 3609/379/3057 891/392/3057 898/406/3057 3613/393/3057
f 4355/3119/3058 191/385/3058 198/399/3058 4357/3126/3058
f 3613/393/3059 898/406/3059 905/420/3059 3617/407/3059
f 4357/3126/3060 198/399/3060 205/413/3060 4359/3133/3060
f 3617/407/3061 905/420/3061 912/434/3061 3621/421/3061
f 4359/3133/3062 205/413/3062 212/427/3062 4361/3140/3062
f 3621/421/3063 912/434/3063 919/448/3063 3625/435/3063
f 4361/3140/3064 212/427/3064 219/441/3064 4363/3147/3064
f 3625/435/3065 919/448/3065 926/462/3065 3629/449/3065
f 4363/3147/3066 219/441/3066 226/455/3066 4365/3154/3066
f 3629/449/3067 926/462/3067 933/476/3067 3633/463/3067
f 4365/3154/3068 226/455/3068 233/469/3068 4367/3161/3068
f 3633/463/3069 933/476/3069 940/490/3069 3637/477/3069
f 4367/3161/3070 233/469/3070 240/483/3070 4369/3168/3070
f 3637/477/3071 940/490/3071 947/504/3071 3641/491/3071
f 4369/3168/3072 240/483/3072 247/497/3072 4371/3175/3072
f 3641/491/3073 947/504/3073 954/518/3073 3645/505/3073
f 4371/3175/3074 247/497/3074 254/511/3074 4373/3182/3074
f 3645/505/3075 954/518/3075 961/532/3075 3649/519/3075
f 4373/3182/3076 254/511/3076 261/525/3076 4375/3189/3076
f 3649/519/3077 961/532/3077 968/546/3077 3653/533/3077
f 4375/3189/3078 261/525/3078 268/539/3078 4377/3196/3078
f 3653/533/3079 968/546/3079 975/560/3079 3657/547/3079
f 4377/3196/3080 268/539/3080 275/553/3080 4379/3203/3080
f 3657/547/3081 975/560/3081 982/574/3081 3661/561/3081
f 4379/3203/3082 275/553/3082 282/567/3082 4381/3210/3082
f 3661/561/3083 982/574/3083 989/588/3083 3665/575/3083
f 4381/3210/3084 282/567/3084 289/581/3084 4383/3217/3084
f 3665/575/3085 989/588/3085 996/602/3085 3669/589/3085
f 4383/3217/3086 289/581/3086 296/595/3086 4385/3224/3086
f 3669/589/3087 996/602/3087 1003/616/3087 3673/603/3087
f 4385/3224/3088 296/595/3088 303/609/3088 4387/3231/3088
f 3673/603/3089 1003/616/3089 1010/630/3089 3677/617/3089
f 4387/3231/3090 303/609/3090 310/623/3090 4389/3238/3090
f 3677/617/3091 1010/630/3091 1017/644/3091 3681/631/3091
f 4389/3238/3092 310/623/3092 317/637/3092 4391/3245/3092
f 3681/631/3093 1017/644/3093 1024/658/3093 3685/645/3093
f 4391/3245/3094 317/637/3094 324/651/3094 4393/3252/3094
f 3685/645/3095 1024/658/3095 1031/672/3095 3689/659/3095
f 4393/3252/3096 324/651/3096 331/665/3096 4395/3259/3096
f 3689/659/3097 1031/672/3097 1038/686/3097 3693/673/3097
f 4395/3259/3098 331/665/3098 338/679/3098 4397/3266/3098
f 3693/673/3099 1038/686/3099 1045/700/3099 3697/687/3099
f 4397/3266/3100 338/679/3100 345/693/3100 4399/3273/3100
f 3697/701/3101 1045/728/3101 1052/727/3101 3701/702/3101
f 4399/3280/3102 345/714/3102 352/713/3102 4401/3281/3102
f 3701/702/3103 1052/727/3103 1059/742/3103 3705/729/3103
f 4401/3281/3104 352/713/3104 359/735/3104 4403/3294/3104
f 3705/729/3105 1059/742/3105 1066/756/3105 3709/743/3105
f 4403/3294/3106 359/735/3106 366/749/3106 4405/3301/3106
f 3709/743/3107 1066/756/3107 1073/770/3107 3713/757/3107
f 4405/3301/3108 366/749/3108 373/763/3108 4407/3308/3108
f 3713/757/3109 1073/770/3109 1080/784/3109 3717/771/3109
f 4407/3308/3110 373/763/3110 380/777/3110 4409/3315/3110
f 3717/771/3111 1080/784/3111 1087/798/3111 3721/785/3111
f 4409/3315/3112 380/777/3112 387/791/3112 4411/3322/3112
f 3721/785/3113 1087/798/3113 1094/812/3113 3725/799/3113
f 4411/3322/3114 387/791/3114 394/805/3114 4413/3329/3114
f 3725/799/3115 1094/812/3115 1101/826/3115 3729/813/3115
f 4413/3329/3116 394/805/3116 401/819/3116 4415/3336/3116
f 3729/813/3117 1101/826/3117 1108/840/3117 3733/827/3117
f 4415/3336/3118 401/819/3118 408/833/3118 4417/3343/3118
f 3733/827/3119 1108/840/3119 1115/854/3119 3737/841/3119
f 4417/3343/3120 408/833/3120 415/847/3120 4419/3350/3120
f 3737/841/3121 1115/854/3121 1122/868/3121 3741/855/3121
f 4419/3350/3122 415/847/3122 422/861/3122 4421/3357/3122
f 3741/855/3123 1122/868/3123 1129/882/3123 3745/869/3123
f 4421/3357/3124 422/861/3124 429/875/3124 4423/3364/3124
f 3745/869/3125 1129/882/3125 1136/896/3125 3749/883/3125
f 4423/3364/3126 429/875/3126 436/889/3126 4425/3371/3126
f 3749/883/3127 1136/896/3127 1143/910/3127 3753/897/3127
f 4425/3371/3128 436/889/3128 443/903/3128 4427/3378/3128
f 3753/897/3129 1143/910/3129 1150/924/3129 3757/911/3129
f 4427/3378/3130 443/903/3130 450/917/3130 4429/3385/3130
f 3757/911/3131 1150/924/3131 1157/938/3131 3761/925/3131
f 4429/3385/3132 450/917/3132 457/931/3132 4431/3392/3132
f 3761/925/3133 1157/938/3133 1164/952/3133 3765/939/3133
f 4431/3392/3134 457/931/3134 464/945/3134 4433/3399/3134
f 3765/939/3135 1164/952/3135 1171/966/3135 3769/953/3135
f 4433/3399/3136 464/945/3136 471/959/3136 4435/3406/3136
f 3769/953/3137 1171/966/3137 1178/980/3137 3773/967/3137
f 4435/3406/3138 471/959/3138 478/973/3138 4437/3413/3138
f 3773/967/3139 1178/980/3139 1185/994/3139 3777/981/3139
f 4437/3413/3140 478/973/3140 485/987/3140 4439/3420/3140
f 3777/981/3141 1185/994/3141 1192/1008/3141 3781/995/3141
f 4439/3420/3142 485/987/3142 492/1001/3142 4441/3427/3142
f 3781/995/3143 1192/1008/3143 1199/1022/3143 3785/1009/3143
f 4441/3427/3144 492/1001/3144 499/1015/3144 4443/3434/3144
f 3785/1009/3145 1199/1022/3145 1206/1036/3145 3789/1023/3145
f 4443/3434/3146 499/1015/3146 506/1029/3146 4445/3441/3146
f 3789/1023/3147 1206/1036/3147 1213/1050/3147 3793/1037/3147
f 4445/3441/3148 506/1029/3148 513/1043/3148 4447/3448/3148
f 3793/1037/3149 1213/1050/3149 1220/1064/3149 3797/1051/3149
f 4447/3448/3150 513/1043/3150 520/1057/3150 4449/3455/3150
f 3797/1051/3151 1220/1064/3151 1227/1078/3151 3801/1065/3151
f 4449/3455/3152 520/1057/3152 527/1071/3152 4451/3462/3152
f 3801/1065/3153 1227/1078/3153 1234/1092/3153 3805/1079/3153
f 4451/3462/3154 527/1071/3154 534/1085/3154 4453/3469/3154
f 3805/1079/3155 1234/1092/3155 1241/1106/3155 3809/1093/3155
f 4453/3469/3156 534/1085/3156 541/1099/3156 4455/3476/3156
f 3809/1093/3157 1241/1106/3157 1248/1120/3157 3813/1107/3157
f 4455/3476/3158 541/1099/3158 548/1113/3158 4457/3483/3158
f 3813/1107/3159 1248/1120/3159 1255/1134/3159 3817/1121/3159
f 4457/3483/3160 548/1113/3160 555/1127/3160 4459/3490/3160
f 3817/1121/3161 1255/1134/3161 1262/1148/3161 3821/1135/3161
f 4459/3490/3162 555/1127/3162 562/1141/3162 4461/3497/3162
f 3821/1135/3163 1262/1148/3163 1269/1162/3163 3825/1149/3163
f 4461/3497/3164 562/1141/3164 569/1155/3164 4463/3504/3164
f 3825/1149/3165 1269/1162/3165 1276/1176/3165 3829/1163/3165
f 4463/3504/3166 569/1155/3166 576/1169/3166 4465/3511/3166
f 3829/1163/3167 1276/1176/3167 1283/1190/3167 3833/1177/3167
f 4465/3511/3168 576/1169/3168 583/1183/3168 4467/3518/3168
f 3833/1177/3169 1283/1190/3169 1290/1204/3169 3837/1191/3169
f 4467/3518/3170 583/1183/3170 590/1197/3170 4469/3525/3170
f 3837/1191/3171 1290/1204/3171 1297/1218/3171 3841/1205/3171
f 4469/3525/3172 590/1197/3172 597/1211/3172 4471/3532/3172
f 3841/1205/3173 1297/1218/3173 1304/1232/3173 3845/1219/3173
f 4471/3532/3174 597/1211/3174 604/1225/3174 4473/3539/3174
f 3845/1219/3175 1304/1232/3175 1311/1246/3175 3849/1233/3175
f 4473/3539/3176 604/1225/3176 611/1239/3176 4475/3546/3176
f 3849/1233/3177 1311/1246/3177 1318/1260/3177 3853/1247/3177
f 4475/3546/3178 611/1239/3178 618/1253/3178 4477/3553/3178
f 3853/1247/3179 1318/1260/3179 1325/1274/3179 3857/1261/3179
f 4477/3553/3180 618/1253/3180 625/1267/3180 4479/3560/3180
f 3857/1261/3181 1325/1274/3181 1332/1288/3181 3861/1275/3181
f 4479/3560/3182 625/1267/3182 632/1281/3182 4481/3567/3182
f 3861/1275/3183 1332/1288/3183 1339/1302/3183 3865/1289/3183
f 4481/3567/3184 632/1281/3184 639/1295/3184 4483/3574/3184
f 3865/1289/3185 1339/1302/3185 1346/1316/3185 3869/1303/3185
f 4483/3574/3186 639/1295/3186 646/1309/3186 4485/3581/3186
f 3869/1303/3187 1346/1316/3187 1353/1330/3187 3873/1317/3187
f 4485/3581/3188 646/1309/3188 653/1323/3188 4487/3588/3188
f 3873/1317/3189 1353/1330/3189 1360/1344/3189 3877/1331/3189
f 4487/3588/3190 653/1323/3190 660/1337/3190 4489/3595/3190
f 3877/1331/3191 1360/1344/3191 1367/1358/3191 3881/1345/3191
f 4489/3595/3192 660/1337/3192 667/1351/3192 4491/3602/3192
f 3881/1345/3193 1367/1358/3193 1374/1372/3193 3885/1359/3193
f 4491/3602/3194 667/1351/3194 674/1365/3194 4493/3609/3194
f 3885/1359/3195 1374/1372/3195 1381/1386/3195 3889/1373/3195
f 4493/3609/3196 674/1365/3196 681/1379/3196 4495/3616/3196
f 3889/1373/3197 1381/1386/3197 1388/1400/3197 3893/1387/3197
f 4495/3616/3198 681/1379/3198 688/1393/3198 4497/3623/3198
f 3893/1387/3199 1388/1400/3199 1395/1414/3199 3897/1401/3199
f 4497/3623/3200 688/1393/3200 695/1407/3200 4499/3630/3200
f 3899/1408/3201 2095/2222/3201 1401/1430/3201 702/15/3201
f 702/15/3202 1401/1430/3202 1409/1429/3202 3506/16/3202
f 3506/16/3203 1409/1429/3203 1416/1438/3203 3511/36/3203
f 3511/36/3204 1416/1438/3204 1423/1446/3204 3515/50/3204
f 3515/50/3205 1423/1446/3205 1430/1454/3205 3519/64/3205
f 3519/64/3206 1430/1454/3206 1437/1462/3206 3523/78/3206
f 3523/78/3207 1437/1462/3207 1444/1470/3207 3527/92/3207
f 3527/92/3208 1444/1470/3208 1451/1478/3208 3531/106/3208
f 3531/106/3209 1451/1478/3209 1458/1486/3209 3535/120/3209
f 3535/120/3210 1458/1486/3210 1465/1494/3210 3539/134/3210
f 3539/134/3211 1465/1494/3211 1472/1502/3211 3543/148/3211
f 3543/148/3212 1472/1502/3212 1479/1510/3212 3547/162/3212
f 3547/162/3213 1479/1510/3213 1486/1518/3213 3551/176/3213
f 3551/176/3214 1486/1518/3214 1493/1526/3214 3555/190/3214
f 3555/190/3215 1493/1526/3215 1500/1534/3215 3559/204/3215
f 3559/204/3216 1500/1534/3216 1507/1542/3216 3563/218/3216
f 3563/218/3217 1507/1542/3217 1514/1550/3217 3567/232/3217
f 3567/232/3218 1514/1550/3218 1521/1558/3218 3571/246/3218
f 3571/246/3219 1521/1558/3219 1528/1566/3219 3575/260/3219
f 3575/260/3220 1528/1566/3220 1535/1574/3220 3579/274/3220
f 3579/274/3221 1535/1574/3221 1542/1582/3221 3583/288/3221
f 3583/288/3222 1542/1582/3222 1549/1590/3222 3587/302/3222
f 3587/302/3223 1549/1590/3223 1556/1598/3223 3591/316/3223
f 3591/316/3224 1556/1598/3224 1563/1606/3224 3595/330/3224
f 3595/330/3225 1563/1606/3225 1570/1614/3225 3599/344/3225
f 3599/344/3226 1570/1614/3226 1577/1622/3226 3603/358/3226
f 3603/358/3227 1577/1622/3227 1584/1630/3227 3607/372/3227
f 3607/372/3228 1584/1630/3228 1591/1638/3228 3611/386/3228
f 3611/386/3229 1591/1638/3229 1598/1646/3229 3615/400/3229
f 3615/400/3230 1598/1646/3230 1605/1654/3230 3619/414/3230
f 3619/414/3231 1605/1654/3231 1612/1662/3231 3623/428/3231
f 3623/428/3232 1612/1662/3232 1619/1670/3232 3627/442/3232
f 3627/442/3233 1619/1670/3233 1626/1678/3233 3631/456/3233
f 3631/456/3234 1626/1678/3234 1633/1686/3234 3635/470/3234
f 3635/470/3235 1633/1686/3235 1640/1694/3235 3639/484/3235
f 3639/484/3236 1640/1694/3236 1647/1702/3236 3643/498/3236
f 3643/498/3237 1647/1702/3237 1654/1710/3237 3647/512/3237
f 3647/512/3238 1654/1710/3238 1661/1718/3238 3651/526/3238
f 3651/526/3239 1661/1718/3239 1668/1726/3239 3655/540/3239
f 3655/540/3240 1668/1726/3240 1675/1734/3240 3659/554/3240
f 3659/554/3241 1675/1734/3241 1682/1742/3241 3663/568/3241
f 3663/568/3242 1682/1742/3242 1689/1750/3242 3667/582/3242
f 3667/582/3243 1689/1750/3243 1696/1758/3243 3671/596/3243
f 3671/596/3244 1696/1758/3244 1703/1766/3244 3675/610/3244
f 3675/610/3245 1703/1766/3245 1710/1774/3245 3679/624/3245
f 3679/624/3246 1710/1774/3246 1717/1782/3246 3683/638/3246
f 3683/638/3247 1717/1782/3247 1724/1790/3247 3687/652/3247
f 3687/652/3248 1724/1790/3248 1731/1798/3248 3691/666/3248
f 3691/666/3249 1731/1798/3249 1738/1806/3249 3695/680/3249
f 3695/680/3250 1738/1806/3250 1745/1814/3250 3699/694/3250
f 3699/715/3251 1745/1830/3251 1752/1829/3251 3703/716/3251
f 3703/716/3252 1752/1829/3252 1759/1838/3252 3707/736/3252
f 3707/736/3253 1759/1838/3253 1766/1846/3253 3711/750/3253
f 3711/750/3254 1766/1846/3254 1773/1854/3254 3715/764/3254
f 3715/764/3255 1773/1854/3255 1780/1862/3255 3719/778/3255
f 3719/778/3256 1780/1862/3256 1787/1870/3256 3723/792/3256
f 3723/792/3257 1787/1870/3257 1794/1878/3257 3727/806/3257
f 3727/806/3258 1794/1878/3258 1801/1886/3258 3731/820/3258
f 3731/820/3259 1801/1886/3259 1808/1894/3259 3735/834/3259
f 3735/834/3260 1808/1894/3260 1815/1902/3260 3739/848/3260
f 3739/848/3261 1815/1902/3261 1822/1910/3261 3743/862/3261
f 3743/862/3262 1822/1910/3262 1829/1918/3262 3747/876/3262
f 3747/876/3263 1829/1918/3263 1836/1926/3263 3751/890/3263
f 3751/890/3264 1836/1926/3264 1843/1934/3264 3755/904/3264
f 3755/904/3265 1843/1934/3265 1850/1942/3265 3759/918/3265
f 3759/918/3266 1850/1942/3266 1857/1950/3266 3763/932/3266
f 3763/932/3267 1857/1950/3267 1864/1958/3267 3767/946/3267
f 3767/946/3268 1864/1958/3268 1871/1966/3268 3771/960/3268
f 3771/960/3269 1871/1966/3269 1878/1974/3269 3775/974/3269
f 3775/974/3270 1878/1974/3270 1885/1982/3270 3779/988/3270
f 3779/988/3271 1885/1982/3271 1892/1990/3271 3783/1002/3271
f 3783/1002/3272 1892/1990/3272 1899/1998/3272 3787/1016/3272
f 3787/1016/3273 1899/1998/3273 1906/2006/3273 3791/1030/3273
f 3791/1030/3274 1906/2006/3274 1913/2014/3274 3795/1044/3274
f 3795/1044/3275 1913/2014/3275 1920/2022/3275 3799/1058/3275
f 3799/1058/3276 1920/2022/3276 1927/2030/3276 3803/1072/3276
f 3803/1072/3277 1927/2030/3277 1934/2038/3277 3807/1086/3277
f 3807/1086/3278 1934/2038/3278 1941/2046/3278 3811/1100/3278
f 3811/1100/3279 1941/2046/3279 1948/2054/3279 3815/1114/3279
f 3815/1114/3280 1948/2054/3280 1955/2062/3280 3819/1128/3280
f 3819/1128/3281 1955/2062/3281 1962/2070/3281 3823/1142/3281
f 3823/1142/3282 1962/2070/3282 1969/2078/3282 3827/1156/3282
f 3827/1156/3283 1969/2078/3283 1976/2086/3283 3831/1170/3283
f 3831/1170/3284 1976/2086/3284 1983/2094/3284 3835/1184/3284
f 3835/1184/3285 1983/2094/3285 1990/2102/3285 3839/1198/3285
f 3839/1198/3286 1990/2102/3286 1997/2110/3286 3843/1212/3286
f 3843/1212/3287 1997/2110/3287 2004/2118/3287 3847/1226/3287
f 3847/1226/3288 2004/2118/3288 2011/2126/3288 3851/1240/3288
f 3851/1240/3289 2011/2126/3289 2018/2134/3289 3855/1254/3289
f 3855/1254/3290 2018/2134/3290 2025/2142/3290 3859/1268/3290
f 3859/1268/3291 2025/2142/3291 2032/2150/3291 3863/1282/3291
f 3863/1282/3292 2032/2150/3292 2039/2158/3292 3867/1296/3292
f 3867/1296/3293 2039/2158/3293 2046/2166/3293 3871/1310/3293
f 3871/1310/3294 2046/2166/3294 2053/2174/3294 3875/1324/3294
f 3875/1324/3295 2053/2174/3295 2060/2182/3295 3879/1338/3295
f 3879/1338/3296 2060/2182/3296 2067/2190/3296 3883/1352/3296
f 3883/1352/3297 2067/2190/3297 2074/2198/3297 3887/1366/3297
f 3887/1366/3298 2074/2198/3298 2081/2206/3298 3891/1380/3298
f 3891/1380/3299 2081/2206/3299 2088/2214/3299 3895/1394/3299
f 3895/1394/3300 2088/2214/3300 2095/2222/3300 3899/1408/3300
f 4099/2215/3301 2795/2929/3301 2101/2236/3301 1402/1415/3301
f 1402/1415/3302 2101/2236/3302 2109/2235/3302 3902/1416/3302
f 3902/1416/3303 2109/2235/3303 2116/2243/3303 3905/1431/3303
f 3905/1431/3304 2116/2243/3304 2123/2250/3304 3907/1439/3304
f 3907/1439/3305 2123/2250/3305 2130/2257/3305 3909/1447/3305
f 3909/1447/3306 2130/2257/3306 2137/2264/3306 3911/1455/3306
f 3911/1455/3307 2137/2264/3307 2144/2271/3307 3913/1463/3307
f 3913/1463/3308 2144/2271/3308 2151/2278/3308 3915/1471/3308
f 3915/1471/3309 2151/2278/3309 2158/2285/3309 3917/1479/3309
f 3917/1479/3310 2158/2285/3310 2165/2292/3310 3919/1487/3310
f 3919/1487/3311 2165/2292/3311 2172/2299/3311 3921/1495/3311
f 3921/1495/3312 2172/2299/3312 2179/2306/3312 3923/1503/3312
f 3923/1503/3313 2179/2306/3313 2186/2313/3313 3925/1511/3313
f 3925/1511/3314 2186/2313/3314 2193/2320/3314 3927/1519/3314
f 3927/1519/3315 2193/2320/3315 2200/2327/3315 3929/1527/3315
f 3929/1527/3316 2200/2327/3316 2207/2334/3316 3931/1535/3316
f 3931/1535/3317 2207/2334/3317 2214/2341/3317 3933/1543/3317
f 3933/1543/3318 2214/2341/3318 2221/2348/3318 3935/1551/3318
f 3935/1551/3319 2221/2348/3319 2228/2355/3319 3937/1559/3319
f 3937/1559/3320 2228/2355/3320 2235/2362/3320 3939/1567/3320
f 3939/1567/3321 2235/2362/3321 2242/2369/3321 3941/1575/3321
f 3941/1575/3322 2242/2369/3322 2249/2376/3322 3943/1583/3322
f 3943/1583/3323 2249/2376/3323 2256/2383/3323 3945/1591/3323
f 3945/1591/3324 2256/2383/3324 2263/2390/3324 3947/1599/3324
f 3947/1599/3325 2263/2390/3325 2270/2397/3325 3949/1607/3325
f 3949/1607/3326 2270/2397/3326 2277/2404/3326 3951/1615/3326
f 3951/1615/3327 2277/2404/3327 2284/2411/3327 3953/1623/3327
f 3953/1623/3328 2284/2411/3328 2291/2418/3328 3955/1631/3328
f 3955/1631/3329 2291/2418/3329 2298/2425/3329 3957/1639/3329
f 3957/1639/3330 2298/2425/3330 2305/2432/3330 3959/1647/3330
f 3959/1647/3331 2305/2432/3331 2312/2439/3331 3961/1655/3331
f 3961/1655/3332 2312/2439/3332 2319/2446/3332 3963/1663/3332
f 3963/1663/3333 2319/2446/3333 2326/2453/3333 3965/1671/3333
f 3965/1671/3334 2326/2453/3334 2333/2460/3334 3967/1679/3334
f 3967/1679/3335 2333/2460/3335 2340/2467/3335 3969/1687/3335
f 3969/1687/3336 2340/2467/3336 2347/2474/3336 3971/1695/3336
f 3971/1695/3337 2347/2474/3337 2354/2481/3337 3973/1703/3337
f 3973/1703/3338 2354/2481/3338 2361/2488/3338 3975/1711/3338
f 3975/1711/3339 2361/2488/3339 2368/2495/3339 3977/1719/3339
f 3977/1719/3340 2368/2495/3340 2375/2502/3340 3979/1727/3340
f 3979/1727/3341 2375/2502/3341 2382/2509/3341 3981/1735/3341
f 3981/1735/3342 2382/2509/3342 2389/2516/3342 3983/1743/3342
f 3983/1743/3343 2389/2516/3343 2396/2523/3343 3985/1751/3343
f 3985/1751/3344 2396/2523/3344 2403/2530/3344 3987/1759/3344
f 3987/1759/3345 2403/2530/3345 2410/2537/3345 3989/1767/3345
f 3989/1767/3346 2410/2537/3346 2417/2544/3346 3991/1775/3346
f 3991/1775/3347 2417/2544/3347 2424/2551/3347 3993/1783/3347
f 3993/1783/3348 2424/2551/3348 2431/2558/3348 3995/1791/3348
f 3995/1791/3349 2431/2558/3349 2438/2565/3349 3997/1799/3349
f 3997/1799/3350 2438/2565/3350 2445/2572/3350 3999/1807/3350
f 3999/1815/3351 2445/2586/3351 2452/2585/3351 4001/1816/3351
f 4001/1816/3352 2452/2585/3352 2459/2593/3352 4003/1831/3352
f 4003/1831/3353 2459/2593/3353 2466/2600/3353 4005/1839/3353
f 4005/1839/3354 2466/2600/3354 2473/2607/3354 4007/1847/3354
f 4007/1847/3355 2473/2607/3355 2480/2614/3355 4009/1855/3355
f 4009/1855/3356 2480/2614/3356 2487/2621/3356 4011/1863/3356
f 4011/1863/3357 2487/2621/3357 2494/2628/3357 4013/1871/3357
f 4013/1871/3358 2494/2628/3358 2501/2635/3358 4015/1879/3358
f 4015/1879/3359 2501/2635/3359 2508/2642/3359 4017/1887/3359
f 4017/1887/3360 2508/2642/3360 2515/2649/3360 4019/1895/3360
f 4019/1895/3361 2515/2649/3361 2522/2656/3361 4021/1903/3361
f 4021/1903/3362 2522/2656/3362 2529/2663/3362 4023/1911/3362
f 4023/1911/3363 2529/2663/3363 2536/2670/3363 4025/1919/3363
f 4025/1919/3364 2536/2670/3364 2543/2677/3364 4027/1927/3364
f 4027/1927/3365 2543/2677/3365 2550/2684/3365 4029/1935/3365
f 4029/1935/3366 2550/2684/3366 2557/2691/3366 4031/1943/3366
f 4031/1943/3367 2557/2691/3367 2564/2698/3367 4033/1951/3367
f 4033/1951/3368 2564/2698/3368 2571/2705/3368 4035/1959/3368
f 4035/1959/3369 2571/2705/3369 2578/2712/3369 4037/1967/3369
f 4037/1967/3370 2578/2712/3370 2585/2719/3370 4039/1975/3370
f 4039/1975/3371 2585/2719/3371 2592/2726/3371 4041/1983/3371
f 4041/1983/3372 2592/2726/3372 2599/2733/3372 4043/1991/3372
f 4043/1991/3373 2599/2733/3373 2606/2740/3373 4045/1999/3373
f 4045/1999/3374 2606/2740/3374 2613/2747/3374 4047/2007/3374
f 4047/2007/3375 2613/2747/3375 2620/2754/3375 4049/2015/3375
f 4049/2015/3376 2620/2754/3376 2627/2761/3376 4051/2023/3376
f 4051/2023/3377 2627/2761/3377 2634/2768/3377 4053/2031/3377
f 4053/2031/3378 2634/2768/3378 2641/2775/3378 4055/2039/3378
f 4055/2039/3379 2641/2775/3379 2648/2782/3379 4057/2047/3379
f 4057/2047/3380 2648/2782/3380 2655/2789/3380 4059/2055/3380
f 4059/2055/3381 2655/2789/3381 2662/2796/3381 4061/2063/3381
f 4061/2063/3382 2662/2796/3382 2669/2803/3382 4063/2071/3382
f 4063/2071/3383 2669/2803/3383 2676/2810/3383 4065/2079/3383
f 4065/2079/3384 2676/2810/3384 2683/2817/3384 4067/2087/3384
f 4067/2087/3385 2683/2817/3385 2690/2824/3385 4069/2095/3385
f 4069/2095/3386 2690/2824/3386 2697/2831/3386 4071/2103/3386
f 4071/2103/3387 2697/2831/3387 2704/2838/3387 4073/2111/3387
f 4073/2111/3388 2704/2838/3388 2711/2845/3388 4075/2119/3388
f 4075/2119/3389 2711/2845/3389 2718/2852/3389 4077/2127/3389
f 4077/2127/3390 2718/2852/3390 2725/2859/3390 4079/2135/3390
f 4079/2135/3391 2725/2859/3391 2732/2866/3391 4081/2143/3391
f 4081/2143/3392 2732/2866/3392 2739/2873/3392 4083/2151/3392
f 4083/2151/3393 2739/2873/3393 2746/2880/3393 4085/2159/3393
f 4085/2159/3394 2746/2880/3394 2753/2887/3394 4087/2167/3394
f 4087/2167/3395 2753/2887/3395 2760/2894/3395 4089/2175/3395
f 4089/2175/3396 2760/2894/3396 2767/2901/3396 4091/2183/3396
f 4091/2183/3397 2767/2901/3397 2774/2908/3397 4093/2191/3397
f 4093/2191/3398 2774/2908/3398 2781/2915/3398 4095/2199/3398
f 4095/2199/3399 2781/2915/3399 2788/2922/3399 4097/2207/3399
f 4097/2207/3400 2788/2922/3400 2795/2929/3400 4099/2215/3400
f 4299/2923/3401 3495/3636/3401 2801/2943/3401 2102/2223/3401
f 2102/2223/3402 2801/2943/3402 2809/2942/3402 4102/2224/3402
f 4102/2224/3403 2809/2942/3403 2816/2950/3403 4105/2237/3403
f 4105/2237/3404 2816/2950/3404 2823/2957/3404 4107/2244/3404
f 4107/2244/3405 2823/2957/3405 2830/2964/3405 4109/2251/3405
f 4109/2251/3406 2830/2964/3406 2837/2971/3406 4111/2258/3406
f 4111/2258/3407 2837/2971/3407 2844/2978/3407 4113/2265/3407
f 4113/2265/3408 2844/2978/3408 2851/2985/3408 4115/2272/3408
f 4115/2272/3409 2851/2985/3409 2858/2992/3409 4117/2279/3409
f 4117/2279/3410 2858/2992/3410 2865/2999/3410 4119/2286/3410
f 4119/2286/3411 2865/2999/3411 2872/3006/3411 4121/2293/3411
f 4121/2293/3412 2872/3006/3412 2879/3013/3412 4123/2300/3412
f 4123/2300/3413 2879/3013/3413 2886/3020/3413 4125/2307/3413
f 4125/2307/3414 2886/3020/3414 2893/3027/3414 4127/2314/3414
f 4127/2314/3415 2893/3027/3415 2900/3034/3415 4129/2321/3415
f 4129/2321/3416 2900/3034/3416 2907/3041/3416 4131/2328/3416
f 4131/2328/3417 2907/3041/3417 2914/3048/3417 4133/2335/3417
f 4133/2335/3418 2914/3048/3418 2921/3055/3418 4135/2342/3418
f 4135/2342/3419 2921/3055/3419 2928/3062/3419 4137/2349/3419
f 4137/2349/3420 2928/3062/3420 2935/3069/3420 4139/2356/3420
f 4139/2356/3421 2935/3069/3421 2942/3076/3421 4141/2363/3421
f 4141/2363/3422 2942/3076/3422 2949/3083/3422 4143/2370/3422
f 4143/2370/3423 2949/3083/3423 2956/3090/3423 4145/2377/3423
f 4145/2377/3424 2956/3090/3424 2963/3097/3424 4147/2384/3424
f 4147/2384/3425 2963/3097/3425 2970/3104/3425 4149/2391/3425
f 4149/2391/3426 2970/3104/3426 2977/3111/3426 4151/2398/3426
f 4151/2398/3427 2977/3111/3427 2984/3118/3427 4153/2405/3427
f 4153/2405/3428 2984/3118/3428 2991/3125/3428 4155/2412/3428
f 4155/2412/3429 2991/3125/3429 2998/3132/3429 4157/2419/3429
f 4157/2419/3430 2998/3132/3430 3005/3139/3430 4159/2426/3430
f 4159/2426/3431 3005/3139/3431 3012/3146/3431 4161/2433/3431
f 4161/2433/3432 3012/3146/3432 3019/3153/3432 4163/2440/3432
f 4163/2440/3433 3019/3153/3433 3026/3160/3433 4165/2447/3433
f 4165/2447/3434 3026/3160/3434 3033/3167/3434 4167/2454/3434
f 4167/2454/3435 3033/3167/3435 3040/3174/3435 4169/2461/3435
f 4169/2461/3436 3040/3174/3436 3047/3181/3436 4171/2468/3436
f 4171/2468/3437 3047/3181/3437 3054/3188/3437 4173/2475/3437
f 4173/2475/3438 3054/3188/3438 3061/3195/3438 4175/2482/3438
f 4175/2482/3439 3061/3195/3439 3068/3202/3439 4177/2489/3439
f 4177/2489/3440 3068/3202/3440 3075/3209/3440 4179/2496/3440
f 4179/2496/3441 3075/3209/3441 3082/3216/3441 4181/2503/3441
f 4181/2503/3442 3082/3216/3442 3089/3223/3442 4183/2510/3442
f 4183/2510/3443 3089/3223/3443 3096/3230/3443 4185/2517/3443
f 4185/2517/3444 3096/3230/3444 3103/3237/3444 4187/2524/3444
f 4187/2524/3445 3103/3237/3445 3110/3244/3445 4189/2531/3445
f 4189/2531/3446 3110/3244/3446 3117/3251/3446 4191/2538/3446
f 4191/2538/3447 3117/3251/3447 3124/3258/3447 4193/2545/3447
f 4193/2545/3448 3124/3258/3448 3131/3265/3448 4195/2552/3448
f 4195/2552/3449 3131/3265/3449 3138/3272/3449 4197/2559/3449
f 4197/2559/3450 3138/3272/3450 3145/3279/3450 4199/2566/3450
f 4199/2573/3451 3145/3293/3451 3152/3292/3451 4201/2574/3451
f 4201/2574/3452 3152/3292/3452 3159/3300/3452 4203/2587/3452
f 4203/2587/3453 3159/3300/3453 3166/3307/3453 4205/2594/3453
f 4205/2594/3454 3166/3307/3454 3173/3314/3454 4207/2601/3454
f 4207/2601/3455 3173/3314/3455 3180/3321/3455 4209/2608/3455
f 4209/2608/3456 3180/3321/3456 3187/3328/3456 4211/2615/3456
f 4211/2615/3457 3187/3328/3457 3194/3335/3457 4213/2622/3457
f 4213/2622/3458 3194/3335/3458 3201/3342/3458 4215/2629/3458
f 4215/2629/3459 3201/3342/3459 3208/3349/3459 4217/2636/3459
f 4217/2636/3460 3208/3349/3460 3215/3356/3460 4219/2643/3460
f 4219/2643/3461 3215/3356/3461 3222/3363/3461 4221/2650/3461
f 4221/2650/3462 3222/3363/3462 3229/3370/3462 4223/2657/3462
f 4223/2657/3463 3229/3370/3463 3236/3377/3463 4225/2664/3463
f 4225/2664/3464 3236/3377/3464 3243/3384/3464 4227/2671/3464
f 4227/2671/3465 3243/3384/3465 3250/3391/3465 4229/2678/3465
f 4229/2678/3466 3250/3391/3466 3257/3398/3466 4231/2685/3466
f 4231/2685/3467 3257/3398/3467 3264/3405/3467 4233/2692/3467
f 4233/2692/3468 3264/3405/3468 3271/3412/3468 4235/2699/3468
f 4235/2699/3469 3271/3412/3469 3278/3419/3469 4237/2706/3469
f 4237/2706/3470 3278/3419/3470 3285/3426/3470 4239/2713/3470
f 4239/2713/3471 3285/3426/3471 3292/3433/3471 4241/2720/3471
f 4241/2720/3472 3292/3433/3472 3299/3440/3472 4243/2727/3472
f 4243/2727/3473 3299/3440/3473 3306/3447/3473 4245/2734/3473
f 4245/2734/3474 3306/3447/3474 3313/3454/3474 4247/2741/3474
f 4247/2741/3475 3313/3454/3475 3320/3461/3475 4249/2748/3475
f 4249/2748/3476 3320/3461/3476 3327/3468/3476 4251/2755/3476
f 4251/2755/3477 3327/3468/3477 3334/3475/3477 4253/2762/3477
f 4253/2762/3478 3334/3475/3478 3341/3482/3478 4255/2769/3478
f 4255/2769/3479 3341/3482/3479 3348/3489/3479 4257/2776/3479
f 4257/2776/3480 3348/3489/3480 3355/3496/3480 4259/2783/3480
f 4259/2783/3481 3355/3496/3481 3362/3503/3481 4261/2790/3481
f 4261/2790/3482 3362/3503/3482 3369/3510/3482 4263/2797/3482
f 4263/2797/3483 3369/3510/3483 3376/3517/3483 4265/2804/3483
f 4265/2804/3484 3376/3517/3484 3383/3524/3484 4267/2811/3484
f 4267/2811/3485 3383/3524/3485 3390/3531/3485 4269/2818/3485
f 4269/2818/3486 3390/3531/3486 3397/3538/3486 4271/2825/3486
f 4271/2825/3487 3397/3538/3487 3404/3545/3487 4273/2832/3487
f 4273/2832/3488 3404/3545/3488 3411/3552/3488 4275/2839/3488
f 4275/2839/3489 3411/3552/3489 3418/3559/3489 4277/2846/3489
f 4277/2846/3490 3418/3559/3490 3425/3566/3490 4279/2853/3490
f 4279/2853/3491 3425/3566/3491 3432/3573/3491 4281/2860/3491
f 4281/2860/3492 3432/3573/3492 3439/3580/3492 4283/2867/3492
f 4283/2867/3493 3439/3580/3493 3446/3587/3493 4285/2874/3493
f 4285/2874/3494 3446/3587/3494 3453/3594/3494 4287/2881/3494
f 4287/2881/3495 3453/3594/3495 3460/3601/3495 4289/2888/3495
f 4289/2888/3496 3460/3601/3496 3467/3608/3496 4291/2895/3496
f 4291/2895/3497 3467/3608/3497 3474/3615/3497 4293/2902/3497
f 4293/2902/3498 3474/3615/3498 3481/3622/3498 4295/2909/3498
f 4295/2909/3499 3481/3622/3499 3488/3629/3499 4297/2916/3499
f 4297/2916/3500 3488/3629/3500 3495/3636/3500 4299/2923/3500
f 8/2/3501 3501/1/3501 2/1/3501 3502/2/3501
f 3504/14/3502 3503/13/3502 9/13/3502 1/14/3502
f 708/16/3503 3505/15/3503 702/15/3503 3506/16/3503
f 3508/28/3504 3507/27/3504 709/27/3504 701/28/3504
f 15/29/3505 8/2/3505 3502/2/3505 3509/29/3505
f 3503/13/3506 3510/35/3506 16/35/3506 9/13/3506
f 715/36/3507 708/16/3507 3506/16/3507 3511/36/3507
f 3507/27/3508 3512/42/3508 716/42/3508 709/27/3508
f 22/43/3509 15/29/3509 3509/29/3509 3513/43/3509
f 3510/35/3510 3514/49/3510 23/49/3510 16/35/3510
f 722/50/3511 715/36/3511 3511/36/3511 3515/50/3511
f 3512/42/3512 3516/56/3512 723/56/3512 716/42/3512
f 29/57/3513 22/43/3513 3513/43/3513 3517/57/3513
f 3514/49/3514 3518/63/3514 30/63/3514 23/49/3514
f 729/64/3515 722/50/3515 3515/50/3515 3519/64/3515
f 3516/56/3516 3520/70/3516 730/70/3516 723/56/3516
f 36/71/3517 29/57/3517 3517/57/3517 3521/71/3517
f 3518/63/3518 3522/77/3518 37/77/3518 30/63/3518
f 736/78/3519 729/64/3519 3519/64/3519 3523/78/3519
f 3520/70/3520 3524/84/3520 737/84/3520 730/70/3520
f 43/85/3521 36/71/3521 3521/71/3521 3525/85/3521
f 3522/77/3522 3526/91/3522 44/91/3522 37/77/3522
f 743/92/3523 736/78/3523 3523/78/3523 3527/92/3523
f 3524/84/3524 3528/98/3524 744/98/3524 737/84/3524
f 50/99/3525 43/85/3525 3525/85/3525 3529/99/3525
f 3526/91/3526 3530/105/3526 51/105/3526 44/91/3526
f 750/106/3527 743/92/3527 3527/92/3527 3531/106/3527
f 3528/98/3528 3532/112/3528 751/112/3528 744/98/3528
f 57/113/3529 50/99/3529 3529/99/3529 3533/113/3529
f 3530/105/3530 3534/119/3530 58/119/3530 51/105/3530
f 757/120/3531 750/106/3531 3531/106/3531 3535/120/3531
f 3532/112/3532 3536/126/3532 758/126/3532 751/112/3532
f 64/127/3533 57/113/3533 3533/113/3533 3537/127/3533
f 3534/119/3534 3538/133/3534 65/133/3534 58/119/3534
f 764/134/3535 757/120/3535 3535/120/3535 3539/134/3535
f 3536/126/3536 3540/140/3536 765/140/3536 758/126/3536
f 71/141/3537 64/127/3537 3537/127/3537 3541/141/3537
f 3538/133/3538 3542/147/3538 72/147/3538 65/133/3538
f 771/148/3539 764/134/3539 3539/134/3539 3543/148/3539
f 3540/140/3540 3544/154/3540 772/154/3540 765/140/3540
f 78/155/3541 71/141/3541 3541/141/3541 3545/155/3541
f 3542/147/3542 3546/161/3542 79/161/3542 72/147/3542
f 778/162/3543 771/148/3543 3543/148/3543 3547/162/3543
f 3544/154/3544 3548/168/3544 779/168/3544 772/154/3544
f 85/169/3545 78/155/3545 3545/155/3545 3549/169/3545
f 3546/161/3546 3550/175/3546 86/175/3546 79/161/3546
f 785/176/3547 778/162/3547 3547/162/3547 3551/176/3547
f 3548/168/3548 3552/182/3548 786/182/3548 779/168/3548
f 92/183/3549 85/169/3549 3549/169/3549 3553/183/3549
f 3550/175/3550 3554/189/3550 93/189/3550 86/175/3550
f 792/190/3551 785/176/3551 3551/176/3551 3555/190/3551
f 3552/182/3552 3556/196/3552 793/196/3552 786/182/3552
f 99/197/3553 92/183/3553 3553/183/3553 3557/197/3553
f 3554/189/3554 3558/203/3554 100/203/3554 93/189/3554
f 799/204/3555 792/190/3555 3555/190/3555 3559/204/3555
f 3556/196/3556 3560/210/3556 800/210/3556 793/196/3556
f 106/211/3557 99/197/3557 3557/197/3557 3561/211/3557
f 3558/203/3558 3562/217/3558 107/217/3558 100/203/3558
f 806/218/3559 799/204/3559 3559/204/3559 3563/218/3559
f 3560/210/3560 3564/224/3560 807/224/3560 800/210/3560
f 113/225/3561 106/211/3561 3561/211/3561 3565/225/3561
f 3562/217/3562 3566/231/3562 114/231/3562 107/217/3562
f 813/232/3563 806/218/3563 3563/218/3563 3567/232/3563
f 3564/224/3564 3568/238/3564 814/238/3564 807/224/3564
f 120/239/3565 113/225/3565 3565/225/3565 3569/239/3565
f 3566/231/3566 3570/245/3566 121/245/3566 114/231/3566
f 820/246/3567 813/232/3567 3567/232/3567 3571/246/3567
f 3568/238/3568 3572/252/3568 821/252/3568 814/238/3568
f 127/253/3569 120/239/3569 3569/239/3569 3573/253/3569
f 3570/245/3570 3574/259/3570 128/259/3570 121/245/3570
f 827/260/3571 820/246/3571 3571/246/3571 3575/260/3571
f 3572/252/3572 3576/266/3572 828/266/3572 821/252/3572
f 134/267/3573 127/253/3573 3573/253/3573 3577/267/3573
f 3574/259/3574 3578/273/3574 135/273/3574 128/259/3574
f 834/274/3575 827/260/3575 3575/260/3575 3579/274/3575
f 3576/266/3576 3580/280/3576 835/280/3576 828/266/3576
f 141/281/3577 134/267/3577 3577/267/3577 3581/281/3577
f 3578/273/3578 3582/287/3578 142/287/3578 135/273/3578
f 841/288/3579 834/274/3579 3579/274/3579 3583/288/3579
f 3580/280/3580 3584/294/3580 842/294/3580 835/280/3580
f 148/295/3581 141/281/3581 3581/281/3581 3585/295/3581
f 3582/287/3582 3586/301/3582 149/301/3582 142/287/3582
f 848/302/3583 841/288/3583 3583/288/3583 3587/302/3583
f 3584/294/3584 3588/308/3584 849/308/3584 842/294/3584
f 155/309/3585 148/295/3585 3585/295/3585 3589/309/3585
f 3586/301/3586 3590/315/3586 156/315/3586 149/301/3586
f 855/316/3587 848/302/3587 3587/302/3587 3591/316/3587
f 3588/308/3588 3592/322/3588 856/322/3588 849/308/3588
f 162/323/3589 155/309/3589 3589/309/3589 3593/323/3589
f 3590/315/3590 3594/329/3590 163/329/3590 156/315/3590
f 862/330/3591 855/316/3591 3591/316/3591 3595/330/3591
f 3592/322/3592 3596/336/3592 863/336/3592 856/322/3592
f 169/337/3593 162/323/3593 3593/323/3593 3597/337/3593
f 3594/329/3594 3598/343/3594 170/343/3594 163/329/3594
f 869/344/3595 862/330/3595 3595/330/3595 3599/344/3595
f 3596/336/3596 3600/350/3596 870/350/3596 863/336/3596
f 176/351/3597 169/337/3597 3597/337/3597 3601/351/3597
f 3598/343/3598 3602/357/3598 177/357/3598 170/343/3598
f 876/358/3599 869/344/3599 3599/344/3599 3603/358/3599
f 3600/350/3600 3604/364/3600 877/364/3600 870/350/3600
f 183/365/3601 176/351/3601 3601/351/3601 3605/365/3601
f 3602/357/3602 3606/371/3602 184/371/3602 177/357/3602
f 883/372/3603 876/358/3603 3603/358/3603 3607/372/3603
f 3604/364/3604 3608/378/3604 884/378/3604 877/364/3604
f 190/379/3605 183/365/3605 3605/365/3605 3609/379/3605
f 3606/371/3606 3610/385/3606 191/385/3606 184/371/3606
f 890/386/3607 883/372/3607 3607/372/3607 3611/386/3607
f 3608/378/3608 3612/392/3608 891/392/3608 884/378/3608
f 197/393/3609 190/379/3609 3609/379/3609 3613/393/3609
f 3610/385/3610 3614/399/3610 198/399/3610 191/385/3610
f 897/400/3611 890/386/3611 3611/386/3611 3615/400/3611
f 3612/392/3612 3616/406/3612 898/406/3612 891/392/3612
f 204/407/3613 197/393/3613 3613/393/3613 3617/407/3613
f 3614/399/3614 3618/413/3614 205/413/3614 198/399/3614
f 904/414/3615 897/400/3615 3615/400/3615 3619/414/3615
f 3616/406/3616 3620/420/3616 905/420/3616 898/406/3616
f 211/421/3617 204/407/3617 3617/407/3617 3621/421/3617
f 3618/413/3618 3622/427/3618 212/427/3618 205/413/3618
f 911/428/3619 904/414/3619 3619/414/3619 3623/428/3619
f 3620/420/3620 3624/434/3620 912/434/3620 905/420/3620
f 218/435/3621 211/421/3621 3621/421/3621 3625/435/3621
f 3622/427/3622 3626/441/3622 219/441/3622 212/427/3622
f 918/442/3623 911/428/3623 3623/428/3623 3627/442/3623
f 3624/434/3624 3628/448/3624 919/448/3624 912/434/3624
f 225/449/3625 218/435/3625 3625/435/3625 3629/449/3625
f 3626/441/3626 3630/455/3626 226/455/3626 219/441/3626
f 925/456/3627 918/442/3627 3627/442/3627 3631/456/3627
f 3628/448/3628 3632/462/3628 926/462/3628 919/448/3628
f 232/463/3629 225/449/3629 3629/449/3629 3633/463/3629
f 3630/455/3630 3634/469/3630 233/469/3630 226/455/3630
f 932/470/3631 925/456/3631 3631/456/3631 3635/470/3631
f 3632/462/3632 3636/476/3632 933/476/3632 926/462/3632
f 239/477/3633 232/463/3633 3633/463/3633 3637/477/3633
f 3634/469/3634 3638/483/3634 240/483/3634 233/469/3634
f 939/484/3635 932/470/3635 3635/470/3635 3639/484/3635
f 3636/476/3636 3640/490/3636 940/490/3636 933/476/3636
f 246/491/3637 239/477/3637 3637/477/3637 3641/491/3637
f 3638/483/3638 3642/497/3638 247/497/3638 240/483/3638
f 946/498/3639 939/484/3639 3639/484/3639 3643/498/3639
f 3640/490/3640 3644/504/3640 947/504/3640 940/490/3640
f 253/505/3641 246/491/3641 3641/491/3641 3645/505/3641
f 3642/497/3642 3646/511/3642 254/511/3642 247/497/3642
f 953/512/3643 946/498/3643 3643/498/3643 3647/512/3643
f 3644/504/3644 3648/518/3644 954/518/3644 947/504/3644
f 260/519/3645 253/505/3645 3645/505/3645 3649/519/3645
f 3646/511/3646 3650/525/3646 261/525/3646 254/511/3646
f 960/526/3647 953/512/3647 3647/512/3647 3651/526/3647
f 3648/518/3648 3652/532/3648 961/532/3648 954/518/3648
f 267/533/3649 260/519/3649 3649/519/3649 3653/533/3649
f 3650/525/3650 3654/539/3650 268/539/3650 261/525/3650
f 967/540/3651 960/526/3651 3651/526/3651 3655/540/3651
f 3652/532/3652 3656/546/3652 968/546/3652 961/532/3652
f 274/547/3653 267/533/3653 3653/533/3653 3657/547/3653
f 3654/539/3654 3658/553/3654 275/553/3654 268/539/3654
f 974/554/3655 967/540/3655 3655/540/3655 3659/554/3655
f 3656/546/3656 3660/560/3656 975/560/3656 968/546/3656
f 281/561/3657 274/547/3657 3657/547/3657 3661/561/3657
f 3658/553/3658 3662/567/3658 282/567/3658 275/553/3658
f 981/568/3659 974/554/3659 3659/554/3659 3663/568/3659
f 3660/560/3660 3664/574/3660 982/574/3660 975/560/3660
f 288/575/3661 281/561/3661 3661/561/3661 3665/575/3661
f 3662/567/3662 3666/581/3662 289/581/3662 282/567/3662
f 988/582/3663 981/568/3663 3663/568/3663 3667/582/3663
f 3664/574/3664 3668/588/3664 989/588/3664 982/574/3664
f 295/589/3665 288/575/3665 3665/575/3665 3669/589/3665
f 3666/581/3666 3670/595/3666 296/595/3666 289/581/3666
f 995/596/3667 988/582/3667 3667/582/3667 3671/596/3667
f 3668/588/3668 3672/602/3668 996/602/3668 989/588/3668
f 302/603/3669 295/589/3669 3669/589/3669 3673/603/3669
f 3670/595/3670 3674/609/3670 303/609/3670 296/595/3670
f 1002/610/3671 995/596/3671 3671/596/3671 3675/610/3671
f 3672/602/3672 3676/616/3672 1003/616/3672 996/602/3672
f 309/617/3673 302/603/3673 3673/603/3673 3677/617/3673
f 3674/609/3674 3678/623/3674 310/623/3674 303/609/3674
f 1009/624/3675 1002/610/3675 3675/610/3675 3679/624/3675
f 3676/616/3676 3680/630/3676 1010/630/3676 1003/616/3676
f 316/631/3677 309/617/3677 3677/617/3677 3681/631/3677
f 3678/623/3678 3682/637/3678 317/637/3678 310/623/3678
f 1016/638/3679 1009/624/3679 3679/624/3679 3683/638/3679
f 3680/630/3680 3684/644/3680 1017/644/3680 1010/630/3680
f 323/645/3681 316/631/3681 3681/631/3681 3685/645/3681
f 3682/637/3682 3686/651/3682 324/651/3682 317/637/3682
f 1023/652/3683 1016/638/3683 3683/638/3683 3687/652/3683
f 3684/644/3684 3688/658/3684 1024/658/3684 1017/644/3684
f 330/659/3685 323/645/3685 3685/645/3685 3689/659/3685
f 3686/651/3686 3690/665/3686 331/665/3686 324/651/3686
f 1030/666/3687 1023/652/3687 3687/652/3687 3691/666/3687
f 3688/658/3688 3692/672/3688 1031/672/3688 1024/658/3688
f 337/673/3689 330/659/3689 3689/659/3689 3693/673/3689
f 3690/665/3690 3694/679/3690 338/679/3690 331/665/3690
f 1037/680/3691 1030/666/3691 3691/666/3691 3695/680/3691
f 3692/672/3692 3696/686/3692 1038/686/3692 1031/672/3692
f 344/687/3693 337/673/3693 3693/673/3693 3697/687/3693
f 3694/679/3694 3698/693/3694 345/693/3694 338/679/3694
f 1044/694/3695 1037/680/3695 3695/680/3695 3699/694/3695
f 3696/686/3696 3700/700/3696 1045/700/3696 1038/686/3696
f 351/702/3697 344/701/3697 3697/701/3697 3701/702/3697
f 3698/714/3698 3702/713/3698 352/713/3698 345/714/3698
f 1051/716/3699 1044/715/3699 3699/715/3699 3703/716/3699
f 3700/728/3700 3704/727/3700 1052/727/3700 1045/728/3700
f 358/729/3701 351/702/3701 3701/702/3701 3705/729/3701
f 3702/713/3702 3706/735/3702 359/735/3702 352/713/3702
f 1058/736/3703 1051/716/3703 3703/716/3703 3707/736/3703
f 3704/727/3704 3708/742/3704 1059/742/3704 1052/727/3704
f 365/743/3705 358/729/3705 3705/729/3705 3709/743/3705
f 3706/735/3706 3710/749/3706 366/749/3706 359/735/3706
f 1065/750/3707 1058/736/3707 3707/736/3707 3711/750/3707
f 3708/742/3708 3712/756/3708 1066/756/3708 1059/742/3708
f 372/757/3709 365/743/3709 3709/743/3709 3713/757/3709
f 3710/749/3710 3714/763/3710 373/763/3710 366/749/3710
f 1072/764/3711 1065/750/3711 3711/750/3711 3715/764/3711
f 3712/756/3712 3716/770/3712 1073/770/3712 1066/756/3712
f 379/771/3713 372/757/3713 3713/757/3713 3717/771/3713
f 3714/763/3714 3718/777/3714 380/777/3714 373/763/3714
f 1079/778/3715 1072/764/3715 3715/764/3715 3719/778/3715
f 3716/770/3716 3720/784/3716 1080/784/3716 1073/770/3716
f 386/785/3717 379/771/3717 3717/771/3717 3721/785/3717
f 3718/777/3718 3722/791/3718 387/791/3718 380/777/3718
f 1086/792/3719 1079/778/3719 3719/778/3719 3723/792/3719
f 3720/784/3720 3724/798/3720 1087/798/3720 1080/784/3720
f 393/799/3721 386/785/3721 3721/785/3721 3725/799/3721
f 3722/791/3722 3726/805/3722 394/805/3722 387/791/3722
f 1093/806/3723 1086/792/3723 3723/792/3723 3727/806/3723
f 3724/798/3724 3728/812/3724 1094/812/3724 1087/798/3724
f 400/813/3725 393/799/3725 3725/799/3725 3729/813/3725
f 3726/805/3726 3730/819/3726 401/819/3726 394/805/3726
f 1100/820/3727 1093/806/3727 3727/806/3727 3731/820/3727
f 3728/812/3728 3732/826/3728 1101/826/3728 1094/812/3728
f 407/827/3729 400/813/3729 3729/813/3729 3733/827/3729
f 3730/819/3730 3734/833/3730 408/833/3730 401/819/3730
f 1107/834/3731 1100/820/3731 3731/820/3731 3735/834/3731
f 3732/826/3732 3736/840/3732 1108/840/3732 1101/826/3732
f 414/841/3733 407/827/3733 3733/827/3733 3737/841/3733
f 3734/833/3734 3738/847/3734 415/847/3734 408/833/3734
f 1114/848/3735 1107/834/3735 3735/834/3735 3739/848/3735
f 3736/840/3736 3740/854/3736 1115/854/3736 1108/840/3736
f 421/855/3737 414/841/3737 3737/841/3737 3741/855/3737
f 3738/847/3738 3742/861/3738 422/861/3738 415/847/3738
f 1121/862/3739 1114/848/3739 3739/848/3739 3743/862/3739
f 3740/854/3740 3744/868/3740 1122/868/3740 1115/854/3740
f 428/869/3741 421/855/3741 3741/855/3741 3745/869/3741
f 3742/861/3742 3746/875/3742 429/875/3742 422/861/3742
f 1128/876/3743 1121/862/3743 3743/862/3743 3747/876/3743
f 3744/868/3744 3748/882/3744 1129/882/3744 1122/868/3744
f 435/883/3745 428/869/3745 3745/869/3745 3749/883/3745
f 3746/875/3746 3750/889/3746 436/889/3746 429/875/3746
f 1135/890/3747 1128/876/3747 3747/876/3747 3751/890/3747
f 3748/882/3748 3752/896/3748 1136/896/3748 1129/882/3748
f 442/897/3749 435/883/3749 3749/883/3749 3753/897/3749
f 3750/889/3750 3754/903/3750 443/903/3750 436/889/3750
f 1142/904/3751 1135/890/3751 3751/890/3751 3755/904/3751
f 3752/896/3752 3756/910/3752 1143/910/3752 1136/896/3752
f 449/911/3753 442/897/3753 3753/897/3753 3757/911/3753
f 3754/903/3754 3758/917/3754 450/917/3754 443/903/3754
f 1149/918/3755 1142/904/3755 3755/904/3755 3759/918/3755
f 3756/910/3756 3760/924/3756 1150/924/3756 1143/910/3756
f 456/925/3757 449/911/3757 3757/911/3757 3761/925/3757
f 3758/917/3758 3762/931/3758 457/931/3758 450/917/3758
f 1156/932/3759 1149/918/3759 3759/918/3759 3763/932/3759
f 3760/924/3760 3764/938/3760 1157/938/3760 1150/924/3760
f 463/939/3761 456/925/3761 3761/925/3761 3765/939/3761
f 3762/931/3762 3766/945/3762 464/945/3762 457/931/3762
f 1163/946/3763 1156/932/3763 3763/932/3763 3767/946/3763
f 3764/938/3764 3768/952/3764 1164/952/3764 1157/938/3764
f 470/953/3765 463/939/3765 3765/939/3765 3769/953/3765
f 3766/945/3766 3770/959/3766 471/959/3766 464/945/3766
f 1170/960/3767 1163/946/3767 3767/946/3767 3771/960/3767
f 3768/952/3768 3772/966/3768 1171/966/3768 1164/952/3768
f 477/967/3769 470/953/3769 3769/953/3769 3773/967/3769
f 3770/959/3770 3774/973/3770 478/973/3770 471/959/3770
f 1177/974/3771 1170/960/3771 3771/960/3771 3775/974/3771
f 3772/966/3772 3776/980/3772 1178/980/3772 1171/966/3772
f 484/981/3773 477/967/3773 3773/967/3773 3777/981/3773
f 3774/973/3774 3778/987/3774 485/987/3774 478/973/3774
f 1184/988/3775 1177/974/3775 3775/974/3775 3779/988/3775
f 3776/980/3776 3780/994/3776 1185/994/3776 1178/980/3776
f 491/995/3777 484/981/3777 3777/981/3777 3781/995/3777
f 3778/987/3778 3782/1001/3778 492/1001/3778 485/987/3778
f 1191/1002/3779 1184/988/3779 3779/988/3779 3783/1002/3779
f 3780/994/3780 3784/1008/3780 1192/1008/3780 1185/994/3780
f 498/1009/3781 491/995/3781 3781/995/3781 3785/1009/3781
f 3782/1001/3782 3786/1015/3782 499/1015/3782 492/1001/3782
f 1198/1016/3783 1191/1002/3783 3783/1002/3783 3787/1016/3783
f 3784/1008/3784 3788/1022/3784 1199/1022/3784 1192/1008/3784
f 505/1023/3785 498/1009/3785 3785/1009/3785 3789/1023/3785
f 3786/1015/3786 3790/1029/3786 506/1029/3786 499/1015/3786
f 1205/1030/3787 1198/1016/3787 3787/1016/3787 3791/1030/3787
f 3788/1022/3788 3792/1036/3788 1206/1036/3788 1199/1022/3788
f 512/1037/3789 505/1023/3789 3789/1023/3789 3793/1037/3789
f 3790/1029/3790 3794/1043/3790 513/1043/3790 506/1029/3790
f 1212/1044/3791 1205/1030/3791 3791/1030/3791 3795/1044/3791
f 3792/1036/3792 3796/1050/3792 1213/1050/3792 1206/1036/3792
f 519/1051/3793 512/1037/3793 3793/1037/3793 3797/1051/3793
f 3794/1043/3794 3798/1057/3794 520/1057/3794 513/1043/3794
f 1219/1058/3795 1212/1044/3795 3795/1044/3795 3799/1058/3795
f 3796/1050/3796 3800/1064/3796 1220/1064/3796 1213/1050/3796
f 526/1065/3797 519/1051/3797 3797/1051/3797 3801/1065/3797
f 3798/1057/3798 3802/1071/3798 527/1071/3798 520/1057/3798
f 1226/1072/3799 1219/1058/3799 3799/1058/3799 3803/1072/3799
f 3800/1064/3800 3804/1078/3800 1227/1078/3800 1220/1064/3800
f 533/1079/3801 526/1065/3801 3801/1065/3801 3805/1079/3801
f 3802/1071/3802 3806/1085/3802 534/1085/3802 527/1071/3802
f 1233/1086/3803 1226/1072/3803 3803/1072/3803 3807/1086/3803
f 3804/1078/3804 3808/1092/3804 1234/1092/3804 1227/1078/3804
f 540/1093/3805 533/1079/3805 3805/1079/3805 3809/1093/3805
f 3806/1085/3806 3810/1099/3806 541/1099/3806 534/1085/3806
f 1240/1100/3807 1233/1086/3807 3807/1086/3807 3811/1100/3807
f 3808/1092/3808 3812/1106/3808 1241/1106/3808 1234/1092/3808
f 547/1107/3809 540/1093/3809 3809/1093/3809 3813/1107/3809
f 3810/1099/3810 3814/1113/3810 548/1113/3810 541/1099/3810
f 1247/1114/3811 1240/1100/3811 3811/1100/3811 3815/1114/3811
f 3812/1106/3812 3816/1120/3812 1248/1120/3812 1241/1106/3812
f 554/1121/3813 547/1107/3813 3813/1107/3813 3817/1121/3813
f 3814/1113/3814 3818/1127/3814 555/1127/3814 548/1113/3814
f 1254/1128/3815 1247/1114/3815 3815/1114/3815 3819/1128/3815
f 3816/1120/3816 3820/1134/3816 1255/1134/3816 1248/1120/3816
f 561/1135/3817 554/1121/3817 3817/1121/3817 3821/1135/3817
f 3818/1127/3818 3822/1141/3818 562/1141/3818 555/1127/3818
f 1261/1142/3819 1254/1128/3819 3819/1128/3819 3823/1142/3819
f 3820/1134/3820 3824/1148/3820 1262/1148/3820 1255/1134/3820
f 568/1149/3821 561/1135/3821 3821/1135/3821 3825/1149/3821
f 3822/1141/3822 3826/1155/3822 569/1155/3822 562/1141/3822
f 1268/1156/3823 1261/1142/3823 3823/1142/3823 3827/1156/3823
f 3824/1148/3824 3828/1162/3824 1269/1162/3824 1262/1148/3824
f 575/1163/3825 568/1149/3825 3825/1149/3825 3829/1163/3825
f 3826/1155/3826 3830/1169/3826 576/1169/3826 569/1155/3826
f 1275/1170/3827 1268/1156/3827 3827/1156/3827 3831/1170/3827
f 3828/1162/3828 3832/1176/3828 1276/1176/3828 1269/1162/3828
f 582/1177/3829 575/1163/3829 3829/1163/3829 3833/1177/3829
f 3830/1169/3830 3834/1183/3830 583/1183/3830 576/1169/3830
f 1282/1184/3831 1275/1170/3831 3831/1170/3831 3835/1184/3831
f 3832/1176/3832 3836/1190/3832 1283/1190/3832 1276/1176/3832
f 589/1191/3833 582/1177/3833 3833/1177/3833 3837/1191/3833
f 3834/1183/3834 3838/1197/3834 590/1197/3834 583/1183/3834
f 1289/1198/3835 1282/1184/3835 3835/1184/3835 3839/1198/3835
f 3836/1190/3836 3840/1204/3836 1290/1204/3836 1283/1190/3836
f 596/1205/3837 589/1191/3837 3837/1191/3837 3841/1205/3837
f 3838/1197/3838 3842/1211/3838 597/1211/3838 590/1197/3838
f 1296/1212/3839 1289/1198/3839 3839/1198/3839 3843/1212/3839
f 3840/1204/3840 3844/1218/3840 1297/1218/3840 1290/1204/3840
f 603/1219/3841 596/1205/3841 3841/1205/3841 3845/1219/3841
f 3842/1211/3842 3846/1225/3842 604/1225/3842 597/1211/3842
f 1303/1226/3843 1296/1212/3843 3843/1212/3843 3847/1226/3843
f 3844/1218/3844 3848/1232/3844 1304/1232/3844 1297/1218/3844
f 610/1233/3845 603/1219/3845 3845/1219/3845 3849/1233/3845
f 3846/1225/3846 3850/1239/3846 611/1239/3846 604/1225/3846
f 1310/1240/3847 1303/1226/3847 3847/1226/3847 3851/1240/3847
f 3848/1232/3848 3852/1246/3848 1311/1246/3848 1304/1232/3848
f 617/1247/3849 610/1233/3849 3849/1233/3849 3853/1247/3849
f 3850/1239/3850 3854/1253/3850 618/1253/3850 611/1239/3850
f 1317/1254/3851 1310/1240/3851 3851/1240/3851 3855/1254/3851
f 3852/1246/3852 3856/1260/3852 1318/1260/3852 1311/1246/3852
f 624/1261/3853 617/1247/3853 3853/1247/3853 3857/1261/3853
f 3854/1253/3854 3858/1267/3854 625/1267/3854 618/1253/3854
f 1324/1268/3855 1317/1254/3855 3855/1254/3855 3859/1268/3855
f 3856/1260/3856 3860/1274/3856 1325/1274/3856 1318/1260/3856
f 631/1275/3857 624/1261/3857 3857/1261/3857 3861/1275/3857
f 3858/1267/3858 3862/1281/3858 632/1281/3858 625/1267/3858
f 1331/1282/3859 1324/1268/3859 3859/1268/3859 3863/1282/3859
f 3860/1274/3860 3864/1288/3860 1332/1288/3860 1325/1274/3860
f 638/1289/3861 631/1275/3861 3861/1275/3861 3865/1289/3861
f 3862/1281/3862 3866/1295/3862 639/1295/3862 632/1281/3862
f 1338/1296/3863 1331/1282/3863 3863/1282/3863 3867/1296/3863
f 3864/1288/3864 3868/1302/3864 1339/1302/3864 1332/1288/3864
f 645/1303/3865 638/1289/3865 3865/1289/3865 3869/1303/3865
f 3866/1295/3866 3870/1309/3866 646/1309/3866 639/1295/3866
f 1345/1310/3867 1338/1296/3867 3867/1296/3867 3871/1310/3867
f 3868/1302/3868 3872/1316/3868 1346/1316/3868 1339/1302/3868
f 652/1317/3869 645/1303/3869 3869/1303/3869 3873/1317/3869
f 3870/1309/3870 3874/1323/3870 653/1323/3870 646/1309/3870
f 1352/1324/3871 1345/1310/3871 3871/1310/3871 3875/1324/3871
f 3872/1316/3872 3876/1330/3872 1353/1330/3872 1346/1316/3872
f 659/1331/3873 652/1317/3873 3873/1317/3873 3877/1331/3873
f 3874/1323/3874 3878/1337/3874 660/1337/3874 653/1323/3874
f 1359/1338/3875 1352/1324/3875 3875/1324/3875 3879/1338/3875
f 3876/1330/3876 3880/1344/3876 1360/1344/3876 1353/1330/3876
f 666/1345/3877 659/1331/3877 3877/1331/3877 3881/1345/3877
f 3878/1337/3878 3882/1351/3878 667/1351/3878 660/1337/3878
f 1366/1352/3879 1359/1338/3879 3879/1338/3879 3883/1352/3879
f 3880/1344/3880 3884/1358/3880 1367/1358/3880 1360/1344/3880
f 673/1359/3881 666/1345/3881 3881/1345/3881 3885/1359/3881
f 3882/1351/3882 3886/1365/3882 674/1365/3882 667/1351/3882
f 1373/1366/3883 1366/1352/3883 3883/1352/3883 3887/1366/3883
f 3884/1358/3884 3888/1372/3884 1374/1372/3884 1367/1358/3884
f 680/1373/3885 673/1359/3885 3885/1359/3885 3889/1373/3885
f 3886/1365/3886 3890/1379/3886 681/1379/3886 674/1365/3886
f 1380/1380/3887 1373/1366/3887 3887/1366/3887 3891/1380/3887
f 3888/1372/3888 3892/1386/3888 1381/1386/3888 1374/1372/3888
f 687/1387/3889 680/1373/3889 3889/1373/3889 3893/1387/3889
f 3890/1379/3890 3894/1393/3890 688/1393/3890 681/1379/3890
f 1387/1394/3891 1380/1380/3891 3891/1380/3891 3895/1394/3891
f 3892/1386/3892 3896/1400/3892 1388/1400/3892 1381/1386/3892
f 694/1401/3893 687/1387/3893 3893/1387/3893 3897/1401/3893
f 3894/1393/3894 3898/1407/3894 695/1407/3894 688/1393/3894
f 1394/1408/3895 1387/1394/3895 3895/1394/3895 3899/1408/3895
f 3896/1400/3896 3900/1414/3896 1395/1414/3896 1388/1400/3896
f 3898/1407/3897 3504/14/3897 1/14/3897 695/1407/3897
f 3501/1/3898 694/1401/3898 3897/1401/3898 2/1/3898
f 3900/1414/3899 3508/28/3899 701/28/3899 1395/1414/3899
f 3505/15/3900 1394/1408/3900 3899/1408/3900 702/15/3900
f 1408/1416/3901 3901/1415/3901 1402/1415/3901 3902/1416/3901
f 3904/1430/3902 3903/1429/3902 1409/1429/3902 1401/1430/3902
f 1415/1431/3903 1408/1416/3903 3902/1416/3903 3905/1431/3903
f 3903/1429/3904 3906/1438/3904 1416/1438/3904 1409/1429/3904
f 1422/1439/3905 1415/1431/3905 3905/1431/3905 3907/1439/3905
f 3906/1438/3906 3908/1446/3906 1423/1446/3906 1416/1438/3906
f 1429/1447/3907 1422/1439/3907 3907/1439/3907 3909/1447/3907
f 3908/1446/3908 3910/1454/3908 1430/1454/3908 1423/1446/3908
f 1436/1455/3909 1429/1447/3909 3909/1447/3909 3911/1455/3909
f 3910/1454/3910 3912/1462/3910 1437/1462/3910 1430/1454/3910
f 1443/1463/3911 1436/1455/3911 3911/1455/3911 3913/1463/3911
f 3912/1462/3912 3914/1470/3912 1444/1470/3912 1437/1462/3912
f 1450/1471/3913 1443/1463/3913 3913/1463/3913 3915/1471/3913
f 3914/1470/3914 3916/1478/3914 1451/1478/3914 1444/1470/3914
f 1457/1479/3915 1450/1471/3915 3915/1471/3915 3917/1479/3915
f 3916/1478/3916 3918/1486/3916 1458/1486/3916 1451/1478/3916
f 1464/1487/3917 1457/1479/3917 3917/1479/3917 3919/1487/3917
f 3918/1486/3918 3920/1494/3918 1465/1494/3918 1458/1486/3918
f 1471/1495/3919 1464/1487/3919 3919/1487/3919 3921/1495/3919
f 3920/1494/3920 3922/1502/3920 1472/1502/3920 1465/1494/3920
f 1478/1503/3921 1471/1495/3921 3921/1495/3921 3923/1503/3921
f 3922/1502/3922 3924/1510/3922 1479/1510/3922 1472/1502/3922
f 1485/1511/3923 1478/1503/3923 3923/1503/3923 3925/1511/3923
f 3924/1510/3924 3926/1518/3924 1486/1518/3924 1479/1510/3924
f 1492/1519/3925 1485/1511/3925 3925/1511/3925 3927/1519/3925
f 3926/1518/3926 3928/1526/3926 1493/1526/3926 1486/1518/3926
f 1499/1527/3927 1492/1519/3927 3927/1519/3927 3929/1527/3927
f 3928/1526/3928 3930/1534/3928 1500/1534/3928 1493/1526/3928
f 1506/1535/3929 1499/1527/3929 3929/1527/3929 3931/1535/3929
f 3930/1534/3930 3932/1542/3930 1507/1542/3930 1500/1534/3930
f 1513/1543/3931 1506/1535/3931 3931/1535/3931 3933/1543/3931
f 3932/1542/3932 3934/1550/3932 1514/1550/3932 1507/1542/3932
f 1520/1551/3933 1513/1543/3933 3933/1543/3933 3935/1551/3933
f 3934/1550/3934 3936/1558/3934 1521/1558/3934 1514/1550/3934
f 1527/1559/3935 1520/1551/3935 3935/1551/3935 3937/1559/3935
f 3936/1558/3936 3938/1566/3936 1528/1566/3936 1521/1558/3936
f 1534/1567/3937 1527/1559/3937 3937/1559/3937 3939/1567/3937
f 3938/1566/3938 3940/1574/3938 1535/1574/3938 1528/1566/3938
f 1541/1575/3939 1534/1567/3939 3939/1567/3939 3941/1575/3939
f 3940/1574/3940 3942/1582/3940 1542/1582/3940 1535/1574/3940
f 1548/1583/3941 1541/1575/3941 3941/1575/3941 3943/1583/3941
f 3942/1582/3942 3944/1590/3942 1549/1590/3942 1542/1582/3942
f 1555/1591/3943 1548/1583/3943 3943/1583/3943 3945/1591/3943
f 3944/1590/3944 3946/1598/3944 1556/1598/3944 1549/1590/3944
f 1562/1599/3945 1555/1591/3945 3945/1591/3945 3947/1599/3945
f 3946/1598/3946 3948/1606/3946 1563/1606/3946 1556/1598/3946
f 1569/1607/3947 1562/1599/3947 3947/1599/3947 3949/1607/3947
f 3948/1606/3948 3950/1614/3948 1570/1614/3948 1563/1606/3948
f 1576/1615/3949 1569/1607/3949 3949/1607/3949 3951/1615/3949
f 3950/1614/3950 3952/1622/3950 1577/1622/3950 1570/1614/3950
f 1583/1623/3951 1576/1615/3951 3951/1615/3951 3953/1623/3951
f 3952/1622/3952 3954/1630/3952 1584/1630/3952 1577/1622/3952
f 1590/1631/3953 1583/1623/3953 3953/1623/3953 3955/1631/3953
f 3954/1630/3954 3956/1638/3954 1591/1638/3954 1584/1630/3954
f 1597/1639/3955 1590/1631/3955 3955/1631/3955 3957/1639/3955
f 3956/1638/3956 3958/1646/3956 1598/1646/3956 1591/1638/3956
f 1604/1647/3957 1597/1639/3957 3957/1639/3957 3959/1647/3957
f 3958/1646/3958 3960/1654/3958 1605/1654/3958 1598/1646/3958
f 1611/1655/3959 1604/1647/3959 3959/1647/3959 3961/1655/3959
f 3960/1654/3960 3962/1662/3960 1612/1662/3960 1605/1654/3960
f 1618/1663/3961 1611/1655/3961 3961/1655/3961 3963/1663/3961
f 3962/1662/3962 3964/1670/3962 1619/1670/3962 1612/1662/3962
f 1625/1671/3963 1618/1663/3963 3963/1663/3963 3965/1671/3963
f 3964/1670/3964 3966/1678/3964 1626/1678/3964 1619/1670/3964
f 1632/1679/3965 1625/1671/3965 3965/1671/3965 3967/1679/3965
f 3966/1678/3966 3968/1686/3966 1633/1686/3966 1626/1678/3966
f 1639/1687/3967 1632/1679/3967 3967/1679/3967 3969/1687/3967
f 3968/1686/3968 3970/1694/3968 1640/1694/3968 1633/1686/3968
f 1646/1695/3969 1639/1687/3969 3969/1687/3969 3971/1695/3969
f 3970/1694/3970 3972/1702/3970 1647/1702/3970 1640/1694/3970
f 1653/1703/3971 1646/1695/3971 3971/1695/3971 3973/1703/3971
f 3972/1702/3972 3974/1710/3972 1654/1710/3972 1647/1702/3972
f 1660/1711/3973 1653/1703/3973 3973/1703/3973 3975/1711/3973
f 3974/1710/3974 3976/1718/3974 1661/1718/3974 1654/1710/3974
f 1667/1719/3975 1660/1711/3975 3975/1711/3975 3977/1719/3975
f 3976/1718/3976 3978/1726/3976 1668/1726/3976 1661/1718/3976
f 1674/1727/3977 1667/1719/3977 3977/1719/3977 3979/1727/3977
f 3978/1726/3978 3980/1734/3978 1675/1734/3978 1668/1726/3978
f 1681/1735/3979 1674/1727/3979 3979/1727/3979 3981/1735/3979
f 3980/1734/3980 3982/1742/3980 1682/1742/3980 1675/1734/3980
f 1688/1743/3981 1681/1735/3981 3981/1735/3981 3983/1743/3981
f 3982/1742/3982 3984/1750/3982 1689/1750/3982 1682/1742/3982
f 1695/1751/3983 1688/1743/3983 3983/1743/3983 3985/1751/3983
f 3984/1750/3984 3986/1758/3984 1696/1758/3984 1689/1750/3984
f 1702/1759/3985 1695/1751/3985 3985/1751/3985 3987/1759/3985
f 3986/1758/3986 3988/1766/3986 1703/1766/3986 1696/1758/3986
f 1709/1767/3987 1702/1759/3987 3987/1759/3987 3989/1767/3987
f 3988/1766/3988 3990/1774/3988 1710/1774/3988 1703/1766/3988
f 1716/1775/3989 1709/1767/3989 3989/1767/3989 3991/1775/3989
f 3990/1774/3990 3992/1782/3990 1717/1782/3990 1710/1774/3990
f 1723/1783/3991 1716/1775/3991 3991/1775/3991 3993/1783/3991
f 3992/1782/3992 3994/1790/3992 1724/1790/3992 1717/1782/3992
f 1730/1791/3993 1723/1783/3993 3993/1783/3993 3995/1791/3993
f 3994/1790/3994 3996/1798/3994 1731/1798/3994 1724/1790/3994
f 1737/1799/3995 1730/1791/3995 3995/1791/3995 3997/1799/3995
f 3996/1798/3996 3998/1806/3996 1738/1806/3996 1731/1798/3996
f 1744/1807/3997 1737/1799/3997 3997/1799/3997 3999/1807/3997
f 3998/1806/3998 4000/1814/3998 1745/1814/3998 1738/1806/3998
f 1751/1816/3999 1744/1815/3999 3999/1815/3999 4001/1816/3999
f 4000/1830/4000 4002/1829/4000 1752/1829/4000 1745/1830/4000
f 1758/1831/4001 1751/1816/4001 4001/1816/4001 4003/1831/4001
f 4002/1829/4002 4004/1838/4002 1759/1838/4002 1752/1829/4002
f 1765/1839/4003 1758/1831/4003 4003/1831/4003 4005/1839/4003
f 4004/1838/4004 4006/1846/4004 1766/1846/4004 1759/1838/4004
f 1772/1847/4005 1765/1839/4005 4005/1839/4005 4007/1847/4005
f 4006/1846/4006 4008/1854/4006 1773/1854/4006 1766/1846/4006
f 1779/1855/4007 1772/1847/4007 4007/1847/4007 4009/1855/4007
f 4008/1854/4008 4010/1862/4008 1780/1862/4008 1773/1854/4008
f 1786/1863/4009 1779/1855/4009 4009/1855/4009 4011/1863/4009
f 4010/1862/4010 4012/1870/4010 1787/1870/4010 1780/1862/4010
f 1793/1871/4011 1786/1863/4011 4011/1863/4011 4013/1871/4011
f 4012/1870/4012 4014/1878/4012 1794/1878/4012 1787/1870/4012
f 1800/1879/4013 1793/1871/4013 4013/1871/4013 4015/1879/4013
f 4014/1878/4014 4016/1886/4014 1801/1886/4014 1794/1878/4014
f 1807/1887/4015 1800/1879/4015 4015/1879/4015 4017/1887/4015
f 4016/1886/4016 4018/1894/4016 1808/1894/4016 1801/1886/4016
f 1814/1895/4017 1807/1887/4017 4017/1887/4017 4019/1895/4017
f 4018/1894/4018 4020/1902/4018 1815/1902/4018 1808/1894/4018
f 1821/1903/4019 1814/1895/4019 4019/1895/4019 4021/1903/4019
f 4020/1902/4020 4022/1910/4020 1822/1910/4020 1815/1902/4020
f 1828/1911/4021 1821/1903/4021 4021/1903/4021 4023/1911/4021
f 4022/1910/4022 4024/1918/4022 1829/1918/4022 1822/1910/4022
f 1835/1919/4023 1828/1911/4023 4023/1911/4023 4025/1919/4023
f 4024/1918/4024 4026/1926/4024 1836/1926/4024 1829/1918/4024
f 1842/1927/4025 1835/1919/4025 4025/1919/4025 4027/1927/4025
f 4026/1926/4026 4028/1934/4026 1843/1934/4026 1836/1926/4026
f 1849/1935/4027 1842/1927/4027 4027/1927/4027 4029/1935/4027
f 4028/1934/4028 4030/1942/4028 1850/1942/4028 1843/1934/4028
f 1856/1943/4029 1849/1935/4029 4029/1935/4029 4031/1943/4029
f 4030/1942/4030 4032/1950/4030 1857/1950/4030 1850/1942/4030
f 1863/1951/4031 1856/1943/4031 4031/1943/4031 4033/1951/4031
f 4032/1950/4032 4034/1958/4032 1864/1958/4032 1857/1950/4032
f 1870/1959/4033 1863/1951/4033 4033/1951/4033 4035/1959/4033
f 4034/1958/4034 4036/1966/4034 1871/1966/4034 1864/1958/4034
f 1877/1967/4035 1870/1959/4035 4035/1959/4035 4037/1967/4035
f 4036/1966/4036 4038/1974/4036 1878/1974/4036 1871/1966/4036
f 1884/1975/4037 1877/1967/4037 4037/1967/4037 4039/1975/4037
f 4038/1974/4038 4040/1982/4038 1885/1982/4038 1878/1974/4038
f 1891/1983/4039 1884/1975/4039 4039/1975/4039 4041/1983/4039
f 4040/1982/4040 4042/1990/4040 1892/1990/4040 1885/1982/4040
f 1898/1991/4041 1891/1983/4041 4041/1983/4041 4043/1991/4041
f 4042/1990/4042 4044/1998/4042 1899/1998/4042 1892/1990/4042
f 1905/1999/4043 1898/1991/4043 4043/1991/4043 4045/1999/4043
f 4044/1998/4044 4046/2006/4044 1906/2006/4044 1899/1998/4044
f 1912/2007/4045 1905/1999/4045 4045/1999/4045 4047/2007/4045
f 4046/2006/4046 4048/2014/4046 1913/2014/4046 1906/2006/4046
f 1919/2015/4047 1912/2007/4047 4047/2007/4047 4049/2015/4047
f 4048/2014/4048 4050/2022/4048 1920/2022/4048 1913/2014/4048
f 1926/2023/4049 1919/2015/4049 4049/2015/4049 4051/2023/4049
f 4050/2022/4050 4052/2030/4050 1927/2030/4050 1920/2022/4050
f 1933/2031/4051 1926/2023/4051 4051/2023/4051 4053/2031/4051
f 4052/2030/4052 4054/2038/4052 1934/2038/4052 1927/2030/4052
f 1940/2039/4053 1933/2031/4053 4053/2031/4053 4055/2039/4053
f 4054/2038/4054 4056/2046/4054 1941/2046/4054 1934/2038/4054
f 1947/2047/4055 1940/2039/4055 4055/2039/4055 4057/2047/4055
f 4056/2046/4056 4058/2054/4056 1948/2054/4056 1941/2046/4056
f 1954/2055/4057 1947/2047/4057 4057/2047/4057 4059/2055/4057
f 4058/2054/4058 4060/2062/4058 1955/2062/4058 1948/2054/4058
f 1961/2063/4059 1954/2055/4059 4059/2055/4059 4061/2063/4059
f 4060/2062/4060 4062/2070/4060 1962/2070/4060 1955/2062/4060
f 1968/2071/4061 1961/2063/4061 4061/2063/4061 4063/2071/4061
f 4062/2070/4062 4064/2078/4062 1969/2078/4062 1962/2070/4062
f 1975/2079/4063 1968/2071/4063 4063/2071/4063 4065/2079/4063
f 4064/2078/4064 4066/2086/4064 1976/2086/4064 1969/2078/4064
f 1982/2087/4065 1975/2079/4065 4065/2079/4065 4067/2087/4065
f 4066/2086/4066 4068/2094/4066 1983/2094/4066 1976/2086/4066
f 1989/2095/4067 1982/2087/4067 4067/2087/4067 4069/2095/4067
f 4068/2094/4068 4070/2102/4068 1990/2102/4068 1983/2094/4068
f 1996/2103/4069 1989/2095/4069 4069/2095/4069 4071/2103/4069
f 4070/2102/4070 4072/2110/4070 1997/2110/4070 1990/2102/4070
f 2003/2111/4071 1996/2103/4071 4071/2103/4071 4073/2111/4071
f 4072/2110/4072 4074/2118/4072 2004/2118/4072 1997/2110/4072
f 2010/2119/4073 2003/2111/4073 4073/2111/4073 4075/2119/4073
f 4074/2118/4074 4076/2126/4074 2011/2126/4074 2004/2118/4074
f 2017/2127/4075 2010/2119/4075 4075/2119/4075 4077/2127/4075
f 4076/2126/4076 4078/2134/4076 2018/2134/4076 2011/2126/4076
f 2024/2135/4077 2017/2127/4077 4077/2127/4077 4079/2135/4077
f 4078/2134/4078 4080/2142/4078 2025/2142/4078 2018/2134/4078
f 2031/2143/4079 2024/2135/4079 4079/2135/4079 4081/2143/4079
f 4080/2142/4080 4082/2150/4080 2032/2150/4080 2025/2142/4080
f 2038/2151/4081 2031/2143/4081 4081/2143/4081 4083/2151/4081
f 4082/2150/4082 4084/2158/4082 2039/2158/4082 2032/2150/4082
f 2045/2159/4083 2038/2151/4083 4083/2151/4083 4085/2159/4083
f 4084/2158/4084 4086/2166/4084 2046/2166/4084 2039/2158/4084
f 2052/2167/4085 2045/2159/4085 4085/2159/4085 4087/2167/4085
f 4086/2166/4086 4088/2174/4086 2053/2174/4086 2046/2166/4086
f 2059/2175/4087 2052/2167/4087 4087/2167/4087 4089/2175/4087
f 4088/2174/4088 4090/2182/4088 2060/2182/4088 2053/2174/4088
f 2066/2183/4089 2059/2175/4089 4089/2175/4089 4091/2183/4089
f 4090/2182/4090 4092/2190/4090 2067/2190/4090 2060/2182/4090
f 2073/2191/4091 2066/2183/4091 4091/2183/4091 4093/2191/4091
f 4092/2190/4092 4094/2198/4092 2074/2198/4092 2067/2190/4092
f 2080/2199/4093 2073/2191/4093 4093/2191/4093 4095/2199/4093
f 4094/2198/4094 4096/2206/4094 2081/2206/4094 2074/2198/4094
f 2087/2207/4095 2080/2199/4095 4095/2199/4095 4097/2207/4095
f 4096/2206/4096 4098/2214/4096 2088/2214/4096 2081/2206/4096
f 2094/2215/4097 2087/2207/4097 4097/2207/4097 4099/2215/4097
f 4098/2214/4098 4100/2222/4098 2095/2222/4098 2088/2214/4098
f 4100/2222/4099 3904/1430/4099 1401/1430/4099 2095/2222/4099
f 3901/1415/4100 2094/2215/4100 4099/2215/4100 1402/1415/4100
f 2108/2224/4101 4101/2223/4101 2102/2223/4101 4102/2224/4101
f 4104/2236/4102 4103/2235/4102 2109/2235/4102 2101/2236/4102
f 2115/2237/4103 2108/2224/4103 4102/2224/4103 4105/2237/4103
f 4103/2235/4104 4106/2243/4104 2116/2243/4104 2109/2235/4104
f 2122/2244/4105 2115/2237/4105 4105/2237/4105 4107/2244/4105
f 4106/2243/4106 4108/2250/4106 2123/2250/4106 2116/2243/4106
f 2129/2251/4107 2122/2244/4107 4107/2244/4107 4109/2251/4107
f 4108/2250/4108 4110/2257/4108 2130/2257/4108 2123/2250/4108
f 2136/2258/4109 2129/2251/4109 4109/2251/4109 4111/2258/4109
f 4110/2257/4110 4112/2264/4110 2137/2264/4110 2130/2257/4110
f 2143/2265/4111 2136/2258/4111 4111/2258/4111 4113/2265/4111
f 4112/2264/4112 4114/2271/4112 2144/2271/4112 2137/2264/4112
f 2150/2272/4113 2143/2265/4113 4113/2265/4113 4115/2272/4113
f 4114/2271/4114 4116/2278/4114 2151/2278/4114 2144/2271/4114
f 2157/2279/4115 2150/2272/4115 4115/2272/4115 4117/2279/4115
f 4116/2278/4116 4118/2285/4116 2158/2285/4116 2151/2278/4116
f 2164/2286/4117 2157/2279/4117 4117/2279/4117 4119/2286/4117
f 4118/2285/4118 4120/2292/4118 2165/2292/4118 2158/2285/4118
f 2171/2293/4119 2164/2286/4119 4119/2286/4119 4121/2293/4119
f 4120/2292/4120 4122/2299/4120 2172/2299/4120 2165/2292/4120
f 2178/2300/4121 2171/2293/4121 4121/2293/4121 4123/2300/4121
f 4122/2299/4122 4124/2306/4122 2179/2306/4122 2172/2299/4122
f 2185/2307/4123 2178/2300/4123 4123/2300/4123 4125/2307/4123
f 4124/2306/4124 4126/2313/4124 2186/2313/4124 2179/2306/4124
f 2192/2314/4125 2185/2307/4125 4125/2307/4125 4127/2314/4125
f 4126/2313/4126 4128/2320/4126 2193/2320/4126 2186/2313/4126
f 2199/2321/4127 2192/2314/4127 4127/2314/4127 4129/2321/4127
f 4128/2320/4128 4130/2327/4128 2200/2327/4128 2193/2320/4128
f 2206/2328/4129 2199/2321/4129 4129/2321/4129 4131/2328/4129
f 4130/2327/4130 4132/2334/4130 2207/2334/4130 2200/2327/4130
f 2213/2335/4131 2206/2328/4131 4131/2328/4131 4133/2335/4131
f 4132/2334/4132 4134/2341/4132 2214/2341/4132 2207/2334/4132
f 2220/2342/4133 2213/2335/4133 4133/2335/4133 4135/2342/4133
f 4134/2341/4134 4136/2348/4134 2221/2348/4134 2214/2341/4134
f 2227/2349/4135 2220/2342/4135 4135/2342/4135 4137/2349/4135
f 4136/2348/4136 4138/2355/4136 2228/2355/4136 2221/2348/4136
f 2234/2356/4137 2227/2349/4137 4137/2349/4137 4139/2356/4137
f 4138/2355/4138 4140/2362/4138 2235/2362/4138 2228/2355/4138
f 2241/2363/4139 2234/2356/4139 4139/2356/4139 4141/2363/4139
f 4140/2362/4140 4142/2369/4140 2242/2369/4140 2235/2362/4140
f 2248/2370/4141 2241/2363/4141 4141/2363/4141 4143/2370/4141
f 4142/2369/4142 4144/2376/4142 2249/2376/4142 2242/2369/4142
f 2255/2377/4143 2248/2370/4143 4143/2370/4143 4145/2377/4143
f 4144/2376/4144 4146/2383/4144 2256/2383/4144 2249/2376/4144
f 2262/2384/4145 2255/2377/4145 4145/2377/4145 4147/2384/4145
f 4146/2383/4146 4148/2390/4146 2263/2390/4146 2256/2383/4146
f 2269/2391/4147 2262/2384/4147 4147/2384/4147 4149/2391/4147
f 4148/2390/4148 4150/2397/4148 2270/2397/4148 2263/2390/4148
f 2276/2398/4149 2269/2391/4149 4149/2391/4149 4151/2398/4149
f 4150/2397/4150 4152/2404/4150 2277/2404/4150 2270/2397/4150
f 2283/2405/4151 2276/2398/4151 4151/2398/4151 4153/2405/4151
f 4152/2404/4152 4154/2411/4152 2284/2411/4152 2277/2404/4152
f 2290/2412/4153 2283/2405/4153 4153/2405/4153 4155/2412/4153
f 4154/2411/4154 4156/2418/4154 2291/2418/4154 2284/2411/4154
f 2297/2419/4155 2290/2412/4155 4155/2412/4155 4157/2419/4155
f 4156/2418/4156 4158/2425/4156 2298/2425/4156 2291/2418/4156
f 2304/2426/4157 2297/2419/4157 4157/2419/4157 4159/2426/4157
f 4158/2425/4158 4160/2432/4158 2305/2432/4158 2298/2425/4158
f 2311/2433/4159 2304/2426/4159 4159/2426/4159 4161/2433/4159
f 4160/2432/4160 4162/2439/4160 2312/2439/4160 2305/2432/4160
f 2318/2440/4161 2311/2433/4161 4161/2433/4161 4163/2440/4161
f 4162/2439/4162 4164/2446/4162 2319/2446/4162 2312/2439/4162
f 2325/2447/4163 2318/2440/4163 4163/2440/4163 4165/2447/4163
f 4164/2446/4164 4166/2453/4164 2326/2453/4164 2319/2446/4164
f 2332/2454/4165 2325/2447/4165 4165/2447/4165 4167/2454/4165
f 4166/2453/4166 4168/2460/4166 2333/2460/4166 2326/2453/4166
f 2339/2461/4167 2332/2454/4167 4167/2454/4167 4169/2461/4167
f 4168/2460/4168 4170/2467/4168 2340/2467/4168 2333/2460/4168
f 2346/2468/4169 2339/2461/4169 4169/2461/4169 4171/2468/4169
f 4170/2467/4170 4172/2474/4170 2347/2474/4170 2340/2467/4170
f 2353/2475/4171 2346/2468/4171 4171/2468/4171 4173/2475/4171
f 4172/2474/4172 4174/2481/4172 2354/2481/4172 2347/2474/4172
f 2360/2482/4173 2353/2475/4173 4173/2475/4173 4175/2482/4173
f 4174/2481/4174 4176/2488/4174 2361/2488/4174 2354/2481/4174
f 2367/2489/4175 2360/2482/4175 4175/2482/4175 4177/2489/4175
f 4176/2488/4176 4178/2495/4176 2368/2495/4176 2361/2488/4176
f 2374/2496/4177 2367/2489/4177 4177/2489/4177 4179/2496/4177
f 4178/2495/4178 4180/2502/4178 2375/2502/4178 2368/2495/4178
f 2381/2503/4179 2374/2496/4179 4179/2496/4179 4181/2503/4179
f 4180/2502/4180 4182/2509/4180 2382/2509/4180 2375/2502/4180
f 2388/2510/4181 2381/2503/4181 4181/2503/4181 4183/2510/4181
f 4182/2509/4182 4184/2516/4182 2389/2516/4182 2382/2509/4182
f 2395/2517/4183 2388/2510/4183 4183/2510/4183 4185/2517/4183
f 4184/2516/4184 4186/2523/4184 2396/2523/4184 2389/2516/4184
f 2402/2524/4185 2395/2517/4185 4185/2517/4185 4187/2524/4185
f 4186/2523/4186 4188/2530/4186 2403/2530/4186 2396/2523/4186
f 2409/2531/4187 2402/2524/4187 4187/2524/4187 4189/2531/4187
f 4188/2530/4188 4190/2537/4188 2410/2537/4188 2403/2530/4188
f 2416/2538/4189 2409/2531/4189 4189/2531/4189 4191/2538/4189
f 4190/2537/4190 4192/2544/4190 2417/2544/4190 2410/2537/4190
f 2423/2545/4191 2416/2538/4191 4191/2538/4191 4193/2545/4191
f 4192/2544/4192 4194/2551/4192 2424/2551/4192 2417/2544/4192
f 2430/2552/4193 2423/2545/4193 4193/2545/4193 4195/2552/4193
f 4194/2551/4194 4196/2558/4194 2431/2558/4194 2424/2551/4194
f 2437/2559/4195 2430/2552/4195 4195/2552/4195 4197/2559/4195
f 4196/2558/4196 4198/2565/4196 2438/2565/4196 2431/2558/4196
f 2444/2566/4197 2437/2559/4197 4197/2559/4197 4199/2566/4197
f 4198/2565/4198 4200/2572/4198 2445/2572/4198 2438/2565/4198
f 2451/2574/4199 2444/2573/4199 4199/2573/4199 4201/2574/4199
f 4200/2586/4200 4202/2585/4200 2452/2585/4200 2445/2586/4200
f 2458/2587/4201 2451/2574/4201 4201/2574/4201 4203/2587/4201
f 4202/2585/4202 4204/2593/4202 2459/2593/4202 2452/2585/4202
f 2465/2594/4203 2458/2587/4203 4203/2587/4203 4205/2594/4203
f 4204/2593/4204 4206/2600/4204 2466/2600/4204 2459/2593/4204
f 2472/2601/4205 2465/2594/4205 4205/2594/4205 4207/2601/4205
f 4206/2600/4206 4208/2607/4206 2473/2607/4206 2466/2600/4206
f 2479/2608/4207 2472/2601/4207 4207/2601/4207 4209/2608/4207
f 4208/2607/4208 4210/2614/4208 2480/2614/4208 2473/2607/4208
f 2486/2615/4209 2479/2608/4209 4209/2608/4209 4211/2615/4209
f 4210/2614/4210 4212/2621/4210 2487/2621/4210 2480/2614/4210
f 2493/2622/4211 2486/2615/4211 4211/2615/4211 4213/2622/4211
f 4212/2621/4212 4214/2628/4212 2494/2628/4212 2487/2621/4212
f 2500/2629/4213 2493/2622/4213 4213/2622/4213 4215/2629/4213
f 4214/2628/4214 4216/2635/4214 2501/2635/4214 2494/2628/4214
f 2507/2636/4215 2500/2629/4215 4215/2629/4215 4217/2636/4215
f 4216/2635/4216 4218/2642/4216 2508/2642/4216 2501/2635/4216
f 2514/2643/4217 2507/2636/4217 4217/2636/4217 4219/2643/4217
f 4218/2642/4218 4220/2649/4218 2515/2649/4218 2508/2642/4218
f 2521/2650/4219 2514/2643/4219 4219/2643/4219 4221/2650/4219
f 4220/2649/4220 4222/2656/4220 2522/2656/4220 2515/2649/4220
f 2528/2657/4221 2521/2650/4221 4221/2650/4221 4223/2657/4221
f 4222/2656/4222 4224/2663/4222 2529/2663/4222 2522/2656/4222
f 2535/2664/4223 2528/2657/4223 4223/2657/4223 4225/2664/4223
f 4224/2663/4224 4226/2670/4224 2536/2670/4224 2529/2663/4224
f 2542/2671/4225 2535/2664/4225 4225/2664/4225 4227/2671/4225
f 4226/2670/4226 4228/2677/4226 2543/2677/4226 2536/2670/4226
f 2549/2678/4227 2542/2671/4227 4227/2671/4227 4229/2678/4227
f 4228/2677/4228 4230/2684/4228 2550/2684/4228 2543/2677/4228
f 2556/2685/4229 2549/2678/4229 4229/2678/4229 4231/2685/4229
f 4230/2684/4230 4232/2691/4230 2557/2691/4230 2550/2684/4230
f 2563/2692/4231 2556/2685/4231 4231/2685/4231 4233/2692/4231
f 4232/2691/4232 4234/2698/4232 2564/2698/4232 2557/2691/4232
f 2570/2699/4233 2563/2692/4233 4233/2692/4233 4235/2699/4233
f 4234/2698/4234 4236/2705/4234 2571/2705/4234 2564/2698/4234
f 2577/2706/4235 2570/2699/4235 4235/2699/4235 4237/2706/4235
f 4236/2705/4236 4238/2712/4236 2578/2712/4236 2571/2705/4236
f 2584/2713/4237 2577/2706/4237 4237/2706/4237 4239/2713/4237
f 4238/2712/4238 4240/2719/4238 2585/2719/4238 2578/2712/4238
f 2591/2720/4239 2584/2713/4239 4239/2713/4239 4241/2720/4239
f 4240/2719/4240 4242/2726/4240 2592/2726/4240 2585/2719/4240
f 2598/2727/4241 2591/2720/4241 4241/2720/4241 4243/2727/4241
f 4242/2726/4242 4244/2733/4242 2599/2733/4242 2592/2726/4242
f 2605/2734/4243 2598/2727/4243 4243/2727/4243 4245/2734/4243
f 4244/2733/4244 4246/2740/4244 2606/2740/4244 2599/2733/4244
f 2612/2741/4245 2605/2734/4245 4245/2734/4245 4247/2741/4245
f 4246/2740/4246 4248/2747/4246 2613/2747/4246 2606/2740/4246
f 2619/2748/4247 2612/2741/4247 4247/2741/4247 4249/2748/4247
f 4248/2747/4248 4250/2754/4248 2620/2754/4248 2613/2747/4248
f 2626/2755/4249 2619/2748/4249 4249/2748/4249 4251/2755/4249
f 4250/2754/4250 4252/2761/4250 2627/2761/4250 2620/2754/4250
f 2633/2762/4251 2626/2755/4251 4251/2755/4251 4253/2762/4251
f 4252/2761/4252 4254/2768/4252 2634/2768/4252 2627/2761/4252
f 2640/2769/4253 2633/2762/4253 4253/2762/4253 4255/2769/4253
f 4254/2768/4254 4256/2775/4254 2641/2775/4254 2634/2768/4254
f 2647/2776/4255 2640/2769/4255 4255/2769/4255 4257/2776/4255
f 4256/2775/4256 4258/2782/4256 2648/2782/4256 2641/2775/4256
f 2654/2783/4257 2647/2776/4257 4257/2776/4257 4259/2783/4257
f 4258/2782/4258 4260/2789/4258 2655/2789/4258 2648/2782/4258
f 2661/2790/4259 2654/2783/4259 4259/2783/4259 4261/2790/4259
f 4260/2789/4260 4262/2796/4260 2662/2796/4260 2655/2789/4260
f 2668/2797/4261 2661/2790/4261 4261/2790/4261 4263/2797/4261
f 4262/2796/4262 4264/2803/4262 2669/2803/4262 2662/2796/4262
f 2675/2804/4263 2668/2797/4263 4263/2797/4263 4265/2804/4263
f 4264/2803/4264 4266/2810/4264 2676/2810/4264 2669/2803/4264
f 2682/2811/4265 2675/2804/4265 4265/2804/4265 4267/2811/4265
f 4266/2810/4266 4268/2817/4266 2683/2817/4266 2676/2810/4266
f 2689/2818/4267 2682/2811/4267 4267/2811/4267 4269/2818/4267
f 4268/2817/4268 4270/2824/4268 2690/2824/4268 2683/2817/4268
f 2696/2825/4269 2689/2818/4269 4269/2818/4269 4271/2825/4269
f 4270/2824/4270 4272/2831/4270 2697/2831/4270 2690/2824/4270
f 2703/2832/4271 2696/2825/4271 4271/2825/4271 4273/2832/4271
f 4272/2831/4272 4274/2838/4272 2704/2838/4272 2697/2831/4272
f 2710/2839/4273 2703/2832/4273 4273/2832/4273 4275/2839/4273
f 4274/2838/4274 4276/2845/4274 2711/2845/4274 2704/2838/4274
f 2717/2846/4275 2710/2839/4275 4275/2839/4275 4277/2846/4275
f 4276/2845/4276 4278/2852/4276 2718/2852/4276 2711/2845/4276
f 2724/2853/4277 2717/2846/4277 4277/2846/4277 4279/2853/4277
f 4278/2852/4278 4280/2859/4278 2725/2859/4278 2718/2852/4278
f 2731/2860/4279 2724/2853/4279 4279/2853/4279 4281/2860/4279
f 4280/2859/4280 4282/2866/4280 2732/2866/4280 2725/2859/4280
f 2738/2867/4281 2731/2860/4281 4281/2860/4281 4283/2867/4281
f 4282/2866/4282 4284/2873/4282 2739/2873/4282 2732/2866/4282
f 2745/2874/4283 2738/2867/4283 4283/2867/4283 4285/2874/4283
f 4284/2873/4284 4286/2880/4284 2746/2880/4284 2739/2873/4284
f 2752/2881/4285 2745/2874/4285 4285/2874/4285 4287/2881/4285
f 4286/2880/4286 4288/2887/4286 2753/2887/4286 2746/2880/4286
f 2759/2888/4287 2752/2881/4287 4287/2881/4287 4289/2888/4287
f 4288/2887/4288 4290/2894/4288 2760/2894/4288 2753/2887/4288
f 2766/2895/4289 2759/2888/4289 4289/2888/4289 4291/2895/4289
f 4290/2894/4290 4292/2901/4290 2767/2901/4290 2760/2894/4290
f 2773/2902/4291 2766/2895/4291 4291/2895/4291 4293/2902/4291
f 4292/2901/4292 4294/2908/4292 2774/2908/4292 2767/2901/4292
f 2780/2909/4293 2773/2902/4293 4293/2902/4293 4295/2909/4293
f 4294/2908/4294 4296/2915/4294 2781/2915/4294 2774/2908/4294
f 2787/2916/4295 2780/2909/4295 4295/2909/4295 4297/2916/4295
f 4296/2915/4296 4298/2922/4296 2788/2922/4296 2781/2915/4296
f 2794/2923/4297 2787/2916/4297 4297/2916/4297 4299/2923/4297
f 4298/2922/4298 4300/2929/4298 2795/2929/4298 2788/2922/4298
f 4300/2929/4299 4104/2236/4299 2101/2236/4299 2795/2929/4299
f 4101/2223/4300 2794/2923/4300 4299/2923/4300 2102/2223/4300
f 2808/2931/4301 4301/2930/4301 2802/2930/4301 4302/2931/4301
f 4304/2943/4302 4303/2942/4302 2809/2942/4302 2801/2943/4302
f 2815/2944/4303 2808/2931/4303 4302/2931/4303 4305/2944/4303
f 4303/2942/4304 4306/2950/4304 2816/2950/4304 2809/2942/4304
f 2822/2951/4305 2815/2944/4305 4305/2944/4305 4307/2951/4305
f 4306/2950/4306 4308/2957/4306 2823/2957/4306 2816/2950/4306
f 2829/2958/4307 2822/2951/4307 4307/2951/4307 4309/2958/4307
f 4308/2957/4308 4310/2964/4308 2830/2964/4308 2823/2957/4308
f 2836/2965/4309 2829/2958/4309 4309/2958/4309 4311/2965/4309
f 4310/2964/4310 4312/2971/4310 2837/2971/4310 2830/2964/4310
f 2843/2972/4311 2836/2965/4311 4311/2965/4311 4313/2972/4311
f 4312/2971/4312 4314/2978/4312 2844/2978/4312 2837/2971/4312
f 2850/2979/4313 2843/2972/4313 4313/2972/4313 4315/2979/4313
f 4314/2978/4314 4316/2985/4314 2851/2985/4314 2844/2978/4314
f 2857/2986/4315 2850/2979/4315 4315/2979/4315 4317/2986/4315
f 4316/2985/4316 4318/2992/4316 2858/2992/4316 2851/2985/4316
f 2864/2993/4317 2857/2986/4317 4317/2986/4317 4319/2993/4317
f 4318/2992/4318 4320/2999/4318 2865/2999/4318 2858/2992/4318
f 2871/3000/4319 2864/2993/4319 4319/2993/4319 4321/3000/4319
f 4320/2999/4320 4322/3006/4320 2872/3006/4320 2865/2999/4320
f 2878/3007/4321 2871/3000/4321 4321/3000/4321 4323/3007/4321
f 4322/3006/4322 4324/3013/4322 2879/3013/4322 2872/3006/4322
f 2885/3014/4323 2878/3007/4323 4323/3007/4323 4325/3014/4323
f 4324/3013/4324 4326/3020/4324 2886/3020/4324 2879/3013/4324
f 2892/3021/4325 2885/3014/4325 4325/3014/4325 4327/3021/4325
f 4326/3020/4326 4328/3027/4326 2893/3027/4326 2886/3020/4326
f 2899/3028/4327 2892/3021/4327 4327/3021/4327 4329/3028/4327
f 4328/3027/4328 4330/3034/4328 2900/3034/4328 2893/3027/4328
f 2906/3035/4329 2899/3028/4329 4329/3028/4329 4331/3035/4329
f 4330/3034/4330 4332/3041/4330 2907/3041/4330 2900/3034/4330
f 2913/3042/4331 2906/3035/4331 4331/3035/4331 4333/3042/4331
f 4332/3041/4332 4334/3048/4332 2914/3048/4332 2907/3041/4332
f 2920/3049/4333 2913/3042/4333 4333/3042/4333 4335/3049/4333
f 4334/3048/4334 4336/3055/4334 2921/3055/4334 2914/3048/4334
f 2927/3056/4335 2920/3049/4335 4335/3049/4335 4337/3056/4335
f 4336/3055/4336 4338/3062/4336 2928/3062/4336 2921/3055/4336
f 2934/3063/4337 2927/3056/4337 4337/3056/4337 4339/3063/4337
f 4338/3062/4338 4340/3069/4338 2935/3069/4338 2928/3062/4338
f 2941/3070/4339 2934/3063/4339 4339/3063/4339 4341/3070/4339
f 4340/3069/4340 4342/3076/4340 2942/3076/4340 2935/3069/4340
f 2948/3077/4341 2941/3070/4341 4341/3070/4341 4343/3077/4341
f 4342/3076/4342 4344/3083/4342 2949/3083/4342 2942/3076/4342
f 2955/3084/4343 2948/3077/4343 4343/3077/4343 4345/3084/4343
f 4344/3083/4344 4346/3090/4344 2956/3090/4344 2949/3083/4344
f 2962/3091/4345 2955/3084/4345 4345/3084/4345 4347/3091/4345
f 4346/3090/4346 4348/3097/4346 2963/3097/4346 2956/3090/4346
f 2969/3098/4347 2962/3091/4347 4347/3091/4347 4349/3098/4347
f 4348/3097/4348 4350/3104/4348 2970/3104/4348 2963/3097/4348
f 2976/3105/4349 2969/3098/4349 4349/3098/4349 4351/3105/4349
f 4350/3104/4350 4352/3111/4350 2977/3111/4350 2970/3104/4350
f 2983/3112/4351 2976/3105/4351 4351/3105/4351 4353/3112/4351
f 4352/3111/4352 4354/3118/4352 2984/3118/4352 2977/3111/4352
f 2990/3119/4353 2983/3112/4353 4353/3112/4353 4355/3119/4353
f 4354/3118/4354 4356/3125/4354 2991/3125/4354 2984/3118/4354
f 2997/3126/4355 2990/3119/4355 4355/3119/4355 4357/3126/4355
f 4356/3125/4356 4358/3132/4356 2998/3132/4356 2991/3125/4356
f 3004/3133/4357 2997/3126/4357 4357/3126/4357 4359/3133/4357
f 4358/3132/4358 4360/3139/4358 3005/3139/4358 2998/3132/4358
f 3011/3140/4359 3004/3133/4359 4359/3133/4359 4361/3140/4359
f 4360/3139/4360 4362/3146/4360 3012/3146/4360 3005/3139/4360
f 3018/3147/4361 3011/3140/4361 4361/3140/4361 4363/3147/4361
f 4362/3146/4362 4364/3153/4362 3019/3153/4362 3012/3146/4362
f 3025/3154/4363 3018/3147/4363 4363/3147/4363 4365/3154/4363
f 4364/3153/4364 4366/3160/4364 3026/3160/4364 3019/3153/4364
f 3032/3161/4365 3025/3154/4365 4365/3154/4365 4367/3161/4365
f 4366/3160/4366 4368/3167/4366 3033/3167/4366 3026/3160/4366
f 3039/3168/4367 3032/3161/4367 4367/3161/4367 4369/3168/4367
f 4368/3167/4368 4370/3174/4368 3040/3174/4368 3033/3167/4368
f 3046/3175/4369 3039/3168/4369 4369/3168/4369 4371/3175/4369
f 4370/3174/4370 4372/3181/4370 3047/3181/4370 3040/3174/4370
f 3053/3182/4371 3046/3175/4371 4371/3175/4371 4373/3182/4371
f 4372/3181/4372 4374/3188/4372 3054/3188/4372 3047/3181/4372
f 3060/3189/4373 3053/3182/4373 4373/3182/4373 4375/3189/4373
f 4374/3188/4374 4376/3195/4374 3061/3195/4374 3054/3188/4374
f 3067/3196/4375 3060/3189/4375 4375/3189/4375 4377/3196/4375
f 4376/3195/4376 4378/3202/4376 3068/3202/4376 3061/3195/4376
f 3074/3203/4377 3067/3196/4377 4377/3196/4377 4379/3203/4377
f 4378/3202/4378 4380/3209/4378 3075/3209/4378 3068/3202/4378
f 3081/3210/4379 3074/3203/4379 4379/3203/4379 4381/3210/4379
f 4380/3209/4380 4382/3216/4380 3082/3216/4380 3075/3209/4380
f 3088/3217/4381 3081/3210/4381 4381/3210/4381 4383/3217/4381
f 4382/3216/4382 4384/3223/4382 3089/3223/4382 3082/3216/4382
f 3095/3224/4383 3088/3217/4383 4383/3217/4383 4385/3224/4383
f 4384/3223/4384 4386/3230/4384 3096/3230/4384 3089/3223/4384
f 3102/3231/4385 3095/3224/4385 4385/3224/4385 4387/3231/4385
f 4386/3230/4386 4388/3237/4386 3103/3237/4386 3096/3230/4386
f 3109/3238/4387 3102/3231/4387 4387/3231/4387 4389/3238/4387
f 4388/3237/4388 4390/3244/4388 3110/3244/4388 3103/3237/4388
f 3116/3245/4389 3109/3238/4389 4389/3238/4389 4391/3245/4389
f 4390/3244/4390 4392/3251/4390 3117/3251/4390 3110/3244/4390
f 3123/3252/4391 3116/3245/4391 4391/3245/4391 4393/3252/4391
f 4392/3251/4392 4394/3258/4392 3124/3258/4392 3117/3251/4392
f 3130/3259/4393 3123/3252/4393 4393/3252/4393 4395/3259/4393
f 4394/3258/4394 4396/3265/4394 3131/3265/4394 3124/3258/4394
f 3137/3266/4395 3130/3259/4395 4395/3259/4395 4397/3266/4395
f 4396/3265/4396 4398/3272/4396 3138/3272/4396 3131/3265/4396
f 3144/3273/4397 3137/3266/4397 4397/3266/4397 4399/3273/4397
f 4398/3272/4398 4400/3279/4398 3145/3279/4398 3138/3272/4398
f 3151/3281/4399 3144/3280/4399 4399/3280/4399 4401/3281/4399
f 4400/3293/4400 4402/3292/4400 3152/3292/4400 3145/3293/4400
f 3158/3294/4401 3151/3281/4401 4401/3281/4401 4403/3294/4401
f 4402/3292/4402 4404/3300/4402 3159/3300/4402 3152/3292/4402
f 3165/3301/4403 3158/3294/4403 4403/3294/4403 4405/3301/4403
f 4404/3300/4404 4406/3307/4404 3166/3307/4404 3159/3300/4404
f 3172/3308/4405 3165/3301/4405 4405/3301/4405 4407/3308/4405
f 4406/3307/4406 4408/3314/4406 3173/3314/4406 3166/3307/4406
f 3179/3315/4407 3172/3308/4407 4407/3308/4407 4409/3315/4407
f 4408/3314/4408 4410/3321/4408 3180/3321/4408 3173/3314/4408
f 3186/3322/4409 3179/3315/4409 4409/3315/4409 4411/3322/4409
f 4410/3321/4410 4412/3328/4410 3187/3328/4410 3180/3321/4410
f 3193/3329/4411 3186/3322/4411 4411/3322/4411 4413/3329/4411
f 4412/3328/4412 4414/3335/4412 3194/3335/4412 3187/3328/4412
f 3200/3336/4413 3193/3329/4413 4413/3329/4413 4415/3336/4413
f 4414/3335/4414 4416/3342/4414 3201/3342/4414 3194/3335/4414
f 3207/3343/4415 3200/3336/4415 4415/3336/4415 4417/3343/4415
f 4416/3342/4416 4418/3349/4416 3208/3349/4416 3201/3342/4416
f 3214/3350/4417 3207/3343/4417 4417/3343/4417 4419/3350/4417
f 4418/3349/4418 4420/3356/4418 3215/3356/4418 3208/3349/4418
f 3221/3357/4419 3214/3350/4419 4419/3350/4419 4421/3357/4419
f 4420/3356/4420 4422/3363/4420 3222/3363/4420 3215/3356/4420
f 3228/3364/4421 3221/3357/4421 4421/3357/4421 4423/3364/4421
f 4422/3363/4422 4424/3370/4422 3229/3370/4422 3222/3363/4422
f 3235/3371/4423 3228/3364/4423 4423/3364/4423 4425/3371/4423
f 4424/3370/4424 4426/3377/4424 3236/3377/4424 3229/3370/4424
f 3242/3378/4425 3235/3371/4425 4425/3371/4425 4427/3378/4425
f 4426/3377/4426 4428/3384/4426 3243/3384/4426 3236/3377/4426
f 3249/3385/4427 3242/3378/4427 4427/3378/4427 4429/3385/4427
f 4428/3384/4428 4430/3391/4428 3250/3391/4428 3243/3384/4428
f 3256/3392/4429 3249/3385/4429 4429/3385/4429 4431/3392/4429
f 4430/3391/4430 4432/3398/4430 3257/3398/4430 3250/3391/4430
f 3263/3399/4431 3256/3392/4431 4431/3392/4431 4433/3399/4431
f 4432/3398/4432 4434/3405/4432 3264/3405/4432 3257/3398/4432
f 3270/3406/4433 3263/3399/4433 4433/3399/4433 4435/3406/4433
f 4434/3405/4434 4436/3412/4434 3271/3412/4434 3264/3405/4434
f 3277/3413/4435 3270/3406/4435 4435/3406/4435 4437/3413/4435
f 4436/3412/4436 4438/3419/4436 3278/3419/4436 3271/3412/4436
f 3284/3420/4437 3277/3413/4437 4437/3413/4437 4439/3420/4437
f 4438/3419/4438 4440/3426/4438 3285/3426/4438 3278/3419/4438
f 3291/3427/4439 3284/3420/4439 4439/3420/4439 4441/3427/4439
f 4440/3426/4440 4442/3433/4440 3292/3433/4440 3285/3426/4440
f 3298/3434/4441 3291/3427/4441 4441/3427/4441 4443/3434/4441
f 4442/3433/4442 4444/3440/4442 3299/3440/4442 3292/3433/4442
f 3305/3441/4443 3298/3434/4443 4443/3434/4443 4445/3441/4443
f 4444/3440/4444 4446/3447/4444 3306/3447/4444 3299/3440/4444
f 3312/3448/4445 3305/3441/4445 4445/3441/4445 4447/3448/4445
f 4446/3447/4446 4448/3454/4446 3313/3454/4446 3306/3447/4446
f 3319/3455/4447 3312/3448/4447 4447/3448/4447 4449/3455/4447
f 4448/3454/4448 4450/3461/4448 3320/3461/4448 3313/3454/4448
f 3326/3462/4449 3319/3455/4449 4449/3455/4449 4451/3462/4449
f 4450/3461/4450 4452/3468/4450 3327/3468/4450 3320/3461/4450
f 3333/3469/4451 3326/3462/4451 4451/3462/4451 4453/3469/4451
f 4452/3468/4452 4454/3475/4452 3334/3475/4452 3327/3468/4452
f 3340/3476/4453 3333/3469/4453 4453/3469/4453 4455/3476/4453
f 4454/3475/4454 4456/3482/4454 3341/3482/4454 3334/3475/4454
f 3347/3483/4455 3340/3476/4455 4455/3476/4455 4457/3483/4455
f 4456/3482/4456 4458/3489/4456 3348/3489/4456 3341/3482/4456
f 3354/3490/4457 3347/3483/4457 4457/3483/4457 4459/3490/4457
f 4458/3489/4458 4460/3496/4458 3355/3496/4458 3348/3489/4458
f 3361/3497/4459 3354/3490/4459 4459/3490/4459 4461/3497/4459
f 4460/3496/4460 4462/3503/4460 3362/3503/4460 3355/3496/4460
f 3368/3504/4461 3361/3497/4461 4461/3497/4461 4463/3504/4461
f 4462/3503/4462 4464/3510/4462 3369/3510/4462 3362/3503/4462
f 3375/3511/4463 3368/3504/4463 4463/3504/4463 4465/3511/4463
f 4464/3510/4464 4466/3517/4464 3376/3517/4464 3369/3510/4464
f 3382/3518/4465 3375/3511/4465 4465/3511/4465 4467/3518/4465
f 4466/3517/4466 4468/3524/4466 3383/3524/4466 3376/3517/4466
f 3389/3525/4467 3382/3518/4467 4467/3518/4467 4469/3525/4467
f 4468/3524/4468 4470/3531/4468 3390/3531/4468 3383/3524/4468
f 3396/3532/4469 3389/3525/4469 4469/3525/4469 4471/3532/4469
f 4470/3531/4470 4472/3538/4470 3397/3538/4470 3390/3531/4470
f 3403/3539/4471 3396/3532/4471 4471/3532/4471 4473/3539/4471
f 4472/3538/4472 4474/3545/4472 3404/3545/4472 3397/3538/4472
f 3410/3546/4473 3403/3539/4473 4473/3539/4473 4475/3546/4473
f 4474/3545/4474 4476/3552/4474 3411/3552/4474 3404/3545/4474
f 3417/3553/4475 3410/3546/4475 4475/3546/4475 4477/3553/4475
f 4476/3552/4476 4478/3559/4476 3418/3559/4476 3411/3552/4476
f 3424/3560/4477 3417/3553/4477 4477/3553/4477 4479/3560/4477
f 4478/3559/4478 4480/3566/4478 3425/3566/4478 3418/3559/4478
f 3431/3567/4479 3424/3560/4479 4479/3560/4479 4481/3567/4479
f 4480/3566/4480 4482/3573/4480 3432/3573/4480 3425/3566/4480
f 3438/3574/4481 3431/3567/4481 4481/3567/4481 4483/3574/4481
f 4482/3573/4482 4484/3580/4482 3439/3580/4482 3432/3573/4482
f 3445/3581/4483 3438/3574/4483 4483/3574/4483 4485/3581/4483
f 4484/3580/4484 4486/3587/4484 3446/3587/4484 3439/3580/4484
f 3452/3588/4485 3445/3581/4485 4485/3581/4485 4487/3588/4485
f 4486/3587/4486 4488/3594/4486 3453/3594/4486 3446/3587/4486
f 3459/3595/4487 3452/3588/4487 4487/3588/4487 4489/3595/4487
f 4488/3594/4488 4490/3601/4488 3460/3601/4488 3453/3594/4488
f 3466/3602/4489 3459/3595/4489 4489/3595/4489 4491/3602/4489
f 4490/3601/4490 4492/3608/4490 3467/3608/4490 3460/3601/4490
f 3473/3609/4491 3466/3602/4491 4491/3602/4491 4493/3609/4491
f 4492/3608/4492 4494/3615/4492 3474/3615/4492 3467/3608/4492
f 3480/3616/4493 3473/3609/4493 4493/3609/4493 4495/3616/4493
f 4494/3615/4494 4496/3622/4494 3481/3622/4494 3474/3615/4494
f 3487/3623/4495 3480/3616/4495 4495/3616/4495 4497/3623/4495
f 4496/3622/4496 4498/3629/4496 3488/3629/4496 3481/3622/4496
f 3494/3630/4497 3487/3623/4497 4497/3623/4497 4499/3630/4497
f 4498/3629/4498 4500/3636/4498 3495/3636/4498 3488/3629/4498
f 4500/3636/4499 4304/2943/4499 2801/2943/4499 3495/3636/4499
f 4301/2930/4500 3494/3630/4500 4499/3630/4500 2802/2930/4500
