                                                                        S      1
,,8Hmotot v1,5Hmotor,7Hunknown,7Hunknown,32,38,7,99,15,,1.,1,4HINCH,1,  G      1
0.08,15H20250819.072444,0.000393700787401575,10000.,7Hunknown,7Hunknown,G      2
11,0,15H20250819.122359;                                                G      3
     186       1                                                00000000D      1
     186            -337       1       0                               0D      2
     186       2                                                00000000D      3
     186            -337       1       0                               0D      4
     186       3                                                00000000D      5
     186            -337       1       0                               0D      6
     186       4                                                00000000D      7
     186            -337       1       0                               0D      8
     186       5                                                00000000D      9
     186            -337       1       0                               0D     10
     514       6                                                00010000D     11
     514                       2       1                               0D     12
     514       8                                                00010000D     13
     514                       1       1                               0D     14
     514       9                                                00010000D     15
     514                       1       1                               0D     16
     514      10                                                00010000D     17
     514                       1       1                               0D     18
     514      11                                                00010000D     19
     514                       1       1                               0D     20
     510      12                                                00010000D     21
     510            -337       1       1                               0D     22
     510      13                                                00010000D     23
     510            -337       1       1                               0D     24
     510      14                                                00010000D     25
     510            -337       1       1                               0D     26
     510      15                                                00010000D     27
     510            -337       1       1                               0D     28
     510      16                                                00010000D     29
     510            -337       1       1                               0D     30
     510      17                                                00010000D     31
     510            -337       1       1                               0D     32
     510      18                                                00010000D     33
     510            -337       1       1                               0D     34
     510      19                                                00010000D     35
     510            -337       1       1                               0D     36
     510      20                                                00010000D     37
     510            -337       1       1                               0D     38
     510      21                                                00010000D     39
     510            -337       1       1                               0D     40
     510      22                                                00010000D     41
     510            -337       1       1                               0D     42
     510      23                                                00010000D     43
     510            -337       1       1                               0D     44
     510      24                                                00010000D     45
     510            -337       1       1                               0D     46
     510      25                                                00010000D     47
     510            -337       1       1                               0D     48
     510      26                                                00010000D     49
     510            -337       1       1                               0D     50
     510      27                                                00010000D     51
     510            -337       1       1                               0D     52
     510      28                                                00010000D     53
     510            -337       1       1                               0D     54
     510      29                                                00010000D     55
     510            -337       1       1                               0D     56
     510      30                                                00010000D     57
     510            -337       1       1                               0D     58
     510      31                                                00010000D     59
     510            -337       1       1                               0D     60
     510      32                                                00010000D     61
     510            -337       1       1                               0D     62
     510      33                                                00010000D     63
     510            -337       1       1                               0D     64
     510      34                                                00010000D     65
     510            -337       1       1                               0D     66
     510      35                                                00010000D     67
     510            -337       1       1                               0D     68
     510      36                                                00010000D     69
     510            -337       1       1                               0D     70
     510      37                                                00010000D     71
     510            -337       1       1                               0D     72
     510      38                                                00010000D     73
     510            -337       1       1                               0D     74
     510      39                                                00010000D     75
     510            -337       1       1                               0D     76
     510      40                                                00010000D     77
     510            -337       1       1                               0D     78
     510      41                                                00010000D     79
     510            -337       1       1                               0D     80
     508      42                                                00010000D     81
     508                       1       1                               0D     82
     508      43                                                00010000D     83
     508                       1       1                               0D     84
     508      44                                                00010000D     85
     508                       2       1                               0D     86
     508      46                                                00010000D     87
     508                       2       1                               0D     88
     508      48                                                00010000D     89
     508                       1       1                               0D     90
     508      49                                                00010000D     91
     508                       1       1                               0D     92
     508      50                                                00010000D     93
     508                       1       1                               0D     94
     508      51                                                00010000D     95
     508                       1       1                               0D     96
     508      52                                                00010000D     97
     508                       1       1                               0D     98
     508      53                                                00010000D     99
     508                       1       1                               0D    100
     508      54                                                00010000D    101
     508                       1       1                               0D    102
     508      55                                                00010000D    103
     508                       1       1                               0D    104
     508      56                                                00010000D    105
     508                       1       1                               0D    106
     508      57                                                00010000D    107
     508                       1       1                               0D    108
     508      58                                                00010000D    109
     508                       1       1                               0D    110
     508      59                                                00010000D    111
     508                       1       1                               0D    112
     508      60                                                00010000D    113
     508                       1       1                               0D    114
     508      61                                                00010000D    115
     508                       1       1                               0D    116
     508      62                                                00010000D    117
     508                       1       1                               0D    118
     508      63                                                00010000D    119
     508                       1       1                               0D    120
     508      64                                                00010000D    121
     508                       1       1                               0D    122
     508      65                                                00010000D    123
     508                       1       1                               0D    124
     508      66                                                00010000D    125
     508                       1       1                               0D    126
     508      67                                                00010000D    127
     508                       1       1                               0D    128
     508      68                                                00010000D    129
     508                       1       1                               0D    130
     508      69                                                00010000D    131
     508                       1       1                               0D    132
     508      70                                                00010000D    133
     508                       1       1                               0D    134
     508      71                                                00010000D    135
     508                       1       1                               0D    136
     508      72                                                00010000D    137
     508                       1       1                               0D    138
     508      73                                                00010000D    139
     508                       1       1                               0D    140
     508      74                                                00010000D    141
     508                       1       1                               0D    142
     508      75                                                00010000D    143
     508                       1       1                               0D    144
     508      76                                                00010000D    145
     508                       1       1                               0D    146
     126      77                                                00010000D    147
     126       0              14       0                               0D    148
     126      91                                                00010000D    149
     126       0               3       0                               0D    150
     126      94                                                00010000D    151
     126       0              14       0                               0D    152
     126     108                                                00010000D    153
     126       0               7       0                               0D    154
     126     115                                                00010000D    155
     126       0               4       0                               0D    156
     126     119                                                00010000D    157
     126       0               7       0                               0D    158
     126     126                                                00010000D    159
     126       0               7       0                               0D    160
     126     133                                                00010000D    161
     126       0               7       0                               0D    162
     126     140                                                00010000D    163
     126       0               3       0                               0D    164
     126     143                                                00010000D    165
     126       0              12       0                               0D    166
     126     155                                                00010000D    167
     126       0              14       0                               0D    168
     126     169                                                00010000D    169
     126       0               3       0                               0D    170
     126     172                                                00010000D    171
     126       0              15       0                               0D    172
     126     187                                                00010000D    173
     126       0              13       0                               0D    174
     126     200                                                00010000D    175
     126       0              12       0                               0D    176
     126     212                                                00010000D    177
     126       0               4       0                               0D    178
     126     216                                                00010000D    179
     126       0              12       0                               0D    180
     126     228                                                00010000D    181
     126       0              12       0                               0D    182
     126     240                                                00010000D    183
     126       0               4       0                               0D    184
     126     244                                                00010000D    185
     126       0               4       0                               0D    186
     126     248                                                00010000D    187
     126       0              15       0                               0D    188
     126     263                                                00010000D    189
     126       0              13       0                               0D    190
     126     276                                                00010000D    191
     126       0               4       0                               0D    192
     126     280                                                00010000D    193
     126       0               9       0                               0D    194
     126     289                                                00010000D    195
     126       0             451       0                               0D    196
     126     740                                                00010000D    197
     126       0              14       0                               0D    198
     126     754                                                00010000D    199
     126       0               3       0                               0D    200
     126     757                                                00010000D    201
     126       0               3       0                               0D    202
     126     760                                                00010000D    203
     126       0               3       0                               0D    204
     126     763                                                00010000D    205
     126       0               3       0                               0D    206
     126     766                                                00010000D    207
     126       0               3       0                               0D    208
     126     769                                                00010000D    209
     126       0               3       0                               0D    210
     126     772                                                00010000D    211
     126       0               3       0                               0D    212
     126     775                                                00010000D    213
     126       0               3       0                               0D    214
     126     778                                                00010000D    215
     126       0               3       0                               0D    216
     126     781                                                00010000D    217
     126       0               3       0                               0D    218
     126     784                                                00010000D    219
     126       0               3       0                               0D    220
     126     787                                                00010000D    221
     126       0               3       0                               0D    222
     126     790                                                00010000D    223
     126       0               3       0                               0D    224
     126     793                                                00010000D    225
     126       0               3       0                               0D    226
     126     796                                                00010000D    227
     126       0               3       0                               0D    228
     126     799                                                00010000D    229
     126       0               3       0                               0D    230
     126     802                                                00010000D    231
     126       0               3       0                               0D    232
     126     805                                                00010000D    233
     126       0               3       0                               0D    234
     126     808                                                00010000D    235
     126       0               3       0                               0D    236
     126     811                                                00010000D    237
     126       0               3       0                               0D    238
     126     814                                                00010000D    239
     126       0               3       0                               0D    240
     126     817                                                00010000D    241
     126       0               3       0                               0D    242
     126     820                                                00010000D    243
     126       0               3       0                               0D    244
     126     823                                                00010000D    245
     126       0               3       0                               0D    246
     128     826                                                00010000D    247
     128       0    -337      21       0                               0D    248
     128     847                                                00010000D    249
     128       0    -337       8       0                               0D    250
     128     855                                                00010000D    251
     128       0    -337      28       0                               0D    252
     128     883                                                00010000D    253
     128       0    -337      19       0                               0D    254
     128     902                                                00010000D    255
     128       0    -337       8       0                               0D    256
     128     910                                                00010000D    257
     128       0    -337      21       0                               0D    258
     128     931                                                00010000D    259
     128       0    -337       8       0                               0D    260
     128     939                                                00010000D    261
     128       0    -337       9       0                               0D    262
     128     948                                                00010000D    263
     128       0    -337      21       0                               0D    264
     128     969                                                00010000D    265
     128       0    -337      19       0                               0D    266
     128     988                                                00010000D    267
     128       0    -337       7       0                               0D    268
     128     995                                                00010000D    269
     128       0    -337      19       0                               0D    270
     128    1014                                                00010000D    271
     128       0    -337       9       0                               0D    272
     128    1023                                                00010000D    273
     128       0    -337      23       0                               0D    274
     128    1046                                                00010000D    275
     128       0    -337       8       0                               0D    276
     128    1054                                                00010000D    277
     128       0    -337    3868       0                               0D    278
     128    4922                                                00010000D    279
     128       0    -337       8       0                               0D    280
     128    4930                                                00010000D    281
     128       0    -337       6       0                               0D    282
     128    4936                                                00010000D    283
     128       0    -337       7       0                               0D    284
     128    4943                                                00010000D    285
     128       0    -337       7       0                               0D    286
     128    4950                                                00010000D    287
     128       0    -337       7       0                               0D    288
     128    4957                                                00010000D    289
     128       0    -337       7       0                               0D    290
     128    4964                                                00010000D    291
     128       0    -337       8       0                               0D    292
     128    4972                                                00010000D    293
     128       0    -337       7       0                               0D    294
     128    4979                                                00010000D    295
     128       0    -337       7       0                               0D    296
     128    4986                                                00010000D    297
     128       0    -337       7       0                               0D    298
     128    4993                                                00010000D    299
     128       0    -337       7       0                               0D    300
     128    5000                                                00010000D    301
     128       0    -337       7       0                               0D    302
     128    5007                                                00010000D    303
     128       0    -337       8       0                               0D    304
     128    5015                                                00010000D    305
     128       0    -337       7       0                               0D    306
     502    5022                                                00010000D    307
     502                      11       1                               0D    308
     502    5033                                                00010000D    309
     502                       2       1                               0D    310
     502    5035                                                00010000D    311
     502                       2       1                               0D    312
     502    5037                                                00010000D    313
     502                       6       1                               0D    314
     502    5043                                                00010000D    315
     502                       6       1                               0D    316
     504    5049                                                00010001D    317
     504                       6       1                               0D    318
     504    5055                                                00010001D    319
     504                       1       1                               0D    320
     504    5056                                                00010001D    321
     504                       1       1                               0D    322
     504    5057                                                00010001D    323
     504                       4       1                               0D    324
     504    5061                                                00010001D    325
     504                       4       1                               0D    326
     406    5065                                                00000000D    327
     406                       1      15                               0D    328
     406    5066                                                00000000D    329
     406                       1      15                               0D    330
     406    5067                                                00000000D    331
     406                       1      15                               0D    332
     406    5068                                                00000000D    333
     406                       1      15                               0D    334
     406    5069                                                00000000D    335
     406                       1      15                               0D    336
     314    5070                                                00000200D    337
     314                       2       0                               0D    338
186,11,1,0,0,1,327;                                                    1P      1
186,13,1,0,0,1,329;                                                    3P      2
186,15,1,0,0,1,331;                                                    5P      3
186,17,1,0,0,1,333;                                                    7P      4
186,19,1,0,0,1,335;                                                    9P      5
514,12,21,1,23,1,25,1,27,1,29,1,31,1,33,1,35,1,37,1,39,1,41,1,        11P      6
43,1;                                                                 11P      7
514,3,45,1,47,1,49,1;                                                 13P      8
514,3,51,1,53,1,55,1;                                                 15P      9
514,6,57,1,59,1,61,1,63,1,65,1,67,1;                                  17P     10
514,6,69,1,71,1,73,1,75,1,77,1,79,1;                                  19P     11
510,247,1,1,81;                                                       21P     12
510,249,1,1,83;                                                       23P     13
510,251,1,1,85;                                                       25P     14
510,253,1,1,87;                                                       27P     15
510,255,2,1,89,91;                                                    29P     16
510,257,1,1,93;                                                       31P     17
510,259,2,1,95,97;                                                    33P     18
510,261,1,1,99;                                                       35P     19
510,263,1,1,101;                                                      37P     20
510,265,1,1,103;                                                      39P     21
510,267,2,1,105,107;                                                  41P     22
510,269,1,1,109;                                                      43P     23
510,271,1,1,111;                                                      45P     24
510,273,1,1,113;                                                      47P     25
510,275,1,1,115;                                                      49P     26
510,277,1,1,117;                                                      51P     27
510,279,1,1,119;                                                      53P     28
510,281,1,1,121;                                                      55P     29
510,283,1,1,123;                                                      57P     30
510,285,1,1,125;                                                      59P     31
510,287,1,1,127;                                                      61P     32
510,289,1,1,129;                                                      63P     33
510,291,1,1,131;                                                      65P     34
510,293,1,1,133;                                                      67P     35
510,295,1,1,135;                                                      69P     36
510,297,1,1,137;                                                      71P     37
510,299,1,1,139;                                                      73P     38
510,301,1,1,141;                                                      75P     39
510,303,1,1,143;                                                      77P     40
510,305,1,1,145;                                                      79P     41
508,4,0,317,1,0,0,0,317,2,1,0,0,317,3,0,0,0,317,2,0,0;                81P     42
508,1,0,317,1,1,0;                                                    83P     43
508,6,0,317,4,1,0,0,317,5,1,0,0,317,6,1,0,0,317,7,1,0,0,317,5,0,      85P     44
0,0,317,8,1,0;                                                        85P     45
508,5,0,317,7,0,0,0,317,9,1,0,0,317,10,0,0,0,317,9,0,0,0,317,6,       87P     46
0,0;                                                                  87P     47
508,2,0,317,4,0,0,0,317,8,0,0;                                        89P     48
508,1,0,317,3,1,0;                                                    91P     49
508,4,0,317,11,0,0,0,317,12,1,0,0,317,13,0,0,0,317,12,0,0;            93P     50
508,1,0,317,14,0,0;                                                   95P     51
508,1,0,317,11,1,0;                                                   97P     52
508,1,0,317,13,1,0;                                                   99P     53
508,4,0,317,15,1,0,0,317,16,1,0,0,317,17,1,0,0,317,16,0,0;           101P     54
508,4,0,317,18,0,0,0,317,19,1,0,0,317,15,0,0,0,317,19,0,0;           103P     55
508,1,0,317,17,0,0;                                                  105P     56
508,1,0,317,10,1,0;                                                  107P     57
508,4,0,317,14,1,0,0,317,20,1,0,0,317,18,1,0,0,317,20,0,0;           109P     58
508,1,0,319,1,1,0;                                                   111P     59
508,4,0,319,2,0,0,0,319,3,1,0,0,319,1,0,0,0,319,3,0,0;               113P     60
508,1,0,319,2,1,0;                                                   115P     61
508,4,0,321,1,0,0,0,321,2,1,0,0,321,3,0,0,0,321,2,0,0;               117P     62
508,1,0,321,3,1,0;                                                   119P     63
508,1,0,321,1,1,0;                                                   121P     64
508,4,0,323,1,1,0,0,323,2,1,0,0,323,3,0,0,0,323,4,0,0;               123P     65
508,4,0,323,5,1,0,0,323,4,1,0,0,323,6,0,0,0,323,7,0,0;               125P     66
508,4,0,323,8,1,0,0,323,7,1,0,0,323,9,0,0,0,323,10,0,0;              127P     67
508,4,0,323,11,1,0,0,323,10,1,0,0,323,12,0,0,0,323,2,0,0;            129P     68
508,4,0,323,12,1,0,0,323,9,1,0,0,323,6,1,0,0,323,3,1,0;              131P     69
508,4,0,323,11,0,0,0,323,1,0,0,0,323,5,0,0,0,323,8,0,0;              133P     70
508,4,0,325,1,0,0,0,325,2,1,0,0,325,3,0,0,0,325,4,0,0;               135P     71
508,4,0,325,5,0,0,0,325,4,1,0,0,325,6,0,0,0,325,7,0,0;               137P     72
508,4,0,325,8,0,0,0,325,7,1,0,0,325,9,0,0,0,325,10,0,0;              139P     73
508,4,0,325,11,0,0,0,325,10,1,0,0,325,12,0,0,0,325,2,0,0;            141P     74
508,4,0,325,12,1,0,0,325,9,1,0,0,325,6,1,0,0,325,3,1,0;              143P     75
508,4,0,325,11,1,0,0,325,1,1,0,0,325,5,1,0,0,325,8,1,0;              145P     76
126,8,2,0,1,0,0,-3.14159265358979,-3.14159265358979,                 147P     77
-3.14159265358979,-1.5707963267949,-1.5707963267949,0.,0.,           147P     78
1.5707963267949,1.5707963267949,3.14159265358979,                    147P     79
3.14159265358979,3.14159265358979,1.,0.707106781186547,1.,           147P     80
0.707106781186547,1.,0.707106781186547,1.,0.707106781186547,1.,      147P     81
-0.0500000015957149,6.12323419115548D-18,-0.06,                      147P     82
-0.0500000015957149,0.0500000015957149,-0.06,                        147P     83
3.06161709557774D-18,0.0500000015957149,-0.06,                       147P     84
0.0500000015957149,0.0500000015957149,-0.06,0.0500000015957149,      147P     85
0.,-0.06,0.0500000015957149,-0.0500000015957149,-0.06,               147P     86
3.06161709557774D-18,-0.0500000015957149,-0.06,                      147P     87
-0.0500000015957149,-0.0500000015957149,-0.06,                       147P     88
-0.0500000015957149,-6.12323419115548D-18,-0.06,                     147P     89
-3.14159265358979,3.14159265358979,0.,0.,0.;                         147P     90
126,1,1,0,0,1,0,-0.199999993617141,-0.199999993617141,0.,0.,1.,      149P     91
1.,-0.0500000015957149,0.,-0.06,-0.0500000015957149,0.,-0.05,        149P     92
-0.199999993617141,0.,0.,0.,0.;                                      149P     93
126,8,2,0,1,0,0,-3.14159265358979,-3.14159265358979,                 151P     94
-3.14159265358979,-1.5707963267949,-1.5707963267949,0.,0.,           151P     95
1.5707963267949,1.5707963267949,3.14159265358979,                    151P     96
3.14159265358979,3.14159265358979,1.,0.707106781186547,1.,           151P     97
0.707106781186547,1.,0.707106781186547,1.,0.707106781186547,1.,      151P     98
-0.0500000015957149,-6.12323419115548D-18,-0.05,                     151P     99
-0.0500000015957149,-0.0500000015957149,-0.05,                       151P    100
3.06161709557774D-18,-0.0500000015957149,-0.05,                      151P    101
0.0500000015957149,-0.0500000015957149,-0.05,0.0500000015957149,     151P    102
0.,-0.05,0.0500000015957149,0.0500000015957149,-0.05,                151P    103
3.06161709557774D-18,0.0500000015957149,-0.05,                       151P    104
-0.0500000015957149,0.0500000015957149,-0.05,                        151P    105
-0.0500000015957149,6.12323419115548D-18,-0.05,                      151P    106
-3.14159265358979,3.14159265358979,0.,0.,0.;                         151P    107
126,4,2,0,0,0,0,-3.14159265358979,-3.14159265358979,                 153P    108
-3.14159265358979,-1.5707963267949,-1.5707963267949,0.,0.,0.,1.,     153P    109
0.707106781186548,1.,0.707106781186547,1.,-0.120000004787145,        153P    110
-1.46957621760244D-17,-0.05,-0.120000004787145,                      153P    111
-0.120000004787145,-0.05,7.34788108801219D-18,                       153P    112
-0.120000004787145,-0.05,0.120000004787145,-0.120000004787145,       153P    113
-0.05,0.120000004787145,0.,-0.05,-3.14159265358979,0.,0.,0.,0.;      153P    114
126,2,2,0,0,0,0,-1.5707963267949,-1.5707963267949,                   155P    115
-1.5707963267949,0.,0.,0.,1.,0.707106781186548,1.,                   155P    116
0.120000004787145,0.,-0.05,0.150000004787145,0.,-0.05,               155P    117
0.150000004787145,0.,-0.02,-1.5707963267949,0.,0.,0.,0.;             155P    118
126,4,2,0,0,0,0,0.,0.,0.,1.5707963267949,1.5707963267949,            157P    119
3.14159265358979,3.14159265358979,3.14159265358979,1.,               157P    120
0.707106781186548,1.,0.707106781186548,1.,0.150000004787145,0.,      157P    121
-0.02,0.150000004787145,-0.150000004787145,-0.02,                    157P    122
9.18485128673322D-18,-0.150000004787145,-0.02,                       157P    123
-0.150000004787145,-0.150000004787145,-0.02,-0.150000004787145,      157P    124
-1.83697025734664D-17,-0.02,0.,3.14159265358979,0.,0.,0.;            157P    125
126,4,2,0,0,0,0,-3.14159265358979,-3.14159265358979,                 159P    126
-3.14159265358979,-1.5707963267949,-1.5707963267949,0.,0.,0.,1.,     159P    127
0.707106781186548,1.,0.707106781186548,1.,-0.150000004787145,        159P    128
1.83697025734664D-17,-0.02,-0.150000004787145,0.150000004787145,     159P    129
-0.02,9.18485128673322D-18,0.150000004787145,-0.02,                  159P    130
0.150000004787145,0.150000004787145,-0.02,0.150000004787145,0.,      159P    131
-0.02,-3.14159265358979,0.,0.,0.,0.;                                 159P    132
126,4,2,0,0,0,0,0.,0.,0.,1.5707963267949,1.5707963267949,            161P    133
3.14159265358979,3.14159265358979,3.14159265358979,1.,               161P    134
0.707106781186547,1.,0.707106781186548,1.,0.120000004787145,0.,      161P    135
-0.05,0.120000004787145,0.120000004787145,-0.05,                     161P    136
7.34788108801219D-18,0.120000004787145,-0.05,-0.120000004787145,     161P    137
0.120000004787145,-0.05,-0.120000004787145,1.46957621760244D-17,     161P    138
-0.05,0.,3.14159265358979,0.,0.,0.;                                  161P    139
126,1,1,0,0,1,0,-0.133333329078094,-0.133333329078094,0.,0.,1.,      163P    140
1.,-0.150000004787145,0.,-0.02,-0.150000004787145,0.,0.,             163P    141
-0.133333329078094,0.,0.,0.,0.;                                      163P    142
126,8,2,0,1,0,0,-3.14159265358979,-3.14159265358979,                 165P    143
-3.14159265358979,-1.5707963267949,-1.5707963267949,0.,0.,           165P    144
1.5707963267949,1.5707963267949,3.14159265358979,                    165P    145
3.14159265358979,3.14159265358979,1.,0.707106781186548,1.,           165P    146
0.707106781186548,1.,0.707106781186548,1.,0.707106781186548,1.,      165P    147
-0.150000004787145,-1.83697025734664D-17,0.,-0.150000004787145,      165P    148
-0.150000004787145,0.,9.18485128673322D-18,-0.150000004787145,       165P    149
0.,0.150000004787145,-0.150000004787145,0.,0.150000004787145,0.,     165P    150
0.,0.150000004787145,0.150000004787145,0.,9.18485128673322D-18,      165P    151
0.150000004787145,0.,-0.150000004787145,0.150000004787145,0.,        165P    152
-0.150000004787145,1.83697025734664D-17,0.,-3.14159265358979,        165P    153
3.14159265358979,0.,0.,0.;                                           165P    154
126,8,2,0,1,0,0,-3.14159265358979,-3.14159265358979,                 167P    155
-3.14159265358979,-1.5707963267949,-1.5707963267949,0.,0.,           167P    156
1.5707963267949,1.5707963267949,3.14159265358979,                    167P    157
3.14159265358979,3.14159265358979,1.,0.707106781186548,1.,           167P    158
0.707106781186548,1.,0.707106781186548,1.,0.707106781186548,1.,      167P    159
0.0671629920124415,-8.22509431891958D-18,1.25,                       167P    160
0.0671629920124415,-0.0671629920124415,1.25,                         167P    161
-4.11254715945979D-18,-0.0671629920124415,1.25,                      167P    162
-0.0671629920124415,-0.0671629920124415,1.25,                        167P    163
-0.0671629920124415,0.,1.25,-0.0671629920124415,                     167P    164
0.0671629920124415,1.25,-4.11254715945979D-18,                       167P    165
0.0671629920124415,1.25,0.0671629920124415,0.0671629920124415,       167P    166
1.25,0.0671629920124415,8.22509431891958D-18,1.25,                   167P    167
-3.14159265358979,3.14159265358979,0.,0.,0.;                         167P    168
126,1,1,0,0,1,0,-17.8669824563162,-17.8669824563162,0.,0.,1.,1.,     169P    169
0.0671629920124415,0.,1.25,0.0671629920124415,0.,                    169P    170
0.0499999999999999,-17.8669824563162,0.,0.,0.,0.;                    169P    171
126,8,2,0,1,0,0,-3.14159265358979,-3.14159265358979,                 171P    172
-3.14159265358979,-1.5707963267949,-1.5707963267949,0.,0.,           171P    173
1.5707963267949,1.5707963267949,3.14159265358979,                    171P    174
3.14159265358979,3.14159265358979,1.,0.707106781186548,1.,           171P    175
0.707106781186548,1.,0.707106781186548,1.,0.707106781186548,1.,      171P    176
0.0671629920124415,8.22509431891958D-18,0.0499999999999999,          171P    177
0.0671629920124415,0.0671629920124415,0.0499999999999999,            171P    178
-4.11254715945979D-18,0.0671629920124415,0.0499999999999999,         171P    179
-0.0671629920124415,0.0671629920124415,0.0499999999999999,           171P    180
-0.0671629920124415,0.,0.0499999999999999,-0.0671629920124415,       171P    181
-0.0671629920124415,0.0499999999999999,-4.11254715945979D-18,        171P    182
-0.0671629920124415,0.0499999999999999,0.0671629920124415,           171P    183
-0.0671629920124415,0.0499999999999999,0.0671629920124415,           171P    184
-8.22509431891958D-18,0.0499999999999999,-3.14159265358979,          171P    185
3.14159265358979,0.,0.,0.;                                           171P    186
126,8,2,0,1,0,0,-3.14159265358979,-3.14159265358979,                 173P    187
-3.14159265358979,-1.5707963267949,-1.5707963267949,0.,0.,           173P    188
1.5707963267949,1.5707963267949,3.14159265358979,                    173P    189
3.14159265358979,3.14159265358979,1.,0.707106781186548,1.,           173P    190
0.707106781186547,1.,0.707106781186547,1.,0.707106781186548,1.,      173P    191
-0.900000031914298,1.10218215831636D-16,1.25,-0.900000031914298,     173P    192
0.900000031914298,1.25,5.5109107915818D-17,0.900000031914298,        173P    193
1.25,0.900000031914298,0.900000031914298,1.25,0.900000031914298,     173P    194
0.,1.25,0.900000031914298,-0.900000031914298,1.25,                   173P    195
5.5109107915818D-17,-0.900000031914298,1.25,-0.900000031914298,      173P    196
-0.900000031914298,1.25,-0.900000031914298,                          173P    197
-1.10218215831636D-16,1.25,-3.14159265358979,3.14159265358979,       173P    198
0.,0.,0.;                                                            173P    199
126,8,2,0,1,0,0,-3.14159265358979,-3.14159265358979,                 175P    200
-3.14159265358979,-1.5707963267949,-1.5707963267949,0.,0.,           175P    201
1.5707963267949,1.5707963267949,3.14159265358979,                    175P    202
3.14159265358979,3.14159265358979,1.,0.707106781186548,1.,           175P    203
0.707106781186547,1.,0.707106781186547,1.,0.707106781186548,1.,      175P    204
-1.0000000319143,1.2246468382311D-16,0.1,-1.0000000319143,           175P    205
1.0000000319143,0.1,6.12323419115548D-17,1.0000000319143,0.1,        175P    206
1.0000000319143,1.0000000319143,0.1,1.0000000319143,0.,0.1,          175P    207
1.0000000319143,-1.0000000319143,0.1,6.12323419115548D-17,           175P    208
-1.0000000319143,0.1,-1.0000000319143,-1.0000000319143,0.1,          175P    209
-1.0000000319143,-1.2246468382311D-16,0.1,-3.14159265358979,         175P    210
3.14159265358979,0.,0.,0.;                                           175P    211
126,1,1,0,0,1,0,-0.0744322902560004,-0.0744322902560004,             177P    212
0.0744322902560006,0.0744322902560006,1.,1.,-1.0000000319143,0.,     177P    213
0.1,-0.900000031914298,0.,-5.46369598732853D-17,                     177P    214
-0.0744322902560004,0.0744322902560006,0.,0.,0.;                     177P    215
126,8,2,0,1,0,0,-3.14159265358979,-3.14159265358979,                 179P    216
-3.14159265358979,-1.5707963267949,-1.5707963267949,0.,0.,           179P    217
1.5707963267949,1.5707963267949,3.14159265358979,                    179P    218
3.14159265358979,3.14159265358979,1.,0.707106781186548,1.,           179P    219
0.707106781186547,1.,0.707106781186547,1.,0.707106781186548,1.,      179P    220
-0.900000031914298,-1.10218215831636D-16,0.,-0.900000031914298,      179P    221
-0.900000031914298,0.,5.5109107915818D-17,-0.900000031914298,0.,     179P    222
0.900000031914298,-0.900000031914298,0.,0.900000031914298,0.,0.,     179P    223
0.900000031914298,0.900000031914298,0.,5.5109107915818D-17,          179P    224
0.900000031914298,0.,-0.900000031914298,0.900000031914298,0.,        179P    225
-0.900000031914298,1.10218215831636D-16,0.,-3.14159265358979,        179P    226
3.14159265358979,0.,0.,0.;                                           179P    227
126,8,2,0,1,0,0,-3.14159265358979,-3.14159265358979,                 181P    228
-3.14159265358979,-1.5707963267949,-1.5707963267949,0.,0.,           181P    229
1.5707963267949,1.5707963267949,3.14159265358979,                    181P    230
3.14159265358979,3.14159265358979,1.,0.707106781186548,1.,           181P    231
0.707106781186547,1.,0.707106781186547,1.,0.707106781186548,1.,      181P    232
-1.0000000319143,-1.2246468382311D-16,1.15,-1.0000000319143,         181P    233
-1.0000000319143,1.15,6.12323419115548D-17,-1.0000000319143,         181P    234
1.15,1.0000000319143,-1.0000000319143,1.15,1.0000000319143,0.,       181P    235
1.15,1.0000000319143,1.0000000319143,1.15,6.12323419115548D-17,      181P    236
1.0000000319143,1.15,-1.0000000319143,1.0000000319143,1.15,          181P    237
-1.0000000319143,1.2246468382311D-16,1.15,-3.14159265358979,         181P    238
3.14159265358979,0.,0.,0.;                                           181P    239
126,1,1,0,0,1,0,-1.14999996329856,-1.14999996329856,                 183P    240
-0.0999999968085703,-0.0999999968085703,1.,1.,-1.0000000319143,      183P    241
0.,1.15,-1.0000000319143,0.,0.1,-1.14999996329856,                   183P    242
-0.0999999968085703,0.,0.,0.;                                        183P    243
126,1,1,0,0,1,0,-0.0744322902560005,-0.0744322902560005,             185P    244
0.0744322902560005,0.0744322902560005,1.,1.,-0.900000031914298,      185P    245
0.,1.25,-1.0000000319143,0.,1.15,-0.0744322902560005,                185P    246
0.0744322902560005,0.,0.,0.;                                         185P    247
126,8,2,0,1,0,0,-3.14159265358979,-3.14159265358979,                 187P    248
-3.14159265358979,-1.5707963267949,-1.5707963267949,0.,0.,           187P    249
1.5707963267949,1.5707963267949,3.14159265358979,                    187P    250
3.14159265358979,3.14159265358979,1.,0.707106781186547,1.,           187P    251
0.707106781186547,1.,0.707106781186547,1.,0.707106781186547,1.,      187P    252
0.0500000015957149,-6.12323419115548D-18,0.0499999999999999,         187P    253
0.0500000015957149,-0.0500000015957149,0.0499999999999999,           187P    254
-3.06161709557774D-18,-0.0500000015957149,0.0499999999999999,        187P    255
-0.0500000015957149,-0.0500000015957149,0.0499999999999999,          187P    256
-0.0500000015957149,0.,0.0499999999999999,-0.0500000015957149,       187P    257
0.0500000015957149,0.0499999999999999,-3.06161709557774D-18,         187P    258
0.0500000015957149,0.0499999999999999,0.0500000015957149,            187P    259
0.0500000015957149,0.0499999999999999,0.0500000015957149,            187P    260
6.12323419115548D-18,0.0499999999999999,-3.14159265358979,           187P    261
3.14159265358979,0.,0.,0.;                                           187P    262
126,8,2,0,1,0,0,-3.14159265358979,-3.14159265358979,                 189P    263
-3.14159265358979,-1.5707963267949,-1.5707963267949,0.,0.,           189P    264
1.5707963267949,1.5707963267949,3.14159265358979,                    189P    265
3.14159265358979,3.14159265358979,1.,0.707106781186547,1.,           189P    266
0.707106781186547,1.,0.707106781186547,1.,0.707106781186547,1.,      189P    267
0.0500000015957149,6.12323419115548D-18,2.45,0.0500000015957149,     189P    268
0.0500000015957149,2.45,-3.06161709557774D-18,                       189P    269
0.0500000015957149,2.45,-0.0500000015957149,0.0500000015957149,      189P    270
2.45,-0.0500000015957149,0.,2.45,-0.0500000015957149,                189P    271
-0.0500000015957149,2.45,-3.06161709557774D-18,                      189P    272
-0.0500000015957149,2.45,0.0500000015957149,-0.0500000015957149,     189P    273
2.45,0.0500000015957149,-6.12323419115548D-18,2.45,                  189P    274
-3.14159265358979,3.14159265358979,0.,0.,0.;                         189P    275
126,1,1,0,0,1,0,-23.9999992340569,-23.9999992340569,                 191P    276
23.9999992340569,23.9999992340569,1.,1.,0.0500000015957149,0.,       191P    277
2.45,0.0500000015957149,0.,0.0499999999999999,-23.9999992340569,     191P    278
23.9999992340569,0.,0.,0.;                                           191P    279
126,8,2,0,1,0,0,-3.14159265358979,-3.14159265358979,                 193P    280
-3.14159265358979,-1.5707963267949,-1.5707963267949,0.,0.,           193P    281
1.5707963267949,1.5707963267949,3.14159265358979,                    193P    282
3.14159265358979,3.14159265358979,1.,0.707106781186593,1.,           193P    283
0.707106781186593,1.,0.707106781186593,1.,0.707106781186593,1.,      193P    284
-0.0625,0.,2.45,-0.0625,0.,2.4375,-0.05,0.,2.4375,-0.0375,0.,        193P    285
2.4375,-0.0375,0.,2.45,-0.0375,0.,2.4625,-0.05,0.,2.4625,            193P    286
-0.0625,0.,2.4625,-0.0625,0.,2.45,-3.14159265358979,                 193P    287
3.14159265358979,0.,0.,0.;                                           193P    288
126,325,3,0,0,1,0,0.,0.,0.,0.,0.498665500569808,                     195P    289
0.997331001139617,1.99466200227923,2.99199300341885,                 195P    290
3.49065850398866,3.98932400455847,4.48798950512828,                  195P    291
4.98665500569808,5.48532050626789,5.9839860068377,                   195P    292
6.48265150740751,6.98131700797732,7.47998250854713,                  195P    293
7.97864800911693,8.47731350968674,8.97597901025655,                  195P    294
9.97331001139617,10.9706410125358,11.4693065131056,                  195P    295
11.9679720136754,12.4666375142452,12.965303014815,                   195P    296
13.4639685153848,13.9626340159546,14.4612995165244,                  195P    297
14.9599650170943,15.4586305176641,15.9572960182339,                  195P    298
16.9546270193735,17.9519580205131,18.4506235210829,                  195P    299
18.9492890216527,19.4479545222225,19.9466200227923,                  195P    300
20.4452855233621,20.943951023932,21.4426165245018,                   195P    301
21.9412820250716,22.4399475256414,22.9386130262112,                  195P    302
23.9359440273508,24.9332750284904,25.4319405290602,                  195P    303
25.93060602963,26.4292715301998,26.9279370307697,                    195P    304
27.4266025313395,27.9252680319093,28.4239335324791,                  195P    305
28.9225990330489,29.4212645336187,29.9199300341885,                  195P    306
30.9172610353281,31.9145920364677,32.4132575370375,                  195P    307
32.9119230376074,33.4105885381772,33.909254038747,                   195P    308
34.4079195393168,34.9065850398866,35.4052505404564,                  195P    309
35.9039160410262,36.402581541596,36.9012470421658,                   195P    310
37.8985780433054,38.8959090444451,39.3945745450149,                  195P    311
39.8932400455847,40.3919055461545,40.8905710467243,                  195P    312
41.3892365472941,41.8879020478639,42.3865675484337,                  195P    313
42.8852330490035,43.3838985495733,43.8825640501431,                  195P    314
44.8798950512828,45.8772260524224,46.3758915529922,                  195P    315
46.874557053562,47.3732225541318,47.8718880547016,                   195P    316
48.3705535552714,48.8692190558412,49.367884556411,                   195P    317
49.8665500569808,50.3652155575506,50.8638810581205,                  195P    318
51.8612120592601,52.8585430603997,53.3572085609695,                  195P    319
53.8558740615393,54.3545395621091,54.8532050626789,                  195P    320
55.3518705632487,55.8505360638185,56.3492015643884,                  195P    321
56.8478670649582,57.346532565528,57.8451980660978,                   195P    322
58.8425290672374,59.839860068377,60.3385255689468,                   195P    323
60.8371910695166,61.3358565700864,61.8345220706562,                  195P    324
62.333187571226,62.8318530717959,63.3305185723657,                   195P    325
63.8291840729355,64.3278495735053,64.8265150740751,                  195P    326
65.8238460752147,66.8211770763543,67.3198425769241,                  195P    327
67.8185080774939,68.3171735780637,68.8158390786336,                  195P    328
69.3145045792034,69.8131700797732,70.311835580343,                   195P    329
70.8105010809128,71.3091665814826,71.8078320820524,                  195P    330
72.805163083192,73.8024940843316,74.3011595849015,                   195P    331
74.7998250854713,75.2984905860411,75.7971560866109,                  195P    332
76.2958215871807,76.7944870877505,77.2931525883203,                  195P    333
77.7918180888901,78.2904835894599,78.7891490900297,                  195P    334
79.7864800911694,80.783811092309,81.2824765928788,                   195P    335
81.7811420934486,82.2798075940184,82.7784730945882,                  195P    336
83.277138595158,83.7758040957278,84.2744695962976,                   195P    337
84.7731350968674,85.2718005974372,85.770466098007,                   195P    338
86.7677970991467,87.7651281002863,88.2637936008561,                  195P    339
88.7624591014259,89.2611246019957,89.7597901025655,                  195P    340
90.2584556031353,90.7571211037051,91.2557866042749,                  195P    341
91.7544521048447,92.2531176054146,92.7517831059844,                  195P    342
93.749114107124,94.7464451082636,95.7437761094032,                   195P    343
96.242441609973,96.7411071105428,97.2397726111126,                   195P    344
97.7384381116824,98.2371036122523,98.7357691128221,                  195P    345
99.2344346133919,99.7331001139617,100.231765614531,                  195P    346
100.730431115101,101.727762116241,102.725093117381,                  195P    347
103.22375861795,103.72242411852,104.22108961909,104.71975511966,     195P    348
105.21842062023,105.717086120799,106.215751621369,                   195P    349
106.714417121939,107.213082622509,107.711748123079,                  195P    350
108.709079124218,109.706410125358,110.205075625928,                  195P    351
110.703741126497,111.202406627067,111.701072127637,                  195P    352
112.199737628207,112.698403128777,113.197068629347,                  195P    353
113.695734129916,114.194399630486,114.693065131056,                  195P    354
115.690396132196,116.687727133335,117.186392633905,                  195P    355
117.685058134475,118.183723635045,118.682389135614,                  195P    356
119.181054636184,119.679720136754,120.178385637324,                  195P    357
120.677051137894,121.175716638463,121.674382139033,                  195P    358
122.671713140173,123.669044141312,124.167709641882,                  195P    359
124.666375142452,125.165040643022,125.663706143592,                  195P    360
126.162371644162,126.661037144731,127.159702645301,                  195P    361
127.658368145871,128.157033646441,128.655699147011,                  195P    362
129.65303014815,130.65036114929,131.14902664986,                     195P    363
131.647692150429,132.146357650999,132.645023151569,                  195P    364
133.143688652139,133.642354152709,134.141019653278,                  195P    365
134.639685153848,135.138350654418,135.637016154988,                  195P    366
136.634347156127,137.631678157267,138.130343657837,                  195P    367
138.629009158407,139.127674658977,139.626340159546,                  195P    368
140.125005660116,140.623671160686,141.122336661256,                  195P    369
141.621002161826,142.119667662395,142.618333162965,                  195P    370
143.615664164105,144.612995165244,145.111660665814,                  195P    371
145.610326166384,146.108991666954,146.607657167524,                  195P    372
147.106322668093,147.604988168663,148.103653669233,                  195P    373
148.602319169803,149.100984670373,149.599650170943,                  195P    374
150.596981172082,151.594312173222,152.092977673792,                  195P    375
152.591643174361,153.090308674931,153.588974175501,                  195P    376
154.087639676071,154.586305176641,155.08497067721,                   195P    377
155.58363617778,156.08230167835,156.58096717892,                     195P    378
157.578298180059,158.575629181199,159.074294681769,                  195P    379
159.572960182339,160.071625682909,160.570291183478,                  195P    380
161.068956684048,161.567622184618,162.066287685188,                  195P    381
162.564953185758,163.063618686327,163.562284186897,                  195P    382
164.559615188037,165.556946189176,166.055611689746,                  195P    383
166.554277190316,167.052942690886,167.551608191456,                  195P    384
168.050273692025,168.548939192595,169.047604693165,                  195P    385
169.546270193735,170.044935694305,170.543601194874,                  195P    386
171.540932196014,172.538263197154,173.036928697724,                  195P    387
173.535594198293,174.034259698863,174.532925199433,                  195P    388
175.031590700003,175.530256200573,176.028921701142,                  195P    389
176.527587201712,177.026252702282,177.524918202852,                  195P    390
178.522249203991,179.519580205131,180.018245705701,                  195P    391
180.516911206271,181.01557670684,181.51424220741,                    195P    392
182.01290770798,182.51157320855,183.01023870912,                     195P    393
183.508904209689,184.007569710259,184.506235210829,                  195P    394
185.004900711399,185.503566211969,186.500897213108,                  195P    395
187.498228214248,187.996893714818,188.495559215388,                  195P    396
188.495559215388,188.495559215388,188.495559215388,1.,1.,1.,1.,      195P    397
1.,1.,1.,1.,1.,1.,1.,1.,1.,1.,1.,1.,1.,1.,1.,1.,1.,1.,1.,1.,1.,      195P    398
1.,1.,1.,1.,1.,1.,1.,1.,1.,1.,1.,1.,1.,1.,1.,1.,1.,1.,1.,1.,1.,      195P    399
1.,1.,1.,1.,1.,1.,1.,1.,1.,1.,1.,1.,1.,1.,1.,1.,1.,1.,1.,1.,1.,      195P    400
1.,1.,1.,1.,1.,1.,1.,1.,1.,1.,1.,1.,1.,1.,1.,1.,1.,1.,1.,1.,1.,      195P    401
1.,1.,1.,1.,1.,1.,1.,1.,1.,1.,1.,1.,1.,1.,1.,1.,1.,1.,1.,1.,1.,      195P    402
1.,1.,1.,1.,1.,1.,1.,1.,1.,1.,1.,1.,1.,1.,1.,1.,1.,1.,1.,1.,1.,      195P    403
1.,1.,1.,1.,1.,1.,1.,1.,1.,1.,1.,1.,1.,1.,1.,1.,1.,1.,1.,1.,1.,      195P    404
1.,1.,1.,1.,1.,1.,1.,1.,1.,1.,1.,1.,1.,1.,1.,1.,1.,1.,1.,1.,1.,      195P    405
1.,1.,1.,1.,1.,1.,1.,1.,1.,1.,1.,1.,1.,1.,1.,1.,1.,1.,1.,1.,1.,      195P    406
1.,1.,1.,1.,1.,1.,1.,1.,1.,1.,1.,1.,1.,1.,1.,1.,1.,1.,1.,1.,1.,      195P    407
1.,1.,1.,1.,1.,1.,1.,1.,1.,1.,1.,1.,1.,1.,1.,1.,1.,1.,1.,1.,1.,      195P    408
1.,1.,1.,1.,1.,1.,1.,1.,1.,1.,1.,1.,1.,1.,1.,1.,1.,1.,1.,1.,1.,      195P    409
1.,1.,1.,1.,1.,1.,1.,1.,1.,1.,1.,1.,1.,1.,1.,1.,1.,1.,1.,1.,1.,      195P    410
1.,1.,1.,1.,1.,1.,1.,1.,1.,1.,1.,1.,1.,1.,1.,1.,1.,1.,1.,1.,1.,      195P    411
1.,1.,1.,1.,1.,1.,1.,1.,1.,1.,1.,1.,1.,1.,1.,1.,1.,1.,1.,1.,1.,      195P    412
1.,1.,1.,1.,1.,1.,1.,-0.0625117086633099,0.,2.45000175776462,        195P    413
-0.0625117086633099,0.0103906947506381,2.44792944735898,             195P    414
-0.0571613315877165,0.0310396610414147,2.44378482654769,             195P    415
-0.0282362589913204,0.0629442645371213,2.43549558492511,             195P    416
0.0303558101700167,0.0673219826668067,2.4251340328969,               195P    417
0.0659019110267755,0.0204430555294094,2.41477248086867,              195P    418
0.0610684348697357,-0.022305673497248,2.4064832392461,               195P    419
0.0432034005659658,-0.0488479692917962,2.40026630802917,             195P    420
0.0144552032516615,-0.0635333996027149,2.39404937681224,             195P    421
-0.0176248848625682,-0.062723771374867,2.38783244559531,             195P    422
-0.0455123788616738,-0.0466497200781696,2.38161551437837,            195P    423
-0.0622569034474094,-0.0192041963660644,2.37539858316145,            195P    424
-0.0638819220551567,0.0129072460993294,2.36918165194451,             195P    425
-0.0498984025723276,0.0418936013543434,2.36296472072758,             195P    426
-0.0238409560015603,0.0606420036785302,2.35674778951065,             195P    427
0.00816891549593659,0.064687087922892,2.35053085829372,              195P    428
0.0379112790115834,0.0528499732962193,2.34431392707678,              195P    429
0.0659254225385579,0.0201950520575983,2.33602468545422,              195P    430
0.0630378879025367,-0.038521792568859,2.32566313342599,              195P    431
0.0121051699398523,-0.0678782748038095,2.31530158139778,             195P    432
-0.0297346172764237,-0.0578469527614216,2.3070123397752,             195P    433
-0.0538354364250007,-0.0367801709317682,2.30079540855827,            195P    434
-0.0648422206990411,-0.00645021650223661,2.29457847734134,           195P    435
-0.060039926018837,0.0252910233299209,2.28836154612441,              195P    436
-0.0406376599321188,0.0509580126860287,2.28214461490748,             195P    437
-0.0112967802755512,0.0641623796633475,2.27592768369054,             195P    438
0.0207172390808799,0.0617811888967258,2.26971075247361,              195P    439
0.0478375439574253,0.0443012984756255,2.26349382125668,              195P    440
0.0630131512095576,0.016116975701074,2.25727689003975,               195P    441
0.0634828463264477,-0.0269060640082619,2.24898764841717,             195P    442
0.0235285487796046,-0.0700291669283098,2.23862609638896,             195P    443
-0.0343582403347846,-0.059778920940596,2.22826454436073,             195P    444
-0.0599613322488405,-0.0252002532124035,2.21997530273817,            195P    445
-0.064882180683765,0.00642948475279036,2.21375837152123,             195P    446
-0.0538181392158376,0.0367386344067688,2.20754144030431,             195P    447
-0.0297364967264876,0.0579669628739862,2.20132450908737,             195P    448
0.00162492634352083,0.0651574895622823,2.19510757787044,             195P    449
0.0325889465207223,0.056412663355342,2.18889064665351,               195P    450
0.0555825088008916,0.0340103525793359,2.18267371543658,              195P    451
0.0651220103798346,0.00318738263022079,2.17645678421965,             195P    452
0.0586306666556811,-0.0281577530108556,2.17023985300271,             195P    453
0.0313357970612306,-0.0614172279814618,2.16195061138014,             195P    454
-0.0269899667511202,-0.0687693137363651,2.15158905935192,            195P    455
-0.0647450887935103,-0.023708259057044,2.1412275073237,              195P    456
-0.0621314558933928,0.0192378875054159,2.13293826570113,             195P    457
-0.0455698408364606,0.0466307328924731,2.12672133448419,             195P    458
-0.0176119474908044,0.0627370598032509,2.12050440326726,             195P    459
0.0144809674308878,0.0635195214434138,2.11428747205033,              195P    460
0.0431271927651109,0.0488690502874977,2.1080705408334,               195P    461
0.0612259424233983,0.0222668362481372,2.10185360961647,              195P    462
0.0644401052406703,-0.00967430637033279,2.09563667839954,            195P    463
0.0519351642382113,-0.0394179446381871,2.08941974718261,             195P    464
0.0268142416359687,-0.0592571562985602,2.08320281596568,             195P    465
-0.0154736199583282,-0.0671905882976219,2.0749135743431,             195P    466
-0.0648795768460362,-0.0353315344313501,2.06455202231488,            195P    467
-0.0648369906586231,0.023455760757838,2.05419047028666,              195P    468
-0.0352295808049993,0.0546744068409353,2.04590122866409,             195P    469
-0.00493486601270357,0.0650129428759063,2.03968429744716,            195P    470
0.0268350702018595,0.0593801176694439,2.03346736623023,              195P    471
0.051922625988463,0.0393505899904542,2.0272504350133,                195P    472
0.0644497663869862,0.00971423926326372,2.02103350379636,             195P    473
0.0612146394153884,-0.0222978910074162,2.01481657257943,             195P    474
0.0431454602664562,-0.0488322498516234,2.0085996413625,              195P    475
0.0144472775544166,-0.0635791775286125,2.00238271014557,             195P    476
-0.0175488650522898,-0.0626294775842863,1.99616577892864,            195P    477
-0.055042758229273,-0.0415247256090766,1.98787653730607,             195P    478
-0.072411311878502,0.0146382625003353,1.97751498527785,              195P    479
-0.0345909440116852,0.0596445694323947,1.96715343324963,             195P    480
0.00815660667523348,0.0645281635772292,1.95886419162705,             195P    481
0.0380091874633231,0.0529748743493285,1.95264726041012,              195P    482
0.0587256603084894,0.0282385585416047,1.94643032919319,              195P    483
0.0650691107903262,-0.0032309198521316,1.94021339797625,             195P    484
0.0556155780370235,-0.0339859722739952,1.93399646675933,             195P    485
0.0325603262999822,-0.0564291872471449,1.92777953554239,             195P    486
0.00166257492518845,-0.0651410409173346,1.92156260432547,            195P    487
-0.0298006508606946,-0.05799100664955,1.91534567310853,              195P    488
-0.0537006627486716,-0.0366967702592142,1.9091287418916,             195P    489
-0.0688567781926236,0.00357101768787488,1.90083950026903,            195P    490
-0.0460609893209273,0.0577586537219476,1.8904779482408,              195P    491
0.0118405897738409,0.067925021193982,1.88011639621259,               195P    492
0.0477262272415389,0.0441884754250822,1.87182715459001,              195P    493
0.0631683197001959,0.016149273364552,1.86561022337309,               195P    494
0.0631378612937624,-0.0161161359644713,1.85939329215615,             195P    495
0.0477690354907822,-0.0443006463882305,1.85317636093922,             195P    496
0.0207582426252374,-0.0617837696722433,1.84695942972229,             195P    497
-0.0113293253589041,-0.0641566396333749,1.84074249850536,            195P    498
-0.0405982477010368,-0.050969614975797,1.83452556728843,             195P    499
-0.0601045235407444,-0.0252681992609146,1.8283086360715,             195P    500
-0.0647253235285624,0.00640676370931662,1.82209170485457,            195P    501
-0.0504519463817981,0.046995842121229,1.81380246323199,              195P    502
0.00184178205078431,0.0738531289511272,1.80344091120377,             195P    503
0.0527317800106892,0.0444226006363829,1.79307935917555,              195P    504
0.0649642156635954,0.00317250852133856,1.78479011755298,             195P    505
0.0587702931116731,-0.0282327521066794,1.77857318633604,             195P    506
0.0380071552805179,-0.052929911341871,1.77235625511912,              195P    507
0.00811729759140763,-0.0646416081324342,1.76613932390218,            195P    508
-0.0238121052130662,-0.0606722545907343,1.75992239268525,            195P    509
-0.0499178597709333,-0.0418644873135226,1.75370546146832,            195P    510
-0.0638626990286829,-0.0129489397229115,1.74748853025139,            195P    511
-0.0622848216687075,0.0192778793866567,1.74127159903446,             195P    512
-0.0454642860875953,0.0465125017350109,1.73505466781753,             195P    513
-0.00844008814800234,0.0684307897254537,1.72676542619495,            195P    514
0.0488827631318063,0.0553909043579731,1.71640387416673,              195P    515
0.0689491843320814,0.000134351538807333,1.70604232213851,            195P    516
0.0518047255798215,-0.0393279103780445,1.69775308051594,             195P    517
0.0268729932171456,-0.059404359095107,1.69153614929901,              195P    518
-0.00490752109096079,-0.0649771929519697,1.68531921808208,           195P    519
-0.0353326140647003,-0.0547360430200209,1.67910228686515,            195P    520
-0.0572405043801053,-0.0311715172892208,1.67288535564821,            195P    521
-0.0651492728209275,1.65238922773417D-5,1.66666842443128,            195P    522
-0.0572450837259675,0.0311306883377589,1.66045149321435,             195P    523
-0.0353213595191953,0.0548036240194472,1.65423456199742,             195P    524
-0.00493000390698506,0.0648545232700172,1.64801763078049,            195P    525
0.0375209811313749,0.0578462102936251,1.63972838915791,              195P    526
0.0730509560720588,0.0110106600143931,1.6293668371297,               195P    527
0.0529044990196646,-0.0442167621369274,1.61900528510148,             195P    528
0.014405228651856,-0.0634263629305028,1.6107160434789,               195P    529
-0.0175984788637363,-0.0627800062570226,1.60449911226197,            195P    530
-0.0455259138029571,-0.0466209238387812,1.59828218104504,            195P    531
-0.0622500029216701,-0.0192188750551827,1.59206524982811,            195P    532
-0.0638854353903478,0.0129147193847449,1.58584831861118,             195P    533
-0.0498966170644942,0.041889803385238,1.57963138739425,              195P    534
-0.0238418575396334,0.0606439213461292,1.57341445617732,             195P    535
0.00816935930253297,0.0646861438991023,1.56719752496038,             195P    536
0.0379110818925938,0.0528503925892423,1.56098059374345,              195P    537
0.0659255663401258,0.0201947461763957,1.55269135212088,              195P    538
0.0630377947952527,-0.0385215945197829,1.54232980009266,             195P    539
0.0121052106479327,-0.0678783613942115,1.53196824806444,             195P    540
-0.0297346348585941,-0.0578469153622867,1.52367900644187,            195P    541
-0.0538354270989731,-0.0367801907691981,1.51746207522493,            195P    542
-0.0648422254823697,-0.00645020632763173,1.51124514400801,           195P    543
-0.0600399235798856,0.0252910181420959,1.50502821279107,             195P    544
-0.0406376611738903,0.050958015327242,1.49881128157414,              195P    545
-0.0112967796445131,0.0641623783213877,1.49259435035721,             195P    546
0.0207172387623403,0.0617811895736545,1.48637741914028,              195P    547
0.047837544114069,0.0443012981436723,1.48016048792335,               195P    548
0.0630131511403026,0.01611697584604,1.47394355670641,                195P    549
0.0634828463763081,-0.0269060641088848,1.46565431508384,             195P    550
0.023528548748908,-0.0700291668754436,1.45529276305562,              195P    551
-0.0343582403238128,-0.0597789209447369,1.44493121102741,            195P    552
-0.0599613322503709,-0.0252002532354624,1.43664196940483,            195P    553
-0.0648821806910143,0.00642948482745586,1.4304250381879,             195P    554
-0.0538181391961068,0.036738634244447,1.42420810697096,              195P    555
-0.0297364967680521,0.0579669632007543,1.41799117575403,             195P    556
0.0016249264265623,0.0651574889166292,1.4117742445371,               195P    557
0.0325889463569831,0.0564126646248005,1.40555731332017,              195P    558
0.0555825091223431,0.0340103500889659,1.39934038210324,              195P    559
0.0651220097529392,0.00318738748602431,1.39312345088631,             195P    560
0.0586306678376339,-0.0281577621655712,1.38690651966938,             195P    561
0.0313357943246109,-0.0614172067854256,1.3786172780468,              195P    562
-0.0269899604919099,-0.0687693622158774,1.36825572601858,            195P    563
-0.0647450984606953,-0.0237081841817816,1.35789417399036,            195P    564
-0.062131442641893,0.0192377848685816,1.34960493236779,              195P    565
-0.0455698706717588,0.0466309639757607,1.34338800115086,             195P    566
-0.0176118868841029,0.0627365903862609,1.33717106993393,             195P    567
0.0144808473986102,0.0635204511291608,1.330954138717,                195P    568
0.0431274289511338,0.0488672209569448,1.32473720750007,              195P    569
0.0612254785416576,0.0222704291431604,1.31852027628313,              195P    570
0.0644410150021785,-0.00968135266155719,1.3123033450662,             195P    571
0.0519333905952288,-0.0394042081681237,1.30608641384927,             195P    572
0.0268175842017295,-0.0592830352110359,1.29986948263234,             195P    573
-0.0154813392200793,-0.0671309596237003,1.29158024100977,            195P    574
-0.0648621946705764,-0.0354640466167119,1.28121868898155,            195P    575
-0.0648621946705767,0.0354640466167112,1.26878482654769,             195P    576
-0.0154813392200804,0.0671309596236998,1.25842327451947,             195P    577
0.0268175842017282,0.0592830352110367,1.25013403289689,              195P    578
0.0519333905952279,0.0394042081681246,1.24391710167996,              195P    579
0.0644410150021783,0.00968135266155864,1.23770017046303,             195P    580
0.061225478541658,-0.0222704291431594,1.2314832392461,               195P    581
0.0431274289511345,-0.0488672209569444,1.22526630802917,             195P    582
0.0144808473986109,-0.0635204511291605,1.21904937681224,             195P    583
-0.0176118868841018,-0.0627365903862611,1.2128324455953,             195P    584
-0.0455698706717578,-0.0466309639757617,1.20661551437837,            195P    585
-0.0621314426418926,-0.0192377848685829,1.20039858316144,            195P    586
-0.0647450984606958,0.0237081841817801,1.19210934153887,             195P    587
-0.0269899604919112,0.0687693622158773,1.18174778951065,             195P    588
0.0313357943246107,0.0614172067854259,1.17138623748243,              195P    589
0.0586306678376338,0.0281577621655714,1.16309699585985,              195P    590
0.0651220097529391,-0.00318738748602385,1.15688006464292,            195P    591
0.0555825091223435,-0.0340103500889649,1.15066313342599,             195P    592
0.0325889463569844,-0.0564126646247998,1.14444620220906,             195P    593
0.00162492642656365,-0.0651574889166292,1.13822927099213,            195P    594
-0.0297364967680508,-0.057966963200755,1.1320123397752,              195P    595
-0.053818139196106,-0.0367386342444481,1.12579540855827,             195P    596
-0.064882180691014,-0.00642948482745729,1.11957847734134,            195P    597
-0.0599613322503715,0.0252002532354614,1.1133615461244,              195P    598
-0.0343582403238136,0.0597789209447366,1.10507230450183,             195P    599
0.0235285487489071,0.0700291668754437,1.09471075247361,              195P    600
0.0634828463763075,0.0269060641088859,1.08434920044539,              195P    601
0.0630131511403029,-0.0161169758460387,1.07605995882282,             195P    602
0.04783754411407,-0.0443012981436712,1.06984302760589,               195P    603
0.0207172387623417,-0.061781189573654,1.06362609638895,              195P    604
-0.0112967796445117,-0.064162378321388,1.05740916517202,             195P    605
-0.0406376611738895,-0.0509580153272427,1.05119223395509,            195P    606
-0.0600399235798853,-0.0252910181420967,1.04497530273816,            195P    607
-0.0648422254823698,0.00645020632763095,1.03875837152123,            195P    608
-0.0538354270989736,0.0367801907691971,1.0325414403043,              195P    609
-0.0297346348585954,0.0578469153622861,1.02632450908737,             195P    610
0.0121052106479312,0.0678783613942118,1.01803526746479,              195P    611
0.0630377947952522,0.038521594519784,1.00767371543657,               195P    612
0.0659255663401261,-0.0201947461763946,0.997312163408355,            195P    613
0.0379110818925945,-0.0528503925892418,0.98902292178578,             195P    614
0.00816935930253375,-0.0646861438991023,0.982805990568848,           195P    615
-0.0238418575396327,-0.0606439213461295,0.976589059351919,           195P    616
-0.0498966170644934,-0.0418898033852387,0.970372128134984,           195P    617
-0.0638854353903476,-0.0129147193847463,0.964155196918056,           195P    618
-0.0622500029216706,0.0192188750551813,0.957938265701123,            195P    619
-0.045525913802958,0.0466209238387802,0.951721334484193,             195P    620
-0.0175984788637374,0.0627800062570224,0.945504403267263,            195P    621
0.0144052286518552,0.063426362930503,0.939287472050328,              195P    622
0.052904499019664,0.044216762136928,0.930998230427758,               195P    623
0.0730509560720588,-0.0110106600143919,0.920636678399533,            195P    624
0.0375209811313761,-0.0578462102936243,0.910275126371319,            195P    625
-0.00493000390698366,-0.0648545232700174,0.901985884748742,          195P    626
-0.0353213595191943,-0.0548036240194478,0.895768953531812,           195P    627
-0.0572450837259672,-0.0311306883377599,0.88955202231488,            195P    628
-0.0651492728209275,-1.65238922778775D-5,0.883335091097949,          195P    629
-0.0572405043801055,0.0311715172892201,0.877118159881017,            195P    630
-0.0353326140647011,0.0547360430200204,0.870901228664088,            195P    631
-0.00490752109096189,0.0649771929519695,0.864684297447155,           195P    632
0.0268729932171448,0.0594043590951075,0.858467366230224,             195P    633
0.0518047255798211,0.039327910378045,0.852250435013293,              195P    634
0.0689491843320812,-0.000134351538806547,0.843961193390716,          195P    635
0.0488827631318072,-0.0553909043579723,0.833599641362501,            195P    636
-0.0084400881480008,-0.0684307897254537,0.823238089334279,           195P    637
-0.045464286087594,-0.0465125017350121,0.814948847711706,            195P    638
-0.062284821668707,-0.0192778793866585,0.808731916494774,            195P    639
-0.0638626990286832,0.01294893972291,0.802514985277845,              195P    640
-0.0499178597709341,0.0418644873135216,0.79629805406091,             195P    641
-0.0238121052130672,0.0606722545907341,0.790081122843981,            195P    642
0.00811729759140721,0.0646416081324343,0.783864191627049,            195P    643
0.0380071552805173,0.0529299113418712,0.777647260410117,             195P    644
0.0587702931116726,0.0282327521066802,0.771430329193188,             195P    645
0.0649642156635956,-0.00317250852133728,0.765213397976255,           195P    646
0.05273178001069,-0.0444226006363818,0.756924156353682,              195P    647
0.00184178205078604,-0.073853128951127,0.746562604325461,            195P    648
-0.0504519463817973,-0.0469958421212301,0.736201052297244,           195P    649
-0.0647253235285624,-0.00640676370931757,0.727911810674668,          195P    650
-0.0601045235407447,0.0252681992609141,0.721694879457737,            195P    651
-0.0405982477010374,0.0509696149757963,0.715477948240806,            195P    652
-0.0113293253589054,0.0641566396333746,0.709261017023874,            195P    653
0.0207582426252361,0.0617837696722438,0.703044085806944,             195P    654
0.0477690354907816,0.0443006463882313,0.696827154590012,             195P    655
0.0631378612937624,0.0161161359644717,0.690610223373081,             195P    656
0.0631683197001959,-0.0161492733645514,0.684393292156149,            195P    657
0.0477262272415395,-0.0441884754250814,0.678176360939219,            195P    658
0.011840589773842,-0.067925021193982,0.669887119316642,              195P    659
-0.0460609893209261,-0.0577586537219483,0.659525567288425,           195P    660
-0.0688567781926236,-0.00357101768787627,0.649164015260206,          195P    661
-0.0537006627486723,0.0366967702592131,0.640874773637631,            195P    662
-0.0298006508606956,0.0579910066495496,0.6346578424207,              195P    663
0.00166257492518786,0.0651410409173347,0.628440911203768,            195P    664
0.0325603262999813,0.0564291872471452,0.622223979986837,             195P    665
0.0556155780370228,0.0339859722739964,0.616007048769906,             195P    666
0.0650691107903261,0.00323091985213294,0.609790117552975,            195P    667
0.0587256603084899,-0.0282385585416038,0.603573186336043,            195P    668
0.0380091874633236,-0.0529748743493282,0.597356255119113,            195P    669
0.00815660667523438,-0.0645281635772289,0.59113932390218,            195P    670
-0.0345909440116842,-0.0596445694323953,0.582850082279606,           195P    671
-0.072411311878502,-0.0146382625003365,0.572488530251387,            195P    672
-0.0550427582292735,0.0415247256090756,0.562126978223169,            195P    673
-0.017548865052291,0.062629477584286,0.553837736600593,              195P    674
0.0144472775544151,0.0635791775286129,0.547620805383663,             195P    675
0.0431454602664553,0.0488322498516242,0.541403874166731,             195P    676
0.0612146394153883,0.0222978910074172,0.5351869429498,               195P    677
0.0644497663869862,-0.0097142392632627,0.528970011732869,            195P    678
0.0519226259884638,-0.0393505899904531,0.522753080515937,            195P    679
0.0268350702018609,-0.0593801176694433,0.516536149299006,            195P    680
-0.00493486601270226,-0.0650129428759064,0.510319218082075,          195P    681
-0.0352295808049987,-0.054674406840936,0.504102286865144,            195P    682
-0.0648369906586226,-0.0234557607578389,0.495813045242569,           195P    683
-0.0648795768460368,0.0353315344313489,0.48545149321435,             195P    684
-0.0154736199583292,0.0671905882976218,0.475089941186131,            195P    685
0.0268142416359682,0.0592571562985605,0.466800699563556,             195P    686
0.0519351642382113,0.0394179446381874,0.460583768346625,             195P    687
0.0644401052406702,0.00967430637033329,0.454366837129694,            195P    688
0.0612259424233985,-0.0222668362481364,0.448149905912762,            195P    689
0.0431271927651116,-0.0488690502874971,0.441932974695832,            195P    690
0.0144809674308888,-0.0635195214434135,0.435716043478899,            195P    691
-0.017611947490803,-0.0627370598032511,0.42949911226197,             195P    692
-0.0455698408364595,-0.0466307328924742,0.423282181045038,           195P    693
-0.0621314558933924,-0.0192378875054171,0.417065249828106,           195P    694
-0.0647450887935108,0.0237082590570431,0.408776008205532,            195P    695
-0.0269899667511209,0.0687693137363647,0.398414456177313,            195P    696
0.0313357970612296,0.0614172279814621,0.388052904149094,             195P    697
0.0586306666556807,0.0281577530108565,0.379763662526519,             195P    698
0.0651220103798345,-0.00318738263021946,0.373546731309587,           195P    699
0.0555825088008925,-0.0340103525793345,0.367329800092657,            195P    700
0.0325889465207239,-0.0564126633553411,0.361112868875726,            195P    701
0.00162492634352226,-0.0651574895622823,0.354895937658794,           195P    702
-0.0297364967264868,-0.0579669628739867,0.348679006441863,           195P    703
-0.0538181392158373,-0.0367386344067693,0.342462075224931,           195P    704
-0.064882180683765,-0.0064294847527906,0.336245144008001,            195P    705
-0.0599613322488405,0.0252002532124029,0.330028212791069,            195P    706
-0.0343582403347853,0.0597789209405957,0.321738971168495,            195P    707
0.0235285487796033,0.0700291669283101,0.311377419140275,             195P    708
0.0634828463264469,0.0269060640082632,0.301015867112057,             195P    709
0.0630131512095581,-0.0161169757010725,0.292726625489482,            195P    710
0.0478375439574261,-0.0443012984756247,0.286509694272551,            195P    711
0.0207172390808807,-0.0617811888967256,0.28029276305562,             195P    712
-0.0112967802755508,-0.0641623796633477,0.274075831838688,           195P    713
-0.0406376599321183,-0.050958012686029,0.267858900621757,            195P    714
-0.0600399260188365,-0.0252910233299216,0.261641969404826,           195P    715
-0.0648422206990413,0.00645021650223539,0.255425038187894,           195P    716
-0.0538354364250015,0.0367801709317671,0.249208106970963,            195P    717
-0.0297346172764252,0.0578469527614206,0.242991175754032,            195P    718
0.0121051699398504,0.06787827480381,0.234701934131457,               195P    719
0.0630378879025362,0.0385217925688604,0.224340382103238,             195P    720
0.0659254225385583,-0.0201950520575978,0.213978830075019,            195P    721
0.0379112790115839,-0.0528499732962187,0.205689588452445,            195P    722
0.00816891549593762,-0.0646870879228919,0.199472657235513,           195P    723
-0.0238409560015592,-0.0606420036785308,0.193255726018582,           195P    724
-0.049898402572327,-0.0418936013543441,0.187038794801651,            195P    725
-0.0638819220551567,-0.0129072460993301,0.18082186358472,            195P    726
-0.0622569034474095,0.0192041963660636,0.174604932367788,            195P    727
-0.0455123788616745,0.0466497200781688,0.168388001150857,            195P    728
-0.0176248848625694,0.0627237713748667,0.162171069933926,            195P    729
0.0144552032516605,0.0635333996027152,0.155954138716995,             195P    730
0.0432034005659654,0.0488479692917966,0.149737207500063,             195P    731
0.0610684348697353,0.0223056734972488,0.143520276283132,             195P    732
0.0659019110267758,-0.0204430555294083,0.135231034660558,            195P    733
0.0303558101700178,-0.0673219826668065,0.124869482632338,            195P    734
-0.0282362589913194,-0.0629442645371217,0.11450793060412,            195P    735
-0.057161331587716,-0.0310396610414157,0.106218688981545,            195P    736
-0.0625117086633097,-0.0103906947506396,0.102074068170258,           195P    737
-0.0625117086633099,-1.34767339335586D-15,0.100001757764614,0.,      195P    738
188.495559215388,0.,0.,0.;                                           195P    739
126,8,2,0,1,0,0,-3.14159265358979,-3.14159265358979,                 197P    740
-3.14159265358979,-1.5707963267949,-1.5707963267949,0.,0.,           197P    741
1.5707963267949,1.5707963267949,3.14159265358979,                    197P    742
3.14159265358979,3.14159265358979,1.,0.707106781186549,1.,           197P    743
0.707106781186544,1.,0.707106781186547,1.,0.707106781186547,1.,      197P    744
-0.0625,-1.34742096938038D-15,0.0999999999999998,-0.0625,            197P    745
-1.34742096938038D-15,0.1125,-0.05,-1.07793677550431D-15,0.1125,     197P    746
-0.0375,-8.08452581628229D-16,0.1125,-0.0375,                        197P    747
-8.08452581628229D-16,0.0999999999999998,-0.0375,                    197P    748
-8.08452581628229D-16,0.0874999999999998,-0.05,                      197P    749
-1.07793677550431D-15,0.0874999999999998,-0.0625,                    197P    750
-1.34742096938038D-15,0.0874999999999998,-0.0625,                    197P    751
-1.34742096938038D-15,0.0999999999999998,-3.14159265358979,          197P    752
3.14159265358979,0.,0.,0.;                                           197P    753
126,1,1,0,0,1,0,0.,0.,0.254000008106232,0.254000008106232,1.,1.,     199P    754
-0.150000004787145,0.600000019148579,0.,-0.250000007978574,          199P    755
0.600000019148579,0.,0.,0.254000008106232,0.,0.,0.;                  199P    756
126,1,1,0,0,1,0,0.,0.,0.127,0.127,1.,1.,-0.250000007978574,          201P    757
0.600000019148579,0.,-0.250000007978574,0.600000019148579,-0.05,     201P    758
0.,0.127,0.,0.,0.;                                                   201P    759
126,1,1,0,0,1,0,0.,0.,0.254000008106232,0.254000008106232,1.,1.,     203P    760
-0.150000004787145,0.600000019148579,-0.05,-0.250000007978574,       203P    761
0.600000019148579,-0.05,0.,0.254000008106232,0.,0.,0.;               203P    762
126,1,1,0,0,1,0,0.,0.,0.127,0.127,1.,1.,-0.150000004787145,          205P    763
0.600000019148579,0.,-0.150000004787145,0.600000019148579,-0.05,     205P    764
0.,0.127,0.,0.,0.;                                                   205P    765
126,1,1,0,0,1,0,0.,0.,0.381000012159348,0.381000012159348,1.,1.,     207P    766
-0.150000004787145,0.750000023935723,0.,-0.150000004787145,          207P    767
0.600000019148579,0.,0.,0.381000012159348,0.,0.,0.;                  207P    768
126,1,1,0,0,1,0,0.,0.,0.381000012159348,0.381000012159348,1.,1.,     209P    769
-0.150000004787145,0.750000023935723,-0.05,-0.150000004787145,       209P    770
0.600000019148579,-0.05,0.,0.381000012159348,0.,0.,0.;               209P    771
126,1,1,0,0,1,0,0.,0.,0.127,0.127,1.,1.,-0.150000004787145,          211P    772
0.750000023935723,0.,-0.150000004787145,0.750000023935723,-0.05,     211P    773
0.,0.127,0.,0.,0.;                                                   211P    774
126,1,1,0,0,1,0,0.,0.,0.254000008106232,0.254000008106232,1.,1.,     213P    775
-0.250000007978574,0.750000023935723,0.,-0.150000004787145,          213P    776
0.750000023935723,0.,0.,0.254000008106232,0.,0.,0.;                  213P    777
126,1,1,0,0,1,0,0.,0.,0.254000008106232,0.254000008106232,1.,1.,     215P    778
-0.250000007978574,0.750000023935723,-0.05,-0.150000004787145,       215P    779
0.750000023935723,-0.05,0.,0.254000008106232,0.,0.,0.;               215P    780
126,1,1,0,0,1,0,0.,0.,0.127,0.127,1.,1.,-0.250000007978574,          217P    781
0.750000023935723,0.,-0.250000007978574,0.750000023935723,-0.05,     217P    782
0.,0.127,0.,0.,0.;                                                   217P    783
126,1,1,0,0,1,0,0.,0.,0.381000012159348,0.381000012159348,1.,1.,     219P    784
-0.250000007978574,0.600000019148579,0.,-0.250000007978574,          219P    785
0.750000023935723,0.,0.,0.381000012159348,0.,0.,0.;                  219P    786
126,1,1,0,0,1,0,0.,0.,0.381000012159348,0.381000012159348,1.,1.,     221P    787
-0.250000007978574,0.600000019148579,-0.05,-0.250000007978574,       221P    788
0.750000023935723,-0.05,0.,0.381000012159348,0.,0.,0.;               221P    789
126,1,1,0,0,1,0,0.,0.,0.381000012159348,0.381000012159348,1.,1.,     223P    790
0.250000007978574,0.600000019148579,0.,0.250000007978574,            223P    791
0.750000023935723,0.,0.,0.381000012159348,0.,0.,0.;                  223P    792
126,1,1,0,0,1,0,0.,0.,0.127,0.127,1.,1.,0.250000007978574,           225P    793
0.600000019148579,0.,0.250000007978574,0.600000019148579,-0.05,      225P    794
0.,0.127,0.,0.,0.;                                                   225P    795
126,1,1,0,0,1,0,-0.381000012159348,-0.381000012159348,0.,0.,1.,      227P    796
1.,0.250000007978574,0.750000023935723,-0.05,0.250000007978574,      227P    797
0.600000019148579,-0.05,-0.381000012159348,0.,0.,0.,0.;              227P    798
126,1,1,0,0,1,0,0.,0.,0.127,0.127,1.,1.,0.250000007978574,           229P    799
0.750000023935723,0.,0.250000007978574,0.750000023935723,-0.05,      229P    800
0.,0.127,0.,0.,0.;                                                   229P    801
126,1,1,0,0,1,0,0.,0.,0.254000008106232,0.254000008106232,1.,1.,     231P    802
0.250000007978574,0.750000023935723,0.,0.150000004787145,            231P    803
0.750000023935723,0.,0.,0.254000008106232,0.,0.,0.;                  231P    804
126,1,1,0,0,1,0,-0.254000008106232,-0.254000008106232,0.,0.,1.,      233P    805
1.,0.150000004787145,0.750000023935723,-0.05,0.250000007978574,      233P    806
0.750000023935723,-0.05,-0.254000008106232,0.,0.,0.,0.;              233P    807
126,1,1,0,0,1,0,0.,0.,0.127,0.127,1.,1.,0.150000004787145,           235P    808
0.750000023935723,0.,0.150000004787145,0.750000023935723,-0.05,      235P    809
0.,0.127,0.,0.,0.;                                                   235P    810
126,1,1,0,0,1,0,0.,0.,0.381000012159348,0.381000012159348,1.,1.,     237P    811
0.150000004787145,0.750000023935723,0.,0.150000004787145,            237P    812
0.600000019148579,0.,0.,0.381000012159348,0.,0.,0.;                  237P    813
126,1,1,0,0,1,0,-0.381000012159348,-0.381000012159348,0.,0.,1.,      239P    814
1.,0.150000004787145,0.600000019148579,-0.05,0.150000004787145,      239P    815
0.750000023935723,-0.05,-0.381000012159348,0.,0.,0.,0.;              239P    816
126,1,1,0,0,1,0,0.,0.,0.127,0.127,1.,1.,0.150000004787145,           241P    817
0.600000019148579,0.,0.150000004787145,0.600000019148579,-0.05,      241P    818
0.,0.127,0.,0.,0.;                                                   241P    819
126,1,1,0,0,1,0,0.,0.,0.254000008106232,0.254000008106232,1.,1.,     243P    820
0.150000004787145,0.600000019148579,0.,0.250000007978574,            243P    821
0.600000019148579,0.,0.,0.254000008106232,0.,0.,0.;                  243P    822
126,1,1,0,0,1,0,-0.254000008106232,-0.254000008106232,0.,0.,1.,      245P    823
1.,0.250000007978574,0.600000019148579,-0.05,0.150000004787145,      245P    824
0.600000019148579,-0.05,-0.254000008106232,0.,0.,0.,0.;              245P    825
128,1,8,1,2,0,1,0,0,1,0.,0.,0.199999993617141,0.199999993617141,     247P    826
-3.14159265358979,-3.14159265358979,-3.14159265358979,               247P    827
-1.5707963267949,-1.5707963267949,0.,0.,1.5707963267949,             247P    828
1.5707963267949,3.14159265358979,3.14159265358979,                   247P    829
3.14159265358979,1.,1.,0.707106781186548,0.707106781186548,1.,       247P    830
1.,0.707106781186548,0.707106781186548,1.,1.,0.707106781186548,      247P    831
0.707106781186548,1.,1.,0.707106781186548,0.707106781186548,1.,      247P    832
1.,-0.0500000015957149,0.,-0.06,-0.0500000015957149,0.,-0.05,        247P    833
-0.0500000015957149,0.0500000015957149,-0.06,                        247P    834
-0.0500000015957149,0.0500000015957149,-0.05,0.,                     247P    835
0.0500000015957149,-0.06,0.,0.0500000015957149,-0.05,                247P    836
0.0500000015957149,0.0500000015957149,-0.06,0.0500000015957149,      247P    837
0.0500000015957149,-0.05,0.0500000015957149,0.,-0.06,                247P    838
0.0500000015957149,0.,-0.05,0.0500000015957149,                      247P    839
-0.0500000015957149,-0.06,0.0500000015957149,                        247P    840
-0.0500000015957149,-0.05,0.,-0.0500000015957149,-0.06,0.,           247P    841
-0.0500000015957149,-0.05,-0.0500000015957149,                       247P    842
-0.0500000015957149,-0.06,-0.0500000015957149,                       247P    843
-0.0500000015957149,-0.05,-0.0500000015957149,0.,-0.06,              247P    844
-0.0500000015957149,0.,-0.05,0.,0.199999993617141,                   247P    845
-3.14159265358979,3.14159265358979;                                  247P    846
128,1,1,1,1,0,0,1,0,0,-0.128000004053116,-0.128000004053116,         249P    847
0.128000004053116,0.128000004053116,-0.128000004053116,              249P    848
-0.128000004053116,0.128000004053116,0.128000004053116,1.,1.,1.,     249P    849
1.,-0.0503937023831165,0.0503937023831165,-0.06,                     249P    850
0.0503937023831165,0.0503937023831165,-0.06,-0.0503937023831165,     249P    851
-0.0503937023831165,-0.06,0.0503937023831165,                        249P    852
-0.0503937023831165,-0.06,-0.128000004053116,0.128000004053116,      249P    853
-0.128000004053116,0.128000004053116;                                249P    854
128,2,8,2,2,0,1,0,0,1,0.,0.,0.,1.5707963267949,1.5707963267949,      251P    855
1.5707963267949,-3.14159265358979,-3.14159265358979,                 251P    856
-3.14159265358979,-1.5707963267949,-1.5707963267949,0.,0.,           251P    857
1.5707963267949,1.5707963267949,3.14159265358979,                    251P    858
3.14159265358979,3.14159265358979,1.,0.707106781186548,1.,           251P    859
0.707106781186548,0.500000000000001,0.707106781186548,1.,            251P    860
0.707106781186548,1.,0.707106781186548,0.500000000000001,            251P    861
0.707106781186548,1.,0.707106781186548,1.,0.707106781186548,         251P    862
0.500000000000001,0.707106781186548,1.,0.707106781186548,1.,         251P    863
0.707106781186548,0.500000000000001,0.707106781186548,1.,            251P    864
0.707106781186548,1.,0.120000004787145,0.,-0.05,                     251P    865
0.150000004787145,0.,-0.05,0.150000004787145,0.,-0.02,               251P    866
0.120000004787145,-0.120000004787145,-0.05,0.150000004787145,        251P    867
-0.150000004787145,-0.05,0.150000004787145,-0.150000004787145,       251P    868
-0.02,0.,-0.120000004787145,-0.05,0.,-0.150000004787145,-0.05,       251P    869
0.,-0.150000004787145,-0.02,-0.120000004787145,                      251P    870
-0.120000004787145,-0.05,-0.150000004787145,-0.150000004787145,      251P    871
-0.05,-0.150000004787145,-0.150000004787145,-0.02,                   251P    872
-0.120000004787145,0.,-0.05,-0.150000004787145,0.,-0.05,             251P    873
-0.150000004787145,0.,-0.02,-0.120000004787145,                      251P    874
0.120000004787145,-0.05,-0.150000004787145,0.150000004787145,        251P    875
-0.05,-0.150000004787145,0.150000004787145,-0.02,0.,                 251P    876
0.120000004787145,-0.05,0.,0.150000004787145,-0.05,0.,               251P    877
0.150000004787145,-0.02,0.120000004787145,0.120000004787145,         251P    878
-0.05,0.150000004787145,0.150000004787145,-0.05,                     251P    879
0.150000004787145,0.150000004787145,-0.02,0.120000004787145,0.,      251P    880
-0.05,0.150000004787145,0.,-0.05,0.150000004787145,0.,-0.02,0.,      251P    881
1.5707963267949,-3.14159265358979,3.14159265358979;                  251P    882
128,1,8,1,2,0,1,0,0,1,0.,0.,0.133333329078094,0.133333329078094,     253P    883
-3.14159265358979,-3.14159265358979,-3.14159265358979,               253P    884
-1.5707963267949,-1.5707963267949,0.,0.,1.5707963267949,             253P    885
1.5707963267949,3.14159265358979,3.14159265358979,                   253P    886
3.14159265358979,1.,1.,0.707106781186548,0.707106781186548,1.,       253P    887
1.,0.707106781186548,0.707106781186548,1.,1.,0.707106781186548,      253P    888
0.707106781186548,1.,1.,0.707106781186548,0.707106781186548,1.,      253P    889
1.,-0.150000004787145,0.,-0.02,-0.150000004787145,0.,0.,             253P    890
-0.150000004787145,0.150000004787145,-0.02,-0.150000004787145,       253P    891
0.150000004787145,0.,0.,0.150000004787145,-0.02,0.,                  253P    892
0.150000004787145,0.,0.150000004787145,0.150000004787145,-0.02,      253P    893
0.150000004787145,0.150000004787145,0.,0.150000004787145,0.,         253P    894
-0.02,0.150000004787145,0.,0.,0.150000004787145,                     253P    895
-0.150000004787145,-0.02,0.150000004787145,-0.150000004787145,       253P    896
0.,0.,-0.150000004787145,-0.02,0.,-0.150000004787145,0.,             253P    897
-0.150000004787145,-0.150000004787145,-0.02,-0.150000004787145,      253P    898
-0.150000004787145,0.,-0.150000004787145,0.,-0.02,                   253P    899
-0.150000004787145,0.,0.,0.,0.133333329078094,-3.14159265358979,     253P    900
3.14159265358979;                                                    253P    901
128,1,1,1,1,0,0,1,0,0,-0.305800012159348,-0.305800012159348,         255P    902
0.305800012159348,0.305800012159348,-0.305800012159348,              255P    903
-0.305800012159348,0.305800012159348,0.305800012159348,1.,1.,1.,     255P    904
1.,-0.120393705574546,0.120393705574546,-0.05,0.120393705574546,     255P    905
0.120393705574546,-0.05,-0.120393705574546,-0.120393705574546,       255P    906
-0.05,0.120393705574546,-0.120393705574546,-0.05,                    255P    907
-0.305800012159348,0.305800012159348,-0.305800012159348,             255P    908
0.305800012159348;                                                   255P    909
128,1,8,1,2,0,1,0,0,1,0.,0.,17.8669824563162,17.8669824563162,       257P    910
-3.14159265358979,-3.14159265358979,-3.14159265358979,               257P    911
-1.5707963267949,-1.5707963267949,0.,0.,1.5707963267949,             257P    912
1.5707963267949,3.14159265358979,3.14159265358979,                   257P    913
3.14159265358979,1.,1.,0.707106781186548,0.707106781186548,1.,       257P    914
1.,0.707106781186548,0.707106781186548,1.,1.,0.707106781186548,      257P    915
0.707106781186548,1.,1.,0.707106781186548,0.707106781186548,1.,      257P    916
1.,0.0671629920124415,0.,0.0499999999999999,0.0671629920124415,      257P    917
0.,1.25,0.0671629920124415,0.0671629920124415,                       257P    918
0.0499999999999999,0.0671629920124415,0.0671629920124415,1.25,       257P    919
0.,0.0671629920124415,0.0499999999999999,0.,0.0671629920124415,      257P    920
1.25,-0.0671629920124415,0.0671629920124415,0.0499999999999999,      257P    921
-0.0671629920124415,0.0671629920124415,1.25,-0.0671629920124415,     257P    922
0.,0.0499999999999999,-0.0671629920124415,0.,1.25,                   257P    923
-0.0671629920124415,-0.0671629920124415,0.0499999999999999,          257P    924
-0.0671629920124415,-0.0671629920124415,1.25,0.,                     257P    925
-0.0671629920124415,0.0499999999999999,0.,-0.0671629920124415,       257P    926
1.25,0.0671629920124415,-0.0671629920124415,0.0499999999999999,      257P    927
0.0671629920124415,-0.0671629920124415,1.25,0.0671629920124415,      257P    928
0.,0.0499999999999999,0.0671629920124415,0.,1.25,0.,                 257P    929
17.8669824563162,-3.14159265358979,3.14159265358979;                 257P    930
128,1,1,1,1,0,0,1,0,0,-2.28700008106232,-2.28700008106232,           259P    931
2.28700008106232,2.28700008106232,-2.28700008106232,                 259P    932
-2.28700008106232,2.28700008106232,2.28700008106232,1.,1.,1.,1.,     259P    933
0.900393732701699,0.900393732701699,1.25,-0.900393732701699,         259P    934
0.900393732701699,1.25,0.900393732701699,-0.900393732701699,         259P    935
1.25,-0.900393732701699,-0.900393732701699,1.25,                     259P    936
-2.28700008106232,2.28700008106232,-2.28700008106232,                259P    937
2.28700008106232;                                                    259P    938
128,1,1,1,1,0,0,1,0,0,-0.171593999711601,-0.171593999711601,         261P    939
0.171593999711601,0.171593999711601,-0.171593999711601,              261P    940
-0.171593999711601,0.171593999711601,0.171593999711601,1.,1.,1.,     261P    941
1.,0.0675566927998431,0.0675566927998431,0.0499999999999999,         261P    942
-0.0675566927998431,0.0675566927998431,0.0499999999999999,           261P    943
0.0675566927998431,-0.0675566927998431,0.0499999999999999,           261P    944
-0.0675566927998431,-0.0675566927998431,0.0499999999999999,          261P    945
-0.171593999711601,0.171593999711601,-0.171593999711601,             261P    946
0.171593999711601;                                                   261P    947
128,1,8,1,2,0,1,0,0,1,-0.0744322902560006,-0.0744322902560006,       263P    948
0.0744322902560004,0.0744322902560004,-3.14159265358979,             263P    949
-3.14159265358979,-3.14159265358979,-1.5707963267949,                263P    950
-1.5707963267949,0.,0.,1.5707963267949,1.5707963267949,              263P    951
3.14159265358979,3.14159265358979,3.14159265358979,1.,1.,            263P    952
0.707106781186548,0.707106781186548,1.,1.,0.707106781186548,         263P    953
0.707106781186548,1.,1.,0.707106781186548,0.707106781186548,1.,      263P    954
1.,0.707106781186548,0.707106781186548,1.,1.,-1.0000000319143,       263P    955
0.,0.1,-0.900000031914298,0.,-5.46369598732853D-17,                  263P    956
-1.0000000319143,-1.0000000319143,0.1,-0.900000031914298,            263P    957
-0.900000031914298,-5.46369598732853D-17,0.,-1.0000000319143,        263P    958
0.1,0.,-0.900000031914298,-5.46369598732853D-17,1.0000000319143,     263P    959
-1.0000000319143,0.1,0.900000031914298,-0.900000031914298,           263P    960
-5.46369598732853D-17,1.0000000319143,0.,0.1,0.900000031914298,      263P    961
0.,-5.46369598732853D-17,1.0000000319143,1.0000000319143,0.1,        263P    962
0.900000031914298,0.900000031914298,-5.46369598732853D-17,0.,        263P    963
1.0000000319143,0.1,0.,0.900000031914298,-5.46369598732853D-17,      263P    964
-1.0000000319143,1.0000000319143,0.1,-0.900000031914298,             263P    965
0.900000031914298,-5.46369598732853D-17,-1.0000000319143,0.,0.1,     263P    966
-0.900000031914298,0.,-5.46369598732853D-17,-0.0744322902560006,     263P    967
0.0744322902560004,-3.14159265358979,3.14159265358979;               263P    968
128,1,8,1,2,0,1,0,0,1,0.0999999968085703,0.0999999968085703,         265P    969
1.14999996329856,1.14999996329856,-3.14159265358979,                 265P    970
-3.14159265358979,-3.14159265358979,-1.5707963267949,                265P    971
-1.5707963267949,0.,0.,1.5707963267949,1.5707963267949,              265P    972
3.14159265358979,3.14159265358979,3.14159265358979,1.,1.,            265P    973
0.707106781186548,0.707106781186548,1.,1.,0.707106781186548,         265P    974
0.707106781186548,1.,1.,0.707106781186548,0.707106781186548,1.,      265P    975
1.,0.707106781186548,0.707106781186548,1.,1.,-1.0000000319143,       265P    976
0.,1.15,-1.0000000319143,0.,0.1,-1.0000000319143,                    265P    977
-1.0000000319143,1.15,-1.0000000319143,-1.0000000319143,0.1,0.,      265P    978
-1.0000000319143,1.15,0.,-1.0000000319143,0.1,1.0000000319143,       265P    979
-1.0000000319143,1.15,1.0000000319143,-1.0000000319143,0.1,          265P    980
1.0000000319143,0.,1.15,1.0000000319143,0.,0.1,1.0000000319143,      265P    981
1.0000000319143,1.15,1.0000000319143,1.0000000319143,0.1,0.,         265P    982
1.0000000319143,1.15,0.,1.0000000319143,0.1,-1.0000000319143,        265P    983
1.0000000319143,1.15,-1.0000000319143,1.0000000319143,0.1,           265P    984
-1.0000000319143,0.,1.15,-1.0000000319143,0.,0.1,                    265P    985
0.0999999968085703,1.14999996329856,-3.14159265358979,               265P    986
3.14159265358979;                                                    265P    987
128,1,1,1,1,0,0,1,0,0,-2.28700008106232,-2.28700008106232,           267P    988
2.28700008106232,2.28700008106232,-2.28700008106232,                 267P    989
-2.28700008106232,2.28700008106232,2.28700008106232,1.,1.,1.,1.,     267P    990
0.900393732701699,-0.900393732701699,0.,-0.900393732701699,          267P    991
-0.900393732701699,0.,0.900393732701699,0.900393732701699,0.,        267P    992
-0.900393732701699,0.900393732701699,0.,-2.28700008106232,           267P    993
2.28700008106232,-2.28700008106232,2.28700008106232;                 267P    994
128,1,8,1,2,0,1,0,0,1,-0.0744322902560005,-0.0744322902560005,       269P    995
0.0744322902560005,0.0744322902560005,-3.14159265358979,             269P    996
-3.14159265358979,-3.14159265358979,-1.5707963267949,                269P    997
-1.5707963267949,0.,0.,1.5707963267949,1.5707963267949,              269P    998
3.14159265358979,3.14159265358979,3.14159265358979,1.,1.,            269P    999
0.707106781186548,0.707106781186548,1.,1.,0.707106781186548,         269P   1000
0.707106781186548,1.,1.,0.707106781186548,0.707106781186548,1.,      269P   1001
1.,0.707106781186548,0.707106781186548,1.,1.,-0.900000031914298,     269P   1002
0.,1.25,-1.0000000319143,0.,1.15,-0.900000031914298,                 269P   1003
-0.900000031914298,1.25,-1.0000000319143,-1.0000000319143,1.15,      269P   1004
0.,-0.900000031914298,1.25,0.,-1.0000000319143,1.15,                 269P   1005
0.900000031914298,-0.900000031914298,1.25,1.0000000319143,           269P   1006
-1.0000000319143,1.15,0.900000031914298,0.,1.25,1.0000000319143,     269P   1007
0.,1.15,0.900000031914298,0.900000031914298,1.25,                    269P   1008
1.0000000319143,1.0000000319143,1.15,0.,0.900000031914298,1.25,      269P   1009
0.,1.0000000319143,1.15,-0.900000031914298,0.900000031914298,        269P   1010
1.25,-1.0000000319143,1.0000000319143,1.15,-0.900000031914298,       269P   1011
0.,1.25,-1.0000000319143,0.,1.15,-0.0744322902560005,                269P   1012
0.0744322902560005,-3.14159265358979,3.14159265358979;               269P   1013
128,1,1,1,1,0,0,1,0,0,-0.128000004053116,-0.128000004053116,         271P   1014
0.128000004053116,0.128000004053116,-0.128000004053116,              271P   1015
-0.128000004053116,0.128000004053116,0.128000004053116,1.,1.,1.,     271P   1016
1.,-0.0503937023831165,0.0503937023831165,0.0499999999999999,        271P   1017
0.0503937023831165,0.0503937023831165,0.0499999999999999,            271P   1018
-0.0503937023831165,-0.0503937023831165,0.0499999999999999,          271P   1019
0.0503937023831165,-0.0503937023831165,0.0499999999999999,           271P   1020
-0.128000004053116,0.128000004053116,-0.128000004053116,             271P   1021
0.128000004053116;                                                   271P   1022
128,1,8,1,2,0,1,0,0,1,-23.9999992340569,-23.9999992340569,           273P   1023
23.9999992340569,23.9999992340569,-3.14159265358979,                 273P   1024
-3.14159265358979,-3.14159265358979,-1.5707963267949,                273P   1025
-1.5707963267949,0.,0.,1.5707963267949,1.5707963267949,              273P   1026
3.14159265358979,3.14159265358979,3.14159265358979,1.,1.,            273P   1027
0.707106781186548,0.707106781186548,1.,1.,0.707106781186548,         273P   1028
0.707106781186548,1.,1.,0.707106781186548,0.707106781186548,1.,      273P   1029
1.,0.707106781186548,0.707106781186548,1.,1.,0.0500000015957149,     273P   1030
0.,2.45,0.0500000015957149,0.,0.0499999999999999,                    273P   1031
0.0500000015957149,0.0500000015957149,2.45,0.0500000015957149,       273P   1032
0.0500000015957149,0.0499999999999999,0.,0.0500000015957149,         273P   1033
2.45,0.,0.0500000015957149,0.0499999999999999,                       273P   1034
-0.0500000015957149,0.0500000015957149,2.45,-0.0500000015957149,     273P   1035
0.0500000015957149,0.0499999999999999,-0.0500000015957149,0.,        273P   1036
2.45,-0.0500000015957149,0.,0.0499999999999999,                      273P   1037
-0.0500000015957149,-0.0500000015957149,2.45,                        273P   1038
-0.0500000015957149,-0.0500000015957149,0.0499999999999999,0.,       273P   1039
-0.0500000015957149,2.45,0.,-0.0500000015957149,                     273P   1040
0.0499999999999999,0.0500000015957149,-0.0500000015957149,2.45,      273P   1041
0.0500000015957149,-0.0500000015957149,0.0499999999999999,           273P   1042
0.0500000015957149,0.,2.45,0.0500000015957149,0.,                    273P   1043
0.0499999999999999,-23.9999992340569,23.9999992340569,               273P   1044
-3.14159265358979,3.14159265358979;                                  273P   1045
128,1,1,1,1,0,0,1,0,0,-0.128000004053116,-0.128000004053116,         275P   1046
0.128000004053116,0.128000004053116,-0.128000004053116,              275P   1047
-0.128000004053116,0.128000004053116,0.128000004053116,1.,1.,1.,     275P   1048
1.,0.0503937023831165,0.0503937023831165,2.45,                       275P   1049
-0.0503937023831165,0.0503937023831165,2.45,0.0503937023831165,      275P   1050
-0.0503937023831165,2.45,-0.0503937023831165,                        275P   1051
-0.0503937023831165,2.45,-0.128000004053116,0.128000004053116,       275P   1052
-0.128000004053116,0.128000004053116;                                275P   1053
128,10,325,3,3,1,0,1,1,0,-3.14159265358982,-3.14159265358982,        277P   1054
-3.14159265358982,-3.14159265358982,-2.24399475256416,               277P   1055
-1.3463968515385,-0.44879895051284,0.224399475256404,                277P   1056
0.673198425769234,1.34639685153848,2.24399475256414,                 277P   1057
3.1415926535898,3.1415926535898,3.1415926535898,3.1415926535898,     277P   1058
0.,0.,0.,0.,0.498665500569808,0.997331001139617,                     277P   1059
1.99466200227923,2.99199300341885,3.49065850398866,                  277P   1060
3.98932400455847,4.48798950512828,4.98665500569808,                  277P   1061
5.48532050626789,5.9839860068377,6.48265150740751,                   277P   1062
6.98131700797732,7.47998250854713,7.97864800911693,                  277P   1063
8.47731350968674,8.97597901025655,9.97331001139617,                  277P   1064
10.9706410125358,11.4693065131056,11.9679720136754,                  277P   1065
12.4666375142452,12.965303014815,13.4639685153848,                   277P   1066
13.9626340159546,14.4612995165244,14.9599650170943,                  277P   1067
15.4586305176641,15.9572960182339,16.9546270193735,                  277P   1068
17.9519580205131,18.4506235210829,18.9492890216527,                  277P   1069
19.4479545222225,19.9466200227923,20.4452855233621,                  277P   1070
20.943951023932,21.4426165245018,21.9412820250716,                   277P   1071
22.4399475256414,22.9386130262112,23.9359440273508,                  277P   1072
24.9332750284904,25.4319405290602,25.93060602963,                    277P   1073
26.4292715301998,26.9279370307697,27.4266025313395,                  277P   1074
27.9252680319093,28.4239335324791,28.9225990330489,                  277P   1075
29.4212645336187,29.9199300341885,30.9172610353281,                  277P   1076
31.9145920364677,32.4132575370375,32.9119230376074,                  277P   1077
33.4105885381772,33.909254038747,34.4079195393168,                   277P   1078
34.9065850398866,35.4052505404564,35.9039160410262,                  277P   1079
36.402581541596,36.9012470421658,37.8985780433054,                   277P   1080
38.8959090444451,39.3945745450149,39.8932400455847,                  277P   1081
40.3919055461545,40.8905710467243,41.3892365472941,                  277P   1082
41.8879020478639,42.3865675484337,42.8852330490035,                  277P   1083
43.3838985495733,43.8825640501431,44.8798950512828,                  277P   1084
45.8772260524224,46.3758915529922,46.874557053562,                   277P   1085
47.3732225541318,47.8718880547016,48.3705535552714,                  277P   1086
48.8692190558412,49.367884556411,49.8665500569808,                   277P   1087
50.3652155575506,50.8638810581205,51.8612120592601,                  277P   1088
52.8585430603997,53.3572085609695,53.8558740615393,                  277P   1089
54.3545395621091,54.8532050626789,55.3518705632487,                  277P   1090
55.8505360638185,56.3492015643884,56.8478670649582,                  277P   1091
57.346532565528,57.8451980660978,58.8425290672374,                   277P   1092
59.839860068377,60.3385255689468,60.8371910695166,                   277P   1093
61.3358565700864,61.8345220706562,62.333187571226,                   277P   1094
62.8318530717959,63.3305185723657,63.8291840729355,                  277P   1095
64.3278495735053,64.8265150740751,65.8238460752147,                  277P   1096
66.8211770763543,67.3198425769241,67.8185080774939,                  277P   1097
68.3171735780637,68.8158390786336,69.3145045792034,                  277P   1098
69.8131700797732,70.311835580343,70.8105010809128,                   277P   1099
71.3091665814826,71.8078320820524,72.805163083192,                   277P   1100
73.8024940843316,74.3011595849015,74.7998250854713,                  277P   1101
75.2984905860411,75.7971560866109,76.2958215871807,                  277P   1102
76.7944870877505,77.2931525883203,77.7918180888901,                  277P   1103
78.2904835894599,78.7891490900297,79.7864800911694,                  277P   1104
80.783811092309,81.2824765928788,81.7811420934486,                   277P   1105
82.2798075940184,82.7784730945882,83.277138595158,                   277P   1106
83.7758040957278,84.2744695962976,84.7731350968674,                  277P   1107
85.2718005974372,85.770466098007,86.7677970991467,                   277P   1108
87.7651281002863,88.2637936008561,88.7624591014259,                  277P   1109
89.2611246019957,89.7597901025655,90.2584556031353,                  277P   1110
90.7571211037051,91.2557866042749,91.7544521048447,                  277P   1111
92.2531176054146,92.7517831059844,93.749114107124,                   277P   1112
94.7464451082636,95.7437761094032,96.242441609973,                   277P   1113
96.7411071105428,97.2397726111126,97.7384381116824,                  277P   1114
98.2371036122523,98.7357691128221,99.2344346133919,                  277P   1115
99.7331001139617,100.231765614531,100.730431115101,                  277P   1116
101.727762116241,102.725093117381,103.22375861795,                   277P   1117
103.72242411852,104.22108961909,104.71975511966,105.21842062023,     277P   1118
105.717086120799,106.215751621369,106.714417121939,                  277P   1119
107.213082622509,107.711748123079,108.709079124218,                  277P   1120
109.706410125358,110.205075625928,110.703741126497,                  277P   1121
111.202406627067,111.701072127637,112.199737628207,                  277P   1122
112.698403128777,113.197068629347,113.695734129916,                  277P   1123
114.194399630486,114.693065131056,115.690396132196,                  277P   1124
116.687727133335,117.186392633905,117.685058134475,                  277P   1125
118.183723635045,118.682389135614,119.181054636184,                  277P   1126
119.679720136754,120.178385637324,120.677051137894,                  277P   1127
121.175716638463,121.674382139033,122.671713140173,                  277P   1128
123.669044141312,124.167709641882,124.666375142452,                  277P   1129
125.165040643022,125.663706143592,126.162371644162,                  277P   1130
126.661037144731,127.159702645301,127.658368145871,                  277P   1131
128.157033646441,128.655699147011,129.65303014815,                   277P   1132
130.65036114929,131.14902664986,131.647692150429,                    277P   1133
132.146357650999,132.645023151569,133.143688652139,                  277P   1134
133.642354152709,134.141019653278,134.639685153848,                  277P   1135
135.138350654418,135.637016154988,136.634347156127,                  277P   1136
137.631678157267,138.130343657837,138.629009158407,                  277P   1137
139.127674658977,139.626340159546,140.125005660116,                  277P   1138
140.623671160686,141.122336661256,141.621002161826,                  277P   1139
142.119667662395,142.618333162965,143.615664164105,                  277P   1140
144.612995165244,145.111660665814,145.610326166384,                  277P   1141
146.108991666954,146.607657167524,147.106322668093,                  277P   1142
147.604988168663,148.103653669233,148.602319169803,                  277P   1143
149.100984670373,149.599650170943,150.596981172082,                  277P   1144
151.594312173222,152.092977673792,152.591643174361,                  277P   1145
153.090308674931,153.588974175501,154.087639676071,                  277P   1146
154.586305176641,155.08497067721,155.58363617778,                    277P   1147
156.08230167835,156.58096717892,157.578298180059,                    277P   1148
158.575629181199,159.074294681769,159.572960182339,                  277P   1149
160.071625682909,160.570291183478,161.068956684048,                  277P   1150
161.567622184618,162.066287685188,162.564953185758,                  277P   1151
163.063618686327,163.562284186897,164.559615188037,                  277P   1152
165.556946189176,166.055611689746,166.554277190316,                  277P   1153
167.052942690886,167.551608191456,168.050273692025,                  277P   1154
168.548939192595,169.047604693165,169.546270193735,                  277P   1155
170.044935694305,170.543601194874,171.540932196014,                  277P   1156
172.538263197154,173.036928697724,173.535594198293,                  277P   1157
174.034259698863,174.532925199433,175.031590700003,                  277P   1158
175.530256200573,176.028921701142,176.527587201712,                  277P   1159
177.026252702282,177.524918202852,178.522249203991,                  277P   1160
179.519580205131,180.018245705701,180.516911206271,                  277P   1161
181.01557670684,181.51424220741,182.01290770798,182.51157320855,     277P   1162
183.01023870912,183.508904209689,184.007569710259,                   277P   1163
184.506235210829,185.004900711399,185.503566211969,                  277P   1164
186.500897213108,187.498228214248,187.996893714818,                  277P   1165
188.495559215388,188.495559215388,188.495559215388,                  277P   1166
188.495559215388,1.,1.,1.,1.,1.,1.,1.,1.,1.,1.,1.,1.,1.,1.,1.,       277P   1167
1.,1.,1.,1.,1.,1.,1.,1.,1.,1.,1.,1.,1.,1.,1.,1.,1.,1.,1.,1.,1.,      277P   1168
1.,1.,1.,1.,1.,1.,1.,1.,1.,1.,1.,1.,1.,1.,1.,1.,1.,1.,1.,1.,1.,      277P   1169
1.,1.,1.,1.,1.,1.,1.,1.,1.,1.,1.,1.,1.,1.,1.,1.,1.,1.,1.,1.,1.,      277P   1170
1.,1.,1.,1.,1.,1.,1.,1.,1.,1.,1.,1.,1.,1.,1.,1.,1.,1.,1.,1.,1.,      277P   1171
1.,1.,1.,1.,1.,1.,1.,1.,1.,1.,1.,1.,1.,1.,1.,1.,1.,1.,1.,1.,1.,      277P   1172
1.,1.,1.,1.,1.,1.,1.,1.,1.,1.,1.,1.,1.,1.,1.,1.,1.,1.,1.,1.,1.,      277P   1173
1.,1.,1.,1.,1.,1.,1.,1.,1.,1.,1.,1.,1.,1.,1.,1.,1.,1.,1.,1.,1.,      277P   1174
1.,1.,1.,1.,1.,1.,1.,1.,1.,1.,1.,1.,1.,1.,1.,1.,1.,1.,1.,1.,1.,      277P   1175
1.,1.,1.,1.,1.,1.,1.,1.,1.,1.,1.,1.,1.,1.,1.,1.,1.,1.,1.,1.,1.,      277P   1176
1.,1.,1.,1.,1.,1.,1.,1.,1.,1.,1.,1.,1.,1.,1.,1.,1.,1.,1.,1.,1.,      277P   1177
1.,1.,1.,1.,1.,1.,1.,1.,1.,1.,1.,1.,1.,1.,1.,1.,1.,1.,1.,1.,1.,      277P   1178
1.,1.,1.,1.,1.,1.,1.,1.,1.,1.,1.,1.,1.,1.,1.,1.,1.,1.,1.,1.,1.,      277P   1179
1.,1.,1.,1.,1.,1.,1.,1.,1.,1.,1.,1.,1.,1.,1.,1.,1.,1.,1.,1.,1.,      277P   1180
1.,1.,1.,1.,1.,1.,1.,1.,1.,1.,1.,1.,1.,1.,1.,1.,1.,1.,1.,1.,1.,      277P   1181
1.,1.,1.,1.,1.,1.,1.,1.,1.,1.,1.,1.,1.,1.,1.,1.,1.,1.,1.,1.,1.,      277P   1182
1.,1.,1.,1.,1.,1.,1.,1.,1.,1.,1.,1.,1.,1.,1.,1.,1.,1.,1.,1.,1.,      277P   1183
1.,1.,1.,1.,1.,1.,1.,1.,1.,1.,1.,1.,1.,1.,1.,1.,1.,1.,1.,1.,1.,      277P   1184
1.,1.,1.,1.,1.,1.,1.,1.,1.,1.,1.,1.,1.,1.,1.,1.,1.,1.,1.,1.,1.,      277P   1185
1.,1.,1.,1.,1.,1.,1.,1.,1.,1.,1.,1.,1.,1.,1.,1.,1.,1.,1.,1.,1.,      277P   1186
1.,1.,1.,1.,1.,1.,1.,1.,1.,1.,1.,1.,1.,1.,1.,1.,1.,1.,1.,1.,1.,      277P   1187
1.,1.,1.,1.,1.,1.,1.,1.,1.,1.,1.,1.,1.,1.,1.,1.,1.,1.,1.,1.,1.,      277P   1188
1.,1.,1.,1.,1.,1.,1.,1.,1.,1.,1.,1.,1.,1.,1.,1.,1.,1.,1.,1.,1.,      277P   1189
1.,1.,1.,1.,1.,1.,1.,1.,1.,1.,1.,1.,1.,1.,1.,1.,1.,1.,1.,1.,1.,      277P   1190
1.,1.,1.,1.,1.,1.,1.,1.,1.,1.,1.,1.,1.,1.,1.,1.,1.,1.,1.,1.,1.,      277P   1191
1.,1.,1.,1.,1.,1.,1.,1.,1.,1.,1.,1.,1.,1.,1.,1.,1.,1.,1.,1.,1.,      277P   1192
1.,1.,1.,1.,1.,1.,1.,1.,1.,1.,1.,1.,1.,1.,1.,1.,1.,1.,1.,1.,1.,      277P   1193
1.,1.,1.,1.,1.,1.,1.,1.,1.,1.,1.,1.,1.,1.,1.,1.,1.,1.,1.,1.,1.,      277P   1194
1.,1.,1.,1.,1.,1.,1.,1.,1.,1.,1.,1.,1.,1.,1.,1.,1.,1.,1.,1.,1.,      277P   1195
1.,1.,1.,1.,1.,1.,1.,1.,1.,1.,1.,1.,1.,1.,1.,1.,1.,1.,1.,1.,1.,      277P   1196
1.,1.,1.,1.,1.,1.,1.,1.,1.,1.,1.,1.,1.,1.,1.,1.,1.,1.,1.,1.,1.,      277P   1197
1.,1.,1.,1.,1.,1.,1.,1.,1.,1.,1.,1.,1.,1.,1.,1.,1.,1.,1.,1.,1.,      277P   1198
1.,1.,1.,1.,1.,1.,1.,1.,1.,1.,1.,1.,1.,1.,1.,1.,1.,1.,1.,1.,1.,      277P   1199
1.,1.,1.,1.,1.,1.,1.,1.,1.,1.,1.,1.,1.,1.,1.,1.,1.,1.,1.,1.,1.,      277P   1200
1.,1.,1.,1.,1.,1.,1.,1.,1.,1.,1.,1.,1.,1.,1.,1.,1.,1.,1.,1.,1.,      277P   1201
1.,1.,1.,1.,1.,1.,1.,1.,1.,1.,1.,1.,1.,1.,1.,1.,1.,1.,1.,1.,1.,      277P   1202
1.,1.,1.,1.,1.,1.,1.,1.,1.,1.,1.,1.,1.,1.,1.,1.,1.,1.,1.,1.,1.,      277P   1203
1.,1.,1.,1.,1.,1.,1.,1.,1.,1.,1.,1.,1.,1.,1.,1.,1.,1.,1.,1.,1.,      277P   1204
1.,1.,1.,1.,1.,1.,1.,1.,1.,1.,1.,1.,1.,1.,1.,1.,1.,1.,1.,1.,1.,      277P   1205
1.,1.,1.,1.,1.,1.,1.,1.,1.,1.,1.,1.,1.,1.,1.,1.,1.,1.,1.,1.,1.,      277P   1206
1.,1.,1.,1.,1.,1.,1.,1.,1.,1.,1.,1.,1.,1.,1.,1.,1.,1.,1.,1.,1.,      277P   1207
1.,1.,1.,1.,1.,1.,1.,1.,1.,1.,1.,1.,1.,1.,1.,1.,1.,1.,1.,1.,1.,      277P   1208
1.,1.,1.,1.,1.,1.,1.,1.,1.,1.,1.,1.,1.,1.,1.,1.,1.,1.,1.,1.,1.,      277P   1209
1.,1.,1.,1.,1.,1.,1.,1.,1.,1.,1.,1.,1.,1.,1.,1.,1.,1.,1.,1.,1.,      277P   1210
1.,1.,1.,1.,1.,1.,1.,1.,1.,1.,1.,1.,1.,1.,1.,1.,1.,1.,1.,1.,1.,      277P   1211
1.,1.,1.,1.,1.,1.,1.,1.,1.,1.,1.,1.,1.,1.,1.,1.,1.,1.,1.,1.,1.,      277P   1212
1.,1.,1.,1.,1.,1.,1.,1.,1.,1.,1.,1.,1.,1.,1.,1.,1.,1.,1.,1.,1.,      277P   1213
1.,1.,1.,1.,1.,1.,1.,1.,1.,1.,1.,1.,1.,1.,1.,1.,1.,1.,1.,1.,1.,      277P   1214
1.,1.,1.,1.,1.,1.,1.,1.,1.,1.,1.,1.,1.,1.,1.,1.,1.,1.,1.,1.,1.,      277P   1215
1.,1.,1.,1.,1.,1.,1.,1.,1.,1.,1.,1.,1.,1.,1.,1.,1.,1.,1.,1.,1.,      277P   1216
1.,1.,1.,1.,1.,1.,1.,1.,1.,1.,1.,1.,1.,1.,1.,1.,1.,1.,1.,1.,1.,      277P   1217
1.,1.,1.,1.,1.,1.,1.,1.,1.,1.,1.,1.,1.,1.,1.,1.,1.,1.,1.,1.,1.,      277P   1218
1.,1.,1.,1.,1.,1.,1.,1.,1.,1.,1.,1.,1.,1.,1.,1.,1.,1.,1.,1.,1.,      277P   1219
1.,1.,1.,1.,1.,1.,1.,1.,1.,1.,1.,1.,1.,1.,1.,1.,1.,1.,1.,1.,1.,      277P   1220
1.,1.,1.,1.,1.,1.,1.,1.,1.,1.,1.,1.,1.,1.,1.,1.,1.,1.,1.,1.,1.,      277P   1221
1.,1.,1.,1.,1.,1.,1.,1.,1.,1.,1.,1.,1.,1.,1.,1.,1.,1.,1.,1.,1.,      277P   1222
1.,1.,1.,1.,1.,1.,1.,1.,1.,1.,1.,1.,1.,1.,1.,1.,1.,1.,1.,1.,1.,      277P   1223
1.,1.,1.,1.,1.,1.,1.,1.,1.,1.,1.,1.,1.,1.,1.,1.,1.,1.,1.,1.,1.,      277P   1224
1.,1.,1.,1.,1.,1.,1.,1.,1.,1.,1.,1.,1.,1.,1.,1.,1.,1.,1.,1.,1.,      277P   1225
1.,1.,1.,1.,1.,1.,1.,1.,1.,1.,1.,1.,1.,1.,1.,1.,1.,1.,1.,1.,1.,      277P   1226
1.,1.,1.,1.,1.,1.,1.,1.,1.,1.,1.,1.,1.,1.,1.,1.,1.,1.,1.,1.,1.,      277P   1227
1.,1.,1.,1.,1.,1.,1.,1.,1.,1.,1.,1.,1.,1.,1.,1.,1.,1.,1.,1.,1.,      277P   1228
1.,1.,1.,1.,1.,1.,1.,1.,1.,1.,1.,1.,1.,1.,1.,1.,1.,1.,1.,1.,1.,      277P   1229
1.,1.,1.,1.,1.,1.,1.,1.,1.,1.,1.,1.,1.,1.,1.,1.,1.,1.,1.,1.,1.,      277P   1230
1.,1.,1.,1.,1.,1.,1.,1.,1.,1.,1.,1.,1.,1.,1.,1.,1.,1.,1.,1.,1.,      277P   1231
1.,1.,1.,1.,1.,1.,1.,1.,1.,1.,1.,1.,1.,1.,1.,1.,1.,1.,1.,1.,1.,      277P   1232
1.,1.,1.,1.,1.,1.,1.,1.,1.,1.,1.,1.,1.,1.,1.,1.,1.,1.,1.,1.,1.,      277P   1233
1.,1.,1.,1.,1.,1.,1.,1.,1.,1.,1.,1.,1.,1.,1.,1.,1.,1.,1.,1.,1.,      277P   1234
1.,1.,1.,1.,1.,1.,1.,1.,1.,1.,1.,1.,1.,1.,1.,1.,1.,1.,1.,1.,1.,      277P   1235
1.,1.,1.,1.,1.,1.,1.,1.,1.,1.,1.,1.,1.,1.,1.,1.,1.,1.,1.,1.,1.,      277P   1236
1.,1.,1.,1.,1.,1.,1.,1.,1.,1.,1.,1.,1.,1.,1.,1.,1.,1.,1.,1.,1.,      277P   1237
1.,1.,1.,1.,1.,1.,1.,1.,1.,1.,1.,1.,1.,1.,1.,1.,1.,1.,1.,1.,1.,      277P   1238
1.,1.,1.,1.,1.,1.,1.,1.,1.,1.,1.,1.,1.,1.,1.,1.,1.,1.,1.,1.,1.,      277P   1239
1.,1.,1.,1.,1.,1.,1.,1.,1.,1.,1.,1.,1.,1.,1.,1.,1.,1.,1.,1.,1.,      277P   1240
1.,1.,1.,1.,1.,1.,1.,1.,1.,1.,1.,1.,1.,1.,1.,1.,1.,1.,1.,1.,1.,      277P   1241
1.,1.,1.,1.,1.,1.,1.,1.,1.,1.,1.,1.,1.,1.,1.,1.,1.,1.,1.,1.,1.,      277P   1242
1.,1.,1.,1.,1.,1.,1.,1.,1.,1.,1.,1.,1.,1.,1.,1.,1.,1.,1.,1.,1.,      277P   1243
1.,1.,1.,1.,1.,1.,1.,1.,1.,1.,1.,1.,1.,1.,1.,1.,1.,1.,1.,1.,1.,      277P   1244
1.,1.,1.,1.,1.,1.,1.,1.,1.,1.,1.,1.,1.,1.,1.,1.,1.,1.,1.,1.,1.,      277P   1245
1.,1.,1.,1.,1.,1.,1.,1.,1.,1.,1.,1.,1.,1.,1.,1.,1.,1.,1.,1.,1.,      277P   1246
1.,1.,1.,1.,1.,1.,1.,1.,1.,1.,1.,1.,1.,1.,1.,1.,1.,1.,1.,1.,1.,      277P   1247
1.,1.,1.,1.,1.,1.,1.,1.,1.,1.,1.,1.,1.,1.,1.,1.,1.,1.,1.,1.,1.,      277P   1248
1.,1.,1.,1.,1.,1.,1.,1.,1.,1.,1.,1.,1.,1.,1.,1.,1.,1.,1.,1.,1.,      277P   1249
1.,1.,1.,1.,1.,1.,1.,1.,1.,1.,1.,1.,1.,1.,1.,1.,1.,1.,1.,1.,1.,      277P   1250
1.,1.,1.,1.,1.,1.,1.,1.,1.,1.,1.,1.,1.,1.,1.,1.,1.,1.,1.,1.,1.,      277P   1251
1.,1.,1.,1.,1.,1.,1.,1.,1.,1.,1.,1.,1.,1.,1.,1.,1.,1.,1.,1.,1.,      277P   1252
1.,1.,1.,1.,1.,1.,1.,1.,1.,1.,1.,1.,1.,1.,1.,1.,1.,1.,1.,1.,1.,      277P   1253
1.,1.,1.,1.,1.,1.,1.,1.,1.,1.,1.,1.,1.,1.,1.,1.,1.,1.,1.,1.,1.,      277P   1254
1.,1.,1.,1.,1.,1.,1.,1.,1.,1.,1.,1.,1.,1.,1.,1.,1.,1.,1.,1.,1.,      277P   1255
1.,1.,1.,1.,1.,1.,1.,1.,1.,1.,1.,1.,1.,1.,1.,1.,1.,1.,1.,1.,1.,      277P   1256
1.,1.,1.,1.,1.,1.,1.,1.,1.,1.,1.,1.,1.,1.,1.,1.,1.,1.,1.,1.,1.,      277P   1257
1.,1.,1.,1.,1.,1.,1.,1.,1.,1.,1.,1.,1.,1.,1.,1.,1.,1.,1.,1.,1.,      277P   1258
1.,1.,1.,1.,1.,1.,1.,1.,1.,1.,1.,1.,1.,1.,1.,1.,1.,1.,1.,1.,1.,      277P   1259
1.,1.,1.,1.,1.,1.,1.,1.,1.,1.,1.,1.,1.,1.,1.,1.,1.,1.,1.,1.,1.,      277P   1260
1.,1.,1.,1.,1.,1.,1.,1.,1.,1.,1.,1.,1.,1.,1.,1.,1.,1.,1.,1.,1.,      277P   1261
1.,1.,1.,1.,1.,1.,1.,1.,1.,1.,1.,1.,1.,1.,1.,1.,1.,1.,1.,1.,1.,      277P   1262
1.,1.,1.,1.,1.,1.,1.,1.,1.,1.,1.,1.,1.,1.,1.,1.,1.,1.,1.,1.,1.,      277P   1263
1.,1.,1.,1.,1.,1.,1.,1.,1.,1.,1.,1.,1.,1.,1.,1.,1.,1.,1.,1.,1.,      277P   1264
1.,1.,1.,1.,1.,1.,1.,1.,1.,1.,1.,1.,1.,1.,1.,1.,1.,1.,1.,1.,1.,      277P   1265
1.,1.,1.,1.,1.,1.,1.,1.,1.,1.,1.,1.,1.,1.,1.,1.,1.,1.,1.,1.,1.,      277P   1266
1.,1.,1.,1.,1.,1.,1.,1.,1.,1.,1.,1.,1.,1.,1.,1.,1.,1.,1.,1.,1.,      277P   1267
1.,1.,1.,1.,1.,1.,1.,1.,1.,1.,1.,1.,1.,1.,1.,1.,1.,1.,1.,1.,1.,      277P   1268
1.,1.,1.,1.,1.,1.,1.,1.,1.,1.,1.,1.,1.,1.,1.,1.,1.,1.,1.,1.,1.,      277P   1269
1.,1.,1.,1.,1.,1.,1.,1.,1.,1.,1.,1.,1.,1.,1.,1.,1.,1.,1.,1.,1.,      277P   1270
1.,1.,1.,1.,1.,1.,1.,1.,1.,1.,1.,1.,1.,1.,1.,1.,1.,1.,1.,1.,1.,      277P   1271
1.,1.,1.,1.,1.,1.,1.,1.,1.,1.,1.,1.,1.,1.,1.,1.,1.,1.,1.,1.,1.,      277P   1272
1.,1.,1.,1.,1.,1.,1.,1.,1.,1.,1.,1.,1.,1.,1.,1.,1.,1.,1.,1.,1.,      277P   1273
1.,1.,1.,1.,1.,1.,1.,1.,1.,1.,1.,1.,1.,1.,1.,1.,1.,1.,1.,1.,1.,      277P   1274
1.,1.,1.,1.,1.,1.,1.,1.,1.,1.,1.,1.,1.,1.,1.,1.,1.,1.,1.,1.,1.,      277P   1275
1.,1.,1.,1.,1.,1.,1.,1.,1.,1.,1.,1.,1.,1.,1.,1.,1.,1.,1.,1.,1.,      277P   1276
1.,1.,1.,1.,1.,1.,1.,1.,1.,1.,1.,1.,1.,1.,1.,1.,1.,1.,1.,1.,1.,      277P   1277
1.,1.,1.,1.,1.,1.,1.,1.,1.,1.,1.,1.,1.,1.,1.,1.,1.,1.,1.,1.,1.,      277P   1278
1.,1.,1.,1.,1.,1.,1.,1.,1.,1.,1.,1.,1.,1.,1.,1.,1.,1.,1.,1.,1.,      277P   1279
1.,1.,1.,1.,1.,1.,1.,1.,1.,1.,1.,1.,1.,1.,1.,1.,1.,1.,1.,1.,1.,      277P   1280
1.,1.,1.,1.,1.,1.,1.,1.,1.,1.,1.,1.,1.,1.,1.,1.,1.,1.,1.,1.,1.,      277P   1281
1.,1.,1.,1.,1.,1.,1.,1.,1.,1.,1.,1.,1.,1.,1.,1.,1.,1.,1.,1.,1.,      277P   1282
1.,1.,1.,1.,1.,1.,1.,1.,1.,1.,1.,1.,1.,1.,1.,1.,1.,1.,1.,1.,1.,      277P   1283
1.,1.,1.,1.,1.,1.,1.,1.,1.,1.,1.,1.,1.,1.,1.,1.,1.,1.,1.,1.,1.,      277P   1284
1.,1.,1.,1.,1.,1.,1.,1.,1.,1.,1.,1.,1.,1.,1.,1.,1.,1.,1.,1.,1.,      277P   1285
1.,1.,1.,1.,1.,1.,1.,1.,1.,1.,1.,1.,1.,1.,1.,1.,1.,1.,1.,1.,1.,      277P   1286
1.,1.,1.,1.,1.,1.,1.,1.,1.,1.,1.,1.,1.,1.,1.,1.,1.,1.,1.,1.,1.,      277P   1287
1.,1.,1.,1.,1.,1.,1.,1.,1.,1.,1.,1.,1.,1.,1.,1.,1.,1.,1.,1.,1.,      277P   1288
1.,1.,1.,1.,1.,1.,1.,1.,1.,1.,1.,1.,1.,1.,1.,1.,1.,1.,1.,1.,1.,      277P   1289
1.,1.,1.,1.,1.,1.,1.,1.,1.,1.,1.,1.,1.,1.,1.,1.,1.,1.,1.,1.,1.,      277P   1290
1.,1.,1.,1.,1.,1.,1.,1.,1.,1.,1.,1.,1.,1.,1.,1.,1.,1.,1.,1.,1.,      277P   1291
1.,1.,1.,1.,1.,1.,1.,1.,1.,1.,1.,1.,1.,1.,1.,1.,1.,1.,1.,1.,1.,      277P   1292
1.,1.,1.,1.,1.,1.,1.,1.,1.,1.,1.,1.,1.,1.,1.,1.,1.,1.,1.,1.,1.,      277P   1293
1.,1.,1.,1.,1.,1.,1.,1.,1.,1.,1.,1.,1.,1.,1.,1.,1.,1.,1.,1.,1.,      277P   1294
1.,1.,1.,1.,1.,1.,1.,1.,1.,1.,1.,1.,1.,1.,1.,1.,1.,1.,1.,1.,1.,      277P   1295
1.,1.,1.,1.,1.,1.,1.,1.,1.,1.,1.,1.,1.,1.,1.,1.,1.,1.,1.,1.,1.,      277P   1296
1.,1.,1.,1.,1.,1.,1.,1.,1.,1.,1.,1.,1.,1.,1.,1.,1.,1.,1.,1.,1.,      277P   1297
1.,1.,1.,1.,1.,1.,1.,1.,1.,1.,1.,1.,1.,1.,1.,1.,1.,1.,1.,1.,1.,      277P   1298
1.,1.,1.,1.,1.,1.,1.,1.,1.,1.,1.,1.,1.,1.,1.,1.,1.,1.,1.,1.,1.,      277P   1299
1.,1.,1.,1.,1.,1.,1.,1.,1.,1.,1.,1.,1.,1.,1.,1.,1.,1.,1.,1.,1.,      277P   1300
1.,1.,1.,1.,1.,1.,1.,1.,1.,1.,1.,1.,1.,1.,1.,1.,1.,1.,1.,1.,1.,      277P   1301
1.,1.,1.,1.,1.,1.,1.,1.,1.,1.,1.,1.,1.,1.,1.,1.,1.,1.,1.,1.,1.,      277P   1302
1.,1.,1.,1.,1.,1.,1.,1.,1.,1.,1.,1.,1.,1.,1.,1.,1.,1.,1.,1.,1.,      277P   1303
1.,1.,1.,1.,1.,1.,1.,1.,1.,1.,1.,1.,1.,1.,1.,1.,1.,1.,1.,1.,1.,      277P   1304
1.,1.,1.,1.,1.,1.,1.,1.,1.,1.,1.,1.,1.,1.,1.,1.,1.,1.,1.,1.,1.,      277P   1305
1.,1.,1.,1.,1.,1.,1.,1.,1.,1.,1.,1.,1.,1.,1.,1.,1.,1.,1.,1.,1.,      277P   1306
1.,1.,1.,1.,1.,1.,1.,1.,1.,1.,1.,1.,1.,1.,1.,1.,1.,1.,1.,1.,1.,      277P   1307
1.,1.,1.,1.,1.,1.,1.,1.,1.,1.,1.,1.,1.,1.,1.,1.,1.,1.,1.,1.,1.,      277P   1308
1.,1.,1.,1.,1.,1.,1.,1.,1.,1.,1.,1.,1.,1.,1.,1.,1.,1.,1.,1.,1.,      277P   1309
1.,1.,1.,1.,1.,1.,1.,1.,1.,1.,1.,1.,1.,1.,1.,1.,1.,1.,1.,1.,1.,      277P   1310
1.,1.,1.,1.,1.,1.,1.,1.,1.,1.,1.,1.,1.,1.,1.,1.,1.,1.,1.,1.,1.,      277P   1311
1.,1.,1.,1.,1.,1.,1.,1.,1.,1.,1.,1.,1.,1.,1.,1.,1.,1.,1.,1.,1.,      277P   1312
1.,1.,1.,1.,1.,1.,1.,1.,1.,1.,1.,1.,1.,1.,1.,1.,1.,1.,1.,1.,1.,      277P   1313
1.,1.,1.,1.,1.,1.,1.,1.,1.,1.,1.,1.,1.,1.,1.,1.,1.,1.,1.,1.,1.,      277P   1314
1.,1.,1.,1.,1.,1.,1.,1.,1.,1.,1.,1.,1.,1.,1.,1.,1.,1.,1.,1.,1.,      277P   1315
1.,1.,1.,1.,1.,1.,1.,1.,1.,1.,1.,1.,1.,1.,1.,1.,1.,1.,1.,1.,1.,      277P   1316
1.,1.,1.,1.,1.,1.,1.,1.,1.,1.,1.,1.,1.,1.,1.,1.,1.,1.,1.,1.,1.,      277P   1317
1.,1.,1.,1.,1.,1.,1.,1.,1.,1.,1.,1.,1.,1.,1.,1.,1.,1.,1.,1.,1.,      277P   1318
1.,1.,1.,1.,1.,1.,1.,1.,1.,1.,1.,1.,1.,1.,1.,1.,1.,1.,1.,1.,1.,      277P   1319
1.,1.,1.,1.,1.,1.,1.,1.,1.,1.,1.,1.,1.,1.,1.,1.,1.,1.,1.,1.,1.,      277P   1320
1.,1.,1.,1.,1.,1.,1.,1.,1.,1.,1.,1.,1.,1.,1.,1.,1.,1.,1.,1.,1.,      277P   1321
1.,1.,1.,1.,1.,1.,1.,1.,1.,1.,1.,1.,1.,1.,1.,1.,1.,1.,1.,1.,1.,      277P   1322
1.,1.,1.,1.,1.,1.,1.,1.,1.,1.,1.,1.,1.,1.,1.,1.,1.,1.,1.,1.,1.,      277P   1323
1.,1.,1.,1.,1.,1.,1.,1.,1.,1.,1.,1.,1.,1.,1.,1.,1.,1.,1.,1.,1.,      277P   1324
1.,1.,1.,1.,1.,1.,1.,1.,1.,1.,1.,1.,1.,1.,1.,1.,1.,1.,1.,1.,1.,      277P   1325
1.,1.,1.,1.,1.,1.,1.,1.,1.,1.,1.,1.,1.,1.,1.,1.,1.,1.,1.,1.,1.,      277P   1326
1.,1.,1.,1.,1.,1.,1.,1.,1.,1.,1.,1.,1.,1.,1.,1.,1.,1.,1.,1.,1.,      277P   1327
1.,1.,1.,1.,1.,1.,1.,1.,1.,1.,1.,1.,1.,1.,1.,1.,1.,1.,1.,1.,1.,      277P   1328
1.,1.,1.,1.,1.,1.,1.,1.,1.,1.,1.,1.,1.,1.,1.,1.,1.,1.,1.,1.,1.,      277P   1329
1.,1.,1.,1.,1.,1.,1.,1.,1.,1.,1.,1.,1.,1.,1.,1.,1.,1.,1.,1.,1.,      277P   1330
1.,1.,1.,1.,1.,1.,1.,1.,1.,1.,1.,1.,1.,1.,1.,1.,1.,1.,1.,1.,1.,      277P   1331
1.,1.,1.,1.,1.,1.,1.,1.,1.,1.,1.,1.,1.,1.,1.,1.,1.,1.,1.,1.,1.,      277P   1332
1.,1.,1.,1.,1.,1.,1.,1.,1.,1.,1.,1.,1.,1.,1.,1.,1.,1.,1.,1.,1.,      277P   1333
1.,1.,1.,1.,1.,1.,1.,1.,1.,1.,1.,1.,1.,1.,1.,1.,1.,1.,1.,1.,1.,      277P   1334
1.,1.,1.,1.,1.,1.,1.,1.,1.,1.,1.,1.,1.,1.,1.,1.,1.,1.,1.,1.,1.,      277P   1335
1.,1.,1.,1.,1.,1.,1.,1.,1.,1.,1.,1.,1.,1.,1.,1.,1.,1.,1.,1.,1.,      277P   1336
1.,1.,1.,1.,1.,1.,1.,1.,1.,1.,1.,1.,1.,1.,1.,1.,1.,1.,1.,1.,1.,      277P   1337
1.,-0.0625117086633099,0.,2.45000175776462,-0.0625127098129592,      277P   1338
0.,2.45373273944019,-0.0589254591584188,0.,2.46118554375495,         277P   1339
-0.0468109238740654,0.,2.46394570540591,-0.0379288823988905,0.,      277P   1340
2.45685264499478,-0.0369820032260164,0.,2.4479784344624,             277P   1341
-0.0403038517307444,0.,2.44108176886984,-0.0478320591845042,0.,      277P   1342
2.43629179156227,-0.0589194522605231,0.,2.43879965370152,            277P   1343
-0.0625107075136607,0.,2.44627077608905,-0.0625117086633099,0.,      277P   1344
2.45000175776462,-0.0625117086633099,0.0103906947506381,             277P   1345
2.44792944735898,-0.0625127098129592,0.0103909638216382,             277P   1346
2.45166042903455,-0.0589254591584188,0.00979464608722636,            277P   1347
2.4591132333493,-0.0468109238740654,0.00778094364633438,             277P   1348
2.46187339500027,-0.0379288823988905,0.00630490119375173,            277P   1349
2.45478033458914,-0.0369820032260164,0.00614745186163176,            277P   1350
2.44590612405676,-0.0403038517307444,0.00669906918616523,            277P   1351
2.43900945846419,-0.0478320591845042,0.00795110511035374,            277P   1352
2.43421948115663,-0.0589194522605231,0.00979303166122589,            277P   1353
2.43672734329587,-0.0625107075136607,0.0103904256796381,             277P   1354
2.4441984656834,-0.0625117086633099,0.0103906947506381,              277P   1355
2.44792944735898,-0.0571613315877165,0.0310396610414147,             277P   1356
2.44378482654769,-0.0571622515291855,0.0310401086043852,             277P   1357
2.44751580822326,-0.0538820316897163,0.0292589113118486,             277P   1358
2.45496861253802,-0.0428043783903872,0.0232435530274417,             277P   1359
2.45772877418898,-0.0346825652488612,0.0188330909310131,             277P   1360
2.45063571377785,-0.0338167268842263,0.0183629545979627,             277P   1361
2.44176150324547,-0.0368542348015924,0.0200126511787181,             277P   1362
2.4348648376529,-0.0437381334256615,0.0237503823840552,              277P   1363
2.43007486034534,-0.0538765120409029,0.0292562259340258,             277P   1364
2.43258272248459,-0.0571604116462477,0.0310392134784443,             277P   1365
2.44005384487212,-0.0571613315877165,0.0310396610414147,             277P   1366
2.44378482654769,-0.0282362589913204,0.0629442645371213,             277P   1367
2.43549558492511,-0.0282367094948596,0.0629453209089054,             277P   1368
2.43922656660069,-0.0266163651816469,0.05933322674675,               277P   1369
2.44667937091544,-0.0211442842314286,0.0471348521468822,             277P   1370
2.44943953256641,-0.0171323003490079,0.0381915058896175,             277P   1371
2.44234647215527,-0.0167046002501246,0.037238046892113,              277P   1372
2.4334722616229,-0.0182050733563404,0.04058262709789,                277P   1373
2.42657559603033,-0.02160551933963,0.0481632548251876,               277P   1374
2.42178561872276,-0.0266136621604114,0.0593268885160453,             277P   1375
2.424293480862,-0.0282358084877811,0.0629432081653371,               277P   1376
2.43176460324954,-0.0282362589913204,0.0629442645371213,             277P   1377
2.43549558492511,0.0303558101700167,0.0673219826668067,              277P   1378
2.4251340328969,0.030356295643066,0.0673230325859204,                277P   1379
2.42886501457246,0.0286143198853518,0.0634597555024803,              277P   1380
2.43631781888722,0.0227314775997997,0.0504130139044807,              277P   1381
2.43907798053819,0.018418338366949,0.0408474086730381,               277P   1382
2.43198492012706,0.0179585323512407,0.039827683451353,               277P   1383
2.42311070959468,0.0195716322145123,0.0434052968611352,              277P   1384
2.41621404400211,0.0232273400717544,0.0515126075847397,              277P   1385
2.41142406669455,0.0286114070470559,0.0634534559877987,              277P   1386
2.4139319288338,0.0303553246969673,0.0673209327476932,               277P   1387
2.42140305122133,0.0303558101700167,0.0673219826668067,              277P   1388
2.4251340328969,0.0659019110267755,0.0204430555294094,               277P   1389
2.41477248086867,0.0659029794781447,0.0204434064085542,              277P   1390
2.41850346254425,0.0621211754764994,0.0192702660582313,              277P   1391
2.42595626685901,0.0493496285313052,0.0153084727322906,              277P   1392
2.42871642850997,0.0399859284525349,0.0124038753408532,              277P   1393
2.42162336809884,0.0389876896204249,0.0120942061809849,              277P   1394
2.41274915756646,0.0424896237471019,0.013180418861345,               277P   1395
2.40585249197389,0.0504261974248605,0.0156425101443743,              277P   1396
2.40106251466633,0.0621147647682841,0.0192681607833628,              277P   1397
2.40357037680557,0.0659008425754064,0.0204427046502646,              277P   1398
2.4110414991931,0.0659019110267755,0.0204430555294094,               277P   1399
2.41477248086867,0.0610684348697357,-0.022305673497248,              277P   1400
2.4064832392461,0.0610694149128034,-0.0223060392291156,              277P   1401
2.41021422092167,0.0575649860196745,-0.0210260186299531,             277P   1402
2.41766702523643,0.0457301513147348,-0.0167032605090727,             277P   1403
2.42042718688739,0.037053185365432,-0.0135339629103811,              277P   1404
2.41333412647626,0.0361281666354168,-0.0131960888717004,             277P   1405
2.40445991594388,0.0393733095504427,-0.0143813591869696,             277P   1406
2.39756325035132,0.0467277189755421,-0.0170676614816853,             277P   1407
2.39277327304375,0.0575591057612682,-0.0210238242387478,             277P   1408
2.395281135183,0.0610674548266679,-0.0223053077653804,               277P   1409
2.40275225757053,0.0610684348697357,-0.022305673497248,              277P   1410
2.4064832392461,0.0432034005659658,-0.0488479692917962,              277P   1411
2.40026630802917,0.0432040987425272,-0.0488487531388932,             277P   1412
2.40399728970474,0.0407248576246488,-0.0460455990508929,             277P   1413
2.4114500940195,0.0323521987141109,-0.0365790449739711,              277P   1414
2.41421025567047,0.0262136185098724,-0.0296384351060668,             277P   1415
2.40711719525933,0.0255592031013741,-0.0288985228444822,             277P   1416
2.39824298472696,0.02785498250382,-0.031494277378722,                277P   1417
2.39134631913439,0.0330579568981838,-0.0373769880446162,             277P   1418
2.38655634182682,0.0407206685652809,-0.0460408959683109,             277P   1419
2.38906420396606,0.0432027023894046,-0.0488471854446993,             277P   1420
2.3965353263536,0.0432034005659658,-0.0488479692917962,              277P   1421
2.40026630802917,0.0144552032516615,-0.0635333996027149,             277P   1422
2.39404937681224,0.0144554350381244,-0.0635344247938315,             277P   1423
2.39778035848781,0.0136259193181331,-0.0598885407721269,             277P   1424
2.40523316280257,0.0108245549370322,-0.0475760037606212,             277P   1425
2.40799332445353,0.00877067317456127,-0.038548818963807,             277P   1426
2.4009002640424,0.00855171673756519,-0.0375864595838162,             277P   1427
2.39202605351002,0.00931985928230857,-0.0409625599481196,            277P   1428
2.38512938791746,0.0110606833678765,-0.0486138605410088,             277P   1429
2.38033941060989,0.0136245285993554,-0.0598823896254269,             277P   1430
2.38284727274913,0.0144549714651985,-0.0635323744115981,             277P   1431
2.39031839513666,0.0144552032516615,-0.0635333996027149,             277P   1432
2.39404937681224,-0.0176248848625682,-0.062723771374867,             277P   1433
2.38783244559531,-0.0176251682327016,-0.0627247811381912,            277P   1434
2.39156342727088,-0.016613759149816,-0.0591253589220702,             277P   1435
2.39901623158564,-0.0131981221331721,-0.0469697254237776,            277P   1436
2.4017763932366,-0.0106938754834064,-0.0380575695817778,             277P   1437
2.39468333282547,-0.010426906680828,-0.037107475242926,              277P   1438
2.3858091222931,-0.0113634805898191,-0.0404405652227432,             277P   1439
2.37891245670053,-0.0134860310667723,-0.047994346571885,             277P   1440
2.37412247939296,-0.0166120589290154,-0.0591193003421252,            277P   1441
2.3766303415322,-0.0176246014924348,-0.062722761611543,              277P   1442
2.38410146391974,-0.0176248848625682,-0.062723771374867,             277P   1443
2.38783244559531,-0.0455123788616738,-0.0466497200781696,            277P   1444
2.38161551437837,-0.0455131124694945,-0.0466504720343766,            277P   1445
2.38534649605394,-0.0429013707105319,-0.0439734635954977,            277P   1446
2.3927993003687,-0.0340812408160852,-0.0349329211959956,             277P   1447
2.39555946201967,-0.0276145820369298,-0.0283046625303465,            277P   1448
2.38846640160854,-0.0269251928962881,-0.027598045744923,             277P   1449
2.37959219107616,-0.0293436786763502,-0.0300769687040207,            277P   1450
2.37269552548359,-0.0348247099433387,-0.0356949694679063,            277P   1451
2.36790554817602,-0.0428969690636071,-0.043968951858255,             277P   1452
2.37041341031527,-0.0455116452538529,-0.0466489681219624,            277P   1453
2.3778845327028,-0.0455123788616738,-0.0466497200781696,             277P   1454
2.38161551437837,-0.0622569034474094,-0.0192041963660644,            277P   1455
2.37539858316145,-0.0622579062106465,-0.0192045056418328,            277P   1456
2.37912956483702,-0.0586852751227768,-0.0181024670892019,            277P   1457
2.38658236915177,-0.0466201187676638,-0.0143807652641946,            277P   1458
2.38934253080274,-0.0377742998777437,-0.0116521224584348,            277P   1459
2.38224947039161,-0.0368312770197643,-0.0113612311101798,            277P   1460
2.37337525985923,-0.0401395553046907,-0.012381725811382,             277P   1461
2.36647859426667,-0.0476371155696196,-0.014694474971822,             277P   1462
2.3616886169591,-0.0586792585433541,-0.0181006114345916,             277P   1463
2.36419647909834,-0.0622559006841724,-0.0192038870902961,            277P   1464
2.37166760148588,-0.0622569034474094,-0.0192041963660644,            277P   1465
2.37539858316145,-0.0638819220551567,0.0129072460993294,             277P   1466
2.36918165194451,-0.0638829515944966,0.0129074541083251,             277P   1467
2.37291263362008,-0.0602170680621123,0.0121667678675061,             277P   1468
2.38036543793484,-0.0478369889995509,0.00966539154807177,            277P   1469
2.38312559958581,-0.0387602800573644,0.00783145615698492,            277P   1470
2.37603253917468,-0.0377926422380269,0.00763594639807756,            277P   1471
2.3671583286423,-0.0411872694447533,0.00832182575190954,             277P   1472
2.36026166304973,-0.0488805337835932,0.00987623816649396,            277P   1473
2.35547168574216,-0.0602108908260733,0.0121655198135324,             277P   1474
2.35797954788141,-0.0638808925158168,0.0129070380903339,             277P   1475
2.36545067026894,-0.0638819220551567,0.0129072460993294,             277P   1476
2.36918165194451,-0.0498984025723276,0.0418936013543434,             277P   1477
2.36296472072758,-0.0498992059680325,0.0418942760417752,             277P   1478
2.36669570240315,-0.0470357712980324,0.0394901991937471,             277P   1479
2.37414850671792,-0.0373656465260377,0.0313713750741836,             277P   1480
2.37690866836888,-0.0302757935157339,0.0254188909781092,             277P   1481
2.36981560795774,-0.0295199685315999,0.0247843168445355,             277P   1482
2.36094139742537,-0.0321715283490341,0.0270105072338695,             277P   1483
2.3540447318328,-0.0381807599072903,0.0320557270681519,              277P   1484
2.34925475452524,-0.0470309509238024,0.0394861510691559,             277P   1485
2.35176261666447,-0.0498975991766226,0.0418929266669115,             277P   1486
2.35923373905201,-0.0498984025723276,0.0418936013543434,             277P   1487
2.36296472072758,-0.0238409560015603,0.0606420036785302,             277P   1488
2.35674778951065,-0.0238413410916912,0.060642981306731,              277P   1489
2.36047877118623,-0.0224732202000651,0.0571630213426569,             277P   1490
2.36793157550098,-0.0178529313300592,0.045410826346463,              277P   1491
2.37069173715194,-0.0144654746863576,0.0367944645212211,             277P   1492
2.36359867674082,-0.0141043483825308,0.0358759025008087,             277P   1493
2.35472446620843,-0.0153712305508889,0.0390983617917919,             277P   1494
2.34782780061587,-0.0182423894800828,0.046401446630196,              277P   1495
2.3430378233083,-0.02247090965928,0.057157155573452,                 277P   1496
2.34554568544755,-0.0238405709114295,0.0606410260503294,             277P   1497
2.35301680783508,-0.0238409560015603,0.0606420036785302,             277P   1498
2.35674778951065,0.00816891549593659,0.064687087922892,              277P   1499
2.35053085829372,0.0081690490090685,0.0646881288443836,              277P   1500
2.35426183996929,0.00770027249222773,0.0609760413227171,             277P   1501
2.36171464428405,0.00611716658365533,0.0484399244906463,             277P   1502
2.36447480593502,0.0049564863228409,0.0392488078471896,              277P   1503
2.35738174552388,0.00483274834276655,0.0382689748669143,             277P   1504
2.34850753499151,0.0052668272873659,0.0417063962444142,              277P   1505
2.34161086939894,0.00625061787692211,0.0494966154305202,             277P   1506
2.33682089209137,0.00769947141343646,0.0609697957937671,             277P   1507
2.33932875423062,0.00816878198280472,0.0646860470014003,             277P   1508
2.34679987661815,0.00816891549593659,0.064687087922892,              277P   1509
2.35053085829372,0.0379112790115834,0.0528499732962193,              277P   1510
2.34431392707678,0.0379118860974604,0.0528508275617468,              277P   1511
2.34804490875236,0.0357363375288257,0.0498180146601445,              277P   1512
2.35549771306711,0.0283892735002319,0.0395758856586923,              277P   1513
2.35825787471808,0.0230026095378438,0.0320666672158914,              277P   1514
2.35116481430695,0.0224283587540036,0.0312661320418025,              277P   1515
2.34229060377457,0.0244429501627879,0.0340745182674129,              277P   1516
2.335393938182,0.0290085578885975,0.0404392282758315,                277P   1517
2.33060396087444,0.0357326950135635,0.0498128890669794,              277P   1518
2.33311182301368,0.0379106719257063,0.0528491190306918,              277P   1519
2.34058294540121,0.0379112790115834,0.0528499732962193,              277P   1520
2.34431392707678,0.0659254225385579,0.0201950520575983,              277P   1521
2.33602468545422,0.0659264955951636,0.0201953645988505,              277P   1522
2.33975566712979,0.0621433405250947,0.0190364710611387,              277P   1523
2.34720847144455,0.0493672361207046,0.0151227481385299,              277P   1524
2.34996863309551,0.0400002089885799,0.012253278018639,               277P   1525
2.34287557268438,0.0390016115878872,0.0119473852076398,              277P   1526
2.334001362152,0.0425047728535654,0.0130205999314569,                277P   1527
2.32710469655943,0.0504442067226343,0.0154525909863064,              277P   1528
2.32231471925186,0.0621369021854614,0.0190345958136252,              277P   1529
2.32482258139111,0.0659243494819525,0.020194739516346,               277P   1530
2.33229370377864,0.0659254225385579,0.0201950520575983,              277P   1531
2.33602468545422,0.0630378879025367,-0.038521792568859,              277P   1532
2.32566313342599,0.0630388898297546,-0.0385224048339274,             277P   1533
2.32939411510156,0.0594214475968941,-0.0363118238024051,             277P   1534
2.33684691941632,0.047204942582577,-0.0288464456353425,              277P   1535
2.33960708106729,0.038248113770782,-0.0233730214220686,              277P   1536
2.33251402065616,0.0372932688439452,-0.0227895256966761,             277P   1537
2.32363981012378,0.0406431185695897,-0.0248365837640702,             277P   1538
2.31674314453121,0.0482346411668075,-0.0294756836384489,             277P   1539
2.31195316722365,0.059415436033586,-0.0363081502119955,              277P   1540
2.31446102936289,0.0630368859753186,-0.0385211803037908,             277P   1541
2.32193215175042,0.0630378879025367,-0.038521792568859,              277P   1542
2.32566313342599,0.0121051699398523,-0.0678782748038095,             277P   1543
2.31530158139778,0.0121053813663295,-0.0678793722761548,             277P   1544
2.31903256307335,0.0114107153433971,-0.06398415527908,               277P   1545
2.32648536738811,0.00906477447505973,-0.0508295970597222,            277P   1546
2.32924552903907,0.00734485523442033,-0.041185074802387,             277P   1547
2.32215246862794,0.00716148534472306,-0.0401569010500918,            277P   1548
2.31327825809556,0.00780465708985062,-0.043763872246048,             277P   1549
2.30638159250299,0.00926258695739383,-0.0519384390829536,            277P   1550
2.30159161519543,0.0114094467845343,-0.0639775704450078,             277P   1551
2.30409947733467,0.0121049585133752,-0.0678771773314641,             277P   1552
2.31157059972221,0.0121051699398523,-0.0678782748038095,             277P   1553
2.31530158139778,-0.0297346172764237,-0.0578469527614216,            277P   1554
2.3070123397752,-0.0297351005185381,-0.0578478827065057,             277P   1555
2.31074332145077,-0.0280287686924484,-0.0545283187460675,            277P   1556
2.31819612576553,-0.0222663094112163,-0.0433177948629116,            277P   1557
2.32095628741649,-0.0180414578491737,-0.0350985613773976,            277P   1558
2.31386322700536,-0.0175910567416919,-0.0342223383141239,            277P   1559
2.30498901647298,-0.0191711060349542,-0.0372962850216912,            277P   1560
2.29809235088042,-0.022752056836443,-0.0442627455156009,             277P   1561
2.29330237357285,-0.0280258692397622,-0.0545227390755626,            277P   1562
2.2958102357121,-0.0297341340343094,-0.0578460228163374,             277P   1563
2.30328135809963,-0.0297346172764237,-0.0578469527614216,            277P   1564
2.3070123397752,-0.0538354364250007,-0.0367801709317682,             277P   1565
2.30079540855827,-0.0538363017668764,-0.0367807646415836,            277P   1566
2.30452639023385,-0.0507469398710116,-0.0346701229261906,            277P   1567
2.3119791945486,-0.0403138329327156,-0.0275422622732037,             277P   1568
2.31473935619957,-0.0326645787903528,-0.0223163282311788,            277P   1569
2.30764629578843,-0.0318491192897111,-0.0217592078724232,            277P   1570
2.29877208525606,-0.0347098974193945,-0.0237136676867762,            277P   1571
2.29187541966349,-0.0411932535552708,-0.028143089667685,             277P   1572
2.28708544235593,-0.0507417478197578,-0.0346665606672984,            277P   1573
2.28959330449517,-0.0538345710831251,-0.0367795772219529,            277P   1574
2.2970644268827,-0.0538354364250007,-0.0367801709317682,             277P   1575
2.30079540855827,-0.0648422206990411,-0.00645021650223661,           277P   1576
2.29457847734134,-0.0648432664166481,-0.00645031978290998,           277P   1577
2.29830945901691,-0.0611222755466906,-0.00608017244157235,           277P   1578
2.30576226333167,-0.0485560940074637,-0.0048301446188301,            277P   1579
2.30852242498263,-0.0393429425981299,-0.00391365879299892,           277P   1580
2.3014293645715,-0.0383607584554338,-0.00381595589857625,            277P   1581
2.29255515403912,-0.0418064113648623,-0.00415871807492585,           277P   1582
2.28565848844656,-0.0496153287032843,-0.00493550948903156,           277P   1583
2.28086851113899,-0.0611160012410484,-0.00607955275753202,           277P   1584
2.28337637327824,-0.0648411749814341,-0.0064501132215632,            277P   1585
2.29084749566576,-0.0648422206990411,-0.00645021650223661,           277P   1586
2.29457847734134,-0.060039926018837,0.0252910233299209,              277P   1587
2.28836154612441,-0.0600408927794658,0.0252914303642418,             277P   1588
2.29209252779998,-0.0565954837355998,0.0238400975428749,             277P   1589
2.29954533211473,-0.0449599694318846,0.0189387913566933,             277P   1590
2.3023054937657,-0.0364291504991139,0.015345296265318,               277P   1591
2.29521243335457,-0.035519708992182,0.0149622061958525,              277P   1592
2.28633822282219,-0.0387101805515157,0.0163061511243684,             277P   1593
2.27944155722962,-0.0459407496020638,0.0193519311705989,             277P   1594
2.27465157992206,-0.0565896831718275,0.0238376553369492,             277P   1595
2.27715944206131,-0.0600389592582083,0.0252906162955999,             277P   1596
2.28463056444884,-0.060039926018837,0.0252910233299209,              277P   1597
2.28836154612441,-0.0406376599321188,0.0509580126860287,             277P   1598
2.28214461490748,-0.0406383150007126,0.0509588341161256,             277P   1599
2.28587559658305,-0.0383063104604469,0.0480345929775694,             277P   1600
2.29332840089781,-0.0304308829709835,0.0381591194737528,             277P   1601
2.29608856254877,-0.0246568522191394,0.0309187140768107,             277P   1602
2.28899550213764,-0.0240413018327527,0.0301468383228269,             277P   1603
2.28012129160526,-0.0262007493630276,0.0328546998190206,             277P   1604
2.2732246260127,-0.0310947210980879,0.0389915461383889,              277P   1605
2.26843464870513,-0.0383023800488839,0.0480296643969878,             277P   1606
2.27094251084437,-0.040637004863525,0.0509571912559317,              277P   1607
2.2784136332319,-0.0406376599321188,0.0509580126860287,              277P   1608
2.28214461490748,-0.0112967802755512,0.0641623796633475,             277P   1609
2.27592768369054,-0.0112969619801695,0.0641634127587427,             277P   1610
2.27965866536612,-0.0106486929639265,0.0604814355038314,             277P   1611
2.28711146968087,-0.00845941901949882,0.0480470050308108,            277P   1612
2.28987163133184,-0.00685430670095216,0.0389304439662504,            277P   1613
2.28277857092071,-0.00668319133166251,0.0379585585298543,            277P   1614
2.27390436038833,-0.00728349383716782,0.0413680940711642,            277P   1615
2.26700769479576,-0.00864395637294642,0.0490951272152873,            277P   1616
2.2622177174882,-0.0106476027362166,0.0604752369314604,              277P   1617
2.26472557962744,-0.0112965985709329,0.0641613465679524,             277P   1618
2.27219670201497,-0.0112967802755512,0.0641623796633475,             277P   1619
2.27592768369054,0.0207172390808799,0.0617811888967258,              277P   1620
2.26971075247361,0.0207175724660294,0.0617821854143023,              277P   1621
2.27344173414918,0.0195287076175768,0.0582368527275298,              277P   1622
2.28089453846394,0.0155137838041495,0.0462638877427447,              277P   1623
2.28365470011491,0.0125701583481145,0.0374856656695392,              277P   1624
2.27656163970377,0.0122563486657862,0.0365498477783987,              277P   1625
2.2676874291714,0.0133572465285317,0.0398328395463853,               277P   1626
2.26079076357883,0.0158522087114885,0.0472731194272899,              277P   1627
2.25600078627127,0.01952670730668,0.0582308736220709,                277P   1628
2.25850864841051,0.0207169056957305,0.0617801923791493,              277P   1629
2.26597977079804,0.0207172390808799,0.0617811888967258,              277P   1630
2.26971075247361,0.0478375439574253,0.0443012984756255,              277P   1631
2.26349382125668,0.0478383153386497,0.0443020100078985,              277P   1632
2.26722480293226,0.0450931431415556,0.0417597675867332,              277P   1633
2.27467760724701,0.0358224048213769,0.0331743411844052,              277P   1634
2.27743776889798,0.0290253742499429,0.0268797514072024,              277P   1635
2.27034470848685,0.0283007649929238,0.0262087083212069,              277P   1636
2.26147049795446,0.030842806349559,0.0285628518502939,               277P   1637
2.2545738323619,0.0366038579963814,0.0338980160052267,               277P   1638
2.24978385505434,0.0450885148542087,0.0417554983930956,              277P   1639
2.25229171719358,0.0478367725762008,0.0443005869433527,              277P   1640
2.25976283958111,0.0478375439574253,0.0443012984756255,              277P   1641
2.26349382125668,0.0630131512095576,0.016116975701074,               277P   1642
2.25727689003975,0.0630141653699342,0.0161172398965941,              277P   1643
2.26100787171532,0.0593981371208922,0.0151923603914787,              277P   1644
2.26846067603008,0.0471864229502657,0.0120689493337411,              277P   1645
2.27122083768104,0.0382331495079254,0.00977897153939974,             277P   1646
2.26412777726991,0.037278672003129,0.00953484051832109,              277P   1647
2.25525356673754,0.0406271407674356,0.0103912585239012,              277P   1648
2.24835690114497,0.0482157701573419,0.0123322471733605,              277P   1649
2.2435669238374,0.0593920521586334,0.0151907752183582,               277P   1650
2.24607478597665,0.0630121370491812,0.0161167115055539,              277P   1651
2.25354590836418,0.0630131512095576,0.016116975701074,               277P   1652
2.25727689003975,0.0634828463264477,-0.0269060640082619,             277P   1653
2.24898764841717,0.0634838692372875,-0.0269065143479853,             277P   1654
2.25271863009275,0.0598408868733379,-0.0253624943502972,             277P   1655
2.26017143440751,0.0475381472510556,-0.0201481951316126,             277P   1656
2.26293159605847,0.0385181406380431,-0.0163252814040199,             277P   1657
2.25583853564734,0.0375565478467157,-0.0159177179037762,             277P   1658
2.24696432511496,0.0409299695684734,-0.0173473937029688,             277P   1659
2.2400676595224,0.0485751721017056,-0.0205877895769162,              277P   1660
2.23527768221483,0.0598347494082988,-0.0253597923119566,             277P   1661
2.23778554435407,0.0634818234156078,-0.0269056136685384,             277P   1662
2.2452566667416,0.0634828463264477,-0.0269060640082619,              277P   1663
2.24898764841717,0.0235285487796046,-0.0700291669283098,             277P   1664
2.23862609638896,0.0235289227412986,-0.0700302799687273,             277P   1665
2.24235707806453,0.0221787321050846,-0.0660116417461108,             277P   1666
2.24980988237929,0.0176189880578716,-0.0524402532162156,             277P   1667
2.25257004403025,0.0142759004154216,-0.0424900584650428,             277P   1668
2.24547698361912,0.013919509741399,-0.0414293155251988,              277P   1669
2.23660277308674,0.0151698229422902,-0.045150683667312,              277P   1670
2.22970610749418,0.0180033174444881,-0.0535841515085568,             277P   1671
2.22491613018661,0.022176488334921,-0.0660049635036063,              277P   1672
2.22742399232585,0.0235281748179107,-0.0700280538878924,             277P   1673
2.23489511471339,0.0235285487796046,-0.0700291669283098,             277P   1674
2.23862609638896,-0.0343582403347846,-0.059778920940596,             277P   1675
2.22826454436073,-0.0343587838131587,-0.059779897559109,             277P   1676
2.23199552603631,-0.0323871302324436,-0.0563494602041075,            277P   1677
2.23944833035107,-0.0257286334186315,-0.0447645243347683,            277P   1678
2.24220849200203,-0.0208467851025317,-0.0362708357438437,            277P   1679
2.2351154315909,-0.0203263568689437,-0.0353653396593933,             277P   1680
2.22624122105852,-0.0221521764304736,-0.0385418676317765,            277P   1681
2.21934455546596,-0.0262898505728967,-0.0457410995369729,            277P   1682
2.21455457815839,-0.032383869362199,-0.0563436004930294,             277P   1683
2.21706244029764,-0.0343576968564105,-0.0597779443220831,            277P   1684
2.22453356268516,-0.0343582403347846,-0.059778920940596,             277P   1685
2.22826454436073,-0.0599613322488405,-0.0252002532124035,            277P   1686
2.21997530273817,-0.0599623001914615,-0.0252006549680685,            277P   1687
2.22370628441374,-0.0565214002013154,-0.0237545326906634,            277P   1688
2.2311590887285,-0.0449011164896995,-0.0188708183328332,             277P   1689
2.23391925037946,-0.0363814724870329,-0.0152902081030601,            277P   1690
2.22682618996833,-0.0354732200529039,-0.0149084951512592,            277P   1691
2.21795197943595,-0.0386595023246953,-0.0162476367191729,            277P   1692
2.21105531384338,-0.0458806230069099,-0.0192824594467648,            277P   1693
2.20626533653582,-0.0565155925455893,-0.0237521221566733,            277P   1694
2.20877319867506,-0.0599603643062194,-0.0251998514567384,            277P   1695
2.2162443210626,-0.0599613322488405,-0.0252002532124035,             277P   1696
2.21997530273817,-0.064882180683765,0.00642948475279036,             277P   1697
2.21375837152123,-0.0648832252031444,0.00642958617489624,            277P   1698
2.2174893531968,-0.0611599420250938,0.00606062919975215,             277P   1699
2.22494215751156,-0.0485860168320428,0.0048146194793284,             277P   1700
2.22770231916253,-0.0393671817527125,0.00390107443466432,            277P   1701
2.22060925875139,-0.0383843933851694,0.00380368644758272,            277P   1702
2.21173504821902,-0.0418321794267291,0.00414535498016682,            277P   1703
2.20483838262645,-0.049645896607998,0.00491963932432328,             277P   1704
2.20004840531889,-0.0611536749088171,0.00606002066711712,            277P   1705
2.20255626745813,-0.0648811361643856,0.00642938333068451,            277P   1706
2.21002738984566,-0.064882180683765,0.00642948475279036,             277P   1707
2.21375837152123,-0.0538181392158376,0.0367386344067688,             277P   1708
2.20754144030431,-0.0538190066696746,0.036739227463927,              277P   1709
2.21127242197988,-0.0507306363311276,0.0346309693273102,             277P   1710
2.21872522629464,-0.0403008809531784,0.0275111582944614,             277P   1711
2.22148538794559,-0.0326540921886042,0.0222911260534425,             277P   1712
2.21439232753447,-0.0318388933174884,0.021734634850713,              277P   1713
2.20551811700209,-0.0346987397078174,0.0236868873637376,             277P   1714
2.19862145140952,-0.0411800289926943,0.0281113072378931,             277P   1715
2.19383147410196,-0.0507254316081055,0.0346274109843606,             277P   1716
2.1963393362412,-0.0538172717620006,0.0367380413496105,              277P   1717
2.20381045862873,-0.0538181392158376,0.0367386344067688,             277P   1718
2.20754144030431,-0.0297364967264876,0.0579669628739862,             277P   1719
2.20132450908737,-0.0297369756714065,0.057967896101904,              277P   1720
2.20505549076294,-0.0280305378900299,0.0546414447332562,             277P   1721
2.2125082950777,-0.0222677154182701,0.0434076630122291,              277P   1722
2.21526845672867,-0.0180425828909949,0.0351713821424031,             277P   1723
2.20817539631753,-0.0175921558061437,0.0342933404750747,             277P   1724
2.19930118578515,-0.019172327745412,0.0373736573130893,              277P   1725
2.19240452019259,-0.0227534754876866,0.0443545797210919,             277P   1726
2.18761454288502,-0.0280276642205163,0.0546358453657504,             277P   1727
2.19012240502427,-0.0297360177815687,0.0579660296460686,             277P   1728
2.1975935274118,-0.0297364967264876,0.0579669628739862,              277P   1729
2.20132450908737,0.00162492634352083,0.0651574895622823,             277P   1730
2.19510757787044,0.0016249525369174,0.0651585398843288,              277P   1731
2.19883855954601,0.00153170564186801,0.061419457423685,              277P   1732
2.20629136386077,0.00121680095455273,0.0487921780650408,             277P   1733
2.20905152551173,0.000985922141839853,0.0395342299189703,            277P   1734
2.2019584651006,0.00096130891262465,0.0385472705825819,              277P   1735
2.19308425456823,0.00104765599030043,0.0420096791002586,             277P   1736
2.18618758897566,0.00124334500415846,0.0498565608550768,             277P   1737
2.18139761166809,0.00153154848148849,0.0614131554914051,             277P   1738
2.18390547380734,0.00162490015012426,0.0651564392402356,             277P   1739
2.19137659619487,0.00162492634352083,0.0651574895622823,             277P   1740
2.19510757787044,0.0325889465207223,0.056412663355342,               277P   1741
2.18889064665351,0.032589471387847,0.0564135715497502,               277P   1742
2.19262162832908,0.0307193449285576,0.0531763141248281,              277P   1743
2.20007443264384,0.0244037283001558,0.0422437498697545,              277P   1744
2.2028345942948,0.0197733032311326,0.0342283128189553,               277P   1745
2.19574153388367,0.0192796692980958,0.0333738145635824,              277P   1746
2.18686732335129,0.0210114180800003,0.0363715372552178,              277P   1747
2.17997065775873,0.0249360844335181,0.0431652763456489,              277P   1748
2.17518068045116,0.0307161957258096,0.0531708649583794,              277P   1749
2.1776885425904,0.0325884216535976,0.056411755160934,                277P   1750
2.18515966497794,0.0325889465207223,0.056412663355342,               277P   1751
2.18889064665351,0.0555825088008916,0.0340103525793359,              277P   1752
2.18267371543658,0.0555834047378745,0.0340109016602727,              277P   1753
2.18640469711215,0.0523937854928288,0.0320592068091961,              277P   1754
2.19385750142691,0.0416221018354289,0.0254681266557725,              277P   1755
2.19661766307787,0.0337246215011994,0.0206357442840351,              277P   1756
2.18952460266674,0.0328826971896101,0.0201205791533825,              277P   1757
2.18065039213436,0.0358363003212237,0.0219278532867269,              277P   1758
2.17375372654179,0.0425300719803179,0.026023707654184,               277P   1759
2.16896374923423,0.0523884098709308,0.0320559123235753,              277P   1760
2.17147161137347,0.0555816128639087,0.0340098034983991,              277P   1761
2.178942733761,0.0555825088008916,0.0340103525793359,                277P   1762
2.18267371543658,0.0651220103798346,0.00318738263022079,             277P   1763
2.17645678421965,0.0651230586562686,0.00318743186125725,             277P   1764
2.18018776589522,0.0613860128255479,0.00300452387666128,             277P   1765
2.18764057020998,0.0487656095547595,0.00238682148326347,             277P   1766
2.19040073186094,0.039512697752385,0.00193393304730383,              277P   1767
2.18330767144981,0.0385262766777952,0.00188565407786151,             277P   1768
2.17443346091743,0.0419868076200987,0.00205503994037557,             277P   1769
2.16753679532487,0.0498294066237793,0.0024388801340811,              277P   1770
2.1627468180173,0.061379723166944,0.00300422849044255,               277P   1771
2.16525468015654,0.0651209621034006,0.00318733339918437,             277P   1772
2.17272580254407,0.0651220103798346,0.00318738263022079,             277P   1773
2.17645678421965,0.0586306666556811,-0.0281577530108556,             277P   1774
2.17023985300271,0.0586316133692067,-0.0281582025150636,             277P   1775
2.17397083467828,0.0552670739341217,-0.0265423631748346,             277P   1776
2.18142363899304,0.0439046682167622,-0.0210854963279499,             277P   1777
2.18418380064401,0.0355740934899087,-0.0170846678797741,             277P   1778
2.17709074023288,0.0346859969051544,-0.016658156780456,              277P   1779
2.1682165297005,0.0378015676799497,-0.0181544567510222,              277P   1780
2.16131986410793,0.044862438514421,-0.021545450109198,               277P   1781
2.15652988680037,0.0552613936529676,-0.0265396661495865,             277P   1782
2.15903774893961,0.0586297199421555,-0.0281573035066476,             277P   1783
2.16650887132714,0.0586306666556811,-0.0281577530108556,             277P   1784
2.17023985300271,0.0313357970612306,-0.0614172279814618,             277P   1785
2.16195061138014,0.0313362911836024,-0.0614182304761226,             277P   1786
2.16568159305571,0.0295380817126942,-0.0578937786043492,             277P   1787
2.17313439737047,0.0234653233267991,-0.0459913450463382,             277P   1788
2.17589455902143,0.0190129189653525,-0.0372648747222617,             277P   1789
2.1688014986103,0.0185382729195921,-0.0363345630341025,              277P   1790
2.15992728807793,0.0202034859926167,-0.0395981519266501,             277P   1791
2.15303062248536,0.0239771645877964,-0.0469946806552209,             277P   1792
2.1482406451778,0.0295351169784638,-0.0578877636363843,              277P   1793
2.15074850731704,0.0313353029388588,-0.061416225486801,              277P   1794
2.15821962970457,0.0313357970612306,-0.0614172279814618,             277P   1795
2.16195061138014,-0.0269899667511202,-0.0687693137363651,            277P   1796
2.15158905935192,-0.026990395728433,-0.0687704067527323,             277P   1797
2.15532004102749,-0.0254415709062809,-0.0648240654660088,            277P   1798
2.16277284534225,-0.0202110171062709,-0.0514968317348709,            277P   1799
2.16553300699322,-0.0163761089204248,-0.0417256450337361,            277P   1800
2.15843994658208,-0.0159672875973441,-0.0406839852907546,            277P   1801
2.14956573604971,-0.017401541449417,-0.0443384045066175,             277P   1802
2.14266907045714,-0.0206518873640666,-0.0526201508317393,            277P   1803
2.13787909314957,-0.0254389970424044,-0.0648175073678057,            277P   1804
2.14038695528882,-0.0269895377738074,-0.068768220719998,             277P   1805
2.14785807767635,-0.0269899667511202,-0.0687693137363651,            277P   1806
2.15158905935192,-0.0647450887935103,-0.023708259057044,             277P   1807
2.1412275073237,-0.0647461328803778,-0.0237086578490652,             277P   1808
2.14495848899927,-0.0610307159830181,-0.0223481448662003,            277P   1809
2.15241129331403,-0.0484833582617701,-0.0177535683643248,            277P   1810
2.155171454965,-0.0392840076990582,-0.0143850170229806,              277P   1811
2.14807839455386,-0.0383032948788408,-0.0140258915990073,            277P   1812
2.13920418402149,-0.0417437866310221,-0.0152856390107216,            277P   1813
2.13230751842892,-0.0495410059842213,-0.0181409249386933,            277P   1814
2.12751754112136,-0.0610244514618125,-0.022345752114073,             277P   1815
2.1300254032606,-0.0647440447066427,-0.0237078602650227,             277P   1816
2.13749652564813,-0.0647450887935103,-0.023708259057044,             277P   1817
2.1412275073237,-0.0621314558933928,0.0192378875054159,              277P   1818
2.13293826570113,-0.0621324556240227,0.0192382019242454,             277P   1819
2.1366692473767,-0.05856702382545,0.0181342279782756,                277P   1820
2.14412205169146,-0.0465261789829635,0.0144059958302669,             277P   1821
2.14688221334242,-0.0376981811470858,0.0116725807939006,             277P   1822
2.13978915293129,-0.036757059061154,0.0113811764681545,              277P   1823
2.13091494239891,-0.0400586764969396,0.0124034372775245,             277P   1824
2.12401827680635,-0.0475411223150841,0.0147202750954824,             277P   1825
2.11922829949878,-0.0585610254416708,0.0181323414652982,             277P   1826
2.12173616163802,-0.062130456162763,0.0192375730865863,              277P   1827
2.12920728402556,-0.0621314558933928,0.0192378875054159,             277P   1828
2.13293826570113,-0.0455698408364606,0.0466307328924731,             277P   1829
2.12672133448419,-0.0455705757918538,0.0466314819904285,             277P   1830
2.13045231615976,-0.0429555363751661,0.0439555642560939,             277P   1831
2.13790512047453,-0.0341242704622886,0.0349187021159236,             277P   1832
2.14066528212549,-0.0276494485130559,0.028293133047246,              277P   1833
2.13357222171436,-0.0269591887367359,0.0275868053354283,             277P   1834
2.12469801118198,-0.0293807257756771,0.0300647327641708,             277P   1835
2.11780134558942,-0.0348686800199314,0.0356804295722175,             277P   1836
2.11301136828185,-0.0429511266428062,0.0439510696683611,             277P   1837
2.11551923042109,-0.0455691058810673,0.0466299837945175,             277P   1838
2.12299035280862,-0.0455698408364606,0.0466307328924731,             277P   1839
2.12672133448419,-0.0176119474908044,0.0627370598032509,             277P   1840
2.12050440326726,-0.0176122307892028,0.06273807169997,               277P   1841
2.12423538494284,-0.0166015640613618,0.0591378860817925,             277P   1842
2.13168818925759,-0.0131884342264154,0.0469796768742699,             277P   1843
2.13444835090856,-0.0106860262324446,0.0380656391108316,             277P   1844
2.12735529049743,-0.0104192533172189,0.0371153423834942,             277P   1845
2.11848107996505,-0.0113551390262982,0.0404491283981755,             277P   1846
2.11158441437249,-0.0134761323919447,0.0480045231043736,             277P   1847
2.10679443706492,-0.0165998642709716,0.0591318147014778,             277P   1848
2.10930229920416,-0.017611664192406,0.0627360479065319,              277P   1849
2.11677342159169,-0.0176119474908044,0.0627370598032509,             277P   1850
2.12050440326726,0.0144809674308878,0.0635195214434138,              277P   1851
2.11428747205033,0.0144812004051366,0.0635205441973337,              277P   1852
2.11801845372591,0.0136502058611266,0.0598754575486181,              277P   1853
2.12547125804067,0.0108438482922006,0.0475656106047229,              277P   1854
2.12823141969163,0.00878630829321227,0.0385403905748875,             277P   1855
2.12113835928049,0.00856696115405358,0.0375782426856238,             277P   1856
2.11226414874812,0.00933646871816134,0.0409536172260628,             277P   1857
2.10536748315555,0.0110804008181887,0.048603231441513,               277P   1858
2.10057750584799,0.013648808015634,0.0598693210250982,               277P   1859
2.10308536798723,0.0144807344566391,0.0635184986894936,              277P   1860
2.11055649037476,0.0144809674308878,0.0635195214434138,              277P   1861
2.11428747205033,0.0431271927651109,0.0488690502874977,              277P   1862
2.1080705408334,0.0431278879644145,0.0488698380440743,               277P   1863
2.11180152250897,0.0406530208213106,0.0460654726514567,              277P   1864
2.11925432682373,0.0322951311196422,0.0365948322981016,              277P   1865
2.12201448847469,0.0261673733286775,0.02965123860613,                277P   1866
2.11492142806357,0.025514113268511,0.0289110049696641,               277P   1867
2.10604721753118,0.027805852262394,0.0315078609428284,               277P   1868
2.09915055193862,0.0329996371107435,0.037393134633579,               277P   1869
2.09436057463105,0.0406488496254885,0.0460607461119972,              277P   1870
2.0968684367703,0.0431264975658071,0.0488682625309212,               277P   1871
2.10433955915783,0.0431271927651109,0.0488690502874977,              277P   1872
2.1080705408334,0.0612259424233983,0.0222668362481372,               277P   1873
2.10185360961647,0.0612269282710553,0.0222671945873323,              277P   1874
2.10558459129204,0.0577134593268889,0.0209894056426324,              277P   1875
2.1130373956068,0.0458480994585949,0.0166741756623571,               277P   1876
2.11579755725777,0.0371487644427336,0.0135103745124445,              277P   1877
2.10870449684663,0.0362213580203454,0.0131730926481458,              277P   1878
2.09983028631426,0.0394748535550536,0.0143563347979599,              277P   1879
2.09293362072169,0.0468482537170181,0.0170379139719289,              277P   1880
2.08814364341413,0.0577075442409472,0.0209872556074617,              277P   1881
2.09065150555336,0.0612249565757415,0.0222664779089421,              277P   1882
2.0981226279409,0.0612259424233983,0.0222668362481372,               277P   1883
2.10185360961647,0.0644401052406703,-0.00967430637033279,            277P   1884
2.09563667839954,0.0644411445106404,-0.00967446164712402,            277P   1885
2.09936766007511,0.0607432291441428,-0.00911929891213669,            277P   1886
2.10682046438987,0.0482549760782712,-0.00724445444742852,            277P   1887
2.10958062604083,0.0390989596397633,-0.00586987160377459,            277P   1888
2.10248756562971,0.0381228664364164,-0.00572333247362011,            277P   1889
2.09361335509732,0.0415471511227923,-0.00623741966349798,            277P   1890
2.08671668950476,0.0493076421442387,-0.00740248666998867,            277P   1891
2.08192671219719,0.0607369935243222,-0.00911836725138921,            277P   1892
2.08443457433644,0.0644390659707002,-0.0096741510935415,             277P   1893
2.09190569672397,0.0644401052406703,-0.00967430637033279,            277P   1894
2.09563667839954,0.0519351642382113,-0.0394179446381871,             277P   1895
2.08941974718261,0.0519359989096487,-0.0394185807441285,             277P   1896
2.09315072885818,0.0489556847311352,-0.0371565696325052,             277P   1897
2.10060353317294,0.0388908434906837,-0.0295175182667342,             277P   1898
2.1033636948239,0.0315115907466043,-0.0239167938763474,              277P   1899
2.09627063441277,0.0307249152404739,-0.0233197184679263,             277P   1900
2.08739642388039,0.033484714872745,-0.0254143477818607,              277P   1901
2.08049975828783,0.0397392219797346,-0.0301614346017479,             277P   1902
2.07570978098026,0.0489506767025109,-0.0371527529968568,             277P   1903
2.0782176431195,0.051934329566774,-0.0394173085322458,               277P   1904
2.08568876550703,0.0519351642382113,-0.0394179446381871,             277P   1905
2.08941974718261,0.0268142416359687,-0.0592571562985602,             277P   1906
2.08320281596568,0.0268146779248689,-0.0592581091744851,             277P   1907
2.08693379764125,0.0252759326941097,-0.0558576201657584,             277P   1908
2.094386601956,0.020079431330747,-0.0443738040295228,                277P   1909
2.09714676360697,0.0162695238082202,-0.0359542014129442,             277P   1910
2.09005370319584,0.0158633584045515,-0.0350566174744988,             277P   1911
2.08117949266346,0.0172882210022738,-0.0382055000433271,             277P   1912
2.0742828270709,0.0205174733534385,-0.0453417919479996,              277P   1913
2.06949284976333,0.0252733149607088,-0.0558519029102089,             277P   1914
2.07200071190257,0.0268138053470685,-0.0592562034226352,             277P   1915
2.07947183429011,0.0268142416359687,-0.0592571562985602,             277P   1916
2.08320281596568,-0.0154736199583282,-0.0671905882976219,            277P   1917
2.0749135743431,-0.0154738858297778,-0.0671916738688244,             277P   1918
2.07864455601867,-0.0145859202084177,-0.0633359203298889,            277P   1919
2.08609736033343,-0.011587186208128,-0.0503146333961005,             277P   1920
2.08885752198439,-0.00938865882711776,-0.040767818939441,            277P   1921
2.08176446157326,-0.00915426596662542,-0.0397500622431558,           277P   1922
2.07289025104089,-0.00997643324866673,-0.0433204947097472,           277P   1923
2.06599358544832,-0.0118400247521294,-0.0514122382845644,            277P   1924
2.06120360814076,-0.0145843249797199,-0.0633294069026745,            277P   1925
2.06371147028,-0.0154733540868785,-0.0671895027264196,               277P   1926
2.07118259266753,-0.0154736199583282,-0.0671905882976219,            277P   1927
2.0749135743431,-0.0648795768460362,-0.0353315344313501,             277P   1928
2.06455202231488,-0.064880608039101,-0.0353320959891629,             277P   1929
2.06828300399046,-0.0611574801080268,-0.0333045885810732,            277P   1930
2.07573580830521,-0.0485840627213238,-0.0264574704136375,            277P   1931
2.07849596995618,-0.0393655548722625,-0.0214373386047063,            277P   1932
2.07140290954505,-0.0383828135931903,-0.0209021662280269,            277P   1933
2.06252869901267,-0.0418305311791494,-0.0227796931559067,            277P   1934
2.05563203342011,-0.0496438445296357,-0.0270345968264523,            277P   1935
2.05084205611253,-0.0611512929496388,-0.0333012192341963,            277P   1936
2.05334991825178,-0.0648785456529717,-0.0353309728735373,            277P   1937
2.06082104063931,-0.0648795768460362,-0.0353315344313501,            277P   1938
2.06455202231488,-0.0648369906586231,0.023455760757838,              277P   1939
2.05419047028666,-0.0648380468141361,0.0234561263915281,             277P   1940
2.05792145196224,-0.06111735145784,0.0221101158554007,               277P   1941
2.06537425627699,-0.0485521809524888,0.0175644795756268,             277P   1942
2.06813441792796,-0.0393398065088105,0.014231711053152,              277P   1943
2.06104135751683,-0.0383576955297338,0.0138764270390731,             277P   1944
2.05216714698445,-0.0418030151456739,0.0151229100041262,             277P   1945
2.04527048139188,-0.0496113741195848,0.0179475900757309,             277P   1946
2.04048050408432,-0.0611110145247612,0.0221079220532601,             277P   1947
2.04298836622356,-0.0648359345031099,0.0234553951241479,             277P   1948
2.05045948861109,-0.0648369906586231,0.023455760757838,              277P   1949
2.05419047028666,-0.0352295808049993,0.0546744068409353,             277P   1950
2.04590122866409,-0.0352301445385651,0.0546752903141944,             277P   1951
2.04963221033966,-0.0332084860958351,0.0515377818242308,             277P   1952
2.05708501465442,-0.0263811252445658,0.0409420844296821,             277P   1953
2.05984517630538,-0.0213754918760326,0.0331736394030933,             277P   1954
2.05275211589426,-0.0208418616218067,0.0323454691226152,             277P   1955
2.04387790536187,-0.0227139507296637,0.0352508051146997,             277P   1956
2.03698123976931,-0.0269566021265555,0.0418352293128089,             277P   1957
2.03219126246174,-0.0332051036944407,0.0515324809846763,             277P   1958
2.03469912460099,-0.0352290170714337,0.0546735233676763,             277P   1959
2.04217024698852,-0.0352295808049993,0.0546744068409353,             277P   1960
2.04590122866409,-0.00493486601270357,0.0650129428759063,            277P   1961
2.03968429744716,-0.00493494751031428,0.0650139891384529,            277P   1962
2.04341527912273,-0.00465175786079423,0.0612832022919336,            277P   1963
2.05086808343749,-0.00369539869667513,0.0486839359595797,            277P   1964
2.05362824508845,-0.00299423102674877,0.0394465202681253,            277P   1965
2.04653518467732,-0.00291948006232495,0.0384617514177831,            277P   1966
2.03766097414494,-0.0031817040059146,0.0419164879600516,             277P   1967
2.03076430855238,-0.00377602053084825,0.0497459502848298,            277P   1968
2.02597433124481,-0.00465126887512975,0.0612769247166538,            277P   1969
2.02848219338406,-0.00493478451509276,0.0650118966133595,            277P   1970
2.03595331577159,-0.00493486601270357,0.0650129428759063,            277P   1971
2.03968429744716,0.0268350702018595,0.0593801176694439,              277P   1972
2.03346736623023,0.026835503617369,0.0593810749280028,               277P   1973
2.0371983479058,0.0252955645401405,0.0559735286908223,               277P   1974
2.04465115222056,0.0200950274492725,0.0444658825209664,              277P   1975
2.04741131387152,0.0162821501608542,0.0360288165736266,              277P   1976
2.04031825346039,0.0158756711082793,0.0351293687218285,              277P   1977
2.03144404292801,0.0173016574050281,0.038284772710802,               277P   1978
2.02454737733545,0.0205333963268178,0.0454358890967206,              277P   1979
2.01975740002788,0.0252929640470835,0.0559677851394686,              277P   1980
2.02226526216713,0.0268346367863499,0.059379160410885,               277P   1981
2.02973638455465,0.0268350702018595,0.0593801176694439,              277P   1982
2.03346736623023,0.051922625988463,0.0393505899904542,               277P   1983
2.0272504350133,0.0519234618706392,0.0393512237124508,               277P   1984
2.03098141668887,0.0489438665839101,0.0370930783371218,              277P   1985
2.03843422100363,0.0388814548701558,0.0294670803637616,              277P   1986
2.04119438265459,0.0315039881775629,0.0238759219297643,              277P   1987
2.03410132224346,0.0307175017785915,0.0232798675090066,              277P   1988
2.02522711171108,0.03347662770466,0.0253709244913866,                277P   1989
2.01833044611852,0.0397296344356361,0.0301098910071038,              277P   1990
2.01354046881095,0.0489388512908527,0.037089276005142,               277P   1991
2.01604833095019,0.0519217901062869,0.0393499562684575,              277P   1992
2.02351945333773,0.051922625988463,0.0393505899904542,               277P   1993
2.0272504350133,0.0644497663869862,0.00971423926326372,              277P   1994
2.02103350379636,0.0644508053007166,0.00971439585431313,             277P   1995
2.02476448547194,0.0607523357508756,0.00915694126403079,             277P   1996
2.0322172897867,0.0482622105137773,0.00727435779192371,              277P   1997
2.03497745143766,0.0391048197173327,0.0058941032121052,              277P   1998
2.02788439102653,0.0381285804685372,0.00574695882085874,             277P   1999
2.01901018049415,0.0415533812335707,0.00626316447877816,             277P   2000
2.01211351490158,0.0493150322634332,0.00743304513791525,             277P   2001
2.00732353759402,0.0607461022684937,0.00915600171773463,             277P   2002
2.00983139973326,0.0644487274732558,0.00971408267221445,             277P   2003
2.01730252212079,0.0644497663869862,0.00971423926326372,             277P   2004
2.02103350379636,0.0612146394153884,-0.0222978910074162,             277P   2005
2.01481657257943,0.0612156249545025,-0.022298250194326,              277P   2006
2.01854755425501,0.0577028046923053,-0.0210186790105637,             277P   2007
2.02600035856976,0.0458396353353228,-0.0166974306499225,             277P   2008
2.02876052022073,0.0371419059089161,-0.0135292181792388,             277P   2009
2.02166745980959,0.0362146707691896,-0.0131914657196947,             277P   2010
2.01279324927722,0.0394675663374246,-0.0143763562638464,             277P   2011
2.00589658368465,0.0468396044258108,-0.0170616777042153,             277P   2012
2.00110660637709,0.0576968914576209,-0.0210165238891052,             277P   2013
2.00361446851633,0.0612136538762745,-0.0222975318205066,             277P   2014
2.01108559090387,0.0612146394153884,-0.0222978910074162,             277P   2015
2.01481657257943,0.0431454602664562,-0.0488322498516234,             277P   2016
2.0085996413625,0.0431461565834443,-0.0488330368304064,              277P   2017
2.01233062303807,0.0406702407932239,-0.0460307833229884,             277P   2018
2.01978342735284,0.0323088107198533,-0.0365672748017143,             277P   2019
2.0225435890038,0.0261784600264167,-0.0296289093319672,              277P   2020
2.01545052859267,0.0255249227892242,-0.0288892332286024,             277P   2021
2.00657631806029,0.0278176281689278,-0.0314841346321287,             277P   2022
1.99967965246772,0.0330136185555548,-0.0373649752119816,             277P   2023
1.99488967516016,0.0406660628912959,-0.0460260614502905,             277P   2024
1.9973975372994,0.0431447639494682,-0.0488314628728404,              277P   2025
2.00486865968693,0.0431454602664562,-0.0488322498516234,             277P   2026
2.0085996413625,0.0144472775544166,-0.0635791775286125,              277P   2027
2.00238271014557,0.0144475080688154,-0.0635802013304923,             277P   2028
2.00611369182115,0.0136184476691412,-0.0599316912612383,             277P   2029
2.0135664961359,0.0108186195336953,-0.0476102831689646,              277P   2030
2.01632665778687,0.0087658602181326,-0.0385765871396282,             277P   2031
2.00923359737573,0.00854702449270527,-0.0376135355726997,            277P   2032
2.00035938684336,0.00931475189524507,-0.0409920797278747,            277P   2033
1.99346272125079,0.0110546137190728,-0.0486488788803218,             277P   2034
1.98867274394323,0.0136170645827481,-0.0599255484499598,             277P   2035
1.99118060608247,0.0144470470400178,-0.0635781537267329,             277P   2036
1.99865172847,0.0144472775544166,-0.0635791775286125,                277P   2037
2.00238271014557,-0.0175488650522898,-0.0626294775842863,            277P   2038
1.99616577892864,-0.0175491433324403,-0.0626304879706928,            277P   2039
1.99989676060421,-0.0165420983641544,-0.0590364758928743,            277P   2040
2.00734956491897,-0.0131411946329281,-0.0468991156658223,            277P   2041
2.01010972656993,-0.0106477368789358,-0.0380003645185905,            277P   2042
2.0030166661588,-0.0103819217951171,-0.03705169724135,               277P   2043
1.99414245562643,-0.0113144764195245,-0.0403797652585568,            277P   2044
1.98724579003386,-0.0134278456159157,-0.0479222054164858,            277P   2045
1.98245581272629,-0.0165404286832511,-0.0590304135744352,            277P   2046
1.98496367486554,-0.0175485867721393,-0.0626284671978798,            277P   2047
1.99243479725306,-0.0175488650522898,-0.0626294775842863,            277P   2048
1.99616577892864,-0.055042758229273,-0.0415247256090766,             277P   2049
1.98787653730607,-0.0550436596903379,-0.0415253863059903,            277P   2050
1.99160751898164,-0.0518850079595817,-0.0391424810326904,            277P   2051
1.99906032329639,-0.0412179225390554,-0.0310951455949359,            277P   2052
2.00182048494736,-0.0333971788110704,-0.025195047590994,             277P   2053
1.99472742453623,-0.0325634220687359,-0.0245660655558811,            277P   2054
1.98585321400385,-0.0354882684972053,-0.0267726965644592,            277P   2055
1.97895654841129,-0.0421171349233299,-0.0317734382371487,            277P   2056
1.97416657110372,-0.0518795991931921,-0.0391385168512087,            277P   2057
1.97667443324296,-0.055041856768208,-0.041524064912163,              277P   2058
1.9841455556305,-0.055042758229273,-0.0415247256090766,              277P   2059
1.98787653730607,-0.072411311878502,0.0146382625003353,              277P   2060
1.97751498527785,-0.0724124627806231,0.0146384951602185,             277P   2061
1.98124596695341,-0.068257124677535,0.0137984754401959,              277P   2062
1.98869877126818,-0.0542240854373482,0.0109616353561489,             277P   2063
1.99145893291913,-0.0439354201999521,0.00888173680693074,            277P   2064
1.98436587250801,-0.0428385945313192,0.0086600087144817,             277P   2065
1.97549166197563,-0.0466865504755808,0.0094378897905259,             277P   2066
1.96859499638306,-0.0554068951099044,0.011200745489989,              277P   2067
1.9638050190755,-0.068250219264808,0.0137970794808968,               277P   2068
1.96631288121475,-0.0724101609763809,0.0146380298404521,             277P   2069
1.97378400360227,-0.072411311878502,0.0146382625003353,              277P   2070
1.97751498527785,-0.0345909440116852,0.0596445694323947,             277P   2071
1.96715343324963,-0.0345915180489415,0.059645528407729,              277P   2072
1.9708844149252,-0.0326064989418425,0.0562228076417036,              277P   2073
1.97833721923996,-0.025902898578156,0.0446639123147042,              277P   2074
1.98109738089093,-0.020988072639845,0.0361892633596713,              277P   2075
1.97400432047979,-0.0204641041439667,0.0352858112462695,             277P   2076
1.96513010994741,-0.022302148284905,0.0384552813556272,              277P   2077
1.95823344435485,-0.0264680289353917,0.0456382282284834,             277P   2078
1.95344346704729,-0.0326030547183051,0.0562170537896981,             277P   2079
1.95595132918652,-0.034590369974429,0.0596436104570605,              277P   2080
1.96342245157406,-0.0345909440116852,0.0596445694323947,             277P   2081
1.96715343324963,0.00815660667523348,0.0645281635772292,             277P   2082
1.95886419162705,0.00815674271593249,0.0645292027179612,             277P   2083
1.96259517330263,0.00768867134923556,0.0608262347759808,             277P   2084
1.97004797761738,0.00610795018931446,0.0483209167038617,             277P   2085
1.97280813926834,0.00494902760594797,0.0391523834516414,             277P   2086
1.96571507885722,0.00482547450187593,0.0381749572947547,             277P   2087
1.95684086832484,0.00525888502146674,0.0416039294696441,             277P   2088
1.94994420273227,0.00624121178625175,0.0493750147878852,             277P   2089
1.9451542254247,0.00768785510504146,0.0608199999315889,              277P   2090
1.94766208756395,0.0081564706345344,0.0645271244364971,              277P   2091
1.95513320995148,0.00815660667523348,0.0645281635772292,             277P   2092
1.95886419162705,0.0380091874633231,0.0529748743493285,              277P   2093
1.95264726041012,0.0380097975571327,0.0529757282185928,              277P   2094
1.95637824208569,0.0358286298551722,0.0499357488884524,              277P   2095
1.96383104640045,0.0284625911888937,0.0396694151060707,              277P   2096
1.96659120805142,0.0230620204341446,0.0321424422563107,              277P   2097
1.95949814764028,0.022486285779654,0.0313400165570055,               277P   2098
1.95062393710791,0.0245060724289159,0.034155052589553,               277P   2099
1.94372727151534,0.0290834809304117,0.040534787994518,               277P   2100
1.93893729420778,0.0358249692923146,0.0499306256728666,              277P   2101
1.94144515634702,0.0380085773695136,0.0529740204800642,              277P   2102
1.94891627873455,0.0380091874633231,0.0529748743493285,              277P   2103
1.95264726041012,0.0587256603084894,0.0282385585416047,              277P   2104
1.94643032919319,0.0587266076379729,0.0282390132500851,              277P   2105
1.95016131086877,0.0553566173644269,0.0266185351489366,              277P   2106
1.95761411518352,0.043975802450093,0.0211460075528642,               277P   2107
1.96037427683448,0.0356317275379474,0.0171337103459268,              277P   2108
1.95328121642335,0.0347421925837831,0.0167059730157738,              277P   2109
1.94440700589098,0.037862816050039,0.0182065463841894,               277P   2110
1.93751034029841,0.0449351207009822,0.0216072976170513,              277P   2111
1.93272036299084,0.0553509333875252,0.0266158068980542,              277P   2112
1.93522822513009,0.0587247129790057,0.0282381038331243,              277P   2113
1.94269934751762,0.0587256603084894,0.0282385585416047,              277P   2114
1.94643032919319,0.0650691107903262,-0.0032309198521316,             277P   2115
1.94021339797625,0.0650701584618699,-0.00323097168762361,            277P   2116
1.94394437965183,0.0613361481815949,-0.00304556447195926,            277P   2117
1.95139718396659,0.0487259965951276,-0.00241942426952256,            277P   2118
1.95415734561755,0.0394806018658037,-0.00196035593761014,            277P   2119
1.94706428520642,0.0384949819339211,-0.00191141640198232,            277P   2120
1.93819007467404,0.0419527005368737,-0.00208310577922663,            277P   2121
1.93129340908148,0.0497889305549459,-0.00247220206369251,            277P   2122
1.92650343177391,0.0613298621523333,-0.00304525345900708,            277P   2123
1.92901129391316,0.0650680631187827,-0.0032308680166396,             277P   2124
1.93648241630069,0.0650691107903262,-0.0032309198521316,             277P   2125
1.94021339797625,0.0556155780370235,-0.0339859722739952,             277P   2126
1.93399646675933,0.0556164745458997,-0.0339865201191654,             277P   2127
1.9377274484349,0.0524249575956032,-0.0320362247089017,              277P   2128
1.94518025274966,0.0416468652337927,-0.025449869570577,              277P   2129
1.94794041440062,0.0337446863585871,-0.0206209485805244,             277P   2130
1.94084735398949,0.0329022611153645,-0.0201061532305594,             277P   2131
1.93197314345712,0.0358576213111687,-0.0219121362522122,             277P   2132
1.92507647786454,0.0425553757445288,-0.0260050487868742,             277P   2133
1.92028650055698,0.0524195785423453,-0.0320329376378806,             277P   2134
1.92279436269623,0.0556146815281471,-0.033985424428825,              277P   2135
1.93026548508376,0.0556155780370235,-0.0339859722739952,             277P   2136
1.93399646675933,0.0325603262999822,-0.0564291872471449,             277P   2137
1.92777953554239,0.0325608503858489,-0.0564300958926126,             277P   2138
1.93151051721797,0.0306923664469512,-0.05319189015812,               277P   2139
1.93896332153273,0.0243822963878539,-0.0422561235898325,             277P   2140
1.94172348318369,0.0197559368140125,-0.0342383393243447,             277P   2141
1.93463042277256,0.0192627365838964,-0.0333835906704791,             277P   2142
1.92575621224018,0.0209929661973738,-0.0363821904543964,             277P   2143
1.91885954664762,0.0249141836595487,-0.0431779207631312,             277P   2144
1.91406956934005,0.0306892219317513,-0.0531864382853143,             277P   2145
1.9165774314793,0.0325598022141155,-0.0564282786016774,              277P   2146
1.92404855386682,0.0325603262999822,-0.0564291872471449,             277P   2147
1.92777953554239,0.00166257492518845,-0.0651410409173346,            277P   2148
1.92156260432547,0.00166260247473696,-0.0651420913619904,            277P   2149
1.92529358600104,0.00156719477577711,-0.0614039526418414,            277P   2150
1.93274639031579,0.00124499375318169,-0.0487798608762872,            277P   2151
1.93550655196676,0.00100876802553433,-0.0395242510950846,            277P   2152
1.92841349155563,0.000983584091035837,-0.0385375406878578,           277P   2153
1.91953928102325,0.00107192783632181,-0.041999073099206,             277P   2154
1.91264261543068,0.00127215593922584,-0.0498439765868451,            277P   2155
1.90785263812312,0.00156702947848596,-0.0613976499739061,            277P   2156
1.91036050026236,0.00166254737563996,-0.0651399904726787,            277P   2157
1.9178316226499,0.00166257492518845,-0.0651410409173346,             277P   2158
1.92156260432547,-0.0298006508606946,-0.05799100664955,              277P   2159
1.91534567310853,-0.0298011323635834,-0.0579919390990903,            277P   2160
1.9190766547841,-0.0280910124094308,-0.0546641084822822,             277P   2161
1.92652945909887,-0.0223157567386724,-0.0434256674470784,            277P   2162
1.92928962074983,-0.018081513728088,-0.035185966549267,              277P   2163
1.9221965603387,-0.0176301140047966,-0.0343075613551229,             277P   2164
1.91332234980632,-0.0192136870159762,-0.0373891619929962,            277P   2165
1.90642568421375,-0.0228025711590896,-0.0443729720587295,            277P   2166
1.90163570690619,-0.0280881233920981,-0.0546585137850407,            277P   2167
1.90414356904543,-0.0298001693578059,-0.0579900742000098,            277P   2168
1.91161469143296,-0.0298006508606946,-0.05799100664955,              277P   2169
1.91534567310853,-0.0537006627486716,-0.0366967702592142,            277P   2170
1.9091287418916,-0.0537015253874977,-0.0366973653850735,             277P   2171
1.91285972356718,-0.0506198977528858,-0.0345915084323695,            277P   2172
1.92031252788193,-0.0402129095797459,-0.027479809856472,             277P   2173
1.9230726895329,-0.0325828031440237,-0.0222657347389795,             277P   2174
1.91597962912177,-0.031769385404642,-0.0217098760852271,             277P   2175
1.90710541858939,-0.0346230045782287,-0.0236598895382053,            277P   2176
1.90020875299682,-0.041090126387702,-0.0280792863746108,             277P   2177
1.89541877568926,-0.0506147219199294,-0.0345879376772135,            277P   2178
1.8979266378285,-0.0536998001098455,-0.0366961751333549,             277P   2179
1.90539776021603,-0.0537006627486716,-0.0366967702592142,            277P   2180
1.9091287418916,-0.0688567781926236,0.00357101768787488,             277P   2181
1.90083950026903,-0.0688578934396529,0.00357109101267877,            277P   2182
1.9045704819446,-0.064906523848825,0.00336616015992406,              277P   2183
1.91202328625936,-0.0515623348277756,0.00267410641414804,            277P   2184
1.91478344791032,-0.041778787661025,0.00216676653704269,             277P   2185
1.90769038749919,-0.0407357910827606,0.00211266622639737,            277P   2186
1.89881617696682,-0.0443947485077302,0.0023023438487182,             277P   2187
1.89191951137425,-0.0526871695840889,0.00273250668386077,            277P   2188
1.88712953406668,-0.0648998323666493,0.00336572021110072,            277P   2189
1.88963739620593,-0.0688556629455945,0.00357094436307098,            277P   2190
1.89710851859346,-0.0688567781926236,0.00357101768787488,            277P   2191
1.90083950026903,-0.0460609893209273,0.0577586537219476,             277P   2192
1.8904779482408,-0.0460617214122116,0.0577595717353816,              277P   2193
1.89420892991638,-0.0434185020169833,0.0544450794500245,             277P   2194
1.90166173423114,-0.034492055943655,0.0432516701177862,              277P   2195
1.9044218958821,-0.0279474141282787,0.0350449488570954,              277P   2196
1.89732883547098,-0.0272497209902979,0.0341700693342081,             277P   2197
1.88845462493859,-0.0296974139412751,0.0372393792135102,             277P   2198
1.88155795934603,-0.035244443689201,0.0441951345092444,              277P   2199
1.87676798203846,-0.0434141094692772,0.05443957136942,               277P   2200
1.87927584417771,-0.0460602572296428,0.0577577357085135,             277P   2201
1.88674696656523,-0.0460609893209273,0.0577586537219476,             277P   2202
1.8904779482408,0.0118405897738409,0.067925021193982,                277P   2203
1.88011639621259,0.0118407664532534,0.0679261247957437,              277P   2204
1.88384737788816,0.0111612968099137,0.0640282228855478,              277P   2205
1.89130018220292,0.00886663791954715,0.0508646040976382,             277P   2206
1.89406034385389,0.00718421367374911,0.0412134571413389,             277P   2207
1.88696728344275,0.0070048690039463,0.0401845722132267,              277P   2208
1.87809307291038,0.00763414161914002,0.0437939991779839,             277P   2209
1.87119640731781,0.00906000114704659,0.05197423218072,               277P   2210
1.86640643001024,0.0111602367334381,0.0640216012749776,              277P   2211
1.86891429214949,0.0118404130944282,0.0679239175922204,              277P   2212
1.87638541453702,0.0118405897738409,0.067925021193982,               277P   2213
1.88011639621259,0.0477262272415389,0.0441884754250822,              277P   2214
1.87182715459001,0.0477269994015477,0.0441891840077898,              277P   2215
1.87555813626559,0.044988214019935,0.0416534164677499,               277P   2216
1.88301094058034,0.0357390478473095,0.0330898550251343,              277P   2217
1.88577110223131,0.0289578420687903,0.0268112921528933,              277P   2218
1.87867804182018,0.0282349174769555,0.0261419586812868,              277P   2219
1.8698038312878,0.0307710300250562,0.0284901128495697,               277P   2220
1.86290716569523,0.0365186933409291,0.0338116821015446,              277P   2221
1.85811718838767,0.0449835810598825,0.0416491649715042,              277P   2222
1.86062505052691,0.0477254550815302,0.0441877668423746,              277P   2223
1.86809617291444,0.0477262272415389,0.0441884754250822,              277P   2224
1.87182715459001,0.0631683197001959,0.016149273364552,               277P   2225
1.86561022337309,0.0631693359157519,0.0161495353056156,              277P   2226
1.86934120504866,0.059544403471037,0.0152228036060336,               277P   2227
1.87679400936342,0.0473026183307136,0.0120931340479913,              277P   2228
1.87955417101438,0.0383272962280944,0.00979855828931337,             277P   2229
1.87246111060325,0.0373704685981034,0.00955393964371858,             277P   2230
1.86358690007087,0.040727185219599,0.0104120885212754,               277P   2231
1.8566902344783,0.0483344984374455,0.0123569479075829,               277P   2232
1.85190025717074,0.0595383061777009,0.0152212319596526,              277P   2233
1.85440811930998,0.0631673034846398,0.0161490114234885,              277P   2234
1.86187924169751,0.0631683197001959,0.016149273364552,               277P   2235
1.86561022337309,0.0631378612937624,-0.0161161359644713,             277P   2236
1.85939329215615,0.0631388792712264,-0.016116396569221,              277P   2237
1.86312427383173,0.0595156937036246,-0.0151915668212022,             277P   2238
1.87057707814648,0.0472798107479107,-0.0120683193609191,             277P   2239
1.87333723979745,0.0383088235974938,-0.00977844937261182,            277P   2240
1.86624417938632,0.0373524560328735,-0.00953433313057023,            277P   2241
1.85736996885394,0.0407075422669087,-0.0103907253388094,             277P   2242
1.85047330326137,0.048311202700918,-0.0123315885560003,              277P   2243
1.84568332595381,0.0595095858388412,-0.0151900031927038,             277P   2244
1.84819118809306,0.0631368433162986,-0.0161158753597216,             277P   2245
1.85566231048058,0.0631378612937624,-0.0161161359644713,             277P   2246
1.85939329215615,0.0477690354907822,-0.0443006463882305,             277P   2247
1.85317636093922,0.0477698047345343,-0.0443013595268084,             277P   2248
1.85690734261479,0.0450285643697562,-0.0417591538169317,             277P   2249
1.86436014692955,0.0357711029841079,-0.0331738533981915,             277P   2250
1.86712030858052,0.0289838031630204,-0.0268793614748474,             277P   2251
1.86002724816938,0.0282602322182999,-0.0262083273354566,             277P   2252
1.85115303763701,0.0307986385355534,-0.0285624277045977,             277P   2253
1.84425637204444,0.03655143272527,-0.0338975243134217,               277P   2254
1.83946639473688,0.0450239489072432,-0.0417548749854646,             277P   2255
1.84197425687612,0.04776826624703,-0.0442999332496527,               277P   2256
1.84944537926365,0.0477690354907822,-0.0443006463882305,             277P   2257
1.85317636093922,0.0207582426252374,-0.0617837696722433,             277P   2258
1.84695942972229,0.0207585772427929,-0.0617847656107893,             277P   2259
1.85069041139786,0.0195673591428441,-0.058239285097561,              277P   2260
1.85814321571262,0.0155444888575665,-0.0462658201172104,             277P   2261
1.86090337736358,0.0125950392222441,-0.037487229356011,              277P   2262
1.85381031695246,0.012280608118412,-0.0365513727303962,              277P   2263
1.84493610642008,0.0133836818642002,-0.0398345049045243,             277P   2264
1.83803944082751,0.0158835859644398,-0.0472750913703611,             277P   2265
1.83324946351994,0.0195653514375111,-0.0582333094662852,             277P   2266
1.83575732565919,0.0207579080076819,-0.0617827737336973,             277P   2267
1.84322844804672,0.0207582426252374,-0.0617837696722433,             277P   2268
1.84695942972229,-0.0113293253589041,-0.0641566396333749,            277P   2269
1.84074249850536,-0.0113295079518865,-0.0641576725720877,            277P   2270
1.84447348018093,-0.0106793711665884,-0.060476024738682,             277P   2271
1.85192628449569,-0.0084837900185318,-0.0480427066775573,            277P   2272
1.85468644614666,-0.00687405467894809,-0.0389269609828337,           277P   2273
1.84759338573552,-0.00670244613047243,-0.0379551625292632,           277P   2274
1.83871917520315,-0.00730447613725898,-0.0413643933883269,           277P   2275
1.83182250961058,-0.00866886053132482,-0.0490907348278409,           277P   2276
1.82703253230301,-0.0106782756086944,-0.0604698271064055,            277P   2277
1.82954039444225,-0.0113291427659218,-0.0641556066946622,            277P   2278
1.83701151682979,-0.0113293253589041,-0.0641566396333749,            277P   2279
1.84074249850536,-0.0405982477010368,-0.050969614975797,             277P   2280
1.83452556728843,-0.0405989018096677,-0.0509704373715968,            277P   2281
1.838256548964,-0.0382691590946854,-0.0480455300906586,              277P   2282
1.84570935327876,-0.0304013696271678,-0.0381678079190791,            277P   2283
1.84846951492972,-0.0246329377457032,-0.0309257565076902,            277P   2284
1.84137645451859,-0.0240179845346676,-0.0301537045622078,            277P   2285
1.83250224398621,-0.0261753394440499,-0.0328621784954604,            277P   2286
1.82560557839365,-0.031064562579505,-0.0390004273626287,             277P   2287
1.82081560108609,-0.0382652344429,-0.0480405957158595,               277P   2288
1.82332346322533,-0.0405975935924059,-0.0509687925799971,            277P   2289
1.83079458561286,-0.0405982477010368,-0.050969614975797,             277P   2290
1.83452556728843,-0.0601045235407444,-0.0252681992609146,            277P   2291
1.8283086360715,-0.0601054917603678,-0.0252686040546125,             277P   2292
1.83203961774707,-0.0566563755848025,-0.0238185818205725,            277P   2293
1.83949242206183,-0.0450083424210049,-0.0189216993041697,            277P   2294
1.84225258371279,-0.0364683464472951,-0.0153314411620443,            277P   2295
1.83515952330166,-0.0355579262225622,-0.014948697893411,             277P   2296
1.82628531276929,-0.0387518282360766,-0.0162914398273455,            277P   2297
1.81938864717671,-0.045990179569564,-0.0193344584602052,             277P   2298
1.81459866986915,-0.056650566267062,-0.0238161530583853,             277P   2299
1.81710653200839,-0.060103555321121,-0.0252677944672168,             277P   2300
1.82457765439593,-0.0601045235407444,-0.0252681992609146,            277P   2301
1.8283086360715,-0.0647253235285624,0.00640676370931662,             277P   2302
1.82209170485457,-0.0647263668877702,0.00640686231000818,            277P   2303
1.82582268653014,-0.0610120844055435,0.00603921026543441,            277P   2304
1.8332754908449,-0.0484685572174926,0.00479760438878926,             277P   2305
1.83603565249586,-0.0392720137005021,0.00388727978107761,            277P   2306
1.82894259208473,-0.0382916005059452,0.00379023736957035,            277P   2307
1.82006838155235,-0.0417310441029456,0.00413071144745465,            277P   2308
1.81317171595979,-0.0495258803567954,0.00490224282845169,            277P   2309
1.80838173865222,-0.0610058242502972,0.00603861866128513,            277P   2310
1.81088960079146,-0.0647242801693548,0.00640666510862513,            277P   2311
1.81836072317899,-0.0647253235285624,0.00640676370931662,            277P   2312
1.82209170485457,-0.0504519463817981,0.046995842121229,              277P   2313
1.81380246323199,-0.0504527535783121,0.0469966151582597,             277P   2314
1.81753344490756,-0.0475575558735424,0.044299737603007,              277P   2315
1.82498624922232,-0.0377801575990599,0.0351921143126698,             277P   2316
1.82774641087328,-0.0306116374448816,0.0285147265214694,             277P   2317
1.82065335046215,-0.029847430721273,0.0278028580016748,              277P   2318
1.81177913992978,-0.0325284322988172,0.0303000919873786,             277P   2319
1.80488247433721,-0.0386042920437872,0.0359598813590627,             277P   2320
1.80009249702964,-0.0475527126944579,0.0442950993808227,             277P   2321
1.80260035916889,-0.050451139185284,0.0469950690841982,              277P   2322
1.81007148155642,-0.0504519463817981,0.046995842121229,              277P   2323
1.81380246323199,0.00184178205078431,0.0738531289511272,             277P   2324
1.80344091120377,0.00184181132398501,0.0738543027694238,             277P   2325
1.80717189287934,0.00173612028021487,0.0696162256955292,             277P   2326
1.8146246971941,0.00137918986257657,0.0553037677425416,              277P   2327
1.81738485884506,0.0011174976149267,0.0448102398558028,              277P   2328
1.81029179843394,0.00108959984899864,0.0436915747544389,             277P   2329
1.80141758790156,0.00118747262614487,0.0476161492328938,             277P   2330
1.79452092230899,0.00140927463204001,0.0565101289174159,             277P   2331
1.78973094500143,0.00173594464101039,0.0696091827857494,             277P   2332
1.79223880714067,0.00184175277758355,0.0738519551328306,             277P   2333
1.7997099295282,0.00184178205078431,0.0738531289511272,              277P   2334
1.80344091120377,0.0527317800106892,0.0444226006363829,              277P   2335
1.79307935917555,0.0527326247365099,0.0444233324770426,              277P   2336
1.79681034085112,0.049706597740314,0.0418741210468111,               277P   2337
1.80426314516589,0.03948737599299,0.033265182326181,                 277P   2338
1.80702330681685,0.0319949265657546,0.0269534162900184,              277P   2339
1.79993024640571,0.0311961860944655,0.0262805252398417,              277P   2340
1.79105603587334,0.033998331815556,0.0286410180688762,               277P   2341
1.78415937028077,0.0403487560020847,0.0339909152663488,              277P   2342
1.77936939297321,0.0497015293853899,0.0418697300028532,              277P   2343
1.78187725511245,0.0527309352848685,0.0444218687957233,              277P   2344
1.78934837749998,0.0527317800106892,0.0444226006363829,              277P   2345
1.79307935917555,0.0649642156635954,0.00317250852133856,             277P   2346
1.78479011755298,0.0649652626406643,0.00317255499229791,             277P   2347
1.78852109922855,0.0612372713624014,0.00299050166810007,             277P   2348
1.79597390354331,0.0486474478222749,0.00237568242737196,             277P   2349
1.79873406519427,0.0394169603970795,0.00192489928148548,             277P   2350
1.79164100478315,0.0384329287684133,0.00187684706533695,             277P   2351
1.78276679425076,0.0418850680980162,0.00204545579484704,             277P   2352
1.7758701286582,0.0497086724213177,0.00242748758490226,              277P   2353
1.77108015135063,0.0612309894999886,0.00299022284234399,             277P   2354
1.77358801348988,0.0649631686865267,0.00317246205037918,             277P   2355
1.7810591358774,0.0649642156635954,0.00317250852133856,              277P   2356
1.78479011755298,0.0587702931116731,-0.0282327521066794,             277P   2357
1.77857318633604,0.0587712399504228,-0.0282332046589515,             277P   2358
1.78230416801162,0.0553986889404724,-0.026613060666265,              277P   2359
1.78975697232638,0.0440092246455483,-0.0211416588313572,             277P   2360
1.79251713397734,0.0356588041564687,-0.0171301800000987,             277P   2361
1.78542407356621,0.0347685938330047,-0.0167025318090759,             277P   2362
1.77654986303383,0.0378915954137866,-0.018202807483581,              277P   2363
1.76965319744126,0.0449692669474844,-0.0216028454374887,             277P   2364
1.7648632201337,0.0553930079079736,-0.0266103453526326,              277P   2365
1.76737108227294,0.0587693462729234,-0.0282322995544073,             277P   2366
1.77484220466048,0.0587702931116731,-0.0282327521066794,             277P   2367
1.77857318633604,0.0380071552805179,-0.052929911341871,              277P   2368
1.77235625511912,0.0380077675829933,-0.0529307653199921,             277P   2369
1.77608723679469,0.035826715515639,-0.0498933658402417,              277P   2370
1.78354004110945,0.0284610701402151,-0.0396357455212988,             277P   2371
1.78630020276041,0.0230607953406234,-0.0321151639543459,             277P   2372
1.77920714234928,0.0224850901778744,-0.0313134188428108,             277P   2373
1.7703329318169,0.0245047570431537,-0.0341260611957305,              277P   2374
1.76343626622434,0.0290819360378836,-0.0405003873933586,             277P   2375
1.75864628891677,0.0358230417007872,-0.0498882419715149,             277P   2376
1.76115415105602,0.0380065429780426,-0.0529290573637499,             277P   2377
1.76862527344354,0.0380071552805179,-0.052929911341871,              277P   2378
1.77235625511912,0.00811729759140763,-0.0646416081324342,            277P   2379
1.76613932390218,0.00811742846966749,-0.0646426488886317,            277P   2380
1.76987030557776,0.00765161485255891,-0.0609331709896633,            277P   2381
1.77732310989251,0.00607851273529732,-0.0484058678355339,            277P   2382
1.78008327154348,0.00492516084116849,-0.0392212150471762,            277P   2383
1.77299021113235,0.00480220577023997,-0.0382420706355572,            277P   2384
1.76411600059997,0.00523355127470773,-0.0416770722709627,            277P   2385
1.7572193350074,0.00621111329951462,-0.0494618182078817,             277P   2386
1.75242935769984,0.00765082958299947,-0.0609269264524783,            277P   2387
1.75493721983908,0.00811716671314771,-0.0646405673762367,            277P   2388
1.76240834222662,0.00811729759140763,-0.0646416081324342,            277P   2389
1.76613932390218,-0.0238121052130662,-0.0606722545907343,            277P   2390
1.75992239268525,-0.0238124890581046,-0.0606732326119418,            277P   2391
1.76365337436082,-0.022446024119825,-0.0571915367315153,             277P   2392
1.77110617867559,-0.0178313266128652,-0.0454334792436855,            277P   2393
1.77386634032654,-0.0144479667444557,-0.0368128188916733,            277P   2394
1.76677327991542,-0.0140872779009017,-0.0358937987064218,            277P   2395
1.75789906938304,-0.0153526310700831,-0.0391178660008009,            277P   2396
1.75100240379047,-0.0182203102148054,-0.04642459329754,              277P   2397
1.74621242648291,-0.0224437210495946,-0.0571856686042706,            277P   2398
1.74872028862216,-0.0238117213680278,-0.0606712765695269,            277P   2399
1.75619141100968,-0.0238121052130662,-0.0606722545907343,            277P   2400
1.75992239268525,-0.0499178597709333,-0.0418644873135226,            277P   2401
1.75370546146832,-0.049918663605479,-0.0418651612219769,             277P   2402
1.7574364431439,-0.0470541123232916,-0.0394627552278664,             277P   2403
1.76488924745865,-0.0373802167884232,-0.0313495733756431,            277P   2404
1.76764940910962,-0.0302875995910211,-0.0254012249724733,            277P   2405
1.76055634869849,-0.029531479811002,-0.0247670920159606,             277P   2406
1.75168213816611,-0.0321840729070588,-0.0269917369418341,            277P   2407
1.74478547257354,-0.0381956485359385,-0.0320334484838585,            277P   2408
1.73999549526598,-0.047049289316018,-0.0394587117771405,             277P   2409
1.74250335740522,-0.0499170559363878,-0.0418638134050683,            277P   2410
1.74997447979275,-0.0499178597709333,-0.0418644873135226,            277P   2411
1.75370546146832,-0.0638626990286829,-0.0129489397229115,            277P   2412
1.74748853025139,-0.063863728730795,-0.0129491492617207,             277P   2413
1.75121951192696,-0.060198948110417,-0.0122060700434679,             277P   2414
1.75867231624173,-0.0478225942853778,-0.0096966134485989,            277P   2415
1.76143247789268,-0.0387486181811178,-0.00785675674884872,           277P   2416
1.75433941748156,-0.0377812712664353,-0.00766061495080336,           277P   2417
1.74546520694918,-0.0411748744920568,-0.00834870535125673,           277P   2418
1.73856854135661,-0.0488658270231292,-0.00990814473396903,           277P   2419
1.73377856404904,-0.0601927698977432,-0.0122048128106127,            277P   2420
1.73628642618829,-0.0638616693265705,-0.0129487301841023,            277P   2421
1.74375754857582,-0.0638626990286829,-0.0129489397229115,            277P   2422
1.74748853025139,-0.0622848216687075,0.0192778793866567,             277P   2423
1.74127159903446,-0.0622858235643433,0.0192781916562712,             277P   2424
1.74500258071003,-0.0587115909585687,0.0181719239890338,             277P   2425
1.75245538502479,-0.0466410244725416,0.0144359422344236,             277P   2426
1.75521554667576,-0.0377912345632884,0.0116968359348878,             277P   2427
1.74812248626462,-0.0368477895784602,0.0114048274488993,             277P   2428
1.73924827573224,-0.040157558345919,0.0124292280927058,              277P   2429
1.73235161013968,-0.0476584718355274,0.0147508631304199,             277P   2430
1.72756163283211,-0.0587055795847543,0.0181700503713466,             277P   2431
1.73006949497136,-0.0622838197730718,0.0192775671170421,             277P   2432
1.73754061735889,-0.0622848216687075,0.0192778793866567,             277P   2433
1.74127159903446,-0.0454642860875953,0.0465125017350109,             277P   2434
1.73505466781753,-0.0454650219678156,0.0465132479258939,             277P   2435
1.7387856494931,-0.0428560386910597,0.0438441153616958,              277P   2436
1.74623845380786,-0.0340452282651629,0.0348301662211025,             277P   2437
1.74899861545882,-0.0275854125867003,0.028221392889266,              277P   2438
1.74190555504769,-0.0268967501667805,0.0275168566353496,             277P   2439
1.73303134451532,-0.0293126643030004,0.0299885066391066,             277P   2440
1.72613467892275,-0.0347879244880951,0.0355899581297213,             277P   2441
1.72134470161518,-0.0428516234097373,0.0438396382163978,             277P   2442
1.72385256375442,-0.0454635502073748,0.046511755544128,              277P   2443
1.73132368614196,-0.0454642860875953,0.0465125017350109,             277P   2444
1.73505466781753,-0.00844008814800234,0.0684307897254537,            277P   2445
1.72676542619495,-0.00844020959778134,0.0684319007620931,            277P   2446
1.73049640787053,-0.00795587896166975,0.0645049754849006,            277P   2447
1.73794921218528,-0.0063202247500628,0.0512433408075092,             277P   2448
1.74070937383625,-0.00512096185782368,0.0415203290606153,            277P   2449
1.73361631342512,-0.00499312580805905,0.0404837835236206,            277P   2450
1.72474210289274,-0.00544170110403145,0.0441200903371323,            277P   2451
1.71784543730017,-0.00645803721728191,0.0523612278967948,            277P   2452
1.71305545999261,-0.00795515026299612,0.0644983092650632,            277P   2453
1.71556332213185,-0.00843996669822346,0.068429678688814,             277P   2454
1.72303444451938,-0.00844008814800234,0.0684307897254537,            277P   2455
1.72676542619495,0.0488827631318063,0.0553909043579731,              277P   2456
1.71640387416673,0.0488835400722362,0.0553917847385058,              277P   2457
1.72013485584231,0.0460783926034726,0.0522131662399293,              277P   2458
1.72758766015707,0.0366050974041206,0.0414786178076471,              277P   2459
1.73034782180803,0.0296595198045053,0.0336083216156373,              277P   2460
1.7232547613969,0.0289190848093952,0.0327693067693027,               277P   2461
1.71438055086452,0.0315167275545035,0.0357127938316545,              277P   2462
1.70748388527195,0.0374035776906066,0.0423834059650026,              277P   2463
1.70269390796439,0.0460737309608933,0.0522078839567336,              277P   2464
1.70520177010363,0.0488819861913765,0.0553900239774405,              277P   2465
1.71267289249116,0.0488827631318063,0.0553909043579731,              277P   2466
1.71640387416673,0.0689491843320814,0.000134351538807333,            277P   2467
1.70604232213851,0.0689503018477105,0.000134369181986739,            277P   2468
1.70977330381409,0.0649936291607224,0.000126652591254213,            277P   2469
1.71722610812885,0.0516315319860125,0.000100612042982821,            277P   2470
1.71998626977981,0.0418348577336432,8.15724027432754D-5,             277P   2471
1.71289320936868,0.0407904610043955,7.9528431230853D-5,              277P   2472
1.7040189988363,0.0444543247061038,8.65862958817264D-5,              277P   2473
1.69712233324374,0.0527578794972746,0.000102871331909131,            277P   2474
1.69233235593617,0.0649869240669474,0.000126546732177355,            277P   2475
1.69484021807541,0.0689480668164521,0.000134333895627823,            277P   2476
1.70231134046294,0.0689491843320814,0.000134351538807333,            277P   2477
1.70604232213851,0.0518047255798215,-0.0393279103780445,             277P   2478
1.69775308051594,0.051805557481744,-0.0393285477631117,              277P   2479
1.70148406219151,0.0488327288579381,-0.0370717020977779,             277P   2480
1.70893686650627,0.0387931663050389,-0.0294500983809271,             277P   2481
1.71169702815724,0.031432444884857,-0.0238621753566021,              277P   2482
1.7046039677461,0.0306477455547056,-0.0232664621513159,              277P   2483
1.69572975721372,0.0334006173072344,-0.0253562927589937,             277P   2484
1.68883309162116,0.0396394112254151,-0.0300925553512354,             277P   2485
1.68404311431359,0.048827737446403,-0.0370678777873742,              277P   2486
1.68655097645284,0.051803893677899,-0.0393272729929771,              277P   2487
1.69402209884037,0.0518047255798215,-0.0393279103780445,             277P   2488
1.69775308051594,0.0268729932171456,-0.059404359095107,              277P   2489
1.69153614929901,0.0268734276427152,-0.0594053143864771,             277P   2490
1.69526713097458,0.0253313121668142,-0.055996378081595,              277P   2491
1.70271993528934,0.0201234256406805,-0.0444840345801484,             277P   2492
1.70548009694031,0.0163051613165671,-0.0360435166867204,             277P   2493
1.69838703652918,0.0158981076035647,-0.0351437030004399,             277P   2494
1.6895128259968,0.0173261069956884,-0.0383004075651991,              277P   2495
1.68261616040423,0.0205624156750632,-0.0454544273134757,             277P   2496
1.67782618309667,0.0253287056133968,-0.0559906463333752,             277P   2497
1.68033404523591,0.026872558791576,-0.0594034038037371,              277P   2498
1.68780516762344,0.0268729932171456,-0.059404359095107,              277P   2499
1.69153614929901,-0.00490752109096079,-0.0649771929519697,           277P   2500
1.68531921808208,-0.00490760096660726,-0.0649782407176083,           277P   2501
1.68905019975765,-0.00462598103170518,-0.0612495044796366,           277P   2502
1.69650300407241,-0.00367492149564825,-0.0486571658500186,           277P   2503
1.69926316572337,-0.00297763534831671,-0.0394248364015514,           277P   2504
1.69217010531224,-0.00290329926529401,-0.0384406078686144,           277P   2505
1.68329589477986,-0.00316407634113159,-0.0418934337502457,           277P   2506
1.6763992291873,-0.00375509170699353,-0.0497186048576963,            277P   2507
1.67160925187973,-0.00462550177782638,-0.0612432178858041,           277P   2508
1.67411711401898,-0.00490744121531431,-0.0649761451863309,           277P   2509
1.68158823640651,-0.00490752109096079,-0.0649771929519697,           277P   2510
1.68531921808208,-0.0353326140647003,-0.0547360430200209,            277P   2511
1.67910228686515,-0.0353331827913251,-0.0547369244124466,            277P   2512
1.68283326854072,-0.0333056102923774,-0.0515958802595684,            277P   2513
1.69028607285548,-0.0264582811775029,-0.0409882387413334,            277P   2514
1.69304623450644,-0.0214380189753318,-0.0332110262036802,            277P   2515
1.68595317409531,-0.0209028261282873,-0.0323819240720076,            277P   2516
1.67707896356293,-0.0227803727920172,-0.0352905515326804,            277P   2517
1.67018229797037,-0.0270354550679188,-0.0418823776559962,            277P   2518
1.6653923206628,-0.033302197932629,-0.0515905919050151,              277P   2519
1.66790018280204,-0.0353320453380756,-0.0547351616275955,            277P   2520
1.67537130518958,-0.0353326140647003,-0.0547360430200209,            277P   2521
1.67910228686515,-0.0572405043801053,-0.0311715172892208,            277P   2522
1.67288535564821,-0.0572414270823781,-0.0311720197660972,            277P   2523
1.67661633732379,-0.0539566632370572,-0.0293832327156635,            277P   2524
1.68406914163855,-0.0428636661880166,-0.023342308495163,             277P   2525
1.68682930328951,-0.0347306085001603,-0.0189132813390124,            277P   2526
1.67973624287838,-0.0338635700277293,-0.0184411173525749,            277P   2527
1.670862032346,-0.0369052773011861,-0.0200975428486483,              277P   2528
1.66396536675343,-0.0437987207483512,-0.0238515120689171,            277P   2529
1.65917538944587,-0.0539511270234201,-0.0293802178544044,            277P   2530
1.66168325158512,-0.0572395816778324,-0.0311710148123442,            277P   2531
1.66915437397264,-0.0572405043801053,-0.0311715172892208,            277P   2532
1.67288535564821,-0.0651492728209275,1.65238922773417D-5,            277P   2533
1.66666842443128,-0.0651503217739187,1.65243433368457D-5,            277P   2534
1.67039940610685,-0.061411711375719,1.55760337391422D-5,             277P   2535
1.67785221042162,-0.0487860246881768,1.23737204331837D-5,            277P   2536
1.68061237207258,-0.0395292400452805,1.0026505677317D-5,             277P   2537
1.67351931166145,-0.0385424058821243,9.77610717731126D-6,            277P   2538
1.66464510112907,-0.0420043842775179,1.06531994844323D-5,            277P   2539
1.65774843553651,-0.0498502680932375,1.26444178452658D-5,            277P   2540
1.65295845822894,-0.061405417657771,1.55733273819314D-5,             277P   2541
1.65546632036818,-0.0651482238679362,1.65234412177681D-5,            277P   2542
1.66293744275571,-0.0651492728209275,1.65238922773417D-5,            277P   2543
1.66666842443128,-0.0572450837259675,0.0311306883377589,             277P   2544
1.66045149321435,-0.0572460072124991,0.031131189701478,              277P   2545
1.66418247488993,-0.0539609802684998,0.0293447458324193,             277P   2546
1.67163527920469,-0.0428670955885262,0.0233117342203353,             277P   2547
1.67439544085565,-0.0347333895266653,0.018888506810904,              277P   2548
1.66730238044452,-0.0338662812805793,0.0184169615343336,             277P   2549
1.65842816991214,-0.0369082281574729,0.0200712198123246,             277P   2550
1.65153150431957,-0.0438022279194575,0.0238202689324776,             277P   2551
1.64674152701201,-0.0539554393493108,0.0293417376501051,             277P   2552
1.64924938915125,-0.057244160239436,0.0311301869740399,              277P   2553
1.65672051153878,-0.0572450837259675,0.0311306883377589,             277P   2554
1.66045149321435,-0.0353213595191953,0.0548036240194472,             277P   2555
1.65423456199742,-0.0353219262927406,0.054804507237951,              277P   2556
1.65796554367299,-0.0332950004161695,0.0516595846057321,             277P   2557
1.66541834798775,-0.0264498528161286,0.0410388459639033,             277P   2558
1.66817850963872,-0.0214311840243308,0.0332520335020348,             277P   2559
1.66108544922759,-0.0208961626730314,0.0324219072773312,             277P   2560
1.65221123869521,-0.0227731206041583,0.0353341220526967,             277P   2561
1.64531457310265,-0.0270268354647321,0.0419340919247387,             277P   2562
1.64052459579508,-0.0332915997748981,0.0516542852947093,             277P   2563
1.64303245793432,-0.0353207927456501,0.0548027408009434,             277P   2564
1.65050358032185,-0.0353213595191953,0.0548036240194472,             277P   2565
1.65423456199742,-0.00493000390698506,0.0648545232700172,            277P   2566
1.64801763078049,-0.00493008798168464,0.0648555679000846,            277P   2567
1.65174861245606,-0.0046471761812128,0.0611338716071546,             277P   2568
1.65920141677082,-0.00369175863699786,0.0485653061843826,            277P   2569
1.66196157842178,-0.00299129034587007,0.0393504026187217,            277P   2570
1.65486851801065,-0.00291661150049801,0.038368032865652,             277P   2571
1.64599430747828,-0.00317856310170517,0.0418143462891936,            277P   2572
1.63909764188571,-0.00377231212670029,0.0496247364837686,            277P   2573
1.63430766457815,-0.00464667173301526,0.0611276038267506,            277P   2574
1.63681552671739,-0.00492991983228549,0.0648534786399499,            277P   2575
1.64428664910492,-0.00493000390698506,0.0648545232700172,            277P   2576
1.64801763078049,0.0375209811313749,0.0578462102936251,              277P   2577
1.63972838915791,0.0375216022560324,0.0578471394634821,              277P   2578
1.64345937083349,0.0353684421361137,0.0545276184444611,              277P   2579
1.65091217514825,0.0280970115009628,0.0433172386322188,              277P   2580
1.65367233679921,0.0227658686956614,0.0350981081852422,              277P   2581
1.64657927638808,0.0221975181631578,0.0342218968077276,              277P   2582
1.6377050658557,0.0241912625151017,0.0372958080779566,               277P   2583
1.63080840026314,0.0287100049962785,0.0442621739713893,              277P   2584
1.62601842295557,0.0353647153881684,0.0545220434253195,              277P   2585
1.62852628509481,0.0375203600067174,0.0578452811237682,              277P   2586
1.63599740748234,0.0375209811313749,0.0578462102936251,              277P   2587
1.63972838915791,0.0730509560720588,0.0110106600143931,              277P   2588
1.6293668371297,0.0730521171406559,0.0110108350173262,               277P   2589
1.63309781880527,0.068860072923275,0.0103789860159613,               277P   2590
1.64055062312003,0.0547030730499345,0.00824516161706644,             277P   2591
1.64331078477099,0.0443235230487104,0.00668069617662587,             277P   2592
1.63621772435986,0.0432170085876487,0.00651391595653211,             277P   2593
1.62734351382748,0.0470989553906996,0.0070990252930915,              277P   2594
1.62044684823492,0.0558963310532764,0.0084250163224763,              277P   2595
1.61565687092735,0.0688531065116922,0.0103779359983629,              277P   2596
1.6181647330666,0.0730497950034616,0.0110104850114601,               277P   2597
1.62563585545413,0.0730509560720588,0.0110106600143931,              277P   2598
1.6293668371297,0.0529044990196646,-0.0442167621369274,              277P   2599
1.61900528510148,0.0529053664271196,-0.0442174669466679,             277P   2600
1.62273626677705,0.0498694191730999,-0.0416800780193373,             277P   2601
1.63018907109181,0.0396167203422193,-0.0331110357333054,             277P   2602
1.63294923274277,0.0320997940253062,-0.0268284401183517,             277P   2603
1.62585617233164,0.0312984258748915,-0.0261586806142131,             277P   2604
1.61698196179927,0.0341096450118789,-0.0285083601672553,             277P   2605
1.6100852962067,0.0404810048371711,-0.0338333072420186,              277P   2606
1.60529531889913,0.04986421472837,-0.0416758491608945,               277P   2607
1.60780318103838,0.0529036316122097,-0.044216057327187,              277P   2608
1.6152743034259,0.0529044990196646,-0.0442167621369274,              277P   2609
1.61900528510148,0.014405228651856,-0.0634263629305028,              277P   2610
1.6107160434789,0.014405456222477,-0.0634273859320399,               277P   2611
1.61444702515448,0.0135788098055169,-0.05978764444603,               277P   2612
1.62189982946923,0.0107871311356556,-0.0474958508554047,             277P   2613
1.6246599911202,0.00874033907829674,-0.0384838729467968,             277P   2614
1.61756693070907,0.00852214158419976,-0.0375231351494441,            277P   2615
1.60869272017669,0.00928764647188471,-0.0408935501270973,            277P   2616
1.60179605458412,0.0110224289741565,-0.0485319571970305,             277P   2617
1.59700607727656,0.0135774443817903,-0.0597815064368068,             277P   2618
1.5995139394158,0.0144050010812348,-0.0634253399289656,              277P   2619
1.60698506180333,0.014405228651856,-0.0634263629305028,              277P   2620
1.6107160434789,-0.0175984788637363,-0.0627800062570226,             277P   2621
1.60449911226197,-0.017598760123899,-0.0627810172960415,             277P   2622
1.60823009393754,-0.0165888670958719,-0.059178367862125,             277P   2623
1.61568289825231,-0.0131783478684256,-0.047011836163913,             277P   2624
1.61844305990326,-0.0106778477150391,-0.0380916913365579,            277P   2625
1.61134999949214,-0.0104112798613681,-0.0371407449791455,            277P   2626
1.60247578895976,-0.0113464594439226,-0.0404768212854445,            277P   2627
1.59557912336719,-0.0134658184175148,-0.0480373774797985,            277P   2628
1.59078914605963,-0.0165871795348955,-0.0591723016280113,            277P   2629
1.59329700819887,-0.0175981976035735,-0.0627789952180036,            277P   2630
1.6007681305864,-0.0175984788637363,-0.0627800062570226,             277P   2631
1.60449911226197,-0.0455259138029571,-0.0466209238387812,            277P   2632
1.59828218104504,-0.0455266484820227,-0.0466216751307506,            277P   2633
1.60201316272061,-0.042914129642262,-0.0439463192605917,             277P   2634
1.60946596703537,-0.0340913765214947,-0.0349113575133519,            277P   2635
1.61222612868634,-0.0276227973650486,-0.0282871897382207,            277P   2636
1.6051330682752,-0.026933202715654,-0.0275810092529248,              277P   2637
1.59625885774283,-0.0293524032406097,-0.0300584030593671,            277P   2638
1.58936219215026,-0.0348350703089725,-0.0356729345483744,            277P   2639
1.58457221484269,-0.0429097215678686,-0.0439418115087754,            277P   2640
1.58708007698194,-0.0455251791238916,-0.0466201725468119,            277P   2641
1.59455119936947,-0.0455259138029571,-0.0466209238387812,            277P   2642
1.59828218104504,-0.0622500029216701,-0.0192188750551827,            277P   2643
1.59206524982811,-0.0622510051396711,-0.0192191846705248,            277P   2644
1.59579623150368,-0.0586787702308829,-0.018116303731686,             277P   2645
1.60324903581845,-0.0466149512763084,-0.0143917572065311,            277P   2646
1.6060091974694,-0.0377701114562328,-0.0116610291000399,             277P   2647
1.59891613705828,-0.0368271933723536,-0.0113699153501669,            277P   2648
1.59004192652589,-0.0401351072537148,-0.0123911895214648,            277P   2649
1.58314526093333,-0.0476318335434588,-0.014705707128091,             277P   2650
1.57835528362577,-0.0586727569228772,-0.0181144460396332,            277P   2651
1.58086314576501,-0.0622490007036691,-0.0192185654398405,            277P   2652
1.58833426815254,-0.0622500029216701,-0.0192188750551827,            277P   2653
1.59206524982811,-0.0638854353903478,0.0129147193847449,             277P   2654
1.58584831861118,-0.063886465207207,0.0129149275667143,              277P   2655
1.58957930028675,-0.0602203799641544,0.0121738124461037,             277P   2656
1.59703210460151,-0.0478396199772085,0.0096709878191083,             277P   2657
1.59979226625247,-0.0387624125509214,0.00783599074988066,            277P   2658
1.59269920584134,-0.0377947213869229,0.00764036776073177,            277P   2659
1.58382499530896,-0.041189534126594,0.00832664396169562,             277P   2660
1.5769283297164,-0.048883223075183,0.00988195673678164,              277P   2661
1.57213835240883,-0.0602142010629995,0.0121725633542875,             277P   2662
1.57464621454808,-0.0638844055734887,0.0129145112027755,             277P   2663
1.5821173369356,-0.0638854353903478,0.0129147193847449,              277P   2664
1.58584831861118,-0.0498966170644942,0.041889803385238,              277P   2665
1.57963138739425,-0.0498974203191688,0.0418904779847556,             277P   2666
1.58336236906982,-0.0470340881603005,0.0394866190960498,             277P   2667
1.59081517338458,-0.0373643094400629,0.0313685310152003,             277P   2668
1.59357533503555,-0.0302747097637855,0.0254165864703893,             277P   2669
1.58648227462441,-0.029518911889873,0.0247820698811176,              277P   2670
1.57760806409204,-0.0321703774177946,0.0270080585903671,             277P   2671
1.57071139849947,-0.0381793931856933,0.0320528208559122,             277P   2672
1.5659214211919,-0.0470292686322528,0.0394825714989441,              277P   2673
1.56842928333115,-0.0498958138098195,0.0418891287857204,             277P   2674
1.57590040571868,-0.0498966170644942,0.041889803385238,              277P   2675
1.57963138739425,-0.0238418575396334,0.0606439213461292,             277P   2676
1.57341445617732,-0.0238422427009727,0.0606448990187203,             277P   2677
1.57714543785289,-0.0224740700494573,0.0571648290027948,             277P   2678
1.58459824216765,-0.0178536064511034,0.0454122623665073,             277P   2679
1.58735840381861,-0.01446602189406,0.0367956281114645,               277P   2680
1.58026534340748,-0.0141048819017488,0.0358770370358276,             277P   2681
1.5713911328751,-0.0153718116787424,0.0390995981589581,              277P   2682
1.56449446728254,-0.0182430795647336,0.046402914032617,              277P   2683
1.55970448997497,-0.0224717590814221,0.0571589629672482,             277P   2684
1.56221235211422,-0.0238414723782942,0.060642943673538,              277P   2685
1.56968347450174,-0.0238418575396334,0.0606439213461292,             277P   2686
1.57341445617732,0.00816935930253297,0.0646861438991023,             277P   2687
1.56719752496038,0.00816949285071903,0.0646871847987416,             277P   2688
1.57092850663596,0.0077006908536673,0.0609751514530782,              277P   2689
1.57838131095072,0.00611749893032117,0.0484392175709043,             277P   2690
1.58114147260168,0.00495675570069076,0.039248235038392,              277P   2691
1.57404841219055,0.00483301098208831,0.0382684163613376,             277P   2692
1.56517420165817,0.00526711336333152,0.0417057876092066,             277P   2693
1.55827753606561,0.00625095758982937,0.0494958930619535,             277P   2694
1.55348755875804,0.0076998895645509,0.0609689060552425,              277P   2695
1.55599542089728,0.00816922575434691,0.0646851029994631,             277P   2696
1.56346654328481,0.00816935930253297,0.0646861438991023,             277P   2697
1.56719752496038,0.0379110818925938,0.0528503925892423,              277P   2698
1.56098059374345,0.0379116889629014,0.0528512468644756,              277P   2699
1.56471157541902,0.0357361517114339,0.0498184099003227,              277P   2700
1.57216437973378,0.0283891258867456,0.0395761996407326,              277P   2701
1.57492454138475,0.023002489892282,0.0320669216318658,               277P   2702
1.56783148097362,0.0224282421013938,0.0312663801049278,              277P   2703
1.55895727044124,0.0244428231006719,0.0340747885958716,              277P   2704
1.55206060484867,0.0290084070033571,0.0404395491195469,              277P   2705
1.54727062754111,0.0357325092895886,0.0498132842489225,              277P   2706
1.54977848968035,0.0379104748222863,0.0528495383140088,              277P   2707
1.55724961206788,0.0379110818925938,0.0528503925892423,              277P   2708
1.56098059374345,0.0659255663401258,0.0201947461763957,              277P   2709
1.55269135212088,0.0659266394080894,0.0201950587105674,              277P   2710
1.55642233379645,0.0621434760819597,0.0190361827268846,              277P   2711
1.56387513811121,0.0493673438071878,0.0151225190834328,              277P   2712
1.56663529976218,0.0400002962719989,0.0122530924179733,              277P   2713
1.55954223935104,0.0390016966878981,0.0119472042414826,              277P   2714
1.55066802881867,0.0425048655474836,0.0130204027223704,              277P   2715
1.5437713632261,0.0504443167959162,0.0154523569255038,               277P   2716
1.53898138591853,0.0621370376741773,0.0190343075218545,              277P   2717
1.54148924805778,0.065924493272162,0.0201944336422241,               277P   2718
1.54896037044531,0.0659255663401258,0.0201947461763957,              277P   2719
1.55269135212088,0.0630377947952527,-0.0385215945197829,             277P   2720
1.54232980009266,0.0630387967151167,-0.0385222067802667,             277P   2721
1.54606078176823,0.0594213598278126,-0.0363116371144617,             277P   2722
1.55351358608299,0.0472048728587477,-0.0288462973289086,             277P   2723
1.55627374773395,0.0382480572573363,-0.0233729012511001,             277P   2724
1.54918068732283,0.0372932137441921,-0.0227894085264154,             277P   2725
1.54030647679044,0.040643058553005,-0.0248364560769909,              277P   2726
1.53340981119788,0.0482345698975962,-0.029475532090968,              277P   2727
1.52861983389031,0.059415348308629,-0.0363079635515589,              277P   2728
1.53112769602956,0.0630367928753888,-0.0385209822592992,             277P   2729
1.53859881841708,0.0630377947952527,-0.0385215945197829,             277P   2730
1.54232980009266,0.0121052106479327,-0.0678783613942115,             277P   2731
1.53196824806444,0.0121054220776251,-0.0678794588685612,             277P   2732
1.53569922974001,0.011410753717525,-0.0639842369022027,              277P   2733
1.54315203405477,0.00906480495949803,-0.0508296619018006,            277P   2734
1.54591219570574,0.00734487994305523,-0.0411851273431646,            277P   2735
1.53881913529461,0.00716150943526766,-0.0401569522789094,            277P   2736
1.52994492476223,0.00780468333011721,-0.0437639280729962,            277P   2737
1.52304825916966,0.00926261811749929,-0.0519385053420725,            277P   2738
1.5182582818621,0.0114094851393702,-0.0639776520561042,              277P   2739
1.52076614400134,0.0121049992182403,-0.0678772639198617,             277P   2740
1.52823726638887,0.0121052106479327,-0.0678783613942115,             277P   2741
1.53196824806444,-0.0297346348585941,-0.0578469153622867,            277P   2742
1.52367900644187,-0.0297351181020972,-0.0578478453065052,            277P   2743
1.52740998811744,-0.0280287852665646,-0.0545282834923432,            277P   2744
1.5348627924322,-0.0222663225777077,-0.0433177668570637,             277P   2745
1.53762295408316,-0.0180414685210458,-0.0350985386845866,            277P   2746
1.53052989367203,-0.0175910671466055,-0.0342223161879597,            277P   2747
1.52165568313965,-0.0191711173683513,-0.037296260909555,             277P   2748
1.51475901754709,-0.0227520702947608,-0.044262716897721,             277P   2749
1.50996904023952,-0.0280258858055461,-0.0545227038270325,            277P   2750
1.51247690237877,-0.0297341516150911,-0.0578459854180684,            277P   2751
1.51994802476629,-0.0297346348585941,-0.0578469153622867,            277P   2752
1.52367900644187,-0.0538354270989731,-0.0367801907691981,            277P   2753
1.51746207522493,-0.0538362924401121,-0.0367807844794727,            277P   2754
1.5211930569005,-0.0507469310796814,-0.0346701416256415,             277P   2755
1.52864586121527,-0.0403138259488758,-0.0275422771282009,            277P   2756
1.53140602286623,-0.0326645731297221,-0.0223163402680093,            277P   2757
1.5243129624551,-0.0318491137706819,-0.0217592196086902,             277P   2758
1.51543875192272,-0.0347098914078742,-0.0237136804764521,            277P   2759
1.50854208633015,-0.0411932464166388,-0.0281431048473191,            277P   2760
1.50375210902259,-0.0507417390328473,-0.0346665793639941,            277P   2761
1.50625997116183,-0.0538345617578341,-0.0367795970589235,            277P   2762
1.51373109354936,-0.0538354270989731,-0.0367801907691981,            277P   2763
1.51746207522493,-0.0648422254823697,-0.00645020632763173,           277P   2764
1.51124514400801,-0.0648432712003546,-0.00645030960806959,           277P   2765
1.51497612568358,-0.0611222800557725,-0.00608016285063615,           277P   2766
1.52242892999834,-0.048556097589482,-0.0048301369997117,             277P   2767
1.5251890916493,-0.039342945501473,-0.00391365261931644,             277P   2768
1.51809603123817,-0.0383607612861492,-0.00381594987905256,           277P   2769
1.50922182070579,-0.0418064144481769,-0.00415871151510945,           277P   2770
1.50232515511322,-0.0496153323646956,-0.00493550170340709,           277P   2771
1.49753517780566,-0.0611160057478634,-0.00607954316800889,           277P   2772
1.5000430399449,-0.0648411797643849,-0.00645010304719388,            277P   2773
1.50751416233243,-0.0648422254823697,-0.00645020632763173,           277P   2774
1.51124514400801,-0.0600399235798856,0.0252910181420959,             277P   2775
1.50502821279107,-0.0600408903403216,0.0252914251762968,             277P   2776
1.50875919446664,-0.0565954814364829,0.0238400926526507,             277P   2777
1.5162119987814,-0.0449599676054643,0.0189387874718591,              277P   2778
1.51897216043237,-0.0364291490187404,0.0153452931174824,             277P   2779
1.51187910002124,-0.0355197075488403,0.0149622031266193,             277P   2780
1.50300488948886,-0.0387101789793773,0.0163061477796509,             277P   2781
1.49610822389629,-0.0459407477351621,0.0193519272008667,             277P   2782
1.49131824658873,-0.0565896808738664,0.0238376504474455,             277P   2783
1.49382610872797,-0.0600389568194495,0.0252906111078951,             277P   2784
1.5012972311155,-0.0600399235798856,0.0252910181420959,              277P   2785
1.50502821279107,-0.0406376611738903,0.050958015327242,              277P   2786
1.49881128157414,-0.0406383162425822,0.0509588367574001,             277P   2787
1.50254226324971,-0.0383063116310227,0.0480345954672689,             277P   2788
1.50999506756447,-0.0304308839008899,0.0381591214515905,             277P   2789
1.51275522921544,-0.0246568529728591,0.0309187156794294,             277P   2790
1.50566216880431,-0.024041302567618,0.0301468398854277,              277P   2791
1.49678795827193,-0.0262007501634686,0.0328547015218754,             277P   2792
1.48989129267936,-0.0310947220486052,0.0389915481594496,             277P   2793
1.4851013153718,-0.0383023812188712,0.0480296668863205,              277P   2794
1.48760917751104,-0.0406370061051984,0.0509571938970839,             277P   2795
1.49508029989857,-0.0406376611738903,0.050958015327242,              277P   2796
1.49881128157414,-0.0112967796445131,0.0641623783213877,             277P   2797
1.49259435035721,-0.0112969613490815,0.0641634114167518,             277P   2798
1.49632533203278,-0.0106486923690682,0.0604814342388534,             277P   2799
1.50377813634754,-0.00845941854694292,0.0480470040259017,            277P   2800
1.50653829799851,-0.00685430631793004,0.0389304431519846,            277P   2801
1.49944523758737,-0.00668319095822173,0.037958557735921,             277P   2802
1.490571027055,-0.00728349343040322,0.0413680932059699,              277P   2803
1.48367436146243,-0.00864395588991647,0.0490951261884175,            277P   2804
1.47888438415486,-0.0106476021416576,0.0604752356666687,             277P   2805
1.48139224629411,-0.0112965979399446,0.0641613452260236,             277P   2806
1.48886336868164,-0.0112967796445131,0.0641623783213877,             277P   2807
1.49259435035721,0.0207172387623403,0.0617811895736545,              277P   2808
1.48637741914028,0.0207175721474646,0.0617821860912466,              277P   2809
1.49010840081585,0.0195287073173002,0.0582368533656263,              277P   2810
1.49756120513061,0.0155137835656095,0.0462638882496539,              277P   2811
1.50032136678157,0.0125701581547699,0.0374856660802815,              277P   2812
1.49322830637044,0.0122563484772781,0.0365498481788847,              277P   2813
1.48435409583806,0.0133572463232025,0.0398328399828179,              277P   2814
1.4774574302455,0.0158522084676612,0.0472731199452767,               277P   2815
1.47266745293793,0.0195267070065549,0.0582308742600737,              277P   2816
1.47517531507718,0.0207169053772161,0.0617801930560624,              277P   2817
1.48264643746471,0.0207172387623403,0.0617811895736545,              277P   2818
1.48637741914028,0.047837544114069,0.0443012981436723,               277P   2819
1.48016048792335,0.047838315495306,0.0443020096759375,               277P   2820
1.48389146959892,0.0450931432892185,0.0417597672738224,              277P   2821
1.49134427391368,0.0358224049386804,0.0331743409358263,              277P   2822
1.49410443556464,0.0290253743450217,0.0268797512057822,              277P   2823
1.48701137515351,0.0283007650856242,0.0262087081248162,              277P   2824
1.47813716462114,0.0308428064505307,0.0285628516362752,              277P   2825
1.47124049902857,0.0366038581162854,0.0338980157512158,              277P   2826
1.466450521721,0.0450885150017964,0.0417554980802304,                277P   2827
1.46895838386024,0.047836772732832,0.0443005866114069,               277P   2828
1.47642950624777,0.047837544114069,0.0443012981436723,               277P   2829
1.48016048792335,0.0630131511403026,0.01611697584604,                277P   2830
1.47394355670641,0.0630141653006733,0.0161172400415634,              277P   2831
1.47767453838199,0.0593981370556075,0.0151923605281287,              277P   2832
1.48512734269675,0.0471864228984035,0.012068949442297,               277P   2833
1.48788750434771,0.0382331494658886,0.00977897162736067,             277P   2834
1.48079444393658,0.0372786719621438,0.00953484060408574,             277P   2835
1.4719202334042,0.0406271407227945,0.0103912586173648,               277P   2836
1.46502356781164,0.0482157701043292,0.012332247284288,               277P   2837
1.46023359050407,0.0593920520933833,0.0151907753549891,              277P   2838
1.46274145264332,0.0630121369799318,0.0161167116505168,              277P   2839
1.47021257503084,0.0630131511403026,0.01611697584604,                277P   2840
1.47394355670641,0.0634828463763081,-0.0269060641088848,             277P   2841
1.46565431508384,0.0634838692871525,-0.0269065144486102,             277P   2842
1.46938529675941,0.05984088692034,-0.0253624944451477,               277P   2843
1.47683810107417,0.0475381472883941,-0.0201481952069626,             277P   2844
1.47959826272514,0.0385181406683093,-0.0163252814650738,             277P   2845
1.47250520231401,0.0375565478762245,-0.0159177179633058,             277P   2846
1.46363099178163,0.0409299696006119,-0.0173473937678438,             277P   2847
1.45673432618906,0.0485751721398743,-0.0205877896539112,             277P   2848
1.45194434888149,0.0598347494552734,-0.0253597924067956,             277P   2849
1.45445221102074,0.0634818234654637,-0.0269056137691595,             277P   2850
1.46192333340827,0.0634828463763081,-0.0269060641088848,             277P   2851
1.46565431508384,0.023528548748908,-0.0700291668754436,              277P   2852
1.45529276305562,0.0235289227105981,-0.0700302799158607,             277P   2853
1.45902374473119,0.022178732076147,-0.0660116416962779,              277P   2854
1.46647654904595,0.0176189880348838,-0.0524402531766277,             277P   2855
1.46923671069692,0.0142759003967844,-0.0424900584329686,             277P   2856
1.46214365028579,0.0139195097232288,-0.0414293154939247,             277P   2857
1.45326943975341,0.0151698229225066,-0.0451506836332257,             277P   2858
1.44637277416085,0.0180033174209846,-0.0535841514681077,             277P   2859
1.44158279685328,0.022176488306007,-0.0660049634537751,              277P   2860
1.44409065899252,0.023528174787218,-0.0700280538350265,              277P   2861
1.45156178138005,0.023528548748908,-0.0700291668754436,              277P   2862
1.45529276305562,-0.0343582403238128,-0.0597789209447369,            277P   2863
1.44493121102741,-0.0343587838021838,-0.0597798975632487,            277P   2864
1.44866219270298,-0.0323871302220994,-0.05634946020801,              277P   2865
1.45611499701774,-0.0257286334104145,-0.0447645243378686,            277P   2866
1.4588751586687,-0.0208467850958641,-0.0362708357463511,             277P   2867
1.45178209825757,-0.020326356862444,-0.0353653396618388,             277P   2868
1.44290788772519,-0.0221521764234063,-0.0385418676344496,            277P   2869
1.43601122213262,-0.0262898505644881,-0.045741099540135,             277P   2870
1.43122124482506,-0.0323838693518739,-0.05634360049694,              277P   2871
1.43372910696431,-0.0343576968454418,-0.0597779443262253,            277P   2872
1.44120022935183,-0.0343582403238128,-0.0597789209447369,            277P   2873
1.44493121102741,-0.0599613322503709,-0.0252002532354624,            277P   2874
1.43664196940483,-0.0599623001929952,-0.0252006549911299,            277P   2875
1.4403729510804,-0.0565214002027601,-0.0237545327124007,             277P   2876
1.44782575539516,-0.0449011164908466,-0.0188708183501013,            277P   2877
1.45058591704612,-0.036381472487973,-0.0152902081170587,             277P   2878
1.44349285663499,-0.0354732200538189,-0.0149084951649073,            277P   2879
1.43461864610262,-0.0386595023256748,-0.0162476367340349,            277P   2880
1.42772198051005,-0.0458806230080955,-0.0192824594644184,            277P   2881
1.42293200320248,-0.0565155925470144,-0.0237521221783955,            277P   2882
1.42543986534173,-0.0599603643077468,-0.0251998514797949,            277P   2883
1.43291098772926,-0.0599613322503709,-0.0252002532354624,            277P   2884
1.43664196940483,-0.0648821806910143,0.00642948482745586,            277P   2885
1.4304250381879,-0.0648832252103872,0.00642958624956784,             277P   2886
1.43415601986347,-0.0611599420319233,0.00606062927013694,            277P   2887
1.44160882417823,-0.0485860168374692,0.00481461953524212,            277P   2888
1.44436898582919,-0.0393671817570877,0.00390107447998521,            277P   2889
1.43727592541806,-0.0383843933894386,0.00380368649176975,            277P   2890
1.42840171488569,-0.0418321794314181,0.00414535502829518,            277P   2891
1.42150504929312,-0.0496458966135154,0.00491963938147751,            277P   2892
1.41671507198555,-0.0611536749156854,0.00606002073746479,            277P   2893
1.4192229341248,-0.0648811361716412,0.00642938340534383,             277P   2894
1.42669405651232,-0.0648821806910143,0.00642948482745586,            277P   2895
1.4304250381879,-0.0538181391961068,0.036738634244447,               277P   2896
1.42420810697096,-0.0538190066499565,0.0367392273015924,             277P   2897
1.42793908864654,-0.050730636312536,0.0346309691742949,              277P   2898
1.4353918929613,-0.0403008809384074,0.0275111581729059,              277P   2899
1.43815205461226,-0.0326540921766787,0.0222911259549178,             277P   2900
1.43105899420113,-0.0318388933058542,0.0217346347546529,             277P   2901
1.42218478366875,-0.0346987396950662,0.0236868872591057,             277P   2902
1.41528811807619,-0.0411800289776554,0.0281113071136433,             277P   2903
1.41049814076862,-0.0507254315894377,0.0346274108314222,             277P   2904
1.41300600290787,-0.0538172717422571,0.0367380411873015,             277P   2905
1.42047712529539,-0.0538181391961068,0.036738634244447,              277P   2906
1.42420810697096,-0.0297364967680521,0.0579669632007543,             277P   2907
1.41799117575403,-0.029736975712946,0.0579678964286974,              277P   2908
1.42172215742961,-0.0280305379291955,0.0546414450412892,             277P   2909
1.42917496174437,-0.0222677154493868,0.0434076632569309,             277P   2910
1.43193512339533,-0.0180425829161233,0.0351713823407409,             277P   2911
1.4248420629842,-0.0175921558306573,0.0342933406684513,              277P   2912
1.41596785245182,-0.0191723277722692,0.0373736575237232,             277P   2913
1.40907118685926,-0.0227534755193753,0.0443545799712162,             277P   2914
1.40428120955169,-0.0280276642598317,0.0546358456736301,             277P   2915
1.40678907169094,-0.0297360178231581,0.0579660299728111,             277P   2916
1.41426019407846,-0.0297364967680521,0.0579669632007543,             277P   2917
1.41799117575403,0.0016249264265623,0.0651574889166292,              277P   2918
1.4117742445371,0.00162495261990979,0.0651585392386257,              277P   2919
1.41550522621268,0.00153170572011711,0.0614194568150502,             277P   2920
1.42295803052744,0.00121680101672085,0.0487921775815408,             277P   2921
1.4257181921784,0.000985922192046796,0.0395342295270798,             277P   2922
1.41862513176727,0.000961308961602773,0.0385472702004943,            277P   2923
1.40975092123489,0.00104765604395652,0.0420096786840718,             277P   2924
1.40285425564232,0.00124334506747284,0.049856560360863,              277P   2925
1.39806427833476,0.00153154856003201,0.0614131548830724,             277P   2926
1.400572140474,0.00162490023321478,0.065156438594633,                277P   2927
1.40804326286153,0.0016249264265623,0.0651574889166292,              277P   2928
1.4117742445371,0.0325889463569831,0.0564126646248005,               277P   2929
1.40555731332017,0.0325894712242041,0.0564135728193074,              277P   2930
1.40928829499574,0.0307193447742676,0.0531763153215027,              277P   2931
1.4167410993105,0.0244037281775741,0.0422437508203941,               277P   2932
1.41950126096147,0.0197733031321342,0.0342283135894752,              277P   2933
1.41240820055034,0.0192796692015206,0.0333738153148284,              277P   2934
1.40353399001796,0.0210114179742035,0.0363715380735087,              277P   2935
1.39663732442539,0.0249360843086744,0.0431652773173531,              277P   2936
1.39184734711783,0.0307161955709417,0.0531708661544606,              277P   2937
1.39435520925707,0.0325884214897621,0.0564117564302934,              277P   2938
1.4018263316446,0.0325889463569831,0.0564126646248005,               277P   2939
1.40555731332017,0.0555825091223431,0.0340103500889659,              277P   2940
1.39934038210324,0.0555834050591372,0.0340108991697087,              277P   2941
1.40307136377881,0.0523937857957298,0.0320592044616102,              277P   2942
1.41052416809357,0.0416221020760804,0.025468124790848,               277P   2943
1.41328432974453,0.033724621695553,0.0206357427724615,               277P   2944
1.40619126933341,0.0328826973792063,0.0201205776796198,              277P   2945
1.39731705880103,0.0358363005289227,0.0219278516814382,              277P   2946
1.39042039320846,0.0425300722254109,0.0260237057479358,              277P   2947
1.3856304159009,0.052388410174965,0.0320559099771535,                277P   2948
1.38813827804014,0.055581613185549,0.0340098010082231,               277P   2949
1.39560940042767,0.0555825091223431,0.0340103500889659,              277P   2950
1.39934038210324,0.0651220097529392,0.00318738748602431,             277P   2951
1.39312345088631,0.0651230580297414,0.0031874367174391,              277P   2952
1.39685443256188,0.0613860122348294,0.00300452845405982,             277P   2953
1.40430723687664,0.0487656090854402,0.0023868251195532,              277P   2954
1.40706739852761,0.0395126973733555,0.00193393599461864,             277P   2955
1.39997433811648,0.0385262763080438,0.00188565695145134,             277P   2956
1.3911001275841,0.0419868072150437,0.00205504307041912,              277P   2957
1.38420346199153,0.0498294061457978,0.0024388838509451,              277P   2958
1.37941348468396,0.0613797225740163,0.00300423306557106,             277P   2959
1.38192134682321,0.0651209614761369,0.00318733825460953,             277P   2960
1.38939246921074,0.0651220097529392,0.00318738748602431,             277P   2961
1.39312345088631,0.0586306678376339,-0.0281577621655712,             277P   2962
1.38690651966938,0.0586316145504653,-0.0281582116704924,             277P   2963
1.39063750134495,0.0552670750478663,-0.0265423718046693,             277P   2964
1.39809030565971,0.0439046691016201,-0.0210855031834988,             277P   2965
1.40085046731067,0.0355740942045336,-0.0170846734363887,             277P   2966
1.39375740689954,0.0346859976022865,-0.0166581621980758,             277P   2967
1.38488319636717,0.0378015684436429,-0.0181544626521379,             277P   2968
1.3779865307746,0.0448624394156108,-0.0215454571166546,              277P   2969
1.37319655346704,0.0552613947708773,-0.0265396747751415,             277P   2970
1.37570441560628,0.0586297211248024,-0.0281573126606499,             277P   2971
1.3831755379938,0.0586306678376339,-0.0281577621655712,              277P   2972
1.38690651966938,0.0313357943246109,-0.0614172067854256,             277P   2973
1.3786172780468,0.0313362884485899,-0.0614182092784349,              277P   2974
1.38234825972238,0.0295380791339995,-0.0578937586235767,             277P   2975
1.38980106403714,0.0234653212780543,-0.0459913291735937,             277P   2976
1.3925612256881,0.0190129173107546,-0.0372648618569571,              277P   2977
1.38546816527697,0.018538271305496,-0.0363345504906144,              277P   2978
1.37659395474459,0.0202034842244092,-0.0395981382637173,             277P   2979
1.36969728915202,0.0239771625012377,-0.0469946644307622,             277P   2980
1.36490731184446,0.029535114390126,-0.0578877436655208,              277P   2981
1.3674151739837,0.031335300200632,-0.0614162042924163,               277P   2982
1.37488629637123,0.0313357943246109,-0.0614172067854256,             277P   2983
1.3786172780468,-0.0269899604919099,-0.0687693622158774,             277P   2984
1.36825572601858,-0.0269903894728986,-0.0687704552360219,            277P   2985
1.37198670769416,-0.0254415650082772,-0.0648241111659734,            277P   2986
1.37943951200892,-0.0202110124203714,-0.051496868038966,             277P   2987
1.38219967365988,-0.01637610513602,-0.0417256744592233,              277P   2988
1.37510661324875,-0.0159672839055752,-0.040684013980184,             277P   2989
1.36623240271637,-0.0174015374051639,-0.0443384357564376,            277P   2990
1.35933573712381,-0.020651882591679,-0.0526201879402741,             277P   2991
1.35454575981624,-0.0254389911223453,-0.0648175530451066,            277P   2992
1.35705362195548,-0.0269895315109212,-0.068768269195733,             277P   2993
1.36452474434301,-0.0269899604919099,-0.0687693622158774,            277P   2994
1.36825572601858,-0.0647450984606953,-0.0237081841817816,            277P   2995
1.35789417399036,-0.0647461425418856,-0.023708582967969,             277P   2996
1.36162515566594,-0.0610307250923292,-0.0223480742838727,            277P   2997
1.3690779599807,-0.0484833654990183,-0.0177535122936567,             277P   2998
1.37183812163166,-0.0392840135439716,-0.0143849715761319,            277P   2999
1.36474506122053,-0.0383033005806804,-0.0140258472889793,            277P   3000
1.35587085068815,-0.0417437928772642,-0.0152855907462412,            277P   3001
1.34897418509559,-0.0495410133550481,-0.0181408676255903,            277P   3002
1.34418420778802,-0.0610244606051874,-0.0223456815667487,            277P   3003
1.34669206992727,-0.0647440543795051,-0.0237077853955943,            277P   3004
1.35416319231479,-0.0647450984606953,-0.0237081841817816,            277P   3005
1.35789417399036,-0.062131442641893,0.0192377848685816,              277P   3006
1.34960493236779,-0.0621324423803052,0.0192380992794143,             277P   3007
1.35333591404336,-0.0585670113386678,0.0181341312260715,             277P   3008
1.36078871835813,-0.0465261690623514,0.0144059189702241,             277P   3009
1.36354888000909,-0.0376981731350463,0.0116725184966807,             277P   3010
1.35645581959796,-0.0367570512452358,0.0113811157292555,             277P   3011
1.34758160906558,-0.0400586679347702,0.0124033711179769,             277P   3012
1.34068494347301,-0.0475411122113664,0.014720196532346,              277P   3013
1.33589496616545,-0.0585610129081952,0.0181322447610756,             277P   3014
1.33840282830469,-0.0621304429034809,0.019237470457749,              277P   3015
1.34587395069222,-0.062131442641893,0.0192377848685816,              277P   3016
1.34960493236779,-0.0455698706717588,0.0466309639757607,             277P   3017
1.34338800115086,-0.0455706056096306,0.0466317130917209,             277P   3018
1.34711898282643,-0.0429555644887289,0.0439557820903397,             277P   3019
1.35457178714119,-0.0341242927982075,0.0349188751636554,             277P   3020
1.35733194879216,-0.0276494665518887,0.0282932733072852,             277P   3021
1.35023888838103,-0.0269592063340083,0.0275869420869617,             277P   3022
1.34136467784865,-0.0293807450531085,0.0300648817201073,             277P   3023
1.33446801225608,-0.0348687027681062,0.0356806064544058,             277P   3024
1.32967803494852,-0.0429511548614977,0.0439512873945785,             277P   3025
1.33218589708776,-0.0455691357338869,0.0466302148598004,             277P   3026
1.33965701947529,-0.0455698706717588,0.0466309639757607,             277P   3027
1.34338800115086,-0.0176118868841029,0.0627365903862609,             277P   3028
1.33717106993393,-0.0176121702180939,0.0627376022464056,             277P   3029
1.3409020516095,-0.0166015069521518,0.0591374435785848,              277P   3030
1.34835485592427,-0.0131883888537712,0.0469793253493012,             277P   3031
1.35111501757522,-0.0106859895887969,0.0380653541899873,             277P   3032
1.34402195716409,-0.0104192175705464,0.0371150645897435,             277P   3033
1.33514774663172,-0.0113550998665915,0.0404488258126961,             277P   3034
1.32825108103915,-0.013476086181854,0.048004163790183,               277P   3035
1.32346110373158,-0.0165998069482059,0.0591313724177166,             277P   3036
1.32596896587083,-0.0176116035501119,0.0627355785261162,             277P   3037
1.33344008825836,-0.0176118868841029,0.0627365903862609,             277P   3038
1.33717106993393,0.0144808473986102,0.0635204511291608,              277P   3039
1.330954138717,0.0144810804433506,0.0635214739555168,                277P   3040
1.33468512039257,0.0136500927556718,0.0598763339313096,              277P   3041
1.34213792470733,0.0108437584311508,0.0475663068039659,              277P   3042
1.3448980863583,0.00878623572004163,0.0385409548638963,              277P   3043
1.33780502594716,0.00856689035735277,0.0375787928593417,             277P   3044
1.32893081541479,0.0093363911619064,0.0409542165000847,              277P   3045
1.32203414982222,0.0110803092985663,0.0486039430673996,              277P   3046
1.31724417251465,0.0136486944872295,0.0598701969731735,              277P   3047
1.3197520346539,0.0144806143538698,0.0635194283028048,               277P   3048
1.32722315704143,0.0144808473986102,0.0635204511291608,              277P   3049
1.330954138717,0.0431274289511338,0.0488672209569448,                277P   3050
1.32473720750007,0.043128124011732,0.0488680085709899,               277P   3051
1.32846818917564,0.0406532433775103,0.0460637482046329,              277P   3052
1.3359209934904,0.0322953079381147,0.036593462395906,                277P   3053
1.33868115514136,0.0261675161300048,0.0296501282619864,              277P   3054
1.33158809473023,0.0255142525743006,0.0289099223999948,              277P   3055
1.32271388419785,0.0278060048688744,0.0315066817591299,              277P   3056
1.31581721860529,0.0329998171927689,0.0373917343765772,              277P   3057
1.31102724129772,0.0406490730139212,0.0460590225203622,              277P   3058
1.31353510343697,0.0431267338905357,0.0488664333428997,              277P   3059
1.32100622582449,0.0431274289511338,0.0488672209569448,              277P   3060
1.32473720750007,0.0612254785416576,0.0222704291431604,              277P   3061
1.31852027628313,0.0612264646617393,0.022270787762295,               277P   3062
1.32225125795871,0.0577130222148361,0.0209927925408624,              277P   3063
1.32970406227347,0.0458477521778382,0.0166768662175297,              277P   3064
1.33246422392443,0.0371484839734343,0.0135125552828613,              277P   3065
1.3253711635133,0.0362210844164657,0.013175218868131,                277P   3066
1.31649695298092,0.0394745538279199,0.014358650772638,               277P   3067
1.30960028738836,0.0468479000264719,0.0170406641454341,              277P   3068
1.30481031008079,0.0577071054943459,0.0209906408260545,              277P   3069
1.30731817222004,0.061224492421576,0.0222700705240257,               277P   3070
1.31478929460756,0.0612254785416576,0.0222704291431604,              277P   3071
1.31852027628313,0.0644410150021785,-0.00968135266155719,            277P   3072
1.3123033450662,0.0644420537378722,-0.00968150848736678,             277P   3073
1.31603432674178,0.0607440864051335,-0.00912594120787291,            277P   3074
1.32348713105654,0.0482556571627748,-0.00724973109347258,            277P   3075
1.3262472927075,0.0390995096941241,-0.00587414847339012,             277P   3076
1.31915423229637,0.0381234030263655,-0.00572750236035891,            277P   3077
1.31028002176399,0.0415477389454725,-0.00624196169210627,            277P   3078
1.30338335617143,0.0493083357995793,-0.00740788023797321,            277P   3079
1.29859337886386,0.0607378539909715,-0.00912500625301557,            277P   3080
1.3011012410031,0.0644399762664848,-0.00968119683574764,             277P   3081
1.30857236339063,0.0644410150021785,-0.00968135266155719,            277P   3082
1.3123033450662,0.0519333905952288,-0.0394042081681237,              277P   3083
1.30608641384927,0.0519342263082638,-0.0394048432036832,             277P   3084
1.30981739552485,0.0489540134415361,-0.0371436207358457,             277P   3085
1.3172701998396,0.0388895156693342,-0.029507231650936,               277P   3086
1.32003036149057,0.0315105183775447,-0.0239084562854271,             277P   3087
1.31293730107944,0.0307238691212228,-0.0233115894360068,             277P   3088
1.30406309054706,0.0334835688717996,-0.0254054932743579,             277P   3089
1.29716642495449,0.0397378696506223,-0.0301509200508004,             277P   3090
1.29237644764693,0.0489489991633259,-0.0371398105224883,             277P   3091
1.29488430978618,0.0519325548821938,-0.0394035731325641,             277P   3092
1.3023554321737,0.0519333905952288,-0.0394042081681237,              277P   3093
1.30608641384927,0.0268175842017295,-0.0592830352110359,             277P   3094
1.29986948263234,0.0268180185277838,-0.0592839901045424,             277P   3095
1.30360046430791,0.0252790823671662,-0.0558820153247545,             277P   3096
1.31105326862268,0.0200819337116059,-0.0443931835668582,             277P   3097
1.31381343027364,0.0162715447701154,-0.035969909075443,              277P   3098
1.30672036986251,0.0158653298966045,-0.0350719322203141,             277P   3099
1.29784615933013,0.0172903807283581,-0.0382221815481913,             277P   3100
1.29094949373756,0.0205200219215694,-0.0453616009095403,             277P   3101
1.28615951643,0.0252764764108402,-0.0558762859637157,                277P   3102
1.28866737856924,0.0268171498756751,-0.0592820803175295,             277P   3103
1.29613850095677,0.0268175842017295,-0.0592830352110359,             277P   3104
1.29986948263234,-0.0154813392200793,-0.0671309596237003,            277P   3105
1.29158024100977,-0.0154816005605579,-0.0671320405297323,            277P   3106
1.29531122268534,-0.0145931940083155,-0.0632797104246085,            277P   3107
1.3027640270001,-0.0115929651624914,-0.0502699801963288,             277P   3108
1.30552418865106,-0.00939332600751537,-0.0407316262058499,           277P   3109
1.29843112823993,-0.00915881890110598,-0.0397147748545945,           277P   3110
1.28955691770756,-0.00998142087698856,-0.0432820582012478,           277P   3111
1.28266025211499,-0.0118459103788593,-0.0513665955623596,            277P   3112
1.27787027480742,-0.0145916259654436,-0.0632732249884161,            277P   3113
1.28037813694667,-0.0154810778796006,-0.0671298787176683,            277P   3114
1.2878492593342,-0.0154813392200793,-0.0671309596237003,             277P   3115
1.29158024100977,-0.0648621946705764,-0.0354640466167119,            277P   3116
1.28121868898155,-0.0648632360425301,-0.0354646187590285,            277P   3117
1.28494967065712,-0.0611411010067825,-0.0334295033941715,            277P   3118
1.29240247497188,-0.0485710497077402,-0.0265567028274257,            277P   3119
1.29516263662284,-0.0393550452659739,-0.0215177701105884,            277P   3120
1.28806957621171,-0.0383725612587655,-0.0209805856700096,            277P   3121
1.27919536567933,-0.0418193001302742,-0.0228651097118212,            277P   3122
1.27229870008677,-0.0496305912122191,-0.0271360291518022,            277P   3123
1.2675087227792,-0.0611348527750603,-0.0334260705402722,             277P   3124
1.27001658491845,-0.0648611532986226,-0.0354634744743954,            277P   3125
1.27748770730597,-0.0648621946705764,-0.0354640466167119,            277P   3126
1.28121868898155,-0.0648621946705767,0.0354640466167112,             277P   3127
1.26878482654769,-0.0648632360425304,0.0354646187590277,             277P   3128
1.27251580822326,-0.0611411010067831,0.0334295033941707,             277P   3129
1.27996861253802,-0.0485710497077405,0.026556702827425,              277P   3130
1.28272877418898,-0.0393550452659741,0.0215177701105879,             277P   3131
1.27563571377785,-0.0383725612587656,0.0209805856700091,             277P   3132
1.26676150324547,-0.0418193001302745,0.0228651097118207,             277P   3133
1.2598648376529,-0.0496305912122193,0.0271360291518016,              277P   3134
1.25507486034534,-0.0611348527750609,0.0334260705402715,             277P   3135
1.25758272248459,-0.064861153298623,0.0354634744743946,              277P   3136
1.26505384487212,-0.0648621946705767,0.0354640466167112,             277P   3137
1.26878482654769,-0.0154813392200804,0.0671309596236998,             277P   3138
1.25842327451947,-0.015481600560559,0.0671320405297319,              277P   3139
1.26215425619504,-0.0145931940083164,0.0632797104246081,             277P   3140
1.2696070605098,-0.0115929651624922,0.0502699801963284,              277P   3141
1.27236722216076,-0.00939332600751599,0.0407316262058496,            277P   3142
1.26527416174963,-0.00915881890110667,0.0397147748545942,            277P   3143
1.25639995121725,-0.00998142087698923,0.0432820582012475,            277P   3144
1.24950328562469,-0.0118459103788602,0.0513665955623593,             277P   3145
1.24471330831712,-0.0145916259654444,0.0632732249884157,             277P   3146
1.24722117045636,-0.0154810778796017,0.0671298787176678,             277P   3147
1.25469229284389,-0.0154813392200804,0.0671309596236998,             277P   3148
1.25842327451947,0.0268175842017282,0.0592830352110367,              277P   3149
1.25013403289689,0.0268180185277825,0.059283990104543,               277P   3150
1.25386501457246,0.025279082367165,0.0558820153247551,               277P   3151
1.26131781888723,0.0200819337116049,0.0443931835668586,              277P   3152
1.26407798053819,0.0162715447701147,0.0359699090754435,              277P   3153
1.25698492012706,0.0158653298966038,0.0350719322203145,              277P   3154
1.24811070959468,0.0172903807283572,0.0382221815481918,              277P   3155
1.24121404400211,0.0205200219215685,0.0453616009095406,              277P   3156
1.23642406669455,0.0252764764108389,0.0558762859637164,              277P   3157
1.2389319288338,0.0268171498756738,0.0592820803175302,               277P   3158
1.24640305122132,0.0268175842017282,0.0592830352110367,              277P   3159
1.25013403289689,0.0519333905952279,0.0394042081681246,              277P   3160
1.24391710167996,0.051934226308263,0.0394048432036843,               277P   3161
1.24764808335553,0.0489540134415353,0.0371436207358467,              277P   3162
1.25510088767029,0.0388895156693336,0.0295072316509369,              277P   3163
1.25786104932126,0.0315105183775441,0.0239084562854278,              277P   3164
1.25076798891013,0.0307238691212223,0.0233115894360074,              277P   3165
1.24189377837775,0.0334835688717991,0.0254054932743586,              277P   3166
1.23499711278518,0.0397378696506216,0.0301509200508014,              277P   3167
1.23020713547762,0.0489489991633252,0.0371398105224894,              277P   3168
1.23271499761686,0.0519325548821929,0.0394035731325652,              277P   3169
1.24018612000439,0.0519333905952279,0.0394042081681246,              277P   3170
1.24391710167996,0.0644410150021783,0.00968135266155864,             277P   3171
1.23770017046303,0.0644420537378719,0.00968150848736817,             277P   3172
1.2414311521386,0.0607440864051334,0.00912594120787428,              277P   3173
1.24888395645336,0.0482556571627746,0.00724973109347362,             277P   3174
1.25164411810432,0.039099509694124,0.00587414847339099,              277P   3175
1.24455105769319,0.0381234030263653,0.00572750236035975,             277P   3176
1.23567684716082,0.0415477389454724,0.00624196169210718,             277P   3177
1.22878018156825,0.0493083357995791,0.00740788023797421,             277P   3178
1.22399020426068,0.0607378539909713,0.00912500625301693,             277P   3179
1.22649806639993,0.0644399762664846,0.00968119683574908,             277P   3180
1.23396918878746,0.0644410150021783,0.00968135266155864,             277P   3181
1.23770017046303,0.061225478541658,-0.0222704291431594,              277P   3182
1.2314832392461,0.0612264646617398,-0.022270787762294,               277P   3183
1.23521422092167,0.0577130222148366,-0.0209927925408615,             277P   3184
1.24266702523643,0.0458477521778385,-0.016676866217529,              277P   3185
1.24542718688739,0.0371484839734346,-0.0135125552828608,             277P   3186
1.23833412647626,0.036221084416466,-0.0131752188681304,              277P   3187
1.22945991594389,0.0394745538279202,-0.0143586507726374,             277P   3188
1.22256325035132,0.0468479000264723,-0.0170406641454333,             277P   3189
1.21777327304375,0.0577071054943465,-0.0209906408260536,             277P   3190
1.220281135183,0.0612244924215764,-0.0222700705240248,               277P   3191
1.22775225757053,0.061225478541658,-0.0222704291431594,              277P   3192
1.2314832392461,0.0431274289511345,-0.0488672209569444,              277P   3193
1.22526630802917,0.0431281240117326,-0.0488680085709894,             277P   3194
1.22899728970474,0.0406532433775109,-0.0460637482046324,             277P   3195
1.2364500940195,0.0322953079381152,-0.0365934623959056,              277P   3196
1.23921025567046,0.0261675161300052,-0.0296501282619861,             277P   3197
1.23211719525933,0.025514252574301,-0.0289099223999945,              277P   3198
1.22324298472695,0.0278060048688748,-0.0315066817591296,             277P   3199
1.21634631913439,0.0329998171927694,-0.0373917343765769,             277P   3200
1.21155634182682,0.0406490730139218,-0.0460590225203617,             277P   3201
1.21406420396607,0.0431267338905363,-0.0488664333428992,             277P   3202
1.2215353263536,0.0431274289511345,-0.0488672209569444,              277P   3203
1.22526630802917,0.0144808473986109,-0.0635204511291605,             277P   3204
1.21904937681224,0.0144810804433514,-0.0635214739555166,             277P   3205
1.22278035848781,0.0136500927556725,-0.0598763339313095,             277P   3206
1.23023316280257,0.0108437584311513,-0.0475663068039658,             277P   3207
1.23299332445353,0.00878623572004209,-0.0385409548638962,            277P   3208
1.2259002640424,0.00856689035735321,-0.0375787928593416,             277P   3209
1.21702605351002,0.00933639116190688,-0.0409542165000846,            277P   3210
1.21012938791746,0.0110803092985668,-0.0486039430673994,             277P   3211
1.20533941060989,0.0136486944872302,-0.0598701969731734,             277P   3212
1.20784727274914,0.0144806143538706,-0.0635194283028046,             277P   3213
1.21531839513666,0.0144808473986109,-0.0635204511291605,             277P   3214
1.21904937681224,-0.0176118868841018,-0.0627365903862611,            277P   3215
1.2128324455953,-0.0176121702180928,-0.0627376022464058,             277P   3216
1.21656342727088,-0.0166015069521508,-0.059137443578585,             277P   3217
1.22401623158564,-0.0131883888537704,-0.0469793253493013,            277P   3218
1.2267763932366,-0.0106859895887963,-0.0380653541899874,             277P   3219
1.21968333282547,-0.0104192175705458,-0.0371150645897435,            277P   3220
1.21080912229309,-0.0113550998665908,-0.0404488258126962,            277P   3221
1.20391245670053,-0.0134760861818532,-0.0480041637901832,            277P   3222
1.19912247939296,-0.0165998069482049,-0.0591313724177167,            277P   3223
1.20163034153221,-0.0176116035501108,-0.0627355785261164,            277P   3224
1.20910146391973,-0.0176118868841018,-0.0627365903862611,            277P   3225
1.2128324455953,-0.0455698706717578,-0.0466309639757617,             277P   3226
1.20661551437837,-0.0455706056096296,-0.0466317130917219,            277P   3227
1.21034649605394,-0.0429555644887279,-0.0439557820903406,            277P   3228
1.21779930036871,-0.0341242927982068,-0.0349188751636562,            277P   3229
1.22055946201967,-0.027649466551888,-0.0282932733072858,             277P   3230
1.21346640160854,-0.0269592063340077,-0.0275869420869623,            277P   3231
1.20459219107616,-0.0293807450531079,-0.0300648817201079,            277P   3232
1.1976955254836,-0.0348687027681054,-0.0356806064544066,             277P   3233
1.19290554817603,-0.0429511548614967,-0.0439512873945794,            277P   3234
1.19541341031527,-0.0455691357338859,-0.0466302148598015,            277P   3235
1.2028845327028,-0.0455698706717578,-0.0466309639757617,             277P   3236
1.20661551437837,-0.0621314426418926,-0.0192377848685829,            277P   3237
1.20039858316144,-0.0621324423803049,-0.0192380992794156,            277P   3238
1.20412956483701,-0.0585670113386674,-0.0181341312260728,            277P   3239
1.21158236915177,-0.0465261690623511,-0.0144059189702251,            277P   3240
1.21434253080274,-0.0376981731350461,-0.0116725184966814,            277P   3241
1.20724947039161,-0.0367570512452356,-0.0113811157292563,            277P   3242
1.19837525985923,-0.0400586679347699,-0.0124033711179777,            277P   3243
1.19147859426666,-0.0475411122113661,-0.014720196532347,             277P   3244
1.1866886169591,-0.0585610129081948,-0.0181322447610768,             277P   3245
1.18919647909834,-0.0621304429034806,-0.0192374704577503,            277P   3246
1.19666760148587,-0.0621314426418926,-0.0192377848685829,            277P   3247
1.20039858316144,-0.0647450984606958,0.0237081841817801,             277P   3248
1.19210934153887,-0.064746142541886,0.0237085829679675,              277P   3249
1.19584032321444,-0.0610307250923296,0.0223480742838714,             277P   3250
1.2032931275292,-0.0484833654990187,0.0177535122936557,              277P   3251
1.20605328918016,-0.0392840135439719,0.014384971576131,              277P   3252
1.19896022876904,-0.0383033005806807,0.0140258472889785,             277P   3253
1.19008601823665,-0.0417437928772646,0.0152855907462403,             277P   3254
1.18318935264409,-0.0495410133550484,0.0181408676255892,             277P   3255
1.17839937533652,-0.0610244606051877,0.0223456815667473,             277P   3256
1.18090723747577,-0.0647440543795055,0.0237077853955928,             277P   3257
1.1883783598633,-0.0647450984606958,0.0237081841817801,              277P   3258
1.19210934153887,-0.0269899604919112,0.0687693622158773,             277P   3259
1.18174778951065,-0.0269903894728999,0.0687704552360217,             277P   3260
1.18547877118622,-0.0254415650082784,0.0648241111659729,             277P   3261
1.19293157550098,-0.0202110124203724,0.0514968680389659,             277P   3262
1.19569173715195,-0.0163761051360207,0.0417256744592232,             277P   3263
1.18859867674081,-0.0159672839055759,0.0406840139801838,             277P   3264
1.17972446620844,-0.0174015374051647,0.0443384357564373,             277P   3265
1.17282780061587,-0.02065188259168,0.052620187940274,                277P   3266
1.16803782330831,-0.0254389911223466,0.0648175530451063,             277P   3267
1.17054568544755,-0.0269895315109226,0.0687682691957328,             277P   3268
1.17801680783508,-0.0269899604919112,0.0687693622158773,             277P   3269
1.18174778951065,0.0313357943246107,0.0614172067854259,              277P   3270
1.17138623748243,0.0313362884485896,0.0614182092784353,              277P   3271
1.175117219158,0.0295380791339992,0.0578937586235772,                277P   3272
1.18257002347276,0.0234653212780541,0.0459913291735939,              277P   3273
1.18533018512372,0.0190129173107544,0.0372648618569574,              277P   3274
1.1782371247126,0.0185382713054958,0.0363345504906146,               277P   3275
1.16936291418021,0.0202034842244089,0.0395981382637177,              277P   3276
1.16246624858765,0.0239771625012375,0.0469946644307624,              277P   3277
1.15767627128008,0.0295351143901257,0.0578877436655213,              277P   3278
1.16018413341933,0.0313353002006318,0.0614162042924166,              277P   3279
1.16765525580686,0.0313357943246107,0.0614172067854259,              277P   3280
1.17138623748243,0.0586306678376338,0.0281577621655714,              277P   3281
1.16309699585985,0.0586316145504653,0.0281582116704926,              277P   3282
1.16682797753543,0.0552670750478662,0.0265423718046693,              277P   3283
1.17428078185019,0.0439046691016201,0.0210855031834989,              277P   3284
1.17704094350115,0.0355740942045335,0.0170846734363888,              277P   3285
1.16994788309002,0.0346859976022865,0.0166581621980759,              277P   3286
1.16107367255764,0.0378015684436429,0.018154462652138,               277P   3287
1.15417700696508,0.0448624394156108,0.0215454571166548,              277P   3288
1.14938702965751,0.0552613947708772,0.0265396747751416,              277P   3289
1.15189489179676,0.0586297211248023,0.02815731266065,                277P   3290
1.15936601418428,0.0586306678376338,0.0281577621655714,              277P   3291
1.16309699585985,0.0651220097529391,-0.00318738748602385,            277P   3292
1.15688006464292,0.0651230580297413,-0.00318743671743861,            277P   3293
1.16061104631849,0.0613860122348294,-0.00300452845405937,            277P   3294
1.16806385063326,0.0487656090854399,-0.00238682511955283,            277P   3295
1.17082401228422,0.0395126973733555,-0.00193393599461836,            277P   3296
1.16373095187309,0.0385262763080436,-0.00188565695145104,            277P   3297
1.15485674134071,0.0419868072150437,-0.0020550430704188,             277P   3298
1.14796007574815,0.0498294061457977,-0.00243888385094475,            277P   3299
1.14317009844058,0.0613797225740163,-0.00300423306557052,            277P   3300
1.14567796057983,0.0651209614761369,-0.00318733825460902,            277P   3301
1.15314908296735,0.0651220097529391,-0.00318738748602385,            277P   3302
1.15688006464292,0.0555825091223435,-0.0340103500889649,             277P   3303
1.15066313342599,0.0555834050591376,-0.0340108991697077,             277P   3304
1.15439411510156,0.0523937857957303,-0.0320592044616092,             277P   3305
1.16184691941632,0.0416221020760808,-0.0254681247908472,             277P   3306
1.16460708106729,0.0337246216955533,-0.0206357427724608,             277P   3307
1.15751402065616,0.0328826973792066,-0.0201205776796192,             277P   3308
1.14863981012378,0.0358363005289231,-0.0219278516814375,             277P   3309
1.14174314453121,0.0425300722254112,-0.026023705747935,              277P   3310
1.13695316722365,0.0523884101749655,-0.0320559099771527,             277P   3311
1.13946102936289,0.0555816131855494,-0.0340098010082222,             277P   3312
1.14693215175042,0.0555825091223435,-0.0340103500889649,             277P   3313
1.15066313342599,0.0325889463569844,-0.0564126646247998,             277P   3314
1.14444620220906,0.0325894712242054,-0.0564135728193068,             277P   3315
1.14817718388463,0.0307193447742688,-0.0531763153215021,             277P   3316
1.15562998819939,0.024403728177575,-0.0422437508203935,              277P   3317
1.15839014985036,0.0197733031321349,-0.0342283135894749,             277P   3318
1.15129708943923,0.0192796692015214,-0.033373815314828,              277P   3319
1.14242287890685,0.0210114179742042,-0.0363715380735082,             277P   3320
1.13552621331428,0.0249360843086754,-0.0431652773173526,             277P   3321
1.13073623600672,0.0307161955709429,-0.0531708661544598,             277P   3322
1.13324409814596,0.0325884214897633,-0.0564117564302927,             277P   3323
1.14071522053349,0.0325889463569844,-0.0564126646247998,             277P   3324
1.14444620220906,0.00162492642656365,-0.0651574889166292,            277P   3325
1.13822927099213,0.0016249526199112,-0.0651585392386254,             277P   3326
1.1419602526677,0.00153170572011843,-0.0614194568150502,             277P   3327
1.14941305698246,0.00121680101672191,-0.0487921775815407,            277P   3328
1.15217321863342,0.000985922192047647,-0.0395342295270797,           277P   3329
1.1450801582223,0.000961308961603586,-0.0385472702004943,            277P   3330
1.13620594768992,0.00104765604395744,-0.0420096786840717,            277P   3331
1.12930928209735,0.0012433450674739,-0.0498565603608628,             277P   3332
1.12451930478978,0.00153154856003329,-0.0614131548830724,            277P   3333
1.12702716692903,0.00162490023321616,-0.065156438594633,             277P   3334
1.13449828931656,0.00162492642656365,-0.0651574889166292,            277P   3335
1.13822927099213,-0.0297364967680508,-0.057966963200755,             277P   3336
1.1320123397752,-0.0297369757129448,-0.0579678964286982,             277P   3337
1.13574332145077,-0.0280305379291943,-0.0546414450412898,            277P   3338
1.14319612576553,-0.0222677154493858,-0.0434076632569314,            277P   3339
1.14595628741649,-0.0180425829161226,-0.0351713823407414,            277P   3340
1.13886322700536,-0.0175921558306565,-0.0342933406684517,            277P   3341
1.12998901647299,-0.0191723277722685,-0.0373736575237237,            277P   3342
1.12309235088042,-0.0227534755193743,-0.0443545799712167,            277P   3343
1.11830237357285,-0.0280276642598305,-0.0546358456736307,            277P   3344
1.1208102357121,-0.0297360178231568,-0.0579660299728118,             277P   3345
1.12828135809963,-0.0297364967680508,-0.057966963200755,             277P   3346
1.1320123397752,-0.053818139196106,-0.0367386342444481,              277P   3347
1.12579540855827,-0.0538190066499557,-0.0367392273015935,            277P   3348
1.12952639023384,-0.0507306363125352,-0.034630969174296,             277P   3349
1.1369791945486,-0.0403008809384068,-0.0275111581729068,             277P   3350
1.13973935619956,-0.0326540921766782,-0.0222911259549184,            277P   3351
1.13264629578843,-0.0318388933058538,-0.0217346347546536,            277P   3352
1.12377208525605,-0.0346987396950656,-0.0236868872591064,            277P   3353
1.11687541966349,-0.0411800289776547,-0.0281113071136442,            277P   3354
1.11208544235592,-0.050725431589437,-0.0346274108314234,             277P   3355
1.11459330449517,-0.0538172717422563,-0.0367380411873027,            277P   3356
1.12206442688269,-0.053818139196106,-0.0367386342444481,             277P   3357
1.12579540855827,-0.064882180691014,-0.00642948482745729,            277P   3358
1.11957847734134,-0.064883225210387,-0.00642958624956932,            277P   3359
1.12330945901691,-0.0611599420319232,-0.00606062927013828,           277P   3360
1.13076226333167,-0.048586016837469,-0.00481461953524318,            277P   3361
1.13352242498263,-0.0393671817570876,-0.00390107447998609,           277P   3362
1.1264293645715,-0.0383843933894385,-0.0038036864917706,             277P   3363
1.11755515403912,-0.041832179431418,-0.00414535502829613,            277P   3364
1.11065848844656,-0.0496458966135154,-0.00491963938147858,           277P   3365
1.10586851113899,-0.0611536749156852,-0.00606002073746609,           277P   3366
1.10837637327824,-0.0648811361716411,-0.00642938340534525,           277P   3367
1.11584749566577,-0.064882180691014,-0.00642948482745729,            277P   3368
1.11957847734134,-0.0599613322503715,0.0252002532354614,             277P   3369
1.1133615461244,-0.0599623001929958,0.025200654991129,               277P   3370
1.11709252779998,-0.0565214002027605,0.0237545327123998,             277P   3371
1.12454533211474,-0.044901116490847,0.0188708183501005,              277P   3372
1.1273054937657,-0.0363814724879732,0.0152902081170581,              277P   3373
1.12021243335457,-0.0354732200538192,0.0149084951649067,             277P   3374
1.11133822282219,-0.0386595023256751,0.0162476367340343,             277P   3375
1.10444155722963,-0.0458806230080958,0.0192824594644177,             277P   3376
1.09965157992206,-0.0565155925470149,0.0237521221783946,             277P   3377
1.1021594420613,-0.0599603643077473,0.0251998514797939,              277P   3378
1.10963056444883,-0.0599613322503715,0.0252002532354614,             277P   3379
1.1133615461244,-0.0343582403238136,0.0597789209447366,              277P   3380
1.10507230450183,-0.0343587838021845,0.0597798975632483,             277P   3381
1.1088032861774,-0.0323871302221003,0.0563494602080097,              277P   3382
1.11625609049217,-0.0257286334104151,0.0447645243378684,             277P   3383
1.11901625214313,-0.0208467850958646,0.0362708357463509,             277P   3384
1.111923191732,-0.0203263568624444,0.0353653396618386,               277P   3385
1.10304898119962,-0.0221521764234069,0.0385418676344493,             277P   3386
1.09615231560705,-0.0262898505644887,0.0457410995401348,             277P   3387
1.09136233829949,-0.0323838693518745,0.0563436004969397,             277P   3388
1.09387020043873,-0.0343576968454426,0.059777944326225,              277P   3389
1.10134132282626,-0.0343582403238136,0.0597789209447366,             277P   3390
1.10507230450183,0.0235285487489071,0.0700291668754437,              277P   3391
1.09471075247361,0.0235289227105972,0.0700302799158608,              277P   3392
1.09844173414918,0.0221787320761462,0.0660116416962781,              277P   3393
1.10589453846394,0.0176189880348832,0.0524402531766278,              277P   3394
1.10865470011491,0.014275900396784,0.0424900584329686,               277P   3395
1.10156163970378,0.0139195097232283,0.0414293154939249,              277P   3396
1.0926874291714,0.0151698229225061,0.0451506836332259,               277P   3397
1.08579076357883,0.0180033174209839,0.0535841514681078,              277P   3398
1.08100078627126,0.0221764883060061,0.0660049634537753,              277P   3399
1.08350864841051,0.0235281747872171,0.0700280538350266,              277P   3400
1.09097977079804,0.0235285487489071,0.0700291668754437,              277P   3401
1.09471075247361,0.0634828463763075,0.0269060641088859,              277P   3402
1.08434920044539,0.0634838692871519,0.0269065144486113,              277P   3403
1.08808018212096,0.0598408869203395,0.0253624944451486,              277P   3404
1.09553298643573,0.0475381472883936,0.0201481952069634,              277P   3405
1.09829314808669,0.0385181406683088,0.0163252814650745,              277P   3406
1.09120008767556,0.0375565478762241,0.0159177179633064,              277P   3407
1.08232587714318,0.0409299696006115,0.0173473937678444,              277P   3408
1.07542921155061,0.0485751721398739,0.020587789653912,               277P   3409
1.07063923424305,0.0598347494552729,0.0253597924067965,              277P   3410
1.0731470963823,0.0634818234654631,0.0269056137691606,               277P   3411
1.08061821876982,0.0634828463763075,0.0269060641088859,              277P   3412
1.08434920044539,0.0630131511403029,-0.0161169758460387,             277P   3413
1.07605995882282,0.0630141653006736,-0.016117240041562,              277P   3414
1.07979094049839,0.0593981370556079,-0.0151923605281274,             277P   3415
1.08724374481315,0.0471864228984038,-0.012068949442296,              277P   3416
1.09000390646411,0.0382331494658888,-0.00977897162735988,            277P   3417
1.08291084605298,0.037278671962144,-0.00953484060408494,             277P   3418
1.07403663552061,0.0406271407227948,-0.0103912586173639,             277P   3419
1.06713996992804,0.0482157701043295,-0.0123322472842869,             277P   3420
1.06234999262047,0.0593920520933837,-0.0151907753549878,             277P   3421
1.06485785475972,0.0630121369799322,-0.0161167116505155,             277P   3422
1.07232897714724,0.0630131511403029,-0.0161169758460387,             277P   3423
1.07605995882282,0.04783754411407,-0.0443012981436712,               277P   3424
1.06984302760589,0.047838315495307,-0.0443020096759365,              277P   3425
1.07357400928146,0.0450931432892194,-0.0417597672738215,             277P   3426
1.08102681359622,0.035822404938681,-0.0331743409358255,              277P   3427
1.08378697524718,0.0290253743450222,-0.0268797512057815,             277P   3428
1.07669391483605,0.0283007650856247,-0.0262087081248155,             277P   3429
1.06781970430367,0.0308428064505313,-0.0285628516362745,             277P   3430
1.06092303871111,0.0366038581162862,-0.033898015751215,              277P   3431
1.05613306140354,0.0450885150017974,-0.0417554980802293,             277P   3432
1.05864092354279,0.047836772732833,-0.0443005866114058,              277P   3433
1.06611204593031,0.04783754411407,-0.0443012981436712,               277P   3434
1.06984302760589,0.0207172387623417,-0.061781189573654,              277P   3435
1.06362609638895,0.0207175721474659,-0.0617821860912461,             277P   3436
1.06735707806453,0.0195287073173015,-0.0582368533656259,             277P   3437
1.07480988237929,0.0155137835656106,-0.0462638882496535,             277P   3438
1.07757004403025,0.0125701581547707,-0.0374856660802813,             277P   3439
1.07047698361912,0.012256348477279,-0.0365498481788844,              277P   3440
1.06160277308674,0.0133572463232033,-0.0398328399828176,             277P   3441
1.05470610749418,0.0158522084676622,-0.0472731199452762,             277P   3442
1.04991613018661,0.0195267070065561,-0.0582308742600733,             277P   3443
1.05242399232585,0.0207169053772175,-0.0617801930560619,             277P   3444
1.05989511471338,0.0207172387623417,-0.061781189573654,              277P   3445
1.06362609638895,-0.0112967796445117,-0.064162378321388,             277P   3446
1.05740916517202,-0.0112969613490801,-0.0641634114167521,            277P   3447
1.06114014684759,-0.0106486923690669,-0.0604814342388536,            277P   3448
1.06859295116236,-0.00845941854694192,-0.048047004025902,            277P   3449
1.07135311281332,-0.00685430631792918,-0.0389304431519847,           277P   3450
1.06426005240219,-0.00668319095822092,-0.0379585577359211,           277P   3451
1.05538584186981,-0.00728349343040234,-0.04136809320597,             277P   3452
1.04848917627724,-0.00864395588991543,-0.0490951261884178,           277P   3453
1.04369919896968,-0.0106476021416563,-0.0604752356666689,            277P   3454
1.04620706110893,-0.0112965979399433,-0.0641613452260239,            277P   3455
1.05367818349645,-0.0112967796445117,-0.064162378321388,             277P   3456
1.05740916517202,-0.0406376611738895,-0.0509580153272427,            277P   3457
1.05119223395509,-0.0406383162425814,-0.0509588367574007,            277P   3458
1.05492321563066,-0.038306311631022,-0.0480345954672696,             277P   3459
1.06237601994543,-0.0304308839008892,-0.038159121451591,             277P   3460
1.06513618159639,-0.0246568529728586,-0.0309187156794298,            277P   3461
1.05804312118526,-0.0240413025676175,-0.0301468398854281,            277P   3462
1.04916891065288,-0.026200750163468,-0.0328547015218758,             277P   3463
1.04227224506031,-0.0310947220486045,-0.0389915481594502,            277P   3464
1.03748226775275,-0.0383023812188704,-0.0480296668863211,            277P   3465
1.03999012989199,-0.0406370061051975,-0.0509571938970846,            277P   3466
1.04746125227952,-0.0406376611738895,-0.0509580153272427,            277P   3467
1.05119223395509,-0.0600399235798853,-0.0252910181420967,            277P   3468
1.04497530273816,-0.0600408903403215,-0.0252914251762975,            277P   3469
1.04870628441373,-0.0565954814364828,-0.0238400926526515,            277P   3470
1.0561590887285,-0.0449599676054642,-0.0189387874718597,             277P   3471
1.05891925037946,-0.0364291490187402,-0.0153452931174828,            277P   3472
1.05182618996833,-0.0355197075488402,-0.0149622031266197,            277P   3473
1.04295197943595,-0.0387101789793772,-0.0163061477796514,            277P   3474
1.03605531384338,-0.0459407477351619,-0.0193519272008673,            277P   3475
1.03126533653582,-0.0565896808738662,-0.0238376504474463,            277P   3476
1.03377319867506,-0.0600389568194493,-0.0252906111078958,            277P   3477
1.04124432106259,-0.0600399235798853,-0.0252910181420967,            277P   3478
1.04497530273816,-0.0648422254823698,0.00645020632763095,            277P   3479
1.03875837152123,-0.0648432712003546,0.00645030960806884,            277P   3480
1.0424893531968,-0.0611222800557723,0.00608016285063545,             277P   3481
1.04994215751156,-0.0485560975894819,0.00483013699971112,            277P   3482
1.05270231916253,-0.0393429455014729,0.00391365261931597,            277P   3483
1.0456092587514,-0.0383607612861492,0.00381594987905213,             277P   3484
1.03673504821902,-0.0418064144481769,0.00415871151510894,            277P   3485
1.02983838262645,-0.0496153323646955,0.00493550170340651,            277P   3486
1.02504840531889,-0.0611160057478633,0.00607954316800825,            277P   3487
1.02755626745813,-0.0648411797643849,0.0064501030471931,             277P   3488
1.03502738984566,-0.0648422254823698,0.00645020632763095,            277P   3489
1.03875837152123,-0.0538354270989736,0.0367801907691971,             277P   3490
1.0325414403043,-0.0538362924401127,0.0367807844794717,              277P   3491
1.03627242197987,-0.050746931079682,0.0346701416256406,              277P   3492
1.04372522629463,-0.0403138259488762,0.0275422771282002,             277P   3493
1.04648538794559,-0.0326645731297224,0.0223163402680086,             277P   3494
1.03939232753446,-0.0318491137706823,0.0217592196086895,             277P   3495
1.03051811700209,-0.0347098914078746,0.0237136804764514,             277P   3496
1.02362145140952,-0.0411932464166393,0.0281431048473183,             277P   3497
1.01883147410195,-0.0507417390328479,0.0346665793639932,             277P   3498
1.0213393362412,-0.0538345617578346,0.0367795970589225,              277P   3499
1.02881045862873,-0.0538354270989736,0.0367801907691971,             277P   3500
1.0325414403043,-0.0297346348585954,0.0578469153622861,              277P   3501
1.02632450908737,-0.0297351181020984,0.0578478453065046,             277P   3502
1.03005549076294,-0.0280287852665657,0.0545282834923426,             277P   3503
1.0375082950777,-0.0222663225777086,0.0433177668570632,              277P   3504
1.04026845672866,-0.0180414685210466,0.0350985386845863,             277P   3505
1.03317539631753,-0.0175910671466062,0.0342223161879595,             277P   3506
1.02430118578516,-0.0191711173683521,0.0372962609095546,             277P   3507
1.01740452019259,-0.0227520702947617,0.0442627168977206,             277P   3508
1.01261454288502,-0.0280258858055473,0.054522703827032,              277P   3509
1.01512240502427,-0.0297341516150923,0.0578459854180678,             277P   3510
1.0225935274118,-0.0297346348585954,0.0578469153622861,              277P   3511
1.02632450908737,0.0121052106479312,0.0678783613942118,              277P   3512
1.01803526746479,0.0121054220776236,0.0678794588685614,              277P   3513
1.02176624914036,0.0114107537175236,0.063984236902203,               277P   3514
1.02921905345513,0.00906480495949685,0.0508296619018008,             277P   3515
1.03197921510609,0.00734487994305437,0.0411851273431647,             277P   3516
1.02488615469496,0.0071615094352668,0.0401569522789094,              277P   3517
1.01601194416258,0.00780468333011626,0.0437639280729964,             277P   3518
1.00911527857001,0.0092626181174981,0.0519385053420727,              277P   3519
1.00432530126245,0.0114094851393689,0.0639776520561045,              277P   3520
1.00683316340169,0.0121049992182388,0.0678772639198619,              277P   3521
1.01430428578922,0.0121052106479312,0.0678783613942118,              277P   3522
1.01803526746479,0.0630377947952522,0.038521594519784,               277P   3523
1.00767371543657,0.0630387967151162,0.038522206780268,               277P   3524
1.01140469711215,0.0594213598278122,0.0363116371144628,              277P   3525
1.01885750142691,0.0472048728587474,0.0288462973289094,              277P   3526
1.02161766307787,0.0382480572573359,0.0233729012511009,              277P   3527
1.01452460266674,0.0372932137441918,0.0227894085264162,              277P   3528
1.00565039213437,0.0406430585530047,0.0248364560769916,              277P   3529
0.998753726541797,0.0482345698975958,0.029475532090969,              277P   3530
0.99396374923423,0.0594153483086285,0.03630796355156,                277P   3531
0.996471611373475,0.0630367928753883,0.0385209822593003,             277P   3532
1.003942733761,0.0630377947952522,0.038521594519784,                 277P   3533
1.00767371543657,0.0659255663401261,-0.0201947461763946,             277P   3534
0.997312163408355,0.0659266394080897,-0.0201950587105663,            277P   3535
1.00104314508393,0.0621434760819599,-0.0190361827268836,             277P   3536
1.00849594939869,0.049367343807188,-0.015122519083432,               277P   3537
1.01125611104965,0.0400002962719992,-0.0122530924179727,             277P   3538
1.00416305063852,0.0390016966878983,-0.011947204241482,              277P   3539
0.99528884010614,0.0425048655474838,-0.0130204027223697,             277P   3540
0.988392174513578,0.0504443167959164,-0.015452356925503,             277P   3541
0.983602197206011,0.0621370376741776,-0.0190343075218535,            277P   3542
0.986110059345257,0.0659244932721624,-0.020194433642223,             277P   3543
0.993581181732783,0.0659255663401261,-0.0201947461763946,            277P   3544
0.997312163408355,0.0379110818925945,-0.0528503925892418,            277P   3545
0.98902292178578,0.0379116889629021,-0.0528512468644751,             277P   3546
0.992753903461351,0.0357361517114346,-0.0498184099003223,            277P   3547
1.00020670777611,0.0283891258867462,-0.0395761996407323,             277P   3548
1.00296686942708,0.0230024898922824,-0.0320669216318655,             277P   3549
0.995873809015947,0.0224282421013941,-0.0312663801049274,            277P   3550
0.986999598483569,0.0244428231006723,-0.0340747885958713,            277P   3551
0.980102932891003,0.0290084070033576,-0.0404395491195465,            277P   3552
0.975312955583434,0.0357325092895892,-0.049813284248922,             277P   3553
0.977820817722682,0.037910474822287,-0.0528495383140084,             277P   3554
0.985291940110207,0.0379110818925945,-0.0528503925892418,            277P   3555
0.98902292178578,0.00816935930253375,-0.0646861438991023,            277P   3556
0.982805990568848,0.00816949285071978,-0.0646871847987416,           277P   3557
0.986536972244421,0.00770069085366803,-0.0609751514530782,           277P   3558
0.993989776559184,0.00611749893032173,-0.0484392175709043,           277P   3559
0.996749938210146,0.00495675570069126,-0.0392482350383921,           277P   3560
0.989656877799014,0.0048330109820888,-0.0382684163613376,            277P   3561
0.980782667266636,0.00526711336333203,-0.0417057876092065,           277P   3562
0.973886001674071,0.00625095758982997,-0.0494958930619535,           277P   3563
0.969096024366507,0.00769988956455164,-0.0609689060552426,           277P   3564
0.97160388650575,0.00816922575434766,-0.0646851029994631,            277P   3565
0.979075008893277,0.00816935930253375,-0.0646861438991023,           277P   3566
0.982805990568848,-0.0238418575396327,-0.0606439213461295,           277P   3567
0.976589059351919,-0.0238422427009719,-0.0606448990187206,           277P   3568
0.98032004102749,-0.0224740700494566,-0.0571648290027949,            277P   3569
0.987772845342252,-0.0178536064511029,-0.0454122623665076,           277P   3570
0.990533006993212,-0.0144660218940595,-0.0367956281114645,           277P   3571
0.983439946582085,-0.0141048819017484,-0.0358770370358278,           277P   3572
0.974565736049706,-0.0153718116787419,-0.0390995981589582,           277P   3573
0.96766907045714,-0.018243079564733,-0.0464029140326172,             277P   3574
0.962879093149572,-0.0224717590814213,-0.0571589629672484,           277P   3575
0.965386955288822,-0.0238414723782935,-0.0606429436735384,           277P   3576
0.972858077676346,-0.0238418575396327,-0.0606439213461295,           277P   3577
0.976589059351919,-0.0498966170644934,-0.0418898033852387,           277P   3578
0.970372128134984,-0.049897420319168,-0.0418904779847564,            277P   3579
0.974103109810557,-0.0470340881602998,-0.0394866190960506,           277P   3580
0.981555914125321,-0.0373643094400624,-0.0313685310152008,           277P   3581
0.984316075776284,-0.030274709763785,-0.0254165864703898,            277P   3582
0.977223015365152,-0.0295189118898725,-0.024782069881118,            277P   3583
0.968348804832773,-0.0321703774177941,-0.0270080585903676,           277P   3584
0.961452139240209,-0.0381793931856927,-0.0320528208559128,           277P   3585
0.956662161932642,-0.047029268632252,-0.0394825714989448,            277P   3586
0.959170024071887,-0.0498958138098187,-0.0418891287857211,           277P   3587
0.966641146459414,-0.0498966170644934,-0.0418898033852387,           277P   3588
0.970372128134984,-0.0638854353903476,-0.0129147193847463,           277P   3589
0.964155196918056,-0.0638864652072068,-0.0129149275667157,           277P   3590
0.967886178593628,-0.0602203799641541,-0.0121738124461049,           277P   3591
0.97533898290839,-0.0478396199772084,-0.00967098781910935,           277P   3592
0.978099144559351,-0.0387624125509212,-0.00783599074988146,          277P   3593
0.971006084148222,-0.0377947213869228,-0.00764036776073261,          277P   3594
0.962131873615844,-0.0411895341265938,-0.0083266439616965,           277P   3595
0.955235208023277,-0.0488832230751829,-0.00988195673678271,          277P   3596
0.950445230715711,-0.0602142010629992,-0.0121725633542887,           277P   3597
0.952953092854959,-0.0638844055734885,-0.0129145112027769,           277P   3598
0.960424215242484,-0.0638854353903476,-0.0129147193847463,           277P   3599
0.964155196918056,-0.0622500029216706,0.0192188750551813,            277P   3600
0.957938265701123,-0.0622510051396714,0.0192191846705235,            277P   3601
0.961669247376695,-0.0586787702308832,0.0181163037316847,            277P   3602
0.969122051691458,-0.0466149512763087,0.0143917572065301,            277P   3603
0.971882213342419,-0.0377701114562331,0.011661029100039,             277P   3604
0.964789152931291,-0.0368271933723537,0.0113699153501661,            277P   3605
0.955914942398912,-0.0401351072537151,0.012391189521464,             277P   3606
0.949018276806347,-0.0476318335434592,0.01470570712809,              277P   3607
0.94422829949878,-0.0586727569228778,0.0181144460396319,             277P   3608
0.946736161638025,-0.0622490007036696,0.0192185654398392,            277P   3609
0.954207284025551,-0.0622500029216706,0.0192188750551813,            277P   3610
0.957938265701123,-0.045525913802958,0.0466209238387802,             277P   3611
0.951721334484193,-0.0455266484820236,0.0466216751307496,            277P   3612
0.955452316159764,-0.0429141296422629,0.0439463192605908,            277P   3613
0.962905120474527,-0.0340913765214954,0.0349113575133512,            277P   3614
0.96566528212549,-0.0276227973650492,0.0282871897382201,             277P   3615
0.958572221714359,-0.0269332027156546,0.0275810092529242,            277P   3616
0.949698011181981,-0.0293524032406104,0.0300584030593665,            277P   3617
0.942801345589415,-0.0348350703089733,0.0356729345483736,            277P   3618
0.938011368281849,-0.0429097215678695,0.0439418115087746,            277P   3619
0.940519230421095,-0.0455251791238926,0.0466201725468108,            277P   3620
0.94799035280862,-0.045525913802958,0.0466209238387802,              277P   3621
0.951721334484193,-0.0175984788637374,0.0627800062570224,            277P   3622
0.945504403267263,-0.0175987601239001,0.0627810172960414,            277P   3623
0.949235384942835,-0.0165888670958729,0.0591783678621248,            277P   3624
0.956688189257595,-0.0131783478684264,0.0470118361639129,            277P   3625
0.959448350908558,-0.0106778477150397,0.0380916913365577,            277P   3626
0.952355290497427,-0.0104112798613687,0.0371407449791454,            277P   3627
0.94348107996505,-0.0113464594439233,0.0404768212854444,             277P   3628
0.936584414372484,-0.0134658184175157,0.0480373774797983,            277P   3629
0.931794437064916,-0.0165871795348965,0.059172301628011,             277P   3630
0.934302299204164,-0.0175981976035746,0.0627789952180034,            277P   3631
0.941773421591691,-0.0175984788637374,0.0627800062570224,            277P   3632
0.945504403267263,0.0144052286518552,0.063426362930503,              277P   3633
0.939287472050328,0.0144054562224763,0.0634273859320402,             277P   3634
0.9430184537259,0.0135788098055162,0.0597876444460303,               277P   3635
0.950471258040664,0.0107871311356551,0.0474958508554049,             277P   3636
0.953231419691627,0.00874033907829629,0.0384838729467969,            277P   3637
0.946138359280498,0.00852214158419929,0.0375231351494442,            277P   3638
0.937264148748117,0.00928764647188423,0.0408935501270974,            277P   3639
0.930367483155553,0.011022428974156,0.0485319571970307,              277P   3640
0.925577505847986,0.0135774443817896,0.059781506436807,              277P   3641
0.928085367987231,0.0144050010812341,0.0634253399289658,             277P   3642
0.935556490374756,0.0144052286518552,0.063426362930503,              277P   3643
0.939287472050328,0.052904499019664,0.044216762136928,               277P   3644
0.930998230427758,0.052905366427119,0.0442174669466685,              277P   3645
0.934729212103329,0.0498694191730994,0.0416800780193377,             277P   3646
0.94218201641809,0.0396167203422188,0.0331110357333058,              277P   3647
0.944942178069052,0.0320997940253059,0.026828440118352,              277P   3648
0.93784911765792,0.0312984258748912,0.0261586806142134,              277P   3649
0.928974907125545,0.0341096450118786,0.0285083601672557,             277P   3650
0.922078241532978,0.0404810048371706,0.0338333072420189,             277P   3651
0.91728826422541,0.0498642147283694,0.041675849160895,               277P   3652
0.919796126364659,0.052903631612209,0.0442160573271876,              277P   3653
0.927267248752186,0.052904499019664,0.044216762136928,               277P   3654
0.930998230427758,0.0730509560720588,-0.0110106600143919,            277P   3655
0.920636678399533,0.0730521171406559,-0.011010835017325,             277P   3656
0.924367660075107,0.0688600729232749,-0.01037898601596,              277P   3657
0.931820464389871,0.0547030730499346,-0.00824516161706547,           277P   3658
0.934580626040834,0.0443235230487104,-0.00668069617662512,           277P   3659
0.927487565629703,0.0432170085876487,-0.00651391595653138,           277P   3660
0.918613355097323,0.0470989553906995,-0.00709902529309071,           277P   3661
0.911716689504759,0.0558963310532765,-0.00842501632247533,           277P   3662
0.906926712197192,0.0688531065116923,-0.0103779359983617,            277P   3663
0.909434574336435,0.0730497950034617,-0.0110104850114588,            277P   3664
0.916905696723961,0.0730509560720588,-0.0110106600143919,            277P   3665
0.920636678399533,0.0375209811313761,-0.0578462102936243,            277P   3666
0.910275126371319,0.0375216022560336,-0.0578471394634812,            277P   3667
0.91400610804689,0.0353684421361149,-0.0545276184444604,             277P   3668
0.921458912361652,0.0280970115009637,-0.0433172386322181,            277P   3669
0.924219074012612,0.0227658686956622,-0.0350981081852417,            277P   3670
0.917126013601485,0.0221975181631585,-0.0342218968077271,            277P   3671
0.908251803069107,0.0241912625151026,-0.037295808077956,             277P   3672
0.901355137476539,0.0287100049962794,-0.0442621739713887,            277P   3673
0.896565160168974,0.0353647153881695,-0.0545220434253187,            277P   3674
0.899073022308221,0.0375203600067186,-0.0578452811237674,            277P   3675
0.906544144695747,0.0375209811313761,-0.0578462102936243,            277P   3676
0.910275126371319,-0.00493000390698366,-0.0648545232700174,          277P   3677
0.901985884748742,-0.00493008798168324,-0.0648555679000848,          277P   3678
0.905716866424314,-0.0046471761812115,-0.0611338716071546,           277P   3679
0.913169670739077,-0.00369175863699682,-0.0485653061843827,          277P   3680
0.91592983239004,-0.00299129034586924,-0.0393504026187218,           277P   3681
0.90883677197891,-0.00291661150049719,-0.0383680328656521,           277P   3682
0.899962561446531,-0.00317856310170431,-0.0418143462891937,          277P   3683
0.893065895853966,-0.0037723121266992,-0.0496247364837687,           277P   3684
0.888275918546399,-0.00464667173301393,-0.0611276038267508,          277P   3685
0.890783780685644,-0.00492991983228407,-0.0648534786399501,          277P   3686
0.89825490307317,-0.00493000390698366,-0.0648545232700174,           277P   3687
0.901985884748742,-0.0353213595191943,-0.0548036240194478,           277P   3688
0.895768953531812,-0.0353219262927395,-0.0548045072379517,           277P   3689
0.899499935207384,-0.0332950004161685,-0.0516595846057328,           277P   3690
0.906952739522147,-0.0264498528161278,-0.0410388459639037,           277P   3691
0.909712901173107,-0.0214311840243301,-0.0332520335020352,           277P   3692
0.902619840761979,-0.0208961626730308,-0.0324219072773315,           277P   3693
0.893745630229599,-0.0227731206041576,-0.0353341220526971,           277P   3694
0.886848964637034,-0.0270268354647313,-0.0419340919247393,           277P   3695
0.882058987329468,-0.0332915997748971,-0.0516542852947099,           277P   3696
0.884566849468713,-0.0353207927456491,-0.0548027408009441,           277P   3697
0.892037971856241,-0.0353213595191943,-0.0548036240194478,           277P   3698
0.895768953531812,-0.0572450837259672,-0.0311306883377599,           277P   3699
0.88955202231488,-0.0572460072124987,-0.0311311897014789,            277P   3700
0.893283003990451,-0.0539609802684995,-0.0293447458324201,           277P   3701
0.900735808305214,-0.042867095588526,-0.023311734220336,             277P   3702
0.903495969956178,-0.0347333895266651,-0.0188885068109045,           277P   3703
0.896402909545046,-0.033866281280579,-0.0184169615343342,            277P   3704
0.887528699012669,-0.0369082281574727,-0.0200712198123251,           277P   3705
0.880632033420103,-0.0438022279194572,-0.0238202689324783,           277P   3706
0.875842056112536,-0.0539554393493104,-0.0293417376501059,           277P   3707
0.878349918251783,-0.0572441602394357,-0.0311301869740408,           277P   3708
0.885821040639308,-0.0572450837259672,-0.0311306883377599,           277P   3709
0.88955202231488,-0.0651492728209275,-1.65238922778775D-5,           277P   3710
0.883335091097949,-0.0651503217739189,-1.65243433374328D-5,          277P   3711
0.887066072773522,-0.0614117113757191,-1.55760337397802D-5,          277P   3712
0.894518877088283,-0.0487860246881767,-1.23737204336282D-5,          277P   3713
0.897279038739245,-0.0395292400452805,-1.00265056776913D-5,          277P   3714
0.890185978328116,-0.0385424058821242,-9.77610717768222D-6,          277P   3715
0.881311767795737,-0.0420043842775179,-1.06531994848352D-5,          277P   3716
0.874415102203171,-0.0498502680932375,-1.26444178457427D-5,          277P   3717
0.869625124895606,-0.061405417657771,-1.55733273824867D-5,           277P   3718
0.872132987034851,-0.0651482238679362,-1.65234412183917D-5,          277P   3719
0.879604109422377,-0.0651492728209275,-1.65238922778775D-5,          277P   3720
0.883335091097949,-0.0572405043801055,0.0311715172892201,            277P   3721
0.877118159881017,-0.0572414270823783,0.0311720197660966,            277P   3722
0.88084914155659,-0.0539566632370575,0.029383232715663,              277P   3723
0.888301945871353,-0.0428636661880168,0.0233423084951626,            277P   3724
0.891062107522315,-0.0347306085001606,0.0189132813390121,            277P   3725
0.883969047111184,-0.0338635700277294,0.0184411173525746,            277P   3726
0.875094836578807,-0.0369052773011863,0.020097542848648,             277P   3727
0.86819817098624,-0.0437987207483514,0.0238515120689166,             277P   3728
0.863408193678673,-0.0539511270234204,0.0293802178544038,            277P   3729
0.86591605581792,-0.0572395816778327,0.0311710148123436,             277P   3730
0.873387178205446,-0.0572405043801055,0.0311715172892201,            277P   3731
0.877118159881017,-0.0353326140647011,0.0547360430200204,            277P   3732
0.870901228664088,-0.0353331827913258,0.054736924412446,             277P   3733
0.874632210339658,-0.033305610292378,0.0515958802595679,             277P   3734
0.882085014654419,-0.0264582811775034,0.040988238741333,             277P   3735
0.884845176305384,-0.0214380189753321,0.0332110262036799,            277P   3736
0.877752115894253,-0.0209028261282878,0.0323819240720072,            277P   3737
0.868877905361874,-0.0227803727920176,0.03529055153268,              277P   3738
0.861981239769309,-0.0270354550679194,0.0418823776559958,            277P   3739
0.857191262461743,-0.0333021979326298,0.0515905919050147,            277P   3740
0.859699124600989,-0.0353320453380764,0.0547351616275949,            277P   3741
0.867170246988515,-0.0353326140647011,0.0547360430200204,            277P   3742
0.870901228664088,-0.00490752109096189,0.0649771929519695,           277P   3743
0.864684297447155,-0.00490760096660835,0.0649782407176082,           277P   3744
0.868415279122728,-0.00462598103170622,0.0612495044796365,           277P   3745
0.875868083437492,-0.00367492149564911,0.0486571658500185,           277P   3746
0.878628245088451,-0.00297763534831745,0.0394248364015513,           277P   3747
0.871535184677323,-0.00290329926529467,0.0384406078686143,           277P   3748
0.862660974144944,-0.00316407634113232,0.0418934337502456,           277P   3749
0.855764308552377,-0.00375509170699436,0.0497186048576961,           277P   3750
0.850974331244811,-0.00462550177782736,0.061243217885804,            277P   3751
0.853482193384057,-0.00490744121531539,0.0649761451863307,           277P   3752
0.860953315771583,-0.00490752109096189,0.0649771929519695,           277P   3753
0.864684297447155,0.0268729932171448,0.0594043590951075,             277P   3754
0.858467366230224,0.0268734276427144,0.0594053143864775,             277P   3755
0.862198347905796,0.0253313121668134,0.0559963780815954,             277P   3756
0.869651152220557,0.0201234256406799,0.0444840345801488,             277P   3757
0.872411313871521,0.0163051613165667,0.0360435166867207,             277P   3758
0.86531825346039,0.0158981076035642,0.0351437030004402,              277P   3759
0.856444042928013,0.0173261069956879,0.0383004075651993,             277P   3760
0.849547377335447,0.0205624156750626,0.0454544273134762,             277P   3761
0.844757400027881,0.0253287056133959,0.0559906463333755,             277P   3762
0.847265262167128,0.0268725587915752,0.0594034038037375,             277P   3763
0.854736384554653,0.0268729932171448,0.0594043590951075,             277P   3764
0.858467366230224,0.0518047255798211,0.039327910378045,              277P   3765
0.852250435013293,0.0518055574817436,0.0393285477631123,             277P   3766
0.855981416688865,0.0488327288579378,0.0370717020977784,             277P   3767
0.863434221003628,0.0387931663050386,0.0294500983809275,             277P   3768
0.86619438265459,0.0314324448848567,0.0238621753566024,              277P   3769
0.85910132224346,0.0306477455547054,0.0232664621513162,              277P   3770
0.850227111711081,0.0334006173072342,0.025356292758994,              277P   3771
0.843330446118514,0.0396394112254148,0.0300925553512358,             277P   3772
0.838540468810948,0.0488277374464028,0.0370678777873747,             277P   3773
0.841048330950193,0.0518038936778987,0.0393272729929777,             277P   3774
0.84851945333772,0.0518047255798211,0.039327910378045,               277P   3775
0.852250435013293,0.0689491843320812,-0.000134351538806547,          277P   3776
0.843961193390716,0.0689503018477103,-0.000134369181986069,          277P   3777
0.84769217506629,0.0649936291607223,-0.000126652591253443,           277P   3778
0.855144979381051,0.0516315319860124,-0.000100612042982252,          277P   3779
0.857905141032013,0.0418348577336433,-8.15724027428227D-5,           277P   3780
0.850812080620885,0.0407904610043954,-7.95284312304058D-5,           277P   3781
0.841937870088507,0.0444543247061037,-8.65862958812564D-5,           277P   3782
0.835041204495941,0.0527578794972745,-0.000102871331908542,          277P   3783
0.830251227188375,0.0649869240669472,-0.000126546732176683,          277P   3784
0.832759089327623,0.068948066816452,-0.000134333895627094,           277P   3785
0.840230211715147,0.0689491843320812,-0.000134351538806547,          277P   3786
0.843961193390716,0.0488827631318072,-0.0553909043579723,            277P   3787
0.833599641362501,0.0488835400722369,-0.0553917847385048,            277P   3788
0.837330623038071,0.0460783926034733,-0.0522131662399285,            277P   3789
0.844783427352836,0.0366050974041213,-0.0414786178076464,            277P   3790
0.847543589003798,0.0296595198045057,-0.0336083216156367,            277P   3791
0.840450528592666,0.0289190848093956,-0.0327693067693023,            277P   3792
0.831576318060286,0.031516727554504,-0.0357127938316539,             277P   3793
0.824679652467721,0.0374035776906072,-0.0423834059650019,            277P   3794
0.819889675160156,0.0460737309608942,-0.0522078839567327,            277P   3795
0.822397537299399,0.0488819861913773,-0.0553900239774396,            277P   3796
0.829868659686927,0.0488827631318072,-0.0553909043579723,            277P   3797
0.833599641362501,-0.0084400881480008,-0.0684307897254537,           277P   3798
0.823238089334279,-0.00844020959777965,-0.0684319007620934,          277P   3799
0.826969071009853,-0.00795587896166819,-0.0645049754849007,          277P   3800
0.834421875324615,-0.00632022475006157,-0.0512433408075092,          277P   3801
0.837182036975575,-0.00512096185782263,-0.0415203290606154,          277P   3802
0.830088976564449,-0.00499312580805807,-0.0404837835236207,          277P   3803
0.82121476603207,-0.0054417011040304,-0.0441200903371325,            277P   3804
0.814318100439504,-0.00645803721728063,-0.052361227896795,           277P   3805
0.809528123131936,-0.00795515026299458,-0.0644983092650635,          277P   3806
0.812035985271184,-0.00843996669822184,-0.0684296786888143,          277P   3807
0.819507107658707,-0.0084400881480008,-0.0684307897254537,           277P   3808
0.823238089334279,-0.045464286087594,-0.0465125017350121,            277P   3809
0.814948847711706,-0.0454650219678144,-0.046513247925895,            277P   3810
0.818679829387276,-0.0428560386910585,-0.0438441153616969,           277P   3811
0.826132633702041,-0.034045228265162,-0.0348301662211033,            277P   3812
0.828892795353004,-0.0275854125866996,-0.0282213928892667,           277P   3813
0.821799734941871,-0.0268967501667798,-0.0275168566353503,           277P   3814
0.812925524409492,-0.0293126643029995,-0.0299885066391072,           277P   3815
0.806028858816929,-0.0347879244880942,-0.0355899581297222,           277P   3816
0.801238881509362,-0.0428516234097361,-0.0438396382163987,           277P   3817
0.803746743648608,-0.0454635502073736,-0.046511755544129,            277P   3818
0.811217866036134,-0.045464286087594,-0.0465125017350121,            277P   3819
0.814948847711706,-0.062284821668707,-0.0192778793866585,            277P   3820
0.808731916494774,-0.0622858235643427,-0.0192781916562731,           277P   3821
0.812462898170348,-0.0587115909585682,-0.0181719239890355,           277P   3822
0.819915702485109,-0.0466410244725412,-0.014435942234425,            277P   3823
0.822675864136069,-0.0377912345632881,-0.0116968359348889,           277P   3824
0.815582803724943,-0.0368477895784599,-0.0114048274489004,           277P   3825
0.806708593192563,-0.0401575583459187,-0.012429228092707,            277P   3826
0.799811927599997,-0.047658471835527,-0.0147508631304213,            277P   3827
0.79502195029243,-0.0587055795847539,-0.0181700503713484,            277P   3828
0.797529812431677,-0.0622838197730713,-0.019277567117044,            277P   3829
0.805000934819202,-0.062284821668707,-0.0192778793866585,            277P   3830
0.808731916494774,-0.0638626990286832,0.01294893972291,              277P   3831
0.802514985277845,-0.0638637287307955,0.0129491492617193,            277P   3832
0.806245966953414,-0.0601989481104174,0.0122060700434665,            277P   3833
0.813698771268178,-0.0478225942853781,0.00969661344859777,           277P   3834
0.816458932919141,-0.038748618181118,0.00785675674884779,            277P   3835
0.809365872508009,-0.0377812712664355,0.00766061495080247,           277P   3836
0.800491661975631,-0.041174874492057,0.00834870535125575,            277P   3837
0.793594996383066,-0.0488658270231295,0.00990814473396789,           277P   3838
0.788805019075501,-0.0601927698977436,0.0122048128106113,            277P   3839
0.791312881214747,-0.0638616693265709,0.0129487301841008,            277P   3840
0.798784003602273,-0.0638626990286832,0.01294893972291,              277P   3841
0.802514985277845,-0.0499178597709341,0.0418644873135216,            277P   3842
0.79629805406091,-0.0499186636054797,0.0418651612219759,             277P   3843
0.800029035736485,-0.0470541123232923,0.0394627552278655,            277P   3844
0.807481840051246,-0.0373802167884238,0.0313495733756424,            277P   3845
0.810242001702208,-0.0302875995910215,0.0254012249724727,            277P   3846
0.803148941291079,-0.0295314798110025,0.02476709201596,              277P   3847
0.794274730758699,-0.0321840729070593,0.0269917369418335,            277P   3848
0.787378065166134,-0.0381956485359391,0.0320334484838578,            277P   3849
0.782588087858567,-0.0470492893160188,0.0394587117771396,            277P   3850
0.785095949997812,-0.0499170559363886,0.0418638134050673,            277P   3851
0.792567072385339,-0.0499178597709341,0.0418644873135216,            277P   3852
0.79629805406091,-0.0238121052130672,0.0606722545907341,             277P   3853
0.790081122843981,-0.0238124890581055,0.0606732326119416,            277P   3854
0.793812104519551,-0.0224460241198259,0.0571915367315151,            277P   3855
0.801264908834316,-0.017831326612866,0.0454334792436853,             277P   3856
0.804025070485277,-0.0144479667444563,0.0368128188916732,            277P   3857
0.796932010074148,-0.0140872779009023,0.0358937987064216,            277P   3858
0.788057799541769,-0.0153526310700837,0.0391178660008008,            277P   3859
0.781161133949203,-0.0182203102148061,0.0464245932975398,            277P   3860
0.776371156641638,-0.0224437210495954,0.0571856686042702,            277P   3861
0.778879018780883,-0.0238117213680288,0.0606712765695267,            277P   3862
0.786350141168408,-0.0238121052130672,0.0606722545907341,            277P   3863
0.790081122843981,0.00811729759140721,0.0646416081324343,            277P   3864
0.783864191627049,0.0081174284696671,0.0646426488886318,             277P   3865
0.787595173302622,0.0076516148525585,0.0609331709896633,             277P   3866
0.795047977617384,0.00607851273529707,0.048405867835534,             277P   3867
0.797808139268346,0.00492516084116823,0.0392212150471763,            277P   3868
0.790715078857215,0.00480220577023975,0.0382420706355573,            277P   3869
0.781840868324837,0.00523355127470748,0.0416770722709628,            277P   3870
0.774944202732273,0.00621111329951434,0.0494618182078819,            277P   3871
0.770154225424704,0.00765082958299903,0.0609269264524785,            277P   3872
0.772662087563953,0.00811716671314731,0.0646405673762368,            277P   3873
0.780133209951477,0.00811729759140721,0.0646416081324343,            277P   3874
0.783864191627049,0.0380071552805173,0.0529299113418712,             277P   3875
0.777647260410117,0.0380077675829926,0.0529307653199924,             277P   3876
0.781378242085689,0.0358267155156385,0.0498933658402419,             277P   3877
0.788831046400453,0.0284610701402146,0.039635745521299,              277P   3878
0.791591208051414,0.023060795340623,0.032115163954346,               277P   3879
0.784498147640285,0.022485090177874,0.0313134188428109,              277P   3880
0.775623937107907,0.0245047570431533,0.0341260611957307,             277P   3881
0.76872727151534,0.029081936037883,0.0405003873933587,               277P   3882
0.763937294207775,0.0358230417007866,0.0498882419715151,             277P   3883
0.766445156347019,0.038006542978042,0.0529290573637501,              277P   3884
0.773916278734546,0.0380071552805173,0.0529299113418712,             277P   3885
0.777647260410117,0.0587702931116726,0.0282327521066802,             277P   3886
0.771430329193188,0.0587712399504224,0.0282332046589523,             277P   3887
0.775161310868759,0.0553986889404719,0.0266130606662658,             277P   3888
0.782614115183522,0.044009224645548,0.0211416588313578,              277P   3889
0.785374276834483,0.0356588041564683,0.0171301800000992,             277P   3890
0.778281216423355,0.0347685938330045,0.0167025318090764,             277P   3891
0.769407005890975,0.0378915954137863,0.0182028074835815,             277P   3892
0.76251034029841,0.0449692669474841,0.0216028454374893,              277P   3893
0.757720362990842,0.055393007907973,0.0266103453526335,              277P   3894
0.760228225130091,0.0587693462729228,0.0282322995544082,             277P   3895
0.767699347517614,0.0587702931116726,0.0282327521066802,             277P   3896
0.771430329193188,0.0649642156635956,-0.00317250852133728,           277P   3897
0.765213397976255,0.0649652626406643,-0.00317255499229663,           277P   3898
0.768944379651827,0.0612372713624016,-0.00299050166809894,           277P   3899
0.77639718396659,0.0486474478222749,-0.00237568242737101,            277P   3900
0.779157345617552,0.0394169603970796,-0.00192489928148475,           277P   3901
0.772064285206422,0.0384329287684133,-0.00187684706533624,           277P   3902
0.763190074674044,0.0418850680980162,-0.00204545579484623,           277P   3903
0.756293409081479,0.0497086724213178,-0.0024274875849013,            277P   3904
0.751503431773912,0.0612309894999887,-0.0029902228423429,            277P   3905
0.754011293913158,0.0649631686865268,-0.00317246205037795,           277P   3906
0.761482416300685,0.0649642156635956,-0.00317250852133728,           277P   3907
0.765213397976255,0.05273178001069,-0.0444226006363818,              277P   3908
0.756924156353682,0.0527326247365108,-0.0444233324770415,            277P   3909
0.760655138029253,0.0497065977403147,-0.04187412104681,              277P   3910
0.768107942344015,0.0394873759929907,-0.0332651823261801,            277P   3911
0.770868103994978,0.0319949265657551,-0.0269534162900177,            277P   3912
0.763775043583848,0.031196186094466,-0.026280525239841,              277P   3913
0.754900833051469,0.0339983318155565,-0.0286410180688755,            277P   3914
0.748004167458903,0.0403487560020853,-0.033990915266348,             277P   3915
0.743214190151337,0.0497015293853907,-0.041869730002852,             277P   3916
0.745722052290583,0.0527309352848694,-0.0444218687957221,            277P   3917
0.753193174678108,0.05273178001069,-0.0444226006363818,              277P   3918
0.756924156353682,0.00184178205078604,-0.073853128951127,            277P   3919
0.746562604325461,0.00184181132398667,-0.0738543027694237,           277P   3920
0.750293586001033,0.00173612028021643,-0.0696162256955291,           277P   3921
0.757746390315798,0.00137918986257782,-0.0553037677425415,           277P   3922
0.760506551966758,0.00111749761492771,-0.0448102398558027,           277P   3923
0.753413491555629,0.00108959984899957,-0.0436915747544389,           277P   3924
0.74453928102325,0.00118747262614593,-0.0476161492328936,            277P   3925
0.737642615430685,0.00140927463204129,-0.0565101289174157,           277P   3926
0.732852638123118,0.00173594464101198,-0.0696091827857493,           277P   3927
0.735360500262365,0.00184175277758526,-0.0738519551328304,           277P   3928
0.74283162264989,0.00184178205078604,-0.073853128951127,             277P   3929
0.746562604325461,-0.0504519463817973,-0.0469958421212301,           277P   3930
0.736201052297244,-0.0504527535783112,-0.0469966151582608,           277P   3931
0.739932033972815,-0.0475575558735415,-0.0442997376030081,           277P   3932
0.747384838287578,-0.0377801575990594,-0.0351921143126708,           277P   3933
0.75014499993854,-0.030611637444881,-0.0285147265214701,             277P   3934
0.74305193952741,-0.0298474307212724,-0.0278028580016755,            277P   3935
0.734177728995033,-0.0325284322988166,-0.0303000919873795,           277P   3936
0.727281063402467,-0.0386042920437865,-0.0359598813590637,           277P   3937
0.722491086094901,-0.0475527126944571,-0.0442950993808237,           277P   3938
0.724998948234146,-0.0504511391852832,-0.0469950690841994,           277P   3939
0.732470070621671,-0.0504519463817973,-0.0469958421212301,           277P   3940
0.736201052297244,-0.0647253235285624,-0.00640676370931757,          277P   3941
0.727911810674668,-0.0647263668877702,-0.00640686231000913,          277P   3942
0.73164279235024,-0.0610120844055435,-0.0060392102654353,            277P   3943
0.739095596665004,-0.0484685572174926,-0.00479760438878989,          277P   3944
0.741855758315964,-0.0392720137005021,-0.00388727978107817,          277P   3945
0.734762697904835,-0.0382916005059452,-0.0037902373695709,           277P   3946
0.725888487372457,-0.0417310441029456,-0.0041307114474552,           277P   3947
0.71899182177989,-0.0495258803567955,-0.00490224282845233,           277P   3948
0.714201844472323,-0.0610058242502972,-0.00603861866128607,          277P   3949
0.716709706611571,-0.0647242801693547,-0.00640666510862601,          277P   3950
0.724180828999096,-0.0647253235285624,-0.00640676370931757,          277P   3951
0.727911810674668,-0.0601045235407447,0.0252681992609141,            277P   3952
0.721694879457737,-0.060105491760368,0.025268604054612,              277P   3953
0.725425861133309,-0.0566563755848028,0.023818581820572,             277P   3954
0.732878665448071,-0.0450083424210051,0.0189216993041692,            277P   3955
0.735638827099034,-0.0364683464472953,0.015331441162044,             277P   3956
0.728545766687904,-0.0355579262225624,0.0149486978934106,            277P   3957
0.719671556155526,-0.0387518282360767,0.0162914398273451,            277P   3958
0.712774890562961,-0.0459901795695642,0.0193344584602047,            277P   3959
0.707984913255393,-0.0566505662670622,0.0238161530583847,            277P   3960
0.710492775394639,-0.0601035553211212,0.0252677944672162,            277P   3961
0.717963897782164,-0.0601045235407447,0.0252681992609141,            277P   3962
0.721694879457737,-0.0405982477010374,0.0509696149757963,            277P   3963
0.715477948240806,-0.0405989018096684,0.0509704373715962,            277P   3964
0.719208929916378,-0.0382691590946859,0.048045530090658,             277P   3965
0.726661734231141,-0.0304013696271683,0.0381678079190786,            277P   3966
0.729421895882103,-0.0246329377457036,0.0309257565076898,            277P   3967
0.722328835470973,-0.024017984534668,0.0301537045622074,             277P   3968
0.713454624938595,-0.0261753394440503,0.03286217849546,              277P   3969
0.706557959346028,-0.0310645625795056,0.0390004273626283,            277P   3970
0.701767982038462,-0.0382652344429006,0.0480405957158588,            277P   3971
0.704275844177708,-0.0405975935924066,0.0509687925799965,            277P   3972
0.711746966565234,-0.0405982477010374,0.0509696149757963,            277P   3973
0.715477948240806,-0.0113293253589054,0.0641566396333746,            277P   3974
0.709261017023874,-0.0113295079518877,0.0641576725720874,            277P   3975
0.712991998699446,-0.0106793711665896,0.0604760247386818,            277P   3976
0.720444803014209,-0.00848379001853272,0.048042706677557,            277P   3977
0.72320496466517,-0.00687405467894888,0.0389269609828334,            277P   3978
0.716111904254042,-0.00670244613047317,0.037955162529263,            277P   3979
0.707237693721662,-0.00730447613725975,0.0413643933883267,           277P   3980
0.700341028129098,-0.00866886053132571,0.0490907348278406,           277P   3981
0.69555105082153,-0.0106782756086956,0.0604698271064053,             277P   3982
0.698058912960777,-0.011329142765923,0.0641556066946618,             277P   3983
0.705530035348301,-0.0113293253589054,0.0641566396333746,            277P   3984
0.709261017023874,0.0207582426252361,0.0617837696722438,             277P   3985
0.703044085806944,0.0207585772427916,0.0617847656107897,             277P   3986
0.706775067482515,0.0195673591428429,0.0582392850975615,             277P   3987
0.714227871797279,0.0155444888575655,0.0462658201172107,             277P   3988
0.716988033448241,0.0125950392222433,0.0374872293560114,             277P   3989
0.70989497303711,0.0122806081184113,0.0365513727303965,              277P   3990
0.701020762504733,0.0133836818641994,0.0398345049045247,             277P   3991
0.694124096912166,0.0158835859644387,0.0472750913703615,             277P   3992
0.6893341196046,0.0195653514375099,0.0582333094662857,               277P   3993
0.691841981743846,0.0207579080076806,0.0617827737336979,             277P   3994
0.699313104131372,0.0207582426252361,0.0617837696722438,             277P   3995
0.703044085806944,0.0477690354907816,0.0443006463882313,             277P   3996
0.696827154590012,0.0477698047345338,0.0443013595268093,             277P   3997
0.700558136265585,0.0450285643697555,0.0417591538169324,             277P   3998
0.708010940580347,0.0357711029841075,0.0331738533981921,             277P   3999
0.710771102231308,0.02898380316302,0.0268793614748478,               277P   4000
0.70367804182018,0.0282602322182995,0.0262083273354571,              277P   4001
0.6948038312878,0.030798638535553,0.0285624277045982,                277P   4002
0.687907165695235,0.0365514327252696,0.0338975243134222,             277P   4003
0.683117188387669,0.0450239489072426,0.0417548749854653,             277P   4004
0.685625050526914,0.0477682662470295,0.0442999332496535,             277P   4005
0.69309617291444,0.0477690354907816,0.0443006463882313,              277P   4006
0.696827154590012,0.0631378612937624,0.0161161359644717,             277P   4007
0.690610223373081,0.0631388792712264,0.0161163965692214,             277P   4008
0.694341205048651,0.0595156937036246,0.0151915668212026,             277P   4009
0.701794009363417,0.0472798107479107,0.0120683193609194,             277P   4010
0.704554171014377,0.0383088235974938,0.00977844937261213,            277P   4011
0.697461110603248,0.0373524560328735,0.00953433313057049,            277P   4012
0.688586900070869,0.0407075422669086,0.0103907253388097,             277P   4013
0.681690234478303,0.0483112027009179,0.0123315885560007,             277P   4014
0.676900257170736,0.059509585838841,0.0151900031927042,              277P   4015
0.679408119309984,0.0631368433162985,0.016115875359722,              277P   4016
0.686879241697508,0.0631378612937624,0.0161161359644717,             277P   4017
0.690610223373081,0.0631683197001959,-0.0161492733645514,            277P   4018
0.684393292156149,0.0631693359157519,-0.0161495353056149,            277P   4019
0.688124273831722,0.059544403471037,-0.015222803606033,              277P   4020
0.695577078146485,0.0473026183307136,-0.0120931340479908,            277P   4021
0.698337239797446,0.0383272962280944,-0.009798558289313,             277P   4022
0.691244179386317,0.0373704685981034,-0.00955393964371819,           277P   4023
0.682369968853939,0.0407271852195991,-0.010412088521275,             277P   4024
0.675473303261373,0.0483344984374456,-0.0123569479075825,            277P   4025
0.670683325953807,0.059538306177701,-0.0152212319596519,             277P   4026
0.673191188093053,0.0631673034846399,-0.0161490114234879,            277P   4027
0.680662310480577,0.0631683197001959,-0.0161492733645514,            277P   4028
0.684393292156149,0.0477262272415395,-0.0441884754250814,            277P   4029
0.678176360939219,0.0477269994015483,-0.0441891840077891,            277P   4030
0.681907342614791,0.0449882140199356,-0.0416534164677492,            277P   4031
0.689360146929554,0.0357390478473099,-0.0330898550251337,            277P   4032
0.692120308580515,0.0289578420687906,-0.0268112921528929,            277P   4033
0.685027248169386,0.0282349174769558,-0.0261419586812864,            277P   4034
0.676153037637007,0.0307710300250566,-0.0284901128495693,            277P   4035
0.669256372044442,0.0365186933409296,-0.0338116821015439,            277P   4036
0.664466394736874,0.044983581059883,-0.0416491649715035,             277P   4037
0.666974256876122,0.0477254550815308,-0.0441877668423739,            277P   4038
0.674445379263646,0.0477262272415395,-0.0441884754250814,            277P   4039
0.678176360939219,0.011840589773842,-0.067925021193982,              277P   4040
0.669887119316642,0.0118407664532546,-0.0679261247957436,            277P   4041
0.673618100992215,0.0111612968099147,-0.0640282228855477,            277P   4042
0.681070905306978,0.00886663791954804,-0.0508646040976382,           277P   4043
0.683831066957941,0.00718421367374978,-0.0412134571413388,           277P   4044
0.67673800654681,0.007004869003947,-0.0401845722132267,              277P   4045
0.667863796014432,0.00763414161914077,-0.0437939991779838,           277P   4046
0.660967130421866,0.00906000114704748,-0.05197423218072,             277P   4047
0.6561771531143,0.0111602367334391,-0.0640216012749776,              277P   4048
0.658685015253546,0.0118404130944294,-0.0679239175922202,            277P   4049
0.666156137641071,0.011840589773842,-0.067925021193982,              277P   4050
0.669887119316642,-0.0460609893209261,-0.0577586537219483,           277P   4051
0.659525567288425,-0.0460617214122104,-0.0577595717353824,           277P   4052
0.663256548963997,-0.043418502016982,-0.0544450794500252,            277P   4053
0.670709353278761,-0.0344920559436542,-0.0432516701177867,           277P   4054
0.67346951492972,-0.027947414128278,-0.0350449488570959,             277P   4055
0.666376454518593,-0.0272497209902972,-0.0341700693342085,           277P   4056
0.657502243986212,-0.0296974139412744,-0.0372393792135106,           277P   4057
0.650605578393649,-0.0352444436892002,-0.0441951345092449,           277P   4058
0.64581560108608,-0.0434141094692761,-0.0544395713694206,            277P   4059
0.648323463225329,-0.0460602572296417,-0.0577577357085143,           277P   4060
0.655794585612853,-0.0460609893209261,-0.0577586537219483,           277P   4061
0.659525567288425,-0.0688567781926236,-0.00357101768787627,          277P   4062
0.649164015260206,-0.0688578934396528,-0.00357109101268012,          277P   4063
0.652894996935778,-0.0649065238488251,-0.00336616015992535,          277P   4064
0.660347801250541,-0.0515623348277754,-0.00267410641414913,          277P   4065
0.663107962901504,-0.0417787876610249,-0.00216676653704353,          277P   4066
0.656014902490373,-0.0407357910827605,-0.00211266622639823,          277P   4067
0.647140691957995,-0.0443947485077301,-0.00230234384871909,          277P   4068
0.640244026365429,-0.0526871695840887,-0.00273250668386189,          277P   4069
0.635454049057862,-0.0648998323666492,-0.00336572021110205,          277P   4070
0.637961911197108,-0.0688556629455944,-0.00357094436307236,          277P   4071
0.645433033584633,-0.0688567781926236,-0.00357101768787627,          277P   4072
0.649164015260206,-0.0537006627486723,0.0366967702592131,            277P   4073
0.640874773637631,-0.0537015253874985,0.0366973653850724,            277P   4074
0.644605755313203,-0.0506198977528865,0.0345915084323685,            277P   4075
0.652058559627967,-0.0402129095797466,0.0274798098564712,            277P   4076
0.654818721278927,-0.0325828031440242,0.0222657347389788,            277P   4077
0.647725660867799,-0.0317693854046424,0.0217098760852265,            277P   4078
0.63885145033542,-0.0346230045782292,0.0236598895382046,             277P   4079
0.631954784742855,-0.0410901263877026,0.02807928637461,              277P   4080
0.627164807435288,-0.0506147219199301,0.0345879376772125,            277P   4081
0.629672669574535,-0.0536998001098462,0.0366961751333538,            277P   4082
0.63714379196206,-0.0537006627486723,0.0366967702592131,             277P   4083
0.640874773637631,-0.0298006508606956,0.0579910066495496,            277P   4084
0.6346578424207,-0.0298011323635843,0.0579919390990899,              277P   4085
0.638388824096272,-0.0280910124094316,0.0546641084822818,            277P   4086
0.645841628411035,-0.0223157567386731,0.043425667447078,             277P   4087
0.648601790061996,-0.0180815137280885,0.0351859665492668,            277P   4088
0.641508729650867,-0.0176301140047972,0.0343075613551227,            277P   4089
0.632634519118488,-0.0192136870159768,0.0373891619929959,            277P   4090
0.625737853525922,-0.0228025711590903,0.0443729720587292,            277P   4091
0.620947876218356,-0.028088123392099,0.0546585137850403,             277P   4092
0.623455738357603,-0.0298001693578068,0.0579900742000094,            277P   4093
0.630926860745127,-0.0298006508606956,0.0579910066495496,            277P   4094
0.6346578424207,0.00166257492518786,0.0651410409173347,              277P   4095
0.628440911203768,0.00166260247473635,0.0651420913619905,            277P   4096
0.63217189287934,0.00156719477577658,0.0614039526418415,             277P   4097
0.639624697194104,0.00124499375318125,0.0487798608762872,            277P   4098
0.642384858845065,0.00100876802553397,0.0395242510950846,            277P   4099
0.635291798433936,0.000983584091035498,0.0385375406878579,           277P   4100
0.626417587901557,0.00107192783632142,0.041999073099206,             277P   4101
0.619520922308992,0.00127215593922537,0.0498439765868452,            277P   4102
0.614730945001424,0.00156702947848541,0.0613976499739063,            277P   4103
0.617238807140671,0.00166254737563935,0.0651399904726788,            277P   4104
0.624709929528197,0.00166257492518786,0.0651410409173347,            277P   4105
0.628440911203768,0.0325603262999813,0.0564291872471452,             277P   4106
0.622223979986837,0.0325608503858479,0.0564300958926129,             277P   4107
0.625954961662409,0.0306923664469503,0.0531918901581203,             277P   4108
0.633407765977172,0.0243822963878532,0.0422561235898328,             277P   4109
0.636167927628134,0.0197559368140119,0.0342383393243449,             277P   4110
0.629074867217005,0.0192627365838959,0.0333835906704793,             277P   4111
0.620200656684626,0.0209929661973733,0.0363821904543966,             277P   4112
0.613303991092061,0.024914183659548,0.0431779207631314,              277P   4113
0.608514013784494,0.0306892219317505,0.0531864382853145,             277P   4114
0.611021875923741,0.0325598022141146,0.0564282786016777,             277P   4115
0.618492998311265,0.0325603262999813,0.0564291872471452,             277P   4116
0.622223979986837,0.0556155780370228,0.0339859722739964,             277P   4117
0.616007048769906,0.0556164745458991,0.0339865201191665,             277P   4118
0.619738030445477,0.0524249575956025,0.0320362247089028,             277P   4119
0.627190834760242,0.0416468652337922,0.0254498695705778,             277P   4120
0.629950996411203,0.0337446863585866,0.0206209485805251,             277P   4121
0.622857936000073,0.0329022611153641,0.02010615323056,               277P   4122
0.613983725467695,0.0358576213111683,0.0219121362522129,             277P   4123
0.607087059875129,0.0425553757445283,0.026005048786875,              277P   4124
0.602297082567562,0.0524195785423446,0.0320329376378818,             277P   4125
0.60480494470681,0.0556146815281465,0.0339854244288261,              277P   4126
0.612276067094335,0.0556155780370228,0.0339859722739964,             277P   4127
0.616007048769906,0.0650691107903261,0.00323091985213294,            277P   4128
0.609790117552975,0.0650701584618698,0.00323097168762501,            277P   4129
0.613521099228547,0.061336148181595,0.00304556447196053,             277P   4130
0.62097390354331,0.0487259965951276,0.00241942426952361,             277P   4131
0.623734065194271,0.0394806018658036,0.00196035593761098,            277P   4132
0.616641004783143,0.038494981933921,0.00191141640198316,             277P   4133
0.607766794250763,0.0419527005368737,0.00208310577922751,            277P   4134
0.600870128658199,0.0497889305549458,0.00247220206369355,            277P   4135
0.596080151350631,0.0613298621523335,0.00304525345900834,            277P   4136
0.598588013489878,0.0650680631187826,0.00323086801664097,            277P   4137
0.606059135877402,0.0650691107903261,0.00323091985213294,            277P   4138
0.609790117552975,0.0587256603084899,-0.0282385585416038,            277P   4139
0.603573186336043,0.0587266076379734,-0.0282390132500842,            277P   4140
0.607304168011615,0.0553566173644272,-0.0266185351489357,            277P   4141
0.614756972326379,0.0439758024500933,-0.0211460075528636,            277P   4142
0.617517133977341,0.0356317275379476,-0.0171337103459262,            277P   4143
0.61042407356621,0.0347421925837834,-0.0167059730157733,             277P   4144
0.601549863033833,0.0378628160500392,-0.0182065463841889,            277P   4145
0.594653197441266,0.0449351207009825,-0.0216072976170506,            277P   4146
0.5898632201337,0.0553509333875255,-0.0266158068980534,              277P   4147
0.592371082272947,0.0587247129790063,-0.0282381038331235,            277P   4148
0.599842204660472,0.0587256603084899,-0.0282385585416038,            277P   4149
0.603573186336043,0.0380091874633236,-0.0529748743493282,            277P   4150
0.597356255119113,0.0380097975571333,-0.0529757282185924,            277P   4151
0.601087236794684,0.0358286298551728,-0.049935748888452,             277P   4152
0.608540041109448,0.0284625911888942,-0.0396694151060705,            277P   4153
0.611300202760409,0.023062020434145,-0.0321424422563104,             277P   4154
0.604207142349281,0.0224862857796543,-0.0313400165570053,            277P   4155
0.5953329318169,0.0245060724289163,-0.0341550525895528,              277P   4156
0.588436266224336,0.0290834809304121,-0.0405347879945178,            277P   4157
0.583646288916769,0.0358249692923151,-0.0499306256728663,            277P   4158
0.586154151056015,0.0380085773695141,-0.0529740204800639,            277P   4159
0.59362527344354,0.0380091874633236,-0.0529748743493282,             277P   4160
0.597356255119113,0.00815660667523438,-0.0645281635772289,           277P   4161
0.59113932390218,0.00815674271593336,-0.0645292027179609,            277P   4162
0.594870305577753,0.00768867134923638,-0.0608262347759807,           277P   4163
0.602323109892517,0.00610795018931511,-0.0483209167038615,           277P   4164
0.605083271543479,0.00494902760594851,-0.0391523834516413,           277P   4165
0.597990211132348,0.00482547450187648,-0.0381749572947545,           277P   4166
0.589116000599971,0.00525888502146735,-0.0416039294696439,           277P   4167
0.582219335007404,0.00624121178625242,-0.049375014787885,            277P   4168
0.577429357699837,0.00768785510504226,-0.0608199999315886,           277P   4169
0.579937219839085,0.00815647063453535,-0.0645271244364969,           277P   4170
0.587408342226609,0.00815660667523438,-0.0645281635772289,           277P   4171
0.59113932390218,-0.0345909440116842,-0.0596445694323953,            277P   4172
0.582850082279606,-0.0345915180489404,-0.0596455284077295,           277P   4173
0.586581063955178,-0.0326064989418414,-0.056222807641704,            277P   4174
0.594033868269941,-0.0259028985781552,-0.0446639123147047,           277P   4175
0.596794029920902,-0.0209880726398444,-0.0361892633596717,           277P   4176
0.589700969509775,-0.0204641041439661,-0.0352858112462698,           277P   4177
0.580826758977394,-0.0223021482849044,-0.0384552813556275,           277P   4178
0.57393009338483,-0.0264680289353909,-0.0456382282284839,            277P   4179
0.569140116077262,-0.032603054718304,-0.0562170537896986,            277P   4180
0.571647978216508,-0.034590369974428,-0.059643610457061,             277P   4181
0.579119100604034,-0.0345909440116842,-0.0596445694323953,           277P   4182
0.582850082279606,-0.072411311878502,-0.0146382625003365,            277P   4183
0.572488530251387,-0.0724124627806232,-0.0146384951602197,           277P   4184
0.57621951192696,-0.068257124677535,-0.0137984754401971,             277P   4185
0.583672316241725,-0.0542240854373483,-0.0109616353561499,           277P   4186
0.586432477892684,-0.043935420199952,-0.00888173680693148,           277P   4187
0.579339417481554,-0.0428385945313192,-0.00866000871448244,          277P   4188
0.570465206949177,-0.0466865504755806,-0.00943788979052676,          277P   4189
0.56356854135661,-0.0554068951099044,-0.0112007454899901,            277P   4190
0.558778564049045,-0.068250219264808,-0.013797079480898,             277P   4191
0.561286426188292,-0.0724101609763808,-0.0146380298404534,           277P   4192
0.568757548575815,-0.072411311878502,-0.0146382625003365,            277P   4193
0.572488530251387,-0.0550427582292735,0.0415247256090756,            277P   4194
0.562126978223169,-0.0550436596903385,0.0415253863059893,            277P   4195
0.565857959898741,-0.0518850079595823,0.0391424810326895,            277P   4196
0.573310764213503,-0.0412179225390558,0.0310951455949352,            277P   4197
0.576070925864467,-0.0333971788110709,0.0251950475909934,            277P   4198
0.568977865453336,-0.0325634220687362,0.0245660655558805,            277P   4199
0.560103654920958,-0.0354882684972058,0.0267726965644586,            277P   4200
0.553206989328393,-0.0421171349233304,0.031773438237148,             277P   4201
0.548417012020825,-0.0518795991931927,0.0391385168512078,            277P   4202
0.550924874160071,-0.0550418567682087,0.041524064912162,             277P   4203
0.558395996547598,-0.0550427582292735,0.0415247256090756,            277P   4204
0.562126978223169,-0.017548865052291,0.062629477584286,              277P   4205
0.553837736600593,-0.0175491433324415,0.0626304879706925,            277P   4206
0.557568718276165,-0.0165420983641555,0.0590364758928739,            277P   4207
0.56502152259093,-0.013141194632929,0.046899115665822,               277P   4208
0.56778168424189,-0.0106477368789365,0.0380003645185902,             277P   4209
0.560688623830761,-0.0103819217951178,0.0370516972413498,            277P   4210
0.551814413298383,-0.0113144764195252,0.0403797652585565,            277P   4211
0.544917747705817,-0.0134278456159166,0.0479222054164855,            277P   4212
0.54012777039825,-0.0165404286832523,0.0590304135744348,             277P   4213
0.542635632537498,-0.0175485867721404,0.0626284671978794,            277P   4214
0.550106754925021,-0.017548865052291,0.062629477584286,              277P   4215
0.553837736600593,0.0144472775544151,0.0635791775286129,             277P   4216
0.547620805383663,0.0144475080688139,0.0635802013304927,             277P   4217
0.551351787059235,0.0136184476691398,0.0599316912612385,             277P   4218
0.558804591373998,0.0108186195336941,0.047610283168965,              277P   4219
0.56156475302496,0.00876586021813167,0.0385765871396284,             277P   4220
0.55447169261383,0.00854702449270434,0.0376135355726999,             277P   4221
0.545597482081452,0.00931475189524406,0.0409920797278749,            277P   4222
0.538700816488886,0.0110546137190716,0.0486488788803222,             277P   4223
0.533910839181319,0.0136170645827467,0.0599255484499601,             277P   4224
0.536418701320566,0.0144470470400162,0.0635781537267332,             277P   4225
0.543889823708091,0.0144472775544151,0.0635791775286129,             277P   4226
0.547620805383663,0.0431454602664553,0.0488322498516242,             277P   4227
0.541403874166731,0.0431461565834433,0.0488330368304072,             277P   4228
0.545134855842303,0.0406702407932231,0.0460307833229893,             277P   4229
0.552587660157068,0.0323088107198526,0.0365672748017149,             277P   4230
0.555347821808028,0.0261784600264162,0.0296289093319678,             277P   4231
0.5482547613969,0.0255249227892237,0.0288892332286028,               277P   4232
0.53938055086452,0.0278176281689272,0.0314841346321293,              277P   4233
0.532483885271955,0.0330136185555541,0.0373649752119821,             277P   4234
0.527693907964388,0.040666062891295,0.0460260614502915,              277P   4235
0.530201770103635,0.0431447639494674,0.0488314628728412,             277P   4236
0.537672892491159,0.0431454602664553,0.0488322498516242,             277P   4237
0.541403874166731,0.0612146394153883,0.0222978910074172,             277P   4238
0.5351869429498,0.0612156249545022,0.022298250194327,                277P   4239
0.538917924625372,0.057702804692305,0.0210186790105645,              277P   4240
0.546370728940135,0.0458396353353226,0.0166974306499232,             277P   4241
0.549130890591097,0.037141905908916,0.0135292181792393,              277P   4242
0.542037830179967,0.0362146707691894,0.0131914657196953,             277P   4243
0.533163619647589,0.0394675663374244,0.0143763562638469,             277P   4244
0.526266954055023,0.0468396044258105,0.0170616777042161,             277P   4245
0.521476976747457,0.0576968914576206,0.021016523889106,              277P   4246
0.523984838886704,0.0612136538762741,0.0222975318205075,             277P   4247
0.531455961274228,0.0612146394153883,0.0222978910074172,             277P   4248
0.5351869429498,0.0644497663869862,-0.0097142392632627,              277P   4249
0.528970011732869,0.0644508053007165,-0.0097143958543121,            277P   4250
0.532700993408441,0.0607523357508757,-0.00915694126402976,           277P   4251
0.540153797723205,0.0482622105137774,-0.00727435779192294,           277P   4252
0.542913959374166,0.0391048197173327,-0.00589410321210451,           277P   4253
0.535820898963037,0.0381285804685372,-0.00574695882085811,           277P   4254
0.526946688430658,0.0415533812335708,-0.0062631644787774,            277P   4255
0.520050022838092,0.0493150322634332,-0.00743304513791443,           277P   4256
0.515260045530525,0.060746102268494,-0.00915600171773352,            277P   4257
0.517767907669772,0.0644487274732559,-0.00971408267221333,           277P   4258
0.525239030057297,0.0644497663869862,-0.0097142392632627,            277P   4259
0.528970011732869,0.0519226259884638,-0.0393505899904531,            277P   4260
0.522753080515937,0.0519234618706399,-0.0393512237124496,            277P   4261
0.526484062191509,0.0489438665839106,-0.0370930783371208,            277P   4262
0.533936866506273,0.0388814548701563,-0.0294670803637608,            277P   4263
0.536697028157235,0.0315039881775633,-0.0238759219297636,            277P   4264
0.529603967746105,0.0307175017785919,-0.0232798675090059,            277P   4265
0.520729757213727,0.0334766277046604,-0.025370924491386,             277P   4266
0.513833091621161,0.0397296344356366,-0.030109891007103,             277P   4267
0.509043114313595,0.0489388512908535,-0.0370892760051412,            277P   4268
0.511550976452842,0.0519217901062876,-0.0393499562684565,            277P   4269
0.519022098840366,0.0519226259884638,-0.0393505899904531,            277P   4270
0.522753080515937,0.0268350702018609,-0.0593801176694433,            277P   4271
0.516536149299006,0.0268355036173704,-0.0593810749280023,            277P   4272
0.520267130974578,0.0252955645401419,-0.0559735286908217,            277P   4273
0.527719935289342,0.0200950274492736,-0.0444658825209659,            277P   4274
0.530480096940303,0.016282150160855,-0.0360288165736262,             277P   4275
0.523387036529175,0.0158756711082802,-0.0351293687218282,            277P   4276
0.514512825996795,0.0173016574050291,-0.0382847727108015,            277P   4277
0.50761616040423,0.0205333963268189,-0.0454358890967201,             277P   4278
0.502826183096662,0.0252929640470848,-0.0559677851394678,            277P   4279
0.50533404523591,0.0268346367863514,-0.0593791604108843,             277P   4280
0.512805167623434,0.0268350702018609,-0.0593801176694433,            277P   4281
0.516536149299006,-0.00493486601270226,-0.0650129428759064,          277P   4282
0.510319218082075,-0.004934947510313,-0.065013989138453,             277P   4283
0.514050199757647,-0.004651757860793,-0.0612832022919337,            277P   4284
0.521503004072412,-0.00369539869667421,-0.0486839359595798,          277P   4285
0.524263165723372,-0.00299423102674797,-0.0394465202681255,          277P   4286
0.517170105312243,-0.00291948006232421,-0.0384617514177831,          277P   4287
0.508295894779865,-0.00318170400591381,-0.0419164879600517,          277P   4288
0.501399229187299,-0.00377602053084731,-0.0497459502848299,          277P   4289
0.496609251879733,-0.00465126887512852,-0.0612769247166539,          277P   4290
0.499117114018979,-0.0049347845150915,-0.0650118966133597,           277P   4291
0.506588236406503,-0.00493486601270226,-0.0650129428759064,          277P   4292
0.510319218082075,-0.0352295808049987,-0.054674406840936,            277P   4293
0.504102286865144,-0.0352301445385645,-0.0546752903141951,           277P   4294
0.507833268540716,-0.0332084860958344,-0.0515377818242314,           277P   4295
0.51528607285548,-0.0263811252445652,-0.0409420844296825,            277P   4296
0.518046234506441,-0.0213754918760322,-0.0331736394030937,           277P   4297
0.510953174095311,-0.0208418616218062,-0.0323454691226156,           277P   4298
0.502078963562932,-0.0227139507296632,-0.0352508051147,              277P   4299
0.495182297970367,-0.0269566021265549,-0.0418352293128094,           277P   4300
0.4903923206628,-0.03320510369444,-0.0515324809846769,               277P   4301
0.492900182802047,-0.035229017071433,-0.0546735233676769,            277P   4302
0.500371305189572,-0.0352295808049987,-0.054674406840936,            277P   4303
0.504102286865144,-0.0648369906586226,-0.0234557607578389,           277P   4304
0.495813045242569,-0.0648380468141356,-0.0234561263915289,           277P   4305
0.49954402691814,-0.0611173514578394,-0.0221101158554015,            277P   4306
0.506996831232905,-0.0485521809524885,-0.0175644795756274,           277P   4307
0.509756992883866,-0.0393398065088102,-0.0142317110531525,           277P   4308
0.502663932472738,-0.0383576955297335,-0.0138764270390737,           277P   4309
0.493789721940358,-0.0418030151456736,-0.0151229100041268,           277P   4310
0.486893056347792,-0.0496113741195844,-0.0179475900757316,           277P   4311
0.482103079040226,-0.0611110145247607,-0.0221079220532609,           277P   4312
0.484610941179474,-0.0648359345031094,-0.0234553951241488,           277P   4313
0.492082063566997,-0.0648369906586226,-0.0234557607578389,           277P   4314
0.495813045242569,-0.0648795768460368,0.0353315344313489,            277P   4315
0.48545149321435,-0.0648806080391016,0.0353320959891617,             277P   4316
0.489182474889923,-0.0611574801080274,0.033304588581072,             277P   4317
0.496635279204686,-0.0485840627213241,0.0264574704136366,            277P   4318
0.499395440855647,-0.0393655548722629,0.0214373386047055,            277P   4319
0.492302380444518,-0.0383828135931906,0.0209021662280262,            277P   4320
0.483428169912139,-0.0418305311791497,0.022779693155906,             277P   4321
0.476531504319573,-0.049643844529636,0.0270345968264513,             277P   4322
0.471741527012006,-0.0611512929496393,0.0333012192341951,            277P   4323
0.474249389151253,-0.0648785456529722,0.0353309728735361,            277P   4324
0.481720511538778,-0.0648795768460368,0.0353315344313489,            277P   4325
0.48545149321435,-0.0154736199583292,0.0671905882976218,             277P   4326
0.475089941186131,-0.0154738858297788,0.0671916738688242,            277P   4327
0.478820922861703,-0.0145859202084187,0.063335920329889,             277P   4328
0.486273727176468,-0.0115871862081289,0.0503146333961005,            277P   4329
0.489033888827429,-0.00938865882711836,0.0407678189394411,           277P   4330
0.481940828416299,-0.00915426596662607,0.0397500622431558,           277P   4331
0.473066617883921,-0.00997643324866744,0.0433204947097472,           277P   4332
0.466169952291355,-0.0118400247521302,0.0514122382845644,            277P   4333
0.461379974983788,-0.0145843249797209,0.0633294069026744,            277P   4334
0.463887837123035,-0.0154733540868796,0.0671895027264194,            277P   4335
0.471358959510559,-0.0154736199583292,0.0671905882976218,            277P   4336
0.475089941186131,0.0268142416359682,0.0592571562985605,             277P   4337
0.466800699563556,0.0268146779248683,0.0592581091744854,             277P   4338
0.470531681239128,0.0252759326941093,0.0558576201657586,             277P   4339
0.477984485553892,0.0200794313307466,0.0443738040295231,             277P   4340
0.480744647204853,0.0162695238082199,0.0359542014129443,             277P   4341
0.473651586793724,0.0158633584045513,0.035056617474499,              277P   4342
0.464777376261345,0.0172882210022736,0.0382055000433273,             277P   4343
0.45788071066878,0.0205174733534381,0.0453417919479998,              277P   4344
0.453090733361213,0.0252733149607084,0.0558519029102091,             277P   4345
0.455598595500461,0.0268138053470681,0.0592562034226356,             277P   4346
0.463069717887984,0.0268142416359682,0.0592571562985605,             277P   4347
0.466800699563556,0.0519351642382113,0.0394179446381874,             277P   4348
0.460583768346625,0.0519359989096487,0.0394185807441288,             277P   4349
0.464314750022197,0.0489556847311349,0.0371565696325054,             277P   4350
0.471767554336961,0.0388908434906837,0.0295175182667344,             277P   4351
0.474527715987923,0.0315115907466042,0.0239167938763475,             277P   4352
0.467434655576793,0.0307249152404738,0.0233197184679265,             277P   4353
0.458560445044414,0.0334847148727449,0.0254143477818608,             277P   4354
0.451663779451848,0.0397392219797345,0.0301614346017481,             277P   4355
0.446873802144282,0.0489506767025108,0.037152752996857,              277P   4356
0.449381664283528,0.0519343295667739,0.039417308532246,              277P   4357
0.456852786671053,0.0519351642382113,0.0394179446381874,             277P   4358
0.460583768346625,0.0644401052406702,0.00967430637033329,            277P   4359
0.454366837129694,0.0644411445106402,0.00967446164712453,            277P   4360
0.458097818805267,0.0607432291441427,0.00911929891213713,            277P   4361
0.46555062312003,0.0482549760782712,0.00724445444742895,             277P   4362
0.468310784770991,0.0390989596397632,0.0058698716037749,             277P   4363
0.461217724359861,0.0381228664364164,0.0057233324736204,             277P   4364
0.452343513827484,0.0415471511227922,0.00623741966349834,            277P   4365
0.445446848234918,0.0493076421442386,0.00740248666998904,            277P   4366
0.440656870927351,0.0607369935243221,0.00911836725138969,            277P   4367
0.443164733066598,0.0644390659707001,0.00967415109354204,            277P   4368
0.450635855454122,0.0644401052406702,0.00967430637033329,            277P   4369
0.454366837129694,0.0612259424233985,-0.0222668362481364,            277P   4370
0.448149905912762,0.0612269282710555,-0.0222671945873315,            277P   4371
0.451880887588333,0.057713459326889,-0.0209894056426316,             277P   4372
0.459333691903098,0.045848099458595,-0.0166741756623566,             277P   4373
0.462093853554061,0.0371487644427337,-0.013510374512444,             277P   4374
0.455000793142931,0.0362213580203455,-0.0131730926481453,            277P   4375
0.446126582610551,0.0394748535550537,-0.0143563347979594,            277P   4376
0.439229917017986,0.0468482537170182,-0.0170379139719283,            277P   4377
0.434439939710419,0.0577075442409474,-0.0209872556074609,            277P   4378
0.436947801849666,0.0612249565757416,-0.0222664779089413,            277P   4379
0.444418924237189,0.0612259424233985,-0.0222668362481364,            277P   4380
0.448149905912762,0.0431271927651116,-0.0488690502874971,            277P   4381
0.441932974695832,0.0431278879644152,-0.0488698380440738,            277P   4382
0.445663956371404,0.0406530208213113,-0.0460654726514563,            277P   4383
0.453116760686168,0.0322951311196428,-0.0365948322981012,            277P   4384
0.455876922337128,0.0261673733286779,-0.0296512386061297,            277P   4385
0.448783861925999,0.0255141132685115,-0.0289110049696638,            277P   4386
0.439909651393622,0.0278058522623945,-0.031507860942828,             277P   4387
0.433012985801055,0.0329996371107441,-0.0373931346335785,            277P   4388
0.428223008493489,0.0406488496254893,-0.0460607461119968,            277P   4389
0.430730870632736,0.0431264975658079,-0.0488682625309206,            277P   4390
0.43820199302026,0.0431271927651116,-0.0488690502874971,             277P   4391
0.441932974695832,0.0144809674308888,-0.0635195214434135,            277P   4392
0.435716043478899,0.0144812004051376,-0.0635205441973334,            277P   4393
0.439447025154472,0.0136502058611275,-0.0598754575486178,            277P   4394
0.446899829469236,0.0108438482922013,-0.0475656106047227,            277P   4395
0.449659991120198,0.00878630829321292,-0.0385403905748873,           277P   4396
0.442566930709069,0.00856696115405417,-0.0375782426856236,           277P   4397
0.433692720176689,0.00933646871816201,-0.0409536172260626,           277P   4398
0.426796054584124,0.0110804008181895,-0.0486032314415128,            277P   4399
0.422006077276557,0.0136488080156349,-0.0598693210250978,            277P   4400
0.424513939415804,0.01448073445664,-0.0635184986894934,              277P   4401
0.431985061803327,0.0144809674308888,-0.0635195214434135,            277P   4402
0.435716043478899,-0.017611947490803,-0.0627370598032511,            277P   4403
0.42949911226197,-0.0176122307892014,-0.0627380716999703,            277P   4404
0.433230093937541,-0.0166015640613605,-0.0591378860817927,           277P   4405
0.440682898252306,-0.0131884342264144,-0.0469796768742701,           277P   4406
0.443443059903266,-0.0106860262324438,-0.0380656391108317,           277P   4407
0.436349999492137,-0.0104192533172181,-0.0371153423834944,           277P   4408
0.427475788959759,-0.0113551390262974,-0.0404491283981757,           277P   4409
0.420579123367192,-0.0134761323919437,-0.0480045231043737,           277P   4410
0.415789146059627,-0.0165998642709703,-0.0591318147014782,           277P   4411
0.418297008198873,-0.0176116641924047,-0.0627360479065321,           277P   4412
0.425768130586398,-0.017611947490803,-0.0627370598032511,            277P   4413
0.42949911226197,-0.0455698408364595,-0.0466307328924742,            277P   4414
0.423282181045038,-0.0455705757918528,-0.0466314819904297,           277P   4415
0.42701316272061,-0.042955536375165,-0.043955564256095,              277P   4416
0.434465967035374,-0.0341242704622878,-0.0349187021159245,           277P   4417
0.437226128686335,-0.0276494485130552,-0.0282931330472468,           277P   4418
0.430133068275206,-0.0269591887367352,-0.027586805335429,            277P   4419
0.421258857742827,-0.0293807257756764,-0.0300647327641716,           277P   4420
0.414362192150262,-0.0348686800199305,-0.0356804295722184,           277P   4421
0.409572214842695,-0.0429511266428052,-0.0439510696683621,           277P   4422
0.412080076981943,-0.0455691058810662,-0.0466299837945187,           277P   4423
0.419551199369465,-0.0455698408364595,-0.0466307328924742,           277P   4424
0.423282181045038,-0.0621314558933924,-0.0192378875054171,           277P   4425
0.417065249828106,-0.0621324556240223,-0.0192382019242467,           277P   4426
0.420796231503678,-0.0585670238254496,-0.0181342279782768,           277P   4427
0.428249035818443,-0.0465261789829633,-0.0144059958302679,           277P   4428
0.431009197469404,-0.0376981811470856,-0.0116725807939014,           277P   4429
0.423916137058274,-0.0367570590611538,-0.0113811764681552,           277P   4430
0.415041926525896,-0.0400586764969393,-0.0124034372775253,           277P   4431
0.40814526093333,-0.0475411223150838,-0.0147202750954833,            277P   4432
0.403355283625763,-0.0585610254416704,-0.0181323414652994,           277P   4433
0.40586314576501,-0.0621304561627625,-0.0192375730865876,            277P   4434
0.413334268152535,-0.0621314558933924,-0.0192378875054171,           277P   4435
0.417065249828106,-0.0647450887935108,0.0237082590570431,            277P   4436
0.408776008205532,-0.0647461328803784,0.0237086578490643,            277P   4437
0.412506989881104,-0.0610307159830185,0.0223481448661995,            277P   4438
0.419959794195868,-0.0484833582617705,0.0177535683643242,            277P   4439
0.422719955846829,-0.0392840076990586,0.0143850170229801,            277P   4440
0.4156268954357,-0.038303294878841,0.0140258915990068,               277P   4441
0.406752684903321,-0.0417437866310225,0.0152856390107211,            277P   4442
0.399856019310756,-0.0495410059842218,0.0181409249386927,            277P   4443
0.395066042003189,-0.0610244514618131,0.0223457521140722,            277P   4444
0.397573904142436,-0.0647440447066433,0.0237078602650219,            277P   4445
0.405045026529959,-0.0647450887935108,0.0237082590570431,            277P   4446
0.408776008205532,-0.0269899667511209,0.0687693137363647,            277P   4447
0.398414456177313,-0.0269903957284337,0.0687704067527319,            277P   4448
0.402145437852884,-0.0254415709062817,0.0648240654660084,            277P   4449
0.409598242167649,-0.0202110171062716,0.0514968317348706,            277P   4450
0.41235840381861,-0.0163761089204253,0.0417256450337359,             277P   4451
0.40526534340748,-0.0159672875973446,0.0406839852907544,             277P   4452
0.396391132875102,-0.0174015414494175,0.0443384045066172,            277P   4453
0.389494467282536,-0.0206518873640671,0.0526201508317389,            277P   4454
0.384704489974969,-0.025438997042405,0.0648175073678054,             277P   4455
0.387212352114216,-0.0269895377738081,0.0687682207199976,            277P   4456
0.394683474501741,-0.0269899667511209,0.0687693137363647,            277P   4457
0.398414456177313,0.0313357970612296,0.0614172279814621,             277P   4458
0.388052904149094,0.0313362911836014,0.061418230476123,              277P   4459
0.391783885824666,0.0295380817126934,0.0578937786043495,             277P   4460
0.399236690139431,0.0234653233267984,0.0459913450463385,             277P   4461
0.401996851790391,0.019012918965352,0.0372648747222619,              277P   4462
0.394903791379263,0.0185382729195916,0.0363345630341026,             277P   4463
0.386029580846883,0.020203485992616,0.0395981519266503,              277P   4464
0.379132915254319,0.0239771645877956,0.0469946806552212,             277P   4465
0.374342937946751,0.0295351169784628,0.0578877636363846,             277P   4466
0.376850800085999,0.0313353029388578,0.0614162254868013,             277P   4467
0.384321922473522,0.0313357970612296,0.0614172279814621,             277P   4468
0.388052904149094,0.0586306666556807,0.0281577530108565,             277P   4469
0.379763662526519,0.0586316133692064,0.0281582025150645,             277P   4470
0.383494644202091,0.0552670739341213,0.0265423631748354,             277P   4471
0.390947448516855,0.0439046682167618,0.0210854963279506,             277P   4472
0.393707610167817,0.0355740934899084,0.0170846678797747,             277P   4473
0.386614549756686,0.0346859969051542,0.0166581567804566,             277P   4474
0.377740339224309,0.0378015676799495,0.0181544567510228,             277P   4475
0.370843673631743,0.0448624385144207,0.0215454501091987,             277P   4476
0.366053696324176,0.0552613936529674,0.0265396661495875,             277P   4477
0.368561558463423,0.0586297199421551,0.0281573035066485,             277P   4478
0.376032680850947,0.0586306666556807,0.0281577530108565,             277P   4479
0.379763662526519,0.0651220103798345,-0.00318738263021946,           277P   4480
0.373546731309587,0.0651230586562685,-0.00318743186125591,           277P   4481
0.37727771298516,0.0613860128255479,-0.00300452387666006,            277P   4482
0.384730517299925,0.0487656095547594,-0.00238682148326247,           277P   4483
0.387490678950884,0.039512697752385,-0.00193393304730305,            277P   4484
0.380397618539757,0.0385262766777952,-0.00188565407786075,           277P   4485
0.371523408007377,0.0419868076200986,-0.00205503994037471,           277P   4486
0.364626742414812,0.0498294066237792,-0.00243888013408011,           277P   4487
0.359836765107245,0.061379723166944,-0.00300422849044134,            277P   4488
0.362344627246493,0.0651209621034005,-0.003187333399183,             277P   4489
0.369815749634016,0.0651220103798345,-0.00318738263021946,           277P   4490
0.373546731309587,0.0555825088008925,-0.0340103525793345,            277P   4491
0.367329800092657,0.0555834047378755,-0.0340109016602713,            277P   4492
0.371060781768229,0.0523937854928296,-0.0320592068091947,            277P   4493
0.378513586082994,0.0416221018354295,-0.0254681266557714,            277P   4494
0.381273747733955,0.0337246215011998,-0.0206357442840342,            277P   4495
0.374180687322825,0.0328826971896105,-0.0201205791533816,            277P   4496
0.365306476790446,0.0358363003212242,-0.021927853286726,             277P   4497
0.358409811197881,0.0425300719803185,-0.0260237076541829,            277P   4498
0.353619833890313,0.0523884098709316,-0.0320559123235739,            277P   4499
0.356127696029561,0.0555816128639095,-0.0340098034983977,            277P   4500
0.363598818417084,0.0555825088008925,-0.0340103525793345,            277P   4501
0.367329800092657,0.0325889465207239,-0.0564126633553411,            277P   4502
0.361112868875726,0.0325894713878486,-0.0564135715497492,            277P   4503
0.364843850551297,0.0307193449285591,-0.0531763141248273,            277P   4504
0.372296654866062,0.0244037283001571,-0.0422437498697539,            277P   4505
0.375056816517022,0.0197733032311336,-0.0342283128189547,            277P   4506
0.367963756105894,0.0192796692980968,-0.0333738145635818,            277P   4507
0.359089545573515,0.0210114180800013,-0.0363715372552172,            277P   4508
0.352192879980949,0.0249360844335194,-0.0431652763456483,            277P   4509
0.347402902673383,0.0307161957258111,-0.0531708649583787,            277P   4510
0.34991076481263,0.0325884216535993,-0.056411755160933,              277P   4511
0.357381887200154,0.0325889465207239,-0.0564126633553411,            277P   4512
0.361112868875726,0.00162492634352226,-0.0651574895622823,           277P   4513
0.354895937658794,0.00162495253691881,-0.065158539884329,            277P   4514
0.358626919334366,0.00153170564186933,-0.061419457423685,            277P   4515
0.366079723649131,0.0012168009545538,-0.0487921780650408,            277P   4516
0.368839885300092,0.000985922141840666,-0.0395342299189703,          277P   4517
0.361746824888963,0.000961308912625455,-0.038547270582582,           277P   4518
0.352872614356583,0.00104765599030136,-0.0420096791002586,           277P   4519
0.345975948764019,0.00124334500415954,-0.0498565608550768,           277P   4520
0.341185971456451,0.00153154848148981,-0.061413155491405,            277P   4521
0.343693833595699,0.00162490015012565,-0.0651564392402357,           277P   4522
0.351164955983222,0.00162492634352226,-0.0651574895622823,           277P   4523
0.354895937658794,-0.0297364967264868,-0.0579669628739867,           277P   4524
0.348679006441863,-0.0297369756714057,-0.0579678961019043,           277P   4525
0.352409988117435,-0.0280305378900292,-0.0546414447332567,           277P   4526
0.359862792432199,-0.0222677154182695,-0.0434076630122295,           277P   4527
0.362622954083161,-0.0180425828909944,-0.0351713821424034,           277P   4528
0.355529893672032,-0.0175921558061432,-0.034293340475075,            277P   4529
0.346655683139653,-0.0191723277454115,-0.0373736573130896,           277P   4530
0.339759017547086,-0.022753475487686,-0.0443545797210922,            277P   4531
0.33496904023952,-0.0280276642205155,-0.054635845365751,             277P   4532
0.337476902378767,-0.0297360177815678,-0.0579660296460691,           277P   4533
0.34494802476629,-0.0297364967264868,-0.0579669628739867,            277P   4534
0.348679006441863,-0.0538181392158373,-0.0367386344067693,           277P   4535
0.342462075224931,-0.0538190066696743,-0.0367392274639276,           277P   4536
0.346193056900504,-0.0507306363311273,-0.0346309693273106,           277P   4537
0.353645861215268,-0.0403008809531781,-0.0275111582944618,           277P   4538
0.356406022866229,-0.0326540921886041,-0.0222911260534428,           277P   4539
0.3493129624551,-0.0318388933174883,-0.0217346348507133,             277P   4540
0.340438751922721,-0.0346987397078172,-0.023686887363738,            277P   4541
0.333542086330156,-0.041180028992694,-0.0281113072378935,            277P   4542
0.328752109022588,-0.0507254316081054,-0.0346274109843609,           277P   4543
0.331259971161836,-0.0538172717620004,-0.036738041349611,            277P   4544
0.33873109354936,-0.0538181392158373,-0.0367386344067693,            277P   4545
0.342462075224931,-0.064882180683765,-0.0064294847527906,            277P   4546
0.336245144008001,-0.0648832252031444,-0.00642958617489639,          277P   4547
0.339976125683572,-0.0611599420250937,-0.00606062919975238,          277P   4548
0.347428929998337,-0.0485860168320429,-0.0048146194793286,           277P   4549
0.350189091649298,-0.0393671817527126,-0.0039010744346645,           277P   4550
0.343096031238169,-0.0383843933851695,-0.00380368644758286,          277P   4551
0.334221820705791,-0.0418321794267292,-0.00414535498016698,          277P   4552
0.327325155113224,-0.0496458966079981,-0.00491963932432342,          277P   4553
0.322535177805658,-0.0611536749088171,-0.00606002066711745,          277P   4554
0.325043039944905,-0.0648811361643856,-0.00642938333068476,          277P   4555
0.332514162332428,-0.064882180683765,-0.0064294847527906,            277P   4556
0.336245144008001,-0.0599613322488405,0.0252002532124029,            277P   4557
0.330028212791069,-0.0599623001914616,0.0252006549680679,            277P   4558
0.333759194466641,-0.0565214002013156,0.0237545326906629,            277P   4559
0.341211998781405,-0.0449011164896996,0.0188708183328329,            277P   4560
0.343972160432366,-0.0363814724870329,0.0152902081030598,            277P   4561
0.336879100021237,-0.0354732200529039,0.0149084951512589,            277P   4562
0.328004889488858,-0.0386595023246954,0.0162476367191725,            277P   4563
0.321108223896293,-0.0458806230069099,0.0192824594467643,            277P   4564
0.316318246588726,-0.0565155925455894,0.0237521221566729,            277P   4565
0.318826108727973,-0.0599603643062196,0.0251998514567379,            277P   4566
0.326297231115497,-0.0599613322488405,0.0252002532124029,            277P   4567
0.330028212791069,-0.0343582403347853,0.0597789209405957,            277P   4568
0.321738971168495,-0.0343587838131593,0.0597798975591087,            277P   4569
0.325469952844066,-0.0323871302324442,0.0563494602041071,            277P   4570
0.33292275715883,-0.025728633418632,0.0447645243347679,              277P   4571
0.335682918809793,-0.0208467851025321,0.0362708357438435,            277P   4572
0.328589858398663,-0.0203263568689441,0.035365339659393,             277P   4573
0.319715647866284,-0.022152176430474,0.0385418676317762,             277P   4574
0.312818982273719,-0.0262898505728973,0.0457410995369726,            277P   4575
0.308029004966152,-0.0323838693621996,0.056343600493029,             277P   4576
0.310536867105399,-0.0343576968564111,0.0597779443220827,            277P   4577
0.318007989492922,-0.0343582403347853,0.0597789209405957,            277P   4578
0.321738971168495,0.0235285487796033,0.0700291669283101,             277P   4579
0.311377419140275,0.0235289227412972,0.0700302799687275,             277P   4580
0.315108400815848,0.0221787321050832,0.0660116417461111,             277P   4581
0.322561205130612,0.0176189880578707,0.0524402532162158,             277P   4582
0.325321366781573,0.0142759004154209,0.0424900584650431,             277P   4583
0.318228306370444,0.0139195097413982,0.041429315525199,              277P   4584
0.309354095838065,0.0151698229422894,0.0451506836673122,             277P   4585
0.302457430245499,0.018003317444487,0.053584151508557,               277P   4586
0.297667452937933,0.0221764883349197,0.0660049635036066,             277P   4587
0.30017531507718,0.0235281748179093,0.0700280538878927,              277P   4588
0.307646437464704,0.0235285487796033,0.0700291669283101,             277P   4589
0.311377419140275,0.0634828463264469,0.0269060640082632,             277P   4590
0.301015867112057,0.0634838692372867,0.0269065143479866,             277P   4591
0.304746848787629,0.0598408868733373,0.0253624943502985,             277P   4592
0.312199653102394,0.0475381472510551,0.0201481951316136,             277P   4593
0.314959814753355,0.0385181406380426,0.0163252814040207,             277P   4594
0.307866754342226,0.0375565478467153,0.015917717903777,              277P   4595
0.298992543809846,0.040929969568473,0.0173473937029697,              277P   4596
0.292095878217282,0.048575172101705,0.0205877895769172,              277P   4597
0.287305900909714,0.0598347494082982,0.0253597923119579,             277P   4598
0.289813763048961,0.0634818234156071,0.0269056136685398,             277P   4599
0.297284885436485,0.0634828463264469,0.0269060640082632,             277P   4600
0.301015867112057,0.0630131512095581,-0.0161169757010725,            277P   4601
0.292726625489482,0.0630141653699346,-0.0161172398965926,            277P   4602
0.296457607165054,0.0593981371208926,-0.0151923603914774,            277P   4603
0.303910411479819,0.047186422950266,-0.0120689493337401,             277P   4604
0.306670573130779,0.0382331495079257,-0.00977897153939884,           277P   4605
0.29957751271965,0.0372786720031292,-0.0095348405183202,             277P   4606
0.290703302187272,0.0406271407674358,-0.0103912585239002,            277P   4607
0.283806636594706,0.0482157701573423,-0.0123322471733594,            277P   4608
0.279016659287139,0.0593920521586338,-0.0151907752183568,            277P   4609
0.281524521426387,0.0630121370491817,-0.0161167115055525,            277P   4610
0.28899564381391,0.0630131512095581,-0.0161169757010725,             277P   4611
0.292726625489482,0.0478375439574261,-0.0443012984756247,            277P   4612
0.286509694272551,0.0478383153386506,-0.0443020100078977,            277P   4613
0.290240675948123,0.0450931431415564,-0.0417597675867324,            277P   4614
0.297693480262887,0.0358224048213775,-0.0331743411844045,            277P   4615
0.300453641913849,0.0290253742499433,-0.0268797514072019,            277P   4616
0.293360581502719,0.0283007649929243,-0.0262087083212065,            277P   4617
0.28448637097034,0.0308428063495596,-0.0285628518502934,             277P   4618
0.277589705377775,0.0366038579963821,-0.033898016005226,             277P   4619
0.272799728070208,0.0450885148542095,-0.0417554983930949,            277P   4620
0.275307590209455,0.0478367725762016,-0.0443005869433518,            277P   4621
0.282778712596979,0.0478375439574261,-0.0443012984756247,            277P   4622
0.286509694272551,0.0207172390808807,-0.0617811888967256,            277P   4623
0.28029276305562,0.0207175724660302,-0.0617821854143021,             277P   4624
0.284023744731192,0.0195287076175775,-0.0582368527275296,            277P   4625
0.291476549045956,0.0155137838041501,-0.0462638877427446,            277P   4626
0.294236710696917,0.012570158348115,-0.0374856656695391,             277P   4627
0.287143650285788,0.0122563486657867,-0.0365498477783985,            277P   4628
0.278269439753409,0.0133572465285322,-0.0398328395463851,            277P   4629
0.271372774160844,0.0158522087114891,-0.0472731194272898,            277P   4630
0.266582796853277,0.0195267073066807,-0.0582308736220707,            277P   4631
0.269090658992524,0.0207169056957313,-0.0617801923791491,            277P   4632
0.276561781380048,0.0207172390808807,-0.0617811888967256,            277P   4633
0.28029276305562,-0.0112967802755508,-0.0641623796633477,            277P   4634
0.274075831838688,-0.0112969619801691,-0.0641634127587429,           277P   4635
0.27780681351426,-0.0106486929639261,-0.0604814355038315,            277P   4636
0.285259617829025,-0.00845941901949853,-0.0480470050308108,          277P   4637
0.288019779479986,-0.00685430670095192,-0.0389304439662505,          277P   4638
0.280926719068856,-0.00668319133166224,-0.0379585585298545,          277P   4639
0.272052508536478,-0.00728349383716754,-0.0413680940711643,          277P   4640
0.265155842943912,-0.00864395637294609,-0.0490951272152874,          277P   4641
0.260365865636345,-0.0106476027362162,-0.0604752369314606,           277P   4642
0.262873727775592,-0.0112965985709325,-0.0641613465679526,           277P   4643
0.270344850163116,-0.0112967802755508,-0.0641623796633477,           277P   4644
0.274075831838688,-0.0406376599321183,-0.050958012686029,            277P   4645
0.267858900621757,-0.0406383150007121,-0.0509588341161259,           277P   4646
0.271589882297329,-0.0383063104604463,-0.0480345929775698,           277P   4647
0.279042686612093,-0.030430882970983,-0.0381591194737531,            277P   4648
0.281802848263054,-0.0246568522191391,-0.0309187140768109,           277P   4649
0.274709787851926,-0.0240413018327524,-0.030146838322827,            277P   4650
0.265835577319547,-0.0262007493630273,-0.0328546998190208,           277P   4651
0.258938911726981,-0.0310947210980875,-0.0389915461383892,           277P   4652
0.254148934419414,-0.0383023800488834,-0.0480296643969879,           277P   4653
0.256656796558662,-0.0406370048635244,-0.050957191255932,            277P   4654
0.264127918946185,-0.0406376599321183,-0.050958012686029,            277P   4655
0.267858900621757,-0.0600399260188365,-0.0252910233299216,           277P   4656
0.261641969404826,-0.0600408927794653,-0.0252914303642426,           277P   4657
0.265372951080398,-0.0565954837355995,-0.0238400975428756,           277P   4658
0.272825755395163,-0.0449599694318843,-0.0189387913566939,           277P   4659
0.275585917046124,-0.0364291504991136,-0.0153452962653185,           277P   4660
0.268492856634994,-0.0355197089921817,-0.014962206195853,            277P   4661
0.259618646102615,-0.0387101805515154,-0.0163061511243689,           277P   4662
0.25272198051005,-0.0459407496020635,-0.0193519311705995,            277P   4663
0.247932003202483,-0.0565896831718269,-0.02383765533695,             277P   4664
0.25043986534173,-0.0600389592582078,-0.0252906162956008,            277P   4665
0.257910987729253,-0.0600399260188365,-0.0252910233299216,           277P   4666
0.261641969404826,-0.0648422206990413,0.00645021650223539,           277P   4667
0.255425038187894,-0.0648432664166483,0.00645031978290883,           277P   4668
0.259156019863466,-0.0611222755466907,0.00608017244157125,           277P   4669
0.266608824178231,-0.0485560940074638,0.00483014461882923,           277P   4670
0.269368985829192,-0.03934294259813,0.00391365879299822,             277P   4671
0.262275925418063,-0.0383607584554339,0.00381595589857557,           277P   4672
0.253401714885684,-0.0418064113648624,0.0041587180749251,            277P   4673
0.246505049293119,-0.0496153287032844,0.00493550948903069,           277P   4674
0.241715071985552,-0.0611160012410486,0.00607955275753097,           277P   4675
0.244222934124799,-0.0648411749814343,0.00645011322156205,           277P   4676
0.251694056512322,-0.0648422206990413,0.00645021650223539,           277P   4677
0.255425038187894,-0.0538354364250015,0.0367801709317671,            277P   4678
0.249208106970963,-0.0538363017668771,0.0367807646415824,            277P   4679
0.252939088646536,-0.0507469398710124,0.0346701229261894,            277P   4680
0.2603918929613,-0.0403138329327163,0.0275422622732028,              277P   4681
0.263152054612261,-0.0326645787903532,0.022316328231178,             277P   4682
0.256058994201132,-0.0318491192897116,0.0217592078724224,            277P   4683
0.247184783668753,-0.034709897419395,0.0237136676867755,             277P   4684
0.240288118076188,-0.0411932535552714,0.0281430896676839,            277P   4685
0.23549814076862,-0.0507417478197585,0.0346665606672972,             277P   4686
0.238006002907868,-0.0538345710831258,0.0367795772219517,            277P   4687
0.245477125295391,-0.0538354364250015,0.0367801709317671,            277P   4688
0.249208106970963,-0.0297346172764252,0.0578469527614206,            277P   4689
0.242991175754032,-0.0297351005185396,0.0578478827065048,            277P   4690
0.246722157429604,-0.0280287686924497,0.0545283187460668,            277P   4691
0.254174961744369,-0.0222663094112174,0.0433177948629109,            277P   4692
0.25693512339533,-0.0180414578491746,0.035098561377397,              277P   4693
0.249842062984201,-0.0175910567416927,0.0342223383141235,            277P   4694
0.240967852451822,-0.0191711060349552,0.0372962850216906,            277P   4695
0.234071186859256,-0.0227520568364441,0.0442627455156003,            277P   4696
0.22928120955169,-0.0280258692397637,0.0545227390755619,             277P   4697
0.231789071690937,-0.0297341340343109,0.0578460228163365,            277P   4698
0.23926019407846,-0.0297346172764252,0.0578469527614206,             277P   4699
0.242991175754032,0.0121051699398504,0.06787827480381,               277P   4700
0.234701934131457,0.0121053813663275,0.0678793722761553,             277P   4701
0.23843291580703,0.0114107153433952,0.0639841552790803,              277P   4702
0.245885720121793,0.00906477447505826,0.0508295970597226,            277P   4703
0.248645881772755,0.00734485523441919,0.0411850748023873,            277P   4704
0.241552821361626,0.00716148534472191,0.0401569010500921,            277P   4705
0.232678610829247,0.00780465708984938,0.0437638722460483,            277P   4706
0.225781945236681,0.00926258695739234,0.0519384390829539,            277P   4707
0.220991967929114,0.0114094467845325,0.0639775704450082,             277P   4708
0.223499830068362,0.0121049585133733,0.0678771773314646,             277P   4709
0.230970952455885,0.0121051699398504,0.06787827480381,               277P   4710
0.234701934131457,0.0630378879025362,0.0385217925688604,             277P   4711
0.224340382103238,0.0630388898297543,0.0385224048339287,             277P   4712
0.22807136377881,0.0594214475968938,0.0363118238024065,              277P   4713
0.235524168093576,0.0472049425825767,0.0288464456353435,             277P   4714
0.238284329744536,0.0382481137707816,0.0233730214220695,             277P   4715
0.231191269333407,0.037293268843945,0.022789525696677,               277P   4716
0.222317058801028,0.0406431185695894,0.0248365837640711,             277P   4717
0.215420393208463,0.0482346411668072,0.02947568363845,               277P   4718
0.210630415900896,0.0594154360335856,0.0363081502119967,             277P   4719
0.213138278040143,0.0630368859753182,0.0385211803037922,             277P   4720
0.220609400427666,0.0630378879025362,0.0385217925688604,             277P   4721
0.224340382103238,0.0659254225385583,-0.0201950520575978,            277P   4722
0.213978830075019,0.0659264955951638,-0.0201953645988501,            277P   4723
0.217709811750592,0.0621433405250949,-0.0190364710611383,            277P   4724
0.225162616065356,0.0493672361207048,-0.0151227481385295,            277P   4725
0.227922777716317,0.0400002089885802,-0.0122532780186388,            277P   4726
0.220829717305188,0.0390016115878874,-0.0119473852076395,            277P   4727
0.211955506772809,0.0425047728535656,-0.0130205999314566,            277P   4728
0.205058841180244,0.0504442067226345,-0.015452590986306,             277P   4729
0.200268863872677,0.0621369021854616,-0.0190345958136247,            277P   4730
0.202776726011925,0.0659243494819528,-0.0201947395163455,            277P   4731
0.210247848399448,0.0659254225385583,-0.0201950520575978,            277P   4732
0.213978830075019,0.0379112790115839,-0.0528499732962187,            277P   4733
0.205689588452445,0.037911886097461,-0.0528508275617462,             277P   4734
0.209420570128017,0.0357363375288263,-0.0498180146601439,            277P   4735
0.216873374442782,0.0283892735002323,-0.039575885658692,             277P   4736
0.219633536093742,0.0230026095378441,-0.032066667215891,             277P   4737
0.212540475682613,0.0224283587540038,-0.0312661320418022,            277P   4738
0.203666265150234,0.0244429501627883,-0.0340745182674125,            277P   4739
0.196769599557669,0.0290085578885979,-0.0404392282758311,            277P   4740
0.191979622250102,0.035732695013564,-0.0498128890669788,             277P   4741
0.194487484389349,0.0379106719257068,-0.0528491190306912,            277P   4742
0.201958606776873,0.0379112790115839,-0.0528499732962187,            277P   4743
0.205689588452445,0.00816891549593762,-0.0646870879228919,           277P   4744
0.199472657235513,0.00816904900906951,-0.0646881288443835,           277P   4745
0.203203638911085,0.00770027249222867,-0.0609760413227169,           277P   4746
0.21065644322585,0.00611716658365608,-0.0484399244906461,            277P   4747
0.213416604876811,0.00495648632284157,-0.0392488078471895,           277P   4748
0.206323544465682,0.00483274834276716,-0.0382689748669142,           277P   4749
0.197449333933304,0.00526682728736655,-0.0417063962444141,           277P   4750
0.190552668340738,0.00625061787692287,-0.0494966154305201,           277P   4751
0.185762691033171,0.00769947141343736,-0.060969795793767,            277P   4752
0.188270553172418,0.00816878198280576,-0.0646860470014002,           277P   4753
0.195741675559941,0.00816891549593762,-0.0646870879228919,           277P   4754
0.199472657235513,-0.0238409560015592,-0.0606420036785308,           277P   4755
0.193255726018582,-0.02384134109169,-0.0606429813067315,             277P   4756
0.196986707694154,-0.022473220200064,-0.0571630213426574,            277P   4757
0.20443951200892,-0.0178529313300583,-0.0454108263464634,            277P   4758
0.20719967365988,-0.014465474686357,-0.0367944645212214,             277P   4759
0.200106613248751,-0.0141043483825301,-0.0358759025008091,           277P   4760
0.191232402716372,-0.0153712305508881,-0.0390983617917922,           277P   4761
0.184335737123806,-0.0182423894800819,-0.0464014466301964,           277P   4762
0.179545759816239,-0.0224709096592789,-0.0571571555734524,           277P   4763
0.182053621955487,-0.0238405709114283,-0.0606410260503299,           277P   4764
0.18952474434301,-0.0238409560015592,-0.0606420036785308,            277P   4765
0.193255726018582,-0.049898402572327,-0.0418936013543441,            277P   4766
0.187038794801651,-0.049899205968032,-0.041894276041776,             277P   4767
0.190769776477223,-0.0470357712980318,-0.0394901991937479,           277P   4768
0.198222580791988,-0.0373656465260373,-0.0313713750741841,           277P   4769
0.200982742442949,-0.0302757935157335,-0.0254188909781097,           277P   4770
0.193889682031819,-0.0295199685315996,-0.0247843168445359,           277P   4771
0.185015471499441,-0.0321715283490338,-0.0270105072338701,           277P   4772
0.178118805906875,-0.0381807599072899,-0.0320557270681526,           277P   4773
0.173328828599309,-0.0470309509238019,-0.0394861510691567,           277P   4774
0.175836690738556,-0.0498975991766219,-0.0418929266669123,           277P   4775
0.183307813126079,-0.049898402572327,-0.0418936013543441,            277P   4776
0.187038794801651,-0.0638819220551567,-0.0129072460993301,           277P   4777
0.18082186358472,-0.0638829515944965,-0.0129074541083257,            277P   4778
0.184552845260291,-0.0602170680621123,-0.0121667678675066,           277P   4779
0.192005649575057,-0.0478369889995508,-0.00966539154807222,          277P   4780
0.194765811226017,-0.0387602800573644,-0.00783145615698524,          277P   4781
0.187672750814888,-0.0377926422380268,-0.00763594639807793,          277P   4782
0.178798540282509,-0.0411872694447533,-0.00832182575190986,          277P   4783
0.171901874689944,-0.0488805337835931,-0.00987623816649437,          277P   4784
0.167111897382377,-0.0602108908260732,-0.0121655198135328,           277P   4785
0.169619759521624,-0.0638808925158169,-0.0129070380903344,           277P   4786
0.177090881909148,-0.0638819220551567,-0.0129072460993301,           277P   4787
0.18082186358472,-0.0622569034474095,0.0192041963660636,             277P   4788
0.174604932367788,-0.0622579062106466,0.019204505641832,             277P   4789
0.17833591404336,-0.058685275122777,0.0181024670892012,              277P   4790
0.185788718358125,-0.0466201187676638,0.014380765264194,             277P   4791
0.188548880009086,-0.0377742998777438,0.0116521224584343,            277P   4792
0.181455819597957,-0.0368312770197644,0.0113612311101794,            277P   4793
0.172581609065579,-0.0401395553046908,0.0123817258113815,            277P   4794
0.165684943473013,-0.0476371155696197,0.0146944749718214,            277P   4795
0.160894966165446,-0.0586792585433543,0.0181006114345908,            277P   4796
0.163402828304693,-0.0622559006841724,0.0192038870902952,            277P   4797
0.170873950692216,-0.0622569034474095,0.0192041963660636,            277P   4798
0.174604932367788,-0.0455123788616745,0.0466497200781688,            277P   4799
0.168388001150857,-0.0455131124694953,0.0466504720343759,            277P   4800
0.172118982826429,-0.0429013707105325,0.0439734635954968,            277P   4801
0.179571787141194,-0.0340812408160858,0.034932921195995,             277P   4802
0.182331948792155,-0.0276145820369303,0.028304662530346,             277P   4803
0.175238888381026,-0.0269251928962886,0.0275980457449225,            277P   4804
0.166364677848647,-0.0293436786763507,0.0300769687040203,            277P   4805
0.159468012256082,-0.0348247099433393,0.0356949694679057,            277P   4806
0.154678034948515,-0.0428969690636077,0.0439689518582543,            277P   4807
0.157185897087762,-0.0455116452538537,0.0466489681219616,            277P   4808
0.164657019475286,-0.0455123788616745,0.0466497200781688,            277P   4809
0.168388001150857,-0.0176248848625694,0.0627237713748667,            277P   4810
0.162171069933926,-0.0176251682327028,0.0627247811381909,            277P   4811
0.165902051609498,-0.0166137591498172,0.05912535892207,              277P   4812
0.173354855924263,-0.013198122133173,0.0469697254237774,             277P   4813
0.176115017575224,-0.0106938754834072,0.0380575695817776,            277P   4814
0.169021957164095,-0.0104269066808287,0.0371074752429258,            277P   4815
0.160147746631716,-0.0113634805898199,0.0404405652227429,            277P   4816
0.15325108103915,-0.0134860310667733,0.0479943465718848,             277P   4817
0.148461103731584,-0.0166120589290166,0.0591193003421249,            277P   4818
0.150968965870831,-0.017624601492436,0.0627227616115426,             277P   4819
0.158440088258354,-0.0176248848625694,0.0627237713748667,            277P   4820
0.162171069933926,0.0144552032516605,0.0635333996027152,             277P   4821
0.155954138716995,0.0144554350381235,0.0635344247938319,             277P   4822
0.159685120392567,0.0136259193181323,0.0598885407721271,             277P   4823
0.167137924707332,0.0108245549370315,0.0475760037606214,             277P   4824
0.169898086358293,0.00877067317456072,0.0385488189638072,            277P   4825
0.162805025947164,0.00855171673756464,0.0375864595838164,            277P   4826
0.153930815414785,0.00931985928230799,0.0409625599481198,            277P   4827
0.14703414982222,0.0110606833678758,0.0486138605410091,              277P   4828
0.142244172514652,0.0136245285993546,0.0598823896254272,             277P   4829
0.1447520346539,0.0144549714651976,0.0635323744115985,               277P   4830
0.152223157041423,0.0144552032516605,0.0635333996027152,             277P   4831
0.155954138716995,0.0432034005659654,0.0488479692917966,             277P   4832
0.149737207500063,0.0432040987425268,0.0488487531388936,             277P   4833
0.153468189175635,0.0407248576246484,0.0460455990508933,             277P   4834
0.160920993490401,0.0323521987141106,0.0365790449739714,             277P   4835
0.163681155141361,0.0262136185098722,0.029638435106067,              277P   4836
0.156588094730232,0.0255592031013739,0.0288985228444824,             277P   4837
0.147713884197853,0.0278549825038197,0.0314942773787222,             277P   4838
0.140817218605288,0.0330579568981834,0.0373769880446165,             277P   4839
0.136027241297721,0.0407206685652804,0.0460408959683113,             277P   4840
0.138535103436968,0.0432027023894041,0.0488471854446996,             277P   4841
0.146006225824491,0.0432034005659654,0.0488479692917966,             277P   4842
0.149737207500063,0.0610684348697353,0.0223056734972488,             277P   4843
0.143520276283132,0.061069414912803,0.0223060392291163,              277P   4844
0.147251257958704,0.0575649860196743,0.0210260186299539,             277P   4845
0.154704062273469,0.0457301513147345,0.0167032605090733,             277P   4846
0.15746422392443,0.0370531853654318,0.0135339629103816,              277P   4847
0.150371163513301,0.0361281666354166,0.0131960888717009,             277P   4848
0.141496952980922,0.0393733095504425,0.0143813591869701,             277P   4849
0.134600287388357,0.0467277189755418,0.0170676614816859,             277P   4850
0.12981031008079,0.0575591057612678,0.0210238242387485,              277P   4851
0.132318172220037,0.0610674548266676,0.0223053077653812,             277P   4852
0.13978929460756,0.0610684348697353,0.0223056734972488,              277P   4853
0.143520276283132,0.0659019110267758,-0.0204430555294083,            277P   4854
0.135231034660558,0.065902979478145,-0.0204434064085531,             277P   4855
0.138962016336129,0.0621211754764996,-0.0192702660582304,            277P   4856
0.146414820650895,0.0493496285313054,-0.0153084727322898,            277P   4857
0.149174982301855,0.0399859284525351,-0.0124038753408526,            277P   4858
0.142081921890726,0.0389876896204251,-0.0120942061809843,            277P   4859
0.133207711358348,0.0424896237471021,-0.0131804188613443,            277P   4860
0.126311045765782,0.0504261974248607,-0.0156425101443735,            277P   4861
0.121521068458215,0.0621147647682844,-0.0192681607833618,            277P   4862
0.124028930597462,0.0659008425754066,-0.0204427046502636,            277P   4863
0.131500052984985,0.0659019110267758,-0.0204430555294083,            277P   4864
0.135231034660558,0.0303558101700178,-0.0673219826668065,            277P   4865
0.124869482632338,0.0303562956430672,-0.0673230325859201,            277P   4866
0.12860046430791,0.028614319885353,-0.0634597555024799,              277P   4867
0.136053268622676,0.0227314775998006,-0.0504130139044805,            277P   4868
0.138813430273637,0.0184183383669497,-0.0408474086730379,            277P   4869
0.131720369862507,0.0179585323512413,-0.0398276834513528,            277P   4870
0.122846159330128,0.019571632214513,-0.043405296861135,              277P   4871
0.115949493737563,0.0232273400717553,-0.0515126075847396,            277P   4872
0.111159516429996,0.0286114070470569,-0.0634534559877983,            277P   4873
0.113667378569244,0.0303553246969685,-0.0673209327476929,            277P   4874
0.121138500956767,0.0303558101700178,-0.0673219826668065,            277P   4875
0.124869482632338,-0.0282362589913194,-0.0629442645371217,           277P   4876
0.11450793060412,-0.0282367094948587,-0.0629453209089059,            277P   4877
0.118238912279692,-0.026616365181646,-0.0593332267467503,            277P   4878
0.125691716594457,-0.0211442842314279,-0.0471348521468826,           277P   4879
0.128451878245418,-0.0171323003490072,-0.0381915058896177,           277P   4880
0.121358817834289,-0.0167046002501241,-0.0372380468921133,           277P   4881
0.11248460730191,-0.0182050733563398,-0.0405826270978902,            277P   4882
0.105587941709345,-0.0216055193396293,-0.0481632548251878,           277P   4883
0.100797964401778,-0.0266136621604105,-0.0593268885160458,           277P   4884
0.103305826541025,-0.0282358084877802,-0.0629432081653376,           277P   4885
0.110776948928548,-0.0282362589913194,-0.0629442645371217,           277P   4886
0.11450793060412,-0.057161331587716,-0.0310396610414157,             277P   4887
0.106218688981545,-0.0571622515291849,-0.0310401086043861,           277P   4888
0.109949670657117,-0.0538820316897157,-0.0292589113118495,           277P   4889
0.117402474971882,-0.0428043783903867,-0.0232435530274424,           277P   4890
0.120162636622843,-0.0346825652488609,-0.0188330909310137,           277P   4891
0.113069576211714,-0.0338167268842259,-0.0183629545979633,           277P   4892
0.104195365679335,-0.036854234801592,-0.0200126511787188,            277P   4893
0.0972987000867696,-0.043738133425661,-0.0237503823840559,           277P   4894
0.0925087227792022,-0.0538765120409022,-0.0292562259340266,          277P   4895
0.0950165849184502,-0.0571604116462471,-0.0310392134784452,          277P   4896
0.102487707305973,-0.057161331587716,-0.0310396610414157,            277P   4897
0.106218688981545,-0.0625117086633097,-0.0103906947506396,           277P   4898
0.102074068170258,-0.062512709812959,-0.0103909638216397,            277P   4899
0.10580504984583,-0.0589254591584186,-0.00979464608722774,           277P   4900
0.113257854160595,-0.0468109238740653,-0.00778094364633548,          277P   4901
0.116018015811556,-0.0379288823988903,-0.00630490119375262,          277P   4902
0.108924955400426,-0.0369820032260162,-0.00614745186163263,          277P   4903
0.100050744868048,-0.0403038517307442,-0.00669906918616618,          277P   4904
0.0931540792754822,-0.047832059184504,-0.00795110511035486,          277P   4905
0.0883641019679151,-0.0589194522605229,-0.00979303166122727,         277P   4906
0.0908719641071628,-0.0625107075136604,-0.0103904256796395,          277P   4907
0.0983430864946856,-0.0625117086633097,-0.0103906947506396,          277P   4908
0.102074068170258,-0.0625117086633099,-1.34767339335586D-15,         277P   4909
0.100001757764614,-0.0625127098129592,-1.34769497687635D-15,         277P   4910
0.103732739440186,-0.0589254591584188,-1.27035838880673D-15,         277P   4911
0.111185543754951,-0.0468109238740654,-1.00918432678375D-15,         277P   4912
0.113945705405912,-0.0379288823988905,-8.17698743830841D-16,         277P   4913
0.106852644994783,-0.0369820032260164,-7.97285226182838D-16,         277P   4914
0.097978434462404,-0.0403038517307444,-8.68900079500846D-16,         277P   4915
0.0910817688698385,-0.0478320591845042,-1.03119871286151D-15,        277P   4916
0.0862917915622713,-0.0589194522605231,-1.27022888768376D-15,        277P   4917
0.088799653701519,-0.0625107075136607,-1.34765180983536D-15,         277P   4918
0.0962707760890418,-0.0625117086633099,-1.34767339335586D-15,        277P   4919
0.100001757764614,-3.14159265358982,3.1415926535898,0.,              277P   4920
188.495559215388;                                                    277P   4921
128,1,1,1,1,0,0,1,0,0,-0.0327499999999991,-0.0327499999999991,       279P   4922
0.0327500000000009,0.0327500000000009,-0.03275,-0.03275,0.03275,     279P   4923
0.03275,1.,1.,1.,1.,-0.0628937007874016,-1.35590866052609D-15,       279P   4924
0.0871062992125982,-0.0628937007874016,-1.35590866052609D-15,        279P   4925
0.112893700787401,-0.0371062992125984,-7.99964890482526D-16,         279P   4926
0.0871062992125982,-0.0371062992125984,-7.99964890482526D-16,        279P   4927
0.112893700787401,-0.0327499999999991,0.0327500000000009,            279P   4928
-0.03275,0.03275;                                                    279P   4929
128,1,1,1,1,0,0,1,0,0,-0.0327499999999988,-0.0327499999999988,       281P   4930
0.0327500000000006,0.0327500000000006,-0.03275,-0.03275,0.03275,     281P   4931
0.03275,1.,1.,1.,1.,-0.0628937007874016,0.,2.4628937007874,          281P   4932
-0.0628937007874016,0.,2.4371062992126,-0.0371062992125984,0.,       281P   4933
2.4628937007874,-0.0371062992125984,0.,2.4371062992126,              281P   4934
-0.0327499999999988,0.0327500000000006,-0.03275,0.03275;             281P   4935
128,1,1,1,1,0,0,1,0,0,-0.001,-0.001,0.255000008106232,               283P   4936
0.255000008106232,-0.001,-0.001,0.128,0.128,1.,1.,1.,1.,             283P   4937
-0.149606303999743,0.600000019148579,0.000393700787401575,           283P   4938
-0.250393708765976,0.600000019148579,0.000393700787401575,           283P   4939
-0.149606303999743,0.600000019148579,-0.0503937007874016,            283P   4940
-0.250393708765976,0.600000019148579,-0.0503937007874016,-0.001,     283P   4941
0.255000008106232,-0.001,0.128;                                      283P   4942
128,1,1,1,1,0,0,1,0,0,-0.001,-0.001,0.382000012159348,               285P   4943
0.382000012159348,-0.001,-0.001,0.128,0.128,1.,1.,1.,1.,             285P   4944
-0.150000004787145,0.750393724723125,0.000393700787401575,           285P   4945
-0.150000004787145,0.599606318361177,0.000393700787401575,           285P   4946
-0.150000004787145,0.750393724723125,-0.0503937007874016,            285P   4947
-0.150000004787145,0.599606318361177,-0.0503937007874016,-0.001,     285P   4948
0.382000012159348,-0.001,0.128;                                      285P   4949
128,1,1,1,1,0,0,1,0,0,-0.001,-0.001,0.255000008106232,               287P   4950
0.255000008106232,-0.001,-0.001,0.128,0.128,1.,1.,1.,1.,             287P   4951
-0.250393708765976,0.750000023935723,0.000393700787401575,           287P   4952
-0.149606303999743,0.750000023935723,0.000393700787401575,           287P   4953
-0.250393708765976,0.750000023935723,-0.0503937007874016,            287P   4954
-0.149606303999743,0.750000023935723,-0.0503937007874016,-0.001,     287P   4955
0.255000008106232,-0.001,0.128;                                      287P   4956
128,1,1,1,1,0,0,1,0,0,-0.001,-0.001,0.382000012159348,               289P   4957
0.382000012159348,-0.001,-0.001,0.128,0.128,1.,1.,1.,1.,             289P   4958
-0.250000007978574,0.599606318361177,0.000393700787401575,           289P   4959
-0.250000007978574,0.750393724723125,0.000393700787401575,           289P   4960
-0.250000007978574,0.599606318361177,-0.0503937007874016,            289P   4961
-0.250000007978574,0.750393724723125,-0.0503937007874016,-0.001,     289P   4962
0.382000012159348,-0.001,0.128;                                      289P   4963
128,1,1,1,1,0,0,1,0,0,-0.128000004053116,-0.128000004053116,         291P   4964
0.128000004053116,0.128000004053116,-0.191500006079674,              291P   4965
-0.191500006079674,0.191500006079674,0.191500006079674,1.,1.,1.,     291P   4966
1.,-0.149606303999743,0.599606318361177,-0.05,                       291P   4967
-0.250393708765976,0.599606318361177,-0.05,-0.149606303999743,       291P   4968
0.750393724723125,-0.05,-0.250393708765976,0.750393724723125,        291P   4969
-0.05,-0.128000004053116,0.128000004053116,-0.191500006079674,       291P   4970
0.191500006079674;                                                   291P   4971
128,1,1,1,1,0,0,1,0,0,-0.128000004053116,-0.128000004053116,         293P   4972
0.128000004053116,0.128000004053116,-0.191500006079674,              293P   4973
-0.191500006079674,0.191500006079674,0.191500006079674,1.,1.,1.,     293P   4974
1.,-0.149606303999743,0.750393724723125,0.,-0.250393708765976,       293P   4975
0.750393724723125,0.,-0.149606303999743,0.599606318361177,0.,        293P   4976
-0.250393708765976,0.599606318361177,0.,-0.128000004053116,          293P   4977
0.128000004053116,-0.191500006079674,0.191500006079674;              293P   4978
128,1,1,1,1,0,0,1,0,0,-0.001,-0.001,0.382000012159348,               295P   4979
0.382000012159348,-0.001,-0.001,0.128,0.128,1.,1.,1.,1.,             295P   4980
0.250000007978574,0.750393724723125,0.000393700787401575,            295P   4981
0.250000007978574,0.599606318361177,0.000393700787401575,            295P   4982
0.250000007978574,0.750393724723125,-0.0503937007874016,             295P   4983
0.250000007978574,0.599606318361177,-0.0503937007874016,-0.001,      295P   4984
0.382000012159348,-0.001,0.128;                                      295P   4985
128,1,1,1,1,0,0,1,0,0,-0.001,-0.001,0.255000008106232,               297P   4986
0.255000008106232,-0.001,-0.001,0.128,0.128,1.,1.,1.,1.,             297P   4987
0.149606303999743,0.750000023935723,0.000393700787401575,            297P   4988
0.250393708765976,0.750000023935723,0.000393700787401575,            297P   4989
0.149606303999743,0.750000023935723,-0.0503937007874016,             297P   4990
0.250393708765976,0.750000023935723,-0.0503937007874016,-0.001,      297P   4991
0.255000008106232,-0.001,0.128;                                      297P   4992
128,1,1,1,1,0,0,1,0,0,-0.001,-0.001,0.382000012159348,               299P   4993
0.382000012159348,-0.001,-0.001,0.128,0.128,1.,1.,1.,1.,             299P   4994
0.150000004787145,0.599606318361177,0.000393700787401575,            299P   4995
0.150000004787145,0.750393724723125,0.000393700787401575,            299P   4996
0.150000004787145,0.599606318361177,-0.0503937007874016,             299P   4997
0.150000004787145,0.750393724723125,-0.0503937007874016,-0.001,      299P   4998
0.382000012159348,-0.001,0.128;                                      299P   4999
128,1,1,1,1,0,0,1,0,0,-0.001,-0.001,0.255000008106232,               301P   5000
0.255000008106232,-0.001,-0.001,0.128,0.128,1.,1.,1.,1.,             301P   5001
0.250393708765976,0.600000019148579,0.000393700787401575,            301P   5002
0.149606303999743,0.600000019148579,0.000393700787401575,            301P   5003
0.250393708765976,0.600000019148579,-0.0503937007874016,             301P   5004
0.149606303999743,0.600000019148579,-0.0503937007874016,-0.001,      301P   5005
0.255000008106232,-0.001,0.128;                                      301P   5006
128,1,1,1,1,0,0,1,0,0,-0.128000004053116,-0.128000004053116,         303P   5007
0.128000004053116,0.128000004053116,-0.191500006079674,              303P   5008
-0.191500006079674,0.191500006079674,0.191500006079674,1.,1.,1.,     303P   5009
1.,0.250393708765976,0.599606318361177,-0.05,0.149606303999743,      303P   5010
0.599606318361177,-0.05,0.250393708765976,0.750393724723125,         303P   5011
-0.05,0.149606303999743,0.750393724723125,-0.05,                     303P   5012
-0.128000004053116,0.128000004053116,-0.191500006079674,             303P   5013
0.191500006079674;                                                   303P   5014
128,1,1,1,1,0,0,1,0,0,-0.128000004053116,-0.128000004053116,         305P   5015
0.128000004053116,0.128000004053116,-0.191500006079674,              305P   5016
-0.191500006079674,0.191500006079674,0.191500006079674,1.,1.,1.,     305P   5017
1.,0.250393708765976,0.750393724723125,0.,0.149606303999743,         305P   5018
0.750393724723125,0.,0.250393708765976,0.599606318361177,0.,         305P   5019
0.149606303999743,0.599606318361177,0.,-0.128000004053116,           305P   5020
0.128000004053116,-0.191500006079674,0.191500006079674;              305P   5021
502,13,-0.0500000015957149,6.12323419115548D-18,-0.06,               307P   5022
-0.0500000015957149,6.12323419115548D-18,-0.05,                      307P   5023
-0.120000004787145,-1.46957621760244D-17,-0.05,                      307P   5024
0.120000004787145,0.,-0.05,0.150000004787145,0.,-0.02,               307P   5025
-0.150000004787145,1.83697025734664D-17,-0.02,                       307P   5026
-0.150000004787145,1.83697025734664D-17,0.,0.0671629920124415,       307P   5027
8.22509431891958D-18,1.25,0.0671629920124415,                        307P   5028
8.22509431891958D-18,0.0499999999999999,-0.900000031914298,          307P   5029
1.10218215831636D-16,1.25,-1.0000000319143,1.2246468382311D-16,      307P   5030
0.1,-0.900000031914298,-1.10218215831636D-16,0.,                     307P   5031
-1.0000000319143,-1.2246468382311D-16,1.15;                          307P   5032
502,2,0.0500000015957149,6.12323419115548D-18,                       309P   5033
0.0499999999999999,0.0500000015957149,6.12323419115548D-18,2.45;     309P   5034
502,2,-0.0625,0.,2.45,-0.0625,-1.34742096938038D-15,                 311P   5035
0.0999999999999998;                                                  311P   5036
502,8,-0.150000004787145,0.600000019148579,0.,                       313P   5037
-0.250000007978574,0.600000019148579,0.,-0.250000007978574,          313P   5038
0.600000019148579,-0.05,-0.150000004787145,0.600000019148579,        313P   5039
-0.05,-0.150000004787145,0.750000023935723,0.,                       313P   5040
-0.150000004787145,0.750000023935723,-0.05,-0.250000007978574,       313P   5041
0.750000023935723,0.,-0.250000007978574,0.750000023935723,-0.05;     313P   5042
502,8,0.250000007978574,0.600000019148579,0.,0.250000007978574,      315P   5043
0.750000023935723,0.,0.250000007978574,0.600000019148579,-0.05,      315P   5044
0.250000007978574,0.750000023935723,-0.05,0.150000004787145,         315P   5045
0.750000023935723,0.,0.150000004787145,0.750000023935723,-0.05,      315P   5046
0.150000004787145,0.600000019148579,0.,0.150000004787145,            315P   5047
0.600000019148579,-0.05;                                             315P   5048
504,20,147,307,1,307,1,149,307,1,307,2,151,307,2,307,2,153,307,      317P   5049
3,307,4,155,307,4,307,5,157,307,5,307,6,159,307,6,307,5,161,307,     317P   5050
4,307,3,163,307,6,307,7,165,307,7,307,7,167,307,8,307,8,169,307,     317P   5051
8,307,9,171,307,9,307,9,173,307,10,307,10,175,307,11,307,11,177,     317P   5052
307,11,307,12,179,307,12,307,12,181,307,13,307,13,183,307,13,        317P   5053
307,11,185,307,10,307,13;                                            317P   5054
504,3,187,309,1,309,1,189,309,2,309,2,191,309,2,309,1;               319P   5055
504,3,193,311,1,311,1,195,311,1,311,2,197,311,2,311,2;               321P   5056
504,12,199,313,1,313,2,201,313,2,313,3,203,313,4,313,3,205,313,      323P   5057
1,313,4,207,313,5,313,1,209,313,6,313,4,211,313,5,313,6,213,313,     323P   5058
7,313,5,215,313,8,313,6,217,313,7,313,8,219,313,2,313,7,221,313,     323P   5059
3,313,8;                                                             323P   5060
504,12,223,315,1,315,2,225,315,1,315,3,227,315,4,315,3,229,315,      325P   5061
2,315,4,231,315,2,315,5,233,315,6,315,4,235,315,5,315,6,237,315,     325P   5062
5,315,7,239,315,8,315,6,241,315,7,315,8,243,315,7,315,1,245,315,     325P   5063
3,315,8;                                                             325P   5064
406,1,5HBody1;                                                       327P   5065
406,1,5HBody2;                                                       329P   5066
406,1,5HBody3;                                                       331P   5067
406,1,5HBody5;                                                       333P   5068
406,1,5HBody6;                                                       335P   5069
314,62.7450980392157,62.7450980392157,62.7450980392157,13HSteel      337P   5070
- Satin;                                                             337P   5071
S      1G      3D    338P   5071                                        T      1
