                                                                        S      1
,,9H(Unsaved),11HCircleStack,7Hunknown,7Hunknown,32,38,7,99,15,,1.,1,4HIG      1
NCH,1,0.08,15H20250813.104609,0.000393700787401575,10000.,7Hunknown,7HunG      2
known,11,0,;                                                            G      3
     186       1                                                00000000D      1
     186           -2391       1       0                               0D      2
     514       2                                                00010000D      3
     514                      19       1                               0D      4
     510      21                                                00010000D      5
     510           -2391       1       1                               0D      6
     510      22                                                00010000D      7
     510           -2391       1       1                               0D      8
     510      23                                                00010000D      9
     510           -2391       1       1                               0D     10
     510      24                                                00010000D     11
     510           -2391       1       1                               0D     12
     510      25                                                00010000D     13
     510           -2391       1       1                               0D     14
     510      26                                                00010000D     15
     510           -2391       1       1                               0D     16
     510      27                                                00010000D     17
     510           -2391       1       1                               0D     18
     510      28                                                00010000D     19
     510           -2391       1       1                               0D     20
     510      29                                                00010000D     21
     510           -2391       1       1                               0D     22
     510      30                                                00010000D     23
     510           -2391       1       1                               0D     24
     510      31                                                00010000D     25
     510           -2391       1       1                               0D     26
     510      32                                                00010000D     27
     510           -2391       1       1                               0D     28
     510      33                                                00010000D     29
     510           -2391       1       1                               0D     30
     510      34                                                00010000D     31
     510           -2391       1       1                               0D     32
     510      35                                                00010000D     33
     510           -2391       1       1                               0D     34
     510      36                                                00010000D     35
     510           -2391       1       1                               0D     36
     510      37                                                00010000D     37
     510           -2391       1       1                               0D     38
     510      38                                                00010000D     39
     510           -2391       1       1                               0D     40
     510      39                                                00010000D     41
     510           -2391       1       1                               0D     42
     510      40                                                00010000D     43
     510           -2391       1       1                               0D     44
     510      41                                                00010000D     45
     510           -2391       1       1                               0D     46
     510      42                                                00010000D     47
     510           -2391       1       1                               0D     48
     510      43                                                00010000D     49
     510           -2391       1       1                               0D     50
     510      44                                                00010000D     51
     510           -2391       1       1                               0D     52
     510      45                                                00010000D     53
     510           -2391       1       1                               0D     54
     510      46                                                00010000D     55
     510           -2391       1       1                               0D     56
     510      47                                                00010000D     57
     510           -2391       1       1                               0D     58
     510      48                                                00010000D     59
     510           -2391       1       1                               0D     60
     510      49                                                00010000D     61
     510           -2391       1       1                               0D     62
     510      50                                                00010000D     63
     510           -2391       1       1                               0D     64
     510      51                                                00010000D     65
     510           -2391       1       1                               0D     66
     510      52                                                00010000D     67
     510           -2391       1       1                               0D     68
     510      53                                                00010000D     69
     510           -2391       1       1                               0D     70
     510      54                                                00010000D     71
     510           -2391       1       1                               0D     72
     510      55                                                00010000D     73
     510           -2391       1       1                               0D     74
     510      56                                                00010000D     75
     510           -2391       1       1                               0D     76
     510      57                                                00010000D     77
     510           -2391       1       1                               0D     78
     510      58                                                00010000D     79
     510           -2391       1       1                               0D     80
     510      59                                                00010000D     81
     510           -2391       1       1                               0D     82
     510      60                                                00010000D     83
     510           -2391       1       1                               0D     84
     510      61                                                00010000D     85
     510           -2391       1       1                               0D     86
     510      62                                                00010000D     87
     510           -2391       1       1                               0D     88
     510      63                                                00010000D     89
     510           -2391       1       1                               0D     90
     510      64                                                00010000D     91
     510           -2391       1       1                               0D     92
     510      65                                                00010000D     93
     510           -2391       1       1                               0D     94
     510      66                                                00010000D     95
     510           -2391       1       1                               0D     96
     510      67                                                00010000D     97
     510           -2391       1       1                               0D     98
     510      68                                                00010000D     99
     510           -2391       1       1                               0D    100
     510      69                                                00010000D    101
     510           -2391       1       1                               0D    102
     510      70                                                00010000D    103
     510           -2391       1       1                               0D    104
     510      71                                                00010000D    105
     510           -2391       1       1                               0D    106
     510      72                                                00010000D    107
     510           -2391       1       1                               0D    108
     510      73                                                00010000D    109
     510           -2391       1       1                               0D    110
     510      74                                                00010000D    111
     510           -2391       1       1                               0D    112
     510      75                                                00010000D    113
     510           -2391       1       1                               0D    114
     510      76                                                00010000D    115
     510           -2391       1       1                               0D    116
     510      77                                                00010000D    117
     510           -2391       1       1                               0D    118
     510      78                                                00010000D    119
     510           -2391       1       1                               0D    120
     510      79                                                00010000D    121
     510           -2391       1       1                               0D    122
     510      80                                                00010000D    123
     510           -2391       1       1                               0D    124
     510      81                                                00010000D    125
     510           -2391       1       1                               0D    126
     510      82                                                00010000D    127
     510           -2391       1       1                               0D    128
     510      83                                                00010000D    129
     510           -2391       1       1                               0D    130
     510      84                                                00010000D    131
     510           -2391       1       1                               0D    132
     510      85                                                00010000D    133
     510           -2391       1       1                               0D    134
     510      86                                                00010000D    135
     510           -2391       1       1                               0D    136
     510      87                                                00010000D    137
     510           -2391       1       1                               0D    138
     510      88                                                00010000D    139
     510           -2391       1       1                               0D    140
     510      89                                                00010000D    141
     510           -2391       1       1                               0D    142
     510      90                                                00010000D    143
     510           -2391       1       1                               0D    144
     510      91                                                00010000D    145
     510           -2391       1       1                               0D    146
     510      92                                                00010000D    147
     510           -2391       1       1                               0D    148
     510      93                                                00010000D    149
     510           -2391       1       1                               0D    150
     510      94                                                00010000D    151
     510           -2391       1       1                               0D    152
     510      95                                                00010000D    153
     510           -2391       1       1                               0D    154
     510      96                                                00010000D    155
     510           -2391       1       1                               0D    156
     510      97                                                00010000D    157
     510           -2391       1       1                               0D    158
     510      98                                                00010000D    159
     510           -2391       1       1                               0D    160
     510      99                                                00010000D    161
     510           -2391       1       1                               0D    162
     510     100                                                00010000D    163
     510           -2391       1       1                               0D    164
     510     101                                                00010000D    165
     510           -2391       1       1                               0D    166
     510     102                                                00010000D    167
     510           -2391       1       1                               0D    168
     510     103                                                00010000D    169
     510           -2391       1       1                               0D    170
     510     104                                                00010000D    171
     510           -2391       1       1                               0D    172
     510     105                                                00010000D    173
     510           -2391       1       1                               0D    174
     510     106                                                00010000D    175
     510           -2391       1       1                               0D    176
     510     107                                                00010000D    177
     510           -2391       1       1                               0D    178
     510     108                                                00010000D    179
     510           -2391       1       1                               0D    180
     510     109                                                00010000D    181
     510           -2391       1       1                               0D    182
     510     110                                                00010000D    183
     510           -2391       1       1                               0D    184
     510     111                                                00010000D    185
     510           -2391       1       1                               0D    186
     510     112                                                00010000D    187
     510           -2391       1       1                               0D    188
     510     113                                                00010000D    189
     510           -2391       1       1                               0D    190
     510     114                                                00010000D    191
     510           -2391       1       1                               0D    192
     510     115                                                00010000D    193
     510           -2391       1       1                               0D    194
     510     116                                                00010000D    195
     510           -2391       1       1                               0D    196
     510     117                                                00010000D    197
     510           -2391       1       1                               0D    198
     510     118                                                00010000D    199
     510           -2391       1       1                               0D    200
     510     119                                                00010000D    201
     510           -2391       1       1                               0D    202
     510     120                                                00010000D    203
     510           -2391       1       1                               0D    204
     510     121                                                00010000D    205
     510           -2391       1       1                               0D    206
     510     122                                                00010000D    207
     510           -2391       1       1                               0D    208
     510     123                                                00010000D    209
     510           -2391       1       1                               0D    210
     510     124                                                00010000D    211
     510           -2391       1       1                               0D    212
     510     125                                                00010000D    213
     510           -2391       1       1                               0D    214
     510     126                                                00010000D    215
     510           -2391       1       1                               0D    216
     510     127                                                00010000D    217
     510           -2391       1       1                               0D    218
     510     128                                                00010000D    219
     510           -2391       1       1                               0D    220
     510     129                                                00010000D    221
     510           -2391       1       1                               0D    222
     510     130                                                00010000D    223
     510           -2391       1       1                               0D    224
     510     131                                                00010000D    225
     510           -2391       1       1                               0D    226
     510     132                                                00010000D    227
     510           -2391       1       1                               0D    228
     510     133                                                00010000D    229
     510           -2391       1       1                               0D    230
     510     134                                                00010000D    231
     510           -2391       1       1                               0D    232
     510     135                                                00010000D    233
     510           -2391       1       1                               0D    234
     510     136                                                00010000D    235
     510           -2391       1       1                               0D    236
     510     137                                                00010000D    237
     510           -2391       1       1                               0D    238
     510     138                                                00010000D    239
     510           -2391       1       1                               0D    240
     510     139                                                00010000D    241
     510           -2391       1       1                               0D    242
     510     140                                                00010000D    243
     510           -2391       1       1                               0D    244
     510     141                                                00010000D    245
     510           -2391       1       1                               0D    246
     510     142                                                00010000D    247
     510           -2391       1       1                               0D    248
     510     143                                                00010000D    249
     510           -2391       1       1                               0D    250
     510     144                                                00010000D    251
     510           -2391       1       1                               0D    252
     510     145                                                00010000D    253
     510           -2391       1       1                               0D    254
     510     146                                                00010000D    255
     510           -2391       1       1                               0D    256
     510     147                                                00010000D    257
     510           -2391       1       1                               0D    258
     510     148                                                00010000D    259
     510           -2391       1       1                               0D    260
     510     149                                                00010000D    261
     510           -2391       1       1                               0D    262
     510     150                                                00010000D    263
     510           -2391       1       1                               0D    264
     510     151                                                00010000D    265
     510           -2391       1       1                               0D    266
     510     152                                                00010000D    267
     510           -2391       1       1                               0D    268
     510     153                                                00010000D    269
     510           -2391       1       1                               0D    270
     510     154                                                00010000D    271
     510           -2391       1       1                               0D    272
     510     155                                                00010000D    273
     510           -2391       1       1                               0D    274
     510     156                                                00010000D    275
     510           -2391       1       1                               0D    276
     510     157                                                00010000D    277
     510           -2391       1       1                               0D    278
     510     158                                                00010000D    279
     510           -2391       1       1                               0D    280
     510     159                                                00010000D    281
     510           -2391       1       1                               0D    282
     510     160                                                00010000D    283
     510           -2391       1       1                               0D    284
     510     161                                                00010000D    285
     510           -2391       1       1                               0D    286
     510     162                                                00010000D    287
     510           -2391       1       1                               0D    288
     510     163                                                00010000D    289
     510           -2391       1       1                               0D    290
     510     164                                                00010000D    291
     510           -2391       1       1                               0D    292
     510     165                                                00010000D    293
     510           -2391       1       1                               0D    294
     510     166                                                00010000D    295
     510           -2391       1       1                               0D    296
     510     167                                                00010000D    297
     510           -2391       1       1                               0D    298
     510     168                                                00010000D    299
     510           -2391       1       1                               0D    300
     510     169                                                00010000D    301
     510           -2391       1       1                               0D    302
     510     170                                                00010000D    303
     510           -2391       1       1                               0D    304
     510     171                                                00010000D    305
     510           -2391       1       1                               0D    306
     510     172                                                00010000D    307
     510           -2391       1       1                               0D    308
     510     173                                                00010000D    309
     510           -2391       1       1                               0D    310
     510     174                                                00010000D    311
     510           -2391       1       1                               0D    312
     510     175                                                00010000D    313
     510           -2391       1       1                               0D    314
     510     176                                                00010000D    315
     510           -2391       1       1                               0D    316
     510     177                                                00010000D    317
     510           -2391       1       1                               0D    318
     510     178                                                00010000D    319
     510           -2391       1       1                               0D    320
     510     179                                                00010000D    321
     510           -2391       1       1                               0D    322
     510     180                                                00010000D    323
     510           -2391       1       1                               0D    324
     510     181                                                00010000D    325
     510           -2391       1       1                               0D    326
     510     182                                                00010000D    327
     510           -2391       1       1                               0D    328
     510     183                                                00010000D    329
     510           -2391       1       1                               0D    330
     510     184                                                00010000D    331
     510           -2391       1       1                               0D    332
     510     185                                                00010000D    333
     510           -2391       1       1                               0D    334
     510     186                                                00010000D    335
     510           -2391       1       1                               0D    336
     510     187                                                00010000D    337
     510           -2391       1       1                               0D    338
     510     188                                                00010000D    339
     510           -2391       1       1                               0D    340
     510     189                                                00010000D    341
     510           -2391       1       1                               0D    342
     510     190                                                00010000D    343
     510           -2391       1       1                               0D    344
     510     191                                                00010000D    345
     510           -2391       1       1                               0D    346
     510     192                                                00010000D    347
     510           -2391       1       1                               0D    348
     510     193                                                00010000D    349
     510           -2391       1       1                               0D    350
     510     194                                                00010000D    351
     510           -2391       1       1                               0D    352
     510     195                                                00010000D    353
     510           -2391       1       1                               0D    354
     510     196                                                00010000D    355
     510           -2391       1       1                               0D    356
     510     197                                                00010000D    357
     510           -2391       1       1                               0D    358
     510     198                                                00010000D    359
     510           -2391       1       1                               0D    360
     510     199                                                00010000D    361
     510           -2391       1       1                               0D    362
     510     200                                                00010000D    363
     510           -2391       1       1                               0D    364
     510     201                                                00010000D    365
     510           -2391       1       1                               0D    366
     510     202                                                00010000D    367
     510           -2391       1       1                               0D    368
     510     203                                                00010000D    369
     510           -2391       1       1                               0D    370
     510     204                                                00010000D    371
     510           -2391       1       1                               0D    372
     510     205                                                00010000D    373
     510           -2391       1       1                               0D    374
     510     206                                                00010000D    375
     510           -2391       1       1                               0D    376
     510     207                                                00010000D    377
     510           -2391       1       1                               0D    378
     510     208                                                00010000D    379
     510           -2391       1       1                               0D    380
     510     209                                                00010000D    381
     510           -2391       1       1                               0D    382
     510     210                                                00010000D    383
     510           -2391       1       1                               0D    384
     510     211                                                00010000D    385
     510           -2391       1       1                               0D    386
     510     212                                                00010000D    387
     510           -2391       1       1                               0D    388
     510     213                                                00010000D    389
     510           -2391       1       1                               0D    390
     510     214                                                00010000D    391
     510           -2391       1       1                               0D    392
     510     215                                                00010000D    393
     510           -2391       1       1                               0D    394
     510     216                                                00010000D    395
     510           -2391       1       1                               0D    396
     510     217                                                00010000D    397
     510           -2391       1       1                               0D    398
     510     218                                                00010000D    399
     510           -2391       1       1                               0D    400
     510     219                                                00010000D    401
     510           -2391       1       1                               0D    402
     508     220                                                00010000D    403
     508                       1       1                               0D    404
     508     221                                                00010000D    405
     508                       2       1                               0D    406
     508     223                                                00010000D    407
     508                       1       1                               0D    408
     508     224                                                00010000D    409
     508                       1       1                               0D    410
     508     225                                                00010000D    411
     508                       2       1                               0D    412
     508     227                                                00010000D    413
     508                       1       1                               0D    414
     508     228                                                00010000D    415
     508                       1       1                               0D    416
     508     229                                                00010000D    417
     508                       2       1                               0D    418
     508     231                                                00010000D    419
     508                       1       1                               0D    420
     508     232                                                00010000D    421
     508                       1       1                               0D    422
     508     233                                                00010000D    423
     508                       2       1                               0D    424
     508     235                                                00010000D    425
     508                       1       1                               0D    426
     508     236                                                00010000D    427
     508                       1       1                               0D    428
     508     237                                                00010000D    429
     508                       2       1                               0D    430
     508     239                                                00010000D    431
     508                       1       1                               0D    432
     508     240                                                00010000D    433
     508                       1       1                               0D    434
     508     241                                                00010000D    435
     508                       2       1                               0D    436
     508     243                                                00010000D    437
     508                       1       1                               0D    438
     508     244                                                00010000D    439
     508                       1       1                               0D    440
     508     245                                                00010000D    441
     508                       2       1                               0D    442
     508     247                                                00010000D    443
     508                       1       1                               0D    444
     508     248                                                00010000D    445
     508                       1       1                               0D    446
     508     249                                                00010000D    447
     508                       2       1                               0D    448
     508     251                                                00010000D    449
     508                       1       1                               0D    450
     508     252                                                00010000D    451
     508                       1       1                               0D    452
     508     253                                                00010000D    453
     508                       2       1                               0D    454
     508     255                                                00010000D    455
     508                       1       1                               0D    456
     508     256                                                00010000D    457
     508                       1       1                               0D    458
     508     257                                                00010000D    459
     508                       2       1                               0D    460
     508     259                                                00010000D    461
     508                       1       1                               0D    462
     508     260                                                00010000D    463
     508                       1       1                               0D    464
     508     261                                                00010000D    465
     508                       2       1                               0D    466
     508     263                                                00010000D    467
     508                       1       1                               0D    468
     508     264                                                00010000D    469
     508                       1       1                               0D    470
     508     265                                                00010000D    471
     508                       2       1                               0D    472
     508     267                                                00010000D    473
     508                       1       1                               0D    474
     508     268                                                00010000D    475
     508                       1       1                               0D    476
     508     269                                                00010000D    477
     508                       2       1                               0D    478
     508     271                                                00010000D    479
     508                       1       1                               0D    480
     508     272                                                00010000D    481
     508                       1       1                               0D    482
     508     273                                                00010000D    483
     508                       2       1                               0D    484
     508     275                                                00010000D    485
     508                       1       1                               0D    486
     508     276                                                00010000D    487
     508                       1       1                               0D    488
     508     277                                                00010000D    489
     508                       2       1                               0D    490
     508     279                                                00010000D    491
     508                       1       1                               0D    492
     508     280                                                00010000D    493
     508                       1       1                               0D    494
     508     281                                                00010000D    495
     508                       2       1                               0D    496
     508     283                                                00010000D    497
     508                       1       1                               0D    498
     508     284                                                00010000D    499
     508                       1       1                               0D    500
     508     285                                                00010000D    501
     508                       2       1                               0D    502
     508     287                                                00010000D    503
     508                       1       1                               0D    504
     508     288                                                00010000D    505
     508                       1       1                               0D    506
     508     289                                                00010000D    507
     508                       2       1                               0D    508
     508     291                                                00010000D    509
     508                       1       1                               0D    510
     508     292                                                00010000D    511
     508                       1       1                               0D    512
     508     293                                                00010000D    513
     508                       2       1                               0D    514
     508     295                                                00010000D    515
     508                       1       1                               0D    516
     508     296                                                00010000D    517
     508                       1       1                               0D    518
     508     297                                                00010000D    519
     508                       2       1                               0D    520
     508     299                                                00010000D    521
     508                       1       1                               0D    522
     508     300                                                00010000D    523
     508                       1       1                               0D    524
     508     301                                                00010000D    525
     508                       2       1                               0D    526
     508     303                                                00010000D    527
     508                       1       1                               0D    528
     508     304                                                00010000D    529
     508                       1       1                               0D    530
     508     305                                                00010000D    531
     508                       2       1                               0D    532
     508     307                                                00010000D    533
     508                       1       1                               0D    534
     508     308                                                00010000D    535
     508                       1       1                               0D    536
     508     309                                                00010000D    537
     508                       2       1                               0D    538
     508     311                                                00010000D    539
     508                       1       1                               0D    540
     508     312                                                00010000D    541
     508                       1       1                               0D    542
     508     313                                                00010000D    543
     508                       2       1                               0D    544
     508     315                                                00010000D    545
     508                       1       1                               0D    546
     508     316                                                00010000D    547
     508                       1       1                               0D    548
     508     317                                                00010000D    549
     508                       2       1                               0D    550
     508     319                                                00010000D    551
     508                       1       1                               0D    552
     508     320                                                00010000D    553
     508                       1       1                               0D    554
     508     321                                                00010000D    555
     508                       2       1                               0D    556
     508     323                                                00010000D    557
     508                       1       1                               0D    558
     508     324                                                00010000D    559
     508                       1       1                               0D    560
     508     325                                                00010000D    561
     508                       2       1                               0D    562
     508     327                                                00010000D    563
     508                       1       1                               0D    564
     508     328                                                00010000D    565
     508                       1       1                               0D    566
     508     329                                                00010000D    567
     508                       2       1                               0D    568
     508     331                                                00010000D    569
     508                       1       1                               0D    570
     508     332                                                00010000D    571
     508                       1       1                               0D    572
     508     333                                                00010000D    573
     508                       2       1                               0D    574
     508     335                                                00010000D    575
     508                       1       1                               0D    576
     508     336                                                00010000D    577
     508                       1       1                               0D    578
     508     337                                                00010000D    579
     508                       2       1                               0D    580
     508     339                                                00010000D    581
     508                       1       1                               0D    582
     508     340                                                00010000D    583
     508                       1       1                               0D    584
     508     341                                                00010000D    585
     508                       2       1                               0D    586
     508     343                                                00010000D    587
     508                       1       1                               0D    588
     508     344                                                00010000D    589
     508                       1       1                               0D    590
     508     345                                                00010000D    591
     508                       2       1                               0D    592
     508     347                                                00010000D    593
     508                       1       1                               0D    594
     508     348                                                00010000D    595
     508                       1       1                               0D    596
     508     349                                                00010000D    597
     508                       2       1                               0D    598
     508     351                                                00010000D    599
     508                       1       1                               0D    600
     508     352                                                00010000D    601
     508                       1       1                               0D    602
     508     353                                                00010000D    603
     508                       2       1                               0D    604
     508     355                                                00010000D    605
     508                       1       1                               0D    606
     508     356                                                00010000D    607
     508                       1       1                               0D    608
     508     357                                                00010000D    609
     508                       2       1                               0D    610
     508     359                                                00010000D    611
     508                       1       1                               0D    612
     508     360                                                00010000D    613
     508                       1       1                               0D    614
     508     361                                                00010000D    615
     508                       2       1                               0D    616
     508     363                                                00010000D    617
     508                       1       1                               0D    618
     508     364                                                00010000D    619
     508                       1       1                               0D    620
     508     365                                                00010000D    621
     508                       2       1                               0D    622
     508     367                                                00010000D    623
     508                       1       1                               0D    624
     508     368                                                00010000D    625
     508                       1       1                               0D    626
     508     369                                                00010000D    627
     508                       2       1                               0D    628
     508     371                                                00010000D    629
     508                       1       1                               0D    630
     508     372                                                00010000D    631
     508                       1       1                               0D    632
     508     373                                                00010000D    633
     508                       2       1                               0D    634
     508     375                                                00010000D    635
     508                       1       1                               0D    636
     508     376                                                00010000D    637
     508                       1       1                               0D    638
     508     377                                                00010000D    639
     508                       2       1                               0D    640
     508     379                                                00010000D    641
     508                       1       1                               0D    642
     508     380                                                00010000D    643
     508                       1       1                               0D    644
     508     381                                                00010000D    645
     508                       2       1                               0D    646
     508     383                                                00010000D    647
     508                       1       1                               0D    648
     508     384                                                00010000D    649
     508                       1       1                               0D    650
     508     385                                                00010000D    651
     508                       2       1                               0D    652
     508     387                                                00010000D    653
     508                       1       1                               0D    654
     508     388                                                00010000D    655
     508                       1       1                               0D    656
     508     389                                                00010000D    657
     508                       2       1                               0D    658
     508     391                                                00010000D    659
     508                       1       1                               0D    660
     508     392                                                00010000D    661
     508                       1       1                               0D    662
     508     393                                                00010000D    663
     508                       2       1                               0D    664
     508     395                                                00010000D    665
     508                       1       1                               0D    666
     508     396                                                00010000D    667
     508                       1       1                               0D    668
     508     397                                                00010000D    669
     508                       2       1                               0D    670
     508     399                                                00010000D    671
     508                       1       1                               0D    672
     508     400                                                00010000D    673
     508                       1       1                               0D    674
     508     401                                                00010000D    675
     508                       2       1                               0D    676
     508     403                                                00010000D    677
     508                       1       1                               0D    678
     508     404                                                00010000D    679
     508                       1       1                               0D    680
     508     405                                                00010000D    681
     508                       2       1                               0D    682
     508     407                                                00010000D    683
     508                       1       1                               0D    684
     508     408                                                00010000D    685
     508                       1       1                               0D    686
     508     409                                                00010000D    687
     508                       2       1                               0D    688
     508     411                                                00010000D    689
     508                       1       1                               0D    690
     508     412                                                00010000D    691
     508                       1       1                               0D    692
     508     413                                                00010000D    693
     508                       2       1                               0D    694
     508     415                                                00010000D    695
     508                       1       1                               0D    696
     508     416                                                00010000D    697
     508                       1       1                               0D    698
     508     417                                                00010000D    699
     508                       2       1                               0D    700
     508     419                                                00010000D    701
     508                       1       1                               0D    702
     508     420                                                00010000D    703
     508                       1       1                               0D    704
     508     421                                                00010000D    705
     508                       2       1                               0D    706
     508     423                                                00010000D    707
     508                       1       1                               0D    708
     508     424                                                00010000D    709
     508                       1       1                               0D    710
     508     425                                                00010000D    711
     508                       2       1                               0D    712
     508     427                                                00010000D    713
     508                       1       1                               0D    714
     508     428                                                00010000D    715
     508                       1       1                               0D    716
     508     429                                                00010000D    717
     508                       2       1                               0D    718
     508     431                                                00010000D    719
     508                       1       1                               0D    720
     508     432                                                00010000D    721
     508                       1       1                               0D    722
     508     433                                                00010000D    723
     508                       2       1                               0D    724
     508     435                                                00010000D    725
     508                       1       1                               0D    726
     508     436                                                00010000D    727
     508                       1       1                               0D    728
     508     437                                                00010000D    729
     508                       2       1                               0D    730
     508     439                                                00010000D    731
     508                       1       1                               0D    732
     508     440                                                00010000D    733
     508                       1       1                               0D    734
     508     441                                                00010000D    735
     508                       2       1                               0D    736
     508     443                                                00010000D    737
     508                       1       1                               0D    738
     508     444                                                00010000D    739
     508                       1       1                               0D    740
     508     445                                                00010000D    741
     508                       2       1                               0D    742
     508     447                                                00010000D    743
     508                       1       1                               0D    744
     508     448                                                00010000D    745
     508                       1       1                               0D    746
     508     449                                                00010000D    747
     508                       2       1                               0D    748
     508     451                                                00010000D    749
     508                       1       1                               0D    750
     508     452                                                00010000D    751
     508                       1       1                               0D    752
     508     453                                                00010000D    753
     508                       2       1                               0D    754
     508     455                                                00010000D    755
     508                       1       1                               0D    756
     508     456                                                00010000D    757
     508                       1       1                               0D    758
     508     457                                                00010000D    759
     508                       2       1                               0D    760
     508     459                                                00010000D    761
     508                       1       1                               0D    762
     508     460                                                00010000D    763
     508                       1       1                               0D    764
     508     461                                                00010000D    765
     508                       2       1                               0D    766
     508     463                                                00010000D    767
     508                       1       1                               0D    768
     508     464                                                00010000D    769
     508                       1       1                               0D    770
     508     465                                                00010000D    771
     508                       2       1                               0D    772
     508     467                                                00010000D    773
     508                       1       1                               0D    774
     508     468                                                00010000D    775
     508                       1       1                               0D    776
     508     469                                                00010000D    777
     508                       2       1                               0D    778
     508     471                                                00010000D    779
     508                       1       1                               0D    780
     508     472                                                00010000D    781
     508                       1       1                               0D    782
     508     473                                                00010000D    783
     508                       2       1                               0D    784
     508     475                                                00010000D    785
     508                       1       1                               0D    786
     508     476                                                00010000D    787
     508                       1       1                               0D    788
     508     477                                                00010000D    789
     508                       2       1                               0D    790
     508     479                                                00010000D    791
     508                       1       1                               0D    792
     508     480                                                00010000D    793
     508                       1       1                               0D    794
     508     481                                                00010000D    795
     508                       2       1                               0D    796
     508     483                                                00010000D    797
     508                       1       1                               0D    798
     508     484                                                00010000D    799
     508                       1       1                               0D    800
     508     485                                                00010000D    801
     508                       2       1                               0D    802
     508     487                                                00010000D    803
     508                       1       1                               0D    804
     508     488                                                00010000D    805
     508                       1       1                               0D    806
     508     489                                                00010000D    807
     508                       2       1                               0D    808
     508     491                                                00010000D    809
     508                       1       1                               0D    810
     508     492                                                00010000D    811
     508                       1       1                               0D    812
     508     493                                                00010000D    813
     508                       2       1                               0D    814
     508     495                                                00010000D    815
     508                       1       1                               0D    816
     508     496                                                00010000D    817
     508                       1       1                               0D    818
     508     497                                                00010000D    819
     508                       2       1                               0D    820
     508     499                                                00010000D    821
     508                       1       1                               0D    822
     508     500                                                00010000D    823
     508                       1       1                               0D    824
     508     501                                                00010000D    825
     508                       2       1                               0D    826
     508     503                                                00010000D    827
     508                       1       1                               0D    828
     508     504                                                00010000D    829
     508                       1       1                               0D    830
     508     505                                                00010000D    831
     508                       2       1                               0D    832
     508     507                                                00010000D    833
     508                       1       1                               0D    834
     508     508                                                00010000D    835
     508                       1       1                               0D    836
     508     509                                                00010000D    837
     508                       2       1                               0D    838
     508     511                                                00010000D    839
     508                       1       1                               0D    840
     508     512                                                00010000D    841
     508                       1       1                               0D    842
     508     513                                                00010000D    843
     508                       2       1                               0D    844
     508     515                                                00010000D    845
     508                       1       1                               0D    846
     508     516                                                00010000D    847
     508                       1       1                               0D    848
     508     517                                                00010000D    849
     508                       2       1                               0D    850
     508     519                                                00010000D    851
     508                       1       1                               0D    852
     508     520                                                00010000D    853
     508                       1       1                               0D    854
     508     521                                                00010000D    855
     508                       2       1                               0D    856
     508     523                                                00010000D    857
     508                       1       1                               0D    858
     508     524                                                00010000D    859
     508                       1       1                               0D    860
     508     525                                                00010000D    861
     508                       2       1                               0D    862
     508     527                                                00010000D    863
     508                       1       1                               0D    864
     508     528                                                00010000D    865
     508                       1       1                               0D    866
     508     529                                                00010000D    867
     508                       2       1                               0D    868
     508     531                                                00010000D    869
     508                       1       1                               0D    870
     508     532                                                00010000D    871
     508                       1       1                               0D    872
     508     533                                                00010000D    873
     508                       2       1                               0D    874
     508     535                                                00010000D    875
     508                       1       1                               0D    876
     508     536                                                00010000D    877
     508                       1       1                               0D    878
     508     537                                                00010000D    879
     508                       2       1                               0D    880
     508     539                                                00010000D    881
     508                       1       1                               0D    882
     508     540                                                00010000D    883
     508                       1       1                               0D    884
     508     541                                                00010000D    885
     508                       2       1                               0D    886
     508     543                                                00010000D    887
     508                       1       1                               0D    888
     508     544                                                00010000D    889
     508                       1       1                               0D    890
     508     545                                                00010000D    891
     508                       2       1                               0D    892
     508     547                                                00010000D    893
     508                       1       1                               0D    894
     508     548                                                00010000D    895
     508                       1       1                               0D    896
     508     549                                                00010000D    897
     508                       2       1                               0D    898
     508     551                                                00010000D    899
     508                       1       1                               0D    900
     508     552                                                00010000D    901
     508                       1       1                               0D    902
     508     553                                                00010000D    903
     508                       2       1                               0D    904
     508     555                                                00010000D    905
     508                       1       1                               0D    906
     508     556                                                00010000D    907
     508                       1       1                               0D    908
     508     557                                                00010000D    909
     508                       2       1                               0D    910
     508     559                                                00010000D    911
     508                       1       1                               0D    912
     508     560                                                00010000D    913
     508                       1       1                               0D    914
     508     561                                                00010000D    915
     508                       2       1                               0D    916
     508     563                                                00010000D    917
     508                       1       1                               0D    918
     508     564                                                00010000D    919
     508                       1       1                               0D    920
     508     565                                                00010000D    921
     508                       2       1                               0D    922
     508     567                                                00010000D    923
     508                       1       1                               0D    924
     508     568                                                00010000D    925
     508                       1       1                               0D    926
     508     569                                                00010000D    927
     508                       2       1                               0D    928
     508     571                                                00010000D    929
     508                       1       1                               0D    930
     508     572                                                00010000D    931
     508                       1       1                               0D    932
     508     573                                                00010000D    933
     508                       2       1                               0D    934
     508     575                                                00010000D    935
     508                       1       1                               0D    936
     508     576                                                00010000D    937
     508                       1       1                               0D    938
     508     577                                                00010000D    939
     508                       2       1                               0D    940
     508     579                                                00010000D    941
     508                       1       1                               0D    942
     508     580                                                00010000D    943
     508                       1       1                               0D    944
     508     581                                                00010000D    945
     508                       2       1                               0D    946
     508     583                                                00010000D    947
     508                       1       1                               0D    948
     508     584                                                00010000D    949
     508                       1       1                               0D    950
     508     585                                                00010000D    951
     508                       2       1                               0D    952
     508     587                                                00010000D    953
     508                       1       1                               0D    954
     508     588                                                00010000D    955
     508                       1       1                               0D    956
     508     589                                                00010000D    957
     508                       2       1                               0D    958
     508     591                                                00010000D    959
     508                       1       1                               0D    960
     508     592                                                00010000D    961
     508                       1       1                               0D    962
     508     593                                                00010000D    963
     508                       2       1                               0D    964
     508     595                                                00010000D    965
     508                       1       1                               0D    966
     508     596                                                00010000D    967
     508                       1       1                               0D    968
     508     597                                                00010000D    969
     508                       2       1                               0D    970
     508     599                                                00010000D    971
     508                       1       1                               0D    972
     508     600                                                00010000D    973
     508                       1       1                               0D    974
     508     601                                                00010000D    975
     508                       2       1                               0D    976
     508     603                                                00010000D    977
     508                       1       1                               0D    978
     508     604                                                00010000D    979
     508                       1       1                               0D    980
     508     605                                                00010000D    981
     508                       2       1                               0D    982
     508     607                                                00010000D    983
     508                       1       1                               0D    984
     508     608                                                00010000D    985
     508                       1       1                               0D    986
     508     609                                                00010000D    987
     508                       2       1                               0D    988
     508     611                                                00010000D    989
     508                       1       1                               0D    990
     508     612                                                00010000D    991
     508                       1       1                               0D    992
     508     613                                                00010000D    993
     508                       2       1                               0D    994
     508     615                                                00010000D    995
     508                       1       1                               0D    996
     126     616                                                00010000D    997
     126       0               8       0                               0D    998
     126     624                                                00010000D    999
     126       0              10       0                               0D   1000
     126     634                                                00010000D   1001
     126       0               7       0                               0D   1002
     126     641                                                00010000D   1003
     126       0               9       0                               0D   1004
     126     650                                                00010000D   1005
     126       0               4       0                               0D   1006
     126     654                                                00010000D   1007
     126       0               7       0                               0D   1008
     126     661                                                00010000D   1009
     126       0               9       0                               0D   1010
     126     670                                                00010000D   1011
     126       0               8       0                               0D   1012
     126     678                                                00010000D   1013
     126       0              10       0                               0D   1014
     126     688                                                00010000D   1015
     126       0               4       0                               0D   1016
     126     692                                                00010000D   1017
     126       0               8       0                               0D   1018
     126     700                                                00010000D   1019
     126       0              10       0                               0D   1020
     126     710                                                00010000D   1021
     126       0               8       0                               0D   1022
     126     718                                                00010000D   1023
     126       0              10       0                               0D   1024
     126     728                                                00010000D   1025
     126       0               4       0                               0D   1026
     126     732                                                00010000D   1027
     126       0               8       0                               0D   1028
     126     740                                                00010000D   1029
     126       0              10       0                               0D   1030
     126     750                                                00010000D   1031
     126       0               8       0                               0D   1032
     126     758                                                00010000D   1033
     126       0              10       0                               0D   1034
     126     768                                                00010000D   1035
     126       0               4       0                               0D   1036
     126     772                                                00010000D   1037
     126       0               8       0                               0D   1038
     126     780                                                00010000D   1039
     126       0              10       0                               0D   1040
     126     790                                                00010000D   1041
     126       0               8       0                               0D   1042
     126     798                                                00010000D   1043
     126       0              10       0                               0D   1044
     126     808                                                00010000D   1045
     126       0               4       0                               0D   1046
     126     812                                                00010000D   1047
     126       0               8       0                               0D   1048
     126     820                                                00010000D   1049
     126       0              10       0                               0D   1050
     126     830                                                00010000D   1051
     126       0               8       0                               0D   1052
     126     838                                                00010000D   1053
     126       0              10       0                               0D   1054
     126     848                                                00010000D   1055
     126       0               4       0                               0D   1056
     126     852                                                00010000D   1057
     126       0               8       0                               0D   1058
     126     860                                                00010000D   1059
     126       0              10       0                               0D   1060
     126     870                                                00010000D   1061
     126       0               8       0                               0D   1062
     126     878                                                00010000D   1063
     126       0              10       0                               0D   1064
     126     888                                                00010000D   1065
     126       0               4       0                               0D   1066
     126     892                                                00010000D   1067
     126       0               8       0                               0D   1068
     126     900                                                00010000D   1069
     126       0              10       0                               0D   1070
     126     910                                                00010000D   1071
     126       0               8       0                               0D   1072
     126     918                                                00010000D   1073
     126       0              10       0                               0D   1074
     126     928                                                00010000D   1075
     126       0               4       0                               0D   1076
     126     932                                                00010000D   1077
     126       0               8       0                               0D   1078
     126     940                                                00010000D   1079
     126       0              10       0                               0D   1080
     126     950                                                00010000D   1081
     126       0               8       0                               0D   1082
     126     958                                                00010000D   1083
     126       0              10       0                               0D   1084
     126     968                                                00010000D   1085
     126       0               4       0                               0D   1086
     126     972                                                00010000D   1087
     126       0               8       0                               0D   1088
     126     980                                                00010000D   1089
     126       0              10       0                               0D   1090
     126     990                                                00010000D   1091
     126       0               8       0                               0D   1092
     126     998                                                00010000D   1093
     126       0              10       0                               0D   1094
     126    1008                                                00010000D   1095
     126       0               4       0                               0D   1096
     126    1012                                                00010000D   1097
     126       0               8       0                               0D   1098
     126    1020                                                00010000D   1099
     126       0              10       0                               0D   1100
     126    1030                                                00010000D   1101
     126       0               8       0                               0D   1102
     126    1038                                                00010000D   1103
     126       0              10       0                               0D   1104
     126    1048                                                00010000D   1105
     126       0               4       0                               0D   1106
     126    1052                                                00010000D   1107
     126       0               8       0                               0D   1108
     126    1060                                                00010000D   1109
     126       0              10       0                               0D   1110
     126    1070                                                00010000D   1111
     126       0               8       0                               0D   1112
     126    1078                                                00010000D   1113
     126       0              10       0                               0D   1114
     126    1088                                                00010000D   1115
     126       0               4       0                               0D   1116
     126    1092                                                00010000D   1117
     126       0               8       0                               0D   1118
     126    1100                                                00010000D   1119
     126       0              10       0                               0D   1120
     126    1110                                                00010000D   1121
     126       0               8       0                               0D   1122
     126    1118                                                00010000D   1123
     126       0              10       0                               0D   1124
     126    1128                                                00010000D   1125
     126       0               4       0                               0D   1126
     126    1132                                                00010000D   1127
     126       0               8       0                               0D   1128
     126    1140                                                00010000D   1129
     126       0              10       0                               0D   1130
     126    1150                                                00010000D   1131
     126       0               8       0                               0D   1132
     126    1158                                                00010000D   1133
     126       0              10       0                               0D   1134
     126    1168                                                00010000D   1135
     126       0               4       0                               0D   1136
     126    1172                                                00010000D   1137
     126       0               8       0                               0D   1138
     126    1180                                                00010000D   1139
     126       0              10       0                               0D   1140
     126    1190                                                00010000D   1141
     126       0               8       0                               0D   1142
     126    1198                                                00010000D   1143
     126       0              10       0                               0D   1144
     126    1208                                                00010000D   1145
     126       0               4       0                               0D   1146
     126    1212                                                00010000D   1147
     126       0               8       0                               0D   1148
     126    1220                                                00010000D   1149
     126       0              10       0                               0D   1150
     126    1230                                                00010000D   1151
     126       0               8       0                               0D   1152
     126    1238                                                00010000D   1153
     126       0              10       0                               0D   1154
     126    1248                                                00010000D   1155
     126       0               4       0                               0D   1156
     126    1252                                                00010000D   1157
     126       0               8       0                               0D   1158
     126    1260                                                00010000D   1159
     126       0              10       0                               0D   1160
     126    1270                                                00010000D   1161
     126       0               8       0                               0D   1162
     126    1278                                                00010000D   1163
     126       0              10       0                               0D   1164
     126    1288                                                00010000D   1165
     126       0               4       0                               0D   1166
     126    1292                                                00010000D   1167
     126       0               8       0                               0D   1168
     126    1300                                                00010000D   1169
     126       0              10       0                               0D   1170
     126    1310                                                00010000D   1171
     126       0               8       0                               0D   1172
     126    1318                                                00010000D   1173
     126       0              10       0                               0D   1174
     126    1328                                                00010000D   1175
     126       0               4       0                               0D   1176
     126    1332                                                00010000D   1177
     126       0               8       0                               0D   1178
     126    1340                                                00010000D   1179
     126       0              10       0                               0D   1180
     126    1350                                                00010000D   1181
     126       0               8       0                               0D   1182
     126    1358                                                00010000D   1183
     126       0              10       0                               0D   1184
     126    1368                                                00010000D   1185
     126       0               4       0                               0D   1186
     126    1372                                                00010000D   1187
     126       0               8       0                               0D   1188
     126    1380                                                00010000D   1189
     126       0              10       0                               0D   1190
     126    1390                                                00010000D   1191
     126       0               8       0                               0D   1192
     126    1398                                                00010000D   1193
     126       0              10       0                               0D   1194
     126    1408                                                00010000D   1195
     126       0               4       0                               0D   1196
     126    1412                                                00010000D   1197
     126       0               8       0                               0D   1198
     126    1420                                                00010000D   1199
     126       0              10       0                               0D   1200
     126    1430                                                00010000D   1201
     126       0               8       0                               0D   1202
     126    1438                                                00010000D   1203
     126       0              10       0                               0D   1204
     126    1448                                                00010000D   1205
     126       0               4       0                               0D   1206
     126    1452                                                00010000D   1207
     126       0               8       0                               0D   1208
     126    1460                                                00010000D   1209
     126       0              10       0                               0D   1210
     126    1470                                                00010000D   1211
     126       0               8       0                               0D   1212
     126    1478                                                00010000D   1213
     126       0              10       0                               0D   1214
     126    1488                                                00010000D   1215
     126       0               4       0                               0D   1216
     126    1492                                                00010000D   1217
     126       0               8       0                               0D   1218
     126    1500                                                00010000D   1219
     126       0              10       0                               0D   1220
     126    1510                                                00010000D   1221
     126       0               8       0                               0D   1222
     126    1518                                                00010000D   1223
     126       0              10       0                               0D   1224
     126    1528                                                00010000D   1225
     126       0               4       0                               0D   1226
     126    1532                                                00010000D   1227
     126       0               8       0                               0D   1228
     126    1540                                                00010000D   1229
     126       0              10       0                               0D   1230
     126    1550                                                00010000D   1231
     126       0               8       0                               0D   1232
     126    1558                                                00010000D   1233
     126       0              10       0                               0D   1234
     126    1568                                                00010000D   1235
     126       0               4       0                               0D   1236
     126    1572                                                00010000D   1237
     126       0               8       0                               0D   1238
     126    1580                                                00010000D   1239
     126       0              10       0                               0D   1240
     126    1590                                                00010000D   1241
     126       0               8       0                               0D   1242
     126    1598                                                00010000D   1243
     126       0              10       0                               0D   1244
     126    1608                                                00010000D   1245
     126       0               4       0                               0D   1246
     126    1612                                                00010000D   1247
     126       0               8       0                               0D   1248
     126    1620                                                00010000D   1249
     126       0              10       0                               0D   1250
     126    1630                                                00010000D   1251
     126       0               8       0                               0D   1252
     126    1638                                                00010000D   1253
     126       0              10       0                               0D   1254
     126    1648                                                00010000D   1255
     126       0               4       0                               0D   1256
     126    1652                                                00010000D   1257
     126       0               8       0                               0D   1258
     126    1660                                                00010000D   1259
     126       0              10       0                               0D   1260
     126    1670                                                00010000D   1261
     126       0               8       0                               0D   1262
     126    1678                                                00010000D   1263
     126       0              10       0                               0D   1264
     126    1688                                                00010000D   1265
     126       0               4       0                               0D   1266
     126    1692                                                00010000D   1267
     126       0               8       0                               0D   1268
     126    1700                                                00010000D   1269
     126       0              10       0                               0D   1270
     126    1710                                                00010000D   1271
     126       0               8       0                               0D   1272
     126    1718                                                00010000D   1273
     126       0              10       0                               0D   1274
     126    1728                                                00010000D   1275
     126       0               4       0                               0D   1276
     126    1732                                                00010000D   1277
     126       0               8       0                               0D   1278
     126    1740                                                00010000D   1279
     126       0              10       0                               0D   1280
     126    1750                                                00010000D   1281
     126       0               8       0                               0D   1282
     126    1758                                                00010000D   1283
     126       0              10       0                               0D   1284
     126    1768                                                00010000D   1285
     126       0               4       0                               0D   1286
     126    1772                                                00010000D   1287
     126       0               8       0                               0D   1288
     126    1780                                                00010000D   1289
     126       0              10       0                               0D   1290
     126    1790                                                00010000D   1291
     126       0               8       0                               0D   1292
     126    1798                                                00010000D   1293
     126       0              10       0                               0D   1294
     126    1808                                                00010000D   1295
     126       0               4       0                               0D   1296
     126    1812                                                00010000D   1297
     126       0               8       0                               0D   1298
     126    1820                                                00010000D   1299
     126       0              10       0                               0D   1300
     126    1830                                                00010000D   1301
     126       0               8       0                               0D   1302
     126    1838                                                00010000D   1303
     126       0              10       0                               0D   1304
     126    1848                                                00010000D   1305
     126       0               4       0                               0D   1306
     126    1852                                                00010000D   1307
     126       0               8       0                               0D   1308
     126    1860                                                00010000D   1309
     126       0              10       0                               0D   1310
     126    1870                                                00010000D   1311
     126       0               8       0                               0D   1312
     126    1878                                                00010000D   1313
     126       0              10       0                               0D   1314
     126    1888                                                00010000D   1315
     126       0               4       0                               0D   1316
     126    1892                                                00010000D   1317
     126       0               8       0                               0D   1318
     126    1900                                                00010000D   1319
     126       0              10       0                               0D   1320
     126    1910                                                00010000D   1321
     126       0               8       0                               0D   1322
     126    1918                                                00010000D   1323
     126       0              10       0                               0D   1324
     126    1928                                                00010000D   1325
     126       0               4       0                               0D   1326
     126    1932                                                00010000D   1327
     126       0               8       0                               0D   1328
     126    1940                                                00010000D   1329
     126       0              10       0                               0D   1330
     126    1950                                                00010000D   1331
     126       0               8       0                               0D   1332
     126    1958                                                00010000D   1333
     126       0              10       0                               0D   1334
     126    1968                                                00010000D   1335
     126       0               4       0                               0D   1336
     126    1972                                                00010000D   1337
     126       0               8       0                               0D   1338
     126    1980                                                00010000D   1339
     126       0              10       0                               0D   1340
     126    1990                                                00010000D   1341
     126       0               8       0                               0D   1342
     126    1998                                                00010000D   1343
     126       0              10       0                               0D   1344
     126    2008                                                00010000D   1345
     126       0               4       0                               0D   1346
     126    2012                                                00010000D   1347
     126       0               8       0                               0D   1348
     126    2020                                                00010000D   1349
     126       0              10       0                               0D   1350
     126    2030                                                00010000D   1351
     126       0               8       0                               0D   1352
     126    2038                                                00010000D   1353
     126       0              10       0                               0D   1354
     126    2048                                                00010000D   1355
     126       0               4       0                               0D   1356
     126    2052                                                00010000D   1357
     126       0               8       0                               0D   1358
     126    2060                                                00010000D   1359
     126       0              10       0                               0D   1360
     126    2070                                                00010000D   1361
     126       0               8       0                               0D   1362
     126    2078                                                00010000D   1363
     126       0              10       0                               0D   1364
     126    2088                                                00010000D   1365
     126       0               4       0                               0D   1366
     126    2092                                                00010000D   1367
     126       0               8       0                               0D   1368
     126    2100                                                00010000D   1369
     126       0              10       0                               0D   1370
     126    2110                                                00010000D   1371
     126       0               8       0                               0D   1372
     126    2118                                                00010000D   1373
     126       0              10       0                               0D   1374
     126    2128                                                00010000D   1375
     126       0               4       0                               0D   1376
     126    2132                                                00010000D   1377
     126       0               8       0                               0D   1378
     126    2140                                                00010000D   1379
     126       0              10       0                               0D   1380
     126    2150                                                00010000D   1381
     126       0               8       0                               0D   1382
     126    2158                                                00010000D   1383
     126       0              10       0                               0D   1384
     126    2168                                                00010000D   1385
     126       0               4       0                               0D   1386
     126    2172                                                00010000D   1387
     126       0               8       0                               0D   1388
     126    2180                                                00010000D   1389
     126       0              10       0                               0D   1390
     126    2190                                                00010000D   1391
     126       0               8       0                               0D   1392
     126    2198                                                00010000D   1393
     126       0              10       0                               0D   1394
     126    2208                                                00010000D   1395
     126       0               4       0                               0D   1396
     126    2212                                                00010000D   1397
     126       0               8       0                               0D   1398
     126    2220                                                00010000D   1399
     126       0              10       0                               0D   1400
     126    2230                                                00010000D   1401
     126       0               8       0                               0D   1402
     126    2238                                                00010000D   1403
     126       0              10       0                               0D   1404
     126    2248                                                00010000D   1405
     126       0               4       0                               0D   1406
     126    2252                                                00010000D   1407
     126       0               8       0                               0D   1408
     126    2260                                                00010000D   1409
     126       0              10       0                               0D   1410
     126    2270                                                00010000D   1411
     126       0               8       0                               0D   1412
     126    2278                                                00010000D   1413
     126       0              10       0                               0D   1414
     126    2288                                                00010000D   1415
     126       0               4       0                               0D   1416
     126    2292                                                00010000D   1417
     126       0               8       0                               0D   1418
     126    2300                                                00010000D   1419
     126       0              10       0                               0D   1420
     126    2310                                                00010000D   1421
     126       0               8       0                               0D   1422
     126    2318                                                00010000D   1423
     126       0              10       0                               0D   1424
     126    2328                                                00010000D   1425
     126       0               4       0                               0D   1426
     126    2332                                                00010000D   1427
     126       0               8       0                               0D   1428
     126    2340                                                00010000D   1429
     126       0              10       0                               0D   1430
     126    2350                                                00010000D   1431
     126       0               8       0                               0D   1432
     126    2358                                                00010000D   1433
     126       0              10       0                               0D   1434
     126    2368                                                00010000D   1435
     126       0               4       0                               0D   1436
     126    2372                                                00010000D   1437
     126       0               8       0                               0D   1438
     126    2380                                                00010000D   1439
     126       0              10       0                               0D   1440
     126    2390                                                00010000D   1441
     126       0               8       0                               0D   1442
     126    2398                                                00010000D   1443
     126       0              10       0                               0D   1444
     126    2408                                                00010000D   1445
     126       0               4       0                               0D   1446
     126    2412                                                00010000D   1447
     126       0               8       0                               0D   1448
     126    2420                                                00010000D   1449
     126       0              10       0                               0D   1450
     126    2430                                                00010000D   1451
     126       0               8       0                               0D   1452
     126    2438                                                00010000D   1453
     126       0              10       0                               0D   1454
     126    2448                                                00010000D   1455
     126       0               4       0                               0D   1456
     126    2452                                                00010000D   1457
     126       0               8       0                               0D   1458
     126    2460                                                00010000D   1459
     126       0              10       0                               0D   1460
     126    2470                                                00010000D   1461
     126       0               8       0                               0D   1462
     126    2478                                                00010000D   1463
     126       0              10       0                               0D   1464
     126    2488                                                00010000D   1465
     126       0               4       0                               0D   1466
     126    2492                                                00010000D   1467
     126       0               8       0                               0D   1468
     126    2500                                                00010000D   1469
     126       0              10       0                               0D   1470
     126    2510                                                00010000D   1471
     126       0               8       0                               0D   1472
     126    2518                                                00010000D   1473
     126       0              10       0                               0D   1474
     126    2528                                                00010000D   1475
     126       0               4       0                               0D   1476
     126    2532                                                00010000D   1477
     126       0               8       0                               0D   1478
     126    2540                                                00010000D   1479
     126       0              10       0                               0D   1480
     126    2550                                                00010000D   1481
     126       0               8       0                               0D   1482
     126    2558                                                00010000D   1483
     126       0              10       0                               0D   1484
     126    2568                                                00010000D   1485
     126       0               4       0                               0D   1486
     126    2572                                                00010000D   1487
     126       0               8       0                               0D   1488
     126    2580                                                00010000D   1489
     126       0              10       0                               0D   1490
     126    2590                                                00010000D   1491
     126       0               8       0                               0D   1492
     126    2598                                                00010000D   1493
     126       0              10       0                               0D   1494
     126    2608                                                00010000D   1495
     126       0               4       0                               0D   1496
     126    2612                                                00010000D   1497
     126       0               8       0                               0D   1498
     126    2620                                                00010000D   1499
     126       0              10       0                               0D   1500
     126    2630                                                00010000D   1501
     126       0               8       0                               0D   1502
     126    2638                                                00010000D   1503
     126       0              10       0                               0D   1504
     126    2648                                                00010000D   1505
     126       0               4       0                               0D   1506
     126    2652                                                00010000D   1507
     126       0               8       0                               0D   1508
     126    2660                                                00010000D   1509
     126       0              10       0                               0D   1510
     126    2670                                                00010000D   1511
     126       0               8       0                               0D   1512
     126    2678                                                00010000D   1513
     126       0              10       0                               0D   1514
     126    2688                                                00010000D   1515
     126       0               4       0                               0D   1516
     126    2692                                                00010000D   1517
     126       0               8       0                               0D   1518
     126    2700                                                00010000D   1519
     126       0              10       0                               0D   1520
     126    2710                                                00010000D   1521
     126       0               8       0                               0D   1522
     126    2718                                                00010000D   1523
     126       0              10       0                               0D   1524
     126    2728                                                00010000D   1525
     126       0               4       0                               0D   1526
     126    2732                                                00010000D   1527
     126       0               8       0                               0D   1528
     126    2740                                                00010000D   1529
     126       0              10       0                               0D   1530
     126    2750                                                00010000D   1531
     126       0               8       0                               0D   1532
     126    2758                                                00010000D   1533
     126       0              10       0                               0D   1534
     126    2768                                                00010000D   1535
     126       0               4       0                               0D   1536
     126    2772                                                00010000D   1537
     126       0               8       0                               0D   1538
     126    2780                                                00010000D   1539
     126       0              10       0                               0D   1540
     126    2790                                                00010000D   1541
     126       0               8       0                               0D   1542
     126    2798                                                00010000D   1543
     126       0              10       0                               0D   1544
     126    2808                                                00010000D   1545
     126       0               4       0                               0D   1546
     126    2812                                                00010000D   1547
     126       0               8       0                               0D   1548
     126    2820                                                00010000D   1549
     126       0              10       0                               0D   1550
     126    2830                                                00010000D   1551
     126       0               8       0                               0D   1552
     126    2838                                                00010000D   1553
     126       0              10       0                               0D   1554
     126    2848                                                00010000D   1555
     126       0               4       0                               0D   1556
     126    2852                                                00010000D   1557
     126       0               8       0                               0D   1558
     126    2860                                                00010000D   1559
     126       0              10       0                               0D   1560
     126    2870                                                00010000D   1561
     126       0               8       0                               0D   1562
     126    2878                                                00010000D   1563
     126       0              10       0                               0D   1564
     126    2888                                                00010000D   1565
     126       0               4       0                               0D   1566
     126    2892                                                00010000D   1567
     126       0               8       0                               0D   1568
     126    2900                                                00010000D   1569
     126       0              10       0                               0D   1570
     126    2910                                                00010000D   1571
     126       0               8       0                               0D   1572
     126    2918                                                00010000D   1573
     126       0              10       0                               0D   1574
     126    2928                                                00010000D   1575
     126       0               4       0                               0D   1576
     126    2932                                                00010000D   1577
     126       0               8       0                               0D   1578
     126    2940                                                00010000D   1579
     126       0              10       0                               0D   1580
     126    2950                                                00010000D   1581
     126       0               8       0                               0D   1582
     126    2958                                                00010000D   1583
     126       0              10       0                               0D   1584
     126    2968                                                00010000D   1585
     126       0               4       0                               0D   1586
     126    2972                                                00010000D   1587
     126       0               8       0                               0D   1588
     126    2980                                                00010000D   1589
     126       0              10       0                               0D   1590
     126    2990                                                00010000D   1591
     126       0               8       0                               0D   1592
     126    2998                                                00010000D   1593
     126       0              10       0                               0D   1594
     126    3008                                                00010000D   1595
     126       0               4       0                               0D   1596
     126    3012                                                00010000D   1597
     126       0               8       0                               0D   1598
     126    3020                                                00010000D   1599
     126       0              10       0                               0D   1600
     126    3030                                                00010000D   1601
     126       0               8       0                               0D   1602
     126    3038                                                00010000D   1603
     126       0              10       0                               0D   1604
     126    3048                                                00010000D   1605
     126       0               4       0                               0D   1606
     126    3052                                                00010000D   1607
     126       0               8       0                               0D   1608
     126    3060                                                00010000D   1609
     126       0              10       0                               0D   1610
     126    3070                                                00010000D   1611
     126       0               8       0                               0D   1612
     126    3078                                                00010000D   1613
     126       0              10       0                               0D   1614
     126    3088                                                00010000D   1615
     126       0               4       0                               0D   1616
     126    3092                                                00010000D   1617
     126       0               8       0                               0D   1618
     126    3100                                                00010000D   1619
     126       0              10       0                               0D   1620
     126    3110                                                00010000D   1621
     126       0               8       0                               0D   1622
     126    3118                                                00010000D   1623
     126       0              10       0                               0D   1624
     126    3128                                                00010000D   1625
     126       0               4       0                               0D   1626
     126    3132                                                00010000D   1627
     126       0               8       0                               0D   1628
     126    3140                                                00010000D   1629
     126       0              10       0                               0D   1630
     126    3150                                                00010000D   1631
     126       0               8       0                               0D   1632
     126    3158                                                00010000D   1633
     126       0              10       0                               0D   1634
     126    3168                                                00010000D   1635
     126       0               4       0                               0D   1636
     126    3172                                                00010000D   1637
     126       0               8       0                               0D   1638
     126    3180                                                00010000D   1639
     126       0              10       0                               0D   1640
     126    3190                                                00010000D   1641
     126       0               8       0                               0D   1642
     126    3198                                                00010000D   1643
     126       0              10       0                               0D   1644
     126    3208                                                00010000D   1645
     126       0               4       0                               0D   1646
     126    3212                                                00010000D   1647
     126       0               8       0                               0D   1648
     126    3220                                                00010000D   1649
     126       0              10       0                               0D   1650
     126    3230                                                00010000D   1651
     126       0               8       0                               0D   1652
     126    3238                                                00010000D   1653
     126       0              10       0                               0D   1654
     126    3248                                                00010000D   1655
     126       0               4       0                               0D   1656
     126    3252                                                00010000D   1657
     126       0               8       0                               0D   1658
     126    3260                                                00010000D   1659
     126       0              10       0                               0D   1660
     126    3270                                                00010000D   1661
     126       0               8       0                               0D   1662
     126    3278                                                00010000D   1663
     126       0              10       0                               0D   1664
     126    3288                                                00010000D   1665
     126       0               4       0                               0D   1666
     126    3292                                                00010000D   1667
     126       0               8       0                               0D   1668
     126    3300                                                00010000D   1669
     126       0              10       0                               0D   1670
     126    3310                                                00010000D   1671
     126       0               8       0                               0D   1672
     126    3318                                                00010000D   1673
     126       0              10       0                               0D   1674
     126    3328                                                00010000D   1675
     126       0               4       0                               0D   1676
     126    3332                                                00010000D   1677
     126       0               8       0                               0D   1678
     126    3340                                                00010000D   1679
     126       0              10       0                               0D   1680
     126    3350                                                00010000D   1681
     126       0               8       0                               0D   1682
     126    3358                                                00010000D   1683
     126       0              10       0                               0D   1684
     126    3368                                                00010000D   1685
     126       0               4       0                               0D   1686
     126    3372                                                00010000D   1687
     126       0               8       0                               0D   1688
     126    3380                                                00010000D   1689
     126       0              10       0                               0D   1690
     126    3390                                                00010000D   1691
     126       0               8       0                               0D   1692
     126    3398                                                00010000D   1693
     126       0              10       0                               0D   1694
     126    3408                                                00010000D   1695
     126       0               4       0                               0D   1696
     126    3412                                                00010000D   1697
     126       0               8       0                               0D   1698
     126    3420                                                00010000D   1699
     126       0              10       0                               0D   1700
     126    3430                                                00010000D   1701
     126       0               8       0                               0D   1702
     126    3438                                                00010000D   1703
     126       0              10       0                               0D   1704
     126    3448                                                00010000D   1705
     126       0               4       0                               0D   1706
     126    3452                                                00010000D   1707
     126       0               8       0                               0D   1708
     126    3460                                                00010000D   1709
     126       0              10       0                               0D   1710
     126    3470                                                00010000D   1711
     126       0               8       0                               0D   1712
     126    3478                                                00010000D   1713
     126       0              10       0                               0D   1714
     126    3488                                                00010000D   1715
     126       0               4       0                               0D   1716
     126    3492                                                00010000D   1717
     126       0               8       0                               0D   1718
     126    3500                                                00010000D   1719
     126       0              10       0                               0D   1720
     126    3510                                                00010000D   1721
     126       0               8       0                               0D   1722
     126    3518                                                00010000D   1723
     126       0              10       0                               0D   1724
     126    3528                                                00010000D   1725
     126       0               4       0                               0D   1726
     126    3532                                                00010000D   1727
     126       0               8       0                               0D   1728
     126    3540                                                00010000D   1729
     126       0              10       0                               0D   1730
     126    3550                                                00010000D   1731
     126       0               8       0                               0D   1732
     126    3558                                                00010000D   1733
     126       0              10       0                               0D   1734
     126    3568                                                00010000D   1735
     126       0               4       0                               0D   1736
     126    3572                                                00010000D   1737
     126       0               8       0                               0D   1738
     126    3580                                                00010000D   1739
     126       0              10       0                               0D   1740
     126    3590                                                00010000D   1741
     126       0               8       0                               0D   1742
     126    3598                                                00010000D   1743
     126       0              10       0                               0D   1744
     126    3608                                                00010000D   1745
     126       0               4       0                               0D   1746
     126    3612                                                00010000D   1747
     126       0               8       0                               0D   1748
     126    3620                                                00010000D   1749
     126       0              10       0                               0D   1750
     126    3630                                                00010000D   1751
     126       0               8       0                               0D   1752
     126    3638                                                00010000D   1753
     126       0              10       0                               0D   1754
     126    3648                                                00010000D   1755
     126       0               4       0                               0D   1756
     126    3652                                                00010000D   1757
     126       0               8       0                               0D   1758
     126    3660                                                00010000D   1759
     126       0              10       0                               0D   1760
     126    3670                                                00010000D   1761
     126       0               8       0                               0D   1762
     126    3678                                                00010000D   1763
     126       0              10       0                               0D   1764
     126    3688                                                00010000D   1765
     126       0               4       0                               0D   1766
     126    3692                                                00010000D   1767
     126       0               8       0                               0D   1768
     126    3700                                                00010000D   1769
     126       0              10       0                               0D   1770
     126    3710                                                00010000D   1771
     126       0               8       0                               0D   1772
     126    3718                                                00010000D   1773
     126       0              10       0                               0D   1774
     126    3728                                                00010000D   1775
     126       0               4       0                               0D   1776
     126    3732                                                00010000D   1777
     126       0               8       0                               0D   1778
     126    3740                                                00010000D   1779
     126       0              10       0                               0D   1780
     126    3750                                                00010000D   1781
     126       0               8       0                               0D   1782
     126    3758                                                00010000D   1783
     126       0              10       0                               0D   1784
     126    3768                                                00010000D   1785
     126       0               4       0                               0D   1786
     126    3772                                                00010000D   1787
     126       0               8       0                               0D   1788
     126    3780                                                00010000D   1789
     126       0              10       0                               0D   1790
     126    3790                                                00010000D   1791
     126       0               8       0                               0D   1792
     126    3798                                                00010000D   1793
     126       0              10       0                               0D   1794
     126    3808                                                00010000D   1795
     126       0               4       0                               0D   1796
     126    3812                                                00010000D   1797
     126       0               8       0                               0D   1798
     126    3820                                                00010000D   1799
     126       0              10       0                               0D   1800
     126    3830                                                00010000D   1801
     126       0               8       0                               0D   1802
     126    3838                                                00010000D   1803
     126       0              10       0                               0D   1804
     126    3848                                                00010000D   1805
     126       0               4       0                               0D   1806
     126    3852                                                00010000D   1807
     126       0               8       0                               0D   1808
     126    3860                                                00010000D   1809
     126       0              10       0                               0D   1810
     126    3870                                                00010000D   1811
     126       0               8       0                               0D   1812
     126    3878                                                00010000D   1813
     126       0              10       0                               0D   1814
     126    3888                                                00010000D   1815
     126       0               4       0                               0D   1816
     126    3892                                                00010000D   1817
     126       0               8       0                               0D   1818
     126    3900                                                00010000D   1819
     126       0              10       0                               0D   1820
     126    3910                                                00010000D   1821
     126       0               8       0                               0D   1822
     126    3918                                                00010000D   1823
     126       0              10       0                               0D   1824
     126    3928                                                00010000D   1825
     126       0               4       0                               0D   1826
     126    3932                                                00010000D   1827
     126       0               8       0                               0D   1828
     126    3940                                                00010000D   1829
     126       0              10       0                               0D   1830
     126    3950                                                00010000D   1831
     126       0               8       0                               0D   1832
     126    3958                                                00010000D   1833
     126       0              10       0                               0D   1834
     126    3968                                                00010000D   1835
     126       0               4       0                               0D   1836
     126    3972                                                00010000D   1837
     126       0               8       0                               0D   1838
     126    3980                                                00010000D   1839
     126       0              10       0                               0D   1840
     126    3990                                                00010000D   1841
     126       0               8       0                               0D   1842
     126    3998                                                00010000D   1843
     126       0              10       0                               0D   1844
     126    4008                                                00010000D   1845
     126       0               4       0                               0D   1846
     126    4012                                                00010000D   1847
     126       0               8       0                               0D   1848
     126    4020                                                00010000D   1849
     126       0              10       0                               0D   1850
     126    4030                                                00010000D   1851
     126       0               8       0                               0D   1852
     126    4038                                                00010000D   1853
     126       0              10       0                               0D   1854
     126    4048                                                00010000D   1855
     126       0               4       0                               0D   1856
     126    4052                                                00010000D   1857
     126       0               8       0                               0D   1858
     126    4060                                                00010000D   1859
     126       0              10       0                               0D   1860
     126    4070                                                00010000D   1861
     126       0               8       0                               0D   1862
     126    4078                                                00010000D   1863
     126       0              10       0                               0D   1864
     126    4088                                                00010000D   1865
     126       0               4       0                               0D   1866
     126    4092                                                00010000D   1867
     126       0               8       0                               0D   1868
     126    4100                                                00010000D   1869
     126       0              10       0                               0D   1870
     126    4110                                                00010000D   1871
     126       0               8       0                               0D   1872
     126    4118                                                00010000D   1873
     126       0              10       0                               0D   1874
     126    4128                                                00010000D   1875
     126       0               4       0                               0D   1876
     126    4132                                                00010000D   1877
     126       0               8       0                               0D   1878
     126    4140                                                00010000D   1879
     126       0              10       0                               0D   1880
     126    4150                                                00010000D   1881
     126       0               8       0                               0D   1882
     126    4158                                                00010000D   1883
     126       0              10       0                               0D   1884
     126    4168                                                00010000D   1885
     126       0               4       0                               0D   1886
     126    4172                                                00010000D   1887
     126       0               8       0                               0D   1888
     126    4180                                                00010000D   1889
     126       0              10       0                               0D   1890
     126    4190                                                00010000D   1891
     126       0               8       0                               0D   1892
     126    4198                                                00010000D   1893
     126       0              10       0                               0D   1894
     126    4208                                                00010000D   1895
     126       0               4       0                               0D   1896
     126    4212                                                00010000D   1897
     126       0               8       0                               0D   1898
     126    4220                                                00010000D   1899
     126       0              10       0                               0D   1900
     126    4230                                                00010000D   1901
     126       0               8       0                               0D   1902
     126    4238                                                00010000D   1903
     126       0              10       0                               0D   1904
     126    4248                                                00010000D   1905
     126       0               4       0                               0D   1906
     126    4252                                                00010000D   1907
     126       0               8       0                               0D   1908
     126    4260                                                00010000D   1909
     126       0              10       0                               0D   1910
     126    4270                                                00010000D   1911
     126       0               8       0                               0D   1912
     126    4278                                                00010000D   1913
     126       0              10       0                               0D   1914
     126    4288                                                00010000D   1915
     126       0               4       0                               0D   1916
     126    4292                                                00010000D   1917
     126       0               8       0                               0D   1918
     126    4300                                                00010000D   1919
     126       0              10       0                               0D   1920
     126    4310                                                00010000D   1921
     126       0               8       0                               0D   1922
     126    4318                                                00010000D   1923
     126       0              10       0                               0D   1924
     126    4328                                                00010000D   1925
     126       0               4       0                               0D   1926
     126    4332                                                00010000D   1927
     126       0               8       0                               0D   1928
     126    4340                                                00010000D   1929
     126       0              10       0                               0D   1930
     126    4350                                                00010000D   1931
     126       0               8       0                               0D   1932
     126    4358                                                00010000D   1933
     126       0              10       0                               0D   1934
     126    4368                                                00010000D   1935
     126       0               4       0                               0D   1936
     126    4372                                                00010000D   1937
     126       0               8       0                               0D   1938
     126    4380                                                00010000D   1939
     126       0              10       0                               0D   1940
     126    4390                                                00010000D   1941
     126       0               8       0                               0D   1942
     126    4398                                                00010000D   1943
     126       0              10       0                               0D   1944
     126    4408                                                00010000D   1945
     126       0               4       0                               0D   1946
     126    4412                                                00010000D   1947
     126       0               8       0                               0D   1948
     126    4420                                                00010000D   1949
     126       0              10       0                               0D   1950
     126    4430                                                00010000D   1951
     126       0               8       0                               0D   1952
     126    4438                                                00010000D   1953
     126       0              10       0                               0D   1954
     126    4448                                                00010000D   1955
     126       0               4       0                               0D   1956
     126    4452                                                00010000D   1957
     126       0               8       0                               0D   1958
     126    4460                                                00010000D   1959
     126       0              10       0                               0D   1960
     126    4470                                                00010000D   1961
     126       0               8       0                               0D   1962
     126    4478                                                00010000D   1963
     126       0              10       0                               0D   1964
     126    4488                                                00010000D   1965
     126       0               4       0                               0D   1966
     126    4492                                                00010000D   1967
     126       0               8       0                               0D   1968
     126    4500                                                00010000D   1969
     126       0              10       0                               0D   1970
     126    4510                                                00010000D   1971
     126       0               8       0                               0D   1972
     126    4518                                                00010000D   1973
     126       0              10       0                               0D   1974
     126    4528                                                00010000D   1975
     126       0               4       0                               0D   1976
     126    4532                                                00010000D   1977
     126       0               8       0                               0D   1978
     126    4540                                                00010000D   1979
     126       0              10       0                               0D   1980
     126    4550                                                00010000D   1981
     126       0               7       0                               0D   1982
     126    4557                                                00010000D   1983
     126       0               8       0                               0D   1984
     126    4565                                                00010000D   1985
     126       0               4       0                               0D   1986
     128    4569                                                00010000D   1987
     128       0   -2391       8       0                               0D   1988
     128    4577                                                00010000D   1989
     128       0   -2391      21       0                               0D   1990
     128    4598                                                00010000D   1991
     128       0   -2391       7       0                               0D   1992
     128    4605                                                00010000D   1993
     128       0   -2391      22       0                               0D   1994
     128    4627                                                00010000D   1995
     128       0   -2391       8       0                               0D   1996
     128    4635                                                00010000D   1997
     128       0   -2391      24       0                               0D   1998
     128    4659                                                00010000D   1999
     128       0   -2391       9       0                               0D   2000
     128    4668                                                00010000D   2001
     128       0   -2391      24       0                               0D   2002
     128    4692                                                00010000D   2003
     128       0   -2391       8       0                               0D   2004
     128    4700                                                00010000D   2005
     128       0   -2391      24       0                               0D   2006
     128    4724                                                00010000D   2007
     128       0   -2391       9       0                               0D   2008
     128    4733                                                00010000D   2009
     128       0   -2391      24       0                               0D   2010
     128    4757                                                00010000D   2011
     128       0   -2391       8       0                               0D   2012
     128    4765                                                00010000D   2013
     128       0   -2391      24       0                               0D   2014
     128    4789                                                00010000D   2015
     128       0   -2391       9       0                               0D   2016
     128    4798                                                00010000D   2017
     128       0   -2391      24       0                               0D   2018
     128    4822                                                00010000D   2019
     128       0   -2391       8       0                               0D   2020
     128    4830                                                00010000D   2021
     128       0   -2391      24       0                               0D   2022
     128    4854                                                00010000D   2023
     128       0   -2391       9       0                               0D   2024
     128    4863                                                00010000D   2025
     128       0   -2391      24       0                               0D   2026
     128    4887                                                00010000D   2027
     128       0   -2391       8       0                               0D   2028
     128    4895                                                00010000D   2029
     128       0   -2391      24       0                               0D   2030
     128    4919                                                00010000D   2031
     128       0   -2391       9       0                               0D   2032
     128    4928                                                00010000D   2033
     128       0   -2391      24       0                               0D   2034
     128    4952                                                00010000D   2035
     128       0   -2391       8       0                               0D   2036
     128    4960                                                00010000D   2037
     128       0   -2391      24       0                               0D   2038
     128    4984                                                00010000D   2039
     128       0   -2391       9       0                               0D   2040
     128    4993                                                00010000D   2041
     128       0   -2391      24       0                               0D   2042
     128    5017                                                00010000D   2043
     128       0   -2391       8       0                               0D   2044
     128    5025                                                00010000D   2045
     128       0   -2391      24       0                               0D   2046
     128    5049                                                00010000D   2047
     128       0   -2391       9       0                               0D   2048
     128    5058                                                00010000D   2049
     128       0   -2391      24       0                               0D   2050
     128    5082                                                00010000D   2051
     128       0   -2391       8       0                               0D   2052
     128    5090                                                00010000D   2053
     128       0   -2391      24       0                               0D   2054
     128    5114                                                00010000D   2055
     128       0   -2391       9       0                               0D   2056
     128    5123                                                00010000D   2057
     128       0   -2391      24       0                               0D   2058
     128    5147                                                00010000D   2059
     128       0   -2391       8       0                               0D   2060
     128    5155                                                00010000D   2061
     128       0   -2391      24       0                               0D   2062
     128    5179                                                00010000D   2063
     128       0   -2391       9       0                               0D   2064
     128    5188                                                00010000D   2065
     128       0   -2391      24       0                               0D   2066
     128    5212                                                00010000D   2067
     128       0   -2391       8       0                               0D   2068
     128    5220                                                00010000D   2069
     128       0   -2391      24       0                               0D   2070
     128    5244                                                00010000D   2071
     128       0   -2391       9       0                               0D   2072
     128    5253                                                00010000D   2073
     128       0   -2391      24       0                               0D   2074
     128    5277                                                00010000D   2075
     128       0   -2391       8       0                               0D   2076
     128    5285                                                00010000D   2077
     128       0   -2391      24       0                               0D   2078
     128    5309                                                00010000D   2079
     128       0   -2391       9       0                               0D   2080
     128    5318                                                00010000D   2081
     128       0   -2391      24       0                               0D   2082
     128    5342                                                00010000D   2083
     128       0   -2391       8       0                               0D   2084
     128    5350                                                00010000D   2085
     128       0   -2391      24       0                               0D   2086
     128    5374                                                00010000D   2087
     128       0   -2391       9       0                               0D   2088
     128    5383                                                00010000D   2089
     128       0   -2391      24       0                               0D   2090
     128    5407                                                00010000D   2091
     128       0   -2391       8       0                               0D   2092
     128    5415                                                00010000D   2093
     128       0   -2391      24       0                               0D   2094
     128    5439                                                00010000D   2095
     128       0   -2391       9       0                               0D   2096
     128    5448                                                00010000D   2097
     128       0   -2391      24       0                               0D   2098
     128    5472                                                00010000D   2099
     128       0   -2391       8       0                               0D   2100
     128    5480                                                00010000D   2101
     128       0   -2391      24       0                               0D   2102
     128    5504                                                00010000D   2103
     128       0   -2391       9       0                               0D   2104
     128    5513                                                00010000D   2105
     128       0   -2391      24       0                               0D   2106
     128    5537                                                00010000D   2107
     128       0   -2391       8       0                               0D   2108
     128    5545                                                00010000D   2109
     128       0   -2391      24       0                               0D   2110
     128    5569                                                00010000D   2111
     128       0   -2391       9       0                               0D   2112
     128    5578                                                00010000D   2113
     128       0   -2391      24       0                               0D   2114
     128    5602                                                00010000D   2115
     128       0   -2391       8       0                               0D   2116
     128    5610                                                00010000D   2117
     128       0   -2391      24       0                               0D   2118
     128    5634                                                00010000D   2119
     128       0   -2391       9       0                               0D   2120
     128    5643                                                00010000D   2121
     128       0   -2391      24       0                               0D   2122
     128    5667                                                00010000D   2123
     128       0   -2391       8       0                               0D   2124
     128    5675                                                00010000D   2125
     128       0   -2391      24       0                               0D   2126
     128    5699                                                00010000D   2127
     128       0   -2391       9       0                               0D   2128
     128    5708                                                00010000D   2129
     128       0   -2391      24       0                               0D   2130
     128    5732                                                00010000D   2131
     128       0   -2391       8       0                               0D   2132
     128    5740                                                00010000D   2133
     128       0   -2391      24       0                               0D   2134
     128    5764                                                00010000D   2135
     128       0   -2391       9       0                               0D   2136
     128    5773                                                00010000D   2137
     128       0   -2391      24       0                               0D   2138
     128    5797                                                00010000D   2139
     128       0   -2391       8       0                               0D   2140
     128    5805                                                00010000D   2141
     128       0   -2391      24       0                               0D   2142
     128    5829                                                00010000D   2143
     128       0   -2391       9       0                               0D   2144
     128    5838                                                00010000D   2145
     128       0   -2391      24       0                               0D   2146
     128    5862                                                00010000D   2147
     128       0   -2391       8       0                               0D   2148
     128    5870                                                00010000D   2149
     128       0   -2391      24       0                               0D   2150
     128    5894                                                00010000D   2151
     128       0   -2391       9       0                               0D   2152
     128    5903                                                00010000D   2153
     128       0   -2391      24       0                               0D   2154
     128    5927                                                00010000D   2155
     128       0   -2391       8       0                               0D   2156
     128    5935                                                00010000D   2157
     128       0   -2391      24       0                               0D   2158
     128    5959                                                00010000D   2159
     128       0   -2391       9       0                               0D   2160
     128    5968                                                00010000D   2161
     128       0   -2391      24       0                               0D   2162
     128    5992                                                00010000D   2163
     128       0   -2391       8       0                               0D   2164
     128    6000                                                00010000D   2165
     128       0   -2391      24       0                               0D   2166
     128    6024                                                00010000D   2167
     128       0   -2391       9       0                               0D   2168
     128    6033                                                00010000D   2169
     128       0   -2391      24       0                               0D   2170
     128    6057                                                00010000D   2171
     128       0   -2391       8       0                               0D   2172
     128    6065                                                00010000D   2173
     128       0   -2391      24       0                               0D   2174
     128    6089                                                00010000D   2175
     128       0   -2391       9       0                               0D   2176
     128    6098                                                00010000D   2177
     128       0   -2391      24       0                               0D   2178
     128    6122                                                00010000D   2179
     128       0   -2391       8       0                               0D   2180
     128    6130                                                00010000D   2181
     128       0   -2391      24       0                               0D   2182
     128    6154                                                00010000D   2183
     128       0   -2391       9       0                               0D   2184
     128    6163                                                00010000D   2185
     128       0   -2391      24       0                               0D   2186
     128    6187                                                00010000D   2187
     128       0   -2391       8       0                               0D   2188
     128    6195                                                00010000D   2189
     128       0   -2391      24       0                               0D   2190
     128    6219                                                00010000D   2191
     128       0   -2391       9       0                               0D   2192
     128    6228                                                00010000D   2193
     128       0   -2391      24       0                               0D   2194
     128    6252                                                00010000D   2195
     128       0   -2391       8       0                               0D   2196
     128    6260                                                00010000D   2197
     128       0   -2391      24       0                               0D   2198
     128    6284                                                00010000D   2199
     128       0   -2391       9       0                               0D   2200
     128    6293                                                00010000D   2201
     128       0   -2391      24       0                               0D   2202
     128    6317                                                00010000D   2203
     128       0   -2391       8       0                               0D   2204
     128    6325                                                00010000D   2205
     128       0   -2391      24       0                               0D   2206
     128    6349                                                00010000D   2207
     128       0   -2391       9       0                               0D   2208
     128    6358                                                00010000D   2209
     128       0   -2391      24       0                               0D   2210
     128    6382                                                00010000D   2211
     128       0   -2391       8       0                               0D   2212
     128    6390                                                00010000D   2213
     128       0   -2391      24       0                               0D   2214
     128    6414                                                00010000D   2215
     128       0   -2391       9       0                               0D   2216
     128    6423                                                00010000D   2217
     128       0   -2391      24       0                               0D   2218
     128    6447                                                00010000D   2219
     128       0   -2391       8       0                               0D   2220
     128    6455                                                00010000D   2221
     128       0   -2391      24       0                               0D   2222
     128    6479                                                00010000D   2223
     128       0   -2391       9       0                               0D   2224
     128    6488                                                00010000D   2225
     128       0   -2391      24       0                               0D   2226
     128    6512                                                00010000D   2227
     128       0   -2391       8       0                               0D   2228
     128    6520                                                00010000D   2229
     128       0   -2391      24       0                               0D   2230
     128    6544                                                00010000D   2231
     128       0   -2391       9       0                               0D   2232
     128    6553                                                00010000D   2233
     128       0   -2391      24       0                               0D   2234
     128    6577                                                00010000D   2235
     128       0   -2391       8       0                               0D   2236
     128    6585                                                00010000D   2237
     128       0   -2391      24       0                               0D   2238
     128    6609                                                00010000D   2239
     128       0   -2391       9       0                               0D   2240
     128    6618                                                00010000D   2241
     128       0   -2391      24       0                               0D   2242
     128    6642                                                00010000D   2243
     128       0   -2391       8       0                               0D   2244
     128    6650                                                00010000D   2245
     128       0   -2391      24       0                               0D   2246
     128    6674                                                00010000D   2247
     128       0   -2391       9       0                               0D   2248
     128    6683                                                00010000D   2249
     128       0   -2391      24       0                               0D   2250
     128    6707                                                00010000D   2251
     128       0   -2391       8       0                               0D   2252
     128    6715                                                00010000D   2253
     128       0   -2391      24       0                               0D   2254
     128    6739                                                00010000D   2255
     128       0   -2391       9       0                               0D   2256
     128    6748                                                00010000D   2257
     128       0   -2391      24       0                               0D   2258
     128    6772                                                00010000D   2259
     128       0   -2391       8       0                               0D   2260
     128    6780                                                00010000D   2261
     128       0   -2391      24       0                               0D   2262
     128    6804                                                00010000D   2263
     128       0   -2391       9       0                               0D   2264
     128    6813                                                00010000D   2265
     128       0   -2391      24       0                               0D   2266
     128    6837                                                00010000D   2267
     128       0   -2391       8       0                               0D   2268
     128    6845                                                00010000D   2269
     128       0   -2391      24       0                               0D   2270
     128    6869                                                00010000D   2271
     128       0   -2391       9       0                               0D   2272
     128    6878                                                00010000D   2273
     128       0   -2391      24       0                               0D   2274
     128    6902                                                00010000D   2275
     128       0   -2391       8       0                               0D   2276
     128    6910                                                00010000D   2277
     128       0   -2391      24       0                               0D   2278
     128    6934                                                00010000D   2279
     128       0   -2391       9       0                               0D   2280
     128    6943                                                00010000D   2281
     128       0   -2391      24       0                               0D   2282
     128    6967                                                00010000D   2283
     128       0   -2391       8       0                               0D   2284
     128    6975                                                00010000D   2285
     128       0   -2391      24       0                               0D   2286
     128    6999                                                00010000D   2287
     128       0   -2391       9       0                               0D   2288
     128    7008                                                00010000D   2289
     128       0   -2391      24       0                               0D   2290
     128    7032                                                00010000D   2291
     128       0   -2391       8       0                               0D   2292
     128    7040                                                00010000D   2293
     128       0   -2391      24       0                               0D   2294
     128    7064                                                00010000D   2295
     128       0   -2391       9       0                               0D   2296
     128    7073                                                00010000D   2297
     128       0   -2391      24       0                               0D   2298
     128    7097                                                00010000D   2299
     128       0   -2391       8       0                               0D   2300
     128    7105                                                00010000D   2301
     128       0   -2391      24       0                               0D   2302
     128    7129                                                00010000D   2303
     128       0   -2391       9       0                               0D   2304
     128    7138                                                00010000D   2305
     128       0   -2391      24       0                               0D   2306
     128    7162                                                00010000D   2307
     128       0   -2391       8       0                               0D   2308
     128    7170                                                00010000D   2309
     128       0   -2391      24       0                               0D   2310
     128    7194                                                00010000D   2311
     128       0   -2391       9       0                               0D   2312
     128    7203                                                00010000D   2313
     128       0   -2391      24       0                               0D   2314
     128    7227                                                00010000D   2315
     128       0   -2391       8       0                               0D   2316
     128    7235                                                00010000D   2317
     128       0   -2391      24       0                               0D   2318
     128    7259                                                00010000D   2319
     128       0   -2391       9       0                               0D   2320
     128    7268                                                00010000D   2321
     128       0   -2391      24       0                               0D   2322
     128    7292                                                00010000D   2323
     128       0   -2391       8       0                               0D   2324
     128    7300                                                00010000D   2325
     128       0   -2391      24       0                               0D   2326
     128    7324                                                00010000D   2327
     128       0   -2391       9       0                               0D   2328
     128    7333                                                00010000D   2329
     128       0   -2391      24       0                               0D   2330
     128    7357                                                00010000D   2331
     128       0   -2391       8       0                               0D   2332
     128    7365                                                00010000D   2333
     128       0   -2391      24       0                               0D   2334
     128    7389                                                00010000D   2335
     128       0   -2391       9       0                               0D   2336
     128    7398                                                00010000D   2337
     128       0   -2391      24       0                               0D   2338
     128    7422                                                00010000D   2339
     128       0   -2391       8       0                               0D   2340
     128    7430                                                00010000D   2341
     128       0   -2391      24       0                               0D   2342
     128    7454                                                00010000D   2343
     128       0   -2391       9       0                               0D   2344
     128    7463                                                00010000D   2345
     128       0   -2391      24       0                               0D   2346
     128    7487                                                00010000D   2347
     128       0   -2391       8       0                               0D   2348
     128    7495                                                00010000D   2349
     128       0   -2391      24       0                               0D   2350
     128    7519                                                00010000D   2351
     128       0   -2391       9       0                               0D   2352
     128    7528                                                00010000D   2353
     128       0   -2391      24       0                               0D   2354
     128    7552                                                00010000D   2355
     128       0   -2391       8       0                               0D   2356
     128    7560                                                00010000D   2357
     128       0   -2391      24       0                               0D   2358
     128    7584                                                00010000D   2359
     128       0   -2391       9       0                               0D   2360
     128    7593                                                00010000D   2361
     128       0   -2391      24       0                               0D   2362
     128    7617                                                00010000D   2363
     128       0   -2391       8       0                               0D   2364
     128    7625                                                00010000D   2365
     128       0   -2391      24       0                               0D   2366
     128    7649                                                00010000D   2367
     128       0   -2391       9       0                               0D   2368
     128    7658                                                00010000D   2369
     128       0   -2391      24       0                               0D   2370
     128    7682                                                00010000D   2371
     128       0   -2391       8       0                               0D   2372
     128    7690                                                00010000D   2373
     128       0   -2391      24       0                               0D   2374
     128    7714                                                00010000D   2375
     128       0   -2391       9       0                               0D   2376
     128    7723                                                00010000D   2377
     128       0   -2391      24       0                               0D   2378
     128    7747                                                00010000D   2379
     128       0   -2391       8       0                               0D   2380
     128    7755                                                00010000D   2381
     128       0   -2391      21       0                               0D   2382
     128    7776                                                00010000D   2383
     128       0   -2391       7       0                               0D   2384
     502    7783                                                00010000D   2385
     502                     263       1                               0D   2386
     504    8046                                                00010001D   2387
     504                     181       1                               0D   2388
     406    8227                                                00000000D   2389
     406                       1      15                               0D   2390
     314    8228                                                00000200D   2391
     314                       2       0                               0D   2392
186,3,1,0,0,1,2389;                                                    1P      1
514,199,5,1,7,1,9,1,11,1,13,1,15,1,17,1,19,1,21,1,23,1,25,1,27,        3P      2
1,29,1,31,1,33,1,35,1,37,1,39,1,41,1,43,1,45,1,47,1,49,1,51,1,         3P      3
53,1,55,1,57,1,59,1,61,1,63,1,65,1,67,1,69,1,71,1,73,1,75,1,77,        3P      4
1,79,1,81,1,83,1,85,1,87,1,89,1,91,1,93,1,95,1,97,1,99,1,101,1,        3P      5
103,1,105,1,107,1,109,1,111,1,113,1,115,1,117,1,119,1,121,1,123,       3P      6
1,125,1,127,1,129,1,131,1,133,1,135,1,137,1,139,1,141,1,143,1,         3P      7
145,1,147,1,149,1,151,1,153,1,155,1,157,1,159,1,161,1,163,1,165,       3P      8
1,167,1,169,1,171,1,173,1,175,1,177,1,179,1,181,1,183,1,185,1,         3P      9
187,1,189,1,191,1,193,1,195,1,197,1,199,1,201,1,203,1,205,1,207,       3P     10
1,209,1,211,1,213,1,215,1,217,1,219,1,221,1,223,1,225,1,227,1,         3P     11
229,1,231,1,233,1,235,1,237,1,239,1,241,1,243,1,245,1,247,1,249,       3P     12
1,251,1,253,1,255,1,257,1,259,1,261,1,263,1,265,1,267,1,269,1,         3P     13
271,1,273,1,275,1,277,1,279,1,281,1,283,1,285,1,287,1,289,1,291,       3P     14
1,293,1,295,1,297,1,299,1,301,1,303,1,305,1,307,1,309,1,311,1,         3P     15
313,1,315,1,317,1,319,1,321,1,323,1,325,1,327,1,329,1,331,1,333,       3P     16
1,335,1,337,1,339,1,341,1,343,1,345,1,347,1,349,1,351,1,353,1,         3P     17
355,1,357,1,359,1,361,1,363,1,365,1,367,1,369,1,371,1,373,1,375,       3P     18
1,377,1,379,1,381,1,383,1,385,1,387,1,389,1,391,1,393,1,395,1,         3P     19
397,1,399,1,401,1;                                                     3P     20
510,1987,1,1,403;                                                      5P     21
510,1989,1,1,405;                                                      7P     22
510,1991,2,1,407,409;                                                  9P     23
510,1993,1,1,411;                                                     11P     24
510,1995,2,1,413,415;                                                 13P     25
510,1997,1,1,417;                                                     15P     26
510,1999,2,1,419,421;                                                 17P     27
510,2001,1,1,423;                                                     19P     28
510,2003,2,1,425,427;                                                 21P     29
510,2005,1,1,429;                                                     23P     30
510,2007,2,1,431,433;                                                 25P     31
510,2009,1,1,435;                                                     27P     32
510,2011,2,1,437,439;                                                 29P     33
510,2013,1,1,441;                                                     31P     34
510,2015,2,1,443,445;                                                 33P     35
510,2017,1,1,447;                                                     35P     36
510,2019,2,1,449,451;                                                 37P     37
510,2021,1,1,453;                                                     39P     38
510,2023,2,1,455,457;                                                 41P     39
510,2025,1,1,459;                                                     43P     40
510,2027,2,1,461,463;                                                 45P     41
510,2029,1,1,465;                                                     47P     42
510,2031,2,1,467,469;                                                 49P     43
510,2033,1,1,471;                                                     51P     44
510,2035,2,1,473,475;                                                 53P     45
510,2037,1,1,477;                                                     55P     46
510,2039,2,1,479,481;                                                 57P     47
510,2041,1,1,483;                                                     59P     48
510,2043,2,1,485,487;                                                 61P     49
510,2045,1,1,489;                                                     63P     50
510,2047,2,1,491,493;                                                 65P     51
510,2049,1,1,495;                                                     67P     52
510,2051,2,1,497,499;                                                 69P     53
510,2053,1,1,501;                                                     71P     54
510,2055,2,1,503,505;                                                 73P     55
510,2057,1,1,507;                                                     75P     56
510,2059,2,1,509,511;                                                 77P     57
510,2061,1,1,513;                                                     79P     58
510,2063,2,1,515,517;                                                 81P     59
510,2065,1,1,519;                                                     83P     60
510,2067,2,1,521,523;                                                 85P     61
510,2069,1,1,525;                                                     87P     62
510,2071,2,1,527,529;                                                 89P     63
510,2073,1,1,531;                                                     91P     64
510,2075,2,1,533,535;                                                 93P     65
510,2077,1,1,537;                                                     95P     66
510,2079,2,1,539,541;                                                 97P     67
510,2081,1,1,543;                                                     99P     68
510,2083,2,1,545,547;                                                101P     69
510,2085,1,1,549;                                                    103P     70
510,2087,2,1,551,553;                                                105P     71
510,2089,1,1,555;                                                    107P     72
510,2091,2,1,557,559;                                                109P     73
510,2093,1,1,561;                                                    111P     74
510,2095,2,1,563,565;                                                113P     75
510,2097,1,1,567;                                                    115P     76
510,2099,2,1,569,571;                                                117P     77
510,2101,1,1,573;                                                    119P     78
510,2103,2,1,575,577;                                                121P     79
510,2105,1,1,579;                                                    123P     80
510,2107,2,1,581,583;                                                125P     81
510,2109,1,1,585;                                                    127P     82
510,2111,2,1,587,589;                                                129P     83
510,2113,1,1,591;                                                    131P     84
510,2115,2,1,593,595;                                                133P     85
510,2117,1,1,597;                                                    135P     86
510,2119,2,1,599,601;                                                137P     87
510,2121,1,1,603;                                                    139P     88
510,2123,2,1,605,607;                                                141P     89
510,2125,1,1,609;                                                    143P     90
510,2127,2,1,611,613;                                                145P     91
510,2129,1,1,615;                                                    147P     92
510,2131,2,1,617,619;                                                149P     93
510,2133,1,1,621;                                                    151P     94
510,2135,2,1,623,625;                                                153P     95
510,2137,1,1,627;                                                    155P     96
510,2139,2,1,629,631;                                                157P     97
510,2141,1,1,633;                                                    159P     98
510,2143,2,1,635,637;                                                161P     99
510,2145,1,1,639;                                                    163P    100
510,2147,2,1,641,643;                                                165P    101
510,2149,1,1,645;                                                    167P    102
510,2151,2,1,647,649;                                                169P    103
510,2153,1,1,651;                                                    171P    104
510,2155,2,1,653,655;                                                173P    105
510,2157,1,1,657;                                                    175P    106
510,2159,2,1,659,661;                                                177P    107
510,2161,1,1,663;                                                    179P    108
510,2163,2,1,665,667;                                                181P    109
510,2165,1,1,669;                                                    183P    110
510,2167,2,1,671,673;                                                185P    111
510,2169,1,1,675;                                                    187P    112
510,2171,2,1,677,679;                                                189P    113
510,2173,1,1,681;                                                    191P    114
510,2175,2,1,683,685;                                                193P    115
510,2177,1,1,687;                                                    195P    116
510,2179,2,1,689,691;                                                197P    117
510,2181,1,1,693;                                                    199P    118
510,2183,2,1,695,697;                                                201P    119
510,2185,1,1,699;                                                    203P    120
510,2187,2,1,701,703;                                                205P    121
510,2189,1,1,705;                                                    207P    122
510,2191,2,1,707,709;                                                209P    123
510,2193,1,1,711;                                                    211P    124
510,2195,2,1,713,715;                                                213P    125
510,2197,1,1,717;                                                    215P    126
510,2199,2,1,719,721;                                                217P    127
510,2201,1,1,723;                                                    219P    128
510,2203,2,1,725,727;                                                221P    129
510,2205,1,1,729;                                                    223P    130
510,2207,2,1,731,733;                                                225P    131
510,2209,1,1,735;                                                    227P    132
510,2211,2,1,737,739;                                                229P    133
510,2213,1,1,741;                                                    231P    134
510,2215,2,1,743,745;                                                233P    135
510,2217,1,1,747;                                                    235P    136
510,2219,2,1,749,751;                                                237P    137
510,2221,1,1,753;                                                    239P    138
510,2223,2,1,755,757;                                                241P    139
510,2225,1,1,759;                                                    243P    140
510,2227,2,1,761,763;                                                245P    141
510,2229,1,1,765;                                                    247P    142
510,2231,2,1,767,769;                                                249P    143
510,2233,1,1,771;                                                    251P    144
510,2235,2,1,773,775;                                                253P    145
510,2237,1,1,777;                                                    255P    146
510,2239,2,1,779,781;                                                257P    147
510,2241,1,1,783;                                                    259P    148
510,2243,2,1,785,787;                                                261P    149
510,2245,1,1,789;                                                    263P    150
510,2247,2,1,791,793;                                                265P    151
510,2249,1,1,795;                                                    267P    152
510,2251,2,1,797,799;                                                269P    153
510,2253,1,1,801;                                                    271P    154
510,2255,2,1,803,805;                                                273P    155
510,2257,1,1,807;                                                    275P    156
510,2259,2,1,809,811;                                                277P    157
510,2261,1,1,813;                                                    279P    158
510,2263,2,1,815,817;                                                281P    159
510,2265,1,1,819;                                                    283P    160
510,2267,2,1,821,823;                                                285P    161
510,2269,1,1,825;                                                    287P    162
510,2271,2,1,827,829;                                                289P    163
510,2273,1,1,831;                                                    291P    164
510,2275,2,1,833,835;                                                293P    165
510,2277,1,1,837;                                                    295P    166
510,2279,2,1,839,841;                                                297P    167
510,2281,1,1,843;                                                    299P    168
510,2283,2,1,845,847;                                                301P    169
510,2285,1,1,849;                                                    303P    170
510,2287,2,1,851,853;                                                305P    171
510,2289,1,1,855;                                                    307P    172
510,2291,2,1,857,859;                                                309P    173
510,2293,1,1,861;                                                    311P    174
510,2295,2,1,863,865;                                                313P    175
510,2297,1,1,867;                                                    315P    176
510,2299,2,1,869,871;                                                317P    177
510,2301,1,1,873;                                                    319P    178
510,2303,2,1,875,877;                                                321P    179
510,2305,1,1,879;                                                    323P    180
510,2307,2,1,881,883;                                                325P    181
510,2309,1,1,885;                                                    327P    182
510,2311,2,1,887,889;                                                329P    183
510,2313,1,1,891;                                                    331P    184
510,2315,2,1,893,895;                                                333P    185
510,2317,1,1,897;                                                    335P    186
510,2319,2,1,899,901;                                                337P    187
510,2321,1,1,903;                                                    339P    188
510,2323,2,1,905,907;                                                341P    189
510,2325,1,1,909;                                                    343P    190
510,2327,2,1,911,913;                                                345P    191
510,2329,1,1,915;                                                    347P    192
510,2331,2,1,917,919;                                                349P    193
510,2333,1,1,921;                                                    351P    194
510,2335,2,1,923,925;                                                353P    195
510,2337,1,1,927;                                                    355P    196
510,2339,2,1,929,931;                                                357P    197
510,2341,1,1,933;                                                    359P    198
510,2343,2,1,935,937;                                                361P    199
510,2345,1,1,939;                                                    363P    200
510,2347,2,1,941,943;                                                365P    201
510,2349,1,1,945;                                                    367P    202
510,2351,2,1,947,949;                                                369P    203
510,2353,1,1,951;                                                    371P    204
510,2355,2,1,953,955;                                                373P    205
510,2357,1,1,957;                                                    375P    206
510,2359,2,1,959,961;                                                377P    207
510,2361,1,1,963;                                                    379P    208
510,2363,2,1,965,967;                                                381P    209
510,2365,1,1,969;                                                    383P    210
510,2367,2,1,971,973;                                                385P    211
510,2369,1,1,975;                                                    387P    212
510,2371,2,1,977,979;                                                389P    213
510,2373,1,1,981;                                                    391P    214
510,2375,2,1,983,985;                                                393P    215
510,2377,1,1,987;                                                    395P    216
510,2379,2,1,989,991;                                                397P    217
510,2381,1,1,993;                                                    399P    218
510,2383,1,1,995;                                                    401P    219
508,2,0,2387,1,0,0,0,2387,2,0,0;                                     403P    220
508,6,0,2387,3,0,0,0,2387,4,0,0,0,2387,5,1,0,0,2387,2,1,0,0,         405P    221
2387,1,1,0,0,2387,5,0,0;                                             405P    222
508,2,0,2387,3,1,0,0,2387,4,1,0;                                     407P    223
508,2,0,2387,6,0,0,0,2387,7,0,0;                                     409P    224
508,6,0,2387,8,0,0,0,2387,9,0,0,0,2387,10,1,0,0,2387,7,1,0,0,        411P    225
2387,6,1,0,0,2387,10,0,0;                                            411P    226
508,2,0,2387,11,0,0,0,2387,12,0,0;                                   413P    227
508,2,0,2387,8,1,0,0,2387,9,1,0;                                     415P    228
508,6,0,2387,13,0,0,0,2387,14,0,0,0,2387,15,1,0,0,2387,12,1,0,0,     417P    229
2387,11,1,0,0,2387,15,0,0;                                           417P    230
508,2,0,2387,13,1,0,0,2387,14,1,0;                                   419P    231
508,2,0,2387,16,0,0,0,2387,17,0,0;                                   421P    232
508,6,0,2387,18,0,0,0,2387,19,0,0,0,2387,20,1,0,0,2387,17,1,0,0,     423P    233
2387,16,1,0,0,2387,20,0,0;                                           423P    234
508,2,0,2387,21,0,0,0,2387,22,0,0;                                   425P    235
508,2,0,2387,18,1,0,0,2387,19,1,0;                                   427P    236
508,6,0,2387,23,0,0,0,2387,24,0,0,0,2387,25,1,0,0,2387,22,1,0,0,     429P    237
2387,21,1,0,0,2387,25,0,0;                                           429P    238
508,2,0,2387,23,1,0,0,2387,24,1,0;                                   431P    239
508,2,0,2387,26,0,0,0,2387,27,0,0;                                   433P    240
508,6,0,2387,28,0,0,0,2387,29,0,0,0,2387,30,1,0,0,2387,27,1,0,0,     435P    241
2387,26,1,0,0,2387,30,0,0;                                           435P    242
508,2,0,2387,31,0,0,0,2387,32,0,0;                                   437P    243
508,2,0,2387,28,1,0,0,2387,29,1,0;                                   439P    244
508,6,0,2387,33,0,0,0,2387,34,0,0,0,2387,35,1,0,0,2387,32,1,0,0,     441P    245
2387,31,1,0,0,2387,35,0,0;                                           441P    246
508,2,0,2387,33,1,0,0,2387,34,1,0;                                   443P    247
508,2,0,2387,36,0,0,0,2387,37,0,0;                                   445P    248
508,6,0,2387,38,0,0,0,2387,39,0,0,0,2387,40,1,0,0,2387,37,1,0,0,     447P    249
2387,36,1,0,0,2387,40,0,0;                                           447P    250
508,2,0,2387,41,0,0,0,2387,42,0,0;                                   449P    251
508,2,0,2387,38,1,0,0,2387,39,1,0;                                   451P    252
508,6,0,2387,43,0,0,0,2387,44,0,0,0,2387,45,1,0,0,2387,42,1,0,0,     453P    253
2387,41,1,0,0,2387,45,0,0;                                           453P    254
508,2,0,2387,43,1,0,0,2387,44,1,0;                                   455P    255
508,2,0,2387,46,0,0,0,2387,47,0,0;                                   457P    256
508,6,0,2387,48,0,0,0,2387,49,0,0,0,2387,50,1,0,0,2387,47,1,0,0,     459P    257
2387,46,1,0,0,2387,50,0,0;                                           459P    258
508,2,0,2387,51,0,0,0,2387,52,0,0;                                   461P    259
508,2,0,2387,48,1,0,0,2387,49,1,0;                                   463P    260
508,6,0,2387,53,0,0,0,2387,54,0,0,0,2387,55,1,0,0,2387,52,1,0,0,     465P    261
2387,51,1,0,0,2387,55,0,0;                                           465P    262
508,2,0,2387,53,1,0,0,2387,54,1,0;                                   467P    263
508,2,0,2387,56,0,0,0,2387,57,0,0;                                   469P    264
508,6,0,2387,58,0,0,0,2387,59,0,0,0,2387,60,1,0,0,2387,57,1,0,0,     471P    265
2387,56,1,0,0,2387,60,0,0;                                           471P    266
508,2,0,2387,61,0,0,0,2387,62,0,0;                                   473P    267
508,2,0,2387,58,1,0,0,2387,59,1,0;                                   475P    268
508,6,0,2387,63,0,0,0,2387,64,0,0,0,2387,65,1,0,0,2387,62,1,0,0,     477P    269
2387,61,1,0,0,2387,65,0,0;                                           477P    270
508,2,0,2387,63,1,0,0,2387,64,1,0;                                   479P    271
508,2,0,2387,66,0,0,0,2387,67,0,0;                                   481P    272
508,6,0,2387,68,0,0,0,2387,69,0,0,0,2387,70,1,0,0,2387,67,1,0,0,     483P    273
2387,66,1,0,0,2387,70,0,0;                                           483P    274
508,2,0,2387,71,0,0,0,2387,72,0,0;                                   485P    275
508,2,0,2387,68,1,0,0,2387,69,1,0;                                   487P    276
508,6,0,2387,73,0,0,0,2387,74,0,0,0,2387,75,1,0,0,2387,72,1,0,0,     489P    277
2387,71,1,0,0,2387,75,0,0;                                           489P    278
508,2,0,2387,73,1,0,0,2387,74,1,0;                                   491P    279
508,2,0,2387,76,0,0,0,2387,77,0,0;                                   493P    280
508,6,0,2387,78,0,0,0,2387,79,0,0,0,2387,80,1,0,0,2387,77,1,0,0,     495P    281
2387,76,1,0,0,2387,80,0,0;                                           495P    282
508,2,0,2387,81,0,0,0,2387,82,0,0;                                   497P    283
508,2,0,2387,78,1,0,0,2387,79,1,0;                                   499P    284
508,6,0,2387,83,0,0,0,2387,84,0,0,0,2387,85,1,0,0,2387,82,1,0,0,     501P    285
2387,81,1,0,0,2387,85,0,0;                                           501P    286
508,2,0,2387,83,1,0,0,2387,84,1,0;                                   503P    287
508,2,0,2387,86,0,0,0,2387,87,0,0;                                   505P    288
508,6,0,2387,88,0,0,0,2387,89,0,0,0,2387,90,1,0,0,2387,87,1,0,0,     507P    289
2387,86,1,0,0,2387,90,0,0;                                           507P    290
508,2,0,2387,91,0,0,0,2387,92,0,0;                                   509P    291
508,2,0,2387,88,1,0,0,2387,89,1,0;                                   511P    292
508,6,0,2387,93,0,0,0,2387,94,0,0,0,2387,95,1,0,0,2387,92,1,0,0,     513P    293
2387,91,1,0,0,2387,95,0,0;                                           513P    294
508,2,0,2387,93,1,0,0,2387,94,1,0;                                   515P    295
508,2,0,2387,96,0,0,0,2387,97,0,0;                                   517P    296
508,6,0,2387,98,0,0,0,2387,99,0,0,0,2387,100,1,0,0,2387,97,1,0,      519P    297
0,2387,96,1,0,0,2387,100,0,0;                                        519P    298
508,2,0,2387,101,0,0,0,2387,102,0,0;                                 521P    299
508,2,0,2387,98,1,0,0,2387,99,1,0;                                   523P    300
508,6,0,2387,103,0,0,0,2387,104,0,0,0,2387,105,1,0,0,2387,102,1,     525P    301
0,0,2387,101,1,0,0,2387,105,0,0;                                     525P    302
508,2,0,2387,103,1,0,0,2387,104,1,0;                                 527P    303
508,2,0,2387,106,0,0,0,2387,107,0,0;                                 529P    304
508,6,0,2387,108,0,0,0,2387,109,0,0,0,2387,110,1,0,0,2387,107,1,     531P    305
0,0,2387,106,1,0,0,2387,110,0,0;                                     531P    306
508,2,0,2387,111,0,0,0,2387,112,0,0;                                 533P    307
508,2,0,2387,108,1,0,0,2387,109,1,0;                                 535P    308
508,6,0,2387,113,0,0,0,2387,114,0,0,0,2387,115,1,0,0,2387,112,1,     537P    309
0,0,2387,111,1,0,0,2387,115,0,0;                                     537P    310
508,2,0,2387,113,1,0,0,2387,114,1,0;                                 539P    311
508,2,0,2387,116,0,0,0,2387,117,0,0;                                 541P    312
508,6,0,2387,118,0,0,0,2387,119,0,0,0,2387,120,1,0,0,2387,117,1,     543P    313
0,0,2387,116,1,0,0,2387,120,0,0;                                     543P    314
508,2,0,2387,121,0,0,0,2387,122,0,0;                                 545P    315
508,2,0,2387,118,1,0,0,2387,119,1,0;                                 547P    316
508,6,0,2387,123,0,0,0,2387,124,0,0,0,2387,125,1,0,0,2387,122,1,     549P    317
0,0,2387,121,1,0,0,2387,125,0,0;                                     549P    318
508,2,0,2387,123,1,0,0,2387,124,1,0;                                 551P    319
508,2,0,2387,126,0,0,0,2387,127,0,0;                                 553P    320
508,6,0,2387,128,0,0,0,2387,129,0,0,0,2387,130,1,0,0,2387,127,1,     555P    321
0,0,2387,126,1,0,0,2387,130,0,0;                                     555P    322
508,2,0,2387,131,0,0,0,2387,132,0,0;                                 557P    323
508,2,0,2387,128,1,0,0,2387,129,1,0;                                 559P    324
508,6,0,2387,133,0,0,0,2387,134,0,0,0,2387,135,1,0,0,2387,132,1,     561P    325
0,0,2387,131,1,0,0,2387,135,0,0;                                     561P    326
508,2,0,2387,133,1,0,0,2387,134,1,0;                                 563P    327
508,2,0,2387,136,0,0,0,2387,137,0,0;                                 565P    328
508,6,0,2387,138,0,0,0,2387,139,0,0,0,2387,140,1,0,0,2387,137,1,     567P    329
0,0,2387,136,1,0,0,2387,140,0,0;                                     567P    330
508,2,0,2387,141,0,0,0,2387,142,0,0;                                 569P    331
508,2,0,2387,138,1,0,0,2387,139,1,0;                                 571P    332
508,6,0,2387,143,0,0,0,2387,144,0,0,0,2387,145,1,0,0,2387,142,1,     573P    333
0,0,2387,141,1,0,0,2387,145,0,0;                                     573P    334
508,2,0,2387,143,1,0,0,2387,144,1,0;                                 575P    335
508,2,0,2387,146,0,0,0,2387,147,0,0;                                 577P    336
508,6,0,2387,148,0,0,0,2387,149,0,0,0,2387,150,1,0,0,2387,147,1,     579P    337
0,0,2387,146,1,0,0,2387,150,0,0;                                     579P    338
508,2,0,2387,151,0,0,0,2387,152,0,0;                                 581P    339
508,2,0,2387,148,1,0,0,2387,149,1,0;                                 583P    340
508,6,0,2387,153,0,0,0,2387,154,0,0,0,2387,155,1,0,0,2387,152,1,     585P    341
0,0,2387,151,1,0,0,2387,155,0,0;                                     585P    342
508,2,0,2387,153,1,0,0,2387,154,1,0;                                 587P    343
508,2,0,2387,156,0,0,0,2387,157,0,0;                                 589P    344
508,6,0,2387,158,0,0,0,2387,159,0,0,0,2387,160,1,0,0,2387,157,1,     591P    345
0,0,2387,156,1,0,0,2387,160,0,0;                                     591P    346
508,2,0,2387,161,0,0,0,2387,162,0,0;                                 593P    347
508,2,0,2387,158,1,0,0,2387,159,1,0;                                 595P    348
508,6,0,2387,163,0,0,0,2387,164,0,0,0,2387,165,1,0,0,2387,162,1,     597P    349
0,0,2387,161,1,0,0,2387,165,0,0;                                     597P    350
508,2,0,2387,163,1,0,0,2387,164,1,0;                                 599P    351
508,2,0,2387,166,0,0,0,2387,167,0,0;                                 601P    352
508,6,0,2387,168,0,0,0,2387,169,0,0,0,2387,170,1,0,0,2387,167,1,     603P    353
0,0,2387,166,1,0,0,2387,170,0,0;                                     603P    354
508,2,0,2387,171,0,0,0,2387,172,0,0;                                 605P    355
508,2,0,2387,168,1,0,0,2387,169,1,0;                                 607P    356
508,6,0,2387,173,0,0,0,2387,174,0,0,0,2387,175,1,0,0,2387,172,1,     609P    357
0,0,2387,171,1,0,0,2387,175,0,0;                                     609P    358
508,2,0,2387,173,1,0,0,2387,174,1,0;                                 611P    359
508,2,0,2387,176,0,0,0,2387,177,0,0;                                 613P    360
508,6,0,2387,178,0,0,0,2387,179,0,0,0,2387,180,1,0,0,2387,177,1,     615P    361
0,0,2387,176,1,0,0,2387,180,0,0;                                     615P    362
508,2,0,2387,181,0,0,0,2387,182,0,0;                                 617P    363
508,2,0,2387,178,1,0,0,2387,179,1,0;                                 619P    364
508,6,0,2387,183,0,0,0,2387,184,0,0,0,2387,185,1,0,0,2387,182,1,     621P    365
0,0,2387,181,1,0,0,2387,185,0,0;                                     621P    366
508,2,0,2387,183,1,0,0,2387,184,1,0;                                 623P    367
508,2,0,2387,186,0,0,0,2387,187,0,0;                                 625P    368
508,6,0,2387,188,0,0,0,2387,189,0,0,0,2387,190,1,0,0,2387,187,1,     627P    369
0,0,2387,186,1,0,0,2387,190,0,0;                                     627P    370
508,2,0,2387,191,0,0,0,2387,192,0,0;                                 629P    371
508,2,0,2387,188,1,0,0,2387,189,1,0;                                 631P    372
508,6,0,2387,193,0,0,0,2387,194,0,0,0,2387,195,1,0,0,2387,192,1,     633P    373
0,0,2387,191,1,0,0,2387,195,0,0;                                     633P    374
508,2,0,2387,193,1,0,0,2387,194,1,0;                                 635P    375
508,2,0,2387,196,0,0,0,2387,197,0,0;                                 637P    376
508,6,0,2387,198,0,0,0,2387,199,0,0,0,2387,200,1,0,0,2387,197,1,     639P    377
0,0,2387,196,1,0,0,2387,200,0,0;                                     639P    378
508,2,0,2387,201,0,0,0,2387,202,0,0;                                 641P    379
508,2,0,2387,198,1,0,0,2387,199,1,0;                                 643P    380
508,6,0,2387,203,0,0,0,2387,204,0,0,0,2387,205,1,0,0,2387,202,1,     645P    381
0,0,2387,201,1,0,0,2387,205,0,0;                                     645P    382
508,2,0,2387,203,1,0,0,2387,204,1,0;                                 647P    383
508,2,0,2387,206,0,0,0,2387,207,0,0;                                 649P    384
508,6,0,2387,208,0,0,0,2387,209,0,0,0,2387,210,1,0,0,2387,207,1,     651P    385
0,0,2387,206,1,0,0,2387,210,0,0;                                     651P    386
508,2,0,2387,211,0,0,0,2387,212,0,0;                                 653P    387
508,2,0,2387,208,1,0,0,2387,209,1,0;                                 655P    388
508,6,0,2387,213,0,0,0,2387,214,0,0,0,2387,215,1,0,0,2387,212,1,     657P    389
0,0,2387,211,1,0,0,2387,215,0,0;                                     657P    390
508,2,0,2387,213,1,0,0,2387,214,1,0;                                 659P    391
508,2,0,2387,216,0,0,0,2387,217,0,0;                                 661P    392
508,6,0,2387,218,0,0,0,2387,219,0,0,0,2387,220,1,0,0,2387,217,1,     663P    393
0,0,2387,216,1,0,0,2387,220,0,0;                                     663P    394
508,2,0,2387,221,0,0,0,2387,222,0,0;                                 665P    395
508,2,0,2387,218,1,0,0,2387,219,1,0;                                 667P    396
508,6,0,2387,223,0,0,0,2387,224,0,0,0,2387,225,1,0,0,2387,222,1,     669P    397
0,0,2387,221,1,0,0,2387,225,0,0;                                     669P    398
508,2,0,2387,223,1,0,0,2387,224,1,0;                                 671P    399
508,2,0,2387,226,0,0,0,2387,227,0,0;                                 673P    400
508,6,0,2387,228,0,0,0,2387,229,0,0,0,2387,230,1,0,0,2387,227,1,     675P    401
0,0,2387,226,1,0,0,2387,230,0,0;                                     675P    402
508,2,0,2387,231,0,0,0,2387,232,0,0;                                 677P    403
508,2,0,2387,228,1,0,0,2387,229,1,0;                                 679P    404
508,6,0,2387,233,0,0,0,2387,234,0,0,0,2387,235,1,0,0,2387,232,1,     681P    405
0,0,2387,231,1,0,0,2387,235,0,0;                                     681P    406
508,2,0,2387,233,1,0,0,2387,234,1,0;                                 683P    407
508,2,0,2387,236,0,0,0,2387,237,0,0;                                 685P    408
508,6,0,2387,238,0,0,0,2387,239,0,0,0,2387,240,1,0,0,2387,237,1,     687P    409
0,0,2387,236,1,0,0,2387,240,0,0;                                     687P    410
508,2,0,2387,241,0,0,0,2387,242,0,0;                                 689P    411
508,2,0,2387,238,1,0,0,2387,239,1,0;                                 691P    412
508,6,0,2387,243,0,0,0,2387,244,0,0,0,2387,245,1,0,0,2387,242,1,     693P    413
0,0,2387,241,1,0,0,2387,245,0,0;                                     693P    414
508,2,0,2387,243,1,0,0,2387,244,1,0;                                 695P    415
508,2,0,2387,246,0,0,0,2387,247,0,0;                                 697P    416
508,6,0,2387,248,0,0,0,2387,249,0,0,0,2387,250,1,0,0,2387,247,1,     699P    417
0,0,2387,246,1,0,0,2387,250,0,0;                                     699P    418
508,2,0,2387,251,0,0,0,2387,252,0,0;                                 701P    419
508,2,0,2387,248,1,0,0,2387,249,1,0;                                 703P    420
508,6,0,2387,253,0,0,0,2387,254,0,0,0,2387,255,1,0,0,2387,252,1,     705P    421
0,0,2387,251,1,0,0,2387,255,0,0;                                     705P    422
508,2,0,2387,253,1,0,0,2387,254,1,0;                                 707P    423
508,2,0,2387,256,0,0,0,2387,257,0,0;                                 709P    424
508,6,0,2387,258,0,0,0,2387,259,0,0,0,2387,260,1,0,0,2387,257,1,     711P    425
0,0,2387,256,1,0,0,2387,260,0,0;                                     711P    426
508,2,0,2387,261,0,0,0,2387,262,0,0;                                 713P    427
508,2,0,2387,258,1,0,0,2387,259,1,0;                                 715P    428
508,6,0,2387,263,0,0,0,2387,264,0,0,0,2387,265,1,0,0,2387,262,1,     717P    429
0,0,2387,261,1,0,0,2387,265,0,0;                                     717P    430
508,2,0,2387,263,1,0,0,2387,264,1,0;                                 719P    431
508,2,0,2387,266,0,0,0,2387,267,0,0;                                 721P    432
508,6,0,2387,268,0,0,0,2387,269,0,0,0,2387,270,1,0,0,2387,267,1,     723P    433
0,0,2387,266,1,0,0,2387,270,0,0;                                     723P    434
508,2,0,2387,271,0,0,0,2387,272,0,0;                                 725P    435
508,2,0,2387,268,1,0,0,2387,269,1,0;                                 727P    436
508,6,0,2387,273,0,0,0,2387,274,0,0,0,2387,275,1,0,0,2387,272,1,     729P    437
0,0,2387,271,1,0,0,2387,275,0,0;                                     729P    438
508,2,0,2387,273,1,0,0,2387,274,1,0;                                 731P    439
508,2,0,2387,276,0,0,0,2387,277,0,0;                                 733P    440
508,6,0,2387,278,0,0,0,2387,279,0,0,0,2387,280,1,0,0,2387,277,1,     735P    441
0,0,2387,276,1,0,0,2387,280,0,0;                                     735P    442
508,2,0,2387,281,0,0,0,2387,282,0,0;                                 737P    443
508,2,0,2387,278,1,0,0,2387,279,1,0;                                 739P    444
508,6,0,2387,283,0,0,0,2387,284,0,0,0,2387,285,1,0,0,2387,282,1,     741P    445
0,0,2387,281,1,0,0,2387,285,0,0;                                     741P    446
508,2,0,2387,283,1,0,0,2387,284,1,0;                                 743P    447
508,2,0,2387,286,0,0,0,2387,287,0,0;                                 745P    448
508,6,0,2387,288,0,0,0,2387,289,0,0,0,2387,290,1,0,0,2387,287,1,     747P    449
0,0,2387,286,1,0,0,2387,290,0,0;                                     747P    450
508,2,0,2387,291,0,0,0,2387,292,0,0;                                 749P    451
508,2,0,2387,288,1,0,0,2387,289,1,0;                                 751P    452
508,6,0,2387,293,0,0,0,2387,294,0,0,0,2387,295,1,0,0,2387,292,1,     753P    453
0,0,2387,291,1,0,0,2387,295,0,0;                                     753P    454
508,2,0,2387,293,1,0,0,2387,294,1,0;                                 755P    455
508,2,0,2387,296,0,0,0,2387,297,0,0;                                 757P    456
508,6,0,2387,298,0,0,0,2387,299,0,0,0,2387,300,1,0,0,2387,297,1,     759P    457
0,0,2387,296,1,0,0,2387,300,0,0;                                     759P    458
508,2,0,2387,301,0,0,0,2387,302,0,0;                                 761P    459
508,2,0,2387,298,1,0,0,2387,299,1,0;                                 763P    460
508,6,0,2387,303,0,0,0,2387,304,0,0,0,2387,305,1,0,0,2387,302,1,     765P    461
0,0,2387,301,1,0,0,2387,305,0,0;                                     765P    462
508,2,0,2387,303,1,0,0,2387,304,1,0;                                 767P    463
508,2,0,2387,306,0,0,0,2387,307,0,0;                                 769P    464
508,6,0,2387,308,0,0,0,2387,309,0,0,0,2387,310,1,0,0,2387,307,1,     771P    465
0,0,2387,306,1,0,0,2387,310,0,0;                                     771P    466
508,2,0,2387,311,0,0,0,2387,312,0,0;                                 773P    467
508,2,0,2387,308,1,0,0,2387,309,1,0;                                 775P    468
508,6,0,2387,313,0,0,0,2387,314,0,0,0,2387,315,1,0,0,2387,312,1,     777P    469
0,0,2387,311,1,0,0,2387,315,0,0;                                     777P    470
508,2,0,2387,313,1,0,0,2387,314,1,0;                                 779P    471
508,2,0,2387,316,0,0,0,2387,317,0,0;                                 781P    472
508,6,0,2387,318,0,0,0,2387,319,0,0,0,2387,320,1,0,0,2387,317,1,     783P    473
0,0,2387,316,1,0,0,2387,320,0,0;                                     783P    474
508,2,0,2387,321,0,0,0,2387,322,0,0;                                 785P    475
508,2,0,2387,318,1,0,0,2387,319,1,0;                                 787P    476
508,6,0,2387,323,0,0,0,2387,324,0,0,0,2387,325,1,0,0,2387,322,1,     789P    477
0,0,2387,321,1,0,0,2387,325,0,0;                                     789P    478
508,2,0,2387,323,1,0,0,2387,324,1,0;                                 791P    479
508,2,0,2387,326,0,0,0,2387,327,0,0;                                 793P    480
508,6,0,2387,328,0,0,0,2387,329,0,0,0,2387,330,1,0,0,2387,327,1,     795P    481
0,0,2387,326,1,0,0,2387,330,0,0;                                     795P    482
508,2,0,2387,331,0,0,0,2387,332,0,0;                                 797P    483
508,2,0,2387,328,1,0,0,2387,329,1,0;                                 799P    484
508,6,0,2387,333,0,0,0,2387,334,0,0,0,2387,335,1,0,0,2387,332,1,     801P    485
0,0,2387,331,1,0,0,2387,335,0,0;                                     801P    486
508,2,0,2387,333,1,0,0,2387,334,1,0;                                 803P    487
508,2,0,2387,336,0,0,0,2387,337,0,0;                                 805P    488
508,6,0,2387,338,0,0,0,2387,339,0,0,0,2387,340,1,0,0,2387,337,1,     807P    489
0,0,2387,336,1,0,0,2387,340,0,0;                                     807P    490
508,2,0,2387,341,0,0,0,2387,342,0,0;                                 809P    491
508,2,0,2387,338,1,0,0,2387,339,1,0;                                 811P    492
508,6,0,2387,343,0,0,0,2387,344,0,0,0,2387,345,1,0,0,2387,342,1,     813P    493
0,0,2387,341,1,0,0,2387,345,0,0;                                     813P    494
508,2,0,2387,343,1,0,0,2387,344,1,0;                                 815P    495
508,2,0,2387,346,0,0,0,2387,347,0,0;                                 817P    496
508,6,0,2387,348,0,0,0,2387,349,0,0,0,2387,350,1,0,0,2387,347,1,     819P    497
0,0,2387,346,1,0,0,2387,350,0,0;                                     819P    498
508,2,0,2387,351,0,0,0,2387,352,0,0;                                 821P    499
508,2,0,2387,348,1,0,0,2387,349,1,0;                                 823P    500
508,6,0,2387,353,0,0,0,2387,354,0,0,0,2387,355,1,0,0,2387,352,1,     825P    501
0,0,2387,351,1,0,0,2387,355,0,0;                                     825P    502
508,2,0,2387,353,1,0,0,2387,354,1,0;                                 827P    503
508,2,0,2387,356,0,0,0,2387,357,0,0;                                 829P    504
508,6,0,2387,358,0,0,0,2387,359,0,0,0,2387,360,1,0,0,2387,357,1,     831P    505
0,0,2387,356,1,0,0,2387,360,0,0;                                     831P    506
508,2,0,2387,361,0,0,0,2387,362,0,0;                                 833P    507
508,2,0,2387,358,1,0,0,2387,359,1,0;                                 835P    508
508,6,0,2387,363,0,0,0,2387,364,0,0,0,2387,365,1,0,0,2387,362,1,     837P    509
0,0,2387,361,1,0,0,2387,365,0,0;                                     837P    510
508,2,0,2387,363,1,0,0,2387,364,1,0;                                 839P    511
508,2,0,2387,366,0,0,0,2387,367,0,0;                                 841P    512
508,6,0,2387,368,0,0,0,2387,369,0,0,0,2387,370,1,0,0,2387,367,1,     843P    513
0,0,2387,366,1,0,0,2387,370,0,0;                                     843P    514
508,2,0,2387,371,0,0,0,2387,372,0,0;                                 845P    515
508,2,0,2387,368,1,0,0,2387,369,1,0;                                 847P    516
508,6,0,2387,373,0,0,0,2387,374,0,0,0,2387,375,1,0,0,2387,372,1,     849P    517
0,0,2387,371,1,0,0,2387,375,0,0;                                     849P    518
508,2,0,2387,373,1,0,0,2387,374,1,0;                                 851P    519
508,2,0,2387,376,0,0,0,2387,377,0,0;                                 853P    520
508,6,0,2387,378,0,0,0,2387,379,0,0,0,2387,380,1,0,0,2387,377,1,     855P    521
0,0,2387,376,1,0,0,2387,380,0,0;                                     855P    522
508,2,0,2387,381,0,0,0,2387,382,0,0;                                 857P    523
508,2,0,2387,378,1,0,0,2387,379,1,0;                                 859P    524
508,6,0,2387,383,0,0,0,2387,384,0,0,0,2387,385,1,0,0,2387,382,1,     861P    525
0,0,2387,381,1,0,0,2387,385,0,0;                                     861P    526
508,2,0,2387,383,1,0,0,2387,384,1,0;                                 863P    527
508,2,0,2387,386,0,0,0,2387,387,0,0;                                 865P    528
508,6,0,2387,388,0,0,0,2387,389,0,0,0,2387,390,1,0,0,2387,387,1,     867P    529
0,0,2387,386,1,0,0,2387,390,0,0;                                     867P    530
508,2,0,2387,391,0,0,0,2387,392,0,0;                                 869P    531
508,2,0,2387,388,1,0,0,2387,389,1,0;                                 871P    532
508,6,0,2387,393,0,0,0,2387,394,0,0,0,2387,395,1,0,0,2387,392,1,     873P    533
0,0,2387,391,1,0,0,2387,395,0,0;                                     873P    534
508,2,0,2387,393,1,0,0,2387,394,1,0;                                 875P    535
508,2,0,2387,396,0,0,0,2387,397,0,0;                                 877P    536
508,6,0,2387,398,0,0,0,2387,399,0,0,0,2387,400,1,0,0,2387,397,1,     879P    537
0,0,2387,396,1,0,0,2387,400,0,0;                                     879P    538
508,2,0,2387,401,0,0,0,2387,402,0,0;                                 881P    539
508,2,0,2387,398,1,0,0,2387,399,1,0;                                 883P    540
508,6,0,2387,403,0,0,0,2387,404,0,0,0,2387,405,1,0,0,2387,402,1,     885P    541
0,0,2387,401,1,0,0,2387,405,0,0;                                     885P    542
508,2,0,2387,403,1,0,0,2387,404,1,0;                                 887P    543
508,2,0,2387,406,0,0,0,2387,407,0,0;                                 889P    544
508,6,0,2387,408,0,0,0,2387,409,0,0,0,2387,410,1,0,0,2387,407,1,     891P    545
0,0,2387,406,1,0,0,2387,410,0,0;                                     891P    546
508,2,0,2387,411,0,0,0,2387,412,0,0;                                 893P    547
508,2,0,2387,408,1,0,0,2387,409,1,0;                                 895P    548
508,6,0,2387,413,0,0,0,2387,414,0,0,0,2387,415,1,0,0,2387,412,1,     897P    549
0,0,2387,411,1,0,0,2387,415,0,0;                                     897P    550
508,2,0,2387,413,1,0,0,2387,414,1,0;                                 899P    551
508,2,0,2387,416,0,0,0,2387,417,0,0;                                 901P    552
508,6,0,2387,418,0,0,0,2387,419,0,0,0,2387,420,1,0,0,2387,417,1,     903P    553
0,0,2387,416,1,0,0,2387,420,0,0;                                     903P    554
508,2,0,2387,421,0,0,0,2387,422,0,0;                                 905P    555
508,2,0,2387,418,1,0,0,2387,419,1,0;                                 907P    556
508,6,0,2387,423,0,0,0,2387,424,0,0,0,2387,425,1,0,0,2387,422,1,     909P    557
0,0,2387,421,1,0,0,2387,425,0,0;                                     909P    558
508,2,0,2387,423,1,0,0,2387,424,1,0;                                 911P    559
508,2,0,2387,426,0,0,0,2387,427,0,0;                                 913P    560
508,6,0,2387,428,0,0,0,2387,429,0,0,0,2387,430,1,0,0,2387,427,1,     915P    561
0,0,2387,426,1,0,0,2387,430,0,0;                                     915P    562
508,2,0,2387,431,0,0,0,2387,432,0,0;                                 917P    563
508,2,0,2387,428,1,0,0,2387,429,1,0;                                 919P    564
508,6,0,2387,433,0,0,0,2387,434,0,0,0,2387,435,1,0,0,2387,432,1,     921P    565
0,0,2387,431,1,0,0,2387,435,0,0;                                     921P    566
508,2,0,2387,433,1,0,0,2387,434,1,0;                                 923P    567
508,2,0,2387,436,0,0,0,2387,437,0,0;                                 925P    568
508,6,0,2387,438,0,0,0,2387,439,0,0,0,2387,440,1,0,0,2387,437,1,     927P    569
0,0,2387,436,1,0,0,2387,440,0,0;                                     927P    570
508,2,0,2387,441,0,0,0,2387,442,0,0;                                 929P    571
508,2,0,2387,438,1,0,0,2387,439,1,0;                                 931P    572
508,6,0,2387,443,0,0,0,2387,444,0,0,0,2387,445,1,0,0,2387,442,1,     933P    573
0,0,2387,441,1,0,0,2387,445,0,0;                                     933P    574
508,2,0,2387,443,1,0,0,2387,444,1,0;                                 935P    575
508,2,0,2387,446,0,0,0,2387,447,0,0;                                 937P    576
508,6,0,2387,448,0,0,0,2387,449,0,0,0,2387,450,1,0,0,2387,447,1,     939P    577
0,0,2387,446,1,0,0,2387,450,0,0;                                     939P    578
508,2,0,2387,451,0,0,0,2387,452,0,0;                                 941P    579
508,2,0,2387,448,1,0,0,2387,449,1,0;                                 943P    580
508,6,0,2387,453,0,0,0,2387,454,0,0,0,2387,455,1,0,0,2387,452,1,     945P    581
0,0,2387,451,1,0,0,2387,455,0,0;                                     945P    582
508,2,0,2387,453,1,0,0,2387,454,1,0;                                 947P    583
508,2,0,2387,456,0,0,0,2387,457,0,0;                                 949P    584
508,6,0,2387,458,0,0,0,2387,459,0,0,0,2387,460,1,0,0,2387,457,1,     951P    585
0,0,2387,456,1,0,0,2387,460,0,0;                                     951P    586
508,2,0,2387,461,0,0,0,2387,462,0,0;                                 953P    587
508,2,0,2387,458,1,0,0,2387,459,1,0;                                 955P    588
508,6,0,2387,463,0,0,0,2387,464,0,0,0,2387,465,1,0,0,2387,462,1,     957P    589
0,0,2387,461,1,0,0,2387,465,0,0;                                     957P    590
508,2,0,2387,463,1,0,0,2387,464,1,0;                                 959P    591
508,2,0,2387,466,0,0,0,2387,467,0,0;                                 961P    592
508,6,0,2387,468,0,0,0,2387,469,0,0,0,2387,470,1,0,0,2387,467,1,     963P    593
0,0,2387,466,1,0,0,2387,470,0,0;                                     963P    594
508,2,0,2387,471,0,0,0,2387,472,0,0;                                 965P    595
508,2,0,2387,468,1,0,0,2387,469,1,0;                                 967P    596
508,6,0,2387,473,0,0,0,2387,474,0,0,0,2387,475,1,0,0,2387,472,1,     969P    597
0,0,2387,471,1,0,0,2387,475,0,0;                                     969P    598
508,2,0,2387,473,1,0,0,2387,474,1,0;                                 971P    599
508,2,0,2387,476,0,0,0,2387,477,0,0;                                 973P    600
508,6,0,2387,478,0,0,0,2387,479,0,0,0,2387,480,1,0,0,2387,477,1,     975P    601
0,0,2387,476,1,0,0,2387,480,0,0;                                     975P    602
508,2,0,2387,481,0,0,0,2387,482,0,0;                                 977P    603
508,2,0,2387,478,1,0,0,2387,479,1,0;                                 979P    604
508,6,0,2387,483,0,0,0,2387,484,0,0,0,2387,485,1,0,0,2387,482,1,     981P    605
0,0,2387,481,1,0,0,2387,485,0,0;                                     981P    606
508,2,0,2387,483,1,0,0,2387,484,1,0;                                 983P    607
508,2,0,2387,486,0,0,0,2387,487,0,0;                                 985P    608
508,6,0,2387,488,0,0,0,2387,489,0,0,0,2387,490,1,0,0,2387,487,1,     987P    609
0,0,2387,486,1,0,0,2387,490,0,0;                                     987P    610
508,2,0,2387,491,0,0,0,2387,492,0,0;                                 989P    611
508,2,0,2387,488,1,0,0,2387,489,1,0;                                 991P    612
508,6,0,2387,493,0,0,0,2387,494,0,0,0,2387,495,1,0,0,2387,492,1,     993P    613
0,0,2387,491,1,0,0,2387,495,0,0;                                     993P    614
508,2,0,2387,493,1,0,0,2387,494,1,0;                                 995P    615
126,4,2,0,0,0,0,0.,0.,0.,1.5707963267949,1.5707963267949,            997P    616
3.14159265358979,3.14159265358979,3.14159265358979,1.,               997P    617
0.707106781186548,1.,0.707106781186548,1.,1.50000004787145,          997P    618
5.50000000159571,0.,1.50000004787145,5.50000000159571,               997P    619
1.50000004787145,9.18485128673322D-17,5.50000000159571,              997P    620
1.50000004787145,-1.50000004787145,5.50000000159571,                 997P    621
1.50000004787145,-1.50000004787145,5.50000000159571,                 997P    622
1.83697025734664D-16,0.,3.14159265358979,0.,0.,0.;                   997P    623
126,4,2,0,0,0,0,3.14159265358979,3.14159265358979,                   999P    624
3.14159265358979,4.71238898038469,4.71238898038469,                  999P    625
6.28318530717959,6.28318530717959,6.28318530717959,1.,               999P    626
0.707106781186548,1.,0.707106781186548,1.,-1.50000004787145,         999P    627
5.50000000159571,1.83697025734664D-16,-1.50000004787145,             999P    628
5.50000000159571,-1.50000004787145,-2.75545538601997D-16,            999P    629
5.50000000159571,-1.50000004787145,1.50000004787145,                 999P    630
5.50000000159571,-1.50000004787145,1.50000004787145,                 999P    631
5.50000000159571,-3.67394051469329D-16,3.14159265358979,             999P    632
6.28318530717959,0.,0.,0.;                                           999P    633
126,4,2,0,0,0,0,0.,0.,0.,1.5707963267949,1.5707963267949,           1001P    634
3.14159265358979,3.14159265358979,3.14159265358979,1.,              1001P    635
0.707106781186548,1.,0.707106781186548,1.,1.50000004787145,5.45,    1001P    636
0.,1.50000004787145,5.45,1.50000004787145,9.18485128673322D-17,     1001P    637
5.45,1.50000004787145,-1.50000004787145,5.45,1.50000004787145,      1001P    638
-1.50000004787145,5.45,1.83697025734664D-16,0.,3.14159265358979,    1001P    639
0.,0.,0.;                                                           1001P    640
126,4,2,0,0,0,0,3.14159265358979,3.14159265358979,                  1003P    641
3.14159265358979,4.71238898038469,4.71238898038469,                 1003P    642
6.28318530717959,6.28318530717959,6.28318530717959,1.,              1003P    643
0.707106781186548,1.,0.707106781186548,1.,-1.50000004787145,        1003P    644
5.45,1.83697025734664D-16,-1.50000004787145,5.45,                   1003P    645
-1.50000004787145,-2.75545538601997D-16,5.45,-1.50000004787145,     1003P    646
1.50000004787145,5.45,-1.50000004787145,1.50000004787145,5.45,      1003P    647
-3.67394051469329D-16,3.14159265358979,6.28318530717959,0.,0.,      1003P    648
0.;                                                                 1003P    649
126,1,1,0,0,1,0,-0.0166666666666667,-0.0166666666666667,            1005P    650
0.0166666666666667,0.0166666666666667,1.,1.,-1.50000004787145,      1005P    651
5.45,0.,-1.50000004787145,5.50000000159571,0.,                      1005P    652
-0.0166666666666667,0.0166666666666667,0.,0.,0.;                    1005P    653
126,4,2,0,0,0,0,0.,0.,0.,1.5707963267949,1.5707963267949,           1007P    654
3.14159265358979,3.14159265358979,3.14159265358979,1.,              1007P    655
0.707106781186547,1.,0.707106781186548,1.,0.250000007978574,        1007P    656
5.45,0.,0.250000007978574,5.45,0.250000007978574,                   1007P    657
1.53080854778887D-17,5.45,0.250000007978574,-0.250000007978574,     1007P    658
5.45,0.250000007978574,-0.250000007978574,5.45,                     1007P    659
3.06161709557774D-17,0.,3.14159265358979,0.,0.,0.;                  1007P    660
126,4,2,0,0,0,0,3.14159265358979,3.14159265358979,                  1009P    661
3.14159265358979,4.71238898038469,4.71238898038469,                 1009P    662
6.28318530717959,6.28318530717959,6.28318530717959,1.,              1009P    663
0.707106781186548,1.,0.707106781186547,1.,-0.250000007978574,       1009P    664
5.45,3.06161709557774D-17,-0.250000007978575,5.45,                  1009P    665
-0.250000007978574,-4.59242564336661D-17,5.45,                      1009P    666
-0.250000007978574,0.250000007978574,5.45,-0.250000007978575,       1009P    667
0.250000007978574,5.45,-6.12323419115548D-17,3.14159265358979,      1009P    668
6.28318530717959,0.,0.,0.;                                          1009P    669
126,4,2,0,0,0,0,0.,0.,0.,1.5707963267949,1.5707963267949,           1011P    670
3.14159265358979,3.14159265358979,3.14159265358979,1.,              1011P    671
0.707106781186547,1.,0.707106781186548,1.,0.250000007978574,        1011P    672
5.3887755117998,0.,0.250000007978574,5.3887755117998,               1011P    673
0.250000007978574,1.53080854778887D-17,5.3887755117998,             1011P    674
0.250000007978574,-0.250000007978574,5.3887755117998,               1011P    675
0.250000007978574,-0.250000007978574,5.3887755117998,               1011P    676
3.06161709557774D-17,0.,3.14159265358979,0.,0.,0.;                  1011P    677
126,4,2,0,0,0,0,3.14159265358979,3.14159265358979,                  1013P    678
3.14159265358979,4.71238898038469,4.71238898038469,                 1013P    679
6.28318530717959,6.28318530717959,6.28318530717959,1.,              1013P    680
0.707106781186548,1.,0.707106781186547,1.,-0.250000007978574,       1013P    681
5.3887755117998,3.06161709557774D-17,-0.250000007978575,            1013P    682
5.3887755117998,-0.250000007978574,-4.59242564336661D-17,           1013P    683
5.3887755117998,-0.250000007978574,0.250000007978574,               1013P    684
5.3887755117998,-0.250000007978575,0.250000007978574,               1013P    685
5.3887755117998,-6.12323419115548D-17,3.14159265358979,             1013P    686
6.28318530717959,0.,0.,0.;                                          1013P    687
126,1,1,0,0,1,0,-0.122448972492533,-0.122448972492533,              1015P    688
0.122448972492533,0.122448972492533,1.,1.,-0.250000007978574,       1015P    689
5.3887755117998,0.,-0.250000007978574,5.45,0.,                      1015P    690
-0.122448972492533,0.122448972492533,0.,0.,0.;                      1015P    691
126,4,2,0,0,0,0,0.,0.,0.,1.5707963267949,1.5707963267949,           1017P    692
3.14159265358979,3.14159265358979,3.14159265358979,1.,              1017P    693
0.707106781186548,1.,0.707106781186548,1.,1.50000004787145,         1017P    694
5.3887755117998,0.,1.50000004787145,5.3887755117998,                1017P    695
1.50000004787145,9.18485128673322D-17,5.3887755117998,              1017P    696
1.50000004787145,-1.50000004787145,5.3887755117998,                 1017P    697
1.50000004787145,-1.50000004787145,5.3887755117998,                 1017P    698
1.83697025734664D-16,0.,3.14159265358979,0.,0.,0.;                  1017P    699
126,4,2,0,0,0,0,3.14159265358979,3.14159265358979,                  1019P    700
3.14159265358979,4.71238898038469,4.71238898038469,                 1019P    701
6.28318530717959,6.28318530717959,6.28318530717959,1.,              1019P    702
0.707106781186548,1.,0.707106781186548,1.,-1.50000004787145,        1019P    703
5.3887755117998,1.83697025734664D-16,-1.50000004787145,             1019P    704
5.3887755117998,-1.50000004787145,-2.75545538601997D-16,            1019P    705
5.3887755117998,-1.50000004787145,1.50000004787145,                 1019P    706
5.3887755117998,-1.50000004787145,1.50000004787145,                 1019P    707
5.3887755117998,-3.67394051469329D-16,3.14159265358979,             1019P    708
6.28318530717959,0.,0.,0.;                                          1019P    709
126,4,2,0,0,0,0,0.,0.,0.,1.5707963267949,1.5707963267949,           1021P    710
3.14159265358979,3.14159265358979,3.14159265358979,1.,              1021P    711
0.707106781186548,1.,0.707106781186548,1.,1.50000004787145,         1021P    712
5.33877551020408,0.,1.50000004787145,5.33877551020408,              1021P    713
1.50000004787145,9.18485128673322D-17,5.33877551020408,             1021P    714
1.50000004787145,-1.50000004787145,5.33877551020408,                1021P    715
1.50000004787145,-1.50000004787145,5.33877551020408,                1021P    716
1.83697025734664D-16,0.,3.14159265358979,0.,0.,0.;                  1021P    717
126,4,2,0,0,0,0,3.14159265358979,3.14159265358979,                  1023P    718
3.14159265358979,4.71238898038469,4.71238898038469,                 1023P    719
6.28318530717959,6.28318530717959,6.28318530717959,1.,              1023P    720
0.707106781186548,1.,0.707106781186548,1.,-1.50000004787145,        1023P    721
5.33877551020408,1.83697025734664D-16,-1.50000004787145,            1023P    722
5.33877551020408,-1.50000004787145,-2.75545538601997D-16,           1023P    723
5.33877551020408,-1.50000004787145,1.50000004787145,                1023P    724
5.33877551020408,-1.50000004787145,1.50000004787145,                1023P    725
5.33877551020408,-3.67394051469329D-16,3.14159265358979,            1023P    726
6.28318530717959,0.,0.,0.;                                          1023P    727
126,1,1,0,0,1,0,-0.0166666666666667,-0.0166666666666667,            1025P    728
0.0166666666666667,0.0166666666666667,1.,1.,-1.50000004787145,      1025P    729
5.33877551020408,0.,-1.50000004787145,5.3887755117998,0.,           1025P    730
-0.0166666666666667,0.0166666666666667,0.,0.,0.;                    1025P    731
126,4,2,0,0,0,0,0.,0.,0.,1.5707963267949,1.5707963267949,           1027P    732
3.14159265358979,3.14159265358979,3.14159265358979,1.,              1027P    733
0.707106781186547,1.,0.707106781186548,1.,0.250000007978574,        1027P    734
5.33877551020408,0.,0.250000007978574,5.33877551020408,             1027P    735
0.250000007978574,1.53080854778887D-17,5.33877551020408,            1027P    736
0.250000007978574,-0.250000007978574,5.33877551020408,              1027P    737
0.250000007978574,-0.250000007978574,5.33877551020408,              1027P    738
3.06161709557774D-17,0.,3.14159265358979,0.,0.,0.;                  1027P    739
126,4,2,0,0,0,0,3.14159265358979,3.14159265358979,                  1029P    740
3.14159265358979,4.71238898038469,4.71238898038469,                 1029P    741
6.28318530717959,6.28318530717959,6.28318530717959,1.,              1029P    742
0.707106781186548,1.,0.707106781186547,1.,-0.250000007978574,       1029P    743
5.33877551020408,3.06161709557774D-17,-0.250000007978575,           1029P    744
5.33877551020408,-0.250000007978574,-4.59242564336661D-17,          1029P    745
5.33877551020408,-0.250000007978574,0.250000007978574,              1029P    746
5.33877551020408,-0.250000007978575,0.250000007978574,              1029P    747
5.33877551020408,-6.12323419115548D-17,3.14159265358979,            1029P    748
6.28318530717959,0.,0.,0.;                                          1029P    749
126,4,2,0,0,0,0,0.,0.,0.,1.5707963267949,1.5707963267949,           1031P    750
3.14159265358979,3.14159265358979,3.14159265358979,1.,              1031P    751
0.707106781186547,1.,0.707106781186548,1.,0.250000007978574,        1031P    752
5.27755102200388,0.,0.250000007978574,5.27755102200388,             1031P    753
0.250000007978574,1.53080854778887D-17,5.27755102200388,            1031P    754
0.250000007978574,-0.250000007978574,5.27755102200388,              1031P    755
0.250000007978574,-0.250000007978574,5.27755102200388,              1031P    756
3.06161709557774D-17,0.,3.14159265358979,0.,0.,0.;                  1031P    757
126,4,2,0,0,0,0,3.14159265358979,3.14159265358979,                  1033P    758
3.14159265358979,4.71238898038469,4.71238898038469,                 1033P    759
6.28318530717959,6.28318530717959,6.28318530717959,1.,              1033P    760
0.707106781186548,1.,0.707106781186547,1.,-0.250000007978574,       1033P    761
5.27755102200388,3.06161709557774D-17,-0.250000007978575,           1033P    762
5.27755102200388,-0.250000007978574,-4.59242564336661D-17,          1033P    763
5.27755102200388,-0.250000007978574,0.250000007978574,              1033P    764
5.27755102200388,-0.250000007978575,0.250000007978574,              1033P    765
5.27755102200388,-6.12323419115548D-17,3.14159265358979,            1033P    766
6.28318530717959,0.,0.,0.;                                          1033P    767
126,1,1,0,0,1,0,-0.122448972492533,-0.122448972492533,              1035P    768
0.122448972492533,0.122448972492533,1.,1.,-0.250000007978574,       1035P    769
5.27755102200388,0.,-0.250000007978574,5.33877551020408,0.,         1035P    770
-0.122448972492533,0.122448972492533,0.,0.,0.;                      1035P    771
126,4,2,0,0,0,0,0.,0.,0.,1.5707963267949,1.5707963267949,           1037P    772
3.14159265358979,3.14159265358979,3.14159265358979,1.,              1037P    773
0.707106781186548,1.,0.707106781186548,1.,1.50000004787145,         1037P    774
5.27755102200388,0.,1.50000004787145,5.27755102200388,              1037P    775
1.50000004787145,9.18485128673322D-17,5.27755102200388,             1037P    776
1.50000004787145,-1.50000004787145,5.27755102200388,                1037P    777
1.50000004787145,-1.50000004787145,5.27755102200388,                1037P    778
1.83697025734664D-16,0.,3.14159265358979,0.,0.,0.;                  1037P    779
126,4,2,0,0,0,0,3.14159265358979,3.14159265358979,                  1039P    780
3.14159265358979,4.71238898038469,4.71238898038469,                 1039P    781
6.28318530717959,6.28318530717959,6.28318530717959,1.,              1039P    782
0.707106781186548,1.,0.707106781186548,1.,-1.50000004787145,        1039P    783
5.27755102200388,1.83697025734664D-16,-1.50000004787145,            1039P    784
5.27755102200388,-1.50000004787145,-2.75545538601997D-16,           1039P    785
5.27755102200388,-1.50000004787145,1.50000004787145,                1039P    786
5.27755102200388,-1.50000004787145,1.50000004787145,                1039P    787
5.27755102200388,-3.67394051469329D-16,3.14159265358979,            1039P    788
6.28318530717959,0.,0.,0.;                                          1039P    789
126,4,2,0,0,0,0,0.,0.,0.,1.5707963267949,1.5707963267949,           1041P    790
3.14159265358979,3.14159265358979,3.14159265358979,1.,              1041P    791
0.707106781186548,1.,0.707106781186548,1.,1.50000004787145,         1041P    792
5.22755102040816,0.,1.50000004787145,5.22755102040816,              1041P    793
1.50000004787145,9.18485128673322D-17,5.22755102040816,             1041P    794
1.50000004787145,-1.50000004787145,5.22755102040816,                1041P    795
1.50000004787145,-1.50000004787145,5.22755102040816,                1041P    796
1.83697025734664D-16,0.,3.14159265358979,0.,0.,0.;                  1041P    797
126,4,2,0,0,0,0,3.14159265358979,3.14159265358979,                  1043P    798
3.14159265358979,4.71238898038469,4.71238898038469,                 1043P    799
6.28318530717959,6.28318530717959,6.28318530717959,1.,              1043P    800
0.707106781186548,1.,0.707106781186548,1.,-1.50000004787145,        1043P    801
5.22755102040816,1.83697025734664D-16,-1.50000004787145,            1043P    802
5.22755102040816,-1.50000004787145,-2.75545538601997D-16,           1043P    803
5.22755102040816,-1.50000004787145,1.50000004787145,                1043P    804
5.22755102040816,-1.50000004787145,1.50000004787145,                1043P    805
5.22755102040816,-3.67394051469329D-16,3.14159265358979,            1043P    806
6.28318530717959,0.,0.,0.;                                          1043P    807
126,1,1,0,0,1,0,-0.0166666666666667,-0.0166666666666667,            1045P    808
0.0166666666666667,0.0166666666666667,1.,1.,-1.50000004787145,      1045P    809
5.22755102040816,0.,-1.50000004787145,5.27755102200388,0.,          1045P    810
-0.0166666666666667,0.0166666666666667,0.,0.,0.;                    1045P    811
126,4,2,0,0,0,0,0.,0.,0.,1.5707963267949,1.5707963267949,           1047P    812
3.14159265358979,3.14159265358979,3.14159265358979,1.,              1047P    813
0.707106781186547,1.,0.707106781186548,1.,0.250000007978574,        1047P    814
5.22755102040816,0.,0.250000007978574,5.22755102040816,             1047P    815
0.250000007978574,1.53080854778887D-17,5.22755102040816,            1047P    816
0.250000007978574,-0.250000007978574,5.22755102040816,              1047P    817
0.250000007978574,-0.250000007978574,5.22755102040816,              1047P    818
3.06161709557774D-17,0.,3.14159265358979,0.,0.,0.;                  1047P    819
126,4,2,0,0,0,0,3.14159265358979,3.14159265358979,                  1049P    820
3.14159265358979,4.71238898038469,4.71238898038469,                 1049P    821
6.28318530717959,6.28318530717959,6.28318530717959,1.,              1049P    822
0.707106781186548,1.,0.707106781186547,1.,-0.250000007978574,       1049P    823
5.22755102040816,3.06161709557774D-17,-0.250000007978575,           1049P    824
5.22755102040816,-0.250000007978574,-4.59242564336661D-17,          1049P    825
5.22755102040816,-0.250000007978574,0.250000007978574,              1049P    826
5.22755102040816,-0.250000007978575,0.250000007978574,              1049P    827
5.22755102040816,-6.12323419115548D-17,3.14159265358979,            1049P    828
6.28318530717959,0.,0.,0.;                                          1049P    829
126,4,2,0,0,0,0,0.,0.,0.,1.5707963267949,1.5707963267949,           1051P    830
3.14159265358979,3.14159265358979,3.14159265358979,1.,              1051P    831
0.707106781186547,1.,0.707106781186548,1.,0.250000007978574,        1051P    832
5.16632653220796,0.,0.250000007978574,5.16632653220796,             1051P    833
0.250000007978574,1.53080854778887D-17,5.16632653220796,            1051P    834
0.250000007978574,-0.250000007978574,5.16632653220796,              1051P    835
0.250000007978574,-0.250000007978574,5.16632653220796,              1051P    836
3.06161709557774D-17,0.,3.14159265358979,0.,0.,0.;                  1051P    837
126,4,2,0,0,0,0,3.14159265358979,3.14159265358979,                  1053P    838
3.14159265358979,4.71238898038469,4.71238898038469,                 1053P    839
6.28318530717959,6.28318530717959,6.28318530717959,1.,              1053P    840
0.707106781186548,1.,0.707106781186547,1.,-0.250000007978574,       1053P    841
5.16632653220796,3.06161709557774D-17,-0.250000007978575,           1053P    842
5.16632653220796,-0.250000007978574,-4.59242564336661D-17,          1053P    843
5.16632653220796,-0.250000007978574,0.250000007978574,              1053P    844
5.16632653220796,-0.250000007978575,0.250000007978574,              1053P    845
5.16632653220796,-6.12323419115548D-17,3.14159265358979,            1053P    846
6.28318530717959,0.,0.,0.;                                          1053P    847
126,1,1,0,0,1,0,-0.122448972492533,-0.122448972492533,              1055P    848
0.122448972492536,0.122448972492536,1.,1.,-0.250000007978574,       1055P    849
5.16632653220796,0.,-0.250000007978574,5.22755102040816,0.,         1055P    850
-0.122448972492533,0.122448972492536,0.,0.,0.;                      1055P    851
126,4,2,0,0,0,0,0.,0.,0.,1.5707963267949,1.5707963267949,           1057P    852
3.14159265358979,3.14159265358979,3.14159265358979,1.,              1057P    853
0.707106781186548,1.,0.707106781186548,1.,1.50000004787145,         1057P    854
5.16632653220796,0.,1.50000004787145,5.16632653220796,              1057P    855
1.50000004787145,9.18485128673322D-17,5.16632653220796,             1057P    856
1.50000004787145,-1.50000004787145,5.16632653220796,                1057P    857
1.50000004787145,-1.50000004787145,5.16632653220796,                1057P    858
1.83697025734664D-16,0.,3.14159265358979,0.,0.,0.;                  1057P    859
126,4,2,0,0,0,0,3.14159265358979,3.14159265358979,                  1059P    860
3.14159265358979,4.71238898038469,4.71238898038469,                 1059P    861
6.28318530717959,6.28318530717959,6.28318530717959,1.,              1059P    862
0.707106781186548,1.,0.707106781186548,1.,-1.50000004787145,        1059P    863
5.16632653220796,1.83697025734664D-16,-1.50000004787145,            1059P    864
5.16632653220796,-1.50000004787145,-2.75545538601997D-16,           1059P    865
5.16632653220796,-1.50000004787145,1.50000004787145,                1059P    866
5.16632653220796,-1.50000004787145,1.50000004787145,                1059P    867
5.16632653220796,-3.67394051469329D-16,3.14159265358979,            1059P    868
6.28318530717959,0.,0.,0.;                                          1059P    869
126,4,2,0,0,0,0,0.,0.,0.,1.5707963267949,1.5707963267949,           1061P    870
3.14159265358979,3.14159265358979,3.14159265358979,1.,              1061P    871
0.707106781186548,1.,0.707106781186548,1.,1.50000004787145,         1061P    872
5.11632653061224,0.,1.50000004787145,5.11632653061224,              1061P    873
1.50000004787145,9.18485128673322D-17,5.11632653061224,             1061P    874
1.50000004787145,-1.50000004787145,5.11632653061224,                1061P    875
1.50000004787145,-1.50000004787145,5.11632653061224,                1061P    876
1.83697025734664D-16,0.,3.14159265358979,0.,0.,0.;                  1061P    877
126,4,2,0,0,0,0,3.14159265358979,3.14159265358979,                  1063P    878
3.14159265358979,4.71238898038469,4.71238898038469,                 1063P    879
6.28318530717959,6.28318530717959,6.28318530717959,1.,              1063P    880
0.707106781186548,1.,0.707106781186548,1.,-1.50000004787145,        1063P    881
5.11632653061224,1.83697025734664D-16,-1.50000004787145,            1063P    882
5.11632653061224,-1.50000004787145,-2.75545538601997D-16,           1063P    883
5.11632653061224,-1.50000004787145,1.50000004787145,                1063P    884
5.11632653061224,-1.50000004787145,1.50000004787145,                1063P    885
5.11632653061224,-3.67394051469329D-16,3.14159265358979,            1063P    886
6.28318530717959,0.,0.,0.;                                          1063P    887
126,1,1,0,0,1,0,-0.0166666666666667,-0.0166666666666667,            1065P    888
0.0166666666666667,0.0166666666666667,1.,1.,-1.50000004787145,      1065P    889
5.11632653061224,0.,-1.50000004787145,5.16632653220796,0.,          1065P    890
-0.0166666666666667,0.0166666666666667,0.,0.,0.;                    1065P    891
126,4,2,0,0,0,0,0.,0.,0.,1.5707963267949,1.5707963267949,           1067P    892
3.14159265358979,3.14159265358979,3.14159265358979,1.,              1067P    893
0.707106781186547,1.,0.707106781186548,1.,0.250000007978574,        1067P    894
5.11632653061224,0.,0.250000007978574,5.11632653061224,             1067P    895
0.250000007978574,1.53080854778887D-17,5.11632653061224,            1067P    896
0.250000007978574,-0.250000007978574,5.11632653061224,              1067P    897
0.250000007978574,-0.250000007978574,5.11632653061224,              1067P    898
3.06161709557774D-17,0.,3.14159265358979,0.,0.,0.;                  1067P    899
126,4,2,0,0,0,0,3.14159265358979,3.14159265358979,                  1069P    900
3.14159265358979,4.71238898038469,4.71238898038469,                 1069P    901
6.28318530717959,6.28318530717959,6.28318530717959,1.,              1069P    902
0.707106781186548,1.,0.707106781186547,1.,-0.250000007978574,       1069P    903
5.11632653061224,3.06161709557774D-17,-0.250000007978575,           1069P    904
5.11632653061224,-0.250000007978574,-4.59242564336661D-17,          1069P    905
5.11632653061224,-0.250000007978574,0.250000007978574,              1069P    906
5.11632653061224,-0.250000007978575,0.250000007978574,              1069P    907
5.11632653061224,-6.12323419115548D-17,3.14159265358979,            1069P    908
6.28318530717959,0.,0.,0.;                                          1069P    909
126,4,2,0,0,0,0,0.,0.,0.,1.5707963267949,1.5707963267949,           1071P    910
3.14159265358979,3.14159265358979,3.14159265358979,1.,              1071P    911
0.707106781186547,1.,0.707106781186548,1.,0.250000007978574,        1071P    912
5.05510204241204,0.,0.250000007978574,5.05510204241204,             1071P    913
0.250000007978574,1.53080854778887D-17,5.05510204241204,            1071P    914
0.250000007978574,-0.250000007978574,5.05510204241204,              1071P    915
0.250000007978574,-0.250000007978574,5.05510204241204,              1071P    916
3.06161709557774D-17,0.,3.14159265358979,0.,0.,0.;                  1071P    917
126,4,2,0,0,0,0,3.14159265358979,3.14159265358979,                  1073P    918
3.14159265358979,4.71238898038469,4.71238898038469,                 1073P    919
6.28318530717959,6.28318530717959,6.28318530717959,1.,              1073P    920
0.707106781186548,1.,0.707106781186547,1.,-0.250000007978574,       1073P    921
5.05510204241204,3.06161709557774D-17,-0.250000007978575,           1073P    922
5.05510204241204,-0.250000007978574,-4.59242564336661D-17,          1073P    923
5.05510204241204,-0.250000007978574,0.250000007978574,              1073P    924
5.05510204241204,-0.250000007978575,0.250000007978574,              1073P    925
5.05510204241204,-6.12323419115548D-17,3.14159265358979,            1073P    926
6.28318530717959,0.,0.,0.;                                          1073P    927
126,1,1,0,0,1,0,-0.122448972492533,-0.122448972492533,              1075P    928
0.122448972492533,0.122448972492533,1.,1.,-0.250000007978574,       1075P    929
5.05510204241204,0.,-0.250000007978574,5.11632653061224,0.,         1075P    930
-0.122448972492533,0.122448972492533,0.,0.,0.;                      1075P    931
126,4,2,0,0,0,0,0.,0.,0.,1.5707963267949,1.5707963267949,           1077P    932
3.14159265358979,3.14159265358979,3.14159265358979,1.,              1077P    933
0.707106781186548,1.,0.707106781186548,1.,1.50000004787145,         1077P    934
5.05510204241204,0.,1.50000004787145,5.05510204241204,              1077P    935
1.50000004787145,9.18485128673322D-17,5.05510204241204,             1077P    936
1.50000004787145,-1.50000004787145,5.05510204241204,                1077P    937
1.50000004787145,-1.50000004787145,5.05510204241204,                1077P    938
1.83697025734664D-16,0.,3.14159265358979,0.,0.,0.;                  1077P    939
126,4,2,0,0,0,0,3.14159265358979,3.14159265358979,                  1079P    940
3.14159265358979,4.71238898038469,4.71238898038469,                 1079P    941
6.28318530717959,6.28318530717959,6.28318530717959,1.,              1079P    942
0.707106781186548,1.,0.707106781186548,1.,-1.50000004787145,        1079P    943
5.05510204241204,1.83697025734664D-16,-1.50000004787145,            1079P    944
5.05510204241204,-1.50000004787145,-2.75545538601997D-16,           1079P    945
5.05510204241204,-1.50000004787145,1.50000004787145,                1079P    946
5.05510204241204,-1.50000004787145,1.50000004787145,                1079P    947
5.05510204241204,-3.67394051469329D-16,3.14159265358979,            1079P    948
6.28318530717959,0.,0.,0.;                                          1079P    949
126,4,2,0,0,0,0,0.,0.,0.,1.5707963267949,1.5707963267949,           1081P    950
3.14159265358979,3.14159265358979,3.14159265358979,1.,              1081P    951
0.707106781186548,1.,0.707106781186548,1.,1.50000004787145,         1081P    952
5.00510204081633,0.,1.50000004787145,5.00510204081633,              1081P    953
1.50000004787145,9.18485128673322D-17,5.00510204081633,             1081P    954
1.50000004787145,-1.50000004787145,5.00510204081633,                1081P    955
1.50000004787145,-1.50000004787145,5.00510204081633,                1081P    956
1.83697025734664D-16,0.,3.14159265358979,0.,0.,0.;                  1081P    957
126,4,2,0,0,0,0,3.14159265358979,3.14159265358979,                  1083P    958
3.14159265358979,4.71238898038469,4.71238898038469,                 1083P    959
6.28318530717959,6.28318530717959,6.28318530717959,1.,              1083P    960
0.707106781186548,1.,0.707106781186548,1.,-1.50000004787145,        1083P    961
5.00510204081633,1.83697025734664D-16,-1.50000004787145,            1083P    962
5.00510204081633,-1.50000004787145,-2.75545538601997D-16,           1083P    963
5.00510204081633,-1.50000004787145,1.50000004787145,                1083P    964
5.00510204081633,-1.50000004787145,1.50000004787145,                1083P    965
5.00510204081633,-3.67394051469329D-16,3.14159265358979,            1083P    966
6.28318530717959,0.,0.,0.;                                          1083P    967
126,1,1,0,0,1,0,-0.0166666666666667,-0.0166666666666667,            1085P    968
0.0166666666666667,0.0166666666666667,1.,1.,-1.50000004787145,      1085P    969
5.00510204081633,0.,-1.50000004787145,5.05510204241204,0.,          1085P    970
-0.0166666666666667,0.0166666666666667,0.,0.,0.;                    1085P    971
126,4,2,0,0,0,0,0.,0.,0.,1.5707963267949,1.5707963267949,           1087P    972
3.14159265358979,3.14159265358979,3.14159265358979,1.,              1087P    973
0.707106781186547,1.,0.707106781186548,1.,0.250000007978574,        1087P    974
5.00510204081633,0.,0.250000007978574,5.00510204081633,             1087P    975
0.250000007978574,1.53080854778887D-17,5.00510204081633,            1087P    976
0.250000007978574,-0.250000007978574,5.00510204081633,              1087P    977
0.250000007978574,-0.250000007978574,5.00510204081633,              1087P    978
3.06161709557774D-17,0.,3.14159265358979,0.,0.,0.;                  1087P    979
126,4,2,0,0,0,0,3.14159265358979,3.14159265358979,                  1089P    980
3.14159265358979,4.71238898038469,4.71238898038469,                 1089P    981
6.28318530717959,6.28318530717959,6.28318530717959,1.,              1089P    982
0.707106781186548,1.,0.707106781186547,1.,-0.250000007978574,       1089P    983
5.00510204081633,3.06161709557774D-17,-0.250000007978575,           1089P    984
5.00510204081633,-0.250000007978574,-4.59242564336661D-17,          1089P    985
5.00510204081633,-0.250000007978574,0.250000007978574,              1089P    986
5.00510204081633,-0.250000007978575,0.250000007978574,              1089P    987
5.00510204081633,-6.12323419115548D-17,3.14159265358979,            1089P    988
6.28318530717959,0.,0.,0.;                                          1089P    989
126,4,2,0,0,0,0,0.,0.,0.,1.5707963267949,1.5707963267949,           1091P    990
3.14159265358979,3.14159265358979,3.14159265358979,1.,              1091P    991
0.707106781186547,1.,0.707106781186548,1.,0.250000007978574,        1091P    992
4.94387755261612,0.,0.250000007978574,4.94387755261612,             1091P    993
0.250000007978574,1.53080854778887D-17,4.94387755261612,            1091P    994
0.250000007978574,-0.250000007978574,4.94387755261612,              1091P    995
0.250000007978574,-0.250000007978574,4.94387755261612,              1091P    996
3.06161709557774D-17,0.,3.14159265358979,0.,0.,0.;                  1091P    997
126,4,2,0,0,0,0,3.14159265358979,3.14159265358979,                  1093P    998
3.14159265358979,4.71238898038469,4.71238898038469,                 1093P    999
6.28318530717959,6.28318530717959,6.28318530717959,1.,              1093P   1000
0.707106781186548,1.,0.707106781186547,1.,-0.250000007978574,       1093P   1001
4.94387755261612,3.06161709557774D-17,-0.250000007978575,           1093P   1002
4.94387755261612,-0.250000007978574,-4.59242564336661D-17,          1093P   1003
4.94387755261612,-0.250000007978574,0.250000007978574,              1093P   1004
4.94387755261612,-0.250000007978575,0.250000007978574,              1093P   1005
4.94387755261612,-6.12323419115548D-17,3.14159265358979,            1093P   1006
6.28318530717959,0.,0.,0.;                                          1093P   1007
126,1,1,0,0,1,0,-0.122448972492536,-0.122448972492536,              1095P   1008
0.122448972492533,0.122448972492533,1.,1.,-0.250000007978574,       1095P   1009
4.94387755261612,0.,-0.250000007978574,5.00510204081633,0.,         1095P   1010
-0.122448972492536,0.122448972492533,0.,0.,0.;                      1095P   1011
126,4,2,0,0,0,0,0.,0.,0.,1.5707963267949,1.5707963267949,           1097P   1012
3.14159265358979,3.14159265358979,3.14159265358979,1.,              1097P   1013
0.707106781186548,1.,0.707106781186548,1.,1.50000004787145,         1097P   1014
4.94387755261612,0.,1.50000004787145,4.94387755261612,              1097P   1015
1.50000004787145,9.18485128673322D-17,4.94387755261612,             1097P   1016
1.50000004787145,-1.50000004787145,4.94387755261612,                1097P   1017
1.50000004787145,-1.50000004787145,4.94387755261612,                1097P   1018
1.83697025734664D-16,0.,3.14159265358979,0.,0.,0.;                  1097P   1019
126,4,2,0,0,0,0,3.14159265358979,3.14159265358979,                  1099P   1020
3.14159265358979,4.71238898038469,4.71238898038469,                 1099P   1021
6.28318530717959,6.28318530717959,6.28318530717959,1.,              1099P   1022
0.707106781186548,1.,0.707106781186548,1.,-1.50000004787145,        1099P   1023
4.94387755261612,1.83697025734664D-16,-1.50000004787145,            1099P   1024
4.94387755261612,-1.50000004787145,-2.75545538601997D-16,           1099P   1025
4.94387755261612,-1.50000004787145,1.50000004787145,                1099P   1026
4.94387755261612,-1.50000004787145,1.50000004787145,                1099P   1027
4.94387755261612,-3.67394051469329D-16,3.14159265358979,            1099P   1028
6.28318530717959,0.,0.,0.;                                          1099P   1029
126,4,2,0,0,0,0,0.,0.,0.,1.5707963267949,1.5707963267949,           1101P   1030
3.14159265358979,3.14159265358979,3.14159265358979,1.,              1101P   1031
0.707106781186548,1.,0.707106781186548,1.,1.50000004787145,         1101P   1032
4.89387755102041,0.,1.50000004787145,4.89387755102041,              1101P   1033
1.50000004787145,9.18485128673322D-17,4.89387755102041,             1101P   1034
1.50000004787145,-1.50000004787145,4.89387755102041,                1101P   1035
1.50000004787145,-1.50000004787145,4.89387755102041,                1101P   1036
1.83697025734664D-16,0.,3.14159265358979,0.,0.,0.;                  1101P   1037
126,4,2,0,0,0,0,3.14159265358979,3.14159265358979,                  1103P   1038
3.14159265358979,4.71238898038469,4.71238898038469,                 1103P   1039
6.28318530717959,6.28318530717959,6.28318530717959,1.,              1103P   1040
0.707106781186548,1.,0.707106781186548,1.,-1.50000004787145,        1103P   1041
4.89387755102041,1.83697025734664D-16,-1.50000004787145,            1103P   1042
4.89387755102041,-1.50000004787145,-2.75545538601997D-16,           1103P   1043
4.89387755102041,-1.50000004787145,1.50000004787145,                1103P   1044
4.89387755102041,-1.50000004787145,1.50000004787145,                1103P   1045
4.89387755102041,-3.67394051469329D-16,3.14159265358979,            1103P   1046
6.28318530717959,0.,0.,0.;                                          1103P   1047
126,1,1,0,0,1,0,-0.0166666666666667,-0.0166666666666667,            1105P   1048
0.0166666666666667,0.0166666666666667,1.,1.,-1.50000004787145,      1105P   1049
4.89387755102041,0.,-1.50000004787145,4.94387755261612,0.,          1105P   1050
-0.0166666666666667,0.0166666666666667,0.,0.,0.;                    1105P   1051
126,4,2,0,0,0,0,0.,0.,0.,1.5707963267949,1.5707963267949,           1107P   1052
3.14159265358979,3.14159265358979,3.14159265358979,1.,              1107P   1053
0.707106781186547,1.,0.707106781186548,1.,0.250000007978574,        1107P   1054
4.89387755102041,0.,0.250000007978574,4.89387755102041,             1107P   1055
0.250000007978574,1.53080854778887D-17,4.89387755102041,            1107P   1056
0.250000007978574,-0.250000007978574,4.89387755102041,              1107P   1057
0.250000007978574,-0.250000007978574,4.89387755102041,              1107P   1058
3.06161709557774D-17,0.,3.14159265358979,0.,0.,0.;                  1107P   1059
126,4,2,0,0,0,0,3.14159265358979,3.14159265358979,                  1109P   1060
3.14159265358979,4.71238898038469,4.71238898038469,                 1109P   1061
6.28318530717959,6.28318530717959,6.28318530717959,1.,              1109P   1062
0.707106781186548,1.,0.707106781186547,1.,-0.250000007978574,       1109P   1063
4.89387755102041,3.06161709557774D-17,-0.250000007978575,           1109P   1064
4.89387755102041,-0.250000007978574,-4.59242564336661D-17,          1109P   1065
4.89387755102041,-0.250000007978574,0.250000007978574,              1109P   1066
4.89387755102041,-0.250000007978575,0.250000007978574,              1109P   1067
4.89387755102041,-6.12323419115548D-17,3.14159265358979,            1109P   1068
6.28318530717959,0.,0.,0.;                                          1109P   1069
126,4,2,0,0,0,0,0.,0.,0.,1.5707963267949,1.5707963267949,           1111P   1070
3.14159265358979,3.14159265358979,3.14159265358979,1.,              1111P   1071
0.707106781186547,1.,0.707106781186548,1.,0.250000007978574,        1111P   1072
4.8326530628202,0.,0.250000007978574,4.8326530628202,               1111P   1073
0.250000007978574,1.53080854778887D-17,4.8326530628202,             1111P   1074
0.250000007978574,-0.250000007978574,4.8326530628202,               1111P   1075
0.250000007978574,-0.250000007978574,4.8326530628202,               1111P   1076
3.06161709557774D-17,0.,3.14159265358979,0.,0.,0.;                  1111P   1077
126,4,2,0,0,0,0,3.14159265358979,3.14159265358979,                  1113P   1078
3.14159265358979,4.71238898038469,4.71238898038469,                 1113P   1079
6.28318530717959,6.28318530717959,6.28318530717959,1.,              1113P   1080
0.707106781186548,1.,0.707106781186547,1.,-0.250000007978574,       1113P   1081
4.8326530628202,3.06161709557774D-17,-0.250000007978575,            1113P   1082
4.8326530628202,-0.250000007978574,-4.59242564336661D-17,           1113P   1083
4.8326530628202,-0.250000007978574,0.250000007978574,               1113P   1084
4.8326530628202,-0.250000007978575,0.250000007978574,               1113P   1085
4.8326530628202,-6.12323419115548D-17,3.14159265358979,             1113P   1086
6.28318530717959,0.,0.,0.;                                          1113P   1087
126,1,1,0,0,1,0,-0.122448972492533,-0.122448972492533,              1115P   1088
0.122448972492533,0.122448972492533,1.,1.,-0.250000007978574,       1115P   1089
4.8326530628202,0.,-0.250000007978574,4.89387755102041,0.,          1115P   1090
-0.122448972492533,0.122448972492533,0.,0.,0.;                      1115P   1091
126,4,2,0,0,0,0,0.,0.,0.,1.5707963267949,1.5707963267949,           1117P   1092
3.14159265358979,3.14159265358979,3.14159265358979,1.,              1117P   1093
0.707106781186548,1.,0.707106781186548,1.,1.50000004787145,         1117P   1094
4.8326530628202,0.,1.50000004787145,4.8326530628202,                1117P   1095
1.50000004787145,9.18485128673322D-17,4.8326530628202,              1117P   1096
1.50000004787145,-1.50000004787145,4.8326530628202,                 1117P   1097
1.50000004787145,-1.50000004787145,4.8326530628202,                 1117P   1098
1.83697025734664D-16,0.,3.14159265358979,0.,0.,0.;                  1117P   1099
126,4,2,0,0,0,0,3.14159265358979,3.14159265358979,                  1119P   1100
3.14159265358979,4.71238898038469,4.71238898038469,                 1119P   1101
6.28318530717959,6.28318530717959,6.28318530717959,1.,              1119P   1102
0.707106781186548,1.,0.707106781186548,1.,-1.50000004787145,        1119P   1103
4.8326530628202,1.83697025734664D-16,-1.50000004787145,             1119P   1104
4.8326530628202,-1.50000004787145,-2.75545538601997D-16,            1119P   1105
4.8326530628202,-1.50000004787145,1.50000004787145,                 1119P   1106
4.8326530628202,-1.50000004787145,1.50000004787145,                 1119P   1107
4.8326530628202,-3.67394051469329D-16,3.14159265358979,             1119P   1108
6.28318530717959,0.,0.,0.;                                          1119P   1109
126,4,2,0,0,0,0,0.,0.,0.,1.5707963267949,1.5707963267949,           1121P   1110
3.14159265358979,3.14159265358979,3.14159265358979,1.,              1121P   1111
0.707106781186548,1.,0.707106781186548,1.,1.50000004787145,         1121P   1112
4.78265306122449,0.,1.50000004787145,4.78265306122449,              1121P   1113
1.50000004787145,9.18485128673322D-17,4.78265306122449,             1121P   1114
1.50000004787145,-1.50000004787145,4.78265306122449,                1121P   1115
1.50000004787145,-1.50000004787145,4.78265306122449,                1121P   1116
1.83697025734664D-16,0.,3.14159265358979,0.,0.,0.;                  1121P   1117
126,4,2,0,0,0,0,3.14159265358979,3.14159265358979,                  1123P   1118
3.14159265358979,4.71238898038469,4.71238898038469,                 1123P   1119
6.28318530717959,6.28318530717959,6.28318530717959,1.,              1123P   1120
0.707106781186548,1.,0.707106781186548,1.,-1.50000004787145,        1123P   1121
4.78265306122449,1.83697025734664D-16,-1.50000004787145,            1123P   1122
4.78265306122449,-1.50000004787145,-2.75545538601997D-16,           1123P   1123
4.78265306122449,-1.50000004787145,1.50000004787145,                1123P   1124
4.78265306122449,-1.50000004787145,1.50000004787145,                1123P   1125
4.78265306122449,-3.67394051469329D-16,3.14159265358979,            1123P   1126
6.28318530717959,0.,0.,0.;                                          1123P   1127
126,1,1,0,0,1,0,-0.0166666666666667,-0.0166666666666667,            1125P   1128
0.0166666666666667,0.0166666666666667,1.,1.,-1.50000004787145,      1125P   1129
4.78265306122449,0.,-1.50000004787145,4.8326530628202,0.,           1125P   1130
-0.0166666666666667,0.0166666666666667,0.,0.,0.;                    1125P   1131
126,4,2,0,0,0,0,0.,0.,0.,1.5707963267949,1.5707963267949,           1127P   1132
3.14159265358979,3.14159265358979,3.14159265358979,1.,              1127P   1133
0.707106781186547,1.,0.707106781186548,1.,0.250000007978574,        1127P   1134
4.78265306122449,0.,0.250000007978574,4.78265306122449,             1127P   1135
0.250000007978574,1.53080854778887D-17,4.78265306122449,            1127P   1136
0.250000007978574,-0.250000007978574,4.78265306122449,              1127P   1137
0.250000007978574,-0.250000007978574,4.78265306122449,              1127P   1138
3.06161709557774D-17,0.,3.14159265358979,0.,0.,0.;                  1127P   1139
126,4,2,0,0,0,0,3.14159265358979,3.14159265358979,                  1129P   1140
3.14159265358979,4.71238898038469,4.71238898038469,                 1129P   1141
6.28318530717959,6.28318530717959,6.28318530717959,1.,              1129P   1142
0.707106781186548,1.,0.707106781186547,1.,-0.250000007978574,       1129P   1143
4.78265306122449,3.06161709557774D-17,-0.250000007978575,           1129P   1144
4.78265306122449,-0.250000007978574,-4.59242564336661D-17,          1129P   1145
4.78265306122449,-0.250000007978574,0.250000007978574,              1129P   1146
4.78265306122449,-0.250000007978575,0.250000007978574,              1129P   1147
4.78265306122449,-6.12323419115548D-17,3.14159265358979,            1129P   1148
6.28318530717959,0.,0.,0.;                                          1129P   1149
126,4,2,0,0,0,0,0.,0.,0.,1.5707963267949,1.5707963267949,           1131P   1150
3.14159265358979,3.14159265358979,3.14159265358979,1.,              1131P   1151
0.707106781186547,1.,0.707106781186548,1.,0.250000007978574,        1131P   1152
4.72142857302429,0.,0.250000007978574,4.72142857302429,             1131P   1153
0.250000007978574,1.53080854778887D-17,4.72142857302429,            1131P   1154
0.250000007978574,-0.250000007978574,4.72142857302429,              1131P   1155
0.250000007978574,-0.250000007978574,4.72142857302429,              1131P   1156
3.06161709557774D-17,0.,3.14159265358979,0.,0.,0.;                  1131P   1157
126,4,2,0,0,0,0,3.14159265358979,3.14159265358979,                  1133P   1158
3.14159265358979,4.71238898038469,4.71238898038469,                 1133P   1159
6.28318530717959,6.28318530717959,6.28318530717959,1.,              1133P   1160
0.707106781186548,1.,0.707106781186547,1.,-0.250000007978574,       1133P   1161
4.72142857302429,3.06161709557774D-17,-0.250000007978575,           1133P   1162
4.72142857302429,-0.250000007978574,-4.59242564336661D-17,          1133P   1163
4.72142857302429,-0.250000007978574,0.250000007978574,              1133P   1164
4.72142857302429,-0.250000007978575,0.250000007978574,              1133P   1165
4.72142857302429,-6.12323419115548D-17,3.14159265358979,            1133P   1166
6.28318530717959,0.,0.,0.;                                          1133P   1167
126,1,1,0,0,1,0,-0.122448972492533,-0.122448972492533,              1135P   1168
0.122448972492536,0.122448972492536,1.,1.,-0.250000007978574,       1135P   1169
4.72142857302429,0.,-0.250000007978574,4.78265306122449,0.,         1135P   1170
-0.122448972492533,0.122448972492536,0.,0.,0.;                      1135P   1171
126,4,2,0,0,0,0,0.,0.,0.,1.5707963267949,1.5707963267949,           1137P   1172
3.14159265358979,3.14159265358979,3.14159265358979,1.,              1137P   1173
0.707106781186548,1.,0.707106781186548,1.,1.50000004787145,         1137P   1174
4.72142857302429,0.,1.50000004787145,4.72142857302429,              1137P   1175
1.50000004787145,9.18485128673322D-17,4.72142857302429,             1137P   1176
1.50000004787145,-1.50000004787145,4.72142857302429,                1137P   1177
1.50000004787145,-1.50000004787145,4.72142857302429,                1137P   1178
1.83697025734664D-16,0.,3.14159265358979,0.,0.,0.;                  1137P   1179
126,4,2,0,0,0,0,3.14159265358979,3.14159265358979,                  1139P   1180
3.14159265358979,4.71238898038469,4.71238898038469,                 1139P   1181
6.28318530717959,6.28318530717959,6.28318530717959,1.,              1139P   1182
0.707106781186548,1.,0.707106781186548,1.,-1.50000004787145,        1139P   1183
4.72142857302429,1.83697025734664D-16,-1.50000004787145,            1139P   1184
4.72142857302429,-1.50000004787145,-2.75545538601997D-16,           1139P   1185
4.72142857302429,-1.50000004787145,1.50000004787145,                1139P   1186
4.72142857302429,-1.50000004787145,1.50000004787145,                1139P   1187
4.72142857302429,-3.67394051469329D-16,3.14159265358979,            1139P   1188
6.28318530717959,0.,0.,0.;                                          1139P   1189
126,4,2,0,0,0,0,0.,0.,0.,1.5707963267949,1.5707963267949,           1141P   1190
3.14159265358979,3.14159265358979,3.14159265358979,1.,              1141P   1191
0.707106781186548,1.,0.707106781186548,1.,1.50000004787145,         1141P   1192
4.67142857142857,0.,1.50000004787145,4.67142857142857,              1141P   1193
1.50000004787145,9.18485128673322D-17,4.67142857142857,             1141P   1194
1.50000004787145,-1.50000004787145,4.67142857142857,                1141P   1195
1.50000004787145,-1.50000004787145,4.67142857142857,                1141P   1196
1.83697025734664D-16,0.,3.14159265358979,0.,0.,0.;                  1141P   1197
126,4,2,0,0,0,0,3.14159265358979,3.14159265358979,                  1143P   1198
3.14159265358979,4.71238898038469,4.71238898038469,                 1143P   1199
6.28318530717959,6.28318530717959,6.28318530717959,1.,              1143P   1200
0.707106781186548,1.,0.707106781186548,1.,-1.50000004787145,        1143P   1201
4.67142857142857,1.83697025734664D-16,-1.50000004787145,            1143P   1202
4.67142857142857,-1.50000004787145,-2.75545538601997D-16,           1143P   1203
4.67142857142857,-1.50000004787145,1.50000004787145,                1143P   1204
4.67142857142857,-1.50000004787145,1.50000004787145,                1143P   1205
4.67142857142857,-3.67394051469329D-16,3.14159265358979,            1143P   1206
6.28318530717959,0.,0.,0.;                                          1143P   1207
126,1,1,0,0,1,0,-0.0166666666666667,-0.0166666666666667,            1145P   1208
0.0166666666666667,0.0166666666666667,1.,1.,-1.50000004787145,      1145P   1209
4.67142857142857,0.,-1.50000004787145,4.72142857302429,0.,          1145P   1210
-0.0166666666666667,0.0166666666666667,0.,0.,0.;                    1145P   1211
126,4,2,0,0,0,0,0.,0.,0.,1.5707963267949,1.5707963267949,           1147P   1212
3.14159265358979,3.14159265358979,3.14159265358979,1.,              1147P   1213
0.707106781186547,1.,0.707106781186548,1.,0.250000007978574,        1147P   1214
4.67142857142857,0.,0.250000007978574,4.67142857142857,             1147P   1215
0.250000007978574,1.53080854778887D-17,4.67142857142857,            1147P   1216
0.250000007978574,-0.250000007978574,4.67142857142857,              1147P   1217
0.250000007978574,-0.250000007978574,4.67142857142857,              1147P   1218
3.06161709557774D-17,0.,3.14159265358979,0.,0.,0.;                  1147P   1219
126,4,2,0,0,0,0,3.14159265358979,3.14159265358979,                  1149P   1220
3.14159265358979,4.71238898038469,4.71238898038469,                 1149P   1221
6.28318530717959,6.28318530717959,6.28318530717959,1.,              1149P   1222
0.707106781186548,1.,0.707106781186547,1.,-0.250000007978574,       1149P   1223
4.67142857142857,3.06161709557774D-17,-0.250000007978575,           1149P   1224
4.67142857142857,-0.250000007978574,-4.59242564336661D-17,          1149P   1225
4.67142857142857,-0.250000007978574,0.250000007978574,              1149P   1226
4.67142857142857,-0.250000007978575,0.250000007978574,              1149P   1227
4.67142857142857,-6.12323419115548D-17,3.14159265358979,            1149P   1228
6.28318530717959,0.,0.,0.;                                          1149P   1229
126,4,2,0,0,0,0,0.,0.,0.,1.5707963267949,1.5707963267949,           1151P   1230
3.14159265358979,3.14159265358979,3.14159265358979,1.,              1151P   1231
0.707106781186547,1.,0.707106781186548,1.,0.250000007978574,        1151P   1232
4.61020408322837,0.,0.250000007978574,4.61020408322837,             1151P   1233
0.250000007978574,1.53080854778887D-17,4.61020408322837,            1151P   1234
0.250000007978574,-0.250000007978574,4.61020408322837,              1151P   1235
0.250000007978574,-0.250000007978574,4.61020408322837,              1151P   1236
3.06161709557774D-17,0.,3.14159265358979,0.,0.,0.;                  1151P   1237
126,4,2,0,0,0,0,3.14159265358979,3.14159265358979,                  1153P   1238
3.14159265358979,4.71238898038469,4.71238898038469,                 1153P   1239
6.28318530717959,6.28318530717959,6.28318530717959,1.,              1153P   1240
0.707106781186548,1.,0.707106781186547,1.,-0.250000007978574,       1153P   1241
4.61020408322837,3.06161709557774D-17,-0.250000007978575,           1153P   1242
4.61020408322837,-0.250000007978574,-4.59242564336661D-17,          1153P   1243
4.61020408322837,-0.250000007978574,0.250000007978574,              1153P   1244
4.61020408322837,-0.250000007978575,0.250000007978574,              1153P   1245
4.61020408322837,-6.12323419115548D-17,3.14159265358979,            1153P   1246
6.28318530717959,0.,0.,0.;                                          1153P   1247
126,1,1,0,0,1,0,-0.122448972492533,-0.122448972492533,              1155P   1248
0.122448972492533,0.122448972492533,1.,1.,-0.250000007978574,       1155P   1249
4.61020408322837,0.,-0.250000007978574,4.67142857142857,0.,         1155P   1250
-0.122448972492533,0.122448972492533,0.,0.,0.;                      1155P   1251
126,4,2,0,0,0,0,0.,0.,0.,1.5707963267949,1.5707963267949,           1157P   1252
3.14159265358979,3.14159265358979,3.14159265358979,1.,              1157P   1253
0.707106781186548,1.,0.707106781186548,1.,1.50000004787145,         1157P   1254
4.61020408322837,0.,1.50000004787145,4.61020408322837,              1157P   1255
1.50000004787145,9.18485128673322D-17,4.61020408322837,             1157P   1256
1.50000004787145,-1.50000004787145,4.61020408322837,                1157P   1257
1.50000004787145,-1.50000004787145,4.61020408322837,                1157P   1258
1.83697025734664D-16,0.,3.14159265358979,0.,0.,0.;                  1157P   1259
126,4,2,0,0,0,0,3.14159265358979,3.14159265358979,                  1159P   1260
3.14159265358979,4.71238898038469,4.71238898038469,                 1159P   1261
6.28318530717959,6.28318530717959,6.28318530717959,1.,              1159P   1262
0.707106781186548,1.,0.707106781186548,1.,-1.50000004787145,        1159P   1263
4.61020408322837,1.83697025734664D-16,-1.50000004787145,            1159P   1264
4.61020408322837,-1.50000004787145,-2.75545538601997D-16,           1159P   1265
4.61020408322837,-1.50000004787145,1.50000004787145,                1159P   1266
4.61020408322837,-1.50000004787145,1.50000004787145,                1159P   1267
4.61020408322837,-3.67394051469329D-16,3.14159265358979,            1159P   1268
6.28318530717959,0.,0.,0.;                                          1159P   1269
126,4,2,0,0,0,0,0.,0.,0.,1.5707963267949,1.5707963267949,           1161P   1270
3.14159265358979,3.14159265358979,3.14159265358979,1.,              1161P   1271
0.707106781186548,1.,0.707106781186548,1.,1.50000004787145,         1161P   1272
4.56020408163265,0.,1.50000004787145,4.56020408163265,              1161P   1273
1.50000004787145,9.18485128673322D-17,4.56020408163265,             1161P   1274
1.50000004787145,-1.50000004787145,4.56020408163265,                1161P   1275
1.50000004787145,-1.50000004787145,4.56020408163265,                1161P   1276
1.83697025734664D-16,0.,3.14159265358979,0.,0.,0.;                  1161P   1277
126,4,2,0,0,0,0,3.14159265358979,3.14159265358979,                  1163P   1278
3.14159265358979,4.71238898038469,4.71238898038469,                 1163P   1279
6.28318530717959,6.28318530717959,6.28318530717959,1.,              1163P   1280
0.707106781186548,1.,0.707106781186548,1.,-1.50000004787145,        1163P   1281
4.56020408163265,1.83697025734664D-16,-1.50000004787145,            1163P   1282
4.56020408163265,-1.50000004787145,-2.75545538601997D-16,           1163P   1283
4.56020408163265,-1.50000004787145,1.50000004787145,                1163P   1284
4.56020408163265,-1.50000004787145,1.50000004787145,                1163P   1285
4.56020408163265,-3.67394051469329D-16,3.14159265358979,            1163P   1286
6.28318530717959,0.,0.,0.;                                          1163P   1287
126,1,1,0,0,1,0,-0.0166666666666667,-0.0166666666666667,            1165P   1288
0.0166666666666667,0.0166666666666667,1.,1.,-1.50000004787145,      1165P   1289
4.56020408163265,0.,-1.50000004787145,4.61020408322837,0.,          1165P   1290
-0.0166666666666667,0.0166666666666667,0.,0.,0.;                    1165P   1291
126,4,2,0,0,0,0,0.,0.,0.,1.5707963267949,1.5707963267949,           1167P   1292
3.14159265358979,3.14159265358979,3.14159265358979,1.,              1167P   1293
0.707106781186547,1.,0.707106781186548,1.,0.250000007978574,        1167P   1294
4.56020408163265,0.,0.250000007978574,4.56020408163265,             1167P   1295
0.250000007978574,1.53080854778887D-17,4.56020408163265,            1167P   1296
0.250000007978574,-0.250000007978574,4.56020408163265,              1167P   1297
0.250000007978574,-0.250000007978574,4.56020408163265,              1167P   1298
3.06161709557774D-17,0.,3.14159265358979,0.,0.,0.;                  1167P   1299
126,4,2,0,0,0,0,3.14159265358979,3.14159265358979,                  1169P   1300
3.14159265358979,4.71238898038469,4.71238898038469,                 1169P   1301
6.28318530717959,6.28318530717959,6.28318530717959,1.,              1169P   1302
0.707106781186548,1.,0.707106781186547,1.,-0.250000007978574,       1169P   1303
4.56020408163265,3.06161709557774D-17,-0.250000007978575,           1169P   1304
4.56020408163265,-0.250000007978574,-4.59242564336661D-17,          1169P   1305
4.56020408163265,-0.250000007978574,0.250000007978574,              1169P   1306
4.56020408163265,-0.250000007978575,0.250000007978574,              1169P   1307
4.56020408163265,-6.12323419115548D-17,3.14159265358979,            1169P   1308
6.28318530717959,0.,0.,0.;                                          1169P   1309
126,4,2,0,0,0,0,0.,0.,0.,1.5707963267949,1.5707963267949,           1171P   1310
3.14159265358979,3.14159265358979,3.14159265358979,1.,              1171P   1311
0.707106781186547,1.,0.707106781186548,1.,0.250000007978574,        1171P   1312
4.49897959343245,0.,0.250000007978574,4.49897959343245,             1171P   1313
0.250000007978574,1.53080854778887D-17,4.49897959343245,            1171P   1314
0.250000007978574,-0.250000007978574,4.49897959343245,              1171P   1315
0.250000007978574,-0.250000007978574,4.49897959343245,              1171P   1316
3.06161709557774D-17,0.,3.14159265358979,0.,0.,0.;                  1171P   1317
126,4,2,0,0,0,0,3.14159265358979,3.14159265358979,                  1173P   1318
3.14159265358979,4.71238898038469,4.71238898038469,                 1173P   1319
6.28318530717959,6.28318530717959,6.28318530717959,1.,              1173P   1320
0.707106781186548,1.,0.707106781186547,1.,-0.250000007978574,       1173P   1321
4.49897959343245,3.06161709557774D-17,-0.250000007978575,           1173P   1322
4.49897959343245,-0.250000007978574,-4.59242564336661D-17,          1173P   1323
4.49897959343245,-0.250000007978574,0.250000007978574,              1173P   1324
4.49897959343245,-0.250000007978575,0.250000007978574,              1173P   1325
4.49897959343245,-6.12323419115548D-17,3.14159265358979,            1173P   1326
6.28318530717959,0.,0.,0.;                                          1173P   1327
126,1,1,0,0,1,0,-0.122448972492533,-0.122448972492533,              1175P   1328
0.122448972492533,0.122448972492533,1.,1.,-0.250000007978574,       1175P   1329
4.49897959343245,0.,-0.250000007978574,4.56020408163265,0.,         1175P   1330
-0.122448972492533,0.122448972492533,0.,0.,0.;                      1175P   1331
126,4,2,0,0,0,0,0.,0.,0.,1.5707963267949,1.5707963267949,           1177P   1332
3.14159265358979,3.14159265358979,3.14159265358979,1.,              1177P   1333
0.707106781186548,1.,0.707106781186548,1.,1.50000004787145,         1177P   1334
4.49897959343245,0.,1.50000004787145,4.49897959343245,              1177P   1335
1.50000004787145,9.18485128673322D-17,4.49897959343245,             1177P   1336
1.50000004787145,-1.50000004787145,4.49897959343245,                1177P   1337
1.50000004787145,-1.50000004787145,4.49897959343245,                1177P   1338
1.83697025734664D-16,0.,3.14159265358979,0.,0.,0.;                  1177P   1339
126,4,2,0,0,0,0,3.14159265358979,3.14159265358979,                  1179P   1340
3.14159265358979,4.71238898038469,4.71238898038469,                 1179P   1341
6.28318530717959,6.28318530717959,6.28318530717959,1.,              1179P   1342
0.707106781186548,1.,0.707106781186548,1.,-1.50000004787145,        1179P   1343
4.49897959343245,1.83697025734664D-16,-1.50000004787145,            1179P   1344
4.49897959343245,-1.50000004787145,-2.75545538601997D-16,           1179P   1345
4.49897959343245,-1.50000004787145,1.50000004787145,                1179P   1346
4.49897959343245,-1.50000004787145,1.50000004787145,                1179P   1347
4.49897959343245,-3.67394051469329D-16,3.14159265358979,            1179P   1348
6.28318530717959,0.,0.,0.;                                          1179P   1349
126,4,2,0,0,0,0,0.,0.,0.,1.5707963267949,1.5707963267949,           1181P   1350
3.14159265358979,3.14159265358979,3.14159265358979,1.,              1181P   1351
0.707106781186548,1.,0.707106781186548,1.,1.50000004787145,         1181P   1352
4.44897959183673,0.,1.50000004787145,4.44897959183673,              1181P   1353
1.50000004787145,9.18485128673322D-17,4.44897959183673,             1181P   1354
1.50000004787145,-1.50000004787145,4.44897959183673,                1181P   1355
1.50000004787145,-1.50000004787145,4.44897959183673,                1181P   1356
1.83697025734664D-16,0.,3.14159265358979,0.,0.,0.;                  1181P   1357
126,4,2,0,0,0,0,3.14159265358979,3.14159265358979,                  1183P   1358
3.14159265358979,4.71238898038469,4.71238898038469,                 1183P   1359
6.28318530717959,6.28318530717959,6.28318530717959,1.,              1183P   1360
0.707106781186548,1.,0.707106781186548,1.,-1.50000004787145,        1183P   1361
4.44897959183673,1.83697025734664D-16,-1.50000004787145,            1183P   1362
4.44897959183673,-1.50000004787145,-2.75545538601997D-16,           1183P   1363
4.44897959183673,-1.50000004787145,1.50000004787145,                1183P   1364
4.44897959183673,-1.50000004787145,1.50000004787145,                1183P   1365
4.44897959183673,-3.67394051469329D-16,3.14159265358979,            1183P   1366
6.28318530717959,0.,0.,0.;                                          1183P   1367
126,1,1,0,0,1,0,-0.0166666666666667,-0.0166666666666667,            1185P   1368
0.0166666666666667,0.0166666666666667,1.,1.,-1.50000004787145,      1185P   1369
4.44897959183673,0.,-1.50000004787145,4.49897959343245,0.,          1185P   1370
-0.0166666666666667,0.0166666666666667,0.,0.,0.;                    1185P   1371
126,4,2,0,0,0,0,0.,0.,0.,1.5707963267949,1.5707963267949,           1187P   1372
3.14159265358979,3.14159265358979,3.14159265358979,1.,              1187P   1373
0.707106781186547,1.,0.707106781186548,1.,0.250000007978574,        1187P   1374
4.44897959183673,0.,0.250000007978574,4.44897959183673,             1187P   1375
0.250000007978574,1.53080854778887D-17,4.44897959183673,            1187P   1376
0.250000007978574,-0.250000007978574,4.44897959183673,              1187P   1377
0.250000007978574,-0.250000007978574,4.44897959183673,              1187P   1378
3.06161709557774D-17,0.,3.14159265358979,0.,0.,0.;                  1187P   1379
126,4,2,0,0,0,0,3.14159265358979,3.14159265358979,                  1189P   1380
3.14159265358979,4.71238898038469,4.71238898038469,                 1189P   1381
6.28318530717959,6.28318530717959,6.28318530717959,1.,              1189P   1382
0.707106781186548,1.,0.707106781186547,1.,-0.250000007978574,       1189P   1383
4.44897959183673,3.06161709557774D-17,-0.250000007978575,           1189P   1384
4.44897959183673,-0.250000007978574,-4.59242564336661D-17,          1189P   1385
4.44897959183673,-0.250000007978574,0.250000007978574,              1189P   1386
4.44897959183673,-0.250000007978575,0.250000007978574,              1189P   1387
4.44897959183673,-6.12323419115548D-17,3.14159265358979,            1189P   1388
6.28318530717959,0.,0.,0.;                                          1189P   1389
126,4,2,0,0,0,0,0.,0.,0.,1.5707963267949,1.5707963267949,           1191P   1390
3.14159265358979,3.14159265358979,3.14159265358979,1.,              1191P   1391
0.707106781186547,1.,0.707106781186548,1.,0.250000007978574,        1191P   1392
4.38775510363653,0.,0.250000007978574,4.38775510363653,             1191P   1393
0.250000007978574,1.53080854778887D-17,4.38775510363653,            1191P   1394
0.250000007978574,-0.250000007978574,4.38775510363653,              1191P   1395
0.250000007978574,-0.250000007978574,4.38775510363653,              1191P   1396
3.06161709557774D-17,0.,3.14159265358979,0.,0.,0.;                  1191P   1397
126,4,2,0,0,0,0,3.14159265358979,3.14159265358979,                  1193P   1398
3.14159265358979,4.71238898038469,4.71238898038469,                 1193P   1399
6.28318530717959,6.28318530717959,6.28318530717959,1.,              1193P   1400
0.707106781186548,1.,0.707106781186547,1.,-0.250000007978574,       1193P   1401
4.38775510363653,3.06161709557774D-17,-0.250000007978575,           1193P   1402
4.38775510363653,-0.250000007978574,-4.59242564336661D-17,          1193P   1403
4.38775510363653,-0.250000007978574,0.250000007978574,              1193P   1404
4.38775510363653,-0.250000007978575,0.250000007978574,              1193P   1405
4.38775510363653,-6.12323419115548D-17,3.14159265358979,            1193P   1406
6.28318530717959,0.,0.,0.;                                          1193P   1407
126,1,1,0,0,1,0,-0.122448972492536,-0.122448972492536,              1195P   1408
0.122448972492533,0.122448972492533,1.,1.,-0.250000007978574,       1195P   1409
4.38775510363653,0.,-0.250000007978574,4.44897959183673,0.,         1195P   1410
-0.122448972492536,0.122448972492533,0.,0.,0.;                      1195P   1411
126,4,2,0,0,0,0,0.,0.,0.,1.5707963267949,1.5707963267949,           1197P   1412
3.14159265358979,3.14159265358979,3.14159265358979,1.,              1197P   1413
0.707106781186548,1.,0.707106781186548,1.,1.50000004787145,         1197P   1414
4.38775510363653,0.,1.50000004787145,4.38775510363653,              1197P   1415
1.50000004787145,9.18485128673322D-17,4.38775510363653,             1197P   1416
1.50000004787145,-1.50000004787145,4.38775510363653,                1197P   1417
1.50000004787145,-1.50000004787145,4.38775510363653,                1197P   1418
1.83697025734664D-16,0.,3.14159265358979,0.,0.,0.;                  1197P   1419
126,4,2,0,0,0,0,3.14159265358979,3.14159265358979,                  1199P   1420
3.14159265358979,4.71238898038469,4.71238898038469,                 1199P   1421
6.28318530717959,6.28318530717959,6.28318530717959,1.,              1199P   1422
0.707106781186548,1.,0.707106781186548,1.,-1.50000004787145,        1199P   1423
4.38775510363653,1.83697025734664D-16,-1.50000004787145,            1199P   1424
4.38775510363653,-1.50000004787145,-2.75545538601997D-16,           1199P   1425
4.38775510363653,-1.50000004787145,1.50000004787145,                1199P   1426
4.38775510363653,-1.50000004787145,1.50000004787145,                1199P   1427
4.38775510363653,-3.67394051469329D-16,3.14159265358979,            1199P   1428
6.28318530717959,0.,0.,0.;                                          1199P   1429
126,4,2,0,0,0,0,0.,0.,0.,1.5707963267949,1.5707963267949,           1201P   1430
3.14159265358979,3.14159265358979,3.14159265358979,1.,              1201P   1431
0.707106781186548,1.,0.707106781186548,1.,1.50000004787145,         1201P   1432
4.33775510204082,0.,1.50000004787145,4.33775510204082,              1201P   1433
1.50000004787145,9.18485128673322D-17,4.33775510204082,             1201P   1434
1.50000004787145,-1.50000004787145,4.33775510204082,                1201P   1435
1.50000004787145,-1.50000004787145,4.33775510204082,                1201P   1436
1.83697025734664D-16,0.,3.14159265358979,0.,0.,0.;                  1201P   1437
126,4,2,0,0,0,0,3.14159265358979,3.14159265358979,                  1203P   1438
3.14159265358979,4.71238898038469,4.71238898038469,                 1203P   1439
6.28318530717959,6.28318530717959,6.28318530717959,1.,              1203P   1440
0.707106781186548,1.,0.707106781186548,1.,-1.50000004787145,        1203P   1441
4.33775510204082,1.83697025734664D-16,-1.50000004787145,            1203P   1442
4.33775510204082,-1.50000004787145,-2.75545538601997D-16,           1203P   1443
4.33775510204082,-1.50000004787145,1.50000004787145,                1203P   1444
4.33775510204082,-1.50000004787145,1.50000004787145,                1203P   1445
4.33775510204082,-3.67394051469329D-16,3.14159265358979,            1203P   1446
6.28318530717959,0.,0.,0.;                                          1203P   1447
126,1,1,0,0,1,0,-0.0166666666666667,-0.0166666666666667,            1205P   1448
0.0166666666666667,0.0166666666666667,1.,1.,-1.50000004787145,      1205P   1449
4.33775510204082,0.,-1.50000004787145,4.38775510363653,0.,          1205P   1450
-0.0166666666666667,0.0166666666666667,0.,0.,0.;                    1205P   1451
126,4,2,0,0,0,0,0.,0.,0.,1.5707963267949,1.5707963267949,           1207P   1452
3.14159265358979,3.14159265358979,3.14159265358979,1.,              1207P   1453
0.707106781186547,1.,0.707106781186548,1.,0.250000007978574,        1207P   1454
4.33775510204082,0.,0.250000007978574,4.33775510204082,             1207P   1455
0.250000007978574,1.53080854778887D-17,4.33775510204082,            1207P   1456
0.250000007978574,-0.250000007978574,4.33775510204082,              1207P   1457
0.250000007978574,-0.250000007978574,4.33775510204082,              1207P   1458
3.06161709557774D-17,0.,3.14159265358979,0.,0.,0.;                  1207P   1459
126,4,2,0,0,0,0,3.14159265358979,3.14159265358979,                  1209P   1460
3.14159265358979,4.71238898038469,4.71238898038469,                 1209P   1461
6.28318530717959,6.28318530717959,6.28318530717959,1.,              1209P   1462
0.707106781186548,1.,0.707106781186547,1.,-0.250000007978574,       1209P   1463
4.33775510204082,3.06161709557774D-17,-0.250000007978575,           1209P   1464
4.33775510204082,-0.250000007978574,-4.59242564336661D-17,          1209P   1465
4.33775510204082,-0.250000007978574,0.250000007978574,              1209P   1466
4.33775510204082,-0.250000007978575,0.250000007978574,              1209P   1467
4.33775510204082,-6.12323419115548D-17,3.14159265358979,            1209P   1468
6.28318530717959,0.,0.,0.;                                          1209P   1469
126,4,2,0,0,0,0,0.,0.,0.,1.5707963267949,1.5707963267949,           1211P   1470
3.14159265358979,3.14159265358979,3.14159265358979,1.,              1211P   1471
0.707106781186547,1.,0.707106781186548,1.,0.250000007978574,        1211P   1472
4.27653061384061,0.,0.250000007978574,4.27653061384061,             1211P   1473
0.250000007978574,1.53080854778887D-17,4.27653061384061,            1211P   1474
0.250000007978574,-0.250000007978574,4.27653061384061,              1211P   1475
0.250000007978574,-0.250000007978574,4.27653061384061,              1211P   1476
3.06161709557774D-17,0.,3.14159265358979,0.,0.,0.;                  1211P   1477
126,4,2,0,0,0,0,3.14159265358979,3.14159265358979,                  1213P   1478
3.14159265358979,4.71238898038469,4.71238898038469,                 1213P   1479
6.28318530717959,6.28318530717959,6.28318530717959,1.,              1213P   1480
0.707106781186548,1.,0.707106781186547,1.,-0.250000007978574,       1213P   1481
4.27653061384061,3.06161709557774D-17,-0.250000007978575,           1213P   1482
4.27653061384061,-0.250000007978574,-4.59242564336661D-17,          1213P   1483
4.27653061384061,-0.250000007978574,0.250000007978574,              1213P   1484
4.27653061384061,-0.250000007978575,0.250000007978574,              1213P   1485
4.27653061384061,-6.12323419115548D-17,3.14159265358979,            1213P   1486
6.28318530717959,0.,0.,0.;                                          1213P   1487
126,1,1,0,0,1,0,-0.122448972492533,-0.122448972492533,              1215P   1488
0.122448972492533,0.122448972492533,1.,1.,-0.250000007978574,       1215P   1489
4.27653061384061,0.,-0.250000007978574,4.33775510204082,0.,         1215P   1490
-0.122448972492533,0.122448972492533,0.,0.,0.;                      1215P   1491
126,4,2,0,0,0,0,0.,0.,0.,1.5707963267949,1.5707963267949,           1217P   1492
3.14159265358979,3.14159265358979,3.14159265358979,1.,              1217P   1493
0.707106781186548,1.,0.707106781186548,1.,1.50000004787145,         1217P   1494
4.27653061384061,0.,1.50000004787145,4.27653061384061,              1217P   1495
1.50000004787145,9.18485128673322D-17,4.27653061384061,             1217P   1496
1.50000004787145,-1.50000004787145,4.27653061384061,                1217P   1497
1.50000004787145,-1.50000004787145,4.27653061384061,                1217P   1498
1.83697025734664D-16,0.,3.14159265358979,0.,0.,0.;                  1217P   1499
126,4,2,0,0,0,0,3.14159265358979,3.14159265358979,                  1219P   1500
3.14159265358979,4.71238898038469,4.71238898038469,                 1219P   1501
6.28318530717959,6.28318530717959,6.28318530717959,1.,              1219P   1502
0.707106781186548,1.,0.707106781186548,1.,-1.50000004787145,        1219P   1503
4.27653061384061,1.83697025734664D-16,-1.50000004787145,            1219P   1504
4.27653061384061,-1.50000004787145,-2.75545538601997D-16,           1219P   1505
4.27653061384061,-1.50000004787145,1.50000004787145,                1219P   1506
4.27653061384061,-1.50000004787145,1.50000004787145,                1219P   1507
4.27653061384061,-3.67394051469329D-16,3.14159265358979,            1219P   1508
6.28318530717959,0.,0.,0.;                                          1219P   1509
126,4,2,0,0,0,0,0.,0.,0.,1.5707963267949,1.5707963267949,           1221P   1510
3.14159265358979,3.14159265358979,3.14159265358979,1.,              1221P   1511
0.707106781186548,1.,0.707106781186548,1.,1.50000004787145,         1221P   1512
4.2265306122449,0.,1.50000004787145,4.2265306122449,                1221P   1513
1.50000004787145,9.18485128673322D-17,4.2265306122449,              1221P   1514
1.50000004787145,-1.50000004787145,4.2265306122449,                 1221P   1515
1.50000004787145,-1.50000004787145,4.2265306122449,                 1221P   1516
1.83697025734664D-16,0.,3.14159265358979,0.,0.,0.;                  1221P   1517
126,4,2,0,0,0,0,3.14159265358979,3.14159265358979,                  1223P   1518
3.14159265358979,4.71238898038469,4.71238898038469,                 1223P   1519
6.28318530717959,6.28318530717959,6.28318530717959,1.,              1223P   1520
0.707106781186548,1.,0.707106781186548,1.,-1.50000004787145,        1223P   1521
4.2265306122449,1.83697025734664D-16,-1.50000004787145,             1223P   1522
4.2265306122449,-1.50000004787145,-2.75545538601997D-16,            1223P   1523
4.2265306122449,-1.50000004787145,1.50000004787145,                 1223P   1524
4.2265306122449,-1.50000004787145,1.50000004787145,                 1223P   1525
4.2265306122449,-3.67394051469329D-16,3.14159265358979,             1223P   1526
6.28318530717959,0.,0.,0.;                                          1223P   1527
126,1,1,0,0,1,0,-0.0166666666666667,-0.0166666666666667,            1225P   1528
0.0166666666666667,0.0166666666666667,1.,1.,-1.50000004787145,      1225P   1529
4.2265306122449,0.,-1.50000004787145,4.27653061384061,0.,           1225P   1530
-0.0166666666666667,0.0166666666666667,0.,0.,0.;                    1225P   1531
126,4,2,0,0,0,0,0.,0.,0.,1.5707963267949,1.5707963267949,           1227P   1532
3.14159265358979,3.14159265358979,3.14159265358979,1.,              1227P   1533
0.707106781186547,1.,0.707106781186548,1.,0.250000007978574,        1227P   1534
4.2265306122449,0.,0.250000007978574,4.2265306122449,               1227P   1535
0.250000007978574,1.53080854778887D-17,4.2265306122449,             1227P   1536
0.250000007978574,-0.250000007978574,4.2265306122449,               1227P   1537
0.250000007978574,-0.250000007978574,4.2265306122449,               1227P   1538
3.06161709557774D-17,0.,3.14159265358979,0.,0.,0.;                  1227P   1539
126,4,2,0,0,0,0,3.14159265358979,3.14159265358979,                  1229P   1540
3.14159265358979,4.71238898038469,4.71238898038469,                 1229P   1541
6.28318530717959,6.28318530717959,6.28318530717959,1.,              1229P   1542
0.707106781186548,1.,0.707106781186547,1.,-0.250000007978574,       1229P   1543
4.2265306122449,3.06161709557774D-17,-0.250000007978575,            1229P   1544
4.2265306122449,-0.250000007978574,-4.59242564336661D-17,           1229P   1545
4.2265306122449,-0.250000007978574,0.250000007978574,               1229P   1546
4.2265306122449,-0.250000007978575,0.250000007978574,               1229P   1547
4.2265306122449,-6.12323419115548D-17,3.14159265358979,             1229P   1548
6.28318530717959,0.,0.,0.;                                          1229P   1549
126,4,2,0,0,0,0,0.,0.,0.,1.5707963267949,1.5707963267949,           1231P   1550
3.14159265358979,3.14159265358979,3.14159265358979,1.,              1231P   1551
0.707106781186547,1.,0.707106781186548,1.,0.250000007978574,        1231P   1552
4.16530612404469,0.,0.250000007978574,4.16530612404469,             1231P   1553
0.250000007978574,1.53080854778887D-17,4.16530612404469,            1231P   1554
0.250000007978574,-0.250000007978574,4.16530612404469,              1231P   1555
0.250000007978574,-0.250000007978574,4.16530612404469,              1231P   1556
3.06161709557774D-17,0.,3.14159265358979,0.,0.,0.;                  1231P   1557
126,4,2,0,0,0,0,3.14159265358979,3.14159265358979,                  1233P   1558
3.14159265358979,4.71238898038469,4.71238898038469,                 1233P   1559
6.28318530717959,6.28318530717959,6.28318530717959,1.,              1233P   1560
0.707106781186548,1.,0.707106781186547,1.,-0.250000007978574,       1233P   1561
4.16530612404469,3.06161709557774D-17,-0.250000007978575,           1233P   1562
4.16530612404469,-0.250000007978574,-4.59242564336661D-17,          1233P   1563
4.16530612404469,-0.250000007978574,0.250000007978574,              1233P   1564
4.16530612404469,-0.250000007978575,0.250000007978574,              1233P   1565
4.16530612404469,-6.12323419115548D-17,3.14159265358979,            1233P   1566
6.28318530717959,0.,0.,0.;                                          1233P   1567
126,1,1,0,0,1,0,-0.122448972492533,-0.122448972492533,              1235P   1568
0.122448972492536,0.122448972492536,1.,1.,-0.250000007978574,       1235P   1569
4.16530612404469,0.,-0.250000007978574,4.2265306122449,0.,          1235P   1570
-0.122448972492533,0.122448972492536,0.,0.,0.;                      1235P   1571
126,4,2,0,0,0,0,0.,0.,0.,1.5707963267949,1.5707963267949,           1237P   1572
3.14159265358979,3.14159265358979,3.14159265358979,1.,              1237P   1573
0.707106781186548,1.,0.707106781186548,1.,1.50000004787145,         1237P   1574
4.16530612404469,0.,1.50000004787145,4.16530612404469,              1237P   1575
1.50000004787145,9.18485128673322D-17,4.16530612404469,             1237P   1576
1.50000004787145,-1.50000004787145,4.16530612404469,                1237P   1577
1.50000004787145,-1.50000004787145,4.16530612404469,                1237P   1578
1.83697025734664D-16,0.,3.14159265358979,0.,0.,0.;                  1237P   1579
126,4,2,0,0,0,0,3.14159265358979,3.14159265358979,                  1239P   1580
3.14159265358979,4.71238898038469,4.71238898038469,                 1239P   1581
6.28318530717959,6.28318530717959,6.28318530717959,1.,              1239P   1582
0.707106781186548,1.,0.707106781186548,1.,-1.50000004787145,        1239P   1583
4.16530612404469,1.83697025734664D-16,-1.50000004787145,            1239P   1584
4.16530612404469,-1.50000004787145,-2.75545538601997D-16,           1239P   1585
4.16530612404469,-1.50000004787145,1.50000004787145,                1239P   1586
4.16530612404469,-1.50000004787145,1.50000004787145,                1239P   1587
4.16530612404469,-3.67394051469329D-16,3.14159265358979,            1239P   1588
6.28318530717959,0.,0.,0.;                                          1239P   1589
126,4,2,0,0,0,0,0.,0.,0.,1.5707963267949,1.5707963267949,           1241P   1590
3.14159265358979,3.14159265358979,3.14159265358979,1.,              1241P   1591
0.707106781186548,1.,0.707106781186548,1.,1.50000004787145,         1241P   1592
4.11530612244898,0.,1.50000004787145,4.11530612244898,              1241P   1593
1.50000004787145,9.18485128673322D-17,4.11530612244898,             1241P   1594
1.50000004787145,-1.50000004787145,4.11530612244898,                1241P   1595
1.50000004787145,-1.50000004787145,4.11530612244898,                1241P   1596
1.83697025734664D-16,0.,3.14159265358979,0.,0.,0.;                  1241P   1597
126,4,2,0,0,0,0,3.14159265358979,3.14159265358979,                  1243P   1598
3.14159265358979,4.71238898038469,4.71238898038469,                 1243P   1599
6.28318530717959,6.28318530717959,6.28318530717959,1.,              1243P   1600
0.707106781186548,1.,0.707106781186548,1.,-1.50000004787145,        1243P   1601
4.11530612244898,1.83697025734664D-16,-1.50000004787145,            1243P   1602
4.11530612244898,-1.50000004787145,-2.75545538601997D-16,           1243P   1603
4.11530612244898,-1.50000004787145,1.50000004787145,                1243P   1604
4.11530612244898,-1.50000004787145,1.50000004787145,                1243P   1605
4.11530612244898,-3.67394051469329D-16,3.14159265358979,            1243P   1606
6.28318530717959,0.,0.,0.;                                          1243P   1607
126,1,1,0,0,1,0,-0.0166666666666667,-0.0166666666666667,            1245P   1608
0.0166666666666667,0.0166666666666667,1.,1.,-1.50000004787145,      1245P   1609
4.11530612244898,0.,-1.50000004787145,4.16530612404469,0.,          1245P   1610
-0.0166666666666667,0.0166666666666667,0.,0.,0.;                    1245P   1611
126,4,2,0,0,0,0,0.,0.,0.,1.5707963267949,1.5707963267949,           1247P   1612
3.14159265358979,3.14159265358979,3.14159265358979,1.,              1247P   1613
0.707106781186547,1.,0.707106781186548,1.,0.250000007978574,        1247P   1614
4.11530612244898,0.,0.250000007978574,4.11530612244898,             1247P   1615
0.250000007978574,1.53080854778887D-17,4.11530612244898,            1247P   1616
0.250000007978574,-0.250000007978574,4.11530612244898,              1247P   1617
0.250000007978574,-0.250000007978574,4.11530612244898,              1247P   1618
3.06161709557774D-17,0.,3.14159265358979,0.,0.,0.;                  1247P   1619
126,4,2,0,0,0,0,3.14159265358979,3.14159265358979,                  1249P   1620
3.14159265358979,4.71238898038469,4.71238898038469,                 1249P   1621
6.28318530717959,6.28318530717959,6.28318530717959,1.,              1249P   1622
0.707106781186548,1.,0.707106781186547,1.,-0.250000007978574,       1249P   1623
4.11530612244898,3.06161709557774D-17,-0.250000007978575,           1249P   1624
4.11530612244898,-0.250000007978574,-4.59242564336661D-17,          1249P   1625
4.11530612244898,-0.250000007978574,0.250000007978574,              1249P   1626
4.11530612244898,-0.250000007978575,0.250000007978574,              1249P   1627
4.11530612244898,-6.12323419115548D-17,3.14159265358979,            1249P   1628
6.28318530717959,0.,0.,0.;                                          1249P   1629
126,4,2,0,0,0,0,0.,0.,0.,1.5707963267949,1.5707963267949,           1251P   1630
3.14159265358979,3.14159265358979,3.14159265358979,1.,              1251P   1631
0.707106781186547,1.,0.707106781186548,1.,0.250000007978574,        1251P   1632
4.05408163424878,0.,0.250000007978574,4.05408163424878,             1251P   1633
0.250000007978574,1.53080854778887D-17,4.05408163424878,            1251P   1634
0.250000007978574,-0.250000007978574,4.05408163424878,              1251P   1635
0.250000007978574,-0.250000007978574,4.05408163424878,              1251P   1636
3.06161709557774D-17,0.,3.14159265358979,0.,0.,0.;                  1251P   1637
126,4,2,0,0,0,0,3.14159265358979,3.14159265358979,                  1253P   1638
3.14159265358979,4.71238898038469,4.71238898038469,                 1253P   1639
6.28318530717959,6.28318530717959,6.28318530717959,1.,              1253P   1640
0.707106781186548,1.,0.707106781186547,1.,-0.250000007978574,       1253P   1641
4.05408163424878,3.06161709557774D-17,-0.250000007978575,           1253P   1642
4.05408163424878,-0.250000007978574,-4.59242564336661D-17,          1253P   1643
4.05408163424878,-0.250000007978574,0.250000007978574,              1253P   1644
4.05408163424878,-0.250000007978575,0.250000007978574,              1253P   1645
4.05408163424878,-6.12323419115548D-17,3.14159265358979,            1253P   1646
6.28318530717959,0.,0.,0.;                                          1253P   1647
126,1,1,0,0,1,0,-0.122448972492533,-0.122448972492533,              1255P   1648
0.122448972492533,0.122448972492533,1.,1.,-0.250000007978574,       1255P   1649
4.05408163424878,0.,-0.250000007978574,4.11530612244898,0.,         1255P   1650
-0.122448972492533,0.122448972492533,0.,0.,0.;                      1255P   1651
126,4,2,0,0,0,0,0.,0.,0.,1.5707963267949,1.5707963267949,           1257P   1652
3.14159265358979,3.14159265358979,3.14159265358979,1.,              1257P   1653
0.707106781186548,1.,0.707106781186548,1.,1.50000004787145,         1257P   1654
4.05408163424878,0.,1.50000004787145,4.05408163424878,              1257P   1655
1.50000004787145,9.18485128673322D-17,4.05408163424878,             1257P   1656
1.50000004787145,-1.50000004787145,4.05408163424878,                1257P   1657
1.50000004787145,-1.50000004787145,4.05408163424878,                1257P   1658
1.83697025734664D-16,0.,3.14159265358979,0.,0.,0.;                  1257P   1659
126,4,2,0,0,0,0,3.14159265358979,3.14159265358979,                  1259P   1660
3.14159265358979,4.71238898038469,4.71238898038469,                 1259P   1661
6.28318530717959,6.28318530717959,6.28318530717959,1.,              1259P   1662
0.707106781186548,1.,0.707106781186548,1.,-1.50000004787145,        1259P   1663
4.05408163424878,1.83697025734664D-16,-1.50000004787145,            1259P   1664
4.05408163424878,-1.50000004787145,-2.75545538601997D-16,           1259P   1665
4.05408163424878,-1.50000004787145,1.50000004787145,                1259P   1666
4.05408163424878,-1.50000004787145,1.50000004787145,                1259P   1667
4.05408163424878,-3.67394051469329D-16,3.14159265358979,            1259P   1668
6.28318530717959,0.,0.,0.;                                          1259P   1669
126,4,2,0,0,0,0,0.,0.,0.,1.5707963267949,1.5707963267949,           1261P   1670
3.14159265358979,3.14159265358979,3.14159265358979,1.,              1261P   1671
0.707106781186548,1.,0.707106781186548,1.,1.50000004787145,         1261P   1672
4.00408163265306,0.,1.50000004787145,4.00408163265306,              1261P   1673
1.50000004787145,9.18485128673322D-17,4.00408163265306,             1261P   1674
1.50000004787145,-1.50000004787145,4.00408163265306,                1261P   1675
1.50000004787145,-1.50000004787145,4.00408163265306,                1261P   1676
1.83697025734664D-16,0.,3.14159265358979,0.,0.,0.;                  1261P   1677
126,4,2,0,0,0,0,3.14159265358979,3.14159265358979,                  1263P   1678
3.14159265358979,4.71238898038469,4.71238898038469,                 1263P   1679
6.28318530717959,6.28318530717959,6.28318530717959,1.,              1263P   1680
0.707106781186548,1.,0.707106781186548,1.,-1.50000004787145,        1263P   1681
4.00408163265306,1.83697025734664D-16,-1.50000004787145,            1263P   1682
4.00408163265306,-1.50000004787145,-2.75545538601997D-16,           1263P   1683
4.00408163265306,-1.50000004787145,1.50000004787145,                1263P   1684
4.00408163265306,-1.50000004787145,1.50000004787145,                1263P   1685
4.00408163265306,-3.67394051469329D-16,3.14159265358979,            1263P   1686
6.28318530717959,0.,0.,0.;                                          1263P   1687
126,1,1,0,0,1,0,-0.0166666666666667,-0.0166666666666667,            1265P   1688
0.0166666666666667,0.0166666666666667,1.,1.,-1.50000004787145,      1265P   1689
4.00408163265306,0.,-1.50000004787145,4.05408163424878,0.,          1265P   1690
-0.0166666666666667,0.0166666666666667,0.,0.,0.;                    1265P   1691
126,4,2,0,0,0,0,0.,0.,0.,1.5707963267949,1.5707963267949,           1267P   1692
3.14159265358979,3.14159265358979,3.14159265358979,1.,              1267P   1693
0.707106781186547,1.,0.707106781186548,1.,0.250000007978574,        1267P   1694
4.00408163265306,0.,0.250000007978574,4.00408163265306,             1267P   1695
0.250000007978574,1.53080854778887D-17,4.00408163265306,            1267P   1696
0.250000007978574,-0.250000007978574,4.00408163265306,              1267P   1697
0.250000007978574,-0.250000007978574,4.00408163265306,              1267P   1698
3.06161709557774D-17,0.,3.14159265358979,0.,0.,0.;                  1267P   1699
126,4,2,0,0,0,0,3.14159265358979,3.14159265358979,                  1269P   1700
3.14159265358979,4.71238898038469,4.71238898038469,                 1269P   1701
6.28318530717959,6.28318530717959,6.28318530717959,1.,              1269P   1702
0.707106781186548,1.,0.707106781186547,1.,-0.250000007978574,       1269P   1703
4.00408163265306,3.06161709557774D-17,-0.250000007978575,           1269P   1704
4.00408163265306,-0.250000007978574,-4.59242564336661D-17,          1269P   1705
4.00408163265306,-0.250000007978574,0.250000007978574,              1269P   1706
4.00408163265306,-0.250000007978575,0.250000007978574,              1269P   1707
4.00408163265306,-6.12323419115548D-17,3.14159265358979,            1269P   1708
6.28318530717959,0.,0.,0.;                                          1269P   1709
126,4,2,0,0,0,0,0.,0.,0.,1.5707963267949,1.5707963267949,           1271P   1710
3.14159265358979,3.14159265358979,3.14159265358979,1.,              1271P   1711
0.707106781186547,1.,0.707106781186548,1.,0.250000007978574,        1271P   1712
3.94285714445286,0.,0.250000007978574,3.94285714445286,             1271P   1713
0.250000007978574,1.53080854778887D-17,3.94285714445286,            1271P   1714
0.250000007978574,-0.250000007978574,3.94285714445286,              1271P   1715
0.250000007978574,-0.250000007978574,3.94285714445286,              1271P   1716
3.06161709557774D-17,0.,3.14159265358979,0.,0.,0.;                  1271P   1717
126,4,2,0,0,0,0,3.14159265358979,3.14159265358979,                  1273P   1718
3.14159265358979,4.71238898038469,4.71238898038469,                 1273P   1719
6.28318530717959,6.28318530717959,6.28318530717959,1.,              1273P   1720
0.707106781186548,1.,0.707106781186547,1.,-0.250000007978574,       1273P   1721
3.94285714445286,3.06161709557774D-17,-0.250000007978575,           1273P   1722
3.94285714445286,-0.250000007978574,-4.59242564336661D-17,          1273P   1723
3.94285714445286,-0.250000007978574,0.250000007978574,              1273P   1724
3.94285714445286,-0.250000007978575,0.250000007978574,              1273P   1725
3.94285714445286,-6.12323419115548D-17,3.14159265358979,            1273P   1726
6.28318530717959,0.,0.,0.;                                          1273P   1727
126,1,1,0,0,1,0,-0.122448972492536,-0.122448972492536,              1275P   1728
0.122448972492533,0.122448972492533,1.,1.,-0.250000007978574,       1275P   1729
3.94285714445286,0.,-0.250000007978574,4.00408163265306,0.,         1275P   1730
-0.122448972492536,0.122448972492533,0.,0.,0.;                      1275P   1731
126,4,2,0,0,0,0,0.,0.,0.,1.5707963267949,1.5707963267949,           1277P   1732
3.14159265358979,3.14159265358979,3.14159265358979,1.,              1277P   1733
0.707106781186548,1.,0.707106781186548,1.,1.50000004787145,         1277P   1734
3.94285714445286,0.,1.50000004787145,3.94285714445286,              1277P   1735
1.50000004787145,9.18485128673322D-17,3.94285714445286,             1277P   1736
1.50000004787145,-1.50000004787145,3.94285714445286,                1277P   1737
1.50000004787145,-1.50000004787145,3.94285714445286,                1277P   1738
1.83697025734664D-16,0.,3.14159265358979,0.,0.,0.;                  1277P   1739
126,4,2,0,0,0,0,3.14159265358979,3.14159265358979,                  1279P   1740
3.14159265358979,4.71238898038469,4.71238898038469,                 1279P   1741
6.28318530717959,6.28318530717959,6.28318530717959,1.,              1279P   1742
0.707106781186548,1.,0.707106781186548,1.,-1.50000004787145,        1279P   1743
3.94285714445286,1.83697025734664D-16,-1.50000004787145,            1279P   1744
3.94285714445286,-1.50000004787145,-2.75545538601997D-16,           1279P   1745
3.94285714445286,-1.50000004787145,1.50000004787145,                1279P   1746
3.94285714445286,-1.50000004787145,1.50000004787145,                1279P   1747
3.94285714445286,-3.67394051469329D-16,3.14159265358979,            1279P   1748
6.28318530717959,0.,0.,0.;                                          1279P   1749
126,4,2,0,0,0,0,0.,0.,0.,1.5707963267949,1.5707963267949,           1281P   1750
3.14159265358979,3.14159265358979,3.14159265358979,1.,              1281P   1751
0.707106781186548,1.,0.707106781186548,1.,1.50000004787145,         1281P   1752
3.89285714285714,0.,1.50000004787145,3.89285714285714,              1281P   1753
1.50000004787145,9.18485128673322D-17,3.89285714285714,             1281P   1754
1.50000004787145,-1.50000004787145,3.89285714285714,                1281P   1755
1.50000004787145,-1.50000004787145,3.89285714285714,                1281P   1756
1.83697025734664D-16,0.,3.14159265358979,0.,0.,0.;                  1281P   1757
126,4,2,0,0,0,0,3.14159265358979,3.14159265358979,                  1283P   1758
3.14159265358979,4.71238898038469,4.71238898038469,                 1283P   1759
6.28318530717959,6.28318530717959,6.28318530717959,1.,              1283P   1760
0.707106781186548,1.,0.707106781186548,1.,-1.50000004787145,        1283P   1761
3.89285714285714,1.83697025734664D-16,-1.50000004787145,            1283P   1762
3.89285714285714,-1.50000004787145,-2.75545538601997D-16,           1283P   1763
3.89285714285714,-1.50000004787145,1.50000004787145,                1283P   1764
3.89285714285714,-1.50000004787145,1.50000004787145,                1283P   1765
3.89285714285714,-3.67394051469329D-16,3.14159265358979,            1283P   1766
6.28318530717959,0.,0.,0.;                                          1283P   1767
126,1,1,0,0,1,0,-0.0166666666666667,-0.0166666666666667,            1285P   1768
0.0166666666666667,0.0166666666666667,1.,1.,-1.50000004787145,      1285P   1769
3.89285714285714,0.,-1.50000004787145,3.94285714445286,0.,          1285P   1770
-0.0166666666666667,0.0166666666666667,0.,0.,0.;                    1285P   1771
126,4,2,0,0,0,0,0.,0.,0.,1.5707963267949,1.5707963267949,           1287P   1772
3.14159265358979,3.14159265358979,3.14159265358979,1.,              1287P   1773
0.707106781186547,1.,0.707106781186548,1.,0.250000007978574,        1287P   1774
3.89285714285714,0.,0.250000007978574,3.89285714285714,             1287P   1775
0.250000007978574,1.53080854778887D-17,3.89285714285714,            1287P   1776
0.250000007978574,-0.250000007978574,3.89285714285714,              1287P   1777
0.250000007978574,-0.250000007978574,3.89285714285714,              1287P   1778
3.06161709557774D-17,0.,3.14159265358979,0.,0.,0.;                  1287P   1779
126,4,2,0,0,0,0,3.14159265358979,3.14159265358979,                  1289P   1780
3.14159265358979,4.71238898038469,4.71238898038469,                 1289P   1781
6.28318530717959,6.28318530717959,6.28318530717959,1.,              1289P   1782
0.707106781186548,1.,0.707106781186547,1.,-0.250000007978574,       1289P   1783
3.89285714285714,3.06161709557774D-17,-0.250000007978575,           1289P   1784
3.89285714285714,-0.250000007978574,-4.59242564336661D-17,          1289P   1785
3.89285714285714,-0.250000007978574,0.250000007978574,              1289P   1786
3.89285714285714,-0.250000007978575,0.250000007978574,              1289P   1787
3.89285714285714,-6.12323419115548D-17,3.14159265358979,            1289P   1788
6.28318530717959,0.,0.,0.;                                          1289P   1789
126,4,2,0,0,0,0,0.,0.,0.,1.5707963267949,1.5707963267949,           1291P   1790
3.14159265358979,3.14159265358979,3.14159265358979,1.,              1291P   1791
0.707106781186547,1.,0.707106781186548,1.,0.250000007978574,        1291P   1792
3.83163265465694,0.,0.250000007978574,3.83163265465694,             1291P   1793
0.250000007978574,1.53080854778887D-17,3.83163265465694,            1291P   1794
0.250000007978574,-0.250000007978574,3.83163265465694,              1291P   1795
0.250000007978574,-0.250000007978574,3.83163265465694,              1291P   1796
3.06161709557774D-17,0.,3.14159265358979,0.,0.,0.;                  1291P   1797
126,4,2,0,0,0,0,3.14159265358979,3.14159265358979,                  1293P   1798
3.14159265358979,4.71238898038469,4.71238898038469,                 1293P   1799
6.28318530717959,6.28318530717959,6.28318530717959,1.,              1293P   1800
0.707106781186548,1.,0.707106781186547,1.,-0.250000007978574,       1293P   1801
3.83163265465694,3.06161709557774D-17,-0.250000007978575,           1293P   1802
3.83163265465694,-0.250000007978574,-4.59242564336661D-17,          1293P   1803
3.83163265465694,-0.250000007978574,0.250000007978574,              1293P   1804
3.83163265465694,-0.250000007978575,0.250000007978574,              1293P   1805
3.83163265465694,-6.12323419115548D-17,3.14159265358979,            1293P   1806
6.28318530717959,0.,0.,0.;                                          1293P   1807
126,1,1,0,0,1,0,-0.122448972492533,-0.122448972492533,              1295P   1808
0.122448972492533,0.122448972492533,1.,1.,-0.250000007978574,       1295P   1809
3.83163265465694,0.,-0.250000007978574,3.89285714285714,0.,         1295P   1810
-0.122448972492533,0.122448972492533,0.,0.,0.;                      1295P   1811
126,4,2,0,0,0,0,0.,0.,0.,1.5707963267949,1.5707963267949,           1297P   1812
3.14159265358979,3.14159265358979,3.14159265358979,1.,              1297P   1813
0.707106781186548,1.,0.707106781186548,1.,1.50000004787145,         1297P   1814
3.83163265465694,0.,1.50000004787145,3.83163265465694,              1297P   1815
1.50000004787145,9.18485128673322D-17,3.83163265465694,             1297P   1816
1.50000004787145,-1.50000004787145,3.83163265465694,                1297P   1817
1.50000004787145,-1.50000004787145,3.83163265465694,                1297P   1818
1.83697025734664D-16,0.,3.14159265358979,0.,0.,0.;                  1297P   1819
126,4,2,0,0,0,0,3.14159265358979,3.14159265358979,                  1299P   1820
3.14159265358979,4.71238898038469,4.71238898038469,                 1299P   1821
6.28318530717959,6.28318530717959,6.28318530717959,1.,              1299P   1822
0.707106781186548,1.,0.707106781186548,1.,-1.50000004787145,        1299P   1823
3.83163265465694,1.83697025734664D-16,-1.50000004787145,            1299P   1824
3.83163265465694,-1.50000004787145,-2.75545538601997D-16,           1299P   1825
3.83163265465694,-1.50000004787145,1.50000004787145,                1299P   1826
3.83163265465694,-1.50000004787145,1.50000004787145,                1299P   1827
3.83163265465694,-3.67394051469329D-16,3.14159265358979,            1299P   1828
6.28318530717959,0.,0.,0.;                                          1299P   1829
126,4,2,0,0,0,0,0.,0.,0.,1.5707963267949,1.5707963267949,           1301P   1830
3.14159265358979,3.14159265358979,3.14159265358979,1.,              1301P   1831
0.707106781186548,1.,0.707106781186548,1.,1.50000004787145,         1301P   1832
3.78163265306122,0.,1.50000004787145,3.78163265306122,              1301P   1833
1.50000004787145,9.18485128673322D-17,3.78163265306122,             1301P   1834
1.50000004787145,-1.50000004787145,3.78163265306122,                1301P   1835
1.50000004787145,-1.50000004787145,3.78163265306122,                1301P   1836
1.83697025734664D-16,0.,3.14159265358979,0.,0.,0.;                  1301P   1837
126,4,2,0,0,0,0,3.14159265358979,3.14159265358979,                  1303P   1838
3.14159265358979,4.71238898038469,4.71238898038469,                 1303P   1839
6.28318530717959,6.28318530717959,6.28318530717959,1.,              1303P   1840
0.707106781186548,1.,0.707106781186548,1.,-1.50000004787145,        1303P   1841
3.78163265306122,1.83697025734664D-16,-1.50000004787145,            1303P   1842
3.78163265306122,-1.50000004787145,-2.75545538601997D-16,           1303P   1843
3.78163265306122,-1.50000004787145,1.50000004787145,                1303P   1844
3.78163265306122,-1.50000004787145,1.50000004787145,                1303P   1845
3.78163265306122,-3.67394051469329D-16,3.14159265358979,            1303P   1846
6.28318530717959,0.,0.,0.;                                          1303P   1847
126,1,1,0,0,1,0,-0.0166666666666667,-0.0166666666666667,            1305P   1848
0.0166666666666667,0.0166666666666667,1.,1.,-1.50000004787145,      1305P   1849
3.78163265306122,0.,-1.50000004787145,3.83163265465694,0.,          1305P   1850
-0.0166666666666667,0.0166666666666667,0.,0.,0.;                    1305P   1851
126,4,2,0,0,0,0,0.,0.,0.,1.5707963267949,1.5707963267949,           1307P   1852
3.14159265358979,3.14159265358979,3.14159265358979,1.,              1307P   1853
0.707106781186547,1.,0.707106781186548,1.,0.250000007978574,        1307P   1854
3.78163265306122,0.,0.250000007978574,3.78163265306122,             1307P   1855
0.250000007978574,1.53080854778887D-17,3.78163265306122,            1307P   1856
0.250000007978574,-0.250000007978574,3.78163265306122,              1307P   1857
0.250000007978574,-0.250000007978574,3.78163265306122,              1307P   1858
3.06161709557774D-17,0.,3.14159265358979,0.,0.,0.;                  1307P   1859
126,4,2,0,0,0,0,3.14159265358979,3.14159265358979,                  1309P   1860
3.14159265358979,4.71238898038469,4.71238898038469,                 1309P   1861
6.28318530717959,6.28318530717959,6.28318530717959,1.,              1309P   1862
0.707106781186548,1.,0.707106781186547,1.,-0.250000007978574,       1309P   1863
3.78163265306122,3.06161709557774D-17,-0.250000007978575,           1309P   1864
3.78163265306122,-0.250000007978574,-4.59242564336661D-17,          1309P   1865
3.78163265306122,-0.250000007978574,0.250000007978574,              1309P   1866
3.78163265306122,-0.250000007978575,0.250000007978574,              1309P   1867
3.78163265306122,-6.12323419115548D-17,3.14159265358979,            1309P   1868
6.28318530717959,0.,0.,0.;                                          1309P   1869
126,4,2,0,0,0,0,0.,0.,0.,1.5707963267949,1.5707963267949,           1311P   1870
3.14159265358979,3.14159265358979,3.14159265358979,1.,              1311P   1871
0.707106781186547,1.,0.707106781186548,1.,0.250000007978574,        1311P   1872
3.72040816486102,0.,0.250000007978574,3.72040816486102,             1311P   1873
0.250000007978574,1.53080854778887D-17,3.72040816486102,            1311P   1874
0.250000007978574,-0.250000007978574,3.72040816486102,              1311P   1875
0.250000007978574,-0.250000007978574,3.72040816486102,              1311P   1876
3.06161709557774D-17,0.,3.14159265358979,0.,0.,0.;                  1311P   1877
126,4,2,0,0,0,0,3.14159265358979,3.14159265358979,                  1313P   1878
3.14159265358979,4.71238898038469,4.71238898038469,                 1313P   1879
6.28318530717959,6.28318530717959,6.28318530717959,1.,              1313P   1880
0.707106781186548,1.,0.707106781186547,1.,-0.250000007978574,       1313P   1881
3.72040816486102,3.06161709557774D-17,-0.250000007978575,           1313P   1882
3.72040816486102,-0.250000007978574,-4.59242564336661D-17,          1313P   1883
3.72040816486102,-0.250000007978574,0.250000007978574,              1313P   1884
3.72040816486102,-0.250000007978575,0.250000007978574,              1313P   1885
3.72040816486102,-6.12323419115548D-17,3.14159265358979,            1313P   1886
6.28318530717959,0.,0.,0.;                                          1313P   1887
126,1,1,0,0,1,0,-0.122448972492533,-0.122448972492533,              1315P   1888
0.122448972492536,0.122448972492536,1.,1.,-0.250000007978574,       1315P   1889
3.72040816486102,0.,-0.250000007978574,3.78163265306122,0.,         1315P   1890
-0.122448972492533,0.122448972492536,0.,0.,0.;                      1315P   1891
126,4,2,0,0,0,0,0.,0.,0.,1.5707963267949,1.5707963267949,           1317P   1892
3.14159265358979,3.14159265358979,3.14159265358979,1.,              1317P   1893
0.707106781186548,1.,0.707106781186548,1.,1.50000004787145,         1317P   1894
3.72040816486102,0.,1.50000004787145,3.72040816486102,              1317P   1895
1.50000004787145,9.18485128673322D-17,3.72040816486102,             1317P   1896
1.50000004787145,-1.50000004787145,3.72040816486102,                1317P   1897
1.50000004787145,-1.50000004787145,3.72040816486102,                1317P   1898
1.83697025734664D-16,0.,3.14159265358979,0.,0.,0.;                  1317P   1899
126,4,2,0,0,0,0,3.14159265358979,3.14159265358979,                  1319P   1900
3.14159265358979,4.71238898038469,4.71238898038469,                 1319P   1901
6.28318530717959,6.28318530717959,6.28318530717959,1.,              1319P   1902
0.707106781186548,1.,0.707106781186548,1.,-1.50000004787145,        1319P   1903
3.72040816486102,1.83697025734664D-16,-1.50000004787145,            1319P   1904
3.72040816486102,-1.50000004787145,-2.75545538601997D-16,           1319P   1905
3.72040816486102,-1.50000004787145,1.50000004787145,                1319P   1906
3.72040816486102,-1.50000004787145,1.50000004787145,                1319P   1907
3.72040816486102,-3.67394051469329D-16,3.14159265358979,            1319P   1908
6.28318530717959,0.,0.,0.;                                          1319P   1909
126,4,2,0,0,0,0,0.,0.,0.,1.5707963267949,1.5707963267949,           1321P   1910
3.14159265358979,3.14159265358979,3.14159265358979,1.,              1321P   1911
0.707106781186548,1.,0.707106781186548,1.,1.50000004787145,         1321P   1912
3.67040816326531,0.,1.50000004787145,3.67040816326531,              1321P   1913
1.50000004787145,9.18485128673322D-17,3.67040816326531,             1321P   1914
1.50000004787145,-1.50000004787145,3.67040816326531,                1321P   1915
1.50000004787145,-1.50000004787145,3.67040816326531,                1321P   1916
1.83697025734664D-16,0.,3.14159265358979,0.,0.,0.;                  1321P   1917
126,4,2,0,0,0,0,3.14159265358979,3.14159265358979,                  1323P   1918
3.14159265358979,4.71238898038469,4.71238898038469,                 1323P   1919
6.28318530717959,6.28318530717959,6.28318530717959,1.,              1323P   1920
0.707106781186548,1.,0.707106781186548,1.,-1.50000004787145,        1323P   1921
3.67040816326531,1.83697025734664D-16,-1.50000004787145,            1323P   1922
3.67040816326531,-1.50000004787145,-2.75545538601997D-16,           1323P   1923
3.67040816326531,-1.50000004787145,1.50000004787145,                1323P   1924
3.67040816326531,-1.50000004787145,1.50000004787145,                1323P   1925
3.67040816326531,-3.67394051469329D-16,3.14159265358979,            1323P   1926
6.28318530717959,0.,0.,0.;                                          1323P   1927
126,1,1,0,0,1,0,-0.0166666666666667,-0.0166666666666667,            1325P   1928
0.0166666666666667,0.0166666666666667,1.,1.,-1.50000004787145,      1325P   1929
3.67040816326531,0.,-1.50000004787145,3.72040816486102,0.,          1325P   1930
-0.0166666666666667,0.0166666666666667,0.,0.,0.;                    1325P   1931
126,4,2,0,0,0,0,0.,0.,0.,1.5707963267949,1.5707963267949,           1327P   1932
3.14159265358979,3.14159265358979,3.14159265358979,1.,              1327P   1933
0.707106781186547,1.,0.707106781186548,1.,0.250000007978574,        1327P   1934
3.67040816326531,0.,0.250000007978574,3.67040816326531,             1327P   1935
0.250000007978574,1.53080854778887D-17,3.67040816326531,            1327P   1936
0.250000007978574,-0.250000007978574,3.67040816326531,              1327P   1937
0.250000007978574,-0.250000007978574,3.67040816326531,              1327P   1938
3.06161709557774D-17,0.,3.14159265358979,0.,0.,0.;                  1327P   1939
126,4,2,0,0,0,0,3.14159265358979,3.14159265358979,                  1329P   1940
3.14159265358979,4.71238898038469,4.71238898038469,                 1329P   1941
6.28318530717959,6.28318530717959,6.28318530717959,1.,              1329P   1942
0.707106781186548,1.,0.707106781186547,1.,-0.250000007978574,       1329P   1943
3.67040816326531,3.06161709557774D-17,-0.250000007978575,           1329P   1944
3.67040816326531,-0.250000007978574,-4.59242564336661D-17,          1329P   1945
3.67040816326531,-0.250000007978574,0.250000007978574,              1329P   1946
3.67040816326531,-0.250000007978575,0.250000007978574,              1329P   1947
3.67040816326531,-6.12323419115548D-17,3.14159265358979,            1329P   1948
6.28318530717959,0.,0.,0.;                                          1329P   1949
126,4,2,0,0,0,0,0.,0.,0.,1.5707963267949,1.5707963267949,           1331P   1950
3.14159265358979,3.14159265358979,3.14159265358979,1.,              1331P   1951
0.707106781186547,1.,0.707106781186548,1.,0.250000007978574,        1331P   1952
3.6091836750651,0.,0.250000007978574,3.6091836750651,               1331P   1953
0.250000007978574,1.53080854778887D-17,3.6091836750651,             1331P   1954
0.250000007978574,-0.250000007978574,3.6091836750651,               1331P   1955
0.250000007978574,-0.250000007978574,3.6091836750651,               1331P   1956
3.06161709557774D-17,0.,3.14159265358979,0.,0.,0.;                  1331P   1957
126,4,2,0,0,0,0,3.14159265358979,3.14159265358979,                  1333P   1958
3.14159265358979,4.71238898038469,4.71238898038469,                 1333P   1959
6.28318530717959,6.28318530717959,6.28318530717959,1.,              1333P   1960
0.707106781186548,1.,0.707106781186547,1.,-0.250000007978574,       1333P   1961
3.6091836750651,3.06161709557774D-17,-0.250000007978575,            1333P   1962
3.6091836750651,-0.250000007978574,-4.59242564336661D-17,           1333P   1963
3.6091836750651,-0.250000007978574,0.250000007978574,               1333P   1964
3.6091836750651,-0.250000007978575,0.250000007978574,               1333P   1965
3.6091836750651,-6.12323419115548D-17,3.14159265358979,             1333P   1966
6.28318530717959,0.,0.,0.;                                          1333P   1967
126,1,1,0,0,1,0,-0.122448972492533,-0.122448972492533,              1335P   1968
0.122448972492533,0.122448972492533,1.,1.,-0.250000007978574,       1335P   1969
3.6091836750651,0.,-0.250000007978574,3.67040816326531,0.,          1335P   1970
-0.122448972492533,0.122448972492533,0.,0.,0.;                      1335P   1971
126,4,2,0,0,0,0,0.,0.,0.,1.5707963267949,1.5707963267949,           1337P   1972
3.14159265358979,3.14159265358979,3.14159265358979,1.,              1337P   1973
0.707106781186548,1.,0.707106781186548,1.,1.50000004787145,         1337P   1974
3.6091836750651,0.,1.50000004787145,3.6091836750651,                1337P   1975
1.50000004787145,9.18485128673322D-17,3.6091836750651,              1337P   1976
1.50000004787145,-1.50000004787145,3.6091836750651,                 1337P   1977
1.50000004787145,-1.50000004787145,3.6091836750651,                 1337P   1978
1.83697025734664D-16,0.,3.14159265358979,0.,0.,0.;                  1337P   1979
126,4,2,0,0,0,0,3.14159265358979,3.14159265358979,                  1339P   1980
3.14159265358979,4.71238898038469,4.71238898038469,                 1339P   1981
6.28318530717959,6.28318530717959,6.28318530717959,1.,              1339P   1982
0.707106781186548,1.,0.707106781186548,1.,-1.50000004787145,        1339P   1983
3.6091836750651,1.83697025734664D-16,-1.50000004787145,             1339P   1984
3.6091836750651,-1.50000004787145,-2.75545538601997D-16,            1339P   1985
3.6091836750651,-1.50000004787145,1.50000004787145,                 1339P   1986
3.6091836750651,-1.50000004787145,1.50000004787145,                 1339P   1987
3.6091836750651,-3.67394051469329D-16,3.14159265358979,             1339P   1988
6.28318530717959,0.,0.,0.;                                          1339P   1989
126,4,2,0,0,0,0,0.,0.,0.,1.5707963267949,1.5707963267949,           1341P   1990
3.14159265358979,3.14159265358979,3.14159265358979,1.,              1341P   1991
0.707106781186548,1.,0.707106781186548,1.,1.50000004787145,         1341P   1992
3.55918367346939,0.,1.50000004787145,3.55918367346939,              1341P   1993
1.50000004787145,9.18485128673322D-17,3.55918367346939,             1341P   1994
1.50000004787145,-1.50000004787145,3.55918367346939,                1341P   1995
1.50000004787145,-1.50000004787145,3.55918367346939,                1341P   1996
1.83697025734664D-16,0.,3.14159265358979,0.,0.,0.;                  1341P   1997
126,4,2,0,0,0,0,3.14159265358979,3.14159265358979,                  1343P   1998
3.14159265358979,4.71238898038469,4.71238898038469,                 1343P   1999
6.28318530717959,6.28318530717959,6.28318530717959,1.,              1343P   2000
0.707106781186548,1.,0.707106781186548,1.,-1.50000004787145,        1343P   2001
3.55918367346939,1.83697025734664D-16,-1.50000004787145,            1343P   2002
3.55918367346939,-1.50000004787145,-2.75545538601997D-16,           1343P   2003
3.55918367346939,-1.50000004787145,1.50000004787145,                1343P   2004
3.55918367346939,-1.50000004787145,1.50000004787145,                1343P   2005
3.55918367346939,-3.67394051469329D-16,3.14159265358979,            1343P   2006
6.28318530717959,0.,0.,0.;                                          1343P   2007
126,1,1,0,0,1,0,-0.0166666666666667,-0.0166666666666667,            1345P   2008
0.0166666666666667,0.0166666666666667,1.,1.,-1.50000004787145,      1345P   2009
3.55918367346939,0.,-1.50000004787145,3.6091836750651,0.,           1345P   2010
-0.0166666666666667,0.0166666666666667,0.,0.,0.;                    1345P   2011
126,4,2,0,0,0,0,0.,0.,0.,1.5707963267949,1.5707963267949,           1347P   2012
3.14159265358979,3.14159265358979,3.14159265358979,1.,              1347P   2013
0.707106781186547,1.,0.707106781186548,1.,0.250000007978574,        1347P   2014
3.55918367346939,0.,0.250000007978574,3.55918367346939,             1347P   2015
0.250000007978574,1.53080854778887D-17,3.55918367346939,            1347P   2016
0.250000007978574,-0.250000007978574,3.55918367346939,              1347P   2017
0.250000007978574,-0.250000007978574,3.55918367346939,              1347P   2018
3.06161709557774D-17,0.,3.14159265358979,0.,0.,0.;                  1347P   2019
126,4,2,0,0,0,0,3.14159265358979,3.14159265358979,                  1349P   2020
3.14159265358979,4.71238898038469,4.71238898038469,                 1349P   2021
6.28318530717959,6.28318530717959,6.28318530717959,1.,              1349P   2022
0.707106781186548,1.,0.707106781186547,1.,-0.250000007978574,       1349P   2023
3.55918367346939,3.06161709557774D-17,-0.250000007978575,           1349P   2024
3.55918367346939,-0.250000007978574,-4.59242564336661D-17,          1349P   2025
3.55918367346939,-0.250000007978574,0.250000007978574,              1349P   2026
3.55918367346939,-0.250000007978575,0.250000007978574,              1349P   2027
3.55918367346939,-6.12323419115548D-17,3.14159265358979,            1349P   2028
6.28318530717959,0.,0.,0.;                                          1349P   2029
126,4,2,0,0,0,0,0.,0.,0.,1.5707963267949,1.5707963267949,           1351P   2030
3.14159265358979,3.14159265358979,3.14159265358979,1.,              1351P   2031
0.707106781186547,1.,0.707106781186548,1.,0.250000007978574,        1351P   2032
3.49795918526918,0.,0.250000007978574,3.49795918526918,             1351P   2033
0.250000007978574,1.53080854778887D-17,3.49795918526918,            1351P   2034
0.250000007978574,-0.250000007978574,3.49795918526918,              1351P   2035
0.250000007978574,-0.250000007978574,3.49795918526918,              1351P   2036
3.06161709557774D-17,0.,3.14159265358979,0.,0.,0.;                  1351P   2037
126,4,2,0,0,0,0,3.14159265358979,3.14159265358979,                  1353P   2038
3.14159265358979,4.71238898038469,4.71238898038469,                 1353P   2039
6.28318530717959,6.28318530717959,6.28318530717959,1.,              1353P   2040
0.707106781186548,1.,0.707106781186547,1.,-0.250000007978574,       1353P   2041
3.49795918526918,3.06161709557774D-17,-0.250000007978575,           1353P   2042
3.49795918526918,-0.250000007978574,-4.59242564336661D-17,          1353P   2043
3.49795918526918,-0.250000007978574,0.250000007978574,              1353P   2044
3.49795918526918,-0.250000007978575,0.250000007978574,              1353P   2045
3.49795918526918,-6.12323419115548D-17,3.14159265358979,            1353P   2046
6.28318530717959,0.,0.,0.;                                          1353P   2047
126,1,1,0,0,1,0,-0.122448972492533,-0.122448972492533,              1355P   2048
0.122448972492533,0.122448972492533,1.,1.,-0.250000007978574,       1355P   2049
3.49795918526918,0.,-0.250000007978574,3.55918367346939,0.,         1355P   2050
-0.122448972492533,0.122448972492533,0.,0.,0.;                      1355P   2051
126,4,2,0,0,0,0,0.,0.,0.,1.5707963267949,1.5707963267949,           1357P   2052
3.14159265358979,3.14159265358979,3.14159265358979,1.,              1357P   2053
0.707106781186548,1.,0.707106781186548,1.,1.50000004787145,         1357P   2054
3.49795918526918,0.,1.50000004787145,3.49795918526918,              1357P   2055
1.50000004787145,9.18485128673322D-17,3.49795918526918,             1357P   2056
1.50000004787145,-1.50000004787145,3.49795918526918,                1357P   2057
1.50000004787145,-1.50000004787145,3.49795918526918,                1357P   2058
1.83697025734664D-16,0.,3.14159265358979,0.,0.,0.;                  1357P   2059
126,4,2,0,0,0,0,3.14159265358979,3.14159265358979,                  1359P   2060
3.14159265358979,4.71238898038469,4.71238898038469,                 1359P   2061
6.28318530717959,6.28318530717959,6.28318530717959,1.,              1359P   2062
0.707106781186548,1.,0.707106781186548,1.,-1.50000004787145,        1359P   2063
3.49795918526918,1.83697025734664D-16,-1.50000004787145,            1359P   2064
3.49795918526918,-1.50000004787145,-2.75545538601997D-16,           1359P   2065
3.49795918526918,-1.50000004787145,1.50000004787145,                1359P   2066
3.49795918526918,-1.50000004787145,1.50000004787145,                1359P   2067
3.49795918526918,-3.67394051469329D-16,3.14159265358979,            1359P   2068
6.28318530717959,0.,0.,0.;                                          1359P   2069
126,4,2,0,0,0,0,0.,0.,0.,1.5707963267949,1.5707963267949,           1361P   2070
3.14159265358979,3.14159265358979,3.14159265358979,1.,              1361P   2071
0.707106781186548,1.,0.707106781186548,1.,1.50000004787145,         1361P   2072
3.44795918367347,0.,1.50000004787145,3.44795918367347,              1361P   2073
1.50000004787145,9.18485128673322D-17,3.44795918367347,             1361P   2074
1.50000004787145,-1.50000004787145,3.44795918367347,                1361P   2075
1.50000004787145,-1.50000004787145,3.44795918367347,                1361P   2076
1.83697025734664D-16,0.,3.14159265358979,0.,0.,0.;                  1361P   2077
126,4,2,0,0,0,0,3.14159265358979,3.14159265358979,                  1363P   2078
3.14159265358979,4.71238898038469,4.71238898038469,                 1363P   2079
6.28318530717959,6.28318530717959,6.28318530717959,1.,              1363P   2080
0.707106781186548,1.,0.707106781186548,1.,-1.50000004787145,        1363P   2081
3.44795918367347,1.83697025734664D-16,-1.50000004787145,            1363P   2082
3.44795918367347,-1.50000004787145,-2.75545538601997D-16,           1363P   2083
3.44795918367347,-1.50000004787145,1.50000004787145,                1363P   2084
3.44795918367347,-1.50000004787145,1.50000004787145,                1363P   2085
3.44795918367347,-3.67394051469329D-16,3.14159265358979,            1363P   2086
6.28318530717959,0.,0.,0.;                                          1363P   2087
126,1,1,0,0,1,0,-0.0166666666666667,-0.0166666666666667,            1365P   2088
0.0166666666666667,0.0166666666666667,1.,1.,-1.50000004787145,      1365P   2089
3.44795918367347,0.,-1.50000004787145,3.49795918526918,0.,          1365P   2090
-0.0166666666666667,0.0166666666666667,0.,0.,0.;                    1365P   2091
126,4,2,0,0,0,0,0.,0.,0.,1.5707963267949,1.5707963267949,           1367P   2092
3.14159265358979,3.14159265358979,3.14159265358979,1.,              1367P   2093
0.707106781186547,1.,0.707106781186548,1.,0.250000007978574,        1367P   2094
3.44795918367347,0.,0.250000007978574,3.44795918367347,             1367P   2095
0.250000007978574,1.53080854778887D-17,3.44795918367347,            1367P   2096
0.250000007978574,-0.250000007978574,3.44795918367347,              1367P   2097
0.250000007978574,-0.250000007978574,3.44795918367347,              1367P   2098
3.06161709557774D-17,0.,3.14159265358979,0.,0.,0.;                  1367P   2099
126,4,2,0,0,0,0,3.14159265358979,3.14159265358979,                  1369P   2100
3.14159265358979,4.71238898038469,4.71238898038469,                 1369P   2101
6.28318530717959,6.28318530717959,6.28318530717959,1.,              1369P   2102
0.707106781186548,1.,0.707106781186547,1.,-0.250000007978574,       1369P   2103
3.44795918367347,3.06161709557774D-17,-0.250000007978575,           1369P   2104
3.44795918367347,-0.250000007978574,-4.59242564336661D-17,          1369P   2105
3.44795918367347,-0.250000007978574,0.250000007978574,              1369P   2106
3.44795918367347,-0.250000007978575,0.250000007978574,              1369P   2107
3.44795918367347,-6.12323419115548D-17,3.14159265358979,            1369P   2108
6.28318530717959,0.,0.,0.;                                          1369P   2109
126,4,2,0,0,0,0,0.,0.,0.,1.5707963267949,1.5707963267949,           1371P   2110
3.14159265358979,3.14159265358979,3.14159265358979,1.,              1371P   2111
0.707106781186547,1.,0.707106781186548,1.,0.250000007978574,        1371P   2112
3.38673469547327,0.,0.250000007978574,3.38673469547327,             1371P   2113
0.250000007978574,1.53080854778887D-17,3.38673469547327,            1371P   2114
0.250000007978574,-0.250000007978574,3.38673469547327,              1371P   2115
0.250000007978574,-0.250000007978574,3.38673469547327,              1371P   2116
3.06161709557774D-17,0.,3.14159265358979,0.,0.,0.;                  1371P   2117
126,4,2,0,0,0,0,3.14159265358979,3.14159265358979,                  1373P   2118
3.14159265358979,4.71238898038469,4.71238898038469,                 1373P   2119
6.28318530717959,6.28318530717959,6.28318530717959,1.,              1373P   2120
0.707106781186548,1.,0.707106781186547,1.,-0.250000007978574,       1373P   2121
3.38673469547327,3.06161709557774D-17,-0.250000007978575,           1373P   2122
3.38673469547327,-0.250000007978574,-4.59242564336661D-17,          1373P   2123
3.38673469547327,-0.250000007978574,0.250000007978574,              1373P   2124
3.38673469547327,-0.250000007978575,0.250000007978574,              1373P   2125
3.38673469547327,-6.12323419115548D-17,3.14159265358979,            1373P   2126
6.28318530717959,0.,0.,0.;                                          1373P   2127
126,1,1,0,0,1,0,-0.122448972492536,-0.122448972492536,              1375P   2128
0.122448972492533,0.122448972492533,1.,1.,-0.250000007978574,       1375P   2129
3.38673469547327,0.,-0.250000007978574,3.44795918367347,0.,         1375P   2130
-0.122448972492536,0.122448972492533,0.,0.,0.;                      1375P   2131
126,4,2,0,0,0,0,0.,0.,0.,1.5707963267949,1.5707963267949,           1377P   2132
3.14159265358979,3.14159265358979,3.14159265358979,1.,              1377P   2133
0.707106781186548,1.,0.707106781186548,1.,1.50000004787145,         1377P   2134
3.38673469547327,0.,1.50000004787145,3.38673469547327,              1377P   2135
1.50000004787145,9.18485128673322D-17,3.38673469547327,             1377P   2136
1.50000004787145,-1.50000004787145,3.38673469547327,                1377P   2137
1.50000004787145,-1.50000004787145,3.38673469547327,                1377P   2138
1.83697025734664D-16,0.,3.14159265358979,0.,0.,0.;                  1377P   2139
126,4,2,0,0,0,0,3.14159265358979,3.14159265358979,                  1379P   2140
3.14159265358979,4.71238898038469,4.71238898038469,                 1379P   2141
6.28318530717959,6.28318530717959,6.28318530717959,1.,              1379P   2142
0.707106781186548,1.,0.707106781186548,1.,-1.50000004787145,        1379P   2143
3.38673469547327,1.83697025734664D-16,-1.50000004787145,            1379P   2144
3.38673469547327,-1.50000004787145,-2.75545538601997D-16,           1379P   2145
3.38673469547327,-1.50000004787145,1.50000004787145,                1379P   2146
3.38673469547327,-1.50000004787145,1.50000004787145,                1379P   2147
3.38673469547327,-3.67394051469329D-16,3.14159265358979,            1379P   2148
6.28318530717959,0.,0.,0.;                                          1379P   2149
126,4,2,0,0,0,0,0.,0.,0.,1.5707963267949,1.5707963267949,           1381P   2150
3.14159265358979,3.14159265358979,3.14159265358979,1.,              1381P   2151
0.707106781186548,1.,0.707106781186548,1.,1.50000004787145,         1381P   2152
3.33673469387755,0.,1.50000004787145,3.33673469387755,              1381P   2153
1.50000004787145,9.18485128673322D-17,3.33673469387755,             1381P   2154
1.50000004787145,-1.50000004787145,3.33673469387755,                1381P   2155
1.50000004787145,-1.50000004787145,3.33673469387755,                1381P   2156
1.83697025734664D-16,0.,3.14159265358979,0.,0.,0.;                  1381P   2157
126,4,2,0,0,0,0,3.14159265358979,3.14159265358979,                  1383P   2158
3.14159265358979,4.71238898038469,4.71238898038469,                 1383P   2159
6.28318530717959,6.28318530717959,6.28318530717959,1.,              1383P   2160
0.707106781186548,1.,0.707106781186548,1.,-1.50000004787145,        1383P   2161
3.33673469387755,1.83697025734664D-16,-1.50000004787145,            1383P   2162
3.33673469387755,-1.50000004787145,-2.75545538601997D-16,           1383P   2163
3.33673469387755,-1.50000004787145,1.50000004787145,                1383P   2164
3.33673469387755,-1.50000004787145,1.50000004787145,                1383P   2165
3.33673469387755,-3.67394051469329D-16,3.14159265358979,            1383P   2166
6.28318530717959,0.,0.,0.;                                          1383P   2167
126,1,1,0,0,1,0,-0.0166666666666667,-0.0166666666666667,            1385P   2168
0.0166666666666667,0.0166666666666667,1.,1.,-1.50000004787145,      1385P   2169
3.33673469387755,0.,-1.50000004787145,3.38673469547327,0.,          1385P   2170
-0.0166666666666667,0.0166666666666667,0.,0.,0.;                    1385P   2171
126,4,2,0,0,0,0,0.,0.,0.,1.5707963267949,1.5707963267949,           1387P   2172
3.14159265358979,3.14159265358979,3.14159265358979,1.,              1387P   2173
0.707106781186547,1.,0.707106781186548,1.,0.250000007978574,        1387P   2174
3.33673469387755,0.,0.250000007978574,3.33673469387755,             1387P   2175
0.250000007978574,1.53080854778887D-17,3.33673469387755,            1387P   2176
0.250000007978574,-0.250000007978574,3.33673469387755,              1387P   2177
0.250000007978574,-0.250000007978574,3.33673469387755,              1387P   2178
3.06161709557774D-17,0.,3.14159265358979,0.,0.,0.;                  1387P   2179
126,4,2,0,0,0,0,3.14159265358979,3.14159265358979,                  1389P   2180
3.14159265358979,4.71238898038469,4.71238898038469,                 1389P   2181
6.28318530717959,6.28318530717959,6.28318530717959,1.,              1389P   2182
0.707106781186548,1.,0.707106781186547,1.,-0.250000007978574,       1389P   2183
3.33673469387755,3.06161709557774D-17,-0.250000007978575,           1389P   2184
3.33673469387755,-0.250000007978574,-4.59242564336661D-17,          1389P   2185
3.33673469387755,-0.250000007978574,0.250000007978574,              1389P   2186
3.33673469387755,-0.250000007978575,0.250000007978574,              1389P   2187
3.33673469387755,-6.12323419115548D-17,3.14159265358979,            1389P   2188
6.28318530717959,0.,0.,0.;                                          1389P   2189
126,4,2,0,0,0,0,0.,0.,0.,1.5707963267949,1.5707963267949,           1391P   2190
3.14159265358979,3.14159265358979,3.14159265358979,1.,              1391P   2191
0.707106781186547,1.,0.707106781186548,1.,0.250000007978574,        1391P   2192
3.27551020567735,0.,0.250000007978574,3.27551020567735,             1391P   2193
0.250000007978574,1.53080854778887D-17,3.27551020567735,            1391P   2194
0.250000007978574,-0.250000007978574,3.27551020567735,              1391P   2195
0.250000007978574,-0.250000007978574,3.27551020567735,              1391P   2196
3.06161709557774D-17,0.,3.14159265358979,0.,0.,0.;                  1391P   2197
126,4,2,0,0,0,0,3.14159265358979,3.14159265358979,                  1393P   2198
3.14159265358979,4.71238898038469,4.71238898038469,                 1393P   2199
6.28318530717959,6.28318530717959,6.28318530717959,1.,              1393P   2200
0.707106781186548,1.,0.707106781186547,1.,-0.250000007978574,       1393P   2201
3.27551020567735,3.06161709557774D-17,-0.250000007978575,           1393P   2202
3.27551020567735,-0.250000007978574,-4.59242564336661D-17,          1393P   2203
3.27551020567735,-0.250000007978574,0.250000007978574,              1393P   2204
3.27551020567735,-0.250000007978575,0.250000007978574,              1393P   2205
3.27551020567735,-6.12323419115548D-17,3.14159265358979,            1393P   2206
6.28318530717959,0.,0.,0.;                                          1393P   2207
126,1,1,0,0,1,0,-0.122448972492533,-0.122448972492533,              1395P   2208
0.122448972492533,0.122448972492533,1.,1.,-0.250000007978574,       1395P   2209
3.27551020567735,0.,-0.250000007978574,3.33673469387755,0.,         1395P   2210
-0.122448972492533,0.122448972492533,0.,0.,0.;                      1395P   2211
126,4,2,0,0,0,0,0.,0.,0.,1.5707963267949,1.5707963267949,           1397P   2212
3.14159265358979,3.14159265358979,3.14159265358979,1.,              1397P   2213
0.707106781186548,1.,0.707106781186548,1.,1.50000004787145,         1397P   2214
3.27551020567735,0.,1.50000004787145,3.27551020567735,              1397P   2215
1.50000004787145,9.18485128673322D-17,3.27551020567735,             1397P   2216
1.50000004787145,-1.50000004787145,3.27551020567735,                1397P   2217
1.50000004787145,-1.50000004787145,3.27551020567735,                1397P   2218
1.83697025734664D-16,0.,3.14159265358979,0.,0.,0.;                  1397P   2219
126,4,2,0,0,0,0,3.14159265358979,3.14159265358979,                  1399P   2220
3.14159265358979,4.71238898038469,4.71238898038469,                 1399P   2221
6.28318530717959,6.28318530717959,6.28318530717959,1.,              1399P   2222
0.707106781186548,1.,0.707106781186548,1.,-1.50000004787145,        1399P   2223
3.27551020567735,1.83697025734664D-16,-1.50000004787145,            1399P   2224
3.27551020567735,-1.50000004787145,-2.75545538601997D-16,           1399P   2225
3.27551020567735,-1.50000004787145,1.50000004787145,                1399P   2226
3.27551020567735,-1.50000004787145,1.50000004787145,                1399P   2227
3.27551020567735,-3.67394051469329D-16,3.14159265358979,            1399P   2228
6.28318530717959,0.,0.,0.;                                          1399P   2229
126,4,2,0,0,0,0,0.,0.,0.,1.5707963267949,1.5707963267949,           1401P   2230
3.14159265358979,3.14159265358979,3.14159265358979,1.,              1401P   2231
0.707106781186548,1.,0.707106781186548,1.,1.50000004787145,         1401P   2232
3.22551020408163,0.,1.50000004787145,3.22551020408163,              1401P   2233
1.50000004787145,9.18485128673322D-17,3.22551020408163,             1401P   2234
1.50000004787145,-1.50000004787145,3.22551020408163,                1401P   2235
1.50000004787145,-1.50000004787145,3.22551020408163,                1401P   2236
1.83697025734664D-16,0.,3.14159265358979,0.,0.,0.;                  1401P   2237
126,4,2,0,0,0,0,3.14159265358979,3.14159265358979,                  1403P   2238
3.14159265358979,4.71238898038469,4.71238898038469,                 1403P   2239
6.28318530717959,6.28318530717959,6.28318530717959,1.,              1403P   2240
0.707106781186548,1.,0.707106781186548,1.,-1.50000004787145,        1403P   2241
3.22551020408163,1.83697025734664D-16,-1.50000004787145,            1403P   2242
3.22551020408163,-1.50000004787145,-2.75545538601997D-16,           1403P   2243
3.22551020408163,-1.50000004787145,1.50000004787145,                1403P   2244
3.22551020408163,-1.50000004787145,1.50000004787145,                1403P   2245
3.22551020408163,-3.67394051469329D-16,3.14159265358979,            1403P   2246
6.28318530717959,0.,0.,0.;                                          1403P   2247
126,1,1,0,0,1,0,-0.0166666666666667,-0.0166666666666667,            1405P   2248
0.0166666666666667,0.0166666666666667,1.,1.,-1.50000004787145,      1405P   2249
3.22551020408163,0.,-1.50000004787145,3.27551020567735,0.,          1405P   2250
-0.0166666666666667,0.0166666666666667,0.,0.,0.;                    1405P   2251
126,4,2,0,0,0,0,0.,0.,0.,1.5707963267949,1.5707963267949,           1407P   2252
3.14159265358979,3.14159265358979,3.14159265358979,1.,              1407P   2253
0.707106781186547,1.,0.707106781186548,1.,0.250000007978574,        1407P   2254
3.22551020408163,0.,0.250000007978574,3.22551020408163,             1407P   2255
0.250000007978574,1.53080854778887D-17,3.22551020408163,            1407P   2256
0.250000007978574,-0.250000007978574,3.22551020408163,              1407P   2257
0.250000007978574,-0.250000007978574,3.22551020408163,              1407P   2258
3.06161709557774D-17,0.,3.14159265358979,0.,0.,0.;                  1407P   2259
126,4,2,0,0,0,0,3.14159265358979,3.14159265358979,                  1409P   2260
3.14159265358979,4.71238898038469,4.71238898038469,                 1409P   2261
6.28318530717959,6.28318530717959,6.28318530717959,1.,              1409P   2262
0.707106781186548,1.,0.707106781186547,1.,-0.250000007978574,       1409P   2263
3.22551020408163,3.06161709557774D-17,-0.250000007978575,           1409P   2264
3.22551020408163,-0.250000007978574,-4.59242564336661D-17,          1409P   2265
3.22551020408163,-0.250000007978574,0.250000007978574,              1409P   2266
3.22551020408163,-0.250000007978575,0.250000007978574,              1409P   2267
3.22551020408163,-6.12323419115548D-17,3.14159265358979,            1409P   2268
6.28318530717959,0.,0.,0.;                                          1409P   2269
126,4,2,0,0,0,0,0.,0.,0.,1.5707963267949,1.5707963267949,           1411P   2270
3.14159265358979,3.14159265358979,3.14159265358979,1.,              1411P   2271
0.707106781186547,1.,0.707106781186548,1.,0.250000007978574,        1411P   2272
3.16428571588143,0.,0.250000007978574,3.16428571588143,             1411P   2273
0.250000007978574,1.53080854778887D-17,3.16428571588143,            1411P   2274
0.250000007978574,-0.250000007978574,3.16428571588143,              1411P   2275
0.250000007978574,-0.250000007978574,3.16428571588143,              1411P   2276
3.06161709557774D-17,0.,3.14159265358979,0.,0.,0.;                  1411P   2277
126,4,2,0,0,0,0,3.14159265358979,3.14159265358979,                  1413P   2278
3.14159265358979,4.71238898038469,4.71238898038469,                 1413P   2279
6.28318530717959,6.28318530717959,6.28318530717959,1.,              1413P   2280
0.707106781186548,1.,0.707106781186547,1.,-0.250000007978574,       1413P   2281
3.16428571588143,3.06161709557774D-17,-0.250000007978575,           1413P   2282
3.16428571588143,-0.250000007978574,-4.59242564336661D-17,          1413P   2283
3.16428571588143,-0.250000007978574,0.250000007978574,              1413P   2284
3.16428571588143,-0.250000007978575,0.250000007978574,              1413P   2285
3.16428571588143,-6.12323419115548D-17,3.14159265358979,            1413P   2286
6.28318530717959,0.,0.,0.;                                          1413P   2287
126,1,1,0,0,1,0,-0.122448972492533,-0.122448972492533,              1415P   2288
0.122448972492536,0.122448972492536,1.,1.,-0.250000007978574,       1415P   2289
3.16428571588143,0.,-0.250000007978574,3.22551020408163,0.,         1415P   2290
-0.122448972492533,0.122448972492536,0.,0.,0.;                      1415P   2291
126,4,2,0,0,0,0,0.,0.,0.,1.5707963267949,1.5707963267949,           1417P   2292
3.14159265358979,3.14159265358979,3.14159265358979,1.,              1417P   2293
0.707106781186548,1.,0.707106781186548,1.,1.50000004787145,         1417P   2294
3.16428571588143,0.,1.50000004787145,3.16428571588143,              1417P   2295
1.50000004787145,9.18485128673322D-17,3.16428571588143,             1417P   2296
1.50000004787145,-1.50000004787145,3.16428571588143,                1417P   2297
1.50000004787145,-1.50000004787145,3.16428571588143,                1417P   2298
1.83697025734664D-16,0.,3.14159265358979,0.,0.,0.;                  1417P   2299
126,4,2,0,0,0,0,3.14159265358979,3.14159265358979,                  1419P   2300
3.14159265358979,4.71238898038469,4.71238898038469,                 1419P   2301
6.28318530717959,6.28318530717959,6.28318530717959,1.,              1419P   2302
0.707106781186548,1.,0.707106781186548,1.,-1.50000004787145,        1419P   2303
3.16428571588143,1.83697025734664D-16,-1.50000004787145,            1419P   2304
3.16428571588143,-1.50000004787145,-2.75545538601997D-16,           1419P   2305
3.16428571588143,-1.50000004787145,1.50000004787145,                1419P   2306
3.16428571588143,-1.50000004787145,1.50000004787145,                1419P   2307
3.16428571588143,-3.67394051469329D-16,3.14159265358979,            1419P   2308
6.28318530717959,0.,0.,0.;                                          1419P   2309
126,4,2,0,0,0,0,0.,0.,0.,1.5707963267949,1.5707963267949,           1421P   2310
3.14159265358979,3.14159265358979,3.14159265358979,1.,              1421P   2311
0.707106781186548,1.,0.707106781186548,1.,1.50000004787145,         1421P   2312
3.11428571428571,0.,1.50000004787145,3.11428571428571,              1421P   2313
1.50000004787145,9.18485128673322D-17,3.11428571428571,             1421P   2314
1.50000004787145,-1.50000004787145,3.11428571428571,                1421P   2315
1.50000004787145,-1.50000004787145,3.11428571428571,                1421P   2316
1.83697025734664D-16,0.,3.14159265358979,0.,0.,0.;                  1421P   2317
126,4,2,0,0,0,0,3.14159265358979,3.14159265358979,                  1423P   2318
3.14159265358979,4.71238898038469,4.71238898038469,                 1423P   2319
6.28318530717959,6.28318530717959,6.28318530717959,1.,              1423P   2320
0.707106781186548,1.,0.707106781186548,1.,-1.50000004787145,        1423P   2321
3.11428571428571,1.83697025734664D-16,-1.50000004787145,            1423P   2322
3.11428571428571,-1.50000004787145,-2.75545538601997D-16,           1423P   2323
3.11428571428571,-1.50000004787145,1.50000004787145,                1423P   2324
3.11428571428571,-1.50000004787145,1.50000004787145,                1423P   2325
3.11428571428571,-3.67394051469329D-16,3.14159265358979,            1423P   2326
6.28318530717959,0.,0.,0.;                                          1423P   2327
126,1,1,0,0,1,0,-0.0166666666666667,-0.0166666666666667,            1425P   2328
0.0166666666666667,0.0166666666666667,1.,1.,-1.50000004787145,      1425P   2329
3.11428571428571,0.,-1.50000004787145,3.16428571588143,0.,          1425P   2330
-0.0166666666666667,0.0166666666666667,0.,0.,0.;                    1425P   2331
126,4,2,0,0,0,0,0.,0.,0.,1.5707963267949,1.5707963267949,           1427P   2332
3.14159265358979,3.14159265358979,3.14159265358979,1.,              1427P   2333
0.707106781186547,1.,0.707106781186548,1.,0.250000007978574,        1427P   2334
3.11428571428571,0.,0.250000007978574,3.11428571428571,             1427P   2335
0.250000007978574,1.53080854778887D-17,3.11428571428571,            1427P   2336
0.250000007978574,-0.250000007978574,3.11428571428571,              1427P   2337
0.250000007978574,-0.250000007978574,3.11428571428571,              1427P   2338
3.06161709557774D-17,0.,3.14159265358979,0.,0.,0.;                  1427P   2339
126,4,2,0,0,0,0,3.14159265358979,3.14159265358979,                  1429P   2340
3.14159265358979,4.71238898038469,4.71238898038469,                 1429P   2341
6.28318530717959,6.28318530717959,6.28318530717959,1.,              1429P   2342
0.707106781186548,1.,0.707106781186547,1.,-0.250000007978574,       1429P   2343
3.11428571428571,3.06161709557774D-17,-0.250000007978575,           1429P   2344
3.11428571428571,-0.250000007978574,-4.59242564336661D-17,          1429P   2345
3.11428571428571,-0.250000007978574,0.250000007978574,              1429P   2346
3.11428571428571,-0.250000007978575,0.250000007978574,              1429P   2347
3.11428571428571,-6.12323419115548D-17,3.14159265358979,            1429P   2348
6.28318530717959,0.,0.,0.;                                          1429P   2349
126,4,2,0,0,0,0,0.,0.,0.,1.5707963267949,1.5707963267949,           1431P   2350
3.14159265358979,3.14159265358979,3.14159265358979,1.,              1431P   2351
0.707106781186547,1.,0.707106781186548,1.,0.250000007978574,        1431P   2352
3.05306122608551,0.,0.250000007978574,3.05306122608551,             1431P   2353
0.250000007978574,1.53080854778887D-17,3.05306122608551,            1431P   2354
0.250000007978574,-0.250000007978574,3.05306122608551,              1431P   2355
0.250000007978574,-0.250000007978574,3.05306122608551,              1431P   2356
3.06161709557774D-17,0.,3.14159265358979,0.,0.,0.;                  1431P   2357
126,4,2,0,0,0,0,3.14159265358979,3.14159265358979,                  1433P   2358
3.14159265358979,4.71238898038469,4.71238898038469,                 1433P   2359
6.28318530717959,6.28318530717959,6.28318530717959,1.,              1433P   2360
0.707106781186548,1.,0.707106781186547,1.,-0.250000007978574,       1433P   2361
3.05306122608551,3.06161709557774D-17,-0.250000007978575,           1433P   2362
3.05306122608551,-0.250000007978574,-4.59242564336661D-17,          1433P   2363
3.05306122608551,-0.250000007978574,0.250000007978574,              1433P   2364
3.05306122608551,-0.250000007978575,0.250000007978574,              1433P   2365
3.05306122608551,-6.12323419115548D-17,3.14159265358979,            1433P   2366
6.28318530717959,0.,0.,0.;                                          1433P   2367
126,1,1,0,0,1,0,-0.122448972492533,-0.122448972492533,              1435P   2368
0.122448972492533,0.122448972492533,1.,1.,-0.250000007978574,       1435P   2369
3.05306122608551,0.,-0.250000007978574,3.11428571428571,0.,         1435P   2370
-0.122448972492533,0.122448972492533,0.,0.,0.;                      1435P   2371
126,4,2,0,0,0,0,0.,0.,0.,1.5707963267949,1.5707963267949,           1437P   2372
3.14159265358979,3.14159265358979,3.14159265358979,1.,              1437P   2373
0.707106781186548,1.,0.707106781186548,1.,1.50000004787145,         1437P   2374
3.05306122608551,0.,1.50000004787145,3.05306122608551,              1437P   2375
1.50000004787145,9.18485128673322D-17,3.05306122608551,             1437P   2376
1.50000004787145,-1.50000004787145,3.05306122608551,                1437P   2377
1.50000004787145,-1.50000004787145,3.05306122608551,                1437P   2378
1.83697025734664D-16,0.,3.14159265358979,0.,0.,0.;                  1437P   2379
126,4,2,0,0,0,0,3.14159265358979,3.14159265358979,                  1439P   2380
3.14159265358979,4.71238898038469,4.71238898038469,                 1439P   2381
6.28318530717959,6.28318530717959,6.28318530717959,1.,              1439P   2382
0.707106781186548,1.,0.707106781186548,1.,-1.50000004787145,        1439P   2383
3.05306122608551,1.83697025734664D-16,-1.50000004787145,            1439P   2384
3.05306122608551,-1.50000004787145,-2.75545538601997D-16,           1439P   2385
3.05306122608551,-1.50000004787145,1.50000004787145,                1439P   2386
3.05306122608551,-1.50000004787145,1.50000004787145,                1439P   2387
3.05306122608551,-3.67394051469329D-16,3.14159265358979,            1439P   2388
6.28318530717959,0.,0.,0.;                                          1439P   2389
126,4,2,0,0,0,0,0.,0.,0.,1.5707963267949,1.5707963267949,           1441P   2390
3.14159265358979,3.14159265358979,3.14159265358979,1.,              1441P   2391
0.707106781186548,1.,0.707106781186548,1.,1.50000004787145,         1441P   2392
3.0030612244898,0.,1.50000004787145,3.0030612244898,                1441P   2393
1.50000004787145,9.18485128673322D-17,3.0030612244898,              1441P   2394
1.50000004787145,-1.50000004787145,3.0030612244898,                 1441P   2395
1.50000004787145,-1.50000004787145,3.0030612244898,                 1441P   2396
1.83697025734664D-16,0.,3.14159265358979,0.,0.,0.;                  1441P   2397
126,4,2,0,0,0,0,3.14159265358979,3.14159265358979,                  1443P   2398
3.14159265358979,4.71238898038469,4.71238898038469,                 1443P   2399
6.28318530717959,6.28318530717959,6.28318530717959,1.,              1443P   2400
0.707106781186548,1.,0.707106781186548,1.,-1.50000004787145,        1443P   2401
3.0030612244898,1.83697025734664D-16,-1.50000004787145,             1443P   2402
3.0030612244898,-1.50000004787145,-2.75545538601997D-16,            1443P   2403
3.0030612244898,-1.50000004787145,1.50000004787145,                 1443P   2404
3.0030612244898,-1.50000004787145,1.50000004787145,                 1443P   2405
3.0030612244898,-3.67394051469329D-16,3.14159265358979,             1443P   2406
6.28318530717959,0.,0.,0.;                                          1443P   2407
126,1,1,0,0,1,0,-0.0166666666666667,-0.0166666666666667,            1445P   2408
0.0166666666666667,0.0166666666666667,1.,1.,-1.50000004787145,      1445P   2409
3.0030612244898,0.,-1.50000004787145,3.05306122608551,0.,           1445P   2410
-0.0166666666666667,0.0166666666666667,0.,0.,0.;                    1445P   2411
126,4,2,0,0,0,0,0.,0.,0.,1.5707963267949,1.5707963267949,           1447P   2412
3.14159265358979,3.14159265358979,3.14159265358979,1.,              1447P   2413
0.707106781186547,1.,0.707106781186548,1.,0.250000007978574,        1447P   2414
3.0030612244898,0.,0.250000007978574,3.0030612244898,               1447P   2415
0.250000007978574,1.53080854778887D-17,3.0030612244898,             1447P   2416
0.250000007978574,-0.250000007978574,3.0030612244898,               1447P   2417
0.250000007978574,-0.250000007978574,3.0030612244898,               1447P   2418
3.06161709557774D-17,0.,3.14159265358979,0.,0.,0.;                  1447P   2419
126,4,2,0,0,0,0,3.14159265358979,3.14159265358979,                  1449P   2420
3.14159265358979,4.71238898038469,4.71238898038469,                 1449P   2421
6.28318530717959,6.28318530717959,6.28318530717959,1.,              1449P   2422
0.707106781186548,1.,0.707106781186547,1.,-0.250000007978574,       1449P   2423
3.0030612244898,3.06161709557774D-17,-0.250000007978575,            1449P   2424
3.0030612244898,-0.250000007978574,-4.59242564336661D-17,           1449P   2425
3.0030612244898,-0.250000007978574,0.250000007978574,               1449P   2426
3.0030612244898,-0.250000007978575,0.250000007978574,               1449P   2427
3.0030612244898,-6.12323419115548D-17,3.14159265358979,             1449P   2428
6.28318530717959,0.,0.,0.;                                          1449P   2429
126,4,2,0,0,0,0,0.,0.,0.,1.5707963267949,1.5707963267949,           1451P   2430
3.14159265358979,3.14159265358979,3.14159265358979,1.,              1451P   2431
0.707106781186547,1.,0.707106781186548,1.,0.250000007978574,        1451P   2432
2.94183673628959,0.,0.250000007978574,2.94183673628959,             1451P   2433
0.250000007978574,1.53080854778887D-17,2.94183673628959,            1451P   2434
0.250000007978574,-0.250000007978574,2.94183673628959,              1451P   2435
0.250000007978574,-0.250000007978574,2.94183673628959,              1451P   2436
3.06161709557774D-17,0.,3.14159265358979,0.,0.,0.;                  1451P   2437
126,4,2,0,0,0,0,3.14159265358979,3.14159265358979,                  1453P   2438
3.14159265358979,4.71238898038469,4.71238898038469,                 1453P   2439
6.28318530717959,6.28318530717959,6.28318530717959,1.,              1453P   2440
0.707106781186548,1.,0.707106781186547,1.,-0.250000007978574,       1453P   2441
2.94183673628959,3.06161709557774D-17,-0.250000007978575,           1453P   2442
2.94183673628959,-0.250000007978574,-4.59242564336661D-17,          1453P   2443
2.94183673628959,-0.250000007978574,0.250000007978574,              1453P   2444
2.94183673628959,-0.250000007978575,0.250000007978574,              1453P   2445
2.94183673628959,-6.12323419115548D-17,3.14159265358979,            1453P   2446
6.28318530717959,0.,0.,0.;                                          1453P   2447
126,1,1,0,0,1,0,-0.122448972492535,-0.122448972492535,              1455P   2448
0.122448972492533,0.122448972492533,1.,1.,-0.250000007978574,       1455P   2449
2.94183673628959,0.,-0.250000007978574,3.0030612244898,0.,          1455P   2450
-0.122448972492535,0.122448972492533,0.,0.,0.;                      1455P   2451
126,4,2,0,0,0,0,0.,0.,0.,1.5707963267949,1.5707963267949,           1457P   2452
3.14159265358979,3.14159265358979,3.14159265358979,1.,              1457P   2453
0.707106781186548,1.,0.707106781186548,1.,1.50000004787145,         1457P   2454
2.94183673628959,0.,1.50000004787145,2.94183673628959,              1457P   2455
1.50000004787145,9.18485128673322D-17,2.94183673628959,             1457P   2456
1.50000004787145,-1.50000004787145,2.94183673628959,                1457P   2457
1.50000004787145,-1.50000004787145,2.94183673628959,                1457P   2458
1.83697025734664D-16,0.,3.14159265358979,0.,0.,0.;                  1457P   2459
126,4,2,0,0,0,0,3.14159265358979,3.14159265358979,                  1459P   2460
3.14159265358979,4.71238898038469,4.71238898038469,                 1459P   2461
6.28318530717959,6.28318530717959,6.28318530717959,1.,              1459P   2462
0.707106781186548,1.,0.707106781186548,1.,-1.50000004787145,        1459P   2463
2.94183673628959,1.83697025734664D-16,-1.50000004787145,            1459P   2464
2.94183673628959,-1.50000004787145,-2.75545538601997D-16,           1459P   2465
2.94183673628959,-1.50000004787145,1.50000004787145,                1459P   2466
2.94183673628959,-1.50000004787145,1.50000004787145,                1459P   2467
2.94183673628959,-3.67394051469329D-16,3.14159265358979,            1459P   2468
6.28318530717959,0.,0.,0.;                                          1459P   2469
126,4,2,0,0,0,0,0.,0.,0.,1.5707963267949,1.5707963267949,           1461P   2470
3.14159265358979,3.14159265358979,3.14159265358979,1.,              1461P   2471
0.707106781186548,1.,0.707106781186548,1.,1.50000004787145,         1461P   2472
2.89183673469388,0.,1.50000004787145,2.89183673469388,              1461P   2473
1.50000004787145,9.18485128673322D-17,2.89183673469388,             1461P   2474
1.50000004787145,-1.50000004787145,2.89183673469388,                1461P   2475
1.50000004787145,-1.50000004787145,2.89183673469388,                1461P   2476
1.83697025734664D-16,0.,3.14159265358979,0.,0.,0.;                  1461P   2477
126,4,2,0,0,0,0,3.14159265358979,3.14159265358979,                  1463P   2478
3.14159265358979,4.71238898038469,4.71238898038469,                 1463P   2479
6.28318530717959,6.28318530717959,6.28318530717959,1.,              1463P   2480
0.707106781186548,1.,0.707106781186548,1.,-1.50000004787145,        1463P   2481
2.89183673469388,1.83697025734664D-16,-1.50000004787145,            1463P   2482
2.89183673469388,-1.50000004787145,-2.75545538601997D-16,           1463P   2483
2.89183673469388,-1.50000004787145,1.50000004787145,                1463P   2484
2.89183673469388,-1.50000004787145,1.50000004787145,                1463P   2485
2.89183673469388,-3.67394051469329D-16,3.14159265358979,            1463P   2486
6.28318530717959,0.,0.,0.;                                          1463P   2487
126,1,1,0,0,1,0,-0.0166666666666667,-0.0166666666666667,            1465P   2488
0.0166666666666667,0.0166666666666667,1.,1.,-1.50000004787145,      1465P   2489
2.89183673469388,0.,-1.50000004787145,2.94183673628959,0.,          1465P   2490
-0.0166666666666667,0.0166666666666667,0.,0.,0.;                    1465P   2491
126,4,2,0,0,0,0,0.,0.,0.,1.5707963267949,1.5707963267949,           1467P   2492
3.14159265358979,3.14159265358979,3.14159265358979,1.,              1467P   2493
0.707106781186547,1.,0.707106781186548,1.,0.250000007978574,        1467P   2494
2.89183673469388,0.,0.250000007978574,2.89183673469388,             1467P   2495
0.250000007978574,1.53080854778887D-17,2.89183673469388,            1467P   2496
0.250000007978574,-0.250000007978574,2.89183673469388,              1467P   2497
0.250000007978574,-0.250000007978574,2.89183673469388,              1467P   2498
3.06161709557774D-17,0.,3.14159265358979,0.,0.,0.;                  1467P   2499
126,4,2,0,0,0,0,3.14159265358979,3.14159265358979,                  1469P   2500
3.14159265358979,4.71238898038469,4.71238898038469,                 1469P   2501
6.28318530717959,6.28318530717959,6.28318530717959,1.,              1469P   2502
0.707106781186548,1.,0.707106781186547,1.,-0.250000007978574,       1469P   2503
2.89183673469388,3.06161709557774D-17,-0.250000007978575,           1469P   2504
2.89183673469388,-0.250000007978574,-4.59242564336661D-17,          1469P   2505
2.89183673469388,-0.250000007978574,0.250000007978574,              1469P   2506
2.89183673469388,-0.250000007978575,0.250000007978574,              1469P   2507
2.89183673469388,-6.12323419115548D-17,3.14159265358979,            1469P   2508
6.28318530717959,0.,0.,0.;                                          1469P   2509
126,4,2,0,0,0,0,0.,0.,0.,1.5707963267949,1.5707963267949,           1471P   2510
3.14159265358979,3.14159265358979,3.14159265358979,1.,              1471P   2511
0.707106781186547,1.,0.707106781186548,1.,0.250000007978574,        1471P   2512
2.83061224649367,0.,0.250000007978574,2.83061224649367,             1471P   2513
0.250000007978574,1.53080854778887D-17,2.83061224649367,            1471P   2514
0.250000007978574,-0.250000007978574,2.83061224649367,              1471P   2515
0.250000007978574,-0.250000007978574,2.83061224649367,              1471P   2516
3.06161709557774D-17,0.,3.14159265358979,0.,0.,0.;                  1471P   2517
126,4,2,0,0,0,0,3.14159265358979,3.14159265358979,                  1473P   2518
3.14159265358979,4.71238898038469,4.71238898038469,                 1473P   2519
6.28318530717959,6.28318530717959,6.28318530717959,1.,              1473P   2520
0.707106781186548,1.,0.707106781186547,1.,-0.250000007978574,       1473P   2521
2.83061224649367,3.06161709557774D-17,-0.250000007978575,           1473P   2522
2.83061224649367,-0.250000007978574,-4.59242564336661D-17,          1473P   2523
2.83061224649367,-0.250000007978574,0.250000007978574,              1473P   2524
2.83061224649367,-0.250000007978575,0.250000007978574,              1473P   2525
2.83061224649367,-6.12323419115548D-17,3.14159265358979,            1473P   2526
6.28318530717959,0.,0.,0.;                                          1473P   2527
126,1,1,0,0,1,0,-0.122448972492533,-0.122448972492533,              1475P   2528
0.122448972492535,0.122448972492535,1.,1.,-0.250000007978574,       1475P   2529
2.83061224649367,0.,-0.250000007978574,2.89183673469388,0.,         1475P   2530
-0.122448972492533,0.122448972492535,0.,0.,0.;                      1475P   2531
126,4,2,0,0,0,0,0.,0.,0.,1.5707963267949,1.5707963267949,           1477P   2532
3.14159265358979,3.14159265358979,3.14159265358979,1.,              1477P   2533
0.707106781186548,1.,0.707106781186548,1.,1.50000004787145,         1477P   2534
2.83061224649367,0.,1.50000004787145,2.83061224649367,              1477P   2535
1.50000004787145,9.18485128673322D-17,2.83061224649367,             1477P   2536
1.50000004787145,-1.50000004787145,2.83061224649367,                1477P   2537
1.50000004787145,-1.50000004787145,2.83061224649367,                1477P   2538
1.83697025734664D-16,0.,3.14159265358979,0.,0.,0.;                  1477P   2539
126,4,2,0,0,0,0,3.14159265358979,3.14159265358979,                  1479P   2540
3.14159265358979,4.71238898038469,4.71238898038469,                 1479P   2541
6.28318530717959,6.28318530717959,6.28318530717959,1.,              1479P   2542
0.707106781186548,1.,0.707106781186548,1.,-1.50000004787145,        1479P   2543
2.83061224649367,1.83697025734664D-16,-1.50000004787145,            1479P   2544
2.83061224649367,-1.50000004787145,-2.75545538601997D-16,           1479P   2545
2.83061224649367,-1.50000004787145,1.50000004787145,                1479P   2546
2.83061224649367,-1.50000004787145,1.50000004787145,                1479P   2547
2.83061224649367,-3.67394051469329D-16,3.14159265358979,            1479P   2548
6.28318530717959,0.,0.,0.;                                          1479P   2549
126,4,2,0,0,0,0,0.,0.,0.,1.5707963267949,1.5707963267949,           1481P   2550
3.14159265358979,3.14159265358979,3.14159265358979,1.,              1481P   2551
0.707106781186548,1.,0.707106781186548,1.,1.50000004787145,         1481P   2552
2.78061224489796,0.,1.50000004787145,2.78061224489796,              1481P   2553
1.50000004787145,9.18485128673322D-17,2.78061224489796,             1481P   2554
1.50000004787145,-1.50000004787145,2.78061224489796,                1481P   2555
1.50000004787145,-1.50000004787145,2.78061224489796,                1481P   2556
1.83697025734664D-16,0.,3.14159265358979,0.,0.,0.;                  1481P   2557
126,4,2,0,0,0,0,3.14159265358979,3.14159265358979,                  1483P   2558
3.14159265358979,4.71238898038469,4.71238898038469,                 1483P   2559
6.28318530717959,6.28318530717959,6.28318530717959,1.,              1483P   2560
0.707106781186548,1.,0.707106781186548,1.,-1.50000004787145,        1483P   2561
2.78061224489796,1.83697025734664D-16,-1.50000004787145,            1483P   2562
2.78061224489796,-1.50000004787145,-2.75545538601997D-16,           1483P   2563
2.78061224489796,-1.50000004787145,1.50000004787145,                1483P   2564
2.78061224489796,-1.50000004787145,1.50000004787145,                1483P   2565
2.78061224489796,-3.67394051469329D-16,3.14159265358979,            1483P   2566
6.28318530717959,0.,0.,0.;                                          1483P   2567
126,1,1,0,0,1,0,-0.0166666666666667,-0.0166666666666667,            1485P   2568
0.0166666666666667,0.0166666666666667,1.,1.,-1.50000004787145,      1485P   2569
2.78061224489796,0.,-1.50000004787145,2.83061224649367,0.,          1485P   2570
-0.0166666666666667,0.0166666666666667,0.,0.,0.;                    1485P   2571
126,4,2,0,0,0,0,0.,0.,0.,1.5707963267949,1.5707963267949,           1487P   2572
3.14159265358979,3.14159265358979,3.14159265358979,1.,              1487P   2573
0.707106781186547,1.,0.707106781186548,1.,0.250000007978574,        1487P   2574
2.78061224489796,0.,0.250000007978574,2.78061224489796,             1487P   2575
0.250000007978574,1.53080854778887D-17,2.78061224489796,            1487P   2576
0.250000007978574,-0.250000007978574,2.78061224489796,              1487P   2577
0.250000007978574,-0.250000007978574,2.78061224489796,              1487P   2578
3.06161709557774D-17,0.,3.14159265358979,0.,0.,0.;                  1487P   2579
126,4,2,0,0,0,0,3.14159265358979,3.14159265358979,                  1489P   2580
3.14159265358979,4.71238898038469,4.71238898038469,                 1489P   2581
6.28318530717959,6.28318530717959,6.28318530717959,1.,              1489P   2582
0.707106781186548,1.,0.707106781186547,1.,-0.250000007978574,       1489P   2583
2.78061224489796,3.06161709557774D-17,-0.250000007978575,           1489P   2584
2.78061224489796,-0.250000007978574,-4.59242564336661D-17,          1489P   2585
2.78061224489796,-0.250000007978574,0.250000007978574,              1489P   2586
2.78061224489796,-0.250000007978575,0.250000007978574,              1489P   2587
2.78061224489796,-6.12323419115548D-17,3.14159265358979,            1489P   2588
6.28318530717959,0.,0.,0.;                                          1489P   2589
126,4,2,0,0,0,0,0.,0.,0.,1.5707963267949,1.5707963267949,           1491P   2590
3.14159265358979,3.14159265358979,3.14159265358979,1.,              1491P   2591
0.707106781186547,1.,0.707106781186548,1.,0.250000007978574,        1491P   2592
2.71938775669776,0.,0.250000007978574,2.71938775669776,             1491P   2593
0.250000007978574,1.53080854778887D-17,2.71938775669776,            1491P   2594
0.250000007978574,-0.250000007978574,2.71938775669776,              1491P   2595
0.250000007978574,-0.250000007978574,2.71938775669776,              1491P   2596
3.06161709557774D-17,0.,3.14159265358979,0.,0.,0.;                  1491P   2597
126,4,2,0,0,0,0,3.14159265358979,3.14159265358979,                  1493P   2598
3.14159265358979,4.71238898038469,4.71238898038469,                 1493P   2599
6.28318530717959,6.28318530717959,6.28318530717959,1.,              1493P   2600
0.707106781186548,1.,0.707106781186547,1.,-0.250000007978574,       1493P   2601
2.71938775669776,3.06161709557774D-17,-0.250000007978575,           1493P   2602
2.71938775669776,-0.250000007978574,-4.59242564336661D-17,          1493P   2603
2.71938775669776,-0.250000007978574,0.250000007978574,              1493P   2604
2.71938775669776,-0.250000007978575,0.250000007978574,              1493P   2605
2.71938775669776,-6.12323419115548D-17,3.14159265358979,            1493P   2606
6.28318530717959,0.,0.,0.;                                          1493P   2607
126,1,1,0,0,1,0,-0.122448972492535,-0.122448972492535,              1495P   2608
0.122448972492533,0.122448972492533,1.,1.,-0.250000007978574,       1495P   2609
2.71938775669776,0.,-0.250000007978574,2.78061224489796,0.,         1495P   2610
-0.122448972492535,0.122448972492533,0.,0.,0.;                      1495P   2611
126,4,2,0,0,0,0,0.,0.,0.,1.5707963267949,1.5707963267949,           1497P   2612
3.14159265358979,3.14159265358979,3.14159265358979,1.,              1497P   2613
0.707106781186548,1.,0.707106781186548,1.,1.50000004787145,         1497P   2614
2.71938775669776,0.,1.50000004787145,2.71938775669776,              1497P   2615
1.50000004787145,9.18485128673322D-17,2.71938775669776,             1497P   2616
1.50000004787145,-1.50000004787145,2.71938775669776,                1497P   2617
1.50000004787145,-1.50000004787145,2.71938775669776,                1497P   2618
1.83697025734664D-16,0.,3.14159265358979,0.,0.,0.;                  1497P   2619
126,4,2,0,0,0,0,3.14159265358979,3.14159265358979,                  1499P   2620
3.14159265358979,4.71238898038469,4.71238898038469,                 1499P   2621
6.28318530717959,6.28318530717959,6.28318530717959,1.,              1499P   2622
0.707106781186548,1.,0.707106781186548,1.,-1.50000004787145,        1499P   2623
2.71938775669776,1.83697025734664D-16,-1.50000004787145,            1499P   2624
2.71938775669776,-1.50000004787145,-2.75545538601997D-16,           1499P   2625
2.71938775669776,-1.50000004787145,1.50000004787145,                1499P   2626
2.71938775669776,-1.50000004787145,1.50000004787145,                1499P   2627
2.71938775669776,-3.67394051469329D-16,3.14159265358979,            1499P   2628
6.28318530717959,0.,0.,0.;                                          1499P   2629
126,4,2,0,0,0,0,0.,0.,0.,1.5707963267949,1.5707963267949,           1501P   2630
3.14159265358979,3.14159265358979,3.14159265358979,1.,              1501P   2631
0.707106781186548,1.,0.707106781186548,1.,1.50000004787145,         1501P   2632
2.66938775510204,0.,1.50000004787145,2.66938775510204,              1501P   2633
1.50000004787145,9.18485128673322D-17,2.66938775510204,             1501P   2634
1.50000004787145,-1.50000004787145,2.66938775510204,                1501P   2635
1.50000004787145,-1.50000004787145,2.66938775510204,                1501P   2636
1.83697025734664D-16,0.,3.14159265358979,0.,0.,0.;                  1501P   2637
126,4,2,0,0,0,0,3.14159265358979,3.14159265358979,                  1503P   2638
3.14159265358979,4.71238898038469,4.71238898038469,                 1503P   2639
6.28318530717959,6.28318530717959,6.28318530717959,1.,              1503P   2640
0.707106781186548,1.,0.707106781186548,1.,-1.50000004787145,        1503P   2641
2.66938775510204,1.83697025734664D-16,-1.50000004787145,            1503P   2642
2.66938775510204,-1.50000004787145,-2.75545538601997D-16,           1503P   2643
2.66938775510204,-1.50000004787145,1.50000004787145,                1503P   2644
2.66938775510204,-1.50000004787145,1.50000004787145,                1503P   2645
2.66938775510204,-3.67394051469329D-16,3.14159265358979,            1503P   2646
6.28318530717959,0.,0.,0.;                                          1503P   2647
126,1,1,0,0,1,0,-0.0166666666666667,-0.0166666666666667,            1505P   2648
0.0166666666666667,0.0166666666666667,1.,1.,-1.50000004787145,      1505P   2649
2.66938775510204,0.,-1.50000004787145,2.71938775669776,0.,          1505P   2650
-0.0166666666666667,0.0166666666666667,0.,0.,0.;                    1505P   2651
126,4,2,0,0,0,0,0.,0.,0.,1.5707963267949,1.5707963267949,           1507P   2652
3.14159265358979,3.14159265358979,3.14159265358979,1.,              1507P   2653
0.707106781186547,1.,0.707106781186548,1.,0.250000007978574,        1507P   2654
2.66938775510204,0.,0.250000007978574,2.66938775510204,             1507P   2655
0.250000007978574,1.53080854778887D-17,2.66938775510204,            1507P   2656
0.250000007978574,-0.250000007978574,2.66938775510204,              1507P   2657
0.250000007978574,-0.250000007978574,2.66938775510204,              1507P   2658
3.06161709557774D-17,0.,3.14159265358979,0.,0.,0.;                  1507P   2659
126,4,2,0,0,0,0,3.14159265358979,3.14159265358979,                  1509P   2660
3.14159265358979,4.71238898038469,4.71238898038469,                 1509P   2661
6.28318530717959,6.28318530717959,6.28318530717959,1.,              1509P   2662
0.707106781186548,1.,0.707106781186547,1.,-0.250000007978574,       1509P   2663
2.66938775510204,3.06161709557774D-17,-0.250000007978575,           1509P   2664
2.66938775510204,-0.250000007978574,-4.59242564336661D-17,          1509P   2665
2.66938775510204,-0.250000007978574,0.250000007978574,              1509P   2666
2.66938775510204,-0.250000007978575,0.250000007978574,              1509P   2667
2.66938775510204,-6.12323419115548D-17,3.14159265358979,            1509P   2668
6.28318530717959,0.,0.,0.;                                          1509P   2669
126,4,2,0,0,0,0,0.,0.,0.,1.5707963267949,1.5707963267949,           1511P   2670
3.14159265358979,3.14159265358979,3.14159265358979,1.,              1511P   2671
0.707106781186547,1.,0.707106781186548,1.,0.250000007978574,        1511P   2672
2.60816326690184,0.,0.250000007978574,2.60816326690184,             1511P   2673
0.250000007978574,1.53080854778887D-17,2.60816326690184,            1511P   2674
0.250000007978574,-0.250000007978574,2.60816326690184,              1511P   2675
0.250000007978574,-0.250000007978574,2.60816326690184,              1511P   2676
3.06161709557774D-17,0.,3.14159265358979,0.,0.,0.;                  1511P   2677
126,4,2,0,0,0,0,3.14159265358979,3.14159265358979,                  1513P   2678
3.14159265358979,4.71238898038469,4.71238898038469,                 1513P   2679
6.28318530717959,6.28318530717959,6.28318530717959,1.,              1513P   2680
0.707106781186548,1.,0.707106781186547,1.,-0.250000007978574,       1513P   2681
2.60816326690184,3.06161709557774D-17,-0.250000007978575,           1513P   2682
2.60816326690184,-0.250000007978574,-4.59242564336661D-17,          1513P   2683
2.60816326690184,-0.250000007978574,0.250000007978574,              1513P   2684
2.60816326690184,-0.250000007978575,0.250000007978574,              1513P   2685
2.60816326690184,-6.12323419115548D-17,3.14159265358979,            1513P   2686
6.28318530717959,0.,0.,0.;                                          1513P   2687
126,1,1,0,0,1,0,-0.122448972492533,-0.122448972492533,              1515P   2688
0.122448972492535,0.122448972492535,1.,1.,-0.250000007978574,       1515P   2689
2.60816326690184,0.,-0.250000007978574,2.66938775510204,0.,         1515P   2690
-0.122448972492533,0.122448972492535,0.,0.,0.;                      1515P   2691
126,4,2,0,0,0,0,0.,0.,0.,1.5707963267949,1.5707963267949,           1517P   2692
3.14159265358979,3.14159265358979,3.14159265358979,1.,              1517P   2693
0.707106781186548,1.,0.707106781186548,1.,1.50000004787145,         1517P   2694
2.60816326690184,0.,1.50000004787145,2.60816326690184,              1517P   2695
1.50000004787145,9.18485128673322D-17,2.60816326690184,             1517P   2696
1.50000004787145,-1.50000004787145,2.60816326690184,                1517P   2697
1.50000004787145,-1.50000004787145,2.60816326690184,                1517P   2698
1.83697025734664D-16,0.,3.14159265358979,0.,0.,0.;                  1517P   2699
126,4,2,0,0,0,0,3.14159265358979,3.14159265358979,                  1519P   2700
3.14159265358979,4.71238898038469,4.71238898038469,                 1519P   2701
6.28318530717959,6.28318530717959,6.28318530717959,1.,              1519P   2702
0.707106781186548,1.,0.707106781186548,1.,-1.50000004787145,        1519P   2703
2.60816326690184,1.83697025734664D-16,-1.50000004787145,            1519P   2704
2.60816326690184,-1.50000004787145,-2.75545538601997D-16,           1519P   2705
2.60816326690184,-1.50000004787145,1.50000004787145,                1519P   2706
2.60816326690184,-1.50000004787145,1.50000004787145,                1519P   2707
2.60816326690184,-3.67394051469329D-16,3.14159265358979,            1519P   2708
6.28318530717959,0.,0.,0.;                                          1519P   2709
126,4,2,0,0,0,0,0.,0.,0.,1.5707963267949,1.5707963267949,           1521P   2710
3.14159265358979,3.14159265358979,3.14159265358979,1.,              1521P   2711
0.707106781186548,1.,0.707106781186548,1.,1.50000004787145,         1521P   2712
2.55816326530612,0.,1.50000004787145,2.55816326530612,              1521P   2713
1.50000004787145,9.18485128673322D-17,2.55816326530612,             1521P   2714
1.50000004787145,-1.50000004787145,2.55816326530612,                1521P   2715
1.50000004787145,-1.50000004787145,2.55816326530612,                1521P   2716
1.83697025734664D-16,0.,3.14159265358979,0.,0.,0.;                  1521P   2717
126,4,2,0,0,0,0,3.14159265358979,3.14159265358979,                  1523P   2718
3.14159265358979,4.71238898038469,4.71238898038469,                 1523P   2719
6.28318530717959,6.28318530717959,6.28318530717959,1.,              1523P   2720
0.707106781186548,1.,0.707106781186548,1.,-1.50000004787145,        1523P   2721
2.55816326530612,1.83697025734664D-16,-1.50000004787145,            1523P   2722
2.55816326530612,-1.50000004787145,-2.75545538601997D-16,           1523P   2723
2.55816326530612,-1.50000004787145,1.50000004787145,                1523P   2724
2.55816326530612,-1.50000004787145,1.50000004787145,                1523P   2725
2.55816326530612,-3.67394051469329D-16,3.14159265358979,            1523P   2726
6.28318530717959,0.,0.,0.;                                          1523P   2727
126,1,1,0,0,1,0,-0.0166666666666667,-0.0166666666666667,            1525P   2728
0.0166666666666667,0.0166666666666667,1.,1.,-1.50000004787145,      1525P   2729
2.55816326530612,0.,-1.50000004787145,2.60816326690184,0.,          1525P   2730
-0.0166666666666667,0.0166666666666667,0.,0.,0.;                    1525P   2731
126,4,2,0,0,0,0,0.,0.,0.,1.5707963267949,1.5707963267949,           1527P   2732
3.14159265358979,3.14159265358979,3.14159265358979,1.,              1527P   2733
0.707106781186547,1.,0.707106781186548,1.,0.250000007978574,        1527P   2734
2.55816326530612,0.,0.250000007978574,2.55816326530612,             1527P   2735
0.250000007978574,1.53080854778887D-17,2.55816326530612,            1527P   2736
0.250000007978574,-0.250000007978574,2.55816326530612,              1527P   2737
0.250000007978574,-0.250000007978574,2.55816326530612,              1527P   2738
3.06161709557774D-17,0.,3.14159265358979,0.,0.,0.;                  1527P   2739
126,4,2,0,0,0,0,3.14159265358979,3.14159265358979,                  1529P   2740
3.14159265358979,4.71238898038469,4.71238898038469,                 1529P   2741
6.28318530717959,6.28318530717959,6.28318530717959,1.,              1529P   2742
0.707106781186548,1.,0.707106781186547,1.,-0.250000007978574,       1529P   2743
2.55816326530612,3.06161709557774D-17,-0.250000007978575,           1529P   2744
2.55816326530612,-0.250000007978574,-4.59242564336661D-17,          1529P   2745
2.55816326530612,-0.250000007978574,0.250000007978574,              1529P   2746
2.55816326530612,-0.250000007978575,0.250000007978574,              1529P   2747
2.55816326530612,-6.12323419115548D-17,3.14159265358979,            1529P   2748
6.28318530717959,0.,0.,0.;                                          1529P   2749
126,4,2,0,0,0,0,0.,0.,0.,1.5707963267949,1.5707963267949,           1531P   2750
3.14159265358979,3.14159265358979,3.14159265358979,1.,              1531P   2751
0.707106781186547,1.,0.707106781186548,1.,0.250000007978574,        1531P   2752
2.49693877710592,0.,0.250000007978574,2.49693877710592,             1531P   2753
0.250000007978574,1.53080854778887D-17,2.49693877710592,            1531P   2754
0.250000007978574,-0.250000007978574,2.49693877710592,              1531P   2755
0.250000007978574,-0.250000007978574,2.49693877710592,              1531P   2756
3.06161709557774D-17,0.,3.14159265358979,0.,0.,0.;                  1531P   2757
126,4,2,0,0,0,0,3.14159265358979,3.14159265358979,                  1533P   2758
3.14159265358979,4.71238898038469,4.71238898038469,                 1533P   2759
6.28318530717959,6.28318530717959,6.28318530717959,1.,              1533P   2760
0.707106781186548,1.,0.707106781186547,1.,-0.250000007978574,       1533P   2761
2.49693877710592,3.06161709557774D-17,-0.250000007978575,           1533P   2762
2.49693877710592,-0.250000007978574,-4.59242564336661D-17,          1533P   2763
2.49693877710592,-0.250000007978574,0.250000007978574,              1533P   2764
2.49693877710592,-0.250000007978575,0.250000007978574,              1533P   2765
2.49693877710592,-6.12323419115548D-17,3.14159265358979,            1533P   2766
6.28318530717959,0.,0.,0.;                                          1533P   2767
126,1,1,0,0,1,0,-0.122448972492535,-0.122448972492535,              1535P   2768
0.122448972492533,0.122448972492533,1.,1.,-0.250000007978574,       1535P   2769
2.49693877710592,0.,-0.250000007978574,2.55816326530612,0.,         1535P   2770
-0.122448972492535,0.122448972492533,0.,0.,0.;                      1535P   2771
126,4,2,0,0,0,0,0.,0.,0.,1.5707963267949,1.5707963267949,           1537P   2772
3.14159265358979,3.14159265358979,3.14159265358979,1.,              1537P   2773
0.707106781186548,1.,0.707106781186548,1.,1.50000004787145,         1537P   2774
2.49693877710592,0.,1.50000004787145,2.49693877710592,              1537P   2775
1.50000004787145,9.18485128673322D-17,2.49693877710592,             1537P   2776
1.50000004787145,-1.50000004787145,2.49693877710592,                1537P   2777
1.50000004787145,-1.50000004787145,2.49693877710592,                1537P   2778
1.83697025734664D-16,0.,3.14159265358979,0.,0.,0.;                  1537P   2779
126,4,2,0,0,0,0,3.14159265358979,3.14159265358979,                  1539P   2780
3.14159265358979,4.71238898038469,4.71238898038469,                 1539P   2781
6.28318530717959,6.28318530717959,6.28318530717959,1.,              1539P   2782
0.707106781186548,1.,0.707106781186548,1.,-1.50000004787145,        1539P   2783
2.49693877710592,1.83697025734664D-16,-1.50000004787145,            1539P   2784
2.49693877710592,-1.50000004787145,-2.75545538601997D-16,           1539P   2785
2.49693877710592,-1.50000004787145,1.50000004787145,                1539P   2786
2.49693877710592,-1.50000004787145,1.50000004787145,                1539P   2787
2.49693877710592,-3.67394051469329D-16,3.14159265358979,            1539P   2788
6.28318530717959,0.,0.,0.;                                          1539P   2789
126,4,2,0,0,0,0,0.,0.,0.,1.5707963267949,1.5707963267949,           1541P   2790
3.14159265358979,3.14159265358979,3.14159265358979,1.,              1541P   2791
0.707106781186548,1.,0.707106781186548,1.,1.50000004787145,         1541P   2792
2.4469387755102,0.,1.50000004787145,2.4469387755102,                1541P   2793
1.50000004787145,9.18485128673322D-17,2.4469387755102,              1541P   2794
1.50000004787145,-1.50000004787145,2.4469387755102,                 1541P   2795
1.50000004787145,-1.50000004787145,2.4469387755102,                 1541P   2796
1.83697025734664D-16,0.,3.14159265358979,0.,0.,0.;                  1541P   2797
126,4,2,0,0,0,0,3.14159265358979,3.14159265358979,                  1543P   2798
3.14159265358979,4.71238898038469,4.71238898038469,                 1543P   2799
6.28318530717959,6.28318530717959,6.28318530717959,1.,              1543P   2800
0.707106781186548,1.,0.707106781186548,1.,-1.50000004787145,        1543P   2801
2.4469387755102,1.83697025734664D-16,-1.50000004787145,             1543P   2802
2.4469387755102,-1.50000004787145,-2.75545538601997D-16,            1543P   2803
2.4469387755102,-1.50000004787145,1.50000004787145,                 1543P   2804
2.4469387755102,-1.50000004787145,1.50000004787145,                 1543P   2805
2.4469387755102,-3.67394051469329D-16,3.14159265358979,             1543P   2806
6.28318530717959,0.,0.,0.;                                          1543P   2807
126,1,1,0,0,1,0,-0.0166666666666667,-0.0166666666666667,            1545P   2808
0.0166666666666667,0.0166666666666667,1.,1.,-1.50000004787145,      1545P   2809
2.4469387755102,0.,-1.50000004787145,2.49693877710592,0.,           1545P   2810
-0.0166666666666667,0.0166666666666667,0.,0.,0.;                    1545P   2811
126,4,2,0,0,0,0,0.,0.,0.,1.5707963267949,1.5707963267949,           1547P   2812
3.14159265358979,3.14159265358979,3.14159265358979,1.,              1547P   2813
0.707106781186547,1.,0.707106781186548,1.,0.250000007978574,        1547P   2814
2.4469387755102,0.,0.250000007978574,2.4469387755102,               1547P   2815
0.250000007978574,1.53080854778887D-17,2.4469387755102,             1547P   2816
0.250000007978574,-0.250000007978574,2.4469387755102,               1547P   2817
0.250000007978574,-0.250000007978574,2.4469387755102,               1547P   2818
3.06161709557774D-17,0.,3.14159265358979,0.,0.,0.;                  1547P   2819
126,4,2,0,0,0,0,3.14159265358979,3.14159265358979,                  1549P   2820
3.14159265358979,4.71238898038469,4.71238898038469,                 1549P   2821
6.28318530717959,6.28318530717959,6.28318530717959,1.,              1549P   2822
0.707106781186548,1.,0.707106781186547,1.,-0.250000007978574,       1549P   2823
2.4469387755102,3.06161709557774D-17,-0.250000007978575,            1549P   2824
2.4469387755102,-0.250000007978574,-4.59242564336661D-17,           1549P   2825
2.4469387755102,-0.250000007978574,0.250000007978574,               1549P   2826
2.4469387755102,-0.250000007978575,0.250000007978574,               1549P   2827
2.4469387755102,-6.12323419115548D-17,3.14159265358979,             1549P   2828
6.28318530717959,0.,0.,0.;                                          1549P   2829
126,4,2,0,0,0,0,0.,0.,0.,1.5707963267949,1.5707963267949,           1551P   2830
3.14159265358979,3.14159265358979,3.14159265358979,1.,              1551P   2831
0.707106781186547,1.,0.707106781186548,1.,0.250000007978574,        1551P   2832
2.38571428731,0.,0.250000007978574,2.38571428731,                   1551P   2833
0.250000007978574,1.53080854778887D-17,2.38571428731,               1551P   2834
0.250000007978574,-0.250000007978574,2.38571428731,                 1551P   2835
0.250000007978574,-0.250000007978574,2.38571428731,                 1551P   2836
3.06161709557774D-17,0.,3.14159265358979,0.,0.,0.;                  1551P   2837
126,4,2,0,0,0,0,3.14159265358979,3.14159265358979,                  1553P   2838
3.14159265358979,4.71238898038469,4.71238898038469,                 1553P   2839
6.28318530717959,6.28318530717959,6.28318530717959,1.,              1553P   2840
0.707106781186548,1.,0.707106781186547,1.,-0.250000007978574,       1553P   2841
2.38571428731,3.06161709557774D-17,-0.250000007978575,              1553P   2842
2.38571428731,-0.250000007978574,-4.59242564336661D-17,             1553P   2843
2.38571428731,-0.250000007978574,0.250000007978574,                 1553P   2844
2.38571428731,-0.250000007978575,0.250000007978574,                 1553P   2845
2.38571428731,-6.12323419115548D-17,3.14159265358979,               1553P   2846
6.28318530717959,0.,0.,0.;                                          1553P   2847
126,1,1,0,0,1,0,-0.122448972492533,-0.122448972492533,              1555P   2848
0.122448972492535,0.122448972492535,1.,1.,-0.250000007978574,       1555P   2849
2.38571428731,0.,-0.250000007978574,2.4469387755102,0.,             1555P   2850
-0.122448972492533,0.122448972492535,0.,0.,0.;                      1555P   2851
126,4,2,0,0,0,0,0.,0.,0.,1.5707963267949,1.5707963267949,           1557P   2852
3.14159265358979,3.14159265358979,3.14159265358979,1.,              1557P   2853
0.707106781186548,1.,0.707106781186548,1.,1.50000004787145,         1557P   2854
2.38571428731,0.,1.50000004787145,2.38571428731,                    1557P   2855
1.50000004787145,9.18485128673322D-17,2.38571428731,                1557P   2856
1.50000004787145,-1.50000004787145,2.38571428731,                   1557P   2857
1.50000004787145,-1.50000004787145,2.38571428731,                   1557P   2858
1.83697025734664D-16,0.,3.14159265358979,0.,0.,0.;                  1557P   2859
126,4,2,0,0,0,0,3.14159265358979,3.14159265358979,                  1559P   2860
3.14159265358979,4.71238898038469,4.71238898038469,                 1559P   2861
6.28318530717959,6.28318530717959,6.28318530717959,1.,              1559P   2862
0.707106781186548,1.,0.707106781186548,1.,-1.50000004787145,        1559P   2863
2.38571428731,1.83697025734664D-16,-1.50000004787145,               1559P   2864
2.38571428731,-1.50000004787145,-2.75545538601997D-16,              1559P   2865
2.38571428731,-1.50000004787145,1.50000004787145,2.38571428731,     1559P   2866
-1.50000004787145,1.50000004787145,2.38571428731,                   1559P   2867
-3.67394051469329D-16,3.14159265358979,6.28318530717959,0.,0.,      1559P   2868
0.;                                                                 1559P   2869
126,4,2,0,0,0,0,0.,0.,0.,1.5707963267949,1.5707963267949,           1561P   2870
3.14159265358979,3.14159265358979,3.14159265358979,1.,              1561P   2871
0.707106781186548,1.,0.707106781186548,1.,1.50000004787145,         1561P   2872
2.33571428571429,0.,1.50000004787145,2.33571428571429,              1561P   2873
1.50000004787145,9.18485128673322D-17,2.33571428571429,             1561P   2874
1.50000004787145,-1.50000004787145,2.33571428571429,                1561P   2875
1.50000004787145,-1.50000004787145,2.33571428571429,                1561P   2876
1.83697025734664D-16,0.,3.14159265358979,0.,0.,0.;                  1561P   2877
126,4,2,0,0,0,0,3.14159265358979,3.14159265358979,                  1563P   2878
3.14159265358979,4.71238898038469,4.71238898038469,                 1563P   2879
6.28318530717959,6.28318530717959,6.28318530717959,1.,              1563P   2880
0.707106781186548,1.,0.707106781186548,1.,-1.50000004787145,        1563P   2881
2.33571428571429,1.83697025734664D-16,-1.50000004787145,            1563P   2882
2.33571428571429,-1.50000004787145,-2.75545538601997D-16,           1563P   2883
2.33571428571429,-1.50000004787145,1.50000004787145,                1563P   2884
2.33571428571429,-1.50000004787145,1.50000004787145,                1563P   2885
2.33571428571429,-3.67394051469329D-16,3.14159265358979,            1563P   2886
6.28318530717959,0.,0.,0.;                                          1563P   2887
126,1,1,0,0,1,0,-0.0166666666666667,-0.0166666666666667,            1565P   2888
0.0166666666666667,0.0166666666666667,1.,1.,-1.50000004787145,      1565P   2889
2.33571428571429,0.,-1.50000004787145,2.38571428731,0.,             1565P   2890
-0.0166666666666667,0.0166666666666667,0.,0.,0.;                    1565P   2891
126,4,2,0,0,0,0,0.,0.,0.,1.5707963267949,1.5707963267949,           1567P   2892
3.14159265358979,3.14159265358979,3.14159265358979,1.,              1567P   2893
0.707106781186547,1.,0.707106781186548,1.,0.250000007978574,        1567P   2894
2.33571428571429,0.,0.250000007978574,2.33571428571429,             1567P   2895
0.250000007978574,1.53080854778887D-17,2.33571428571429,            1567P   2896
0.250000007978574,-0.250000007978574,2.33571428571429,              1567P   2897
0.250000007978574,-0.250000007978574,2.33571428571429,              1567P   2898
3.06161709557774D-17,0.,3.14159265358979,0.,0.,0.;                  1567P   2899
126,4,2,0,0,0,0,3.14159265358979,3.14159265358979,                  1569P   2900
3.14159265358979,4.71238898038469,4.71238898038469,                 1569P   2901
6.28318530717959,6.28318530717959,6.28318530717959,1.,              1569P   2902
0.707106781186548,1.,0.707106781186547,1.,-0.250000007978574,       1569P   2903
2.33571428571429,3.06161709557774D-17,-0.250000007978575,           1569P   2904
2.33571428571429,-0.250000007978574,-4.59242564336661D-17,          1569P   2905
2.33571428571429,-0.250000007978574,0.250000007978574,              1569P   2906
2.33571428571429,-0.250000007978575,0.250000007978574,              1569P   2907
2.33571428571429,-6.12323419115548D-17,3.14159265358979,            1569P   2908
6.28318530717959,0.,0.,0.;                                          1569P   2909
126,4,2,0,0,0,0,0.,0.,0.,1.5707963267949,1.5707963267949,           1571P   2910
3.14159265358979,3.14159265358979,3.14159265358979,1.,              1571P   2911
0.707106781186547,1.,0.707106781186548,1.,0.250000007978574,        1571P   2912
2.27448979751408,0.,0.250000007978574,2.27448979751408,             1571P   2913
0.250000007978574,1.53080854778887D-17,2.27448979751408,            1571P   2914
0.250000007978574,-0.250000007978574,2.27448979751408,              1571P   2915
0.250000007978574,-0.250000007978574,2.27448979751408,              1571P   2916
3.06161709557774D-17,0.,3.14159265358979,0.,0.,0.;                  1571P   2917
126,4,2,0,0,0,0,3.14159265358979,3.14159265358979,                  1573P   2918
3.14159265358979,4.71238898038469,4.71238898038469,                 1573P   2919
6.28318530717959,6.28318530717959,6.28318530717959,1.,              1573P   2920
0.707106781186548,1.,0.707106781186547,1.,-0.250000007978574,       1573P   2921
2.27448979751408,3.06161709557774D-17,-0.250000007978575,           1573P   2922
2.27448979751408,-0.250000007978574,-4.59242564336661D-17,          1573P   2923
2.27448979751408,-0.250000007978574,0.250000007978574,              1573P   2924
2.27448979751408,-0.250000007978575,0.250000007978574,              1573P   2925
2.27448979751408,-6.12323419115548D-17,3.14159265358979,            1573P   2926
6.28318530717959,0.,0.,0.;                                          1573P   2927
126,1,1,0,0,1,0,-0.122448972492533,-0.122448972492533,              1575P   2928
0.122448972492533,0.122448972492533,1.,1.,-0.250000007978574,       1575P   2929
2.27448979751408,0.,-0.250000007978574,2.33571428571429,0.,         1575P   2930
-0.122448972492533,0.122448972492533,0.,0.,0.;                      1575P   2931
126,4,2,0,0,0,0,0.,0.,0.,1.5707963267949,1.5707963267949,           1577P   2932
3.14159265358979,3.14159265358979,3.14159265358979,1.,              1577P   2933
0.707106781186548,1.,0.707106781186548,1.,1.50000004787145,         1577P   2934
2.27448979751408,0.,1.50000004787145,2.27448979751408,              1577P   2935
1.50000004787145,9.18485128673322D-17,2.27448979751408,             1577P   2936
1.50000004787145,-1.50000004787145,2.27448979751408,                1577P   2937
1.50000004787145,-1.50000004787145,2.27448979751408,                1577P   2938
1.83697025734664D-16,0.,3.14159265358979,0.,0.,0.;                  1577P   2939
126,4,2,0,0,0,0,3.14159265358979,3.14159265358979,                  1579P   2940
3.14159265358979,4.71238898038469,4.71238898038469,                 1579P   2941
6.28318530717959,6.28318530717959,6.28318530717959,1.,              1579P   2942
0.707106781186548,1.,0.707106781186548,1.,-1.50000004787145,        1579P   2943
2.27448979751408,1.83697025734664D-16,-1.50000004787145,            1579P   2944
2.27448979751408,-1.50000004787145,-2.75545538601997D-16,           1579P   2945
2.27448979751408,-1.50000004787145,1.50000004787145,                1579P   2946
2.27448979751408,-1.50000004787145,1.50000004787145,                1579P   2947
2.27448979751408,-3.67394051469329D-16,3.14159265358979,            1579P   2948
6.28318530717959,0.,0.,0.;                                          1579P   2949
126,4,2,0,0,0,0,0.,0.,0.,1.5707963267949,1.5707963267949,           1581P   2950
3.14159265358979,3.14159265358979,3.14159265358979,1.,              1581P   2951
0.707106781186548,1.,0.707106781186548,1.,1.50000004787145,         1581P   2952
2.22448979591837,0.,1.50000004787145,2.22448979591837,              1581P   2953
1.50000004787145,9.18485128673322D-17,2.22448979591837,             1581P   2954
1.50000004787145,-1.50000004787145,2.22448979591837,                1581P   2955
1.50000004787145,-1.50000004787145,2.22448979591837,                1581P   2956
1.83697025734664D-16,0.,3.14159265358979,0.,0.,0.;                  1581P   2957
126,4,2,0,0,0,0,3.14159265358979,3.14159265358979,                  1583P   2958
3.14159265358979,4.71238898038469,4.71238898038469,                 1583P   2959
6.28318530717959,6.28318530717959,6.28318530717959,1.,              1583P   2960
0.707106781186548,1.,0.707106781186548,1.,-1.50000004787145,        1583P   2961
2.22448979591837,1.83697025734664D-16,-1.50000004787145,            1583P   2962
2.22448979591837,-1.50000004787145,-2.75545538601997D-16,           1583P   2963
2.22448979591837,-1.50000004787145,1.50000004787145,                1583P   2964
2.22448979591837,-1.50000004787145,1.50000004787145,                1583P   2965
2.22448979591837,-3.67394051469329D-16,3.14159265358979,            1583P   2966
6.28318530717959,0.,0.,0.;                                          1583P   2967
126,1,1,0,0,1,0,-0.0166666666666667,-0.0166666666666667,            1585P   2968
0.0166666666666667,0.0166666666666667,1.,1.,-1.50000004787145,      1585P   2969
2.22448979591837,0.,-1.50000004787145,2.27448979751408,0.,          1585P   2970
-0.0166666666666667,0.0166666666666667,0.,0.,0.;                    1585P   2971
126,4,2,0,0,0,0,0.,0.,0.,1.5707963267949,1.5707963267949,           1587P   2972
3.14159265358979,3.14159265358979,3.14159265358979,1.,              1587P   2973
0.707106781186547,1.,0.707106781186548,1.,0.250000007978574,        1587P   2974
2.22448979591837,0.,0.250000007978574,2.22448979591837,             1587P   2975
0.250000007978574,1.53080854778887D-17,2.22448979591837,            1587P   2976
0.250000007978574,-0.250000007978574,2.22448979591837,              1587P   2977
0.250000007978574,-0.250000007978574,2.22448979591837,              1587P   2978
3.06161709557774D-17,0.,3.14159265358979,0.,0.,0.;                  1587P   2979
126,4,2,0,0,0,0,3.14159265358979,3.14159265358979,                  1589P   2980
3.14159265358979,4.71238898038469,4.71238898038469,                 1589P   2981
6.28318530717959,6.28318530717959,6.28318530717959,1.,              1589P   2982
0.707106781186548,1.,0.707106781186547,1.,-0.250000007978574,       1589P   2983
2.22448979591837,3.06161709557774D-17,-0.250000007978575,           1589P   2984
2.22448979591837,-0.250000007978574,-4.59242564336661D-17,          1589P   2985
2.22448979591837,-0.250000007978574,0.250000007978574,              1589P   2986
2.22448979591837,-0.250000007978575,0.250000007978574,              1589P   2987
2.22448979591837,-6.12323419115548D-17,3.14159265358979,            1589P   2988
6.28318530717959,0.,0.,0.;                                          1589P   2989
126,4,2,0,0,0,0,0.,0.,0.,1.5707963267949,1.5707963267949,           1591P   2990
3.14159265358979,3.14159265358979,3.14159265358979,1.,              1591P   2991
0.707106781186547,1.,0.707106781186548,1.,0.250000007978574,        1591P   2992
2.16326530771816,0.,0.250000007978574,2.16326530771816,             1591P   2993
0.250000007978574,1.53080854778887D-17,2.16326530771816,            1591P   2994
0.250000007978574,-0.250000007978574,2.16326530771816,              1591P   2995
0.250000007978574,-0.250000007978574,2.16326530771816,              1591P   2996
3.06161709557774D-17,0.,3.14159265358979,0.,0.,0.;                  1591P   2997
126,4,2,0,0,0,0,3.14159265358979,3.14159265358979,                  1593P   2998
3.14159265358979,4.71238898038469,4.71238898038469,                 1593P   2999
6.28318530717959,6.28318530717959,6.28318530717959,1.,              1593P   3000
0.707106781186548,1.,0.707106781186547,1.,-0.250000007978574,       1593P   3001
2.16326530771816,3.06161709557774D-17,-0.250000007978575,           1593P   3002
2.16326530771816,-0.250000007978574,-4.59242564336661D-17,          1593P   3003
2.16326530771816,-0.250000007978574,0.250000007978574,              1593P   3004
2.16326530771816,-0.250000007978575,0.250000007978574,              1593P   3005
2.16326530771816,-6.12323419115548D-17,3.14159265358979,            1593P   3006
6.28318530717959,0.,0.,0.;                                          1593P   3007
126,1,1,0,0,1,0,-0.122448972492533,-0.122448972492533,              1595P   3008
0.122448972492533,0.122448972492533,1.,1.,-0.250000007978574,       1595P   3009
2.16326530771816,0.,-0.250000007978574,2.22448979591837,0.,         1595P   3010
-0.122448972492533,0.122448972492533,0.,0.,0.;                      1595P   3011
126,4,2,0,0,0,0,0.,0.,0.,1.5707963267949,1.5707963267949,           1597P   3012
3.14159265358979,3.14159265358979,3.14159265358979,1.,              1597P   3013
0.707106781186548,1.,0.707106781186548,1.,1.50000004787145,         1597P   3014
2.16326530771816,0.,1.50000004787145,2.16326530771816,              1597P   3015
1.50000004787145,9.18485128673322D-17,2.16326530771816,             1597P   3016
1.50000004787145,-1.50000004787145,2.16326530771816,                1597P   3017
1.50000004787145,-1.50000004787145,2.16326530771816,                1597P   3018
1.83697025734664D-16,0.,3.14159265358979,0.,0.,0.;                  1597P   3019
126,4,2,0,0,0,0,3.14159265358979,3.14159265358979,                  1599P   3020
3.14159265358979,4.71238898038469,4.71238898038469,                 1599P   3021
6.28318530717959,6.28318530717959,6.28318530717959,1.,              1599P   3022
0.707106781186548,1.,0.707106781186548,1.,-1.50000004787145,        1599P   3023
2.16326530771816,1.83697025734664D-16,-1.50000004787145,            1599P   3024
2.16326530771816,-1.50000004787145,-2.75545538601997D-16,           1599P   3025
2.16326530771816,-1.50000004787145,1.50000004787145,                1599P   3026
2.16326530771816,-1.50000004787145,1.50000004787145,                1599P   3027
2.16326530771816,-3.67394051469329D-16,3.14159265358979,            1599P   3028
6.28318530717959,0.,0.,0.;                                          1599P   3029
126,4,2,0,0,0,0,0.,0.,0.,1.5707963267949,1.5707963267949,           1601P   3030
3.14159265358979,3.14159265358979,3.14159265358979,1.,              1601P   3031
0.707106781186548,1.,0.707106781186548,1.,1.50000004787145,         1601P   3032
2.11326530612245,0.,1.50000004787145,2.11326530612245,              1601P   3033
1.50000004787145,9.18485128673322D-17,2.11326530612245,             1601P   3034
1.50000004787145,-1.50000004787145,2.11326530612245,                1601P   3035
1.50000004787145,-1.50000004787145,2.11326530612245,                1601P   3036
1.83697025734664D-16,0.,3.14159265358979,0.,0.,0.;                  1601P   3037
126,4,2,0,0,0,0,3.14159265358979,3.14159265358979,                  1603P   3038
3.14159265358979,4.71238898038469,4.71238898038469,                 1603P   3039
6.28318530717959,6.28318530717959,6.28318530717959,1.,              1603P   3040
0.707106781186548,1.,0.707106781186548,1.,-1.50000004787145,        1603P   3041
2.11326530612245,1.83697025734664D-16,-1.50000004787145,            1603P   3042
2.11326530612245,-1.50000004787145,-2.75545538601997D-16,           1603P   3043
2.11326530612245,-1.50000004787145,1.50000004787145,                1603P   3044
2.11326530612245,-1.50000004787145,1.50000004787145,                1603P   3045
2.11326530612245,-3.67394051469329D-16,3.14159265358979,            1603P   3046
6.28318530717959,0.,0.,0.;                                          1603P   3047
126,1,1,0,0,1,0,-0.0166666666666667,-0.0166666666666667,            1605P   3048
0.0166666666666667,0.0166666666666667,1.,1.,-1.50000004787145,      1605P   3049
2.11326530612245,0.,-1.50000004787145,2.16326530771816,0.,          1605P   3050
-0.0166666666666667,0.0166666666666667,0.,0.,0.;                    1605P   3051
126,4,2,0,0,0,0,0.,0.,0.,1.5707963267949,1.5707963267949,           1607P   3052
3.14159265358979,3.14159265358979,3.14159265358979,1.,              1607P   3053
0.707106781186547,1.,0.707106781186548,1.,0.250000007978574,        1607P   3054
2.11326530612245,0.,0.250000007978574,2.11326530612245,             1607P   3055
0.250000007978574,1.53080854778887D-17,2.11326530612245,            1607P   3056
0.250000007978574,-0.250000007978574,2.11326530612245,              1607P   3057
0.250000007978574,-0.250000007978574,2.11326530612245,              1607P   3058
3.06161709557774D-17,0.,3.14159265358979,0.,0.,0.;                  1607P   3059
126,4,2,0,0,0,0,3.14159265358979,3.14159265358979,                  1609P   3060
3.14159265358979,4.71238898038469,4.71238898038469,                 1609P   3061
6.28318530717959,6.28318530717959,6.28318530717959,1.,              1609P   3062
0.707106781186548,1.,0.707106781186547,1.,-0.250000007978574,       1609P   3063
2.11326530612245,3.06161709557774D-17,-0.250000007978575,           1609P   3064
2.11326530612245,-0.250000007978574,-4.59242564336661D-17,          1609P   3065
2.11326530612245,-0.250000007978574,0.250000007978574,              1609P   3066
2.11326530612245,-0.250000007978575,0.250000007978574,              1609P   3067
2.11326530612245,-6.12323419115548D-17,3.14159265358979,            1609P   3068
6.28318530717959,0.,0.,0.;                                          1609P   3069
126,4,2,0,0,0,0,0.,0.,0.,1.5707963267949,1.5707963267949,           1611P   3070
3.14159265358979,3.14159265358979,3.14159265358979,1.,              1611P   3071
0.707106781186547,1.,0.707106781186548,1.,0.250000007978574,        1611P   3072
2.05204081792225,0.,0.250000007978574,2.05204081792225,             1611P   3073
0.250000007978574,1.53080854778887D-17,2.05204081792225,            1611P   3074
0.250000007978574,-0.250000007978574,2.05204081792225,              1611P   3075
0.250000007978574,-0.250000007978574,2.05204081792225,              1611P   3076
3.06161709557774D-17,0.,3.14159265358979,0.,0.,0.;                  1611P   3077
126,4,2,0,0,0,0,3.14159265358979,3.14159265358979,                  1613P   3078
3.14159265358979,4.71238898038469,4.71238898038469,                 1613P   3079
6.28318530717959,6.28318530717959,6.28318530717959,1.,              1613P   3080
0.707106781186548,1.,0.707106781186547,1.,-0.250000007978574,       1613P   3081
2.05204081792225,3.06161709557774D-17,-0.250000007978575,           1613P   3082
2.05204081792225,-0.250000007978574,-4.59242564336661D-17,          1613P   3083
2.05204081792225,-0.250000007978574,0.250000007978574,              1613P   3084
2.05204081792225,-0.250000007978575,0.250000007978574,              1613P   3085
2.05204081792225,-6.12323419115548D-17,3.14159265358979,            1613P   3086
6.28318530717959,0.,0.,0.;                                          1613P   3087
126,1,1,0,0,1,0,-0.122448972492535,-0.122448972492535,              1615P   3088
0.122448972492535,0.122448972492535,1.,1.,-0.250000007978574,       1615P   3089
2.05204081792225,0.,-0.250000007978574,2.11326530612245,0.,         1615P   3090
-0.122448972492535,0.122448972492535,0.,0.,0.;                      1615P   3091
126,4,2,0,0,0,0,0.,0.,0.,1.5707963267949,1.5707963267949,           1617P   3092
3.14159265358979,3.14159265358979,3.14159265358979,1.,              1617P   3093
0.707106781186548,1.,0.707106781186548,1.,1.50000004787145,         1617P   3094
2.05204081792225,0.,1.50000004787145,2.05204081792225,              1617P   3095
1.50000004787145,9.18485128673322D-17,2.05204081792225,             1617P   3096
1.50000004787145,-1.50000004787145,2.05204081792225,                1617P   3097
1.50000004787145,-1.50000004787145,2.05204081792225,                1617P   3098
1.83697025734664D-16,0.,3.14159265358979,0.,0.,0.;                  1617P   3099
126,4,2,0,0,0,0,3.14159265358979,3.14159265358979,                  1619P   3100
3.14159265358979,4.71238898038469,4.71238898038469,                 1619P   3101
6.28318530717959,6.28318530717959,6.28318530717959,1.,              1619P   3102
0.707106781186548,1.,0.707106781186548,1.,-1.50000004787145,        1619P   3103
2.05204081792225,1.83697025734664D-16,-1.50000004787145,            1619P   3104
2.05204081792225,-1.50000004787145,-2.75545538601997D-16,           1619P   3105
2.05204081792225,-1.50000004787145,1.50000004787145,                1619P   3106
2.05204081792225,-1.50000004787145,1.50000004787145,                1619P   3107
2.05204081792225,-3.67394051469329D-16,3.14159265358979,            1619P   3108
6.28318530717959,0.,0.,0.;                                          1619P   3109
126,4,2,0,0,0,0,0.,0.,0.,1.5707963267949,1.5707963267949,           1621P   3110
3.14159265358979,3.14159265358979,3.14159265358979,1.,              1621P   3111
0.707106781186548,1.,0.707106781186548,1.,1.50000004787145,         1621P   3112
2.00204081632653,0.,1.50000004787145,2.00204081632653,              1621P   3113
1.50000004787145,9.18485128673322D-17,2.00204081632653,             1621P   3114
1.50000004787145,-1.50000004787145,2.00204081632653,                1621P   3115
1.50000004787145,-1.50000004787145,2.00204081632653,                1621P   3116
1.83697025734664D-16,0.,3.14159265358979,0.,0.,0.;                  1621P   3117
126,4,2,0,0,0,0,3.14159265358979,3.14159265358979,                  1623P   3118
3.14159265358979,4.71238898038469,4.71238898038469,                 1623P   3119
6.28318530717959,6.28318530717959,6.28318530717959,1.,              1623P   3120
0.707106781186548,1.,0.707106781186548,1.,-1.50000004787145,        1623P   3121
2.00204081632653,1.83697025734664D-16,-1.50000004787145,            1623P   3122
2.00204081632653,-1.50000004787145,-2.75545538601997D-16,           1623P   3123
2.00204081632653,-1.50000004787145,1.50000004787145,                1623P   3124
2.00204081632653,-1.50000004787145,1.50000004787145,                1623P   3125
2.00204081632653,-3.67394051469329D-16,3.14159265358979,            1623P   3126
6.28318530717959,0.,0.,0.;                                          1623P   3127
126,1,1,0,0,1,0,-0.0166666666666667,-0.0166666666666667,            1625P   3128
0.0166666666666667,0.0166666666666667,1.,1.,-1.50000004787145,      1625P   3129
2.00204081632653,0.,-1.50000004787145,2.05204081792225,0.,          1625P   3130
-0.0166666666666667,0.0166666666666667,0.,0.,0.;                    1625P   3131
126,4,2,0,0,0,0,0.,0.,0.,1.5707963267949,1.5707963267949,           1627P   3132
3.14159265358979,3.14159265358979,3.14159265358979,1.,              1627P   3133
0.707106781186547,1.,0.707106781186548,1.,0.250000007978574,        1627P   3134
2.00204081632653,0.,0.250000007978574,2.00204081632653,             1627P   3135
0.250000007978574,1.53080854778887D-17,2.00204081632653,            1627P   3136
0.250000007978574,-0.250000007978574,2.00204081632653,              1627P   3137
0.250000007978574,-0.250000007978574,2.00204081632653,              1627P   3138
3.06161709557774D-17,0.,3.14159265358979,0.,0.,0.;                  1627P   3139
126,4,2,0,0,0,0,3.14159265358979,3.14159265358979,                  1629P   3140
3.14159265358979,4.71238898038469,4.71238898038469,                 1629P   3141
6.28318530717959,6.28318530717959,6.28318530717959,1.,              1629P   3142
0.707106781186548,1.,0.707106781186547,1.,-0.250000007978574,       1629P   3143
2.00204081632653,3.06161709557774D-17,-0.250000007978575,           1629P   3144
2.00204081632653,-0.250000007978574,-4.59242564336661D-17,          1629P   3145
2.00204081632653,-0.250000007978574,0.250000007978574,              1629P   3146
2.00204081632653,-0.250000007978575,0.250000007978574,              1629P   3147
2.00204081632653,-6.12323419115548D-17,3.14159265358979,            1629P   3148
6.28318530717959,0.,0.,0.;                                          1629P   3149
126,4,2,0,0,0,0,0.,0.,0.,1.5707963267949,1.5707963267949,           1631P   3150
3.14159265358979,3.14159265358979,3.14159265358979,1.,              1631P   3151
0.707106781186547,1.,0.707106781186548,1.,0.250000007978574,        1631P   3152
1.94081632812633,0.,0.250000007978574,1.94081632812633,             1631P   3153
0.250000007978574,1.53080854778887D-17,1.94081632812633,            1631P   3154
0.250000007978574,-0.250000007978574,1.94081632812633,              1631P   3155
0.250000007978574,-0.250000007978574,1.94081632812633,              1631P   3156
3.06161709557774D-17,0.,3.14159265358979,0.,0.,0.;                  1631P   3157
126,4,2,0,0,0,0,3.14159265358979,3.14159265358979,                  1633P   3158
3.14159265358979,4.71238898038469,4.71238898038469,                 1633P   3159
6.28318530717959,6.28318530717959,6.28318530717959,1.,              1633P   3160
0.707106781186548,1.,0.707106781186547,1.,-0.250000007978574,       1633P   3161
1.94081632812633,3.06161709557774D-17,-0.250000007978575,           1633P   3162
1.94081632812633,-0.250000007978574,-4.59242564336661D-17,          1633P   3163
1.94081632812633,-0.250000007978574,0.250000007978574,              1633P   3164
1.94081632812633,-0.250000007978575,0.250000007978574,              1633P   3165
1.94081632812633,-6.12323419115548D-17,3.14159265358979,            1633P   3166
6.28318530717959,0.,0.,0.;                                          1633P   3167
126,1,1,0,0,1,0,-0.122448972492535,-0.122448972492535,              1635P   3168
0.122448972492535,0.122448972492535,1.,1.,-0.250000007978574,       1635P   3169
1.94081632812633,0.,-0.250000007978574,2.00204081632653,0.,         1635P   3170
-0.122448972492535,0.122448972492535,0.,0.,0.;                      1635P   3171
126,4,2,0,0,0,0,0.,0.,0.,1.5707963267949,1.5707963267949,           1637P   3172
3.14159265358979,3.14159265358979,3.14159265358979,1.,              1637P   3173
0.707106781186548,1.,0.707106781186548,1.,1.50000004787145,         1637P   3174
1.94081632812633,0.,1.50000004787145,1.94081632812633,              1637P   3175
1.50000004787145,9.18485128673322D-17,1.94081632812633,             1637P   3176
1.50000004787145,-1.50000004787145,1.94081632812633,                1637P   3177
1.50000004787145,-1.50000004787145,1.94081632812633,                1637P   3178
1.83697025734664D-16,0.,3.14159265358979,0.,0.,0.;                  1637P   3179
126,4,2,0,0,0,0,3.14159265358979,3.14159265358979,                  1639P   3180
3.14159265358979,4.71238898038469,4.71238898038469,                 1639P   3181
6.28318530717959,6.28318530717959,6.28318530717959,1.,              1639P   3182
0.707106781186548,1.,0.707106781186548,1.,-1.50000004787145,        1639P   3183
1.94081632812633,1.83697025734664D-16,-1.50000004787145,            1639P   3184
1.94081632812633,-1.50000004787145,-2.75545538601997D-16,           1639P   3185
1.94081632812633,-1.50000004787145,1.50000004787145,                1639P   3186
1.94081632812633,-1.50000004787145,1.50000004787145,                1639P   3187
1.94081632812633,-3.67394051469329D-16,3.14159265358979,            1639P   3188
6.28318530717959,0.,0.,0.;                                          1639P   3189
126,4,2,0,0,0,0,0.,0.,0.,1.5707963267949,1.5707963267949,           1641P   3190
3.14159265358979,3.14159265358979,3.14159265358979,1.,              1641P   3191
0.707106781186548,1.,0.707106781186548,1.,1.50000004787145,         1641P   3192
1.89081632653061,0.,1.50000004787145,1.89081632653061,              1641P   3193
1.50000004787145,9.18485128673322D-17,1.89081632653061,             1641P   3194
1.50000004787145,-1.50000004787145,1.89081632653061,                1641P   3195
1.50000004787145,-1.50000004787145,1.89081632653061,                1641P   3196
1.83697025734664D-16,0.,3.14159265358979,0.,0.,0.;                  1641P   3197
126,4,2,0,0,0,0,3.14159265358979,3.14159265358979,                  1643P   3198
3.14159265358979,4.71238898038469,4.71238898038469,                 1643P   3199
6.28318530717959,6.28318530717959,6.28318530717959,1.,              1643P   3200
0.707106781186548,1.,0.707106781186548,1.,-1.50000004787145,        1643P   3201
1.89081632653061,1.83697025734664D-16,-1.50000004787145,            1643P   3202
1.89081632653061,-1.50000004787145,-2.75545538601997D-16,           1643P   3203
1.89081632653061,-1.50000004787145,1.50000004787145,                1643P   3204
1.89081632653061,-1.50000004787145,1.50000004787145,                1643P   3205
1.89081632653061,-3.67394051469329D-16,3.14159265358979,            1643P   3206
6.28318530717959,0.,0.,0.;                                          1643P   3207
126,1,1,0,0,1,0,-0.0166666666666667,-0.0166666666666667,            1645P   3208
0.0166666666666667,0.0166666666666667,1.,1.,-1.50000004787145,      1645P   3209
1.89081632653061,0.,-1.50000004787145,1.94081632812633,0.,          1645P   3210
-0.0166666666666667,0.0166666666666667,0.,0.,0.;                    1645P   3211
126,4,2,0,0,0,0,0.,0.,0.,1.5707963267949,1.5707963267949,           1647P   3212
3.14159265358979,3.14159265358979,3.14159265358979,1.,              1647P   3213
0.707106781186547,1.,0.707106781186548,1.,0.250000007978574,        1647P   3214
1.89081632653061,0.,0.250000007978574,1.89081632653061,             1647P   3215
0.250000007978574,1.53080854778887D-17,1.89081632653061,            1647P   3216
0.250000007978574,-0.250000007978574,1.89081632653061,              1647P   3217
0.250000007978574,-0.250000007978574,1.89081632653061,              1647P   3218
3.06161709557774D-17,0.,3.14159265358979,0.,0.,0.;                  1647P   3219
126,4,2,0,0,0,0,3.14159265358979,3.14159265358979,                  1649P   3220
3.14159265358979,4.71238898038469,4.71238898038469,                 1649P   3221
6.28318530717959,6.28318530717959,6.28318530717959,1.,              1649P   3222
0.707106781186548,1.,0.707106781186547,1.,-0.250000007978574,       1649P   3223
1.89081632653061,3.06161709557774D-17,-0.250000007978575,           1649P   3224
1.89081632653061,-0.250000007978574,-4.59242564336661D-17,          1649P   3225
1.89081632653061,-0.250000007978574,0.250000007978574,              1649P   3226
1.89081632653061,-0.250000007978575,0.250000007978574,              1649P   3227
1.89081632653061,-6.12323419115548D-17,3.14159265358979,            1649P   3228
6.28318530717959,0.,0.,0.;                                          1649P   3229
126,4,2,0,0,0,0,0.,0.,0.,1.5707963267949,1.5707963267949,           1651P   3230
3.14159265358979,3.14159265358979,3.14159265358979,1.,              1651P   3231
0.707106781186547,1.,0.707106781186548,1.,0.250000007978574,        1651P   3232
1.82959183833041,0.,0.250000007978574,1.82959183833041,             1651P   3233
0.250000007978574,1.53080854778887D-17,1.82959183833041,            1651P   3234
0.250000007978574,-0.250000007978574,1.82959183833041,              1651P   3235
0.250000007978574,-0.250000007978574,1.82959183833041,              1651P   3236
3.06161709557774D-17,0.,3.14159265358979,0.,0.,0.;                  1651P   3237
126,4,2,0,0,0,0,3.14159265358979,3.14159265358979,                  1653P   3238
3.14159265358979,4.71238898038469,4.71238898038469,                 1653P   3239
6.28318530717959,6.28318530717959,6.28318530717959,1.,              1653P   3240
0.707106781186548,1.,0.707106781186547,1.,-0.250000007978574,       1653P   3241
1.82959183833041,3.06161709557774D-17,-0.250000007978575,           1653P   3242
1.82959183833041,-0.250000007978574,-4.59242564336661D-17,          1653P   3243
1.82959183833041,-0.250000007978574,0.250000007978574,              1653P   3244
1.82959183833041,-0.250000007978575,0.250000007978574,              1653P   3245
1.82959183833041,-6.12323419115548D-17,3.14159265358979,            1653P   3246
6.28318530717959,0.,0.,0.;                                          1653P   3247
126,1,1,0,0,1,0,-0.122448972492533,-0.122448972492533,              1655P   3248
0.122448972492533,0.122448972492533,1.,1.,-0.250000007978574,       1655P   3249
1.82959183833041,0.,-0.250000007978574,1.89081632653061,0.,         1655P   3250
-0.122448972492533,0.122448972492533,0.,0.,0.;                      1655P   3251
126,4,2,0,0,0,0,0.,0.,0.,1.5707963267949,1.5707963267949,           1657P   3252
3.14159265358979,3.14159265358979,3.14159265358979,1.,              1657P   3253
0.707106781186548,1.,0.707106781186548,1.,1.50000004787145,         1657P   3254
1.82959183833041,0.,1.50000004787145,1.82959183833041,              1657P   3255
1.50000004787145,9.18485128673322D-17,1.82959183833041,             1657P   3256
1.50000004787145,-1.50000004787145,1.82959183833041,                1657P   3257
1.50000004787145,-1.50000004787145,1.82959183833041,                1657P   3258
1.83697025734664D-16,0.,3.14159265358979,0.,0.,0.;                  1657P   3259
126,4,2,0,0,0,0,3.14159265358979,3.14159265358979,                  1659P   3260
3.14159265358979,4.71238898038469,4.71238898038469,                 1659P   3261
6.28318530717959,6.28318530717959,6.28318530717959,1.,              1659P   3262
0.707106781186548,1.,0.707106781186548,1.,-1.50000004787145,        1659P   3263
1.82959183833041,1.83697025734664D-16,-1.50000004787145,            1659P   3264
1.82959183833041,-1.50000004787145,-2.75545538601997D-16,           1659P   3265
1.82959183833041,-1.50000004787145,1.50000004787145,                1659P   3266
1.82959183833041,-1.50000004787145,1.50000004787145,                1659P   3267
1.82959183833041,-3.67394051469329D-16,3.14159265358979,            1659P   3268
6.28318530717959,0.,0.,0.;                                          1659P   3269
126,4,2,0,0,0,0,0.,0.,0.,1.5707963267949,1.5707963267949,           1661P   3270
3.14159265358979,3.14159265358979,3.14159265358979,1.,              1661P   3271
0.707106781186548,1.,0.707106781186548,1.,1.50000004787145,         1661P   3272
1.77959183673469,0.,1.50000004787145,1.77959183673469,              1661P   3273
1.50000004787145,9.18485128673322D-17,1.77959183673469,             1661P   3274
1.50000004787145,-1.50000004787145,1.77959183673469,                1661P   3275
1.50000004787145,-1.50000004787145,1.77959183673469,                1661P   3276
1.83697025734664D-16,0.,3.14159265358979,0.,0.,0.;                  1661P   3277
126,4,2,0,0,0,0,3.14159265358979,3.14159265358979,                  1663P   3278
3.14159265358979,4.71238898038469,4.71238898038469,                 1663P   3279
6.28318530717959,6.28318530717959,6.28318530717959,1.,              1663P   3280
0.707106781186548,1.,0.707106781186548,1.,-1.50000004787145,        1663P   3281
1.77959183673469,1.83697025734664D-16,-1.50000004787145,            1663P   3282
1.77959183673469,-1.50000004787145,-2.75545538601997D-16,           1663P   3283
1.77959183673469,-1.50000004787145,1.50000004787145,                1663P   3284
1.77959183673469,-1.50000004787145,1.50000004787145,                1663P   3285
1.77959183673469,-3.67394051469329D-16,3.14159265358979,            1663P   3286
6.28318530717959,0.,0.,0.;                                          1663P   3287
126,1,1,0,0,1,0,-0.0166666666666667,-0.0166666666666667,            1665P   3288
0.0166666666666667,0.0166666666666667,1.,1.,-1.50000004787145,      1665P   3289
1.77959183673469,0.,-1.50000004787145,1.82959183833041,0.,          1665P   3290
-0.0166666666666667,0.0166666666666667,0.,0.,0.;                    1665P   3291
126,4,2,0,0,0,0,0.,0.,0.,1.5707963267949,1.5707963267949,           1667P   3292
3.14159265358979,3.14159265358979,3.14159265358979,1.,              1667P   3293
0.707106781186547,1.,0.707106781186548,1.,0.250000007978574,        1667P   3294
1.77959183673469,0.,0.250000007978574,1.77959183673469,             1667P   3295
0.250000007978574,1.53080854778887D-17,1.77959183673469,            1667P   3296
0.250000007978574,-0.250000007978574,1.77959183673469,              1667P   3297
0.250000007978574,-0.250000007978574,1.77959183673469,              1667P   3298
3.06161709557774D-17,0.,3.14159265358979,0.,0.,0.;                  1667P   3299
126,4,2,0,0,0,0,3.14159265358979,3.14159265358979,                  1669P   3300
3.14159265358979,4.71238898038469,4.71238898038469,                 1669P   3301
6.28318530717959,6.28318530717959,6.28318530717959,1.,              1669P   3302
0.707106781186548,1.,0.707106781186547,1.,-0.250000007978574,       1669P   3303
1.77959183673469,3.06161709557774D-17,-0.250000007978575,           1669P   3304
1.77959183673469,-0.250000007978574,-4.59242564336661D-17,          1669P   3305
1.77959183673469,-0.250000007978574,0.250000007978574,              1669P   3306
1.77959183673469,-0.250000007978575,0.250000007978574,              1669P   3307
1.77959183673469,-6.12323419115548D-17,3.14159265358979,            1669P   3308
6.28318530717959,0.,0.,0.;                                          1669P   3309
126,4,2,0,0,0,0,0.,0.,0.,1.5707963267949,1.5707963267949,           1671P   3310
3.14159265358979,3.14159265358979,3.14159265358979,1.,              1671P   3311
0.707106781186547,1.,0.707106781186548,1.,0.250000007978574,        1671P   3312
1.71836734853449,0.,0.250000007978574,1.71836734853449,             1671P   3313
0.250000007978574,1.53080854778887D-17,1.71836734853449,            1671P   3314
0.250000007978574,-0.250000007978574,1.71836734853449,              1671P   3315
0.250000007978574,-0.250000007978574,1.71836734853449,              1671P   3316
3.06161709557774D-17,0.,3.14159265358979,0.,0.,0.;                  1671P   3317
126,4,2,0,0,0,0,3.14159265358979,3.14159265358979,                  1673P   3318
3.14159265358979,4.71238898038469,4.71238898038469,                 1673P   3319
6.28318530717959,6.28318530717959,6.28318530717959,1.,              1673P   3320
0.707106781186548,1.,0.707106781186547,1.,-0.250000007978574,       1673P   3321
1.71836734853449,3.06161709557774D-17,-0.250000007978575,           1673P   3322
1.71836734853449,-0.250000007978574,-4.59242564336661D-17,          1673P   3323
1.71836734853449,-0.250000007978574,0.250000007978574,              1673P   3324
1.71836734853449,-0.250000007978575,0.250000007978574,              1673P   3325
1.71836734853449,-6.12323419115548D-17,3.14159265358979,            1673P   3326
6.28318530717959,0.,0.,0.;                                          1673P   3327
126,1,1,0,0,1,0,-0.122448972492533,-0.122448972492533,              1675P   3328
0.122448972492533,0.122448972492533,1.,1.,-0.250000007978574,       1675P   3329
1.71836734853449,0.,-0.250000007978574,1.77959183673469,0.,         1675P   3330
-0.122448972492533,0.122448972492533,0.,0.,0.;                      1675P   3331
126,4,2,0,0,0,0,0.,0.,0.,1.5707963267949,1.5707963267949,           1677P   3332
3.14159265358979,3.14159265358979,3.14159265358979,1.,              1677P   3333
0.707106781186548,1.,0.707106781186548,1.,1.50000004787145,         1677P   3334
1.71836734853449,0.,1.50000004787145,1.71836734853449,              1677P   3335
1.50000004787145,9.18485128673322D-17,1.71836734853449,             1677P   3336
1.50000004787145,-1.50000004787145,1.71836734853449,                1677P   3337
1.50000004787145,-1.50000004787145,1.71836734853449,                1677P   3338
1.83697025734664D-16,0.,3.14159265358979,0.,0.,0.;                  1677P   3339
126,4,2,0,0,0,0,3.14159265358979,3.14159265358979,                  1679P   3340
3.14159265358979,4.71238898038469,4.71238898038469,                 1679P   3341
6.28318530717959,6.28318530717959,6.28318530717959,1.,              1679P   3342
0.707106781186548,1.,0.707106781186548,1.,-1.50000004787145,        1679P   3343
1.71836734853449,1.83697025734664D-16,-1.50000004787145,            1679P   3344
1.71836734853449,-1.50000004787145,-2.75545538601997D-16,           1679P   3345
1.71836734853449,-1.50000004787145,1.50000004787145,                1679P   3346
1.71836734853449,-1.50000004787145,1.50000004787145,                1679P   3347
1.71836734853449,-3.67394051469329D-16,3.14159265358979,            1679P   3348
6.28318530717959,0.,0.,0.;                                          1679P   3349
126,4,2,0,0,0,0,0.,0.,0.,1.5707963267949,1.5707963267949,           1681P   3350
3.14159265358979,3.14159265358979,3.14159265358979,1.,              1681P   3351
0.707106781186548,1.,0.707106781186548,1.,1.50000004787145,         1681P   3352
1.66836734693878,0.,1.50000004787145,1.66836734693878,              1681P   3353
1.50000004787145,9.18485128673322D-17,1.66836734693878,             1681P   3354
1.50000004787145,-1.50000004787145,1.66836734693878,                1681P   3355
1.50000004787145,-1.50000004787145,1.66836734693878,                1681P   3356
1.83697025734664D-16,0.,3.14159265358979,0.,0.,0.;                  1681P   3357
126,4,2,0,0,0,0,3.14159265358979,3.14159265358979,                  1683P   3358
3.14159265358979,4.71238898038469,4.71238898038469,                 1683P   3359
6.28318530717959,6.28318530717959,6.28318530717959,1.,              1683P   3360
0.707106781186548,1.,0.707106781186548,1.,-1.50000004787145,        1683P   3361
1.66836734693878,1.83697025734664D-16,-1.50000004787145,            1683P   3362
1.66836734693878,-1.50000004787145,-2.75545538601997D-16,           1683P   3363
1.66836734693878,-1.50000004787145,1.50000004787145,                1683P   3364
1.66836734693878,-1.50000004787145,1.50000004787145,                1683P   3365
1.66836734693878,-3.67394051469329D-16,3.14159265358979,            1683P   3366
6.28318530717959,0.,0.,0.;                                          1683P   3367
126,1,1,0,0,1,0,-0.0166666666666667,-0.0166666666666667,            1685P   3368
0.0166666666666667,0.0166666666666667,1.,1.,-1.50000004787145,      1685P   3369
1.66836734693878,0.,-1.50000004787145,1.71836734853449,0.,          1685P   3370
-0.0166666666666667,0.0166666666666667,0.,0.,0.;                    1685P   3371
126,4,2,0,0,0,0,0.,0.,0.,1.5707963267949,1.5707963267949,           1687P   3372
3.14159265358979,3.14159265358979,3.14159265358979,1.,              1687P   3373
0.707106781186547,1.,0.707106781186548,1.,0.250000007978574,        1687P   3374
1.66836734693878,0.,0.250000007978574,1.66836734693878,             1687P   3375
0.250000007978574,1.53080854778887D-17,1.66836734693878,            1687P   3376
0.250000007978574,-0.250000007978574,1.66836734693878,              1687P   3377
0.250000007978574,-0.250000007978574,1.66836734693878,              1687P   3378
3.06161709557774D-17,0.,3.14159265358979,0.,0.,0.;                  1687P   3379
126,4,2,0,0,0,0,3.14159265358979,3.14159265358979,                  1689P   3380
3.14159265358979,4.71238898038469,4.71238898038469,                 1689P   3381
6.28318530717959,6.28318530717959,6.28318530717959,1.,              1689P   3382
0.707106781186548,1.,0.707106781186547,1.,-0.250000007978574,       1689P   3383
1.66836734693878,3.06161709557774D-17,-0.250000007978575,           1689P   3384
1.66836734693878,-0.250000007978574,-4.59242564336661D-17,          1689P   3385
1.66836734693878,-0.250000007978574,0.250000007978574,              1689P   3386
1.66836734693878,-0.250000007978575,0.250000007978574,              1689P   3387
1.66836734693878,-6.12323419115548D-17,3.14159265358979,            1689P   3388
6.28318530717959,0.,0.,0.;                                          1689P   3389
126,4,2,0,0,0,0,0.,0.,0.,1.5707963267949,1.5707963267949,           1691P   3390
3.14159265358979,3.14159265358979,3.14159265358979,1.,              1691P   3391
0.707106781186547,1.,0.707106781186548,1.,0.250000007978574,        1691P   3392
1.60714285873857,0.,0.250000007978574,1.60714285873857,             1691P   3393
0.250000007978574,1.53080854778887D-17,1.60714285873857,            1691P   3394
0.250000007978574,-0.250000007978574,1.60714285873857,              1691P   3395
0.250000007978574,-0.250000007978574,1.60714285873857,              1691P   3396
3.06161709557774D-17,0.,3.14159265358979,0.,0.,0.;                  1691P   3397
126,4,2,0,0,0,0,3.14159265358979,3.14159265358979,                  1693P   3398
3.14159265358979,4.71238898038469,4.71238898038469,                 1693P   3399
6.28318530717959,6.28318530717959,6.28318530717959,1.,              1693P   3400
0.707106781186548,1.,0.707106781186547,1.,-0.250000007978574,       1693P   3401
1.60714285873857,3.06161709557774D-17,-0.250000007978575,           1693P   3402
1.60714285873857,-0.250000007978574,-4.59242564336661D-17,          1693P   3403
1.60714285873857,-0.250000007978574,0.250000007978574,              1693P   3404
1.60714285873857,-0.250000007978575,0.250000007978574,              1693P   3405
1.60714285873857,-6.12323419115548D-17,3.14159265358979,            1693P   3406
6.28318530717959,0.,0.,0.;                                          1693P   3407
126,1,1,0,0,1,0,-0.122448972492535,-0.122448972492535,              1695P   3408
0.122448972492535,0.122448972492535,1.,1.,-0.250000007978574,       1695P   3409
1.60714285873857,0.,-0.250000007978574,1.66836734693878,0.,         1695P   3410
-0.122448972492535,0.122448972492535,0.,0.,0.;                      1695P   3411
126,4,2,0,0,0,0,0.,0.,0.,1.5707963267949,1.5707963267949,           1697P   3412
3.14159265358979,3.14159265358979,3.14159265358979,1.,              1697P   3413
0.707106781186548,1.,0.707106781186548,1.,1.50000004787145,         1697P   3414
1.60714285873857,0.,1.50000004787145,1.60714285873857,              1697P   3415
1.50000004787145,9.18485128673322D-17,1.60714285873857,             1697P   3416
1.50000004787145,-1.50000004787145,1.60714285873857,                1697P   3417
1.50000004787145,-1.50000004787145,1.60714285873857,                1697P   3418
1.83697025734664D-16,0.,3.14159265358979,0.,0.,0.;                  1697P   3419
126,4,2,0,0,0,0,3.14159265358979,3.14159265358979,                  1699P   3420
3.14159265358979,4.71238898038469,4.71238898038469,                 1699P   3421
6.28318530717959,6.28318530717959,6.28318530717959,1.,              1699P   3422
0.707106781186548,1.,0.707106781186548,1.,-1.50000004787145,        1699P   3423
1.60714285873857,1.83697025734664D-16,-1.50000004787145,            1699P   3424
1.60714285873857,-1.50000004787145,-2.75545538601997D-16,           1699P   3425
1.60714285873857,-1.50000004787145,1.50000004787145,                1699P   3426
1.60714285873857,-1.50000004787145,1.50000004787145,                1699P   3427
1.60714285873857,-3.67394051469329D-16,3.14159265358979,            1699P   3428
6.28318530717959,0.,0.,0.;                                          1699P   3429
126,4,2,0,0,0,0,0.,0.,0.,1.5707963267949,1.5707963267949,           1701P   3430
3.14159265358979,3.14159265358979,3.14159265358979,1.,              1701P   3431
0.707106781186548,1.,0.707106781186548,1.,1.50000004787145,         1701P   3432
1.55714285714286,0.,1.50000004787145,1.55714285714286,              1701P   3433
1.50000004787145,9.18485128673322D-17,1.55714285714286,             1701P   3434
1.50000004787145,-1.50000004787145,1.55714285714286,                1701P   3435
1.50000004787145,-1.50000004787145,1.55714285714286,                1701P   3436
1.83697025734664D-16,0.,3.14159265358979,0.,0.,0.;                  1701P   3437
126,4,2,0,0,0,0,3.14159265358979,3.14159265358979,                  1703P   3438
3.14159265358979,4.71238898038469,4.71238898038469,                 1703P   3439
6.28318530717959,6.28318530717959,6.28318530717959,1.,              1703P   3440
0.707106781186548,1.,0.707106781186548,1.,-1.50000004787145,        1703P   3441
1.55714285714286,1.83697025734664D-16,-1.50000004787145,            1703P   3442
1.55714285714286,-1.50000004787145,-2.75545538601997D-16,           1703P   3443
1.55714285714286,-1.50000004787145,1.50000004787145,                1703P   3444
1.55714285714286,-1.50000004787145,1.50000004787145,                1703P   3445
1.55714285714286,-3.67394051469329D-16,3.14159265358979,            1703P   3446
6.28318530717959,0.,0.,0.;                                          1703P   3447
126,1,1,0,0,1,0,-0.0166666666666667,-0.0166666666666667,            1705P   3448
0.0166666666666667,0.0166666666666667,1.,1.,-1.50000004787145,      1705P   3449
1.55714285714286,0.,-1.50000004787145,1.60714285873857,0.,          1705P   3450
-0.0166666666666667,0.0166666666666667,0.,0.,0.;                    1705P   3451
126,4,2,0,0,0,0,0.,0.,0.,1.5707963267949,1.5707963267949,           1707P   3452
3.14159265358979,3.14159265358979,3.14159265358979,1.,              1707P   3453
0.707106781186547,1.,0.707106781186548,1.,0.250000007978574,        1707P   3454
1.55714285714286,0.,0.250000007978574,1.55714285714286,             1707P   3455
0.250000007978574,1.53080854778887D-17,1.55714285714286,            1707P   3456
0.250000007978574,-0.250000007978574,1.55714285714286,              1707P   3457
0.250000007978574,-0.250000007978574,1.55714285714286,              1707P   3458
3.06161709557774D-17,0.,3.14159265358979,0.,0.,0.;                  1707P   3459
126,4,2,0,0,0,0,3.14159265358979,3.14159265358979,                  1709P   3460
3.14159265358979,4.71238898038469,4.71238898038469,                 1709P   3461
6.28318530717959,6.28318530717959,6.28318530717959,1.,              1709P   3462
0.707106781186548,1.,0.707106781186547,1.,-0.250000007978574,       1709P   3463
1.55714285714286,3.06161709557774D-17,-0.250000007978575,           1709P   3464
1.55714285714286,-0.250000007978574,-4.59242564336661D-17,          1709P   3465
1.55714285714286,-0.250000007978574,0.250000007978574,              1709P   3466
1.55714285714286,-0.250000007978575,0.250000007978574,              1709P   3467
1.55714285714286,-6.12323419115548D-17,3.14159265358979,            1709P   3468
6.28318530717959,0.,0.,0.;                                          1709P   3469
126,4,2,0,0,0,0,0.,0.,0.,1.5707963267949,1.5707963267949,           1711P   3470
3.14159265358979,3.14159265358979,3.14159265358979,1.,              1711P   3471
0.707106781186547,1.,0.707106781186548,1.,0.250000007978574,        1711P   3472
1.49591836894265,0.,0.250000007978574,1.49591836894265,             1711P   3473
0.250000007978574,1.53080854778887D-17,1.49591836894265,            1711P   3474
0.250000007978574,-0.250000007978574,1.49591836894265,              1711P   3475
0.250000007978574,-0.250000007978574,1.49591836894265,              1711P   3476
3.06161709557774D-17,0.,3.14159265358979,0.,0.,0.;                  1711P   3477
126,4,2,0,0,0,0,3.14159265358979,3.14159265358979,                  1713P   3478
3.14159265358979,4.71238898038469,4.71238898038469,                 1713P   3479
6.28318530717959,6.28318530717959,6.28318530717959,1.,              1713P   3480
0.707106781186548,1.,0.707106781186547,1.,-0.250000007978574,       1713P   3481
1.49591836894265,3.06161709557774D-17,-0.250000007978575,           1713P   3482
1.49591836894265,-0.250000007978574,-4.59242564336661D-17,          1713P   3483
1.49591836894265,-0.250000007978574,0.250000007978574,              1713P   3484
1.49591836894265,-0.250000007978575,0.250000007978574,              1713P   3485
1.49591836894265,-6.12323419115548D-17,3.14159265358979,            1713P   3486
6.28318530717959,0.,0.,0.;                                          1713P   3487
126,1,1,0,0,1,0,-0.122448972492533,-0.122448972492533,              1715P   3488
0.122448972492533,0.122448972492533,1.,1.,-0.250000007978574,       1715P   3489
1.49591836894265,0.,-0.250000007978574,1.55714285714286,0.,         1715P   3490
-0.122448972492533,0.122448972492533,0.,0.,0.;                      1715P   3491
126,4,2,0,0,0,0,0.,0.,0.,1.5707963267949,1.5707963267949,           1717P   3492
3.14159265358979,3.14159265358979,3.14159265358979,1.,              1717P   3493
0.707106781186548,1.,0.707106781186548,1.,1.50000004787145,         1717P   3494
1.49591836894265,0.,1.50000004787145,1.49591836894265,              1717P   3495
1.50000004787145,9.18485128673322D-17,1.49591836894265,             1717P   3496
1.50000004787145,-1.50000004787145,1.49591836894265,                1717P   3497
1.50000004787145,-1.50000004787145,1.49591836894265,                1717P   3498
1.83697025734664D-16,0.,3.14159265358979,0.,0.,0.;                  1717P   3499
126,4,2,0,0,0,0,3.14159265358979,3.14159265358979,                  1719P   3500
3.14159265358979,4.71238898038469,4.71238898038469,                 1719P   3501
6.28318530717959,6.28318530717959,6.28318530717959,1.,              1719P   3502
0.707106781186548,1.,0.707106781186548,1.,-1.50000004787145,        1719P   3503
1.49591836894265,1.83697025734664D-16,-1.50000004787145,            1719P   3504
1.49591836894265,-1.50000004787145,-2.75545538601997D-16,           1719P   3505
1.49591836894265,-1.50000004787145,1.50000004787145,                1719P   3506
1.49591836894265,-1.50000004787145,1.50000004787145,                1719P   3507
1.49591836894265,-3.67394051469329D-16,3.14159265358979,            1719P   3508
6.28318530717959,0.,0.,0.;                                          1719P   3509
126,4,2,0,0,0,0,0.,0.,0.,1.5707963267949,1.5707963267949,           1721P   3510
3.14159265358979,3.14159265358979,3.14159265358979,1.,              1721P   3511
0.707106781186548,1.,0.707106781186548,1.,1.50000004787145,         1721P   3512
1.44591836734694,0.,1.50000004787145,1.44591836734694,              1721P   3513
1.50000004787145,9.18485128673322D-17,1.44591836734694,             1721P   3514
1.50000004787145,-1.50000004787145,1.44591836734694,                1721P   3515
1.50000004787145,-1.50000004787145,1.44591836734694,                1721P   3516
1.83697025734664D-16,0.,3.14159265358979,0.,0.,0.;                  1721P   3517
126,4,2,0,0,0,0,3.14159265358979,3.14159265358979,                  1723P   3518
3.14159265358979,4.71238898038469,4.71238898038469,                 1723P   3519
6.28318530717959,6.28318530717959,6.28318530717959,1.,              1723P   3520
0.707106781186548,1.,0.707106781186548,1.,-1.50000004787145,        1723P   3521
1.44591836734694,1.83697025734664D-16,-1.50000004787145,            1723P   3522
1.44591836734694,-1.50000004787145,-2.75545538601997D-16,           1723P   3523
1.44591836734694,-1.50000004787145,1.50000004787145,                1723P   3524
1.44591836734694,-1.50000004787145,1.50000004787145,                1723P   3525
1.44591836734694,-3.67394051469329D-16,3.14159265358979,            1723P   3526
6.28318530717959,0.,0.,0.;                                          1723P   3527
126,1,1,0,0,1,0,-0.0166666666666667,-0.0166666666666667,            1725P   3528
0.0166666666666667,0.0166666666666667,1.,1.,-1.50000004787145,      1725P   3529
1.44591836734694,0.,-1.50000004787145,1.49591836894265,0.,          1725P   3530
-0.0166666666666667,0.0166666666666667,0.,0.,0.;                    1725P   3531
126,4,2,0,0,0,0,0.,0.,0.,1.5707963267949,1.5707963267949,           1727P   3532
3.14159265358979,3.14159265358979,3.14159265358979,1.,              1727P   3533
0.707106781186547,1.,0.707106781186548,1.,0.250000007978574,        1727P   3534
1.44591836734694,0.,0.250000007978574,1.44591836734694,             1727P   3535
0.250000007978574,1.53080854778887D-17,1.44591836734694,            1727P   3536
0.250000007978574,-0.250000007978574,1.44591836734694,              1727P   3537
0.250000007978574,-0.250000007978574,1.44591836734694,              1727P   3538
3.06161709557774D-17,0.,3.14159265358979,0.,0.,0.;                  1727P   3539
126,4,2,0,0,0,0,3.14159265358979,3.14159265358979,                  1729P   3540
3.14159265358979,4.71238898038469,4.71238898038469,                 1729P   3541
6.28318530717959,6.28318530717959,6.28318530717959,1.,              1729P   3542
0.707106781186548,1.,0.707106781186547,1.,-0.250000007978574,       1729P   3543
1.44591836734694,3.06161709557774D-17,-0.250000007978575,           1729P   3544
1.44591836734694,-0.250000007978574,-4.59242564336661D-17,          1729P   3545
1.44591836734694,-0.250000007978574,0.250000007978574,              1729P   3546
1.44591836734694,-0.250000007978575,0.250000007978574,              1729P   3547
1.44591836734694,-6.12323419115548D-17,3.14159265358979,            1729P   3548
6.28318530717959,0.,0.,0.;                                          1729P   3549
126,4,2,0,0,0,0,0.,0.,0.,1.5707963267949,1.5707963267949,           1731P   3550
3.14159265358979,3.14159265358979,3.14159265358979,1.,              1731P   3551
0.707106781186547,1.,0.707106781186548,1.,0.250000007978574,        1731P   3552
1.38469387914673,0.,0.250000007978574,1.38469387914673,             1731P   3553
0.250000007978574,1.53080854778887D-17,1.38469387914673,            1731P   3554
0.250000007978574,-0.250000007978574,1.38469387914673,              1731P   3555
0.250000007978574,-0.250000007978574,1.38469387914673,              1731P   3556
3.06161709557774D-17,0.,3.14159265358979,0.,0.,0.;                  1731P   3557
126,4,2,0,0,0,0,3.14159265358979,3.14159265358979,                  1733P   3558
3.14159265358979,4.71238898038469,4.71238898038469,                 1733P   3559
6.28318530717959,6.28318530717959,6.28318530717959,1.,              1733P   3560
0.707106781186548,1.,0.707106781186547,1.,-0.250000007978574,       1733P   3561
1.38469387914673,3.06161709557774D-17,-0.250000007978575,           1733P   3562
1.38469387914673,-0.250000007978574,-4.59242564336661D-17,          1733P   3563
1.38469387914673,-0.250000007978574,0.250000007978574,              1733P   3564
1.38469387914673,-0.250000007978575,0.250000007978574,              1733P   3565
1.38469387914673,-6.12323419115548D-17,3.14159265358979,            1733P   3566
6.28318530717959,0.,0.,0.;                                          1733P   3567
126,1,1,0,0,1,0,-0.122448972492535,-0.122448972492535,              1735P   3568
0.122448972492535,0.122448972492535,1.,1.,-0.250000007978574,       1735P   3569
1.38469387914673,0.,-0.250000007978574,1.44591836734694,0.,         1735P   3570
-0.122448972492535,0.122448972492535,0.,0.,0.;                      1735P   3571
126,4,2,0,0,0,0,0.,0.,0.,1.5707963267949,1.5707963267949,           1737P   3572
3.14159265358979,3.14159265358979,3.14159265358979,1.,              1737P   3573
0.707106781186548,1.,0.707106781186548,1.,1.50000004787145,         1737P   3574
1.38469387914674,0.,1.50000004787145,1.38469387914674,              1737P   3575
1.50000004787145,9.18485128673322D-17,1.38469387914674,             1737P   3576
1.50000004787145,-1.50000004787145,1.38469387914674,                1737P   3577
1.50000004787145,-1.50000004787145,1.38469387914674,                1737P   3578
1.83697025734664D-16,0.,3.14159265358979,0.,0.,0.;                  1737P   3579
126,4,2,0,0,0,0,3.14159265358979,3.14159265358979,                  1739P   3580
3.14159265358979,4.71238898038469,4.71238898038469,                 1739P   3581
6.28318530717959,6.28318530717959,6.28318530717959,1.,              1739P   3582
0.707106781186548,1.,0.707106781186548,1.,-1.50000004787145,        1739P   3583
1.38469387914674,1.83697025734664D-16,-1.50000004787145,            1739P   3584
1.38469387914674,-1.50000004787145,-2.75545538601997D-16,           1739P   3585
1.38469387914674,-1.50000004787145,1.50000004787145,                1739P   3586
1.38469387914674,-1.50000004787145,1.50000004787145,                1739P   3587
1.38469387914674,-3.67394051469329D-16,3.14159265358979,            1739P   3588
6.28318530717959,0.,0.,0.;                                          1739P   3589
126,4,2,0,0,0,0,0.,0.,0.,1.5707963267949,1.5707963267949,           1741P   3590
3.14159265358979,3.14159265358979,3.14159265358979,1.,              1741P   3591
0.707106781186548,1.,0.707106781186548,1.,1.50000004787145,         1741P   3592
1.33469387755102,0.,1.50000004787145,1.33469387755102,              1741P   3593
1.50000004787145,9.18485128673322D-17,1.33469387755102,             1741P   3594
1.50000004787145,-1.50000004787145,1.33469387755102,                1741P   3595
1.50000004787145,-1.50000004787145,1.33469387755102,                1741P   3596
1.83697025734664D-16,0.,3.14159265358979,0.,0.,0.;                  1741P   3597
126,4,2,0,0,0,0,3.14159265358979,3.14159265358979,                  1743P   3598
3.14159265358979,4.71238898038469,4.71238898038469,                 1743P   3599
6.28318530717959,6.28318530717959,6.28318530717959,1.,              1743P   3600
0.707106781186548,1.,0.707106781186548,1.,-1.50000004787145,        1743P   3601
1.33469387755102,1.83697025734664D-16,-1.50000004787145,            1743P   3602
1.33469387755102,-1.50000004787145,-2.75545538601997D-16,           1743P   3603
1.33469387755102,-1.50000004787145,1.50000004787145,                1743P   3604
1.33469387755102,-1.50000004787145,1.50000004787145,                1743P   3605
1.33469387755102,-3.67394051469329D-16,3.14159265358979,            1743P   3606
6.28318530717959,0.,0.,0.;                                          1743P   3607
126,1,1,0,0,1,0,-0.0166666666666667,-0.0166666666666667,            1745P   3608
0.0166666666666667,0.0166666666666667,1.,1.,-1.50000004787145,      1745P   3609
1.33469387755102,0.,-1.50000004787145,1.38469387914674,0.,          1745P   3610
-0.0166666666666667,0.0166666666666667,0.,0.,0.;                    1745P   3611
126,4,2,0,0,0,0,0.,0.,0.,1.5707963267949,1.5707963267949,           1747P   3612
3.14159265358979,3.14159265358979,3.14159265358979,1.,              1747P   3613
0.707106781186547,1.,0.707106781186548,1.,0.250000007978574,        1747P   3614
1.33469387755102,0.,0.250000007978574,1.33469387755102,             1747P   3615
0.250000007978574,1.53080854778887D-17,1.33469387755102,            1747P   3616
0.250000007978574,-0.250000007978574,1.33469387755102,              1747P   3617
0.250000007978574,-0.250000007978574,1.33469387755102,              1747P   3618
3.06161709557774D-17,0.,3.14159265358979,0.,0.,0.;                  1747P   3619
126,4,2,0,0,0,0,3.14159265358979,3.14159265358979,                  1749P   3620
3.14159265358979,4.71238898038469,4.71238898038469,                 1749P   3621
6.28318530717959,6.28318530717959,6.28318530717959,1.,              1749P   3622
0.707106781186548,1.,0.707106781186547,1.,-0.250000007978574,       1749P   3623
1.33469387755102,3.06161709557774D-17,-0.250000007978575,           1749P   3624
1.33469387755102,-0.250000007978574,-4.59242564336661D-17,          1749P   3625
1.33469387755102,-0.250000007978574,0.250000007978574,              1749P   3626
1.33469387755102,-0.250000007978575,0.250000007978574,              1749P   3627
1.33469387755102,-6.12323419115548D-17,3.14159265358979,            1749P   3628
6.28318530717959,0.,0.,0.;                                          1749P   3629
126,4,2,0,0,0,0,0.,0.,0.,1.5707963267949,1.5707963267949,           1751P   3630
3.14159265358979,3.14159265358979,3.14159265358979,1.,              1751P   3631
0.707106781186547,1.,0.707106781186548,1.,0.250000007978574,        1751P   3632
1.27346938935082,0.,0.250000007978574,1.27346938935082,             1751P   3633
0.250000007978574,1.53080854778887D-17,1.27346938935082,            1751P   3634
0.250000007978574,-0.250000007978574,1.27346938935082,              1751P   3635
0.250000007978574,-0.250000007978574,1.27346938935082,              1751P   3636
3.06161709557774D-17,0.,3.14159265358979,0.,0.,0.;                  1751P   3637
126,4,2,0,0,0,0,3.14159265358979,3.14159265358979,                  1753P   3638
3.14159265358979,4.71238898038469,4.71238898038469,                 1753P   3639
6.28318530717959,6.28318530717959,6.28318530717959,1.,              1753P   3640
0.707106781186548,1.,0.707106781186547,1.,-0.250000007978574,       1753P   3641
1.27346938935082,3.06161709557774D-17,-0.250000007978575,           1753P   3642
1.27346938935082,-0.250000007978574,-4.59242564336661D-17,          1753P   3643
1.27346938935082,-0.250000007978574,0.250000007978574,              1753P   3644
1.27346938935082,-0.250000007978575,0.250000007978574,              1753P   3645
1.27346938935082,-6.12323419115548D-17,3.14159265358979,            1753P   3646
6.28318530717959,0.,0.,0.;                                          1753P   3647
126,1,1,0,0,1,0,-0.122448972492533,-0.122448972492533,              1755P   3648
0.122448972492533,0.122448972492533,1.,1.,-0.250000007978574,       1755P   3649
1.27346938935082,0.,-0.250000007978574,1.33469387755102,0.,         1755P   3650
-0.122448972492533,0.122448972492533,0.,0.,0.;                      1755P   3651
126,4,2,0,0,0,0,0.,0.,0.,1.5707963267949,1.5707963267949,           1757P   3652
3.14159265358979,3.14159265358979,3.14159265358979,1.,              1757P   3653
0.707106781186548,1.,0.707106781186548,1.,1.50000004787145,         1757P   3654
1.27346938935082,0.,1.50000004787145,1.27346938935082,              1757P   3655
1.50000004787145,9.18485128673322D-17,1.27346938935082,             1757P   3656
1.50000004787145,-1.50000004787145,1.27346938935082,                1757P   3657
1.50000004787145,-1.50000004787145,1.27346938935082,                1757P   3658
1.83697025734664D-16,0.,3.14159265358979,0.,0.,0.;                  1757P   3659
126,4,2,0,0,0,0,3.14159265358979,3.14159265358979,                  1759P   3660
3.14159265358979,4.71238898038469,4.71238898038469,                 1759P   3661
6.28318530717959,6.28318530717959,6.28318530717959,1.,              1759P   3662
0.707106781186548,1.,0.707106781186548,1.,-1.50000004787145,        1759P   3663
1.27346938935082,1.83697025734664D-16,-1.50000004787145,            1759P   3664
1.27346938935082,-1.50000004787145,-2.75545538601997D-16,           1759P   3665
1.27346938935082,-1.50000004787145,1.50000004787145,                1759P   3666
1.27346938935082,-1.50000004787145,1.50000004787145,                1759P   3667
1.27346938935082,-3.67394051469329D-16,3.14159265358979,            1759P   3668
6.28318530717959,0.,0.,0.;                                          1759P   3669
126,4,2,0,0,0,0,0.,0.,0.,1.5707963267949,1.5707963267949,           1761P   3670
3.14159265358979,3.14159265358979,3.14159265358979,1.,              1761P   3671
0.707106781186548,1.,0.707106781186548,1.,1.50000004787145,         1761P   3672
1.2234693877551,0.,1.50000004787145,1.2234693877551,                1761P   3673
1.50000004787145,9.18485128673322D-17,1.2234693877551,              1761P   3674
1.50000004787145,-1.50000004787145,1.2234693877551,                 1761P   3675
1.50000004787145,-1.50000004787145,1.2234693877551,                 1761P   3676
1.83697025734664D-16,0.,3.14159265358979,0.,0.,0.;                  1761P   3677
126,4,2,0,0,0,0,3.14159265358979,3.14159265358979,                  1763P   3678
3.14159265358979,4.71238898038469,4.71238898038469,                 1763P   3679
6.28318530717959,6.28318530717959,6.28318530717959,1.,              1763P   3680
0.707106781186548,1.,0.707106781186548,1.,-1.50000004787145,        1763P   3681
1.2234693877551,1.83697025734664D-16,-1.50000004787145,             1763P   3682
1.2234693877551,-1.50000004787145,-2.75545538601997D-16,            1763P   3683
1.2234693877551,-1.50000004787145,1.50000004787145,                 1763P   3684
1.2234693877551,-1.50000004787145,1.50000004787145,                 1763P   3685
1.2234693877551,-3.67394051469329D-16,3.14159265358979,             1763P   3686
6.28318530717959,0.,0.,0.;                                          1763P   3687
126,1,1,0,0,1,0,-0.0166666666666667,-0.0166666666666667,            1765P   3688
0.0166666666666667,0.0166666666666667,1.,1.,-1.50000004787145,      1765P   3689
1.2234693877551,0.,-1.50000004787145,1.27346938935082,0.,           1765P   3690
-0.0166666666666667,0.0166666666666667,0.,0.,0.;                    1765P   3691
126,4,2,0,0,0,0,0.,0.,0.,1.5707963267949,1.5707963267949,           1767P   3692
3.14159265358979,3.14159265358979,3.14159265358979,1.,              1767P   3693
0.707106781186547,1.,0.707106781186548,1.,0.250000007978574,        1767P   3694
1.2234693877551,0.,0.250000007978574,1.2234693877551,               1767P   3695
0.250000007978574,1.53080854778887D-17,1.2234693877551,             1767P   3696
0.250000007978574,-0.250000007978574,1.2234693877551,               1767P   3697
0.250000007978574,-0.250000007978574,1.2234693877551,               1767P   3698
3.06161709557774D-17,0.,3.14159265358979,0.,0.,0.;                  1767P   3699
126,4,2,0,0,0,0,3.14159265358979,3.14159265358979,                  1769P   3700
3.14159265358979,4.71238898038469,4.71238898038469,                 1769P   3701
6.28318530717959,6.28318530717959,6.28318530717959,1.,              1769P   3702
0.707106781186548,1.,0.707106781186547,1.,-0.250000007978574,       1769P   3703
1.2234693877551,3.06161709557774D-17,-0.250000007978575,            1769P   3704
1.2234693877551,-0.250000007978574,-4.59242564336661D-17,           1769P   3705
1.2234693877551,-0.250000007978574,0.250000007978574,               1769P   3706
1.2234693877551,-0.250000007978575,0.250000007978574,               1769P   3707
1.2234693877551,-6.12323419115548D-17,3.14159265358979,             1769P   3708
6.28318530717959,0.,0.,0.;                                          1769P   3709
126,4,2,0,0,0,0,0.,0.,0.,1.5707963267949,1.5707963267949,           1771P   3710
3.14159265358979,3.14159265358979,3.14159265358979,1.,              1771P   3711
0.707106781186547,1.,0.707106781186548,1.,0.250000007978574,        1771P   3712
1.1622448995549,0.,0.250000007978574,1.1622448995549,               1771P   3713
0.250000007978574,1.53080854778887D-17,1.1622448995549,             1771P   3714
0.250000007978574,-0.250000007978574,1.1622448995549,               1771P   3715
0.250000007978574,-0.250000007978574,1.1622448995549,               1771P   3716
3.06161709557774D-17,0.,3.14159265358979,0.,0.,0.;                  1771P   3717
126,4,2,0,0,0,0,3.14159265358979,3.14159265358979,                  1773P   3718
3.14159265358979,4.71238898038469,4.71238898038469,                 1773P   3719
6.28318530717959,6.28318530717959,6.28318530717959,1.,              1773P   3720
0.707106781186548,1.,0.707106781186547,1.,-0.250000007978574,       1773P   3721
1.1622448995549,3.06161709557774D-17,-0.250000007978575,            1773P   3722
1.1622448995549,-0.250000007978574,-4.59242564336661D-17,           1773P   3723
1.1622448995549,-0.250000007978574,0.250000007978574,               1773P   3724
1.1622448995549,-0.250000007978575,0.250000007978574,               1773P   3725
1.1622448995549,-6.12323419115548D-17,3.14159265358979,             1773P   3726
6.28318530717959,0.,0.,0.;                                          1773P   3727
126,1,1,0,0,1,0,-0.122448972492533,-0.122448972492533,              1775P   3728
0.122448972492533,0.122448972492533,1.,1.,-0.250000007978574,       1775P   3729
1.1622448995549,0.,-0.250000007978574,1.2234693877551,0.,           1775P   3730
-0.122448972492533,0.122448972492533,0.,0.,0.;                      1775P   3731
126,4,2,0,0,0,0,0.,0.,0.,1.5707963267949,1.5707963267949,           1777P   3732
3.14159265358979,3.14159265358979,3.14159265358979,1.,              1777P   3733
0.707106781186548,1.,0.707106781186548,1.,1.50000004787145,         1777P   3734
1.1622448995549,0.,1.50000004787145,1.1622448995549,                1777P   3735
1.50000004787145,9.18485128673322D-17,1.1622448995549,              1777P   3736
1.50000004787145,-1.50000004787145,1.1622448995549,                 1777P   3737
1.50000004787145,-1.50000004787145,1.1622448995549,                 1777P   3738
1.83697025734664D-16,0.,3.14159265358979,0.,0.,0.;                  1777P   3739
126,4,2,0,0,0,0,3.14159265358979,3.14159265358979,                  1779P   3740
3.14159265358979,4.71238898038469,4.71238898038469,                 1779P   3741
6.28318530717959,6.28318530717959,6.28318530717959,1.,              1779P   3742
0.707106781186548,1.,0.707106781186548,1.,-1.50000004787145,        1779P   3743
1.1622448995549,1.83697025734664D-16,-1.50000004787145,             1779P   3744
1.1622448995549,-1.50000004787145,-2.75545538601997D-16,            1779P   3745
1.1622448995549,-1.50000004787145,1.50000004787145,                 1779P   3746
1.1622448995549,-1.50000004787145,1.50000004787145,                 1779P   3747
1.1622448995549,-3.67394051469329D-16,3.14159265358979,             1779P   3748
6.28318530717959,0.,0.,0.;                                          1779P   3749
126,4,2,0,0,0,0,0.,0.,0.,1.5707963267949,1.5707963267949,           1781P   3750
3.14159265358979,3.14159265358979,3.14159265358979,1.,              1781P   3751
0.707106781186548,1.,0.707106781186548,1.,1.50000004787145,         1781P   3752
1.11224489795918,0.,1.50000004787145,1.11224489795918,              1781P   3753
1.50000004787145,9.18485128673322D-17,1.11224489795918,             1781P   3754
1.50000004787145,-1.50000004787145,1.11224489795918,                1781P   3755
1.50000004787145,-1.50000004787145,1.11224489795918,                1781P   3756
1.83697025734664D-16,0.,3.14159265358979,0.,0.,0.;                  1781P   3757
126,4,2,0,0,0,0,3.14159265358979,3.14159265358979,                  1783P   3758
3.14159265358979,4.71238898038469,4.71238898038469,                 1783P   3759
6.28318530717959,6.28318530717959,6.28318530717959,1.,              1783P   3760
0.707106781186548,1.,0.707106781186548,1.,-1.50000004787145,        1783P   3761
1.11224489795918,1.83697025734664D-16,-1.50000004787145,            1783P   3762
1.11224489795918,-1.50000004787145,-2.75545538601997D-16,           1783P   3763
1.11224489795918,-1.50000004787145,1.50000004787145,                1783P   3764
1.11224489795918,-1.50000004787145,1.50000004787145,                1783P   3765
1.11224489795918,-3.67394051469329D-16,3.14159265358979,            1783P   3766
6.28318530717959,0.,0.,0.;                                          1783P   3767
126,1,1,0,0,1,0,-0.0166666666666667,-0.0166666666666667,            1785P   3768
0.0166666666666667,0.0166666666666667,1.,1.,-1.50000004787145,      1785P   3769
1.11224489795918,0.,-1.50000004787145,1.1622448995549,0.,           1785P   3770
-0.0166666666666667,0.0166666666666667,0.,0.,0.;                    1785P   3771
126,4,2,0,0,0,0,0.,0.,0.,1.5707963267949,1.5707963267949,           1787P   3772
3.14159265358979,3.14159265358979,3.14159265358979,1.,              1787P   3773
0.707106781186547,1.,0.707106781186548,1.,0.250000007978574,        1787P   3774
1.11224489795918,0.,0.250000007978574,1.11224489795918,             1787P   3775
0.250000007978574,1.53080854778887D-17,1.11224489795918,            1787P   3776
0.250000007978574,-0.250000007978574,1.11224489795918,              1787P   3777
0.250000007978574,-0.250000007978574,1.11224489795918,              1787P   3778
3.06161709557774D-17,0.,3.14159265358979,0.,0.,0.;                  1787P   3779
126,4,2,0,0,0,0,3.14159265358979,3.14159265358979,                  1789P   3780
3.14159265358979,4.71238898038469,4.71238898038469,                 1789P   3781
6.28318530717959,6.28318530717959,6.28318530717959,1.,              1789P   3782
0.707106781186548,1.,0.707106781186547,1.,-0.250000007978574,       1789P   3783
1.11224489795918,3.06161709557774D-17,-0.250000007978575,           1789P   3784
1.11224489795918,-0.250000007978574,-4.59242564336661D-17,          1789P   3785
1.11224489795918,-0.250000007978574,0.250000007978574,              1789P   3786
1.11224489795918,-0.250000007978575,0.250000007978574,              1789P   3787
1.11224489795918,-6.12323419115548D-17,3.14159265358979,            1789P   3788
6.28318530717959,0.,0.,0.;                                          1789P   3789
126,4,2,0,0,0,0,0.,0.,0.,1.5707963267949,1.5707963267949,           1791P   3790
3.14159265358979,3.14159265358979,3.14159265358979,1.,              1791P   3791
0.707106781186547,1.,0.707106781186548,1.,0.250000007978574,        1791P   3792
1.05102040975898,0.,0.250000007978574,1.05102040975898,             1791P   3793
0.250000007978574,1.53080854778887D-17,1.05102040975898,            1791P   3794
0.250000007978574,-0.250000007978574,1.05102040975898,              1791P   3795
0.250000007978574,-0.250000007978574,1.05102040975898,              1791P   3796
3.06161709557774D-17,0.,3.14159265358979,0.,0.,0.;                  1791P   3797
126,4,2,0,0,0,0,3.14159265358979,3.14159265358979,                  1793P   3798
3.14159265358979,4.71238898038469,4.71238898038469,                 1793P   3799
6.28318530717959,6.28318530717959,6.28318530717959,1.,              1793P   3800
0.707106781186548,1.,0.707106781186547,1.,-0.250000007978574,       1793P   3801
1.05102040975898,3.06161709557774D-17,-0.250000007978575,           1793P   3802
1.05102040975898,-0.250000007978574,-4.59242564336661D-17,          1793P   3803
1.05102040975898,-0.250000007978574,0.250000007978574,              1793P   3804
1.05102040975898,-0.250000007978575,0.250000007978574,              1793P   3805
1.05102040975898,-6.12323419115548D-17,3.14159265358979,            1793P   3806
6.28318530717959,0.,0.,0.;                                          1793P   3807
126,1,1,0,0,1,0,-0.122448972492535,-0.122448972492535,              1795P   3808
0.122448972492535,0.122448972492535,1.,1.,-0.250000007978574,       1795P   3809
1.05102040975898,0.,-0.250000007978574,1.11224489795918,0.,         1795P   3810
-0.122448972492535,0.122448972492535,0.,0.,0.;                      1795P   3811
126,4,2,0,0,0,0,0.,0.,0.,1.5707963267949,1.5707963267949,           1797P   3812
3.14159265358979,3.14159265358979,3.14159265358979,1.,              1797P   3813
0.707106781186548,1.,0.707106781186548,1.,1.50000004787145,         1797P   3814
1.05102040975898,0.,1.50000004787145,1.05102040975898,              1797P   3815
1.50000004787145,9.18485128673322D-17,1.05102040975898,             1797P   3816
1.50000004787145,-1.50000004787145,1.05102040975898,                1797P   3817
1.50000004787145,-1.50000004787145,1.05102040975898,                1797P   3818
1.83697025734664D-16,0.,3.14159265358979,0.,0.,0.;                  1797P   3819
126,4,2,0,0,0,0,3.14159265358979,3.14159265358979,                  1799P   3820
3.14159265358979,4.71238898038469,4.71238898038469,                 1799P   3821
6.28318530717959,6.28318530717959,6.28318530717959,1.,              1799P   3822
0.707106781186548,1.,0.707106781186548,1.,-1.50000004787145,        1799P   3823
1.05102040975898,1.83697025734664D-16,-1.50000004787145,            1799P   3824
1.05102040975898,-1.50000004787145,-2.75545538601997D-16,           1799P   3825
1.05102040975898,-1.50000004787145,1.50000004787145,                1799P   3826
1.05102040975898,-1.50000004787145,1.50000004787145,                1799P   3827
1.05102040975898,-3.67394051469329D-16,3.14159265358979,            1799P   3828
6.28318530717959,0.,0.,0.;                                          1799P   3829
126,4,2,0,0,0,0,0.,0.,0.,1.5707963267949,1.5707963267949,           1801P   3830
3.14159265358979,3.14159265358979,3.14159265358979,1.,              1801P   3831
0.707106781186548,1.,0.707106781186548,1.,1.50000004787145,         1801P   3832
1.00102040816327,0.,1.50000004787145,1.00102040816327,              1801P   3833
1.50000004787145,9.18485128673322D-17,1.00102040816327,             1801P   3834
1.50000004787145,-1.50000004787145,1.00102040816327,                1801P   3835
1.50000004787145,-1.50000004787145,1.00102040816327,                1801P   3836
1.83697025734664D-16,0.,3.14159265358979,0.,0.,0.;                  1801P   3837
126,4,2,0,0,0,0,3.14159265358979,3.14159265358979,                  1803P   3838
3.14159265358979,4.71238898038469,4.71238898038469,                 1803P   3839
6.28318530717959,6.28318530717959,6.28318530717959,1.,              1803P   3840
0.707106781186548,1.,0.707106781186548,1.,-1.50000004787145,        1803P   3841
1.00102040816327,1.83697025734664D-16,-1.50000004787145,            1803P   3842
1.00102040816327,-1.50000004787145,-2.75545538601997D-16,           1803P   3843
1.00102040816327,-1.50000004787145,1.50000004787145,                1803P   3844
1.00102040816327,-1.50000004787145,1.50000004787145,                1803P   3845
1.00102040816327,-3.67394051469329D-16,3.14159265358979,            1803P   3846
6.28318530717959,0.,0.,0.;                                          1803P   3847
126,1,1,0,0,1,0,-0.0166666666666667,-0.0166666666666667,            1805P   3848
0.0166666666666667,0.0166666666666667,1.,1.,-1.50000004787145,      1805P   3849
1.00102040816327,0.,-1.50000004787145,1.05102040975898,0.,          1805P   3850
-0.0166666666666667,0.0166666666666667,0.,0.,0.;                    1805P   3851
126,4,2,0,0,0,0,0.,0.,0.,1.5707963267949,1.5707963267949,           1807P   3852
3.14159265358979,3.14159265358979,3.14159265358979,1.,              1807P   3853
0.707106781186547,1.,0.707106781186548,1.,0.250000007978574,        1807P   3854
1.00102040816327,0.,0.250000007978574,1.00102040816327,             1807P   3855
0.250000007978574,1.53080854778887D-17,1.00102040816327,            1807P   3856
0.250000007978574,-0.250000007978574,1.00102040816327,              1807P   3857
0.250000007978574,-0.250000007978574,1.00102040816327,              1807P   3858
3.06161709557774D-17,0.,3.14159265358979,0.,0.,0.;                  1807P   3859
126,4,2,0,0,0,0,3.14159265358979,3.14159265358979,                  1809P   3860
3.14159265358979,4.71238898038469,4.71238898038469,                 1809P   3861
6.28318530717959,6.28318530717959,6.28318530717959,1.,              1809P   3862
0.707106781186548,1.,0.707106781186547,1.,-0.250000007978574,       1809P   3863
1.00102040816327,3.06161709557774D-17,-0.250000007978575,           1809P   3864
1.00102040816327,-0.250000007978574,-4.59242564336661D-17,          1809P   3865
1.00102040816327,-0.250000007978574,0.250000007978574,              1809P   3866
1.00102040816327,-0.250000007978575,0.250000007978574,              1809P   3867
1.00102040816327,-6.12323419115548D-17,3.14159265358979,            1809P   3868
6.28318530717959,0.,0.,0.;                                          1809P   3869
126,4,2,0,0,0,0,0.,0.,0.,1.5707963267949,1.5707963267949,           1811P   3870
3.14159265358979,3.14159265358979,3.14159265358979,1.,              1811P   3871
0.707106781186547,1.,0.707106781186548,1.,0.250000007978574,        1811P   3872
0.939795919963061,0.,0.250000007978574,0.939795919963061,           1811P   3873
0.250000007978574,1.53080854778887D-17,0.939795919963061,           1811P   3874
0.250000007978574,-0.250000007978574,0.939795919963061,             1811P   3875
0.250000007978574,-0.250000007978574,0.939795919963061,             1811P   3876
3.06161709557774D-17,0.,3.14159265358979,0.,0.,0.;                  1811P   3877
126,4,2,0,0,0,0,3.14159265358979,3.14159265358979,                  1813P   3878
3.14159265358979,4.71238898038469,4.71238898038469,                 1813P   3879
6.28318530717959,6.28318530717959,6.28318530717959,1.,              1813P   3880
0.707106781186548,1.,0.707106781186547,1.,-0.250000007978574,       1813P   3881
0.939795919963061,3.06161709557774D-17,-0.250000007978575,          1813P   3882
0.939795919963061,-0.250000007978574,-4.59242564336661D-17,         1813P   3883
0.939795919963061,-0.250000007978574,0.250000007978574,             1813P   3884
0.939795919963061,-0.250000007978575,0.250000007978574,             1813P   3885
0.939795919963061,-6.12323419115548D-17,3.14159265358979,           1813P   3886
6.28318530717959,0.,0.,0.;                                          1813P   3887
126,1,1,0,0,1,0,-0.122448972492535,-0.122448972492535,              1815P   3888
0.122448972492535,0.122448972492535,1.,1.,-0.250000007978574,       1815P   3889
0.939795919963061,0.,-0.250000007978574,1.00102040816327,0.,        1815P   3890
-0.122448972492535,0.122448972492535,0.,0.,0.;                      1815P   3891
126,4,2,0,0,0,0,0.,0.,0.,1.5707963267949,1.5707963267949,           1817P   3892
3.14159265358979,3.14159265358979,3.14159265358979,1.,              1817P   3893
0.707106781186548,1.,0.707106781186548,1.,1.50000004787145,         1817P   3894
0.939795919963062,0.,1.50000004787145,0.939795919963062,            1817P   3895
1.50000004787145,9.18485128673322D-17,0.939795919963062,            1817P   3896
1.50000004787145,-1.50000004787145,0.939795919963062,               1817P   3897
1.50000004787145,-1.50000004787145,0.939795919963062,               1817P   3898
1.83697025734664D-16,0.,3.14159265358979,0.,0.,0.;                  1817P   3899
126,4,2,0,0,0,0,3.14159265358979,3.14159265358979,                  1819P   3900
3.14159265358979,4.71238898038469,4.71238898038469,                 1819P   3901
6.28318530717959,6.28318530717959,6.28318530717959,1.,              1819P   3902
0.707106781186548,1.,0.707106781186548,1.,-1.50000004787145,        1819P   3903
0.939795919963062,1.83697025734664D-16,-1.50000004787145,           1819P   3904
0.939795919963062,-1.50000004787145,-2.75545538601997D-16,          1819P   3905
0.939795919963062,-1.50000004787145,1.50000004787145,               1819P   3906
0.939795919963062,-1.50000004787145,1.50000004787145,               1819P   3907
0.939795919963062,-3.67394051469329D-16,3.14159265358979,           1819P   3908
6.28318530717959,0.,0.,0.;                                          1819P   3909
126,4,2,0,0,0,0,0.,0.,0.,1.5707963267949,1.5707963267949,           1821P   3910
3.14159265358979,3.14159265358979,3.14159265358979,1.,              1821P   3911
0.707106781186548,1.,0.707106781186548,1.,1.50000004787145,         1821P   3912
0.889795918367347,0.,1.50000004787145,0.889795918367347,            1821P   3913
1.50000004787145,9.18485128673322D-17,0.889795918367347,            1821P   3914
1.50000004787145,-1.50000004787145,0.889795918367347,               1821P   3915
1.50000004787145,-1.50000004787145,0.889795918367347,               1821P   3916
1.83697025734664D-16,0.,3.14159265358979,0.,0.,0.;                  1821P   3917
126,4,2,0,0,0,0,3.14159265358979,3.14159265358979,                  1823P   3918
3.14159265358979,4.71238898038469,4.71238898038469,                 1823P   3919
6.28318530717959,6.28318530717959,6.28318530717959,1.,              1823P   3920
0.707106781186548,1.,0.707106781186548,1.,-1.50000004787145,        1823P   3921
0.889795918367347,1.83697025734664D-16,-1.50000004787145,           1823P   3922
0.889795918367347,-1.50000004787145,-2.75545538601997D-16,          1823P   3923
0.889795918367347,-1.50000004787145,1.50000004787145,               1823P   3924
0.889795918367347,-1.50000004787145,1.50000004787145,               1823P   3925
0.889795918367347,-3.67394051469329D-16,3.14159265358979,           1823P   3926
6.28318530717959,0.,0.,0.;                                          1823P   3927
126,1,1,0,0,1,0,-0.0166666666666667,-0.0166666666666667,            1825P   3928
0.0166666666666667,0.0166666666666667,1.,1.,-1.50000004787145,      1825P   3929
0.889795918367347,0.,-1.50000004787145,0.939795919963062,0.,        1825P   3930
-0.0166666666666667,0.0166666666666667,0.,0.,0.;                    1825P   3931
126,4,2,0,0,0,0,0.,0.,0.,1.5707963267949,1.5707963267949,           1827P   3932
3.14159265358979,3.14159265358979,3.14159265358979,1.,              1827P   3933
0.707106781186547,1.,0.707106781186548,1.,0.250000007978574,        1827P   3934
0.889795918367346,0.,0.250000007978574,0.889795918367346,           1827P   3935
0.250000007978574,1.53080854778887D-17,0.889795918367346,           1827P   3936
0.250000007978574,-0.250000007978574,0.889795918367346,             1827P   3937
0.250000007978574,-0.250000007978574,0.889795918367346,             1827P   3938
3.06161709557774D-17,0.,3.14159265358979,0.,0.,0.;                  1827P   3939
126,4,2,0,0,0,0,3.14159265358979,3.14159265358979,                  1829P   3940
3.14159265358979,4.71238898038469,4.71238898038469,                 1829P   3941
6.28318530717959,6.28318530717959,6.28318530717959,1.,              1829P   3942
0.707106781186548,1.,0.707106781186547,1.,-0.250000007978574,       1829P   3943
0.889795918367346,3.06161709557774D-17,-0.250000007978575,          1829P   3944
0.889795918367346,-0.250000007978574,-4.59242564336661D-17,         1829P   3945
0.889795918367346,-0.250000007978574,0.250000007978574,             1829P   3946
0.889795918367346,-0.250000007978575,0.250000007978574,             1829P   3947
0.889795918367346,-6.12323419115548D-17,3.14159265358979,           1829P   3948
6.28318530717959,0.,0.,0.;                                          1829P   3949
126,4,2,0,0,0,0,0.,0.,0.,1.5707963267949,1.5707963267949,           1831P   3950
3.14159265358979,3.14159265358979,3.14159265358979,1.,              1831P   3951
0.707106781186547,1.,0.707106781186548,1.,0.250000007978574,        1831P   3952
0.828571430167143,0.,0.250000007978574,0.828571430167143,           1831P   3953
0.250000007978574,1.53080854778887D-17,0.828571430167143,           1831P   3954
0.250000007978574,-0.250000007978574,0.828571430167143,             1831P   3955
0.250000007978574,-0.250000007978574,0.828571430167143,             1831P   3956
3.06161709557774D-17,0.,3.14159265358979,0.,0.,0.;                  1831P   3957
126,4,2,0,0,0,0,3.14159265358979,3.14159265358979,                  1833P   3958
3.14159265358979,4.71238898038469,4.71238898038469,                 1833P   3959
6.28318530717959,6.28318530717959,6.28318530717959,1.,              1833P   3960
0.707106781186548,1.,0.707106781186547,1.,-0.250000007978574,       1833P   3961
0.828571430167143,3.06161709557774D-17,-0.250000007978575,          1833P   3962
0.828571430167143,-0.250000007978574,-4.59242564336661D-17,         1833P   3963
0.828571430167143,-0.250000007978574,0.250000007978574,             1833P   3964
0.828571430167143,-0.250000007978575,0.250000007978574,             1833P   3965
0.828571430167143,-6.12323419115548D-17,3.14159265358979,           1833P   3966
6.28318530717959,0.,0.,0.;                                          1833P   3967
126,1,1,0,0,1,0,-0.122448972492533,-0.122448972492533,              1835P   3968
0.122448972492533,0.122448972492533,1.,1.,-0.250000007978574,       1835P   3969
0.828571430167143,0.,-0.250000007978574,0.889795918367346,0.,       1835P   3970
-0.122448972492533,0.122448972492533,0.,0.,0.;                      1835P   3971
126,4,2,0,0,0,0,0.,0.,0.,1.5707963267949,1.5707963267949,           1837P   3972
3.14159265358979,3.14159265358979,3.14159265358979,1.,              1837P   3973
0.707106781186548,1.,0.707106781186548,1.,1.50000004787145,         1837P   3974
0.828571430167143,0.,1.50000004787145,0.828571430167143,            1837P   3975
1.50000004787145,9.18485128673322D-17,0.828571430167143,            1837P   3976
1.50000004787145,-1.50000004787145,0.828571430167143,               1837P   3977
1.50000004787145,-1.50000004787145,0.828571430167143,               1837P   3978
1.83697025734664D-16,0.,3.14159265358979,0.,0.,0.;                  1837P   3979
126,4,2,0,0,0,0,3.14159265358979,3.14159265358979,                  1839P   3980
3.14159265358979,4.71238898038469,4.71238898038469,                 1839P   3981
6.28318530717959,6.28318530717959,6.28318530717959,1.,              1839P   3982
0.707106781186548,1.,0.707106781186548,1.,-1.50000004787145,        1839P   3983
0.828571430167143,1.83697025734664D-16,-1.50000004787145,           1839P   3984
0.828571430167143,-1.50000004787145,-2.75545538601997D-16,          1839P   3985
0.828571430167143,-1.50000004787145,1.50000004787145,               1839P   3986
0.828571430167143,-1.50000004787145,1.50000004787145,               1839P   3987
0.828571430167143,-3.67394051469329D-16,3.14159265358979,           1839P   3988
6.28318530717959,0.,0.,0.;                                          1839P   3989
126,4,2,0,0,0,0,0.,0.,0.,1.5707963267949,1.5707963267949,           1841P   3990
3.14159265358979,3.14159265358979,3.14159265358979,1.,              1841P   3991
0.707106781186548,1.,0.707106781186548,1.,1.50000004787145,         1841P   3992
0.778571428571428,0.,1.50000004787145,0.778571428571428,            1841P   3993
1.50000004787145,9.18485128673322D-17,0.778571428571428,            1841P   3994
1.50000004787145,-1.50000004787145,0.778571428571428,               1841P   3995
1.50000004787145,-1.50000004787145,0.778571428571428,               1841P   3996
1.83697025734664D-16,0.,3.14159265358979,0.,0.,0.;                  1841P   3997
126,4,2,0,0,0,0,3.14159265358979,3.14159265358979,                  1843P   3998
3.14159265358979,4.71238898038469,4.71238898038469,                 1843P   3999
6.28318530717959,6.28318530717959,6.28318530717959,1.,              1843P   4000
0.707106781186548,1.,0.707106781186548,1.,-1.50000004787145,        1843P   4001
0.778571428571428,1.83697025734664D-16,-1.50000004787145,           1843P   4002
0.778571428571428,-1.50000004787145,-2.75545538601997D-16,          1843P   4003
0.778571428571428,-1.50000004787145,1.50000004787145,               1843P   4004
0.778571428571428,-1.50000004787145,1.50000004787145,               1843P   4005
0.778571428571428,-3.67394051469329D-16,3.14159265358979,           1843P   4006
6.28318530717959,0.,0.,0.;                                          1843P   4007
126,1,1,0,0,1,0,-0.0166666666666667,-0.0166666666666667,            1845P   4008
0.0166666666666667,0.0166666666666667,1.,1.,-1.50000004787145,      1845P   4009
0.778571428571428,0.,-1.50000004787145,0.828571430167143,0.,        1845P   4010
-0.0166666666666667,0.0166666666666667,0.,0.,0.;                    1845P   4011
126,4,2,0,0,0,0,0.,0.,0.,1.5707963267949,1.5707963267949,           1847P   4012
3.14159265358979,3.14159265358979,3.14159265358979,1.,              1847P   4013
0.707106781186547,1.,0.707106781186548,1.,0.250000007978574,        1847P   4014
0.778571428571428,0.,0.250000007978574,0.778571428571428,           1847P   4015
0.250000007978574,1.53080854778887D-17,0.778571428571428,           1847P   4016
0.250000007978574,-0.250000007978574,0.778571428571428,             1847P   4017
0.250000007978574,-0.250000007978574,0.778571428571428,             1847P   4018
3.06161709557774D-17,0.,3.14159265358979,0.,0.,0.;                  1847P   4019
126,4,2,0,0,0,0,3.14159265358979,3.14159265358979,                  1849P   4020
3.14159265358979,4.71238898038469,4.71238898038469,                 1849P   4021
6.28318530717959,6.28318530717959,6.28318530717959,1.,              1849P   4022
0.707106781186548,1.,0.707106781186547,1.,-0.250000007978574,       1849P   4023
0.778571428571428,3.06161709557774D-17,-0.250000007978575,          1849P   4024
0.778571428571428,-0.250000007978574,-4.59242564336661D-17,         1849P   4025
0.778571428571428,-0.250000007978574,0.250000007978574,             1849P   4026
0.778571428571428,-0.250000007978575,0.250000007978574,             1849P   4027
0.778571428571428,-6.12323419115548D-17,3.14159265358979,           1849P   4028
6.28318530717959,0.,0.,0.;                                          1849P   4029
126,4,2,0,0,0,0,0.,0.,0.,1.5707963267949,1.5707963267949,           1851P   4030
3.14159265358979,3.14159265358979,3.14159265358979,1.,              1851P   4031
0.707106781186547,1.,0.707106781186548,1.,0.250000007978574,        1851P   4032
0.717346940371225,0.,0.250000007978574,0.717346940371225,           1851P   4033
0.250000007978574,1.53080854778887D-17,0.717346940371225,           1851P   4034
0.250000007978574,-0.250000007978574,0.717346940371225,             1851P   4035
0.250000007978574,-0.250000007978574,0.717346940371225,             1851P   4036
3.06161709557774D-17,0.,3.14159265358979,0.,0.,0.;                  1851P   4037
126,4,2,0,0,0,0,3.14159265358979,3.14159265358979,                  1853P   4038
3.14159265358979,4.71238898038469,4.71238898038469,                 1853P   4039
6.28318530717959,6.28318530717959,6.28318530717959,1.,              1853P   4040
0.707106781186548,1.,0.707106781186547,1.,-0.250000007978574,       1853P   4041
0.717346940371225,3.06161709557774D-17,-0.250000007978575,          1853P   4042
0.717346940371225,-0.250000007978574,-4.59242564336661D-17,         1853P   4043
0.717346940371225,-0.250000007978574,0.250000007978574,             1853P   4044
0.717346940371225,-0.250000007978575,0.250000007978574,             1853P   4045
0.717346940371225,-6.12323419115548D-17,3.14159265358979,           1853P   4046
6.28318530717959,0.,0.,0.;                                          1853P   4047
126,1,1,0,0,1,0,-0.122448972492533,-0.122448972492533,              1855P   4048
0.122448972492533,0.122448972492533,1.,1.,-0.250000007978574,       1855P   4049
0.717346940371225,0.,-0.250000007978574,0.778571428571428,0.,       1855P   4050
-0.122448972492533,0.122448972492533,0.,0.,0.;                      1855P   4051
126,4,2,0,0,0,0,0.,0.,0.,1.5707963267949,1.5707963267949,           1857P   4052
3.14159265358979,3.14159265358979,3.14159265358979,1.,              1857P   4053
0.707106781186548,1.,0.707106781186548,1.,1.50000004787145,         1857P   4054
0.717346940371225,0.,1.50000004787145,0.717346940371225,            1857P   4055
1.50000004787145,9.18485128673322D-17,0.717346940371225,            1857P   4056
1.50000004787145,-1.50000004787145,0.717346940371225,               1857P   4057
1.50000004787145,-1.50000004787145,0.717346940371225,               1857P   4058
1.83697025734664D-16,0.,3.14159265358979,0.,0.,0.;                  1857P   4059
126,4,2,0,0,0,0,3.14159265358979,3.14159265358979,                  1859P   4060
3.14159265358979,4.71238898038469,4.71238898038469,                 1859P   4061
6.28318530717959,6.28318530717959,6.28318530717959,1.,              1859P   4062
0.707106781186548,1.,0.707106781186548,1.,-1.50000004787145,        1859P   4063
0.717346940371225,1.83697025734664D-16,-1.50000004787145,           1859P   4064
0.717346940371225,-1.50000004787145,-2.75545538601997D-16,          1859P   4065
0.717346940371225,-1.50000004787145,1.50000004787145,               1859P   4066
0.717346940371225,-1.50000004787145,1.50000004787145,               1859P   4067
0.717346940371225,-3.67394051469329D-16,3.14159265358979,           1859P   4068
6.28318530717959,0.,0.,0.;                                          1859P   4069
126,4,2,0,0,0,0,0.,0.,0.,1.5707963267949,1.5707963267949,           1861P   4070
3.14159265358979,3.14159265358979,3.14159265358979,1.,              1861P   4071
0.707106781186548,1.,0.707106781186548,1.,1.50000004787145,         1861P   4072
0.66734693877551,0.,1.50000004787145,0.66734693877551,              1861P   4073
1.50000004787145,9.18485128673322D-17,0.66734693877551,             1861P   4074
1.50000004787145,-1.50000004787145,0.66734693877551,                1861P   4075
1.50000004787145,-1.50000004787145,0.66734693877551,                1861P   4076
1.83697025734664D-16,0.,3.14159265358979,0.,0.,0.;                  1861P   4077
126,4,2,0,0,0,0,3.14159265358979,3.14159265358979,                  1863P   4078
3.14159265358979,4.71238898038469,4.71238898038469,                 1863P   4079
6.28318530717959,6.28318530717959,6.28318530717959,1.,              1863P   4080
0.707106781186548,1.,0.707106781186548,1.,-1.50000004787145,        1863P   4081
0.66734693877551,1.83697025734664D-16,-1.50000004787145,            1863P   4082
0.66734693877551,-1.50000004787145,-2.75545538601997D-16,           1863P   4083
0.66734693877551,-1.50000004787145,1.50000004787145,                1863P   4084
0.66734693877551,-1.50000004787145,1.50000004787145,                1863P   4085
0.66734693877551,-3.67394051469329D-16,3.14159265358979,            1863P   4086
6.28318530717959,0.,0.,0.;                                          1863P   4087
126,1,1,0,0,1,0,-0.0166666666666667,-0.0166666666666667,            1865P   4088
0.0166666666666667,0.0166666666666667,1.,1.,-1.50000004787145,      1865P   4089
0.66734693877551,0.,-1.50000004787145,0.717346940371225,0.,         1865P   4090
-0.0166666666666667,0.0166666666666667,0.,0.,0.;                    1865P   4091
126,4,2,0,0,0,0,0.,0.,0.,1.5707963267949,1.5707963267949,           1867P   4092
3.14159265358979,3.14159265358979,3.14159265358979,1.,              1867P   4093
0.707106781186547,1.,0.707106781186548,1.,0.250000007978574,        1867P   4094
0.66734693877551,0.,0.250000007978574,0.66734693877551,             1867P   4095
0.250000007978574,1.53080854778887D-17,0.66734693877551,            1867P   4096
0.250000007978574,-0.250000007978574,0.66734693877551,              1867P   4097
0.250000007978574,-0.250000007978574,0.66734693877551,              1867P   4098
3.06161709557774D-17,0.,3.14159265358979,0.,0.,0.;                  1867P   4099
126,4,2,0,0,0,0,3.14159265358979,3.14159265358979,                  1869P   4100
3.14159265358979,4.71238898038469,4.71238898038469,                 1869P   4101
6.28318530717959,6.28318530717959,6.28318530717959,1.,              1869P   4102
0.707106781186548,1.,0.707106781186547,1.,-0.250000007978574,       1869P   4103
0.66734693877551,3.06161709557774D-17,-0.250000007978575,           1869P   4104
0.66734693877551,-0.250000007978574,-4.59242564336661D-17,          1869P   4105
0.66734693877551,-0.250000007978574,0.250000007978574,              1869P   4106
0.66734693877551,-0.250000007978575,0.250000007978574,              1869P   4107
0.66734693877551,-6.12323419115548D-17,3.14159265358979,            1869P   4108
6.28318530717959,0.,0.,0.;                                          1869P   4109
126,4,2,0,0,0,0,0.,0.,0.,1.5707963267949,1.5707963267949,           1871P   4110
3.14159265358979,3.14159265358979,3.14159265358979,1.,              1871P   4111
0.707106781186547,1.,0.707106781186548,1.,0.250000007978574,        1871P   4112
0.606122450575307,0.,0.250000007978574,0.606122450575307,           1871P   4113
0.250000007978574,1.53080854778887D-17,0.606122450575307,           1871P   4114
0.250000007978574,-0.250000007978574,0.606122450575307,             1871P   4115
0.250000007978574,-0.250000007978574,0.606122450575307,             1871P   4116
3.06161709557774D-17,0.,3.14159265358979,0.,0.,0.;                  1871P   4117
126,4,2,0,0,0,0,3.14159265358979,3.14159265358979,                  1873P   4118
3.14159265358979,4.71238898038469,4.71238898038469,                 1873P   4119
6.28318530717959,6.28318530717959,6.28318530717959,1.,              1873P   4120
0.707106781186548,1.,0.707106781186547,1.,-0.250000007978574,       1873P   4121
0.606122450575307,3.06161709557774D-17,-0.250000007978575,          1873P   4122
0.606122450575307,-0.250000007978574,-4.59242564336661D-17,         1873P   4123
0.606122450575307,-0.250000007978574,0.250000007978574,             1873P   4124
0.606122450575307,-0.250000007978575,0.250000007978574,             1873P   4125
0.606122450575307,-6.12323419115548D-17,3.14159265358979,           1873P   4126
6.28318530717959,0.,0.,0.;                                          1873P   4127
126,1,1,0,0,1,0,-0.122448972492535,-0.122448972492535,              1875P   4128
0.122448972492535,0.122448972492535,1.,1.,-0.250000007978574,       1875P   4129
0.606122450575307,0.,-0.250000007978574,0.66734693877551,0.,        1875P   4130
-0.122448972492535,0.122448972492535,0.,0.,0.;                      1875P   4131
126,4,2,0,0,0,0,0.,0.,0.,1.5707963267949,1.5707963267949,           1877P   4132
3.14159265358979,3.14159265358979,3.14159265358979,1.,              1877P   4133
0.707106781186548,1.,0.707106781186548,1.,1.50000004787145,         1877P   4134
0.606122450575307,0.,1.50000004787145,0.606122450575307,            1877P   4135
1.50000004787145,9.18485128673322D-17,0.606122450575307,            1877P   4136
1.50000004787145,-1.50000004787145,0.606122450575307,               1877P   4137
1.50000004787145,-1.50000004787145,0.606122450575307,               1877P   4138
1.83697025734664D-16,0.,3.14159265358979,0.,0.,0.;                  1877P   4139
126,4,2,0,0,0,0,3.14159265358979,3.14159265358979,                  1879P   4140
3.14159265358979,4.71238898038469,4.71238898038469,                 1879P   4141
6.28318530717959,6.28318530717959,6.28318530717959,1.,              1879P   4142
0.707106781186548,1.,0.707106781186548,1.,-1.50000004787145,        1879P   4143
0.606122450575307,1.83697025734664D-16,-1.50000004787145,           1879P   4144
0.606122450575307,-1.50000004787145,-2.75545538601997D-16,          1879P   4145
0.606122450575307,-1.50000004787145,1.50000004787145,               1879P   4146
0.606122450575307,-1.50000004787145,1.50000004787145,               1879P   4147
0.606122450575307,-3.67394051469329D-16,3.14159265358979,           1879P   4148
6.28318530717959,0.,0.,0.;                                          1879P   4149
126,4,2,0,0,0,0,0.,0.,0.,1.5707963267949,1.5707963267949,           1881P   4150
3.14159265358979,3.14159265358979,3.14159265358979,1.,              1881P   4151
0.707106781186548,1.,0.707106781186548,1.,1.50000004787145,         1881P   4152
0.556122448979592,0.,1.50000004787145,0.556122448979592,            1881P   4153
1.50000004787145,9.18485128673322D-17,0.556122448979592,            1881P   4154
1.50000004787145,-1.50000004787145,0.556122448979592,               1881P   4155
1.50000004787145,-1.50000004787145,0.556122448979592,               1881P   4156
1.83697025734664D-16,0.,3.14159265358979,0.,0.,0.;                  1881P   4157
126,4,2,0,0,0,0,3.14159265358979,3.14159265358979,                  1883P   4158
3.14159265358979,4.71238898038469,4.71238898038469,                 1883P   4159
6.28318530717959,6.28318530717959,6.28318530717959,1.,              1883P   4160
0.707106781186548,1.,0.707106781186548,1.,-1.50000004787145,        1883P   4161
0.556122448979592,1.83697025734664D-16,-1.50000004787145,           1883P   4162
0.556122448979592,-1.50000004787145,-2.75545538601997D-16,          1883P   4163
0.556122448979592,-1.50000004787145,1.50000004787145,               1883P   4164
0.556122448979592,-1.50000004787145,1.50000004787145,               1883P   4165
0.556122448979592,-3.67394051469329D-16,3.14159265358979,           1883P   4166
6.28318530717959,0.,0.,0.;                                          1883P   4167
126,1,1,0,0,1,0,-0.0166666666666667,-0.0166666666666667,            1885P   4168
0.0166666666666667,0.0166666666666667,1.,1.,-1.50000004787145,      1885P   4169
0.556122448979592,0.,-1.50000004787145,0.606122450575307,0.,        1885P   4170
-0.0166666666666667,0.0166666666666667,0.,0.,0.;                    1885P   4171
126,4,2,0,0,0,0,0.,0.,0.,1.5707963267949,1.5707963267949,           1887P   4172
3.14159265358979,3.14159265358979,3.14159265358979,1.,              1887P   4173
0.707106781186547,1.,0.707106781186548,1.,0.250000007978574,        1887P   4174
0.556122448979592,0.,0.250000007978574,0.556122448979592,           1887P   4175
0.250000007978574,1.53080854778887D-17,0.556122448979592,           1887P   4176
0.250000007978574,-0.250000007978574,0.556122448979592,             1887P   4177
0.250000007978574,-0.250000007978574,0.556122448979592,             1887P   4178
3.06161709557774D-17,0.,3.14159265358979,0.,0.,0.;                  1887P   4179
126,4,2,0,0,0,0,3.14159265358979,3.14159265358979,                  1889P   4180
3.14159265358979,4.71238898038469,4.71238898038469,                 1889P   4181
6.28318530717959,6.28318530717959,6.28318530717959,1.,              1889P   4182
0.707106781186548,1.,0.707106781186547,1.,-0.250000007978574,       1889P   4183
0.556122448979592,3.06161709557774D-17,-0.250000007978575,          1889P   4184
0.556122448979592,-0.250000007978574,-4.59242564336661D-17,         1889P   4185
0.556122448979592,-0.250000007978574,0.250000007978574,             1889P   4186
0.556122448979592,-0.250000007978575,0.250000007978574,             1889P   4187
0.556122448979592,-6.12323419115548D-17,3.14159265358979,           1889P   4188
6.28318530717959,0.,0.,0.;                                          1889P   4189
126,4,2,0,0,0,0,0.,0.,0.,1.5707963267949,1.5707963267949,           1891P   4190
3.14159265358979,3.14159265358979,3.14159265358979,1.,              1891P   4191
0.707106781186547,1.,0.707106781186548,1.,0.250000007978574,        1891P   4192
0.494897960779388,0.,0.250000007978574,0.494897960779388,           1891P   4193
0.250000007978574,1.53080854778887D-17,0.494897960779388,           1891P   4194
0.250000007978574,-0.250000007978574,0.494897960779388,             1891P   4195
0.250000007978574,-0.250000007978574,0.494897960779388,             1891P   4196
3.06161709557774D-17,0.,3.14159265358979,0.,0.,0.;                  1891P   4197
126,4,2,0,0,0,0,3.14159265358979,3.14159265358979,                  1893P   4198
3.14159265358979,4.71238898038469,4.71238898038469,                 1893P   4199
6.28318530717959,6.28318530717959,6.28318530717959,1.,              1893P   4200
0.707106781186548,1.,0.707106781186547,1.,-0.250000007978574,       1893P   4201
0.494897960779388,3.06161709557774D-17,-0.250000007978575,          1893P   4202
0.494897960779388,-0.250000007978574,-4.59242564336661D-17,         1893P   4203
0.494897960779388,-0.250000007978574,0.250000007978574,             1893P   4204
0.494897960779388,-0.250000007978575,0.250000007978574,             1893P   4205
0.494897960779388,-6.12323419115548D-17,3.14159265358979,           1893P   4206
6.28318530717959,0.,0.,0.;                                          1893P   4207
126,1,1,0,0,1,0,-0.122448972492533,-0.122448972492533,              1895P   4208
0.122448972492533,0.122448972492533,1.,1.,-0.250000007978574,       1895P   4209
0.494897960779388,0.,-0.250000007978574,0.556122448979592,0.,       1895P   4210
-0.122448972492533,0.122448972492533,0.,0.,0.;                      1895P   4211
126,4,2,0,0,0,0,0.,0.,0.,1.5707963267949,1.5707963267949,           1897P   4212
3.14159265358979,3.14159265358979,3.14159265358979,1.,              1897P   4213
0.707106781186548,1.,0.707106781186548,1.,1.50000004787145,         1897P   4214
0.494897960779388,0.,1.50000004787145,0.494897960779388,            1897P   4215
1.50000004787145,9.18485128673322D-17,0.494897960779388,            1897P   4216
1.50000004787145,-1.50000004787145,0.494897960779388,               1897P   4217
1.50000004787145,-1.50000004787145,0.494897960779388,               1897P   4218
1.83697025734664D-16,0.,3.14159265358979,0.,0.,0.;                  1897P   4219
126,4,2,0,0,0,0,3.14159265358979,3.14159265358979,                  1899P   4220
3.14159265358979,4.71238898038469,4.71238898038469,                 1899P   4221
6.28318530717959,6.28318530717959,6.28318530717959,1.,              1899P   4222
0.707106781186548,1.,0.707106781186548,1.,-1.50000004787145,        1899P   4223
0.494897960779388,1.83697025734664D-16,-1.50000004787145,           1899P   4224
0.494897960779388,-1.50000004787145,-2.75545538601997D-16,          1899P   4225
0.494897960779388,-1.50000004787145,1.50000004787145,               1899P   4226
0.494897960779388,-1.50000004787145,1.50000004787145,               1899P   4227
0.494897960779388,-3.67394051469329D-16,3.14159265358979,           1899P   4228
6.28318530717959,0.,0.,0.;                                          1899P   4229
126,4,2,0,0,0,0,0.,0.,0.,1.5707963267949,1.5707963267949,           1901P   4230
3.14159265358979,3.14159265358979,3.14159265358979,1.,              1901P   4231
0.707106781186548,1.,0.707106781186548,1.,1.50000004787145,         1901P   4232
0.444897959183673,0.,1.50000004787145,0.444897959183673,            1901P   4233
1.50000004787145,9.18485128673322D-17,0.444897959183673,            1901P   4234
1.50000004787145,-1.50000004787145,0.444897959183673,               1901P   4235
1.50000004787145,-1.50000004787145,0.444897959183673,               1901P   4236
1.83697025734664D-16,0.,3.14159265358979,0.,0.,0.;                  1901P   4237
126,4,2,0,0,0,0,3.14159265358979,3.14159265358979,                  1903P   4238
3.14159265358979,4.71238898038469,4.71238898038469,                 1903P   4239
6.28318530717959,6.28318530717959,6.28318530717959,1.,              1903P   4240
0.707106781186548,1.,0.707106781186548,1.,-1.50000004787145,        1903P   4241
0.444897959183673,1.83697025734664D-16,-1.50000004787145,           1903P   4242
0.444897959183673,-1.50000004787145,-2.75545538601997D-16,          1903P   4243
0.444897959183673,-1.50000004787145,1.50000004787145,               1903P   4244
0.444897959183673,-1.50000004787145,1.50000004787145,               1903P   4245
0.444897959183673,-3.67394051469329D-16,3.14159265358979,           1903P   4246
6.28318530717959,0.,0.,0.;                                          1903P   4247
126,1,1,0,0,1,0,-0.0166666666666667,-0.0166666666666667,            1905P   4248
0.0166666666666667,0.0166666666666667,1.,1.,-1.50000004787145,      1905P   4249
0.444897959183673,0.,-1.50000004787145,0.494897960779388,0.,        1905P   4250
-0.0166666666666667,0.0166666666666667,0.,0.,0.;                    1905P   4251
126,4,2,0,0,0,0,0.,0.,0.,1.5707963267949,1.5707963267949,           1907P   4252
3.14159265358979,3.14159265358979,3.14159265358979,1.,              1907P   4253
0.707106781186547,1.,0.707106781186548,1.,0.250000007978574,        1907P   4254
0.444897959183674,0.,0.250000007978574,0.444897959183674,           1907P   4255
0.250000007978574,1.53080854778887D-17,0.444897959183674,           1907P   4256
0.250000007978574,-0.250000007978574,0.444897959183674,             1907P   4257
0.250000007978574,-0.250000007978574,0.444897959183674,             1907P   4258
3.06161709557774D-17,0.,3.14159265358979,0.,0.,0.;                  1907P   4259
126,4,2,0,0,0,0,3.14159265358979,3.14159265358979,                  1909P   4260
3.14159265358979,4.71238898038469,4.71238898038469,                 1909P   4261
6.28318530717959,6.28318530717959,6.28318530717959,1.,              1909P   4262
0.707106781186548,1.,0.707106781186547,1.,-0.250000007978574,       1909P   4263
0.444897959183674,3.06161709557774D-17,-0.250000007978575,          1909P   4264
0.444897959183674,-0.250000007978574,-4.59242564336661D-17,         1909P   4265
0.444897959183674,-0.250000007978574,0.250000007978574,             1909P   4266
0.444897959183674,-0.250000007978575,0.250000007978574,             1909P   4267
0.444897959183674,-6.12323419115548D-17,3.14159265358979,           1909P   4268
6.28318530717959,0.,0.,0.;                                          1909P   4269
126,4,2,0,0,0,0,0.,0.,0.,1.5707963267949,1.5707963267949,           1911P   4270
3.14159265358979,3.14159265358979,3.14159265358979,1.,              1911P   4271
0.707106781186547,1.,0.707106781186548,1.,0.250000007978574,        1911P   4272
0.38367347098347,0.,0.250000007978574,0.38367347098347,             1911P   4273
0.250000007978574,1.53080854778887D-17,0.38367347098347,            1911P   4274
0.250000007978574,-0.250000007978574,0.38367347098347,              1911P   4275
0.250000007978574,-0.250000007978574,0.38367347098347,              1911P   4276
3.06161709557774D-17,0.,3.14159265358979,0.,0.,0.;                  1911P   4277
126,4,2,0,0,0,0,3.14159265358979,3.14159265358979,                  1913P   4278
3.14159265358979,4.71238898038469,4.71238898038469,                 1913P   4279
6.28318530717959,6.28318530717959,6.28318530717959,1.,              1913P   4280
0.707106781186548,1.,0.707106781186547,1.,-0.250000007978574,       1913P   4281
0.38367347098347,3.06161709557774D-17,-0.250000007978575,           1913P   4282
0.38367347098347,-0.250000007978574,-4.59242564336661D-17,          1913P   4283
0.38367347098347,-0.250000007978574,0.250000007978574,              1913P   4284
0.38367347098347,-0.250000007978575,0.250000007978574,              1913P   4285
0.38367347098347,-6.12323419115548D-17,3.14159265358979,            1913P   4286
6.28318530717959,0.,0.,0.;                                          1913P   4287
126,1,1,0,0,1,0,-0.122448972492535,-0.122448972492535,              1915P   4288
0.122448972492535,0.122448972492535,1.,1.,-0.250000007978574,       1915P   4289
0.38367347098347,0.,-0.250000007978574,0.444897959183674,0.,        1915P   4290
-0.122448972492535,0.122448972492535,0.,0.,0.;                      1915P   4291
126,4,2,0,0,0,0,0.,0.,0.,1.5707963267949,1.5707963267949,           1917P   4292
3.14159265358979,3.14159265358979,3.14159265358979,1.,              1917P   4293
0.707106781186548,1.,0.707106781186548,1.,1.50000004787145,         1917P   4294
0.38367347098347,0.,1.50000004787145,0.38367347098347,              1917P   4295
1.50000004787145,9.18485128673322D-17,0.38367347098347,             1917P   4296
1.50000004787145,-1.50000004787145,0.38367347098347,                1917P   4297
1.50000004787145,-1.50000004787145,0.38367347098347,                1917P   4298
1.83697025734664D-16,0.,3.14159265358979,0.,0.,0.;                  1917P   4299
126,4,2,0,0,0,0,3.14159265358979,3.14159265358979,                  1919P   4300
3.14159265358979,4.71238898038469,4.71238898038469,                 1919P   4301
6.28318530717959,6.28318530717959,6.28318530717959,1.,              1919P   4302
0.707106781186548,1.,0.707106781186548,1.,-1.50000004787145,        1919P   4303
0.38367347098347,1.83697025734664D-16,-1.50000004787145,            1919P   4304
0.38367347098347,-1.50000004787145,-2.75545538601997D-16,           1919P   4305
0.38367347098347,-1.50000004787145,1.50000004787145,                1919P   4306
0.38367347098347,-1.50000004787145,1.50000004787145,                1919P   4307
0.38367347098347,-3.67394051469329D-16,3.14159265358979,            1919P   4308
6.28318530717959,0.,0.,0.;                                          1919P   4309
126,4,2,0,0,0,0,0.,0.,0.,1.5707963267949,1.5707963267949,           1921P   4310
3.14159265358979,3.14159265358979,3.14159265358979,1.,              1921P   4311
0.707106781186548,1.,0.707106781186548,1.,1.50000004787145,         1921P   4312
0.333673469387755,0.,1.50000004787145,0.333673469387755,            1921P   4313
1.50000004787145,9.18485128673322D-17,0.333673469387755,            1921P   4314
1.50000004787145,-1.50000004787145,0.333673469387755,               1921P   4315
1.50000004787145,-1.50000004787145,0.333673469387755,               1921P   4316
1.83697025734664D-16,0.,3.14159265358979,0.,0.,0.;                  1921P   4317
126,4,2,0,0,0,0,3.14159265358979,3.14159265358979,                  1923P   4318
3.14159265358979,4.71238898038469,4.71238898038469,                 1923P   4319
6.28318530717959,6.28318530717959,6.28318530717959,1.,              1923P   4320
0.707106781186548,1.,0.707106781186548,1.,-1.50000004787145,        1923P   4321
0.333673469387755,1.83697025734664D-16,-1.50000004787145,           1923P   4322
0.333673469387755,-1.50000004787145,-2.75545538601997D-16,          1923P   4323
0.333673469387755,-1.50000004787145,1.50000004787145,               1923P   4324
0.333673469387755,-1.50000004787145,1.50000004787145,               1923P   4325
0.333673469387755,-3.67394051469329D-16,3.14159265358979,           1923P   4326
6.28318530717959,0.,0.,0.;                                          1923P   4327
126,1,1,0,0,1,0,-0.0166666666666667,-0.0166666666666667,            1925P   4328
0.0166666666666667,0.0166666666666667,1.,1.,-1.50000004787145,      1925P   4329
0.333673469387755,0.,-1.50000004787145,0.38367347098347,0.,         1925P   4330
-0.0166666666666667,0.0166666666666667,0.,0.,0.;                    1925P   4331
126,4,2,0,0,0,0,0.,0.,0.,1.5707963267949,1.5707963267949,           1927P   4332
3.14159265358979,3.14159265358979,3.14159265358979,1.,              1927P   4333
0.707106781186547,1.,0.707106781186548,1.,0.250000007978574,        1927P   4334
0.333673469387755,0.,0.250000007978574,0.333673469387755,           1927P   4335
0.250000007978574,1.53080854778887D-17,0.333673469387755,           1927P   4336
0.250000007978574,-0.250000007978574,0.333673469387755,             1927P   4337
0.250000007978574,-0.250000007978574,0.333673469387755,             1927P   4338
3.06161709557774D-17,0.,3.14159265358979,0.,0.,0.;                  1927P   4339
126,4,2,0,0,0,0,3.14159265358979,3.14159265358979,                  1929P   4340
3.14159265358979,4.71238898038469,4.71238898038469,                 1929P   4341
6.28318530717959,6.28318530717959,6.28318530717959,1.,              1929P   4342
0.707106781186548,1.,0.707106781186547,1.,-0.250000007978574,       1929P   4343
0.333673469387755,3.06161709557774D-17,-0.250000007978575,          1929P   4344
0.333673469387755,-0.250000007978574,-4.59242564336661D-17,         1929P   4345
0.333673469387755,-0.250000007978574,0.250000007978574,             1929P   4346
0.333673469387755,-0.250000007978575,0.250000007978574,             1929P   4347
0.333673469387755,-6.12323419115548D-17,3.14159265358979,           1929P   4348
6.28318530717959,0.,0.,0.;                                          1929P   4349
126,4,2,0,0,0,0,0.,0.,0.,1.5707963267949,1.5707963267949,           1931P   4350
3.14159265358979,3.14159265358979,3.14159265358979,1.,              1931P   4351
0.707106781186547,1.,0.707106781186548,1.,0.250000007978574,        1931P   4352
0.272448981187552,0.,0.250000007978574,0.272448981187552,           1931P   4353
0.250000007978574,1.53080854778887D-17,0.272448981187552,           1931P   4354
0.250000007978574,-0.250000007978574,0.272448981187552,             1931P   4355
0.250000007978574,-0.250000007978574,0.272448981187552,             1931P   4356
3.06161709557774D-17,0.,3.14159265358979,0.,0.,0.;                  1931P   4357
126,4,2,0,0,0,0,3.14159265358979,3.14159265358979,                  1933P   4358
3.14159265358979,4.71238898038469,4.71238898038469,                 1933P   4359
6.28318530717959,6.28318530717959,6.28318530717959,1.,              1933P   4360
0.707106781186548,1.,0.707106781186547,1.,-0.250000007978574,       1933P   4361
0.272448981187552,3.06161709557774D-17,-0.250000007978575,          1933P   4362
0.272448981187552,-0.250000007978574,-4.59242564336661D-17,         1933P   4363
0.272448981187552,-0.250000007978574,0.250000007978574,             1933P   4364
0.272448981187552,-0.250000007978575,0.250000007978574,             1933P   4365
0.272448981187552,-6.12323419115548D-17,3.14159265358979,           1933P   4366
6.28318530717959,0.,0.,0.;                                          1933P   4367
126,1,1,0,0,1,0,-0.122448972492533,-0.122448972492533,              1935P   4368
0.122448972492533,0.122448972492533,1.,1.,-0.250000007978574,       1935P   4369
0.272448981187552,0.,-0.250000007978574,0.333673469387755,0.,       1935P   4370
-0.122448972492533,0.122448972492533,0.,0.,0.;                      1935P   4371
126,4,2,0,0,0,0,0.,0.,0.,1.5707963267949,1.5707963267949,           1937P   4372
3.14159265358979,3.14159265358979,3.14159265358979,1.,              1937P   4373
0.707106781186548,1.,0.707106781186548,1.,1.50000004787145,         1937P   4374
0.272448981187552,0.,1.50000004787145,0.272448981187552,            1937P   4375
1.50000004787145,9.18485128673322D-17,0.272448981187552,            1937P   4376
1.50000004787145,-1.50000004787145,0.272448981187552,               1937P   4377
1.50000004787145,-1.50000004787145,0.272448981187552,               1937P   4378
1.83697025734664D-16,0.,3.14159265358979,0.,0.,0.;                  1937P   4379
126,4,2,0,0,0,0,3.14159265358979,3.14159265358979,                  1939P   4380
3.14159265358979,4.71238898038469,4.71238898038469,                 1939P   4381
6.28318530717959,6.28318530717959,6.28318530717959,1.,              1939P   4382
0.707106781186548,1.,0.707106781186548,1.,-1.50000004787145,        1939P   4383
0.272448981187552,1.83697025734664D-16,-1.50000004787145,           1939P   4384
0.272448981187552,-1.50000004787145,-2.75545538601997D-16,          1939P   4385
0.272448981187552,-1.50000004787145,1.50000004787145,               1939P   4386
0.272448981187552,-1.50000004787145,1.50000004787145,               1939P   4387
0.272448981187552,-3.67394051469329D-16,3.14159265358979,           1939P   4388
6.28318530717959,0.,0.,0.;                                          1939P   4389
126,4,2,0,0,0,0,0.,0.,0.,1.5707963267949,1.5707963267949,           1941P   4390
3.14159265358979,3.14159265358979,3.14159265358979,1.,              1941P   4391
0.707106781186548,1.,0.707106781186548,1.,1.50000004787145,         1941P   4392
0.222448979591837,0.,1.50000004787145,0.222448979591837,            1941P   4393
1.50000004787145,9.18485128673322D-17,0.222448979591837,            1941P   4394
1.50000004787145,-1.50000004787145,0.222448979591837,               1941P   4395
1.50000004787145,-1.50000004787145,0.222448979591837,               1941P   4396
1.83697025734664D-16,0.,3.14159265358979,0.,0.,0.;                  1941P   4397
126,4,2,0,0,0,0,3.14159265358979,3.14159265358979,                  1943P   4398
3.14159265358979,4.71238898038469,4.71238898038469,                 1943P   4399
6.28318530717959,6.28318530717959,6.28318530717959,1.,              1943P   4400
0.707106781186548,1.,0.707106781186548,1.,-1.50000004787145,        1943P   4401
0.222448979591837,1.83697025734664D-16,-1.50000004787145,           1943P   4402
0.222448979591837,-1.50000004787145,-2.75545538601997D-16,          1943P   4403
0.222448979591837,-1.50000004787145,1.50000004787145,               1943P   4404
0.222448979591837,-1.50000004787145,1.50000004787145,               1943P   4405
0.222448979591837,-3.67394051469329D-16,3.14159265358979,           1943P   4406
6.28318530717959,0.,0.,0.;                                          1943P   4407
126,1,1,0,0,1,0,-0.0166666666666667,-0.0166666666666667,            1945P   4408
0.0166666666666667,0.0166666666666667,1.,1.,-1.50000004787145,      1945P   4409
0.222448979591837,0.,-1.50000004787145,0.272448981187552,0.,        1945P   4410
-0.0166666666666667,0.0166666666666667,0.,0.,0.;                    1945P   4411
126,4,2,0,0,0,0,0.,0.,0.,1.5707963267949,1.5707963267949,           1947P   4412
3.14159265358979,3.14159265358979,3.14159265358979,1.,              1947P   4413
0.707106781186547,1.,0.707106781186548,1.,0.250000007978574,        1947P   4414
0.222448979591837,0.,0.250000007978574,0.222448979591837,           1947P   4415
0.250000007978574,1.53080854778887D-17,0.222448979591837,           1947P   4416
0.250000007978574,-0.250000007978574,0.222448979591837,             1947P   4417
0.250000007978574,-0.250000007978574,0.222448979591837,             1947P   4418
3.06161709557774D-17,0.,3.14159265358979,0.,0.,0.;                  1947P   4419
126,4,2,0,0,0,0,3.14159265358979,3.14159265358979,                  1949P   4420
3.14159265358979,4.71238898038469,4.71238898038469,                 1949P   4421
6.28318530717959,6.28318530717959,6.28318530717959,1.,              1949P   4422
0.707106781186548,1.,0.707106781186547,1.,-0.250000007978574,       1949P   4423
0.222448979591837,3.06161709557774D-17,-0.250000007978575,          1949P   4424
0.222448979591837,-0.250000007978574,-4.59242564336661D-17,         1949P   4425
0.222448979591837,-0.250000007978574,0.250000007978574,             1949P   4426
0.222448979591837,-0.250000007978575,0.250000007978574,             1949P   4427
0.222448979591837,-6.12323419115548D-17,3.14159265358979,           1949P   4428
6.28318530717959,0.,0.,0.;                                          1949P   4429
126,4,2,0,0,0,0,0.,0.,0.,1.5707963267949,1.5707963267949,           1951P   4430
3.14159265358979,3.14159265358979,3.14159265358979,1.,              1951P   4431
0.707106781186547,1.,0.707106781186548,1.,0.250000007978574,        1951P   4432
0.161224491391633,0.,0.250000007978574,0.161224491391633,           1951P   4433
0.250000007978574,1.53080854778887D-17,0.161224491391633,           1951P   4434
0.250000007978574,-0.250000007978574,0.161224491391633,             1951P   4435
0.250000007978574,-0.250000007978574,0.161224491391633,             1951P   4436
3.06161709557774D-17,0.,3.14159265358979,0.,0.,0.;                  1951P   4437
126,4,2,0,0,0,0,3.14159265358979,3.14159265358979,                  1953P   4438
3.14159265358979,4.71238898038469,4.71238898038469,                 1953P   4439
6.28318530717959,6.28318530717959,6.28318530717959,1.,              1953P   4440
0.707106781186548,1.,0.707106781186547,1.,-0.250000007978574,       1953P   4441
0.161224491391633,3.06161709557774D-17,-0.250000007978575,          1953P   4442
0.161224491391633,-0.250000007978574,-4.59242564336661D-17,         1953P   4443
0.161224491391633,-0.250000007978574,0.250000007978574,             1953P   4444
0.161224491391633,-0.250000007978575,0.250000007978574,             1953P   4445
0.161224491391633,-6.12323419115548D-17,3.14159265358979,           1953P   4446
6.28318530717959,0.,0.,0.;                                          1953P   4447
126,1,1,0,0,1,0,-0.122448972492535,-0.122448972492535,              1955P   4448
0.122448972492535,0.122448972492535,1.,1.,-0.250000007978574,       1955P   4449
0.161224491391633,0.,-0.250000007978574,0.222448979591837,0.,       1955P   4450
-0.122448972492535,0.122448972492535,0.,0.,0.;                      1955P   4451
126,4,2,0,0,0,0,0.,0.,0.,1.5707963267949,1.5707963267949,           1957P   4452
3.14159265358979,3.14159265358979,3.14159265358979,1.,              1957P   4453
0.707106781186548,1.,0.707106781186548,1.,1.50000004787145,         1957P   4454
0.161224491391633,0.,1.50000004787145,0.161224491391633,            1957P   4455
1.50000004787145,9.18485128673322D-17,0.161224491391633,            1957P   4456
1.50000004787145,-1.50000004787145,0.161224491391633,               1957P   4457
1.50000004787145,-1.50000004787145,0.161224491391633,               1957P   4458
1.83697025734664D-16,0.,3.14159265358979,0.,0.,0.;                  1957P   4459
126,4,2,0,0,0,0,3.14159265358979,3.14159265358979,                  1959P   4460
3.14159265358979,4.71238898038469,4.71238898038469,                 1959P   4461
6.28318530717959,6.28318530717959,6.28318530717959,1.,              1959P   4462
0.707106781186548,1.,0.707106781186548,1.,-1.50000004787145,        1959P   4463
0.161224491391633,1.83697025734664D-16,-1.50000004787145,           1959P   4464
0.161224491391633,-1.50000004787145,-2.75545538601997D-16,          1959P   4465
0.161224491391633,-1.50000004787145,1.50000004787145,               1959P   4466
0.161224491391633,-1.50000004787145,1.50000004787145,               1959P   4467
0.161224491391633,-3.67394051469329D-16,3.14159265358979,           1959P   4468
6.28318530717959,0.,0.,0.;                                          1959P   4469
126,4,2,0,0,0,0,0.,0.,0.,1.5707963267949,1.5707963267949,           1961P   4470
3.14159265358979,3.14159265358979,3.14159265358979,1.,              1961P   4471
0.707106781186548,1.,0.707106781186548,1.,1.50000004787145,         1961P   4472
0.111224489795918,0.,1.50000004787145,0.111224489795918,            1961P   4473
1.50000004787145,9.18485128673322D-17,0.111224489795918,            1961P   4474
1.50000004787145,-1.50000004787145,0.111224489795918,               1961P   4475
1.50000004787145,-1.50000004787145,0.111224489795918,               1961P   4476
1.83697025734664D-16,0.,3.14159265358979,0.,0.,0.;                  1961P   4477
126,4,2,0,0,0,0,3.14159265358979,3.14159265358979,                  1963P   4478
3.14159265358979,4.71238898038469,4.71238898038469,                 1963P   4479
6.28318530717959,6.28318530717959,6.28318530717959,1.,              1963P   4480
0.707106781186548,1.,0.707106781186548,1.,-1.50000004787145,        1963P   4481
0.111224489795918,1.83697025734664D-16,-1.50000004787145,           1963P   4482
0.111224489795918,-1.50000004787145,-2.75545538601997D-16,          1963P   4483
0.111224489795918,-1.50000004787145,1.50000004787145,               1963P   4484
0.111224489795918,-1.50000004787145,1.50000004787145,               1963P   4485
0.111224489795918,-3.67394051469329D-16,3.14159265358979,           1963P   4486
6.28318530717959,0.,0.,0.;                                          1963P   4487
126,1,1,0,0,1,0,-0.0166666666666667,-0.0166666666666667,            1965P   4488
0.0166666666666667,0.0166666666666667,1.,1.,-1.50000004787145,      1965P   4489
0.111224489795918,0.,-1.50000004787145,0.161224491391633,0.,        1965P   4490
-0.0166666666666667,0.0166666666666667,0.,0.,0.;                    1965P   4491
126,4,2,0,0,0,0,0.,0.,0.,1.5707963267949,1.5707963267949,           1967P   4492
3.14159265358979,3.14159265358979,3.14159265358979,1.,              1967P   4493
0.707106781186547,1.,0.707106781186548,1.,0.250000007978574,        1967P   4494
0.111224489795918,0.,0.250000007978574,0.111224489795918,           1967P   4495
0.250000007978574,1.53080854778887D-17,0.111224489795918,           1967P   4496
0.250000007978574,-0.250000007978574,0.111224489795918,             1967P   4497
0.250000007978574,-0.250000007978574,0.111224489795918,             1967P   4498
3.06161709557774D-17,0.,3.14159265358979,0.,0.,0.;                  1967P   4499
126,4,2,0,0,0,0,3.14159265358979,3.14159265358979,                  1969P   4500
3.14159265358979,4.71238898038469,4.71238898038469,                 1969P   4501
6.28318530717959,6.28318530717959,6.28318530717959,1.,              1969P   4502
0.707106781186548,1.,0.707106781186547,1.,-0.250000007978574,       1969P   4503
0.111224489795918,3.06161709557774D-17,-0.250000007978575,          1969P   4504
0.111224489795918,-0.250000007978574,-4.59242564336661D-17,         1969P   4505
0.111224489795918,-0.250000007978574,0.250000007978574,             1969P   4506
0.111224489795918,-0.250000007978575,0.250000007978574,             1969P   4507
0.111224489795918,-6.12323419115548D-17,3.14159265358979,           1969P   4508
6.28318530717959,0.,0.,0.;                                          1969P   4509
126,4,2,0,0,0,0,0.,0.,0.,1.5707963267949,1.5707963267949,           1971P   4510
3.14159265358979,3.14159265358979,3.14159265358979,1.,              1971P   4511
0.707106781186547,1.,0.707106781186548,1.,0.250000007978574,        1971P   4512
0.0500000015957149,0.,0.250000007978574,0.0500000015957149,         1971P   4513
0.250000007978574,1.53080854778887D-17,0.0500000015957149,          1971P   4514
0.250000007978574,-0.250000007978574,0.0500000015957149,            1971P   4515
0.250000007978574,-0.250000007978574,0.0500000015957149,            1971P   4516
3.06161709557774D-17,0.,3.14159265358979,0.,0.,0.;                  1971P   4517
126,4,2,0,0,0,0,3.14159265358979,3.14159265358979,                  1973P   4518
3.14159265358979,4.71238898038469,4.71238898038469,                 1973P   4519
6.28318530717959,6.28318530717959,6.28318530717959,1.,              1973P   4520
0.707106781186548,1.,0.707106781186547,1.,-0.250000007978574,       1973P   4521
0.0500000015957149,3.06161709557774D-17,-0.250000007978575,         1973P   4522
0.0500000015957149,-0.250000007978574,-4.59242564336661D-17,        1973P   4523
0.0500000015957149,-0.250000007978574,0.250000007978574,            1973P   4524
0.0500000015957149,-0.250000007978575,0.250000007978574,            1973P   4525
0.0500000015957149,-6.12323419115548D-17,3.14159265358979,          1973P   4526
6.28318530717959,0.,0.,0.;                                          1973P   4527
126,1,1,0,0,1,0,-0.122448972492533,-0.122448972492533,              1975P   4528
0.122448972492533,0.122448972492533,1.,1.,-0.250000007978574,       1975P   4529
0.0500000015957149,0.,-0.250000007978574,0.111224489795918,0.,      1975P   4530
-0.122448972492533,0.122448972492533,0.,0.,0.;                      1975P   4531
126,4,2,0,0,0,0,0.,0.,0.,1.5707963267949,1.5707963267949,           1977P   4532
3.14159265358979,3.14159265358979,3.14159265358979,1.,              1977P   4533
0.707106781186548,1.,0.707106781186548,1.,1.50000004787145,         1977P   4534
0.0500000015957149,0.,1.50000004787145,0.0500000015957149,          1977P   4535
1.50000004787145,9.18485128673322D-17,0.0500000015957149,           1977P   4536
1.50000004787145,-1.50000004787145,0.0500000015957149,              1977P   4537
1.50000004787145,-1.50000004787145,0.0500000015957149,              1977P   4538
1.83697025734664D-16,0.,3.14159265358979,0.,0.,0.;                  1977P   4539
126,4,2,0,0,0,0,3.14159265358979,3.14159265358979,                  1979P   4540
3.14159265358979,4.71238898038469,4.71238898038469,                 1979P   4541
6.28318530717959,6.28318530717959,6.28318530717959,1.,              1979P   4542
0.707106781186548,1.,0.707106781186548,1.,-1.50000004787145,        1979P   4543
0.0500000015957149,1.83697025734664D-16,-1.50000004787145,          1979P   4544
0.0500000015957149,-1.50000004787145,-2.75545538601997D-16,         1979P   4545
0.0500000015957149,-1.50000004787145,1.50000004787145,              1979P   4546
0.0500000015957149,-1.50000004787145,1.50000004787145,              1979P   4547
0.0500000015957149,-3.67394051469329D-16,3.14159265358979,          1979P   4548
6.28318530717959,0.,0.,0.;                                          1979P   4549
126,4,2,0,0,0,0,0.,0.,0.,1.5707963267949,1.5707963267949,           1981P   4550
3.14159265358979,3.14159265358979,3.14159265358979,1.,              1981P   4551
0.707106781186548,1.,0.707106781186548,1.,1.50000004787145,0.,      1981P   4552
0.,1.50000004787145,0.,1.50000004787145,9.18485128673322D-17,0.,    1981P   4553
1.50000004787145,-1.50000004787145,0.,1.50000004787145,             1981P   4554
-1.50000004787145,0.,1.83697025734664D-16,0.,3.14159265358979,      1981P   4555
0.,0.,0.;                                                           1981P   4556
126,4,2,0,0,0,0,3.14159265358979,3.14159265358979,                  1983P   4557
3.14159265358979,4.71238898038469,4.71238898038469,                 1983P   4558
6.28318530717959,6.28318530717959,6.28318530717959,1.,              1983P   4559
0.707106781186548,1.,0.707106781186548,1.,-1.50000004787145,0.,     1983P   4560
1.83697025734664D-16,-1.50000004787145,0.,-1.50000004787145,        1983P   4561
-2.75545538601997D-16,0.,-1.50000004787145,1.50000004787145,0.,     1983P   4562
-1.50000004787145,1.50000004787145,0.,-3.67394051469329D-16,        1983P   4563
3.14159265358979,6.28318530717959,0.,0.,0.;                         1983P   4564
126,1,1,0,0,1,0,-0.0166666666666667,-0.0166666666666667,            1985P   4565
0.0166666666666667,0.0166666666666667,1.,1.,-1.50000004787145,      1985P   4566
0.,0.,-1.50000004787145,0.0500000015957149,0.,                      1985P   4567
-0.0166666666666667,0.0166666666666667,0.,0.,0.;                    1985P   4568
128,1,1,1,1,0,0,1,0,0,-3.81100012159348,-3.81100012159348,          1987P   4569
3.81100012159348,3.81100012159348,-7.62100024318695,                1987P   4570
-7.62100024318695,0.001,0.001,1.,1.,1.,1.,-1.50039374865885,        1987P   4571
5.50000000159571,-1.50039374865885,-1.50039374865885,               1987P   4572
5.50000000159571,1.50039374865885,1.50039374865885,                 1987P   4573
5.50000000159571,-1.50039374865885,1.50039374865885,                1987P   4574
5.50000000159571,1.50039374865885,-3.81100012159348,                1987P   4575
3.81100012159348,-7.62100024318695,0.001;                           1987P   4576
128,1,8,1,2,0,1,0,0,1,-0.0166666666666667,-0.0166666666666667,      1989P   4577
0.0166666666666667,0.0166666666666667,-3.14159265358979,            1989P   4578
-3.14159265358979,-3.14159265358979,-1.5707963267949,               1989P   4579
-1.5707963267949,0.,0.,1.5707963267949,1.5707963267949,             1989P   4580
3.14159265358979,3.14159265358979,3.14159265358979,1.,1.,           1989P   4581
0.707106781186548,0.707106781186548,1.,1.,0.707106781186548,        1989P   4582
0.707106781186548,1.,1.,0.707106781186548,0.707106781186548,1.,     1989P   4583
1.,0.707106781186548,0.707106781186548,1.,1.,-1.50000004787145,     1989P   4584
5.45,0.,-1.50000004787145,5.50000000159571,0.,-1.50000004787145,    1989P   4585
5.45,-1.50000004787145,-1.50000004787145,5.50000000159571,          1989P   4586
-1.50000004787145,0.,5.45,-1.50000004787145,0.,5.50000000159571,    1989P   4587
-1.50000004787145,1.50000004787145,5.45,-1.50000004787145,          1989P   4588
1.50000004787145,5.50000000159571,-1.50000004787145,                1989P   4589
1.50000004787145,5.45,0.,1.50000004787145,5.50000000159571,0.,      1989P   4590
1.50000004787145,5.45,1.50000004787145,1.50000004787145,            1989P   4591
5.50000000159571,1.50000004787145,0.,5.45,1.50000004787145,0.,      1989P   4592
5.50000000159571,1.50000004787145,-1.50000004787145,5.45,           1989P   4593
1.50000004787145,-1.50000004787145,5.50000000159571,                1989P   4594
1.50000004787145,-1.50000004787145,5.45,0.,-1.50000004787145,       1989P   4595
5.50000000159571,0.,-0.0166666666666667,0.0166666666666667,         1989P   4596
-3.14159265358979,3.14159265358979;                                 1989P   4597
128,1,1,1,1,0,0,1,0,0,-3.81100012159348,-3.81100012159348,          1991P   4598
3.81100012159348,3.81100012159348,-4.44600014185905,                1991P   4599
-4.44600014185905,3.1760001013279,3.1760001013279,1.,1.,1.,1.,      1991P   4600
-1.50039374865885,5.45,1.50039374865885,-1.50039374865885,5.45,     1991P   4601
-1.50039374865885,1.50039374865885,5.45,1.50039374865885,           1991P   4602
1.50039374865885,5.45,-1.50039374865885,-3.81100012159348,          1991P   4603
3.81100012159348,-4.44600014185905,3.1760001013279;                 1991P   4604
128,1,8,1,2,0,1,0,0,1,-0.122448972492533,-0.122448972492533,        1993P   4605
0.122448972492533,0.122448972492533,-3.14159265358979,              1993P   4606
-3.14159265358979,-3.14159265358979,-1.5707963267949,               1993P   4607
-1.5707963267949,0.,0.,1.5707963267949,1.5707963267949,             1993P   4608
3.14159265358979,3.14159265358979,3.14159265358979,1.,1.,           1993P   4609
0.707106781186548,0.707106781186548,1.,1.,0.707106781186548,        1993P   4610
0.707106781186548,1.,1.,0.707106781186548,0.707106781186548,1.,     1993P   4611
1.,0.707106781186548,0.707106781186548,1.,1.,-0.250000007978574,    1993P   4612
5.3887755117998,0.,-0.250000007978574,5.45,0.,                      1993P   4613
-0.250000007978574,5.3887755117998,-0.250000007978574,              1993P   4614
-0.250000007978574,5.45,-0.250000007978574,0.,5.3887755117998,      1993P   4615
-0.250000007978574,0.,5.45,-0.250000007978574,0.250000007978574,    1993P   4616
5.3887755117998,-0.250000007978574,0.250000007978574,5.45,          1993P   4617
-0.250000007978574,0.250000007978574,5.3887755117998,0.,            1993P   4618
0.250000007978574,5.45,0.,0.250000007978574,5.3887755117998,        1993P   4619
0.250000007978574,0.250000007978574,5.45,0.250000007978574,0.,      1993P   4620
5.3887755117998,0.250000007978574,0.,5.45,0.250000007978574,        1993P   4621
-0.250000007978574,5.3887755117998,0.250000007978574,               1993P   4622
-0.250000007978574,5.45,0.250000007978574,-0.250000007978574,       1993P   4623
5.3887755117998,0.,-0.250000007978574,5.45,0.,                      1993P   4624
-0.122448972492533,0.122448972492533,-3.14159265358979,             1993P   4625
3.14159265358979;                                                   1993P   4626
128,1,1,1,1,0,0,1,0,0,-3.81100012159348,-3.81100012159348,          1995P   4627
3.81100012159348,3.81100012159348,-7.62100024318695,                1995P   4628
-7.62100024318695,0.001,0.001,1.,1.,1.,1.,-1.50039374865885,        1995P   4629
5.3887755117998,-1.50039374865885,-1.50039374865885,                1995P   4630
5.3887755117998,1.50039374865885,1.50039374865885,                  1995P   4631
5.3887755117998,-1.50039374865885,1.50039374865885,                 1995P   4632
5.3887755117998,1.50039374865885,-3.81100012159348,                 1995P   4633
3.81100012159348,-7.62100024318695,0.001;                           1995P   4634
128,1,8,1,2,0,1,0,0,1,-0.0166666666666667,-0.0166666666666667,      1997P   4635
0.0166666666666667,0.0166666666666667,-3.14159265358979,            1997P   4636
-3.14159265358979,-3.14159265358979,-1.5707963267949,               1997P   4637
-1.5707963267949,0.,0.,1.5707963267949,1.5707963267949,             1997P   4638
3.14159265358979,3.14159265358979,3.14159265358979,1.,1.,           1997P   4639
0.707106781186548,0.707106781186548,1.,1.,0.707106781186548,        1997P   4640
0.707106781186548,1.,1.,0.707106781186548,0.707106781186548,1.,     1997P   4641
1.,0.707106781186548,0.707106781186548,1.,1.,-1.50000004787145,     1997P   4642
5.33877551020408,0.,-1.50000004787145,5.3887755117998,0.,           1997P   4643
-1.50000004787145,5.33877551020408,-1.50000004787145,               1997P   4644
-1.50000004787145,5.3887755117998,-1.50000004787145,0.,             1997P   4645
5.33877551020408,-1.50000004787145,0.,5.3887755117998,              1997P   4646
-1.50000004787145,1.50000004787145,5.33877551020408,                1997P   4647
-1.50000004787145,1.50000004787145,5.3887755117998,                 1997P   4648
-1.50000004787145,1.50000004787145,5.33877551020408,0.,             1997P   4649
1.50000004787145,5.3887755117998,0.,1.50000004787145,               1997P   4650
5.33877551020408,1.50000004787145,1.50000004787145,                 1997P   4651
5.3887755117998,1.50000004787145,0.,5.33877551020408,               1997P   4652
1.50000004787145,0.,5.3887755117998,1.50000004787145,               1997P   4653
-1.50000004787145,5.33877551020408,1.50000004787145,                1997P   4654
-1.50000004787145,5.3887755117998,1.50000004787145,                 1997P   4655
-1.50000004787145,5.33877551020408,0.,-1.50000004787145,            1997P   4656
5.3887755117998,0.,-0.0166666666666667,0.0166666666666667,          1997P   4657
-3.14159265358979,3.14159265358979;                                 1997P   4658
128,1,1,1,1,0,0,1,0,0,-3.81100012159348,-3.81100012159348,          1999P   4659
3.81100012159348,3.81100012159348,-4.44600014185905,                1999P   4660
-4.44600014185905,3.1760001013279,3.1760001013279,1.,1.,1.,1.,      1999P   4661
-1.50039374865885,5.33877551020408,1.50039374865885,                1999P   4662
-1.50039374865885,5.33877551020408,-1.50039374865885,               1999P   4663
1.50039374865885,5.33877551020408,1.50039374865885,                 1999P   4664
1.50039374865885,5.33877551020408,-1.50039374865885,                1999P   4665
-3.81100012159348,3.81100012159348,-4.44600014185905,               1999P   4666
3.1760001013279;                                                    1999P   4667
128,1,8,1,2,0,1,0,0,1,-0.122448972492533,-0.122448972492533,        2001P   4668
0.122448972492533,0.122448972492533,-3.14159265358979,              2001P   4669
-3.14159265358979,-3.14159265358979,-1.5707963267949,               2001P   4670
-1.5707963267949,0.,0.,1.5707963267949,1.5707963267949,             2001P   4671
3.14159265358979,3.14159265358979,3.14159265358979,1.,1.,           2001P   4672
0.707106781186548,0.707106781186548,1.,1.,0.707106781186548,        2001P   4673
0.707106781186548,1.,1.,0.707106781186548,0.707106781186548,1.,     2001P   4674
1.,0.707106781186548,0.707106781186548,1.,1.,-0.250000007978574,    2001P   4675
5.27755102200388,0.,-0.250000007978574,5.33877551020408,0.,         2001P   4676
-0.250000007978574,5.27755102200388,-0.250000007978574,             2001P   4677
-0.250000007978574,5.33877551020408,-0.250000007978574,0.,          2001P   4678
5.27755102200388,-0.250000007978574,0.,5.33877551020408,            2001P   4679
-0.250000007978574,0.250000007978574,5.27755102200388,              2001P   4680
-0.250000007978574,0.250000007978574,5.33877551020408,              2001P   4681
-0.250000007978574,0.250000007978574,5.27755102200388,0.,           2001P   4682
0.250000007978574,5.33877551020408,0.,0.250000007978574,            2001P   4683
5.27755102200388,0.250000007978574,0.250000007978574,               2001P   4684
5.33877551020408,0.250000007978574,0.,5.27755102200388,             2001P   4685
0.250000007978574,0.,5.33877551020408,0.250000007978574,            2001P   4686
-0.250000007978574,5.27755102200388,0.250000007978574,              2001P   4687
-0.250000007978574,5.33877551020408,0.250000007978574,              2001P   4688
-0.250000007978574,5.27755102200388,0.,-0.250000007978574,          2001P   4689
5.33877551020408,0.,-0.122448972492533,0.122448972492533,           2001P   4690
-3.14159265358979,3.14159265358979;                                 2001P   4691
128,1,1,1,1,0,0,1,0,0,-3.81100012159348,-3.81100012159348,          2003P   4692
3.81100012159348,3.81100012159348,-7.62100024318695,                2003P   4693
-7.62100024318695,0.001,0.001,1.,1.,1.,1.,-1.50039374865885,        2003P   4694
5.27755102200388,-1.50039374865885,-1.50039374865885,               2003P   4695
5.27755102200388,1.50039374865885,1.50039374865885,                 2003P   4696
5.27755102200388,-1.50039374865885,1.50039374865885,                2003P   4697
5.27755102200388,1.50039374865885,-3.81100012159348,                2003P   4698
3.81100012159348,-7.62100024318695,0.001;                           2003P   4699
128,1,8,1,2,0,1,0,0,1,-0.0166666666666667,-0.0166666666666667,      2005P   4700
0.0166666666666667,0.0166666666666667,-3.14159265358979,            2005P   4701
-3.14159265358979,-3.14159265358979,-1.5707963267949,               2005P   4702
-1.5707963267949,0.,0.,1.5707963267949,1.5707963267949,             2005P   4703
3.14159265358979,3.14159265358979,3.14159265358979,1.,1.,           2005P   4704
0.707106781186548,0.707106781186548,1.,1.,0.707106781186548,        2005P   4705
0.707106781186548,1.,1.,0.707106781186548,0.707106781186548,1.,     2005P   4706
1.,0.707106781186548,0.707106781186548,1.,1.,-1.50000004787145,     2005P   4707
5.22755102040816,0.,-1.50000004787145,5.27755102200388,0.,          2005P   4708
-1.50000004787145,5.22755102040816,-1.50000004787145,               2005P   4709
-1.50000004787145,5.27755102200388,-1.50000004787145,0.,            2005P   4710
5.22755102040816,-1.50000004787145,0.,5.27755102200388,             2005P   4711
-1.50000004787145,1.50000004787145,5.22755102040816,                2005P   4712
-1.50000004787145,1.50000004787145,5.27755102200388,                2005P   4713
-1.50000004787145,1.50000004787145,5.22755102040816,0.,             2005P   4714
1.50000004787145,5.27755102200388,0.,1.50000004787145,              2005P   4715
5.22755102040816,1.50000004787145,1.50000004787145,                 2005P   4716
5.27755102200388,1.50000004787145,0.,5.22755102040816,              2005P   4717
1.50000004787145,0.,5.27755102200388,1.50000004787145,              2005P   4718
-1.50000004787145,5.22755102040816,1.50000004787145,                2005P   4719
-1.50000004787145,5.27755102200388,1.50000004787145,                2005P   4720
-1.50000004787145,5.22755102040816,0.,-1.50000004787145,            2005P   4721
5.27755102200388,0.,-0.0166666666666667,0.0166666666666667,         2005P   4722
-3.14159265358979,3.14159265358979;                                 2005P   4723
128,1,1,1,1,0,0,1,0,0,-3.81100012159348,-3.81100012159348,          2007P   4724
3.81100012159348,3.81100012159348,-4.44600014185905,                2007P   4725
-4.44600014185905,3.1760001013279,3.1760001013279,1.,1.,1.,1.,      2007P   4726
-1.50039374865885,5.22755102040816,1.50039374865885,                2007P   4727
-1.50039374865885,5.22755102040816,-1.50039374865885,               2007P   4728
1.50039374865885,5.22755102040816,1.50039374865885,                 2007P   4729
1.50039374865885,5.22755102040816,-1.50039374865885,                2007P   4730
-3.81100012159348,3.81100012159348,-4.44600014185905,               2007P   4731
3.1760001013279;                                                    2007P   4732
128,1,8,1,2,0,1,0,0,1,-0.122448972492536,-0.122448972492536,        2009P   4733
0.122448972492533,0.122448972492533,-3.14159265358979,              2009P   4734
-3.14159265358979,-3.14159265358979,-1.5707963267949,               2009P   4735
-1.5707963267949,0.,0.,1.5707963267949,1.5707963267949,             2009P   4736
3.14159265358979,3.14159265358979,3.14159265358979,1.,1.,           2009P   4737
0.707106781186548,0.707106781186548,1.,1.,0.707106781186548,        2009P   4738
0.707106781186548,1.,1.,0.707106781186548,0.707106781186548,1.,     2009P   4739
1.,0.707106781186548,0.707106781186548,1.,1.,-0.250000007978574,    2009P   4740
5.16632653220796,0.,-0.250000007978574,5.22755102040816,0.,         2009P   4741
-0.250000007978574,5.16632653220796,-0.250000007978574,             2009P   4742
-0.250000007978574,5.22755102040816,-0.250000007978574,0.,          2009P   4743
5.16632653220796,-0.250000007978574,0.,5.22755102040816,            2009P   4744
-0.250000007978574,0.250000007978574,5.16632653220796,              2009P   4745
-0.250000007978574,0.250000007978574,5.22755102040816,              2009P   4746
-0.250000007978574,0.250000007978574,5.16632653220796,0.,           2009P   4747
0.250000007978574,5.22755102040816,0.,0.250000007978574,            2009P   4748
5.16632653220796,0.250000007978574,0.250000007978574,               2009P   4749
5.22755102040816,0.250000007978574,0.,5.16632653220796,             2009P   4750
0.250000007978574,0.,5.22755102040816,0.250000007978574,            2009P   4751
-0.250000007978574,5.16632653220796,0.250000007978574,              2009P   4752
-0.250000007978574,5.22755102040816,0.250000007978574,              2009P   4753
-0.250000007978574,5.16632653220796,0.,-0.250000007978574,          2009P   4754
5.22755102040816,0.,-0.122448972492536,0.122448972492533,           2009P   4755
-3.14159265358979,3.14159265358979;                                 2009P   4756
128,1,1,1,1,0,0,1,0,0,-3.81100012159348,-3.81100012159348,          2011P   4757
3.81100012159348,3.81100012159348,-7.62100024318695,                2011P   4758
-7.62100024318695,0.001,0.001,1.,1.,1.,1.,-1.50039374865885,        2011P   4759
5.16632653220796,-1.50039374865885,-1.50039374865885,               2011P   4760
5.16632653220796,1.50039374865885,1.50039374865885,                 2011P   4761
5.16632653220796,-1.50039374865885,1.50039374865885,                2011P   4762
5.16632653220796,1.50039374865885,-3.81100012159348,                2011P   4763
3.81100012159348,-7.62100024318695,0.001;                           2011P   4764
128,1,8,1,2,0,1,0,0,1,-0.0166666666666667,-0.0166666666666667,      2013P   4765
0.0166666666666667,0.0166666666666667,-3.14159265358979,            2013P   4766
-3.14159265358979,-3.14159265358979,-1.5707963267949,               2013P   4767
-1.5707963267949,0.,0.,1.5707963267949,1.5707963267949,             2013P   4768
3.14159265358979,3.14159265358979,3.14159265358979,1.,1.,           2013P   4769
0.707106781186548,0.707106781186548,1.,1.,0.707106781186548,        2013P   4770
0.707106781186548,1.,1.,0.707106781186548,0.707106781186548,1.,     2013P   4771
1.,0.707106781186548,0.707106781186548,1.,1.,-1.50000004787145,     2013P   4772
5.11632653061224,0.,-1.50000004787145,5.16632653220796,0.,          2013P   4773
-1.50000004787145,5.11632653061224,-1.50000004787145,               2013P   4774
-1.50000004787145,5.16632653220796,-1.50000004787145,0.,            2013P   4775
5.11632653061224,-1.50000004787145,0.,5.16632653220796,             2013P   4776
-1.50000004787145,1.50000004787145,5.11632653061224,                2013P   4777
-1.50000004787145,1.50000004787145,5.16632653220796,                2013P   4778
-1.50000004787145,1.50000004787145,5.11632653061224,0.,             2013P   4779
1.50000004787145,5.16632653220796,0.,1.50000004787145,              2013P   4780
5.11632653061224,1.50000004787145,1.50000004787145,                 2013P   4781
5.16632653220796,1.50000004787145,0.,5.11632653061224,              2013P   4782
1.50000004787145,0.,5.16632653220796,1.50000004787145,              2013P   4783
-1.50000004787145,5.11632653061224,1.50000004787145,                2013P   4784
-1.50000004787145,5.16632653220796,1.50000004787145,                2013P   4785
-1.50000004787145,5.11632653061224,0.,-1.50000004787145,            2013P   4786
5.16632653220796,0.,-0.0166666666666667,0.0166666666666667,         2013P   4787
-3.14159265358979,3.14159265358979;                                 2013P   4788
128,1,1,1,1,0,0,1,0,0,-3.81100012159348,-3.81100012159348,          2015P   4789
3.81100012159348,3.81100012159348,-4.44600014185905,                2015P   4790
-4.44600014185905,3.1760001013279,3.1760001013279,1.,1.,1.,1.,      2015P   4791
-1.50039374865885,5.11632653061224,1.50039374865885,                2015P   4792
-1.50039374865885,5.11632653061224,-1.50039374865885,               2015P   4793
1.50039374865885,5.11632653061224,1.50039374865885,                 2015P   4794
1.50039374865885,5.11632653061224,-1.50039374865885,                2015P   4795
-3.81100012159348,3.81100012159348,-4.44600014185905,               2015P   4796
3.1760001013279;                                                    2015P   4797
128,1,8,1,2,0,1,0,0,1,-0.122448972492533,-0.122448972492533,        2017P   4798
0.122448972492533,0.122448972492533,-3.14159265358979,              2017P   4799
-3.14159265358979,-3.14159265358979,-1.5707963267949,               2017P   4800
-1.5707963267949,0.,0.,1.5707963267949,1.5707963267949,             2017P   4801
3.14159265358979,3.14159265358979,3.14159265358979,1.,1.,           2017P   4802
0.707106781186548,0.707106781186548,1.,1.,0.707106781186548,        2017P   4803
0.707106781186548,1.,1.,0.707106781186548,0.707106781186548,1.,     2017P   4804
1.,0.707106781186548,0.707106781186548,1.,1.,-0.250000007978574,    2017P   4805
5.05510204241204,0.,-0.250000007978574,5.11632653061224,0.,         2017P   4806
-0.250000007978574,5.05510204241204,-0.250000007978574,             2017P   4807
-0.250000007978574,5.11632653061224,-0.250000007978574,0.,          2017P   4808
5.05510204241204,-0.250000007978574,0.,5.11632653061224,            2017P   4809
-0.250000007978574,0.250000007978574,5.05510204241204,              2017P   4810
-0.250000007978574,0.250000007978574,5.11632653061224,              2017P   4811
-0.250000007978574,0.250000007978574,5.05510204241204,0.,           2017P   4812
0.250000007978574,5.11632653061224,0.,0.250000007978574,            2017P   4813
5.05510204241204,0.250000007978574,0.250000007978574,               2017P   4814
5.11632653061224,0.250000007978574,0.,5.05510204241204,             2017P   4815
0.250000007978574,0.,5.11632653061224,0.250000007978574,            2017P   4816
-0.250000007978574,5.05510204241204,0.250000007978574,              2017P   4817
-0.250000007978574,5.11632653061224,0.250000007978574,              2017P   4818
-0.250000007978574,5.05510204241204,0.,-0.250000007978574,          2017P   4819
5.11632653061224,0.,-0.122448972492533,0.122448972492533,           2017P   4820
-3.14159265358979,3.14159265358979;                                 2017P   4821
128,1,1,1,1,0,0,1,0,0,-3.81100012159348,-3.81100012159348,          2019P   4822
3.81100012159348,3.81100012159348,-7.62100024318695,                2019P   4823
-7.62100024318695,0.001,0.001,1.,1.,1.,1.,-1.50039374865885,        2019P   4824
5.05510204241204,-1.50039374865885,-1.50039374865885,               2019P   4825
5.05510204241204,1.50039374865885,1.50039374865885,                 2019P   4826
5.05510204241204,-1.50039374865885,1.50039374865885,                2019P   4827
5.05510204241204,1.50039374865885,-3.81100012159348,                2019P   4828
3.81100012159348,-7.62100024318695,0.001;                           2019P   4829
128,1,8,1,2,0,1,0,0,1,-0.0166666666666667,-0.0166666666666667,      2021P   4830
0.0166666666666667,0.0166666666666667,-3.14159265358979,            2021P   4831
-3.14159265358979,-3.14159265358979,-1.5707963267949,               2021P   4832
-1.5707963267949,0.,0.,1.5707963267949,1.5707963267949,             2021P   4833
3.14159265358979,3.14159265358979,3.14159265358979,1.,1.,           2021P   4834
0.707106781186548,0.707106781186548,1.,1.,0.707106781186548,        2021P   4835
0.707106781186548,1.,1.,0.707106781186548,0.707106781186548,1.,     2021P   4836
1.,0.707106781186548,0.707106781186548,1.,1.,-1.50000004787145,     2021P   4837
5.00510204081633,0.,-1.50000004787145,5.05510204241204,0.,          2021P   4838
-1.50000004787145,5.00510204081633,-1.50000004787145,               2021P   4839
-1.50000004787145,5.05510204241204,-1.50000004787145,0.,            2021P   4840
5.00510204081633,-1.50000004787145,0.,5.05510204241204,             2021P   4841
-1.50000004787145,1.50000004787145,5.00510204081633,                2021P   4842
-1.50000004787145,1.50000004787145,5.05510204241204,                2021P   4843
-1.50000004787145,1.50000004787145,5.00510204081633,0.,             2021P   4844
1.50000004787145,5.05510204241204,0.,1.50000004787145,              2021P   4845
5.00510204081633,1.50000004787145,1.50000004787145,                 2021P   4846
5.05510204241204,1.50000004787145,0.,5.00510204081633,              2021P   4847
1.50000004787145,0.,5.05510204241204,1.50000004787145,              2021P   4848
-1.50000004787145,5.00510204081633,1.50000004787145,                2021P   4849
-1.50000004787145,5.05510204241204,1.50000004787145,                2021P   4850
-1.50000004787145,5.00510204081633,0.,-1.50000004787145,            2021P   4851
5.05510204241204,0.,-0.0166666666666667,0.0166666666666667,         2021P   4852
-3.14159265358979,3.14159265358979;                                 2021P   4853
128,1,1,1,1,0,0,1,0,0,-3.81100012159348,-3.81100012159348,          2023P   4854
3.81100012159348,3.81100012159348,-4.44600014185905,                2023P   4855
-4.44600014185905,3.1760001013279,3.1760001013279,1.,1.,1.,1.,      2023P   4856
-1.50039374865885,5.00510204081633,1.50039374865885,                2023P   4857
-1.50039374865885,5.00510204081633,-1.50039374865885,               2023P   4858
1.50039374865885,5.00510204081633,1.50039374865885,                 2023P   4859
1.50039374865885,5.00510204081633,-1.50039374865885,                2023P   4860
-3.81100012159348,3.81100012159348,-4.44600014185905,               2023P   4861
3.1760001013279;                                                    2023P   4862
128,1,8,1,2,0,1,0,0,1,-0.122448972492533,-0.122448972492533,        2025P   4863
0.122448972492536,0.122448972492536,-3.14159265358979,              2025P   4864
-3.14159265358979,-3.14159265358979,-1.5707963267949,               2025P   4865
-1.5707963267949,0.,0.,1.5707963267949,1.5707963267949,             2025P   4866
3.14159265358979,3.14159265358979,3.14159265358979,1.,1.,           2025P   4867
0.707106781186548,0.707106781186548,1.,1.,0.707106781186548,        2025P   4868
0.707106781186548,1.,1.,0.707106781186548,0.707106781186548,1.,     2025P   4869
1.,0.707106781186548,0.707106781186548,1.,1.,-0.250000007978574,    2025P   4870
4.94387755261612,0.,-0.250000007978574,5.00510204081633,0.,         2025P   4871
-0.250000007978574,4.94387755261612,-0.250000007978574,             2025P   4872
-0.250000007978574,5.00510204081633,-0.250000007978574,0.,          2025P   4873
4.94387755261612,-0.250000007978574,0.,5.00510204081633,            2025P   4874
-0.250000007978574,0.250000007978574,4.94387755261612,              2025P   4875
-0.250000007978574,0.250000007978574,5.00510204081633,              2025P   4876
-0.250000007978574,0.250000007978574,4.94387755261612,0.,           2025P   4877
0.250000007978574,5.00510204081633,0.,0.250000007978574,            2025P   4878
4.94387755261612,0.250000007978574,0.250000007978574,               2025P   4879
5.00510204081633,0.250000007978574,0.,4.94387755261612,             2025P   4880
0.250000007978574,0.,5.00510204081633,0.250000007978574,            2025P   4881
-0.250000007978574,4.94387755261612,0.250000007978574,              2025P   4882
-0.250000007978574,5.00510204081633,0.250000007978574,              2025P   4883
-0.250000007978574,4.94387755261612,0.,-0.250000007978574,          2025P   4884
5.00510204081633,0.,-0.122448972492533,0.122448972492536,           2025P   4885
-3.14159265358979,3.14159265358979;                                 2025P   4886
128,1,1,1,1,0,0,1,0,0,-3.81100012159348,-3.81100012159348,          2027P   4887
3.81100012159348,3.81100012159348,-7.62100024318695,                2027P   4888
-7.62100024318695,0.001,0.001,1.,1.,1.,1.,-1.50039374865885,        2027P   4889
4.94387755261612,-1.50039374865885,-1.50039374865885,               2027P   4890
4.94387755261612,1.50039374865885,1.50039374865885,                 2027P   4891
4.94387755261612,-1.50039374865885,1.50039374865885,                2027P   4892
4.94387755261612,1.50039374865885,-3.81100012159348,                2027P   4893
3.81100012159348,-7.62100024318695,0.001;                           2027P   4894
128,1,8,1,2,0,1,0,0,1,-0.0166666666666667,-0.0166666666666667,      2029P   4895
0.0166666666666667,0.0166666666666667,-3.14159265358979,            2029P   4896
-3.14159265358979,-3.14159265358979,-1.5707963267949,               2029P   4897
-1.5707963267949,0.,0.,1.5707963267949,1.5707963267949,             2029P   4898
3.14159265358979,3.14159265358979,3.14159265358979,1.,1.,           2029P   4899
0.707106781186548,0.707106781186548,1.,1.,0.707106781186548,        2029P   4900
0.707106781186548,1.,1.,0.707106781186548,0.707106781186548,1.,     2029P   4901
1.,0.707106781186548,0.707106781186548,1.,1.,-1.50000004787145,     2029P   4902
4.89387755102041,0.,-1.50000004787145,4.94387755261612,0.,          2029P   4903
-1.50000004787145,4.89387755102041,-1.50000004787145,               2029P   4904
-1.50000004787145,4.94387755261612,-1.50000004787145,0.,            2029P   4905
4.89387755102041,-1.50000004787145,0.,4.94387755261612,             2029P   4906
-1.50000004787145,1.50000004787145,4.89387755102041,                2029P   4907
-1.50000004787145,1.50000004787145,4.94387755261612,                2029P   4908
-1.50000004787145,1.50000004787145,4.89387755102041,0.,             2029P   4909
1.50000004787145,4.94387755261612,0.,1.50000004787145,              2029P   4910
4.89387755102041,1.50000004787145,1.50000004787145,                 2029P   4911
4.94387755261612,1.50000004787145,0.,4.89387755102041,              2029P   4912
1.50000004787145,0.,4.94387755261612,1.50000004787145,              2029P   4913
-1.50000004787145,4.89387755102041,1.50000004787145,                2029P   4914
-1.50000004787145,4.94387755261612,1.50000004787145,                2029P   4915
-1.50000004787145,4.89387755102041,0.,-1.50000004787145,            2029P   4916
4.94387755261612,0.,-0.0166666666666667,0.0166666666666667,         2029P   4917
-3.14159265358979,3.14159265358979;                                 2029P   4918
128,1,1,1,1,0,0,1,0,0,-3.81100012159348,-3.81100012159348,          2031P   4919
3.81100012159348,3.81100012159348,-4.44600014185905,                2031P   4920
-4.44600014185905,3.1760001013279,3.1760001013279,1.,1.,1.,1.,      2031P   4921
-1.50039374865885,4.89387755102041,1.50039374865885,                2031P   4922
-1.50039374865885,4.89387755102041,-1.50039374865885,               2031P   4923
1.50039374865885,4.89387755102041,1.50039374865885,                 2031P   4924
1.50039374865885,4.89387755102041,-1.50039374865885,                2031P   4925
-3.81100012159348,3.81100012159348,-4.44600014185905,               2031P   4926
3.1760001013279;                                                    2031P   4927
128,1,8,1,2,0,1,0,0,1,-0.122448972492533,-0.122448972492533,        2033P   4928
0.122448972492533,0.122448972492533,-3.14159265358979,              2033P   4929
-3.14159265358979,-3.14159265358979,-1.5707963267949,               2033P   4930
-1.5707963267949,0.,0.,1.5707963267949,1.5707963267949,             2033P   4931
3.14159265358979,3.14159265358979,3.14159265358979,1.,1.,           2033P   4932
0.707106781186548,0.707106781186548,1.,1.,0.707106781186548,        2033P   4933
0.707106781186548,1.,1.,0.707106781186548,0.707106781186548,1.,     2033P   4934
1.,0.707106781186548,0.707106781186548,1.,1.,-0.250000007978574,    2033P   4935
4.8326530628202,0.,-0.250000007978574,4.89387755102041,0.,          2033P   4936
-0.250000007978574,4.8326530628202,-0.250000007978574,              2033P   4937
-0.250000007978574,4.89387755102041,-0.250000007978574,0.,          2033P   4938
4.8326530628202,-0.250000007978574,0.,4.89387755102041,             2033P   4939
-0.250000007978574,0.250000007978574,4.8326530628202,               2033P   4940
-0.250000007978574,0.250000007978574,4.89387755102041,              2033P   4941
-0.250000007978574,0.250000007978574,4.8326530628202,0.,            2033P   4942
0.250000007978574,4.89387755102041,0.,0.250000007978574,            2033P   4943
4.8326530628202,0.250000007978574,0.250000007978574,                2033P   4944
4.89387755102041,0.250000007978574,0.,4.8326530628202,              2033P   4945
0.250000007978574,0.,4.89387755102041,0.250000007978574,            2033P   4946
-0.250000007978574,4.8326530628202,0.250000007978574,               2033P   4947
-0.250000007978574,4.89387755102041,0.250000007978574,              2033P   4948
-0.250000007978574,4.8326530628202,0.,-0.250000007978574,           2033P   4949
4.89387755102041,0.,-0.122448972492533,0.122448972492533,           2033P   4950
-3.14159265358979,3.14159265358979;                                 2033P   4951
128,1,1,1,1,0,0,1,0,0,-3.81100012159348,-3.81100012159348,          2035P   4952
3.81100012159348,3.81100012159348,-7.62100024318695,                2035P   4953
-7.62100024318695,0.001,0.001,1.,1.,1.,1.,-1.50039374865885,        2035P   4954
4.8326530628202,-1.50039374865885,-1.50039374865885,                2035P   4955
4.8326530628202,1.50039374865885,1.50039374865885,                  2035P   4956
4.8326530628202,-1.50039374865885,1.50039374865885,                 2035P   4957
4.8326530628202,1.50039374865885,-3.81100012159348,                 2035P   4958
3.81100012159348,-7.62100024318695,0.001;                           2035P   4959
128,1,8,1,2,0,1,0,0,1,-0.0166666666666667,-0.0166666666666667,      2037P   4960
0.0166666666666667,0.0166666666666667,-3.14159265358979,            2037P   4961
-3.14159265358979,-3.14159265358979,-1.5707963267949,               2037P   4962
-1.5707963267949,0.,0.,1.5707963267949,1.5707963267949,             2037P   4963
3.14159265358979,3.14159265358979,3.14159265358979,1.,1.,           2037P   4964
0.707106781186548,0.707106781186548,1.,1.,0.707106781186548,        2037P   4965
0.707106781186548,1.,1.,0.707106781186548,0.707106781186548,1.,     2037P   4966
1.,0.707106781186548,0.707106781186548,1.,1.,-1.50000004787145,     2037P   4967
4.78265306122449,0.,-1.50000004787145,4.8326530628202,0.,           2037P   4968
-1.50000004787145,4.78265306122449,-1.50000004787145,               2037P   4969
-1.50000004787145,4.8326530628202,-1.50000004787145,0.,             2037P   4970
4.78265306122449,-1.50000004787145,0.,4.8326530628202,              2037P   4971
-1.50000004787145,1.50000004787145,4.78265306122449,                2037P   4972
-1.50000004787145,1.50000004787145,4.8326530628202,                 2037P   4973
-1.50000004787145,1.50000004787145,4.78265306122449,0.,             2037P   4974
1.50000004787145,4.8326530628202,0.,1.50000004787145,               2037P   4975
4.78265306122449,1.50000004787145,1.50000004787145,                 2037P   4976
4.8326530628202,1.50000004787145,0.,4.78265306122449,               2037P   4977
1.50000004787145,0.,4.8326530628202,1.50000004787145,               2037P   4978
-1.50000004787145,4.78265306122449,1.50000004787145,                2037P   4979
-1.50000004787145,4.8326530628202,1.50000004787145,                 2037P   4980
-1.50000004787145,4.78265306122449,0.,-1.50000004787145,            2037P   4981
4.8326530628202,0.,-0.0166666666666667,0.0166666666666667,          2037P   4982
-3.14159265358979,3.14159265358979;                                 2037P   4983
128,1,1,1,1,0,0,1,0,0,-3.81100012159348,-3.81100012159348,          2039P   4984
3.81100012159348,3.81100012159348,-4.44600014185905,                2039P   4985
-4.44600014185905,3.1760001013279,3.1760001013279,1.,1.,1.,1.,      2039P   4986
-1.50039374865885,4.78265306122449,1.50039374865885,                2039P   4987
-1.50039374865885,4.78265306122449,-1.50039374865885,               2039P   4988
1.50039374865885,4.78265306122449,1.50039374865885,                 2039P   4989
1.50039374865885,4.78265306122449,-1.50039374865885,                2039P   4990
-3.81100012159348,3.81100012159348,-4.44600014185905,               2039P   4991
3.1760001013279;                                                    2039P   4992
128,1,8,1,2,0,1,0,0,1,-0.122448972492536,-0.122448972492536,        2041P   4993
0.122448972492533,0.122448972492533,-3.14159265358979,              2041P   4994
-3.14159265358979,-3.14159265358979,-1.5707963267949,               2041P   4995
-1.5707963267949,0.,0.,1.5707963267949,1.5707963267949,             2041P   4996
3.14159265358979,3.14159265358979,3.14159265358979,1.,1.,           2041P   4997
0.707106781186548,0.707106781186548,1.,1.,0.707106781186548,        2041P   4998
0.707106781186548,1.,1.,0.707106781186548,0.707106781186548,1.,     2041P   4999
1.,0.707106781186548,0.707106781186548,1.,1.,-0.250000007978574,    2041P   5000
4.72142857302429,0.,-0.250000007978574,4.78265306122449,0.,         2041P   5001
-0.250000007978574,4.72142857302429,-0.250000007978574,             2041P   5002
-0.250000007978574,4.78265306122449,-0.250000007978574,0.,          2041P   5003
4.72142857302429,-0.250000007978574,0.,4.78265306122449,            2041P   5004
-0.250000007978574,0.250000007978574,4.72142857302429,              2041P   5005
-0.250000007978574,0.250000007978574,4.78265306122449,              2041P   5006
-0.250000007978574,0.250000007978574,4.72142857302429,0.,           2041P   5007
0.250000007978574,4.78265306122449,0.,0.250000007978574,            2041P   5008
4.72142857302429,0.250000007978574,0.250000007978574,               2041P   5009
4.78265306122449,0.250000007978574,0.,4.72142857302429,             2041P   5010
0.250000007978574,0.,4.78265306122449,0.250000007978574,            2041P   5011
-0.250000007978574,4.72142857302429,0.250000007978574,              2041P   5012
-0.250000007978574,4.78265306122449,0.250000007978574,              2041P   5013
-0.250000007978574,4.72142857302429,0.,-0.250000007978574,          2041P   5014
4.78265306122449,0.,-0.122448972492536,0.122448972492533,           2041P   5015
-3.14159265358979,3.14159265358979;                                 2041P   5016
128,1,1,1,1,0,0,1,0,0,-3.81100012159348,-3.81100012159348,          2043P   5017
3.81100012159348,3.81100012159348,-7.62100024318695,                2043P   5018
-7.62100024318695,0.001,0.001,1.,1.,1.,1.,-1.50039374865885,        2043P   5019
4.72142857302429,-1.50039374865885,-1.50039374865885,               2043P   5020
4.72142857302429,1.50039374865885,1.50039374865885,                 2043P   5021
4.72142857302429,-1.50039374865885,1.50039374865885,                2043P   5022
4.72142857302429,1.50039374865885,-3.81100012159348,                2043P   5023
3.81100012159348,-7.62100024318695,0.001;                           2043P   5024
128,1,8,1,2,0,1,0,0,1,-0.0166666666666667,-0.0166666666666667,      2045P   5025
0.0166666666666667,0.0166666666666667,-3.14159265358979,            2045P   5026
-3.14159265358979,-3.14159265358979,-1.5707963267949,               2045P   5027
-1.5707963267949,0.,0.,1.5707963267949,1.5707963267949,             2045P   5028
3.14159265358979,3.14159265358979,3.14159265358979,1.,1.,           2045P   5029
0.707106781186548,0.707106781186548,1.,1.,0.707106781186548,        2045P   5030
0.707106781186548,1.,1.,0.707106781186548,0.707106781186548,1.,     2045P   5031
1.,0.707106781186548,0.707106781186548,1.,1.,-1.50000004787145,     2045P   5032
4.67142857142857,0.,-1.50000004787145,4.72142857302429,0.,          2045P   5033
-1.50000004787145,4.67142857142857,-1.50000004787145,               2045P   5034
-1.50000004787145,4.72142857302429,-1.50000004787145,0.,            2045P   5035
4.67142857142857,-1.50000004787145,0.,4.72142857302429,             2045P   5036
-1.50000004787145,1.50000004787145,4.67142857142857,                2045P   5037
-1.50000004787145,1.50000004787145,4.72142857302429,                2045P   5038
-1.50000004787145,1.50000004787145,4.67142857142857,0.,             2045P   5039
1.50000004787145,4.72142857302429,0.,1.50000004787145,              2045P   5040
4.67142857142857,1.50000004787145,1.50000004787145,                 2045P   5041
4.72142857302429,1.50000004787145,0.,4.67142857142857,              2045P   5042
1.50000004787145,0.,4.72142857302429,1.50000004787145,              2045P   5043
-1.50000004787145,4.67142857142857,1.50000004787145,                2045P   5044
-1.50000004787145,4.72142857302429,1.50000004787145,                2045P   5045
-1.50000004787145,4.67142857142857,0.,-1.50000004787145,            2045P   5046
4.72142857302429,0.,-0.0166666666666667,0.0166666666666667,         2045P   5047
-3.14159265358979,3.14159265358979;                                 2045P   5048
128,1,1,1,1,0,0,1,0,0,-3.81100012159348,-3.81100012159348,          2047P   5049
3.81100012159348,3.81100012159348,-4.44600014185905,                2047P   5050
-4.44600014185905,3.1760001013279,3.1760001013279,1.,1.,1.,1.,      2047P   5051
-1.50039374865885,4.67142857142857,1.50039374865885,                2047P   5052
-1.50039374865885,4.67142857142857,-1.50039374865885,               2047P   5053
1.50039374865885,4.67142857142857,1.50039374865885,                 2047P   5054
1.50039374865885,4.67142857142857,-1.50039374865885,                2047P   5055
-3.81100012159348,3.81100012159348,-4.44600014185905,               2047P   5056
3.1760001013279;                                                    2047P   5057
128,1,8,1,2,0,1,0,0,1,-0.122448972492533,-0.122448972492533,        2049P   5058
0.122448972492533,0.122448972492533,-3.14159265358979,              2049P   5059
-3.14159265358979,-3.14159265358979,-1.5707963267949,               2049P   5060
-1.5707963267949,0.,0.,1.5707963267949,1.5707963267949,             2049P   5061
3.14159265358979,3.14159265358979,3.14159265358979,1.,1.,           2049P   5062
0.707106781186548,0.707106781186548,1.,1.,0.707106781186548,        2049P   5063
0.707106781186548,1.,1.,0.707106781186548,0.707106781186548,1.,     2049P   5064
1.,0.707106781186548,0.707106781186548,1.,1.,-0.250000007978574,    2049P   5065
4.61020408322837,0.,-0.250000007978574,4.67142857142857,0.,         2049P   5066
-0.250000007978574,4.61020408322837,-0.250000007978574,             2049P   5067
-0.250000007978574,4.67142857142857,-0.250000007978574,0.,          2049P   5068
4.61020408322837,-0.250000007978574,0.,4.67142857142857,            2049P   5069
-0.250000007978574,0.250000007978574,4.61020408322837,              2049P   5070
-0.250000007978574,0.250000007978574,4.67142857142857,              2049P   5071
-0.250000007978574,0.250000007978574,4.61020408322837,0.,           2049P   5072
0.250000007978574,4.67142857142857,0.,0.250000007978574,            2049P   5073
4.61020408322837,0.250000007978574,0.250000007978574,               2049P   5074
4.67142857142857,0.250000007978574,0.,4.61020408322837,             2049P   5075
0.250000007978574,0.,4.67142857142857,0.250000007978574,            2049P   5076
-0.250000007978574,4.61020408322837,0.250000007978574,              2049P   5077
-0.250000007978574,4.67142857142857,0.250000007978574,              2049P   5078
-0.250000007978574,4.61020408322837,0.,-0.250000007978574,          2049P   5079
4.67142857142857,0.,-0.122448972492533,0.122448972492533,           2049P   5080
-3.14159265358979,3.14159265358979;                                 2049P   5081
128,1,1,1,1,0,0,1,0,0,-3.81100012159348,-3.81100012159348,          2051P   5082
3.81100012159348,3.81100012159348,-7.62100024318695,                2051P   5083
-7.62100024318695,0.001,0.001,1.,1.,1.,1.,-1.50039374865885,        2051P   5084
4.61020408322837,-1.50039374865885,-1.50039374865885,               2051P   5085
4.61020408322837,1.50039374865885,1.50039374865885,                 2051P   5086
4.61020408322837,-1.50039374865885,1.50039374865885,                2051P   5087
4.61020408322837,1.50039374865885,-3.81100012159348,                2051P   5088
3.81100012159348,-7.62100024318695,0.001;                           2051P   5089
128,1,8,1,2,0,1,0,0,1,-0.0166666666666667,-0.0166666666666667,      2053P   5090
0.0166666666666667,0.0166666666666667,-3.14159265358979,            2053P   5091
-3.14159265358979,-3.14159265358979,-1.5707963267949,               2053P   5092
-1.5707963267949,0.,0.,1.5707963267949,1.5707963267949,             2053P   5093
3.14159265358979,3.14159265358979,3.14159265358979,1.,1.,           2053P   5094
0.707106781186548,0.707106781186548,1.,1.,0.707106781186548,        2053P   5095
0.707106781186548,1.,1.,0.707106781186548,0.707106781186548,1.,     2053P   5096
1.,0.707106781186548,0.707106781186548,1.,1.,-1.50000004787145,     2053P   5097
4.56020408163265,0.,-1.50000004787145,4.61020408322837,0.,          2053P   5098
-1.50000004787145,4.56020408163265,-1.50000004787145,               2053P   5099
-1.50000004787145,4.61020408322837,-1.50000004787145,0.,            2053P   5100
4.56020408163265,-1.50000004787145,0.,4.61020408322837,             2053P   5101
-1.50000004787145,1.50000004787145,4.56020408163265,                2053P   5102
-1.50000004787145,1.50000004787145,4.61020408322837,                2053P   5103
-1.50000004787145,1.50000004787145,4.56020408163265,0.,             2053P   5104
1.50000004787145,4.61020408322837,0.,1.50000004787145,              2053P   5105
4.56020408163265,1.50000004787145,1.50000004787145,                 2053P   5106
4.61020408322837,1.50000004787145,0.,4.56020408163265,              2053P   5107
1.50000004787145,0.,4.61020408322837,1.50000004787145,              2053P   5108
-1.50000004787145,4.56020408163265,1.50000004787145,                2053P   5109
-1.50000004787145,4.61020408322837,1.50000004787145,                2053P   5110
-1.50000004787145,4.56020408163265,0.,-1.50000004787145,            2053P   5111
4.61020408322837,0.,-0.0166666666666667,0.0166666666666667,         2053P   5112
-3.14159265358979,3.14159265358979;                                 2053P   5113
128,1,1,1,1,0,0,1,0,0,-3.81100012159348,-3.81100012159348,          2055P   5114
3.81100012159348,3.81100012159348,-4.44600014185905,                2055P   5115
-4.44600014185905,3.1760001013279,3.1760001013279,1.,1.,1.,1.,      2055P   5116
-1.50039374865885,4.56020408163265,1.50039374865885,                2055P   5117
-1.50039374865885,4.56020408163265,-1.50039374865885,               2055P   5118
1.50039374865885,4.56020408163265,1.50039374865885,                 2055P   5119
1.50039374865885,4.56020408163265,-1.50039374865885,                2055P   5120
-3.81100012159348,3.81100012159348,-4.44600014185905,               2055P   5121
3.1760001013279;                                                    2055P   5122
128,1,8,1,2,0,1,0,0,1,-0.122448972492533,-0.122448972492533,        2057P   5123
0.122448972492533,0.122448972492533,-3.14159265358979,              2057P   5124
-3.14159265358979,-3.14159265358979,-1.5707963267949,               2057P   5125
-1.5707963267949,0.,0.,1.5707963267949,1.5707963267949,             2057P   5126
3.14159265358979,3.14159265358979,3.14159265358979,1.,1.,           2057P   5127
0.707106781186548,0.707106781186548,1.,1.,0.707106781186548,        2057P   5128
0.707106781186548,1.,1.,0.707106781186548,0.707106781186548,1.,     2057P   5129
1.,0.707106781186548,0.707106781186548,1.,1.,-0.250000007978574,    2057P   5130
4.49897959343245,0.,-0.250000007978574,4.56020408163265,0.,         2057P   5131
-0.250000007978574,4.49897959343245,-0.250000007978574,             2057P   5132
-0.250000007978574,4.56020408163265,-0.250000007978574,0.,          2057P   5133
4.49897959343245,-0.250000007978574,0.,4.56020408163265,            2057P   5134
-0.250000007978574,0.250000007978574,4.49897959343245,              2057P   5135
-0.250000007978574,0.250000007978574,4.56020408163265,              2057P   5136
-0.250000007978574,0.250000007978574,4.49897959343245,0.,           2057P   5137
0.250000007978574,4.56020408163265,0.,0.250000007978574,            2057P   5138
4.49897959343245,0.250000007978574,0.250000007978574,               2057P   5139
4.56020408163265,0.250000007978574,0.,4.49897959343245,             2057P   5140
0.250000007978574,0.,4.56020408163265,0.250000007978574,            2057P   5141
-0.250000007978574,4.49897959343245,0.250000007978574,              2057P   5142
-0.250000007978574,4.56020408163265,0.250000007978574,              2057P   5143
-0.250000007978574,4.49897959343245,0.,-0.250000007978574,          2057P   5144
4.56020408163265,0.,-0.122448972492533,0.122448972492533,           2057P   5145
-3.14159265358979,3.14159265358979;                                 2057P   5146
128,1,1,1,1,0,0,1,0,0,-3.81100012159348,-3.81100012159348,          2059P   5147
3.81100012159348,3.81100012159348,-7.62100024318695,                2059P   5148
-7.62100024318695,0.001,0.001,1.,1.,1.,1.,-1.50039374865885,        2059P   5149
4.49897959343245,-1.50039374865885,-1.50039374865885,               2059P   5150
4.49897959343245,1.50039374865885,1.50039374865885,                 2059P   5151
4.49897959343245,-1.50039374865885,1.50039374865885,                2059P   5152
4.49897959343245,1.50039374865885,-3.81100012159348,                2059P   5153
3.81100012159348,-7.62100024318695,0.001;                           2059P   5154
128,1,8,1,2,0,1,0,0,1,-0.0166666666666667,-0.0166666666666667,      2061P   5155
0.0166666666666667,0.0166666666666667,-3.14159265358979,            2061P   5156
-3.14159265358979,-3.14159265358979,-1.5707963267949,               2061P   5157
-1.5707963267949,0.,0.,1.5707963267949,1.5707963267949,             2061P   5158
3.14159265358979,3.14159265358979,3.14159265358979,1.,1.,           2061P   5159
0.707106781186548,0.707106781186548,1.,1.,0.707106781186548,        2061P   5160
0.707106781186548,1.,1.,0.707106781186548,0.707106781186548,1.,     2061P   5161
1.,0.707106781186548,0.707106781186548,1.,1.,-1.50000004787145,     2061P   5162
4.44897959183673,0.,-1.50000004787145,4.49897959343245,0.,          2061P   5163
-1.50000004787145,4.44897959183673,-1.50000004787145,               2061P   5164
-1.50000004787145,4.49897959343245,-1.50000004787145,0.,            2061P   5165
4.44897959183673,-1.50000004787145,0.,4.49897959343245,             2061P   5166
-1.50000004787145,1.50000004787145,4.44897959183673,                2061P   5167
-1.50000004787145,1.50000004787145,4.49897959343245,                2061P   5168
-1.50000004787145,1.50000004787145,4.44897959183673,0.,             2061P   5169
1.50000004787145,4.49897959343245,0.,1.50000004787145,              2061P   5170
4.44897959183673,1.50000004787145,1.50000004787145,                 2061P   5171
4.49897959343245,1.50000004787145,0.,4.44897959183673,              2061P   5172
1.50000004787145,0.,4.49897959343245,1.50000004787145,              2061P   5173
-1.50000004787145,4.44897959183673,1.50000004787145,                2061P   5174
-1.50000004787145,4.49897959343245,1.50000004787145,                2061P   5175
-1.50000004787145,4.44897959183673,0.,-1.50000004787145,            2061P   5176
4.49897959343245,0.,-0.0166666666666667,0.0166666666666667,         2061P   5177
-3.14159265358979,3.14159265358979;                                 2061P   5178
128,1,1,1,1,0,0,1,0,0,-3.81100012159348,-3.81100012159348,          2063P   5179
3.81100012159348,3.81100012159348,-4.44600014185905,                2063P   5180
-4.44600014185905,3.1760001013279,3.1760001013279,1.,1.,1.,1.,      2063P   5181
-1.50039374865885,4.44897959183673,1.50039374865885,                2063P   5182
-1.50039374865885,4.44897959183673,-1.50039374865885,               2063P   5183
1.50039374865885,4.44897959183673,1.50039374865885,                 2063P   5184
1.50039374865885,4.44897959183673,-1.50039374865885,                2063P   5185
-3.81100012159348,3.81100012159348,-4.44600014185905,               2063P   5186
3.1760001013279;                                                    2063P   5187
128,1,8,1,2,0,1,0,0,1,-0.122448972492533,-0.122448972492533,        2065P   5188
0.122448972492536,0.122448972492536,-3.14159265358979,              2065P   5189
-3.14159265358979,-3.14159265358979,-1.5707963267949,               2065P   5190
-1.5707963267949,0.,0.,1.5707963267949,1.5707963267949,             2065P   5191
3.14159265358979,3.14159265358979,3.14159265358979,1.,1.,           2065P   5192
0.707106781186548,0.707106781186548,1.,1.,0.707106781186548,        2065P   5193
0.707106781186548,1.,1.,0.707106781186548,0.707106781186548,1.,     2065P   5194
1.,0.707106781186548,0.707106781186548,1.,1.,-0.250000007978574,    2065P   5195
4.38775510363653,0.,-0.250000007978574,4.44897959183673,0.,         2065P   5196
-0.250000007978574,4.38775510363653,-0.250000007978574,             2065P   5197
-0.250000007978574,4.44897959183673,-0.250000007978574,0.,          2065P   5198
4.38775510363653,-0.250000007978574,0.,4.44897959183673,            2065P   5199
-0.250000007978574,0.250000007978574,4.38775510363653,              2065P   5200
-0.250000007978574,0.250000007978574,4.44897959183673,              2065P   5201
-0.250000007978574,0.250000007978574,4.38775510363653,0.,           2065P   5202
0.250000007978574,4.44897959183673,0.,0.250000007978574,            2065P   5203
4.38775510363653,0.250000007978574,0.250000007978574,               2065P   5204
4.44897959183673,0.250000007978574,0.,4.38775510363653,             2065P   5205
0.250000007978574,0.,4.44897959183673,0.250000007978574,            2065P   5206
-0.250000007978574,4.38775510363653,0.250000007978574,              2065P   5207
-0.250000007978574,4.44897959183673,0.250000007978574,              2065P   5208
-0.250000007978574,4.38775510363653,0.,-0.250000007978574,          2065P   5209
4.44897959183673,0.,-0.122448972492533,0.122448972492536,           2065P   5210
-3.14159265358979,3.14159265358979;                                 2065P   5211
128,1,1,1,1,0,0,1,0,0,-3.81100012159348,-3.81100012159348,          2067P   5212
3.81100012159348,3.81100012159348,-7.62100024318695,                2067P   5213
-7.62100024318695,0.001,0.001,1.,1.,1.,1.,-1.50039374865885,        2067P   5214
4.38775510363653,-1.50039374865885,-1.50039374865885,               2067P   5215
4.38775510363653,1.50039374865885,1.50039374865885,                 2067P   5216
4.38775510363653,-1.50039374865885,1.50039374865885,                2067P   5217
4.38775510363653,1.50039374865885,-3.81100012159348,                2067P   5218
3.81100012159348,-7.62100024318695,0.001;                           2067P   5219
128,1,8,1,2,0,1,0,0,1,-0.0166666666666667,-0.0166666666666667,      2069P   5220
0.0166666666666667,0.0166666666666667,-3.14159265358979,            2069P   5221
-3.14159265358979,-3.14159265358979,-1.5707963267949,               2069P   5222
-1.5707963267949,0.,0.,1.5707963267949,1.5707963267949,             2069P   5223
3.14159265358979,3.14159265358979,3.14159265358979,1.,1.,           2069P   5224
0.707106781186548,0.707106781186548,1.,1.,0.707106781186548,        2069P   5225
0.707106781186548,1.,1.,0.707106781186548,0.707106781186548,1.,     2069P   5226
1.,0.707106781186548,0.707106781186548,1.,1.,-1.50000004787145,     2069P   5227
4.33775510204082,0.,-1.50000004787145,4.38775510363653,0.,          2069P   5228
-1.50000004787145,4.33775510204082,-1.50000004787145,               2069P   5229
-1.50000004787145,4.38775510363653,-1.50000004787145,0.,            2069P   5230
4.33775510204082,-1.50000004787145,0.,4.38775510363653,             2069P   5231
-1.50000004787145,1.50000004787145,4.33775510204082,                2069P   5232
-1.50000004787145,1.50000004787145,4.38775510363653,                2069P   5233
-1.50000004787145,1.50000004787145,4.33775510204082,0.,             2069P   5234
1.50000004787145,4.38775510363653,0.,1.50000004787145,              2069P   5235
4.33775510204082,1.50000004787145,1.50000004787145,                 2069P   5236
4.38775510363653,1.50000004787145,0.,4.33775510204082,              2069P   5237
1.50000004787145,0.,4.38775510363653,1.50000004787145,              2069P   5238
-1.50000004787145,4.33775510204082,1.50000004787145,                2069P   5239
-1.50000004787145,4.38775510363653,1.50000004787145,                2069P   5240
-1.50000004787145,4.33775510204082,0.,-1.50000004787145,            2069P   5241
4.38775510363653,0.,-0.0166666666666667,0.0166666666666667,         2069P   5242
-3.14159265358979,3.14159265358979;                                 2069P   5243
128,1,1,1,1,0,0,1,0,0,-3.81100012159348,-3.81100012159348,          2071P   5244
3.81100012159348,3.81100012159348,-4.44600014185905,                2071P   5245
-4.44600014185905,3.1760001013279,3.1760001013279,1.,1.,1.,1.,      2071P   5246
-1.50039374865885,4.33775510204082,1.50039374865885,                2071P   5247
-1.50039374865885,4.33775510204082,-1.50039374865885,               2071P   5248
1.50039374865885,4.33775510204082,1.50039374865885,                 2071P   5249
1.50039374865885,4.33775510204082,-1.50039374865885,                2071P   5250
-3.81100012159348,3.81100012159348,-4.44600014185905,               2071P   5251
3.1760001013279;                                                    2071P   5252
128,1,8,1,2,0,1,0,0,1,-0.122448972492533,-0.122448972492533,        2073P   5253
0.122448972492533,0.122448972492533,-3.14159265358979,              2073P   5254
-3.14159265358979,-3.14159265358979,-1.5707963267949,               2073P   5255
-1.5707963267949,0.,0.,1.5707963267949,1.5707963267949,             2073P   5256
3.14159265358979,3.14159265358979,3.14159265358979,1.,1.,           2073P   5257
0.707106781186548,0.707106781186548,1.,1.,0.707106781186548,        2073P   5258
0.707106781186548,1.,1.,0.707106781186548,0.707106781186548,1.,     2073P   5259
1.,0.707106781186548,0.707106781186548,1.,1.,-0.250000007978574,    2073P   5260
4.27653061384061,0.,-0.250000007978574,4.33775510204082,0.,         2073P   5261
-0.250000007978574,4.27653061384061,-0.250000007978574,             2073P   5262
-0.250000007978574,4.33775510204082,-0.250000007978574,0.,          2073P   5263
4.27653061384061,-0.250000007978574,0.,4.33775510204082,            2073P   5264
-0.250000007978574,0.250000007978574,4.27653061384061,              2073P   5265
-0.250000007978574,0.250000007978574,4.33775510204082,              2073P   5266
-0.250000007978574,0.250000007978574,4.27653061384061,0.,           2073P   5267
0.250000007978574,4.33775510204082,0.,0.250000007978574,            2073P   5268
4.27653061384061,0.250000007978574,0.250000007978574,               2073P   5269
4.33775510204082,0.250000007978574,0.,4.27653061384061,             2073P   5270
0.250000007978574,0.,4.33775510204082,0.250000007978574,            2073P   5271
-0.250000007978574,4.27653061384061,0.250000007978574,              2073P   5272
-0.250000007978574,4.33775510204082,0.250000007978574,              2073P   5273
-0.250000007978574,4.27653061384061,0.,-0.250000007978574,          2073P   5274
4.33775510204082,0.,-0.122448972492533,0.122448972492533,           2073P   5275
-3.14159265358979,3.14159265358979;                                 2073P   5276
128,1,1,1,1,0,0,1,0,0,-3.81100012159348,-3.81100012159348,          2075P   5277
3.81100012159348,3.81100012159348,-7.62100024318695,                2075P   5278
-7.62100024318695,0.001,0.001,1.,1.,1.,1.,-1.50039374865885,        2075P   5279
4.27653061384061,-1.50039374865885,-1.50039374865885,               2075P   5280
4.27653061384061,1.50039374865885,1.50039374865885,                 2075P   5281
4.27653061384061,-1.50039374865885,1.50039374865885,                2075P   5282
4.27653061384061,1.50039374865885,-3.81100012159348,                2075P   5283
3.81100012159348,-7.62100024318695,0.001;                           2075P   5284
128,1,8,1,2,0,1,0,0,1,-0.0166666666666667,-0.0166666666666667,      2077P   5285
0.0166666666666667,0.0166666666666667,-3.14159265358979,            2077P   5286
-3.14159265358979,-3.14159265358979,-1.5707963267949,               2077P   5287
-1.5707963267949,0.,0.,1.5707963267949,1.5707963267949,             2077P   5288
3.14159265358979,3.14159265358979,3.14159265358979,1.,1.,           2077P   5289
0.707106781186548,0.707106781186548,1.,1.,0.707106781186548,        2077P   5290
0.707106781186548,1.,1.,0.707106781186548,0.707106781186548,1.,     2077P   5291
1.,0.707106781186548,0.707106781186548,1.,1.,-1.50000004787145,     2077P   5292
4.2265306122449,0.,-1.50000004787145,4.27653061384061,0.,           2077P   5293
-1.50000004787145,4.2265306122449,-1.50000004787145,                2077P   5294
-1.50000004787145,4.27653061384061,-1.50000004787145,0.,            2077P   5295
4.2265306122449,-1.50000004787145,0.,4.27653061384061,              2077P   5296
-1.50000004787145,1.50000004787145,4.2265306122449,                 2077P   5297
-1.50000004787145,1.50000004787145,4.27653061384061,                2077P   5298
-1.50000004787145,1.50000004787145,4.2265306122449,0.,              2077P   5299
1.50000004787145,4.27653061384061,0.,1.50000004787145,              2077P   5300
4.2265306122449,1.50000004787145,1.50000004787145,                  2077P   5301
4.27653061384061,1.50000004787145,0.,4.2265306122449,               2077P   5302
1.50000004787145,0.,4.27653061384061,1.50000004787145,              2077P   5303
-1.50000004787145,4.2265306122449,1.50000004787145,                 2077P   5304
-1.50000004787145,4.27653061384061,1.50000004787145,                2077P   5305
-1.50000004787145,4.2265306122449,0.,-1.50000004787145,             2077P   5306
4.27653061384061,0.,-0.0166666666666667,0.0166666666666667,         2077P   5307
-3.14159265358979,3.14159265358979;                                 2077P   5308
128,1,1,1,1,0,0,1,0,0,-3.81100012159348,-3.81100012159348,          2079P   5309
3.81100012159348,3.81100012159348,-4.44600014185905,                2079P   5310
-4.44600014185905,3.1760001013279,3.1760001013279,1.,1.,1.,1.,      2079P   5311
-1.50039374865885,4.2265306122449,1.50039374865885,                 2079P   5312
-1.50039374865885,4.2265306122449,-1.50039374865885,                2079P   5313
1.50039374865885,4.2265306122449,1.50039374865885,                  2079P   5314
1.50039374865885,4.2265306122449,-1.50039374865885,                 2079P   5315
-3.81100012159348,3.81100012159348,-4.44600014185905,               2079P   5316
3.1760001013279;                                                    2079P   5317
128,1,8,1,2,0,1,0,0,1,-0.122448972492536,-0.122448972492536,        2081P   5318
0.122448972492533,0.122448972492533,-3.14159265358979,              2081P   5319
-3.14159265358979,-3.14159265358979,-1.5707963267949,               2081P   5320
-1.5707963267949,0.,0.,1.5707963267949,1.5707963267949,             2081P   5321
3.14159265358979,3.14159265358979,3.14159265358979,1.,1.,           2081P   5322
0.707106781186548,0.707106781186548,1.,1.,0.707106781186548,        2081P   5323
0.707106781186548,1.,1.,0.707106781186548,0.707106781186548,1.,     2081P   5324
1.,0.707106781186548,0.707106781186548,1.,1.,-0.250000007978574,    2081P   5325
4.16530612404469,0.,-0.250000007978574,4.2265306122449,0.,          2081P   5326
-0.250000007978574,4.16530612404469,-0.250000007978574,             2081P   5327
-0.250000007978574,4.2265306122449,-0.250000007978574,0.,           2081P   5328
4.16530612404469,-0.250000007978574,0.,4.2265306122449,             2081P   5329
-0.250000007978574,0.250000007978574,4.16530612404469,              2081P   5330
-0.250000007978574,0.250000007978574,4.2265306122449,               2081P   5331
-0.250000007978574,0.250000007978574,4.16530612404469,0.,           2081P   5332
0.250000007978574,4.2265306122449,0.,0.250000007978574,             2081P   5333
4.16530612404469,0.250000007978574,0.250000007978574,               2081P   5334
4.2265306122449,0.250000007978574,0.,4.16530612404469,              2081P   5335
0.250000007978574,0.,4.2265306122449,0.250000007978574,             2081P   5336
-0.250000007978574,4.16530612404469,0.250000007978574,              2081P   5337
-0.250000007978574,4.2265306122449,0.250000007978574,               2081P   5338
-0.250000007978574,4.16530612404469,0.,-0.250000007978574,          2081P   5339
4.2265306122449,0.,-0.122448972492536,0.122448972492533,            2081P   5340
-3.14159265358979,3.14159265358979;                                 2081P   5341
128,1,1,1,1,0,0,1,0,0,-3.81100012159348,-3.81100012159348,          2083P   5342
3.81100012159348,3.81100012159348,-7.62100024318695,                2083P   5343
-7.62100024318695,0.001,0.001,1.,1.,1.,1.,-1.50039374865885,        2083P   5344
4.16530612404469,-1.50039374865885,-1.50039374865885,               2083P   5345
4.16530612404469,1.50039374865885,1.50039374865885,                 2083P   5346
4.16530612404469,-1.50039374865885,1.50039374865885,                2083P   5347
4.16530612404469,1.50039374865885,-3.81100012159348,                2083P   5348
3.81100012159348,-7.62100024318695,0.001;                           2083P   5349
128,1,8,1,2,0,1,0,0,1,-0.0166666666666667,-0.0166666666666667,      2085P   5350
0.0166666666666667,0.0166666666666667,-3.14159265358979,            2085P   5351
-3.14159265358979,-3.14159265358979,-1.5707963267949,               2085P   5352
-1.5707963267949,0.,0.,1.5707963267949,1.5707963267949,             2085P   5353
3.14159265358979,3.14159265358979,3.14159265358979,1.,1.,           2085P   5354
0.707106781186548,0.707106781186548,1.,1.,0.707106781186548,        2085P   5355
0.707106781186548,1.,1.,0.707106781186548,0.707106781186548,1.,     2085P   5356
1.,0.707106781186548,0.707106781186548,1.,1.,-1.50000004787145,     2085P   5357
4.11530612244898,0.,-1.50000004787145,4.16530612404469,0.,          2085P   5358
-1.50000004787145,4.11530612244898,-1.50000004787145,               2085P   5359
-1.50000004787145,4.16530612404469,-1.50000004787145,0.,            2085P   5360
4.11530612244898,-1.50000004787145,0.,4.16530612404469,             2085P   5361
-1.50000004787145,1.50000004787145,4.11530612244898,                2085P   5362
-1.50000004787145,1.50000004787145,4.16530612404469,                2085P   5363
-1.50000004787145,1.50000004787145,4.11530612244898,0.,             2085P   5364
1.50000004787145,4.16530612404469,0.,1.50000004787145,              2085P   5365
4.11530612244898,1.50000004787145,1.50000004787145,                 2085P   5366
4.16530612404469,1.50000004787145,0.,4.11530612244898,              2085P   5367
1.50000004787145,0.,4.16530612404469,1.50000004787145,              2085P   5368
-1.50000004787145,4.11530612244898,1.50000004787145,                2085P   5369
-1.50000004787145,4.16530612404469,1.50000004787145,                2085P   5370
-1.50000004787145,4.11530612244898,0.,-1.50000004787145,            2085P   5371
4.16530612404469,0.,-0.0166666666666667,0.0166666666666667,         2085P   5372
-3.14159265358979,3.14159265358979;                                 2085P   5373
128,1,1,1,1,0,0,1,0,0,-3.81100012159348,-3.81100012159348,          2087P   5374
3.81100012159348,3.81100012159348,-4.44600014185905,                2087P   5375
-4.44600014185905,3.1760001013279,3.1760001013279,1.,1.,1.,1.,      2087P   5376
-1.50039374865885,4.11530612244898,1.50039374865885,                2087P   5377
-1.50039374865885,4.11530612244898,-1.50039374865885,               2087P   5378
1.50039374865885,4.11530612244898,1.50039374865885,                 2087P   5379
1.50039374865885,4.11530612244898,-1.50039374865885,                2087P   5380
-3.81100012159348,3.81100012159348,-4.44600014185905,               2087P   5381
3.1760001013279;                                                    2087P   5382
128,1,8,1,2,0,1,0,0,1,-0.122448972492533,-0.122448972492533,        2089P   5383
0.122448972492533,0.122448972492533,-3.14159265358979,              2089P   5384
-3.14159265358979,-3.14159265358979,-1.5707963267949,               2089P   5385
-1.5707963267949,0.,0.,1.5707963267949,1.5707963267949,             2089P   5386
3.14159265358979,3.14159265358979,3.14159265358979,1.,1.,           2089P   5387
0.707106781186548,0.707106781186548,1.,1.,0.707106781186548,        2089P   5388
0.707106781186548,1.,1.,0.707106781186548,0.707106781186548,1.,     2089P   5389
1.,0.707106781186548,0.707106781186548,1.,1.,-0.250000007978574,    2089P   5390
4.05408163424878,0.,-0.250000007978574,4.11530612244898,0.,         2089P   5391
-0.250000007978574,4.05408163424878,-0.250000007978574,             2089P   5392
-0.250000007978574,4.11530612244898,-0.250000007978574,0.,          2089P   5393
4.05408163424878,-0.250000007978574,0.,4.11530612244898,            2089P   5394
-0.250000007978574,0.250000007978574,4.05408163424878,              2089P   5395
-0.250000007978574,0.250000007978574,4.11530612244898,              2089P   5396
-0.250000007978574,0.250000007978574,4.05408163424878,0.,           2089P   5397
0.250000007978574,4.11530612244898,0.,0.250000007978574,            2089P   5398
4.05408163424878,0.250000007978574,0.250000007978574,               2089P   5399
4.11530612244898,0.250000007978574,0.,4.05408163424878,             2089P   5400
0.250000007978574,0.,4.11530612244898,0.250000007978574,            2089P   5401
-0.250000007978574,4.05408163424878,0.250000007978574,              2089P   5402
-0.250000007978574,4.11530612244898,0.250000007978574,              2089P   5403
-0.250000007978574,4.05408163424878,0.,-0.250000007978574,          2089P   5404
4.11530612244898,0.,-0.122448972492533,0.122448972492533,           2089P   5405
-3.14159265358979,3.14159265358979;                                 2089P   5406
128,1,1,1,1,0,0,1,0,0,-3.81100012159348,-3.81100012159348,          2091P   5407
3.81100012159348,3.81100012159348,-7.62100024318695,                2091P   5408
-7.62100024318695,0.001,0.001,1.,1.,1.,1.,-1.50039374865885,        2091P   5409
4.05408163424878,-1.50039374865885,-1.50039374865885,               2091P   5410
4.05408163424878,1.50039374865885,1.50039374865885,                 2091P   5411
4.05408163424878,-1.50039374865885,1.50039374865885,                2091P   5412
4.05408163424878,1.50039374865885,-3.81100012159348,                2091P   5413
3.81100012159348,-7.62100024318695,0.001;                           2091P   5414
128,1,8,1,2,0,1,0,0,1,-0.0166666666666667,-0.0166666666666667,      2093P   5415
0.0166666666666667,0.0166666666666667,-3.14159265358979,            2093P   5416
-3.14159265358979,-3.14159265358979,-1.5707963267949,               2093P   5417
-1.5707963267949,0.,0.,1.5707963267949,1.5707963267949,             2093P   5418
3.14159265358979,3.14159265358979,3.14159265358979,1.,1.,           2093P   5419
0.707106781186548,0.707106781186548,1.,1.,0.707106781186548,        2093P   5420
0.707106781186548,1.,1.,0.707106781186548,0.707106781186548,1.,     2093P   5421
1.,0.707106781186548,0.707106781186548,1.,1.,-1.50000004787145,     2093P   5422
4.00408163265306,0.,-1.50000004787145,4.05408163424878,0.,          2093P   5423
-1.50000004787145,4.00408163265306,-1.50000004787145,               2093P   5424
-1.50000004787145,4.05408163424878,-1.50000004787145,0.,            2093P   5425
4.00408163265306,-1.50000004787145,0.,4.05408163424878,             2093P   5426
-1.50000004787145,1.50000004787145,4.00408163265306,                2093P   5427
-1.50000004787145,1.50000004787145,4.05408163424878,                2093P   5428
-1.50000004787145,1.50000004787145,4.00408163265306,0.,             2093P   5429
1.50000004787145,4.05408163424878,0.,1.50000004787145,              2093P   5430
4.00408163265306,1.50000004787145,1.50000004787145,                 2093P   5431
4.05408163424878,1.50000004787145,0.,4.00408163265306,              2093P   5432
1.50000004787145,0.,4.05408163424878,1.50000004787145,              2093P   5433
-1.50000004787145,4.00408163265306,1.50000004787145,                2093P   5434
-1.50000004787145,4.05408163424878,1.50000004787145,                2093P   5435
-1.50000004787145,4.00408163265306,0.,-1.50000004787145,            2093P   5436
4.05408163424878,0.,-0.0166666666666667,0.0166666666666667,         2093P   5437
-3.14159265358979,3.14159265358979;                                 2093P   5438
128,1,1,1,1,0,0,1,0,0,-3.81100012159348,-3.81100012159348,          2095P   5439
3.81100012159348,3.81100012159348,-4.44600014185905,                2095P   5440
-4.44600014185905,3.1760001013279,3.1760001013279,1.,1.,1.,1.,      2095P   5441
-1.50039374865885,4.00408163265306,1.50039374865885,                2095P   5442
-1.50039374865885,4.00408163265306,-1.50039374865885,               2095P   5443
1.50039374865885,4.00408163265306,1.50039374865885,                 2095P   5444
1.50039374865885,4.00408163265306,-1.50039374865885,                2095P   5445
-3.81100012159348,3.81100012159348,-4.44600014185905,               2095P   5446
3.1760001013279;                                                    2095P   5447
128,1,8,1,2,0,1,0,0,1,-0.122448972492533,-0.122448972492533,        2097P   5448
0.122448972492536,0.122448972492536,-3.14159265358979,              2097P   5449
-3.14159265358979,-3.14159265358979,-1.5707963267949,               2097P   5450
-1.5707963267949,0.,0.,1.5707963267949,1.5707963267949,             2097P   5451
3.14159265358979,3.14159265358979,3.14159265358979,1.,1.,           2097P   5452
0.707106781186548,0.707106781186548,1.,1.,0.707106781186548,        2097P   5453
0.707106781186548,1.,1.,0.707106781186548,0.707106781186548,1.,     2097P   5454
1.,0.707106781186548,0.707106781186548,1.,1.,-0.250000007978574,    2097P   5455
3.94285714445286,0.,-0.250000007978574,4.00408163265306,0.,         2097P   5456
-0.250000007978574,3.94285714445286,-0.250000007978574,             2097P   5457
-0.250000007978574,4.00408163265306,-0.250000007978574,0.,          2097P   5458
3.94285714445286,-0.250000007978574,0.,4.00408163265306,            2097P   5459
-0.250000007978574,0.250000007978574,3.94285714445286,              2097P   5460
-0.250000007978574,0.250000007978574,4.00408163265306,              2097P   5461
-0.250000007978574,0.250000007978574,3.94285714445286,0.,           2097P   5462
0.250000007978574,4.00408163265306,0.,0.250000007978574,            2097P   5463
3.94285714445286,0.250000007978574,0.250000007978574,               2097P   5464
4.00408163265306,0.250000007978574,0.,3.94285714445286,             2097P   5465
0.250000007978574,0.,4.00408163265306,0.250000007978574,            2097P   5466
-0.250000007978574,3.94285714445286,0.250000007978574,              2097P   5467
-0.250000007978574,4.00408163265306,0.250000007978574,              2097P   5468
-0.250000007978574,3.94285714445286,0.,-0.250000007978574,          2097P   5469
4.00408163265306,0.,-0.122448972492533,0.122448972492536,           2097P   5470
-3.14159265358979,3.14159265358979;                                 2097P   5471
128,1,1,1,1,0,0,1,0,0,-3.81100012159348,-3.81100012159348,          2099P   5472
3.81100012159348,3.81100012159348,-7.62100024318695,                2099P   5473
-7.62100024318695,0.001,0.001,1.,1.,1.,1.,-1.50039374865885,        2099P   5474
3.94285714445286,-1.50039374865885,-1.50039374865885,               2099P   5475
3.94285714445286,1.50039374865885,1.50039374865885,                 2099P   5476
3.94285714445286,-1.50039374865885,1.50039374865885,                2099P   5477
3.94285714445286,1.50039374865885,-3.81100012159348,                2099P   5478
3.81100012159348,-7.62100024318695,0.001;                           2099P   5479
128,1,8,1,2,0,1,0,0,1,-0.0166666666666667,-0.0166666666666667,      2101P   5480
0.0166666666666667,0.0166666666666667,-3.14159265358979,            2101P   5481
-3.14159265358979,-3.14159265358979,-1.5707963267949,               2101P   5482
-1.5707963267949,0.,0.,1.5707963267949,1.5707963267949,             2101P   5483
3.14159265358979,3.14159265358979,3.14159265358979,1.,1.,           2101P   5484
0.707106781186548,0.707106781186548,1.,1.,0.707106781186548,        2101P   5485
0.707106781186548,1.,1.,0.707106781186548,0.707106781186548,1.,     2101P   5486
1.,0.707106781186548,0.707106781186548,1.,1.,-1.50000004787145,     2101P   5487
3.89285714285714,0.,-1.50000004787145,3.94285714445286,0.,          2101P   5488
-1.50000004787145,3.89285714285714,-1.50000004787145,               2101P   5489
-1.50000004787145,3.94285714445286,-1.50000004787145,0.,            2101P   5490
3.89285714285714,-1.50000004787145,0.,3.94285714445286,             2101P   5491
-1.50000004787145,1.50000004787145,3.89285714285714,                2101P   5492
-1.50000004787145,1.50000004787145,3.94285714445286,                2101P   5493
-1.50000004787145,1.50000004787145,3.89285714285714,0.,             2101P   5494
1.50000004787145,3.94285714445286,0.,1.50000004787145,              2101P   5495
3.89285714285714,1.50000004787145,1.50000004787145,                 2101P   5496
3.94285714445286,1.50000004787145,0.,3.89285714285714,              2101P   5497
1.50000004787145,0.,3.94285714445286,1.50000004787145,              2101P   5498
-1.50000004787145,3.89285714285714,1.50000004787145,                2101P   5499
-1.50000004787145,3.94285714445286,1.50000004787145,                2101P   5500
-1.50000004787145,3.89285714285714,0.,-1.50000004787145,            2101P   5501
3.94285714445286,0.,-0.0166666666666667,0.0166666666666667,         2101P   5502
-3.14159265358979,3.14159265358979;                                 2101P   5503
128,1,1,1,1,0,0,1,0,0,-3.81100012159348,-3.81100012159348,          2103P   5504
3.81100012159348,3.81100012159348,-4.44600014185905,                2103P   5505
-4.44600014185905,3.1760001013279,3.1760001013279,1.,1.,1.,1.,      2103P   5506
-1.50039374865885,3.89285714285714,1.50039374865885,                2103P   5507
-1.50039374865885,3.89285714285714,-1.50039374865885,               2103P   5508
1.50039374865885,3.89285714285714,1.50039374865885,                 2103P   5509
1.50039374865885,3.89285714285714,-1.50039374865885,                2103P   5510
-3.81100012159348,3.81100012159348,-4.44600014185905,               2103P   5511
3.1760001013279;                                                    2103P   5512
128,1,8,1,2,0,1,0,0,1,-0.122448972492533,-0.122448972492533,        2105P   5513
0.122448972492533,0.122448972492533,-3.14159265358979,              2105P   5514
-3.14159265358979,-3.14159265358979,-1.5707963267949,               2105P   5515
-1.5707963267949,0.,0.,1.5707963267949,1.5707963267949,             2105P   5516
3.14159265358979,3.14159265358979,3.14159265358979,1.,1.,           2105P   5517
0.707106781186548,0.707106781186548,1.,1.,0.707106781186548,        2105P   5518
0.707106781186548,1.,1.,0.707106781186548,0.707106781186548,1.,     2105P   5519
1.,0.707106781186548,0.707106781186548,1.,1.,-0.250000007978574,    2105P   5520
3.83163265465694,0.,-0.250000007978574,3.89285714285714,0.,         2105P   5521
-0.250000007978574,3.83163265465694,-0.250000007978574,             2105P   5522
-0.250000007978574,3.89285714285714,-0.250000007978574,0.,          2105P   5523
3.83163265465694,-0.250000007978574,0.,3.89285714285714,            2105P   5524
-0.250000007978574,0.250000007978574,3.83163265465694,              2105P   5525
-0.250000007978574,0.250000007978574,3.89285714285714,              2105P   5526
-0.250000007978574,0.250000007978574,3.83163265465694,0.,           2105P   5527
0.250000007978574,3.89285714285714,0.,0.250000007978574,            2105P   5528
3.83163265465694,0.250000007978574,0.250000007978574,               2105P   5529
3.89285714285714,0.250000007978574,0.,3.83163265465694,             2105P   5530
0.250000007978574,0.,3.89285714285714,0.250000007978574,            2105P   5531
-0.250000007978574,3.83163265465694,0.250000007978574,              2105P   5532
-0.250000007978574,3.89285714285714,0.250000007978574,              2105P   5533
-0.250000007978574,3.83163265465694,0.,-0.250000007978574,          2105P   5534
3.89285714285714,0.,-0.122448972492533,0.122448972492533,           2105P   5535
-3.14159265358979,3.14159265358979;                                 2105P   5536
128,1,1,1,1,0,0,1,0,0,-3.81100012159348,-3.81100012159348,          2107P   5537
3.81100012159348,3.81100012159348,-7.62100024318695,                2107P   5538
-7.62100024318695,0.001,0.001,1.,1.,1.,1.,-1.50039374865885,        2107P   5539
3.83163265465694,-1.50039374865885,-1.50039374865885,               2107P   5540
3.83163265465694,1.50039374865885,1.50039374865885,                 2107P   5541
3.83163265465694,-1.50039374865885,1.50039374865885,                2107P   5542
3.83163265465694,1.50039374865885,-3.81100012159348,                2107P   5543
3.81100012159348,-7.62100024318695,0.001;                           2107P   5544
128,1,8,1,2,0,1,0,0,1,-0.0166666666666667,-0.0166666666666667,      2109P   5545
0.0166666666666667,0.0166666666666667,-3.14159265358979,            2109P   5546
-3.14159265358979,-3.14159265358979,-1.5707963267949,               2109P   5547
-1.5707963267949,0.,0.,1.5707963267949,1.5707963267949,             2109P   5548
3.14159265358979,3.14159265358979,3.14159265358979,1.,1.,           2109P   5549
0.707106781186548,0.707106781186548,1.,1.,0.707106781186548,        2109P   5550
0.707106781186548,1.,1.,0.707106781186548,0.707106781186548,1.,     2109P   5551
1.,0.707106781186548,0.707106781186548,1.,1.,-1.50000004787145,     2109P   5552
3.78163265306122,0.,-1.50000004787145,3.83163265465694,0.,          2109P   5553
-1.50000004787145,3.78163265306122,-1.50000004787145,               2109P   5554
-1.50000004787145,3.83163265465694,-1.50000004787145,0.,            2109P   5555
3.78163265306122,-1.50000004787145,0.,3.83163265465694,             2109P   5556
-1.50000004787145,1.50000004787145,3.78163265306122,                2109P   5557
-1.50000004787145,1.50000004787145,3.83163265465694,                2109P   5558
-1.50000004787145,1.50000004787145,3.78163265306122,0.,             2109P   5559
1.50000004787145,3.83163265465694,0.,1.50000004787145,              2109P   5560
3.78163265306122,1.50000004787145,1.50000004787145,                 2109P   5561
3.83163265465694,1.50000004787145,0.,3.78163265306122,              2109P   5562
1.50000004787145,0.,3.83163265465694,1.50000004787145,              2109P   5563
-1.50000004787145,3.78163265306122,1.50000004787145,                2109P   5564
-1.50000004787145,3.83163265465694,1.50000004787145,                2109P   5565
-1.50000004787145,3.78163265306122,0.,-1.50000004787145,            2109P   5566
3.83163265465694,0.,-0.0166666666666667,0.0166666666666667,         2109P   5567
-3.14159265358979,3.14159265358979;                                 2109P   5568
128,1,1,1,1,0,0,1,0,0,-3.81100012159348,-3.81100012159348,          2111P   5569
3.81100012159348,3.81100012159348,-4.44600014185905,                2111P   5570
-4.44600014185905,3.1760001013279,3.1760001013279,1.,1.,1.,1.,      2111P   5571
-1.50039374865885,3.78163265306122,1.50039374865885,                2111P   5572
-1.50039374865885,3.78163265306122,-1.50039374865885,               2111P   5573
1.50039374865885,3.78163265306122,1.50039374865885,                 2111P   5574
1.50039374865885,3.78163265306122,-1.50039374865885,                2111P   5575
-3.81100012159348,3.81100012159348,-4.44600014185905,               2111P   5576
3.1760001013279;                                                    2111P   5577
128,1,8,1,2,0,1,0,0,1,-0.122448972492536,-0.122448972492536,        2113P   5578
0.122448972492533,0.122448972492533,-3.14159265358979,              2113P   5579
-3.14159265358979,-3.14159265358979,-1.5707963267949,               2113P   5580
-1.5707963267949,0.,0.,1.5707963267949,1.5707963267949,             2113P   5581
3.14159265358979,3.14159265358979,3.14159265358979,1.,1.,           2113P   5582
0.707106781186548,0.707106781186548,1.,1.,0.707106781186548,        2113P   5583
0.707106781186548,1.,1.,0.707106781186548,0.707106781186548,1.,     2113P   5584
1.,0.707106781186548,0.707106781186548,1.,1.,-0.250000007978574,    2113P   5585
3.72040816486102,0.,-0.250000007978574,3.78163265306122,0.,         2113P   5586
-0.250000007978574,3.72040816486102,-0.250000007978574,             2113P   5587
-0.250000007978574,3.78163265306122,-0.250000007978574,0.,          2113P   5588
3.72040816486102,-0.250000007978574,0.,3.78163265306122,            2113P   5589
-0.250000007978574,0.250000007978574,3.72040816486102,              2113P   5590
-0.250000007978574,0.250000007978574,3.78163265306122,              2113P   5591
-0.250000007978574,0.250000007978574,3.72040816486102,0.,           2113P   5592
0.250000007978574,3.78163265306122,0.,0.250000007978574,            2113P   5593
3.72040816486102,0.250000007978574,0.250000007978574,               2113P   5594
3.78163265306122,0.250000007978574,0.,3.72040816486102,             2113P   5595
0.250000007978574,0.,3.78163265306122,0.250000007978574,            2113P   5596
-0.250000007978574,3.72040816486102,0.250000007978574,              2113P   5597
-0.250000007978574,3.78163265306122,0.250000007978574,              2113P   5598
-0.250000007978574,3.72040816486102,0.,-0.250000007978574,          2113P   5599
3.78163265306122,0.,-0.122448972492536,0.122448972492533,           2113P   5600
-3.14159265358979,3.14159265358979;                                 2113P   5601
128,1,1,1,1,0,0,1,0,0,-3.81100012159348,-3.81100012159348,          2115P   5602
3.81100012159348,3.81100012159348,-7.62100024318695,                2115P   5603
-7.62100024318695,0.001,0.001,1.,1.,1.,1.,-1.50039374865885,        2115P   5604
3.72040816486102,-1.50039374865885,-1.50039374865885,               2115P   5605
3.72040816486102,1.50039374865885,1.50039374865885,                 2115P   5606
3.72040816486102,-1.50039374865885,1.50039374865885,                2115P   5607
3.72040816486102,1.50039374865885,-3.81100012159348,                2115P   5608
3.81100012159348,-7.62100024318695,0.001;                           2115P   5609
128,1,8,1,2,0,1,0,0,1,-0.0166666666666667,-0.0166666666666667,      2117P   5610
0.0166666666666667,0.0166666666666667,-3.14159265358979,            2117P   5611
-3.14159265358979,-3.14159265358979,-1.5707963267949,               2117P   5612
-1.5707963267949,0.,0.,1.5707963267949,1.5707963267949,             2117P   5613
3.14159265358979,3.14159265358979,3.14159265358979,1.,1.,           2117P   5614
0.707106781186548,0.707106781186548,1.,1.,0.707106781186548,        2117P   5615
0.707106781186548,1.,1.,0.707106781186548,0.707106781186548,1.,     2117P   5616
1.,0.707106781186548,0.707106781186548,1.,1.,-1.50000004787145,     2117P   5617
3.67040816326531,0.,-1.50000004787145,3.72040816486102,0.,          2117P   5618
-1.50000004787145,3.67040816326531,-1.50000004787145,               2117P   5619
-1.50000004787145,3.72040816486102,-1.50000004787145,0.,            2117P   5620
3.67040816326531,-1.50000004787145,0.,3.72040816486102,             2117P   5621
-1.50000004787145,1.50000004787145,3.67040816326531,                2117P   5622
-1.50000004787145,1.50000004787145,3.72040816486102,                2117P   5623
-1.50000004787145,1.50000004787145,3.67040816326531,0.,             2117P   5624
1.50000004787145,3.72040816486102,0.,1.50000004787145,              2117P   5625
3.67040816326531,1.50000004787145,1.50000004787145,                 2117P   5626
3.72040816486102,1.50000004787145,0.,3.67040816326531,              2117P   5627
1.50000004787145,0.,3.72040816486102,1.50000004787145,              2117P   5628
-1.50000004787145,3.67040816326531,1.50000004787145,                2117P   5629
-1.50000004787145,3.72040816486102,1.50000004787145,                2117P   5630
-1.50000004787145,3.67040816326531,0.,-1.50000004787145,            2117P   5631
3.72040816486102,0.,-0.0166666666666667,0.0166666666666667,         2117P   5632
-3.14159265358979,3.14159265358979;                                 2117P   5633
128,1,1,1,1,0,0,1,0,0,-3.81100012159348,-3.81100012159348,          2119P   5634
3.81100012159348,3.81100012159348,-4.44600014185905,                2119P   5635
-4.44600014185905,3.1760001013279,3.1760001013279,1.,1.,1.,1.,      2119P   5636
-1.50039374865885,3.67040816326531,1.50039374865885,                2119P   5637
-1.50039374865885,3.67040816326531,-1.50039374865885,               2119P   5638
1.50039374865885,3.67040816326531,1.50039374865885,                 2119P   5639
1.50039374865885,3.67040816326531,-1.50039374865885,                2119P   5640
-3.81100012159348,3.81100012159348,-4.44600014185905,               2119P   5641
3.1760001013279;                                                    2119P   5642
128,1,8,1,2,0,1,0,0,1,-0.122448972492533,-0.122448972492533,        2121P   5643
0.122448972492533,0.122448972492533,-3.14159265358979,              2121P   5644
-3.14159265358979,-3.14159265358979,-1.5707963267949,               2121P   5645
-1.5707963267949,0.,0.,1.5707963267949,1.5707963267949,             2121P   5646
3.14159265358979,3.14159265358979,3.14159265358979,1.,1.,           2121P   5647
0.707106781186548,0.707106781186548,1.,1.,0.707106781186548,        2121P   5648
0.707106781186548,1.,1.,0.707106781186548,0.707106781186548,1.,     2121P   5649
1.,0.707106781186548,0.707106781186548,1.,1.,-0.250000007978574,    2121P   5650
3.6091836750651,0.,-0.250000007978574,3.67040816326531,0.,          2121P   5651
-0.250000007978574,3.6091836750651,-0.250000007978574,              2121P   5652
-0.250000007978574,3.67040816326531,-0.250000007978574,0.,          2121P   5653
3.6091836750651,-0.250000007978574,0.,3.67040816326531,             2121P   5654
-0.250000007978574,0.250000007978574,3.6091836750651,               2121P   5655
-0.250000007978574,0.250000007978574,3.67040816326531,              2121P   5656
-0.250000007978574,0.250000007978574,3.6091836750651,0.,            2121P   5657
0.250000007978574,3.67040816326531,0.,0.250000007978574,            2121P   5658
3.6091836750651,0.250000007978574,0.250000007978574,                2121P   5659
3.67040816326531,0.250000007978574,0.,3.6091836750651,              2121P   5660
0.250000007978574,0.,3.67040816326531,0.250000007978574,            2121P   5661
-0.250000007978574,3.6091836750651,0.250000007978574,               2121P   5662
-0.250000007978574,3.67040816326531,0.250000007978574,              2121P   5663
-0.250000007978574,3.6091836750651,0.,-0.250000007978574,           2121P   5664
3.67040816326531,0.,-0.122448972492533,0.122448972492533,           2121P   5665
-3.14159265358979,3.14159265358979;                                 2121P   5666
128,1,1,1,1,0,0,1,0,0,-3.81100012159348,-3.81100012159348,          2123P   5667
3.81100012159348,3.81100012159348,-7.62100024318695,                2123P   5668
-7.62100024318695,0.001,0.001,1.,1.,1.,1.,-1.50039374865885,        2123P   5669
3.6091836750651,-1.50039374865885,-1.50039374865885,                2123P   5670
3.6091836750651,1.50039374865885,1.50039374865885,                  2123P   5671
3.6091836750651,-1.50039374865885,1.50039374865885,                 2123P   5672
3.6091836750651,1.50039374865885,-3.81100012159348,                 2123P   5673
3.81100012159348,-7.62100024318695,0.001;                           2123P   5674
128,1,8,1,2,0,1,0,0,1,-0.0166666666666667,-0.0166666666666667,      2125P   5675
0.0166666666666667,0.0166666666666667,-3.14159265358979,            2125P   5676
-3.14159265358979,-3.14159265358979,-1.5707963267949,               2125P   5677
-1.5707963267949,0.,0.,1.5707963267949,1.5707963267949,             2125P   5678
3.14159265358979,3.14159265358979,3.14159265358979,1.,1.,           2125P   5679
0.707106781186548,0.707106781186548,1.,1.,0.707106781186548,        2125P   5680
0.707106781186548,1.,1.,0.707106781186548,0.707106781186548,1.,     2125P   5681
1.,0.707106781186548,0.707106781186548,1.,1.,-1.50000004787145,     2125P   5682
3.55918367346939,0.,-1.50000004787145,3.6091836750651,0.,           2125P   5683
-1.50000004787145,3.55918367346939,-1.50000004787145,               2125P   5684
-1.50000004787145,3.6091836750651,-1.50000004787145,0.,             2125P   5685
3.55918367346939,-1.50000004787145,0.,3.6091836750651,              2125P   5686
-1.50000004787145,1.50000004787145,3.55918367346939,                2125P   5687
-1.50000004787145,1.50000004787145,3.6091836750651,                 2125P   5688
-1.50000004787145,1.50000004787145,3.55918367346939,0.,             2125P   5689
1.50000004787145,3.6091836750651,0.,1.50000004787145,               2125P   5690
3.55918367346939,1.50000004787145,1.50000004787145,                 2125P   5691
3.6091836750651,1.50000004787145,0.,3.55918367346939,               2125P   5692
1.50000004787145,0.,3.6091836750651,1.50000004787145,               2125P   5693
-1.50000004787145,3.55918367346939,1.50000004787145,                2125P   5694
-1.50000004787145,3.6091836750651,1.50000004787145,                 2125P   5695
-1.50000004787145,3.55918367346939,0.,-1.50000004787145,            2125P   5696
3.6091836750651,0.,-0.0166666666666667,0.0166666666666667,          2125P   5697
-3.14159265358979,3.14159265358979;                                 2125P   5698
128,1,1,1,1,0,0,1,0,0,-3.81100012159348,-3.81100012159348,          2127P   5699
3.81100012159348,3.81100012159348,-4.44600014185905,                2127P   5700
-4.44600014185905,3.1760001013279,3.1760001013279,1.,1.,1.,1.,      2127P   5701
-1.50039374865885,3.55918367346939,1.50039374865885,                2127P   5702
-1.50039374865885,3.55918367346939,-1.50039374865885,               2127P   5703
1.50039374865885,3.55918367346939,1.50039374865885,                 2127P   5704
1.50039374865885,3.55918367346939,-1.50039374865885,                2127P   5705
-3.81100012159348,3.81100012159348,-4.44600014185905,               2127P   5706
3.1760001013279;                                                    2127P   5707
128,1,8,1,2,0,1,0,0,1,-0.122448972492533,-0.122448972492533,        2129P   5708
0.122448972492533,0.122448972492533,-3.14159265358979,              2129P   5709
-3.14159265358979,-3.14159265358979,-1.5707963267949,               2129P   5710
-1.5707963267949,0.,0.,1.5707963267949,1.5707963267949,             2129P   5711
3.14159265358979,3.14159265358979,3.14159265358979,1.,1.,           2129P   5712
0.707106781186548,0.707106781186548,1.,1.,0.707106781186548,        2129P   5713
0.707106781186548,1.,1.,0.707106781186548,0.707106781186548,1.,     2129P   5714
1.,0.707106781186548,0.707106781186548,1.,1.,-0.250000007978574,    2129P   5715
3.49795918526918,0.,-0.250000007978574,3.55918367346939,0.,         2129P   5716
-0.250000007978574,3.49795918526918,-0.250000007978574,             2129P   5717
-0.250000007978574,3.55918367346939,-0.250000007978574,0.,          2129P   5718
3.49795918526918,-0.250000007978574,0.,3.55918367346939,            2129P   5719
-0.250000007978574,0.250000007978574,3.49795918526918,              2129P   5720
-0.250000007978574,0.250000007978574,3.55918367346939,              2129P   5721
-0.250000007978574,0.250000007978574,3.49795918526918,0.,           2129P   5722
0.250000007978574,3.55918367346939,0.,0.250000007978574,            2129P   5723
3.49795918526918,0.250000007978574,0.250000007978574,               2129P   5724
3.55918367346939,0.250000007978574,0.,3.49795918526918,             2129P   5725
0.250000007978574,0.,3.55918367346939,0.250000007978574,            2129P   5726
-0.250000007978574,3.49795918526918,0.250000007978574,              2129P   5727
-0.250000007978574,3.55918367346939,0.250000007978574,              2129P   5728
-0.250000007978574,3.49795918526918,0.,-0.250000007978574,          2129P   5729
3.55918367346939,0.,-0.122448972492533,0.122448972492533,           2129P   5730
-3.14159265358979,3.14159265358979;                                 2129P   5731
128,1,1,1,1,0,0,1,0,0,-3.81100012159348,-3.81100012159348,          2131P   5732
3.81100012159348,3.81100012159348,-7.62100024318695,                2131P   5733
-7.62100024318695,0.001,0.001,1.,1.,1.,1.,-1.50039374865885,        2131P   5734
3.49795918526918,-1.50039374865885,-1.50039374865885,               2131P   5735
3.49795918526918,1.50039374865885,1.50039374865885,                 2131P   5736
3.49795918526918,-1.50039374865885,1.50039374865885,                2131P   5737
3.49795918526918,1.50039374865885,-3.81100012159348,                2131P   5738
3.81100012159348,-7.62100024318695,0.001;                           2131P   5739
128,1,8,1,2,0,1,0,0,1,-0.0166666666666667,-0.0166666666666667,      2133P   5740
0.0166666666666667,0.0166666666666667,-3.14159265358979,            2133P   5741
-3.14159265358979,-3.14159265358979,-1.5707963267949,               2133P   5742
-1.5707963267949,0.,0.,1.5707963267949,1.5707963267949,             2133P   5743
3.14159265358979,3.14159265358979,3.14159265358979,1.,1.,           2133P   5744
0.707106781186548,0.707106781186548,1.,1.,0.707106781186548,        2133P   5745
0.707106781186548,1.,1.,0.707106781186548,0.707106781186548,1.,     2133P   5746
1.,0.707106781186548,0.707106781186548,1.,1.,-1.50000004787145,     2133P   5747
3.44795918367347,0.,-1.50000004787145,3.49795918526918,0.,          2133P   5748
-1.50000004787145,3.44795918367347,-1.50000004787145,               2133P   5749
-1.50000004787145,3.49795918526918,-1.50000004787145,0.,            2133P   5750
3.44795918367347,-1.50000004787145,0.,3.49795918526918,             2133P   5751
-1.50000004787145,1.50000004787145,3.44795918367347,                2133P   5752
-1.50000004787145,1.50000004787145,3.49795918526918,                2133P   5753
-1.50000004787145,1.50000004787145,3.44795918367347,0.,             2133P   5754
1.50000004787145,3.49795918526918,0.,1.50000004787145,              2133P   5755
3.44795918367347,1.50000004787145,1.50000004787145,                 2133P   5756
3.49795918526918,1.50000004787145,0.,3.44795918367347,              2133P   5757
1.50000004787145,0.,3.49795918526918,1.50000004787145,              2133P   5758
-1.50000004787145,3.44795918367347,1.50000004787145,                2133P   5759
-1.50000004787145,3.49795918526918,1.50000004787145,                2133P   5760
-1.50000004787145,3.44795918367347,0.,-1.50000004787145,            2133P   5761
3.49795918526918,0.,-0.0166666666666667,0.0166666666666667,         2133P   5762
-3.14159265358979,3.14159265358979;                                 2133P   5763
128,1,1,1,1,0,0,1,0,0,-3.81100012159348,-3.81100012159348,          2135P   5764
3.81100012159348,3.81100012159348,-4.44600014185905,                2135P   5765
-4.44600014185905,3.1760001013279,3.1760001013279,1.,1.,1.,1.,      2135P   5766
-1.50039374865885,3.44795918367347,1.50039374865885,                2135P   5767
-1.50039374865885,3.44795918367347,-1.50039374865885,               2135P   5768
1.50039374865885,3.44795918367347,1.50039374865885,                 2135P   5769
1.50039374865885,3.44795918367347,-1.50039374865885,                2135P   5770
-3.81100012159348,3.81100012159348,-4.44600014185905,               2135P   5771
3.1760001013279;                                                    2135P   5772
128,1,8,1,2,0,1,0,0,1,-0.122448972492533,-0.122448972492533,        2137P   5773
0.122448972492536,0.122448972492536,-3.14159265358979,              2137P   5774
-3.14159265358979,-3.14159265358979,-1.5707963267949,               2137P   5775
-1.5707963267949,0.,0.,1.5707963267949,1.5707963267949,             2137P   5776
3.14159265358979,3.14159265358979,3.14159265358979,1.,1.,           2137P   5777
0.707106781186548,0.707106781186548,1.,1.,0.707106781186548,        2137P   5778
0.707106781186548,1.,1.,0.707106781186548,0.707106781186548,1.,     2137P   5779
1.,0.707106781186548,0.707106781186548,1.,1.,-0.250000007978574,    2137P   5780
3.38673469547327,0.,-0.250000007978574,3.44795918367347,0.,         2137P   5781
-0.250000007978574,3.38673469547327,-0.250000007978574,             2137P   5782
-0.250000007978574,3.44795918367347,-0.250000007978574,0.,          2137P   5783
3.38673469547327,-0.250000007978574,0.,3.44795918367347,            2137P   5784
-0.250000007978574,0.250000007978574,3.38673469547327,              2137P   5785
-0.250000007978574,0.250000007978574,3.44795918367347,              2137P   5786
-0.250000007978574,0.250000007978574,3.38673469547327,0.,           2137P   5787
0.250000007978574,3.44795918367347,0.,0.250000007978574,            2137P   5788
3.38673469547327,0.250000007978574,0.250000007978574,               2137P   5789
3.44795918367347,0.250000007978574,0.,3.38673469547327,             2137P   5790
0.250000007978574,0.,3.44795918367347,0.250000007978574,            2137P   5791
-0.250000007978574,3.38673469547327,0.250000007978574,              2137P   5792
-0.250000007978574,3.44795918367347,0.250000007978574,              2137P   5793
-0.250000007978574,3.38673469547327,0.,-0.250000007978574,          2137P   5794
3.44795918367347,0.,-0.122448972492533,0.122448972492536,           2137P   5795
-3.14159265358979,3.14159265358979;                                 2137P   5796
128,1,1,1,1,0,0,1,0,0,-3.81100012159348,-3.81100012159348,          2139P   5797
3.81100012159348,3.81100012159348,-7.62100024318695,                2139P   5798
-7.62100024318695,0.001,0.001,1.,1.,1.,1.,-1.50039374865885,        2139P   5799
3.38673469547327,-1.50039374865885,-1.50039374865885,               2139P   5800
3.38673469547327,1.50039374865885,1.50039374865885,                 2139P   5801
3.38673469547327,-1.50039374865885,1.50039374865885,                2139P   5802
3.38673469547327,1.50039374865885,-3.81100012159348,                2139P   5803
3.81100012159348,-7.62100024318695,0.001;                           2139P   5804
128,1,8,1,2,0,1,0,0,1,-0.0166666666666667,-0.0166666666666667,      2141P   5805
0.0166666666666667,0.0166666666666667,-3.14159265358979,            2141P   5806
-3.14159265358979,-3.14159265358979,-1.5707963267949,               2141P   5807
-1.5707963267949,0.,0.,1.5707963267949,1.5707963267949,             2141P   5808
3.14159265358979,3.14159265358979,3.14159265358979,1.,1.,           2141P   5809
0.707106781186548,0.707106781186548,1.,1.,0.707106781186548,        2141P   5810
0.707106781186548,1.,1.,0.707106781186548,0.707106781186548,1.,     2141P   5811
1.,0.707106781186548,0.707106781186548,1.,1.,-1.50000004787145,     2141P   5812
3.33673469387755,0.,-1.50000004787145,3.38673469547327,0.,          2141P   5813
-1.50000004787145,3.33673469387755,-1.50000004787145,               2141P   5814
-1.50000004787145,3.38673469547327,-1.50000004787145,0.,            2141P   5815
3.33673469387755,-1.50000004787145,0.,3.38673469547327,             2141P   5816
-1.50000004787145,1.50000004787145,3.33673469387755,                2141P   5817
-1.50000004787145,1.50000004787145,3.38673469547327,                2141P   5818
-1.50000004787145,1.50000004787145,3.33673469387755,0.,             2141P   5819
1.50000004787145,3.38673469547327,0.,1.50000004787145,              2141P   5820
3.33673469387755,1.50000004787145,1.50000004787145,                 2141P   5821
3.38673469547327,1.50000004787145,0.,3.33673469387755,              2141P   5822
1.50000004787145,0.,3.38673469547327,1.50000004787145,              2141P   5823
-1.50000004787145,3.33673469387755,1.50000004787145,                2141P   5824
-1.50000004787145,3.38673469547327,1.50000004787145,                2141P   5825
-1.50000004787145,3.33673469387755,0.,-1.50000004787145,            2141P   5826
3.38673469547327,0.,-0.0166666666666667,0.0166666666666667,         2141P   5827
-3.14159265358979,3.14159265358979;                                 2141P   5828
128,1,1,1,1,0,0,1,0,0,-3.81100012159348,-3.81100012159348,          2143P   5829
3.81100012159348,3.81100012159348,-4.44600014185905,                2143P   5830
-4.44600014185905,3.1760001013279,3.1760001013279,1.,1.,1.,1.,      2143P   5831
-1.50039374865885,3.33673469387755,1.50039374865885,                2143P   5832
-1.50039374865885,3.33673469387755,-1.50039374865885,               2143P   5833
1.50039374865885,3.33673469387755,1.50039374865885,                 2143P   5834
1.50039374865885,3.33673469387755,-1.50039374865885,                2143P   5835
-3.81100012159348,3.81100012159348,-4.44600014185905,               2143P   5836
3.1760001013279;                                                    2143P   5837
128,1,8,1,2,0,1,0,0,1,-0.122448972492533,-0.122448972492533,        2145P   5838
0.122448972492533,0.122448972492533,-3.14159265358979,              2145P   5839
-3.14159265358979,-3.14159265358979,-1.5707963267949,               2145P   5840
-1.5707963267949,0.,0.,1.5707963267949,1.5707963267949,             2145P   5841
3.14159265358979,3.14159265358979,3.14159265358979,1.,1.,           2145P   5842
0.707106781186548,0.707106781186548,1.,1.,0.707106781186548,        2145P   5843
0.707106781186548,1.,1.,0.707106781186548,0.707106781186548,1.,     2145P   5844
1.,0.707106781186548,0.707106781186548,1.,1.,-0.250000007978574,    2145P   5845
3.27551020567735,0.,-0.250000007978574,3.33673469387755,0.,         2145P   5846
-0.250000007978574,3.27551020567735,-0.250000007978574,             2145P   5847
-0.250000007978574,3.33673469387755,-0.250000007978574,0.,          2145P   5848
3.27551020567735,-0.250000007978574,0.,3.33673469387755,            2145P   5849
-0.250000007978574,0.250000007978574,3.27551020567735,              2145P   5850
-0.250000007978574,0.250000007978574,3.33673469387755,              2145P   5851
-0.250000007978574,0.250000007978574,3.27551020567735,0.,           2145P   5852
0.250000007978574,3.33673469387755,0.,0.250000007978574,            2145P   5853
3.27551020567735,0.250000007978574,0.250000007978574,               2145P   5854
3.33673469387755,0.250000007978574,0.,3.27551020567735,             2145P   5855
0.250000007978574,0.,3.33673469387755,0.250000007978574,            2145P   5856
-0.250000007978574,3.27551020567735,0.250000007978574,              2145P   5857
-0.250000007978574,3.33673469387755,0.250000007978574,              2145P   5858
-0.250000007978574,3.27551020567735,0.,-0.250000007978574,          2145P   5859
3.33673469387755,0.,-0.122448972492533,0.122448972492533,           2145P   5860
-3.14159265358979,3.14159265358979;                                 2145P   5861
128,1,1,1,1,0,0,1,0,0,-3.81100012159348,-3.81100012159348,          2147P   5862
3.81100012159348,3.81100012159348,-7.62100024318695,                2147P   5863
-7.62100024318695,0.001,0.001,1.,1.,1.,1.,-1.50039374865885,        2147P   5864
3.27551020567735,-1.50039374865885,-1.50039374865885,               2147P   5865
3.27551020567735,1.50039374865885,1.50039374865885,                 2147P   5866
3.27551020567735,-1.50039374865885,1.50039374865885,                2147P   5867
3.27551020567735,1.50039374865885,-3.81100012159348,                2147P   5868
3.81100012159348,-7.62100024318695,0.001;                           2147P   5869
128,1,8,1,2,0,1,0,0,1,-0.0166666666666667,-0.0166666666666667,      2149P   5870
0.0166666666666667,0.0166666666666667,-3.14159265358979,            2149P   5871
-3.14159265358979,-3.14159265358979,-1.5707963267949,               2149P   5872
-1.5707963267949,0.,0.,1.5707963267949,1.5707963267949,             2149P   5873
3.14159265358979,3.14159265358979,3.14159265358979,1.,1.,           2149P   5874
0.707106781186548,0.707106781186548,1.,1.,0.707106781186548,        2149P   5875
0.707106781186548,1.,1.,0.707106781186548,0.707106781186548,1.,     2149P   5876
1.,0.707106781186548,0.707106781186548,1.,1.,-1.50000004787145,     2149P   5877
3.22551020408163,0.,-1.50000004787145,3.27551020567735,0.,          2149P   5878
-1.50000004787145,3.22551020408163,-1.50000004787145,               2149P   5879
-1.50000004787145,3.27551020567735,-1.50000004787145,0.,            2149P   5880
3.22551020408163,-1.50000004787145,0.,3.27551020567735,             2149P   5881
-1.50000004787145,1.50000004787145,3.22551020408163,                2149P   5882
-1.50000004787145,1.50000004787145,3.27551020567735,                2149P   5883
-1.50000004787145,1.50000004787145,3.22551020408163,0.,             2149P   5884
1.50000004787145,3.27551020567735,0.,1.50000004787145,              2149P   5885
3.22551020408163,1.50000004787145,1.50000004787145,                 2149P   5886
3.27551020567735,1.50000004787145,0.,3.22551020408163,              2149P   5887
1.50000004787145,0.,3.27551020567735,1.50000004787145,              2149P   5888
-1.50000004787145,3.22551020408163,1.50000004787145,                2149P   5889
-1.50000004787145,3.27551020567735,1.50000004787145,                2149P   5890
-1.50000004787145,3.22551020408163,0.,-1.50000004787145,            2149P   5891
3.27551020567735,0.,-0.0166666666666667,0.0166666666666667,         2149P   5892
-3.14159265358979,3.14159265358979;                                 2149P   5893
128,1,1,1,1,0,0,1,0,0,-3.81100012159348,-3.81100012159348,          2151P   5894
3.81100012159348,3.81100012159348,-4.44600014185905,                2151P   5895
-4.44600014185905,3.1760001013279,3.1760001013279,1.,1.,1.,1.,      2151P   5896
-1.50039374865885,3.22551020408163,1.50039374865885,                2151P   5897
-1.50039374865885,3.22551020408163,-1.50039374865885,               2151P   5898
1.50039374865885,3.22551020408163,1.50039374865885,                 2151P   5899
1.50039374865885,3.22551020408163,-1.50039374865885,                2151P   5900
-3.81100012159348,3.81100012159348,-4.44600014185905,               2151P   5901
3.1760001013279;                                                    2151P   5902
128,1,8,1,2,0,1,0,0,1,-0.122448972492536,-0.122448972492536,        2153P   5903
0.122448972492533,0.122448972492533,-3.14159265358979,              2153P   5904
-3.14159265358979,-3.14159265358979,-1.5707963267949,               2153P   5905
-1.5707963267949,0.,0.,1.5707963267949,1.5707963267949,             2153P   5906
3.14159265358979,3.14159265358979,3.14159265358979,1.,1.,           2153P   5907
0.707106781186548,0.707106781186548,1.,1.,0.707106781186548,        2153P   5908
0.707106781186548,1.,1.,0.707106781186548,0.707106781186548,1.,     2153P   5909
1.,0.707106781186548,0.707106781186548,1.,1.,-0.250000007978574,    2153P   5910
3.16428571588143,0.,-0.250000007978574,3.22551020408163,0.,         2153P   5911
-0.250000007978574,3.16428571588143,-0.250000007978574,             2153P   5912
-0.250000007978574,3.22551020408163,-0.250000007978574,0.,          2153P   5913
3.16428571588143,-0.250000007978574,0.,3.22551020408163,            2153P   5914
-0.250000007978574,0.250000007978574,3.16428571588143,              2153P   5915
-0.250000007978574,0.250000007978574,3.22551020408163,              2153P   5916
-0.250000007978574,0.250000007978574,3.16428571588143,0.,           2153P   5917
0.250000007978574,3.22551020408163,0.,0.250000007978574,            2153P   5918
3.16428571588143,0.250000007978574,0.250000007978574,               2153P   5919
3.22551020408163,0.250000007978574,0.,3.16428571588143,             2153P   5920
0.250000007978574,0.,3.22551020408163,0.250000007978574,            2153P   5921
-0.250000007978574,3.16428571588143,0.250000007978574,              2153P   5922
-0.250000007978574,3.22551020408163,0.250000007978574,              2153P   5923
-0.250000007978574,3.16428571588143,0.,-0.250000007978574,          2153P   5924
3.22551020408163,0.,-0.122448972492536,0.122448972492533,           2153P   5925
-3.14159265358979,3.14159265358979;                                 2153P   5926
128,1,1,1,1,0,0,1,0,0,-3.81100012159348,-3.81100012159348,          2155P   5927
3.81100012159348,3.81100012159348,-7.62100024318695,                2155P   5928
-7.62100024318695,0.001,0.001,1.,1.,1.,1.,-1.50039374865885,        2155P   5929
3.16428571588143,-1.50039374865885,-1.50039374865885,               2155P   5930
3.16428571588143,1.50039374865885,1.50039374865885,                 2155P   5931
3.16428571588143,-1.50039374865885,1.50039374865885,                2155P   5932
3.16428571588143,1.50039374865885,-3.81100012159348,                2155P   5933
3.81100012159348,-7.62100024318695,0.001;                           2155P   5934
128,1,8,1,2,0,1,0,0,1,-0.0166666666666667,-0.0166666666666667,      2157P   5935
0.0166666666666667,0.0166666666666667,-3.14159265358979,            2157P   5936
-3.14159265358979,-3.14159265358979,-1.5707963267949,               2157P   5937
-1.5707963267949,0.,0.,1.5707963267949,1.5707963267949,             2157P   5938
3.14159265358979,3.14159265358979,3.14159265358979,1.,1.,           2157P   5939
0.707106781186548,0.707106781186548,1.,1.,0.707106781186548,        2157P   5940
0.707106781186548,1.,1.,0.707106781186548,0.707106781186548,1.,     2157P   5941
1.,0.707106781186548,0.707106781186548,1.,1.,-1.50000004787145,     2157P   5942
3.11428571428571,0.,-1.50000004787145,3.16428571588143,0.,          2157P   5943
-1.50000004787145,3.11428571428571,-1.50000004787145,               2157P   5944
-1.50000004787145,3.16428571588143,-1.50000004787145,0.,            2157P   5945
3.11428571428571,-1.50000004787145,0.,3.16428571588143,             2157P   5946
-1.50000004787145,1.50000004787145,3.11428571428571,                2157P   5947
-1.50000004787145,1.50000004787145,3.16428571588143,                2157P   5948
-1.50000004787145,1.50000004787145,3.11428571428571,0.,             2157P   5949
1.50000004787145,3.16428571588143,0.,1.50000004787145,              2157P   5950
3.11428571428571,1.50000004787145,1.50000004787145,                 2157P   5951
3.16428571588143,1.50000004787145,0.,3.11428571428571,              2157P   5952
1.50000004787145,0.,3.16428571588143,1.50000004787145,              2157P   5953
-1.50000004787145,3.11428571428571,1.50000004787145,                2157P   5954
-1.50000004787145,3.16428571588143,1.50000004787145,                2157P   5955
-1.50000004787145,3.11428571428571,0.,-1.50000004787145,            2157P   5956
3.16428571588143,0.,-0.0166666666666667,0.0166666666666667,         2157P   5957
-3.14159265358979,3.14159265358979;                                 2157P   5958
128,1,1,1,1,0,0,1,0,0,-3.81100012159348,-3.81100012159348,          2159P   5959
3.81100012159348,3.81100012159348,-4.44600014185905,                2159P   5960
-4.44600014185905,3.1760001013279,3.1760001013279,1.,1.,1.,1.,      2159P   5961
-1.50039374865885,3.11428571428571,1.50039374865885,                2159P   5962
-1.50039374865885,3.11428571428571,-1.50039374865885,               2159P   5963
1.50039374865885,3.11428571428571,1.50039374865885,                 2159P   5964
1.50039374865885,3.11428571428571,-1.50039374865885,                2159P   5965
-3.81100012159348,3.81100012159348,-4.44600014185905,               2159P   5966
3.1760001013279;                                                    2159P   5967
128,1,8,1,2,0,1,0,0,1,-0.122448972492533,-0.122448972492533,        2161P   5968
0.122448972492533,0.122448972492533,-3.14159265358979,              2161P   5969
-3.14159265358979,-3.14159265358979,-1.5707963267949,               2161P   5970
-1.5707963267949,0.,0.,1.5707963267949,1.5707963267949,             2161P   5971
3.14159265358979,3.14159265358979,3.14159265358979,1.,1.,           2161P   5972
0.707106781186548,0.707106781186548,1.,1.,0.707106781186548,        2161P   5973
0.707106781186548,1.,1.,0.707106781186548,0.707106781186548,1.,     2161P   5974
1.,0.707106781186548,0.707106781186548,1.,1.,-0.250000007978574,    2161P   5975
3.05306122608551,0.,-0.250000007978574,3.11428571428571,0.,         2161P   5976
-0.250000007978574,3.05306122608551,-0.250000007978574,             2161P   5977
-0.250000007978574,3.11428571428571,-0.250000007978574,0.,          2161P   5978
3.05306122608551,-0.250000007978574,0.,3.11428571428571,            2161P   5979
-0.250000007978574,0.250000007978574,3.05306122608551,              2161P   5980
-0.250000007978574,0.250000007978574,3.11428571428571,              2161P   5981
-0.250000007978574,0.250000007978574,3.05306122608551,0.,           2161P   5982
0.250000007978574,3.11428571428571,0.,0.250000007978574,            2161P   5983
3.05306122608551,0.250000007978574,0.250000007978574,               2161P   5984
3.11428571428571,0.250000007978574,0.,3.05306122608551,             2161P   5985
0.250000007978574,0.,3.11428571428571,0.250000007978574,            2161P   5986
-0.250000007978574,3.05306122608551,0.250000007978574,              2161P   5987
-0.250000007978574,3.11428571428571,0.250000007978574,              2161P   5988
-0.250000007978574,3.05306122608551,0.,-0.250000007978574,          2161P   5989
3.11428571428571,0.,-0.122448972492533,0.122448972492533,           2161P   5990
-3.14159265358979,3.14159265358979;                                 2161P   5991
128,1,1,1,1,0,0,1,0,0,-3.81100012159348,-3.81100012159348,          2163P   5992
3.81100012159348,3.81100012159348,-7.62100024318695,                2163P   5993
-7.62100024318695,0.001,0.001,1.,1.,1.,1.,-1.50039374865885,        2163P   5994
3.05306122608551,-1.50039374865885,-1.50039374865885,               2163P   5995
3.05306122608551,1.50039374865885,1.50039374865885,                 2163P   5996
3.05306122608551,-1.50039374865885,1.50039374865885,                2163P   5997
3.05306122608551,1.50039374865885,-3.81100012159348,                2163P   5998
3.81100012159348,-7.62100024318695,0.001;                           2163P   5999
128,1,8,1,2,0,1,0,0,1,-0.0166666666666667,-0.0166666666666667,      2165P   6000
0.0166666666666667,0.0166666666666667,-3.14159265358979,            2165P   6001
-3.14159265358979,-3.14159265358979,-1.5707963267949,               2165P   6002
-1.5707963267949,0.,0.,1.5707963267949,1.5707963267949,             2165P   6003
3.14159265358979,3.14159265358979,3.14159265358979,1.,1.,           2165P   6004
0.707106781186548,0.707106781186548,1.,1.,0.707106781186548,        2165P   6005
0.707106781186548,1.,1.,0.707106781186548,0.707106781186548,1.,     2165P   6006
1.,0.707106781186548,0.707106781186548,1.,1.,-1.50000004787145,     2165P   6007
3.0030612244898,0.,-1.50000004787145,3.05306122608551,0.,           2165P   6008
-1.50000004787145,3.0030612244898,-1.50000004787145,                2165P   6009
-1.50000004787145,3.05306122608551,-1.50000004787145,0.,            2165P   6010
3.0030612244898,-1.50000004787145,0.,3.05306122608551,              2165P   6011
-1.50000004787145,1.50000004787145,3.0030612244898,                 2165P   6012
-1.50000004787145,1.50000004787145,3.05306122608551,                2165P   6013
-1.50000004787145,1.50000004787145,3.0030612244898,0.,              2165P   6014
1.50000004787145,3.05306122608551,0.,1.50000004787145,              2165P   6015
3.0030612244898,1.50000004787145,1.50000004787145,                  2165P   6016
3.05306122608551,1.50000004787145,0.,3.0030612244898,               2165P   6017
1.50000004787145,0.,3.05306122608551,1.50000004787145,              2165P   6018
-1.50000004787145,3.0030612244898,1.50000004787145,                 2165P   6019
-1.50000004787145,3.05306122608551,1.50000004787145,                2165P   6020
-1.50000004787145,3.0030612244898,0.,-1.50000004787145,             2165P   6021
3.05306122608551,0.,-0.0166666666666667,0.0166666666666667,         2165P   6022
-3.14159265358979,3.14159265358979;                                 2165P   6023
128,1,1,1,1,0,0,1,0,0,-3.81100012159348,-3.81100012159348,          2167P   6024
3.81100012159348,3.81100012159348,-4.44600014185905,                2167P   6025
-4.44600014185905,3.1760001013279,3.1760001013279,1.,1.,1.,1.,      2167P   6026
-1.50039374865885,3.0030612244898,1.50039374865885,                 2167P   6027
-1.50039374865885,3.0030612244898,-1.50039374865885,                2167P   6028
1.50039374865885,3.0030612244898,1.50039374865885,                  2167P   6029
1.50039374865885,3.0030612244898,-1.50039374865885,                 2167P   6030
-3.81100012159348,3.81100012159348,-4.44600014185905,               2167P   6031
3.1760001013279;                                                    2167P   6032
128,1,8,1,2,0,1,0,0,1,-0.122448972492533,-0.122448972492533,        2169P   6033
0.122448972492535,0.122448972492535,-3.14159265358979,              2169P   6034
-3.14159265358979,-3.14159265358979,-1.5707963267949,               2169P   6035
-1.5707963267949,0.,0.,1.5707963267949,1.5707963267949,             2169P   6036
3.14159265358979,3.14159265358979,3.14159265358979,1.,1.,           2169P   6037
0.707106781186548,0.707106781186548,1.,1.,0.707106781186548,        2169P   6038
0.707106781186548,1.,1.,0.707106781186548,0.707106781186548,1.,     2169P   6039
1.,0.707106781186548,0.707106781186548,1.,1.,-0.250000007978574,    2169P   6040
2.94183673628959,0.,-0.250000007978574,3.0030612244898,0.,          2169P   6041
-0.250000007978574,2.94183673628959,-0.250000007978574,             2169P   6042
-0.250000007978574,3.0030612244898,-0.250000007978574,0.,           2169P   6043
2.94183673628959,-0.250000007978574,0.,3.0030612244898,             2169P   6044
-0.250000007978574,0.250000007978574,2.94183673628959,              2169P   6045
-0.250000007978574,0.250000007978574,3.0030612244898,               2169P   6046
-0.250000007978574,0.250000007978574,2.94183673628959,0.,           2169P   6047
0.250000007978574,3.0030612244898,0.,0.250000007978574,             2169P   6048
2.94183673628959,0.250000007978574,0.250000007978574,               2169P   6049
3.0030612244898,0.250000007978574,0.,2.94183673628959,              2169P   6050
0.250000007978574,0.,3.0030612244898,0.250000007978574,             2169P   6051
-0.250000007978574,2.94183673628959,0.250000007978574,              2169P   6052
-0.250000007978574,3.0030612244898,0.250000007978574,               2169P   6053
-0.250000007978574,2.94183673628959,0.,-0.250000007978574,          2169P   6054
3.0030612244898,0.,-0.122448972492533,0.122448972492535,            2169P   6055
-3.14159265358979,3.14159265358979;                                 2169P   6056
128,1,1,1,1,0,0,1,0,0,-3.81100012159348,-3.81100012159348,          2171P   6057
3.81100012159348,3.81100012159348,-7.62100024318695,                2171P   6058
-7.62100024318695,0.001,0.001,1.,1.,1.,1.,-1.50039374865885,        2171P   6059
2.94183673628959,-1.50039374865885,-1.50039374865885,               2171P   6060
2.94183673628959,1.50039374865885,1.50039374865885,                 2171P   6061
2.94183673628959,-1.50039374865885,1.50039374865885,                2171P   6062
2.94183673628959,1.50039374865885,-3.81100012159348,                2171P   6063
3.81100012159348,-7.62100024318695,0.001;                           2171P   6064
128,1,8,1,2,0,1,0,0,1,-0.0166666666666667,-0.0166666666666667,      2173P   6065
0.0166666666666667,0.0166666666666667,-3.14159265358979,            2173P   6066
-3.14159265358979,-3.14159265358979,-1.5707963267949,               2173P   6067
-1.5707963267949,0.,0.,1.5707963267949,1.5707963267949,             2173P   6068
3.14159265358979,3.14159265358979,3.14159265358979,1.,1.,           2173P   6069
0.707106781186548,0.707106781186548,1.,1.,0.707106781186548,        2173P   6070
0.707106781186548,1.,1.,0.707106781186548,0.707106781186548,1.,     2173P   6071
1.,0.707106781186548,0.707106781186548,1.,1.,-1.50000004787145,     2173P   6072
2.89183673469388,0.,-1.50000004787145,2.94183673628959,0.,          2173P   6073
-1.50000004787145,2.89183673469388,-1.50000004787145,               2173P   6074
-1.50000004787145,2.94183673628959,-1.50000004787145,0.,            2173P   6075
2.89183673469388,-1.50000004787145,0.,2.94183673628959,             2173P   6076
-1.50000004787145,1.50000004787145,2.89183673469388,                2173P   6077
-1.50000004787145,1.50000004787145,2.94183673628959,                2173P   6078
-1.50000004787145,1.50000004787145,2.89183673469388,0.,             2173P   6079
1.50000004787145,2.94183673628959,0.,1.50000004787145,              2173P   6080
2.89183673469388,1.50000004787145,1.50000004787145,                 2173P   6081
2.94183673628959,1.50000004787145,0.,2.89183673469388,              2173P   6082
1.50000004787145,0.,2.94183673628959,1.50000004787145,              2173P   6083
-1.50000004787145,2.89183673469388,1.50000004787145,                2173P   6084
-1.50000004787145,2.94183673628959,1.50000004787145,                2173P   6085
-1.50000004787145,2.89183673469388,0.,-1.50000004787145,            2173P   6086
2.94183673628959,0.,-0.0166666666666667,0.0166666666666667,         2173P   6087
-3.14159265358979,3.14159265358979;                                 2173P   6088
128,1,1,1,1,0,0,1,0,0,-3.81100012159348,-3.81100012159348,          2175P   6089
3.81100012159348,3.81100012159348,-4.44600014185905,                2175P   6090
-4.44600014185905,3.1760001013279,3.1760001013279,1.,1.,1.,1.,      2175P   6091
-1.50039374865885,2.89183673469388,1.50039374865885,                2175P   6092
-1.50039374865885,2.89183673469388,-1.50039374865885,               2175P   6093
1.50039374865885,2.89183673469388,1.50039374865885,                 2175P   6094
1.50039374865885,2.89183673469388,-1.50039374865885,                2175P   6095
-3.81100012159348,3.81100012159348,-4.44600014185905,               2175P   6096
3.1760001013279;                                                    2175P   6097
128,1,8,1,2,0,1,0,0,1,-0.122448972492535,-0.122448972492535,        2177P   6098
0.122448972492533,0.122448972492533,-3.14159265358979,              2177P   6099
-3.14159265358979,-3.14159265358979,-1.5707963267949,               2177P   6100
-1.5707963267949,0.,0.,1.5707963267949,1.5707963267949,             2177P   6101
3.14159265358979,3.14159265358979,3.14159265358979,1.,1.,           2177P   6102
0.707106781186548,0.707106781186548,1.,1.,0.707106781186548,        2177P   6103
0.707106781186548,1.,1.,0.707106781186548,0.707106781186548,1.,     2177P   6104
1.,0.707106781186548,0.707106781186548,1.,1.,-0.250000007978574,    2177P   6105
2.83061224649367,0.,-0.250000007978574,2.89183673469388,0.,         2177P   6106
-0.250000007978574,2.83061224649367,-0.250000007978574,             2177P   6107
-0.250000007978574,2.89183673469388,-0.250000007978574,0.,          2177P   6108
2.83061224649367,-0.250000007978574,0.,2.89183673469388,            2177P   6109
-0.250000007978574,0.250000007978574,2.83061224649367,              2177P   6110
-0.250000007978574,0.250000007978574,2.89183673469388,              2177P   6111
-0.250000007978574,0.250000007978574,2.83061224649367,0.,           2177P   6112
0.250000007978574,2.89183673469388,0.,0.250000007978574,            2177P   6113
2.83061224649367,0.250000007978574,0.250000007978574,               2177P   6114
2.89183673469388,0.250000007978574,0.,2.83061224649367,             2177P   6115
0.250000007978574,0.,2.89183673469388,0.250000007978574,            2177P   6116
-0.250000007978574,2.83061224649367,0.250000007978574,              2177P   6117
-0.250000007978574,2.89183673469388,0.250000007978574,              2177P   6118
-0.250000007978574,2.83061224649367,0.,-0.250000007978574,          2177P   6119
2.89183673469388,0.,-0.122448972492535,0.122448972492533,           2177P   6120
-3.14159265358979,3.14159265358979;                                 2177P   6121
128,1,1,1,1,0,0,1,0,0,-3.81100012159348,-3.81100012159348,          2179P   6122
3.81100012159348,3.81100012159348,-7.62100024318695,                2179P   6123
-7.62100024318695,0.001,0.001,1.,1.,1.,1.,-1.50039374865885,        2179P   6124
2.83061224649367,-1.50039374865885,-1.50039374865885,               2179P   6125
2.83061224649367,1.50039374865885,1.50039374865885,                 2179P   6126
2.83061224649367,-1.50039374865885,1.50039374865885,                2179P   6127
2.83061224649367,1.50039374865885,-3.81100012159348,                2179P   6128
3.81100012159348,-7.62100024318695,0.001;                           2179P   6129
128,1,8,1,2,0,1,0,0,1,-0.0166666666666667,-0.0166666666666667,      2181P   6130
0.0166666666666667,0.0166666666666667,-3.14159265358979,            2181P   6131
-3.14159265358979,-3.14159265358979,-1.5707963267949,               2181P   6132
-1.5707963267949,0.,0.,1.5707963267949,1.5707963267949,             2181P   6133
3.14159265358979,3.14159265358979,3.14159265358979,1.,1.,           2181P   6134
0.707106781186548,0.707106781186548,1.,1.,0.707106781186548,        2181P   6135
0.707106781186548,1.,1.,0.707106781186548,0.707106781186548,1.,     2181P   6136
1.,0.707106781186548,0.707106781186548,1.,1.,-1.50000004787145,     2181P   6137
2.78061224489796,0.,-1.50000004787145,2.83061224649367,0.,          2181P   6138
-1.50000004787145,2.78061224489796,-1.50000004787145,               2181P   6139
-1.50000004787145,2.83061224649367,-1.50000004787145,0.,            2181P   6140
2.78061224489796,-1.50000004787145,0.,2.83061224649367,             2181P   6141
-1.50000004787145,1.50000004787145,2.78061224489796,                2181P   6142
-1.50000004787145,1.50000004787145,2.83061224649367,                2181P   6143
-1.50000004787145,1.50000004787145,2.78061224489796,0.,             2181P   6144
1.50000004787145,2.83061224649367,0.,1.50000004787145,              2181P   6145
2.78061224489796,1.50000004787145,1.50000004787145,                 2181P   6146
2.83061224649367,1.50000004787145,0.,2.78061224489796,              2181P   6147
1.50000004787145,0.,2.83061224649367,1.50000004787145,              2181P   6148
-1.50000004787145,2.78061224489796,1.50000004787145,                2181P   6149
-1.50000004787145,2.83061224649367,1.50000004787145,                2181P   6150
-1.50000004787145,2.78061224489796,0.,-1.50000004787145,            2181P   6151
2.83061224649367,0.,-0.0166666666666667,0.0166666666666667,         2181P   6152
-3.14159265358979,3.14159265358979;                                 2181P   6153
128,1,1,1,1,0,0,1,0,0,-3.81100012159348,-3.81100012159348,          2183P   6154
3.81100012159348,3.81100012159348,-4.44600014185905,                2183P   6155
-4.44600014185905,3.1760001013279,3.1760001013279,1.,1.,1.,1.,      2183P   6156
-1.50039374865885,2.78061224489796,1.50039374865885,                2183P   6157
-1.50039374865885,2.78061224489796,-1.50039374865885,               2183P   6158
1.50039374865885,2.78061224489796,1.50039374865885,                 2183P   6159
1.50039374865885,2.78061224489796,-1.50039374865885,                2183P   6160
-3.81100012159348,3.81100012159348,-4.44600014185905,               2183P   6161
3.1760001013279;                                                    2183P   6162
128,1,8,1,2,0,1,0,0,1,-0.122448972492533,-0.122448972492533,        2185P   6163
0.122448972492535,0.122448972492535,-3.14159265358979,              2185P   6164
-3.14159265358979,-3.14159265358979,-1.5707963267949,               2185P   6165
-1.5707963267949,0.,0.,1.5707963267949,1.5707963267949,             2185P   6166
3.14159265358979,3.14159265358979,3.14159265358979,1.,1.,           2185P   6167
0.707106781186548,0.707106781186548,1.,1.,0.707106781186548,        2185P   6168
0.707106781186548,1.,1.,0.707106781186548,0.707106781186548,1.,     2185P   6169
1.,0.707106781186548,0.707106781186548,1.,1.,-0.250000007978574,    2185P   6170
2.71938775669776,0.,-0.250000007978574,2.78061224489796,0.,         2185P   6171
-0.250000007978574,2.71938775669776,-0.250000007978574,             2185P   6172
-0.250000007978574,2.78061224489796,-0.250000007978574,0.,          2185P   6173
2.71938775669776,-0.250000007978574,0.,2.78061224489796,            2185P   6174
-0.250000007978574,0.250000007978574,2.71938775669776,              2185P   6175
-0.250000007978574,0.250000007978574,2.78061224489796,              2185P   6176
-0.250000007978574,0.250000007978574,2.71938775669776,0.,           2185P   6177
0.250000007978574,2.78061224489796,0.,0.250000007978574,            2185P   6178
2.71938775669776,0.250000007978574,0.250000007978574,               2185P   6179
2.78061224489796,0.250000007978574,0.,2.71938775669776,             2185P   6180
0.250000007978574,0.,2.78061224489796,0.250000007978574,            2185P   6181
-0.250000007978574,2.71938775669776,0.250000007978574,              2185P   6182
-0.250000007978574,2.78061224489796,0.250000007978574,              2185P   6183
-0.250000007978574,2.71938775669776,0.,-0.250000007978574,          2185P   6184
2.78061224489796,0.,-0.122448972492533,0.122448972492535,           2185P   6185
-3.14159265358979,3.14159265358979;                                 2185P   6186
128,1,1,1,1,0,0,1,0,0,-3.81100012159348,-3.81100012159348,          2187P   6187
3.81100012159348,3.81100012159348,-7.62100024318695,                2187P   6188
-7.62100024318695,0.001,0.001,1.,1.,1.,1.,-1.50039374865885,        2187P   6189
2.71938775669776,-1.50039374865885,-1.50039374865885,               2187P   6190
2.71938775669776,1.50039374865885,1.50039374865885,                 2187P   6191
2.71938775669776,-1.50039374865885,1.50039374865885,                2187P   6192
2.71938775669776,1.50039374865885,-3.81100012159348,                2187P   6193
3.81100012159348,-7.62100024318695,0.001;                           2187P   6194
128,1,8,1,2,0,1,0,0,1,-0.0166666666666667,-0.0166666666666667,      2189P   6195
0.0166666666666667,0.0166666666666667,-3.14159265358979,            2189P   6196
-3.14159265358979,-3.14159265358979,-1.5707963267949,               2189P   6197
-1.5707963267949,0.,0.,1.5707963267949,1.5707963267949,             2189P   6198
3.14159265358979,3.14159265358979,3.14159265358979,1.,1.,           2189P   6199
0.707106781186548,0.707106781186548,1.,1.,0.707106781186548,        2189P   6200
0.707106781186548,1.,1.,0.707106781186548,0.707106781186548,1.,     2189P   6201
1.,0.707106781186548,0.707106781186548,1.,1.,-1.50000004787145,     2189P   6202
2.66938775510204,0.,-1.50000004787145,2.71938775669776,0.,          2189P   6203
-1.50000004787145,2.66938775510204,-1.50000004787145,               2189P   6204
-1.50000004787145,2.71938775669776,-1.50000004787145,0.,            2189P   6205
2.66938775510204,-1.50000004787145,0.,2.71938775669776,             2189P   6206
-1.50000004787145,1.50000004787145,2.66938775510204,                2189P   6207
-1.50000004787145,1.50000004787145,2.71938775669776,                2189P   6208
-1.50000004787145,1.50000004787145,2.66938775510204,0.,             2189P   6209
1.50000004787145,2.71938775669776,0.,1.50000004787145,              2189P   6210
2.66938775510204,1.50000004787145,1.50000004787145,                 2189P   6211
2.71938775669776,1.50000004787145,0.,2.66938775510204,              2189P   6212
1.50000004787145,0.,2.71938775669776,1.50000004787145,              2189P   6213
-1.50000004787145,2.66938775510204,1.50000004787145,                2189P   6214
-1.50000004787145,2.71938775669776,1.50000004787145,                2189P   6215
-1.50000004787145,2.66938775510204,0.,-1.50000004787145,            2189P   6216
2.71938775669776,0.,-0.0166666666666667,0.0166666666666667,         2189P   6217
-3.14159265358979,3.14159265358979;                                 2189P   6218
128,1,1,1,1,0,0,1,0,0,-3.81100012159348,-3.81100012159348,          2191P   6219
3.81100012159348,3.81100012159348,-4.44600014185905,                2191P   6220
-4.44600014185905,3.1760001013279,3.1760001013279,1.,1.,1.,1.,      2191P   6221
-1.50039374865885,2.66938775510204,1.50039374865885,                2191P   6222
-1.50039374865885,2.66938775510204,-1.50039374865885,               2191P   6223
1.50039374865885,2.66938775510204,1.50039374865885,                 2191P   6224
1.50039374865885,2.66938775510204,-1.50039374865885,                2191P   6225
-3.81100012159348,3.81100012159348,-4.44600014185905,               2191P   6226
3.1760001013279;                                                    2191P   6227
128,1,8,1,2,0,1,0,0,1,-0.122448972492535,-0.122448972492535,        2193P   6228
0.122448972492533,0.122448972492533,-3.14159265358979,              2193P   6229
-3.14159265358979,-3.14159265358979,-1.5707963267949,               2193P   6230
-1.5707963267949,0.,0.,1.5707963267949,1.5707963267949,             2193P   6231
3.14159265358979,3.14159265358979,3.14159265358979,1.,1.,           2193P   6232
0.707106781186548,0.707106781186548,1.,1.,0.707106781186548,        2193P   6233
0.707106781186548,1.,1.,0.707106781186548,0.707106781186548,1.,     2193P   6234
1.,0.707106781186548,0.707106781186548,1.,1.,-0.250000007978574,    2193P   6235
2.60816326690184,0.,-0.250000007978574,2.66938775510204,0.,         2193P   6236
-0.250000007978574,2.60816326690184,-0.250000007978574,             2193P   6237
-0.250000007978574,2.66938775510204,-0.250000007978574,0.,          2193P   6238
2.60816326690184,-0.250000007978574,0.,2.66938775510204,            2193P   6239
-0.250000007978574,0.250000007978574,2.60816326690184,              2193P   6240
-0.250000007978574,0.250000007978574,2.66938775510204,              2193P   6241
-0.250000007978574,0.250000007978574,2.60816326690184,0.,           2193P   6242
0.250000007978574,2.66938775510204,0.,0.250000007978574,            2193P   6243
2.60816326690184,0.250000007978574,0.250000007978574,               2193P   6244
2.66938775510204,0.250000007978574,0.,2.60816326690184,             2193P   6245
0.250000007978574,0.,2.66938775510204,0.250000007978574,            2193P   6246
-0.250000007978574,2.60816326690184,0.250000007978574,              2193P   6247
-0.250000007978574,2.66938775510204,0.250000007978574,              2193P   6248
-0.250000007978574,2.60816326690184,0.,-0.250000007978574,          2193P   6249
2.66938775510204,0.,-0.122448972492535,0.122448972492533,           2193P   6250
-3.14159265358979,3.14159265358979;                                 2193P   6251
128,1,1,1,1,0,0,1,0,0,-3.81100012159348,-3.81100012159348,          2195P   6252
3.81100012159348,3.81100012159348,-7.62100024318695,                2195P   6253
-7.62100024318695,0.001,0.001,1.,1.,1.,1.,-1.50039374865885,        2195P   6254
2.60816326690184,-1.50039374865885,-1.50039374865885,               2195P   6255
2.60816326690184,1.50039374865885,1.50039374865885,                 2195P   6256
2.60816326690184,-1.50039374865885,1.50039374865885,                2195P   6257
2.60816326690184,1.50039374865885,-3.81100012159348,                2195P   6258
3.81100012159348,-7.62100024318695,0.001;                           2195P   6259
128,1,8,1,2,0,1,0,0,1,-0.0166666666666667,-0.0166666666666667,      2197P   6260
0.0166666666666667,0.0166666666666667,-3.14159265358979,            2197P   6261
-3.14159265358979,-3.14159265358979,-1.5707963267949,               2197P   6262
-1.5707963267949,0.,0.,1.5707963267949,1.5707963267949,             2197P   6263
3.14159265358979,3.14159265358979,3.14159265358979,1.,1.,           2197P   6264
0.707106781186548,0.707106781186548,1.,1.,0.707106781186548,        2197P   6265
0.707106781186548,1.,1.,0.707106781186548,0.707106781186548,1.,     2197P   6266
1.,0.707106781186548,0.707106781186548,1.,1.,-1.50000004787145,     2197P   6267
2.55816326530612,0.,-1.50000004787145,2.60816326690184,0.,          2197P   6268
-1.50000004787145,2.55816326530612,-1.50000004787145,               2197P   6269
-1.50000004787145,2.60816326690184,-1.50000004787145,0.,            2197P   6270
2.55816326530612,-1.50000004787145,0.,2.60816326690184,             2197P   6271
-1.50000004787145,1.50000004787145,2.55816326530612,                2197P   6272
-1.50000004787145,1.50000004787145,2.60816326690184,                2197P   6273
-1.50000004787145,1.50000004787145,2.55816326530612,0.,             2197P   6274
1.50000004787145,2.60816326690184,0.,1.50000004787145,              2197P   6275
2.55816326530612,1.50000004787145,1.50000004787145,                 2197P   6276
2.60816326690184,1.50000004787145,0.,2.55816326530612,              2197P   6277
1.50000004787145,0.,2.60816326690184,1.50000004787145,              2197P   6278
-1.50000004787145,2.55816326530612,1.50000004787145,                2197P   6279
-1.50000004787145,2.60816326690184,1.50000004787145,                2197P   6280
-1.50000004787145,2.55816326530612,0.,-1.50000004787145,            2197P   6281
2.60816326690184,0.,-0.0166666666666667,0.0166666666666667,         2197P   6282
-3.14159265358979,3.14159265358979;                                 2197P   6283
128,1,1,1,1,0,0,1,0,0,-3.81100012159348,-3.81100012159348,          2199P   6284
3.81100012159348,3.81100012159348,-4.44600014185905,                2199P   6285
-4.44600014185905,3.1760001013279,3.1760001013279,1.,1.,1.,1.,      2199P   6286
-1.50039374865885,2.55816326530612,1.50039374865885,                2199P   6287
-1.50039374865885,2.55816326530612,-1.50039374865885,               2199P   6288
1.50039374865885,2.55816326530612,1.50039374865885,                 2199P   6289
1.50039374865885,2.55816326530612,-1.50039374865885,                2199P   6290
-3.81100012159348,3.81100012159348,-4.44600014185905,               2199P   6291
3.1760001013279;                                                    2199P   6292
128,1,8,1,2,0,1,0,0,1,-0.122448972492533,-0.122448972492533,        2201P   6293
0.122448972492535,0.122448972492535,-3.14159265358979,              2201P   6294
-3.14159265358979,-3.14159265358979,-1.5707963267949,               2201P   6295
-1.5707963267949,0.,0.,1.5707963267949,1.5707963267949,             2201P   6296
3.14159265358979,3.14159265358979,3.14159265358979,1.,1.,           2201P   6297
0.707106781186548,0.707106781186548,1.,1.,0.707106781186548,        2201P   6298
0.707106781186548,1.,1.,0.707106781186548,0.707106781186548,1.,     2201P   6299
1.,0.707106781186548,0.707106781186548,1.,1.,-0.250000007978574,    2201P   6300
2.49693877710592,0.,-0.250000007978574,2.55816326530612,0.,         2201P   6301
-0.250000007978574,2.49693877710592,-0.250000007978574,             2201P   6302
-0.250000007978574,2.55816326530612,-0.250000007978574,0.,          2201P   6303
2.49693877710592,-0.250000007978574,0.,2.55816326530612,            2201P   6304
-0.250000007978574,0.250000007978574,2.49693877710592,              2201P   6305
-0.250000007978574,0.250000007978574,2.55816326530612,              2201P   6306
-0.250000007978574,0.250000007978574,2.49693877710592,0.,           2201P   6307
0.250000007978574,2.55816326530612,0.,0.250000007978574,            2201P   6308
2.49693877710592,0.250000007978574,0.250000007978574,               2201P   6309
2.55816326530612,0.250000007978574,0.,2.49693877710592,             2201P   6310
0.250000007978574,0.,2.55816326530612,0.250000007978574,            2201P   6311
-0.250000007978574,2.49693877710592,0.250000007978574,              2201P   6312
-0.250000007978574,2.55816326530612,0.250000007978574,              2201P   6313
-0.250000007978574,2.49693877710592,0.,-0.250000007978574,          2201P   6314
2.55816326530612,0.,-0.122448972492533,0.122448972492535,           2201P   6315
-3.14159265358979,3.14159265358979;                                 2201P   6316
128,1,1,1,1,0,0,1,0,0,-3.81100012159348,-3.81100012159348,          2203P   6317
3.81100012159348,3.81100012159348,-7.62100024318695,                2203P   6318
-7.62100024318695,0.001,0.001,1.,1.,1.,1.,-1.50039374865885,        2203P   6319
2.49693877710592,-1.50039374865885,-1.50039374865885,               2203P   6320
2.49693877710592,1.50039374865885,1.50039374865885,                 2203P   6321
2.49693877710592,-1.50039374865885,1.50039374865885,                2203P   6322
2.49693877710592,1.50039374865885,-3.81100012159348,                2203P   6323
3.81100012159348,-7.62100024318695,0.001;                           2203P   6324
128,1,8,1,2,0,1,0,0,1,-0.0166666666666667,-0.0166666666666667,      2205P   6325
0.0166666666666667,0.0166666666666667,-3.14159265358979,            2205P   6326
-3.14159265358979,-3.14159265358979,-1.5707963267949,               2205P   6327
-1.5707963267949,0.,0.,1.5707963267949,1.5707963267949,             2205P   6328
3.14159265358979,3.14159265358979,3.14159265358979,1.,1.,           2205P   6329
0.707106781186548,0.707106781186548,1.,1.,0.707106781186548,        2205P   6330
0.707106781186548,1.,1.,0.707106781186548,0.707106781186548,1.,     2205P   6331
1.,0.707106781186548,0.707106781186548,1.,1.,-1.50000004787145,     2205P   6332
2.4469387755102,0.,-1.50000004787145,2.49693877710592,0.,           2205P   6333
-1.50000004787145,2.4469387755102,-1.50000004787145,                2205P   6334
-1.50000004787145,2.49693877710592,-1.50000004787145,0.,            2205P   6335
2.4469387755102,-1.50000004787145,0.,2.49693877710592,              2205P   6336
-1.50000004787145,1.50000004787145,2.4469387755102,                 2205P   6337
-1.50000004787145,1.50000004787145,2.49693877710592,                2205P   6338
-1.50000004787145,1.50000004787145,2.4469387755102,0.,              2205P   6339
1.50000004787145,2.49693877710592,0.,1.50000004787145,              2205P   6340
2.4469387755102,1.50000004787145,1.50000004787145,                  2205P   6341
2.49693877710592,1.50000004787145,0.,2.4469387755102,               2205P   6342
1.50000004787145,0.,2.49693877710592,1.50000004787145,              2205P   6343
-1.50000004787145,2.4469387755102,1.50000004787145,                 2205P   6344
-1.50000004787145,2.49693877710592,1.50000004787145,                2205P   6345
-1.50000004787145,2.4469387755102,0.,-1.50000004787145,             2205P   6346
2.49693877710592,0.,-0.0166666666666667,0.0166666666666667,         2205P   6347
-3.14159265358979,3.14159265358979;                                 2205P   6348
128,1,1,1,1,0,0,1,0,0,-3.81100012159348,-3.81100012159348,          2207P   6349
3.81100012159348,3.81100012159348,-4.44600014185905,                2207P   6350
-4.44600014185905,3.1760001013279,3.1760001013279,1.,1.,1.,1.,      2207P   6351
-1.50039374865885,2.4469387755102,1.50039374865885,                 2207P   6352
-1.50039374865885,2.4469387755102,-1.50039374865885,                2207P   6353
1.50039374865885,2.4469387755102,1.50039374865885,                  2207P   6354
1.50039374865885,2.4469387755102,-1.50039374865885,                 2207P   6355
-3.81100012159348,3.81100012159348,-4.44600014185905,               2207P   6356
3.1760001013279;                                                    2207P   6357
128,1,8,1,2,0,1,0,0,1,-0.122448972492535,-0.122448972492535,        2209P   6358
0.122448972492533,0.122448972492533,-3.14159265358979,              2209P   6359
-3.14159265358979,-3.14159265358979,-1.5707963267949,               2209P   6360
-1.5707963267949,0.,0.,1.5707963267949,1.5707963267949,             2209P   6361
3.14159265358979,3.14159265358979,3.14159265358979,1.,1.,           2209P   6362
0.707106781186548,0.707106781186548,1.,1.,0.707106781186548,        2209P   6363
0.707106781186548,1.,1.,0.707106781186548,0.707106781186548,1.,     2209P   6364
1.,0.707106781186548,0.707106781186548,1.,1.,-0.250000007978574,    2209P   6365
2.38571428731,0.,-0.250000007978574,2.4469387755102,0.,             2209P   6366
-0.250000007978574,2.38571428731,-0.250000007978574,                2209P   6367
-0.250000007978574,2.4469387755102,-0.250000007978574,0.,           2209P   6368
2.38571428731,-0.250000007978574,0.,2.4469387755102,                2209P   6369
-0.250000007978574,0.250000007978574,2.38571428731,                 2209P   6370
-0.250000007978574,0.250000007978574,2.4469387755102,               2209P   6371
-0.250000007978574,0.250000007978574,2.38571428731,0.,              2209P   6372
0.250000007978574,2.4469387755102,0.,0.250000007978574,             2209P   6373
2.38571428731,0.250000007978574,0.250000007978574,                  2209P   6374
2.4469387755102,0.250000007978574,0.,2.38571428731,                 2209P   6375
0.250000007978574,0.,2.4469387755102,0.250000007978574,             2209P   6376
-0.250000007978574,2.38571428731,0.250000007978574,                 2209P   6377
-0.250000007978574,2.4469387755102,0.250000007978574,               2209P   6378
-0.250000007978574,2.38571428731,0.,-0.250000007978574,             2209P   6379
2.4469387755102,0.,-0.122448972492535,0.122448972492533,            2209P   6380
-3.14159265358979,3.14159265358979;                                 2209P   6381
128,1,1,1,1,0,0,1,0,0,-3.81100012159348,-3.81100012159348,          2211P   6382
3.81100012159348,3.81100012159348,-7.62100024318695,                2211P   6383
-7.62100024318695,0.001,0.001,1.,1.,1.,1.,-1.50039374865885,        2211P   6384
2.38571428731,-1.50039374865885,-1.50039374865885,2.38571428731,    2211P   6385
1.50039374865885,1.50039374865885,2.38571428731,                    2211P   6386
-1.50039374865885,1.50039374865885,2.38571428731,                   2211P   6387
1.50039374865885,-3.81100012159348,3.81100012159348,                2211P   6388
-7.62100024318695,0.001;                                            2211P   6389
128,1,8,1,2,0,1,0,0,1,-0.0166666666666667,-0.0166666666666667,      2213P   6390
0.0166666666666667,0.0166666666666667,-3.14159265358979,            2213P   6391
-3.14159265358979,-3.14159265358979,-1.5707963267949,               2213P   6392
-1.5707963267949,0.,0.,1.5707963267949,1.5707963267949,             2213P   6393
3.14159265358979,3.14159265358979,3.14159265358979,1.,1.,           2213P   6394
0.707106781186548,0.707106781186548,1.,1.,0.707106781186548,        2213P   6395
0.707106781186548,1.,1.,0.707106781186548,0.707106781186548,1.,     2213P   6396
1.,0.707106781186548,0.707106781186548,1.,1.,-1.50000004787145,     2213P   6397
2.33571428571429,0.,-1.50000004787145,2.38571428731,0.,             2213P   6398
-1.50000004787145,2.33571428571429,-1.50000004787145,               2213P   6399
-1.50000004787145,2.38571428731,-1.50000004787145,0.,               2213P   6400
2.33571428571429,-1.50000004787145,0.,2.38571428731,                2213P   6401
-1.50000004787145,1.50000004787145,2.33571428571429,                2213P   6402
-1.50000004787145,1.50000004787145,2.38571428731,                   2213P   6403
-1.50000004787145,1.50000004787145,2.33571428571429,0.,             2213P   6404
1.50000004787145,2.38571428731,0.,1.50000004787145,                 2213P   6405
2.33571428571429,1.50000004787145,1.50000004787145,                 2213P   6406
2.38571428731,1.50000004787145,0.,2.33571428571429,                 2213P   6407
1.50000004787145,0.,2.38571428731,1.50000004787145,                 2213P   6408
-1.50000004787145,2.33571428571429,1.50000004787145,                2213P   6409
-1.50000004787145,2.38571428731,1.50000004787145,                   2213P   6410
-1.50000004787145,2.33571428571429,0.,-1.50000004787145,            2213P   6411
2.38571428731,0.,-0.0166666666666667,0.0166666666666667,            2213P   6412
-3.14159265358979,3.14159265358979;                                 2213P   6413
128,1,1,1,1,0,0,1,0,0,-3.81100012159348,-3.81100012159348,          2215P   6414
3.81100012159348,3.81100012159348,-4.44600014185905,                2215P   6415
-4.44600014185905,3.1760001013279,3.1760001013279,1.,1.,1.,1.,      2215P   6416
-1.50039374865885,2.33571428571429,1.50039374865885,                2215P   6417
-1.50039374865885,2.33571428571429,-1.50039374865885,               2215P   6418
1.50039374865885,2.33571428571429,1.50039374865885,                 2215P   6419
1.50039374865885,2.33571428571429,-1.50039374865885,                2215P   6420
-3.81100012159348,3.81100012159348,-4.44600014185905,               2215P   6421
3.1760001013279;                                                    2215P   6422
128,1,8,1,2,0,1,0,0,1,-0.122448972492533,-0.122448972492533,        2217P   6423
0.122448972492533,0.122448972492533,-3.14159265358979,              2217P   6424
-3.14159265358979,-3.14159265358979,-1.5707963267949,               2217P   6425
-1.5707963267949,0.,0.,1.5707963267949,1.5707963267949,             2217P   6426
3.14159265358979,3.14159265358979,3.14159265358979,1.,1.,           2217P   6427
0.707106781186548,0.707106781186548,1.,1.,0.707106781186548,        2217P   6428
0.707106781186548,1.,1.,0.707106781186548,0.707106781186548,1.,     2217P   6429
1.,0.707106781186548,0.707106781186548,1.,1.,-0.250000007978574,    2217P   6430
2.27448979751408,0.,-0.250000007978574,2.33571428571429,0.,         2217P   6431
-0.250000007978574,2.27448979751408,-0.250000007978574,             2217P   6432
-0.250000007978574,2.33571428571429,-0.250000007978574,0.,          2217P   6433
2.27448979751408,-0.250000007978574,0.,2.33571428571429,            2217P   6434
-0.250000007978574,0.250000007978574,2.27448979751408,              2217P   6435
-0.250000007978574,0.250000007978574,2.33571428571429,              2217P   6436
-0.250000007978574,0.250000007978574,2.27448979751408,0.,           2217P   6437
0.250000007978574,2.33571428571429,0.,0.250000007978574,            2217P   6438
2.27448979751408,0.250000007978574,0.250000007978574,               2217P   6439
2.33571428571429,0.250000007978574,0.,2.27448979751408,             2217P   6440
0.250000007978574,0.,2.33571428571429,0.250000007978574,            2217P   6441
-0.250000007978574,2.27448979751408,0.250000007978574,              2217P   6442
-0.250000007978574,2.33571428571429,0.250000007978574,              2217P   6443
-0.250000007978574,2.27448979751408,0.,-0.250000007978574,          2217P   6444
2.33571428571429,0.,-0.122448972492533,0.122448972492533,           2217P   6445
-3.14159265358979,3.14159265358979;                                 2217P   6446
128,1,1,1,1,0,0,1,0,0,-3.81100012159348,-3.81100012159348,          2219P   6447
3.81100012159348,3.81100012159348,-7.62100024318695,                2219P   6448
-7.62100024318695,0.001,0.001,1.,1.,1.,1.,-1.50039374865885,        2219P   6449
2.27448979751408,-1.50039374865885,-1.50039374865885,               2219P   6450
2.27448979751408,1.50039374865885,1.50039374865885,                 2219P   6451
2.27448979751408,-1.50039374865885,1.50039374865885,                2219P   6452
2.27448979751408,1.50039374865885,-3.81100012159348,                2219P   6453
3.81100012159348,-7.62100024318695,0.001;                           2219P   6454
128,1,8,1,2,0,1,0,0,1,-0.0166666666666667,-0.0166666666666667,      2221P   6455
0.0166666666666667,0.0166666666666667,-3.14159265358979,            2221P   6456
-3.14159265358979,-3.14159265358979,-1.5707963267949,               2221P   6457
-1.5707963267949,0.,0.,1.5707963267949,1.5707963267949,             2221P   6458
3.14159265358979,3.14159265358979,3.14159265358979,1.,1.,           2221P   6459
0.707106781186548,0.707106781186548,1.,1.,0.707106781186548,        2221P   6460
0.707106781186548,1.,1.,0.707106781186548,0.707106781186548,1.,     2221P   6461
1.,0.707106781186548,0.707106781186548,1.,1.,-1.50000004787145,     2221P   6462
2.22448979591837,0.,-1.50000004787145,2.27448979751408,0.,          2221P   6463
-1.50000004787145,2.22448979591837,-1.50000004787145,               2221P   6464
-1.50000004787145,2.27448979751408,-1.50000004787145,0.,            2221P   6465
2.22448979591837,-1.50000004787145,0.,2.27448979751408,             2221P   6466
-1.50000004787145,1.50000004787145,2.22448979591837,                2221P   6467
-1.50000004787145,1.50000004787145,2.27448979751408,                2221P   6468
-1.50000004787145,1.50000004787145,2.22448979591837,0.,             2221P   6469
1.50000004787145,2.27448979751408,0.,1.50000004787145,              2221P   6470
2.22448979591837,1.50000004787145,1.50000004787145,                 2221P   6471
2.27448979751408,1.50000004787145,0.,2.22448979591837,              2221P   6472
1.50000004787145,0.,2.27448979751408,1.50000004787145,              2221P   6473
-1.50000004787145,2.22448979591837,1.50000004787145,                2221P   6474
-1.50000004787145,2.27448979751408,1.50000004787145,                2221P   6475
-1.50000004787145,2.22448979591837,0.,-1.50000004787145,            2221P   6476
2.27448979751408,0.,-0.0166666666666667,0.0166666666666667,         2221P   6477
-3.14159265358979,3.14159265358979;                                 2221P   6478
128,1,1,1,1,0,0,1,0,0,-3.81100012159348,-3.81100012159348,          2223P   6479
3.81100012159348,3.81100012159348,-4.44600014185905,                2223P   6480
-4.44600014185905,3.1760001013279,3.1760001013279,1.,1.,1.,1.,      2223P   6481
-1.50039374865885,2.22448979591837,1.50039374865885,                2223P   6482
-1.50039374865885,2.22448979591837,-1.50039374865885,               2223P   6483
1.50039374865885,2.22448979591837,1.50039374865885,                 2223P   6484
1.50039374865885,2.22448979591837,-1.50039374865885,                2223P   6485
-3.81100012159348,3.81100012159348,-4.44600014185905,               2223P   6486
3.1760001013279;                                                    2223P   6487
128,1,8,1,2,0,1,0,0,1,-0.122448972492533,-0.122448972492533,        2225P   6488
0.122448972492533,0.122448972492533,-3.14159265358979,              2225P   6489
-3.14159265358979,-3.14159265358979,-1.5707963267949,               2225P   6490
-1.5707963267949,0.,0.,1.5707963267949,1.5707963267949,             2225P   6491
3.14159265358979,3.14159265358979,3.14159265358979,1.,1.,           2225P   6492
0.707106781186548,0.707106781186548,1.,1.,0.707106781186548,        2225P   6493
0.707106781186548,1.,1.,0.707106781186548,0.707106781186548,1.,     2225P   6494
1.,0.707106781186548,0.707106781186548,1.,1.,-0.250000007978574,    2225P   6495
2.16326530771816,0.,-0.250000007978574,2.22448979591837,0.,         2225P   6496
-0.250000007978574,2.16326530771816,-0.250000007978574,             2225P   6497
-0.250000007978574,2.22448979591837,-0.250000007978574,0.,          2225P   6498
2.16326530771816,-0.250000007978574,0.,2.22448979591837,            2225P   6499
-0.250000007978574,0.250000007978574,2.16326530771816,              2225P   6500
-0.250000007978574,0.250000007978574,2.22448979591837,              2225P   6501
-0.250000007978574,0.250000007978574,2.16326530771816,0.,           2225P   6502
0.250000007978574,2.22448979591837,0.,0.250000007978574,            2225P   6503
2.16326530771816,0.250000007978574,0.250000007978574,               2225P   6504
2.22448979591837,0.250000007978574,0.,2.16326530771816,             2225P   6505
0.250000007978574,0.,2.22448979591837,0.250000007978574,            2225P   6506
-0.250000007978574,2.16326530771816,0.250000007978574,              2225P   6507
-0.250000007978574,2.22448979591837,0.250000007978574,              2225P   6508
-0.250000007978574,2.16326530771816,0.,-0.250000007978574,          2225P   6509
2.22448979591837,0.,-0.122448972492533,0.122448972492533,           2225P   6510
-3.14159265358979,3.14159265358979;                                 2225P   6511
128,1,1,1,1,0,0,1,0,0,-3.81100012159348,-3.81100012159348,          2227P   6512
3.81100012159348,3.81100012159348,-7.62100024318695,                2227P   6513
-7.62100024318695,0.001,0.001,1.,1.,1.,1.,-1.50039374865885,        2227P   6514
2.16326530771816,-1.50039374865885,-1.50039374865885,               2227P   6515
2.16326530771816,1.50039374865885,1.50039374865885,                 2227P   6516
2.16326530771816,-1.50039374865885,1.50039374865885,                2227P   6517
2.16326530771816,1.50039374865885,-3.81100012159348,                2227P   6518
3.81100012159348,-7.62100024318695,0.001;                           2227P   6519
128,1,8,1,2,0,1,0,0,1,-0.0166666666666667,-0.0166666666666667,      2229P   6520
0.0166666666666667,0.0166666666666667,-3.14159265358979,            2229P   6521
-3.14159265358979,-3.14159265358979,-1.5707963267949,               2229P   6522
-1.5707963267949,0.,0.,1.5707963267949,1.5707963267949,             2229P   6523
3.14159265358979,3.14159265358979,3.14159265358979,1.,1.,           2229P   6524
0.707106781186548,0.707106781186548,1.,1.,0.707106781186548,        2229P   6525
0.707106781186548,1.,1.,0.707106781186548,0.707106781186548,1.,     2229P   6526
1.,0.707106781186548,0.707106781186548,1.,1.,-1.50000004787145,     2229P   6527
2.11326530612245,0.,-1.50000004787145,2.16326530771816,0.,          2229P   6528
-1.50000004787145,2.11326530612245,-1.50000004787145,               2229P   6529
-1.50000004787145,2.16326530771816,-1.50000004787145,0.,            2229P   6530
2.11326530612245,-1.50000004787145,0.,2.16326530771816,             2229P   6531
-1.50000004787145,1.50000004787145,2.11326530612245,                2229P   6532
-1.50000004787145,1.50000004787145,2.16326530771816,                2229P   6533
-1.50000004787145,1.50000004787145,2.11326530612245,0.,             2229P   6534
1.50000004787145,2.16326530771816,0.,1.50000004787145,              2229P   6535
2.11326530612245,1.50000004787145,1.50000004787145,                 2229P   6536
2.16326530771816,1.50000004787145,0.,2.11326530612245,              2229P   6537
1.50000004787145,0.,2.16326530771816,1.50000004787145,              2229P   6538
-1.50000004787145,2.11326530612245,1.50000004787145,                2229P   6539
-1.50000004787145,2.16326530771816,1.50000004787145,                2229P   6540
-1.50000004787145,2.11326530612245,0.,-1.50000004787145,            2229P   6541
2.16326530771816,0.,-0.0166666666666667,0.0166666666666667,         2229P   6542
-3.14159265358979,3.14159265358979;                                 2229P   6543
128,1,1,1,1,0,0,1,0,0,-3.81100012159348,-3.81100012159348,          2231P   6544
3.81100012159348,3.81100012159348,-4.44600014185905,                2231P   6545
-4.44600014185905,3.1760001013279,3.1760001013279,1.,1.,1.,1.,      2231P   6546
-1.50039374865885,2.11326530612245,1.50039374865885,                2231P   6547
-1.50039374865885,2.11326530612245,-1.50039374865885,               2231P   6548
1.50039374865885,2.11326530612245,1.50039374865885,                 2231P   6549
1.50039374865885,2.11326530612245,-1.50039374865885,                2231P   6550
-3.81100012159348,3.81100012159348,-4.44600014185905,               2231P   6551
3.1760001013279;                                                    2231P   6552
128,1,8,1,2,0,1,0,0,1,-0.122448972492535,-0.122448972492535,        2233P   6553
0.122448972492535,0.122448972492535,-3.14159265358979,              2233P   6554
-3.14159265358979,-3.14159265358979,-1.5707963267949,               2233P   6555
-1.5707963267949,0.,0.,1.5707963267949,1.5707963267949,             2233P   6556
3.14159265358979,3.14159265358979,3.14159265358979,1.,1.,           2233P   6557
0.707106781186548,0.707106781186548,1.,1.,0.707106781186548,        2233P   6558
0.707106781186548,1.,1.,0.707106781186548,0.707106781186548,1.,     2233P   6559
1.,0.707106781186548,0.707106781186548,1.,1.,-0.250000007978574,    2233P   6560
2.05204081792225,0.,-0.250000007978574,2.11326530612245,0.,         2233P   6561
-0.250000007978574,2.05204081792225,-0.250000007978574,             2233P   6562
-0.250000007978574,2.11326530612245,-0.250000007978574,0.,          2233P   6563
2.05204081792225,-0.250000007978574,0.,2.11326530612245,            2233P   6564
-0.250000007978574,0.250000007978574,2.05204081792225,              2233P   6565
-0.250000007978574,0.250000007978574,2.11326530612245,              2233P   6566
-0.250000007978574,0.250000007978574,2.05204081792225,0.,           2233P   6567
0.250000007978574,2.11326530612245,0.,0.250000007978574,            2233P   6568
2.05204081792225,0.250000007978574,0.250000007978574,               2233P   6569
2.11326530612245,0.250000007978574,0.,2.05204081792225,             2233P   6570
0.250000007978574,0.,2.11326530612245,0.250000007978574,            2233P   6571
-0.250000007978574,2.05204081792225,0.250000007978574,              2233P   6572
-0.250000007978574,2.11326530612245,0.250000007978574,              2233P   6573
-0.250000007978574,2.05204081792225,0.,-0.250000007978574,          2233P   6574
2.11326530612245,0.,-0.122448972492535,0.122448972492535,           2233P   6575
-3.14159265358979,3.14159265358979;                                 2233P   6576
128,1,1,1,1,0,0,1,0,0,-3.81100012159348,-3.81100012159348,          2235P   6577
3.81100012159348,3.81100012159348,-7.62100024318695,                2235P   6578
-7.62100024318695,0.001,0.001,1.,1.,1.,1.,-1.50039374865885,        2235P   6579
2.05204081792225,-1.50039374865885,-1.50039374865885,               2235P   6580
2.05204081792225,1.50039374865885,1.50039374865885,                 2235P   6581
2.05204081792225,-1.50039374865885,1.50039374865885,                2235P   6582
2.05204081792225,1.50039374865885,-3.81100012159348,                2235P   6583
3.81100012159348,-7.62100024318695,0.001;                           2235P   6584
128,1,8,1,2,0,1,0,0,1,-0.0166666666666667,-0.0166666666666667,      2237P   6585
0.0166666666666667,0.0166666666666667,-3.14159265358979,            2237P   6586
-3.14159265358979,-3.14159265358979,-1.5707963267949,               2237P   6587
-1.5707963267949,0.,0.,1.5707963267949,1.5707963267949,             2237P   6588
3.14159265358979,3.14159265358979,3.14159265358979,1.,1.,           2237P   6589
0.707106781186548,0.707106781186548,1.,1.,0.707106781186548,        2237P   6590
0.707106781186548,1.,1.,0.707106781186548,0.707106781186548,1.,     2237P   6591
1.,0.707106781186548,0.707106781186548,1.,1.,-1.50000004787145,     2237P   6592
2.00204081632653,0.,-1.50000004787145,2.05204081792225,0.,          2237P   6593
-1.50000004787145,2.00204081632653,-1.50000004787145,               2237P   6594
-1.50000004787145,2.05204081792225,-1.50000004787145,0.,            2237P   6595
2.00204081632653,-1.50000004787145,0.,2.05204081792225,             2237P   6596
-1.50000004787145,1.50000004787145,2.00204081632653,                2237P   6597
-1.50000004787145,1.50000004787145,2.05204081792225,                2237P   6598
-1.50000004787145,1.50000004787145,2.00204081632653,0.,             2237P   6599
1.50000004787145,2.05204081792225,0.,1.50000004787145,              2237P   6600
2.00204081632653,1.50000004787145,1.50000004787145,                 2237P   6601
2.05204081792225,1.50000004787145,0.,2.00204081632653,              2237P   6602
1.50000004787145,0.,2.05204081792225,1.50000004787145,              2237P   6603
-1.50000004787145,2.00204081632653,1.50000004787145,                2237P   6604
-1.50000004787145,2.05204081792225,1.50000004787145,                2237P   6605
-1.50000004787145,2.00204081632653,0.,-1.50000004787145,            2237P   6606
2.05204081792225,0.,-0.0166666666666667,0.0166666666666667,         2237P   6607
-3.14159265358979,3.14159265358979;                                 2237P   6608
128,1,1,1,1,0,0,1,0,0,-3.81100012159348,-3.81100012159348,          2239P   6609
3.81100012159348,3.81100012159348,-4.44600014185905,                2239P   6610
-4.44600014185905,3.1760001013279,3.1760001013279,1.,1.,1.,1.,      2239P   6611
-1.50039374865885,2.00204081632653,1.50039374865885,                2239P   6612
-1.50039374865885,2.00204081632653,-1.50039374865885,               2239P   6613
1.50039374865885,2.00204081632653,1.50039374865885,                 2239P   6614
1.50039374865885,2.00204081632653,-1.50039374865885,                2239P   6615
-3.81100012159348,3.81100012159348,-4.44600014185905,               2239P   6616
3.1760001013279;                                                    2239P   6617
128,1,8,1,2,0,1,0,0,1,-0.122448972492535,-0.122448972492535,        2241P   6618
0.122448972492535,0.122448972492535,-3.14159265358979,              2241P   6619
-3.14159265358979,-3.14159265358979,-1.5707963267949,               2241P   6620
-1.5707963267949,0.,0.,1.5707963267949,1.5707963267949,             2241P   6621
3.14159265358979,3.14159265358979,3.14159265358979,1.,1.,           2241P   6622
0.707106781186548,0.707106781186548,1.,1.,0.707106781186548,        2241P   6623
0.707106781186548,1.,1.,0.707106781186548,0.707106781186548,1.,     2241P   6624
1.,0.707106781186548,0.707106781186548,1.,1.,-0.250000007978574,    2241P   6625
1.94081632812633,0.,-0.250000007978574,2.00204081632653,0.,         2241P   6626
-0.250000007978574,1.94081632812633,-0.250000007978574,             2241P   6627
-0.250000007978574,2.00204081632653,-0.250000007978574,0.,          2241P   6628
1.94081632812633,-0.250000007978574,0.,2.00204081632653,            2241P   6629
-0.250000007978574,0.250000007978574,1.94081632812633,              2241P   6630
-0.250000007978574,0.250000007978574,2.00204081632653,              2241P   6631
-0.250000007978574,0.250000007978574,1.94081632812633,0.,           2241P   6632
0.250000007978574,2.00204081632653,0.,0.250000007978574,            2241P   6633
1.94081632812633,0.250000007978574,0.250000007978574,               2241P   6634
2.00204081632653,0.250000007978574,0.,1.94081632812633,             2241P   6635
0.250000007978574,0.,2.00204081632653,0.250000007978574,            2241P   6636
-0.250000007978574,1.94081632812633,0.250000007978574,              2241P   6637
-0.250000007978574,2.00204081632653,0.250000007978574,              2241P   6638
-0.250000007978574,1.94081632812633,0.,-0.250000007978574,          2241P   6639
2.00204081632653,0.,-0.122448972492535,0.122448972492535,           2241P   6640
-3.14159265358979,3.14159265358979;                                 2241P   6641
128,1,1,1,1,0,0,1,0,0,-3.81100012159348,-3.81100012159348,          2243P   6642
3.81100012159348,3.81100012159348,-7.62100024318695,                2243P   6643
-7.62100024318695,0.001,0.001,1.,1.,1.,1.,-1.50039374865885,        2243P   6644
1.94081632812633,-1.50039374865885,-1.50039374865885,               2243P   6645
1.94081632812633,1.50039374865885,1.50039374865885,                 2243P   6646
1.94081632812633,-1.50039374865885,1.50039374865885,                2243P   6647
1.94081632812633,1.50039374865885,-3.81100012159348,                2243P   6648
3.81100012159348,-7.62100024318695,0.001;                           2243P   6649
128,1,8,1,2,0,1,0,0,1,-0.0166666666666667,-0.0166666666666667,      2245P   6650
0.0166666666666667,0.0166666666666667,-3.14159265358979,            2245P   6651
-3.14159265358979,-3.14159265358979,-1.5707963267949,               2245P   6652
-1.5707963267949,0.,0.,1.5707963267949,1.5707963267949,             2245P   6653
3.14159265358979,3.14159265358979,3.14159265358979,1.,1.,           2245P   6654
0.707106781186548,0.707106781186548,1.,1.,0.707106781186548,        2245P   6655
0.707106781186548,1.,1.,0.707106781186548,0.707106781186548,1.,     2245P   6656
1.,0.707106781186548,0.707106781186548,1.,1.,-1.50000004787145,     2245P   6657
1.89081632653061,0.,-1.50000004787145,1.94081632812633,0.,          2245P   6658
-1.50000004787145,1.89081632653061,-1.50000004787145,               2245P   6659
-1.50000004787145,1.94081632812633,-1.50000004787145,0.,            2245P   6660
1.89081632653061,-1.50000004787145,0.,1.94081632812633,             2245P   6661
-1.50000004787145,1.50000004787145,1.89081632653061,                2245P   6662
-1.50000004787145,1.50000004787145,1.94081632812633,                2245P   6663
-1.50000004787145,1.50000004787145,1.89081632653061,0.,             2245P   6664
1.50000004787145,1.94081632812633,0.,1.50000004787145,              2245P   6665
1.89081632653061,1.50000004787145,1.50000004787145,                 2245P   6666
1.94081632812633,1.50000004787145,0.,1.89081632653061,              2245P   6667
1.50000004787145,0.,1.94081632812633,1.50000004787145,              2245P   6668
-1.50000004787145,1.89081632653061,1.50000004787145,                2245P   6669
-1.50000004787145,1.94081632812633,1.50000004787145,                2245P   6670
-1.50000004787145,1.89081632653061,0.,-1.50000004787145,            2245P   6671
1.94081632812633,0.,-0.0166666666666667,0.0166666666666667,         2245P   6672
-3.14159265358979,3.14159265358979;                                 2245P   6673
128,1,1,1,1,0,0,1,0,0,-3.81100012159348,-3.81100012159348,          2247P   6674
3.81100012159348,3.81100012159348,-4.44600014185905,                2247P   6675
-4.44600014185905,3.1760001013279,3.1760001013279,1.,1.,1.,1.,      2247P   6676
-1.50039374865885,1.89081632653061,1.50039374865885,                2247P   6677
-1.50039374865885,1.89081632653061,-1.50039374865885,               2247P   6678
1.50039374865885,1.89081632653061,1.50039374865885,                 2247P   6679
1.50039374865885,1.89081632653061,-1.50039374865885,                2247P   6680
-3.81100012159348,3.81100012159348,-4.44600014185905,               2247P   6681
3.1760001013279;                                                    2247P   6682
128,1,8,1,2,0,1,0,0,1,-0.122448972492533,-0.122448972492533,        2249P   6683
0.122448972492533,0.122448972492533,-3.14159265358979,              2249P   6684
-3.14159265358979,-3.14159265358979,-1.5707963267949,               2249P   6685
-1.5707963267949,0.,0.,1.5707963267949,1.5707963267949,             2249P   6686
3.14159265358979,3.14159265358979,3.14159265358979,1.,1.,           2249P   6687
0.707106781186548,0.707106781186548,1.,1.,0.707106781186548,        2249P   6688
0.707106781186548,1.,1.,0.707106781186548,0.707106781186548,1.,     2249P   6689
1.,0.707106781186548,0.707106781186548,1.,1.,-0.250000007978574,    2249P   6690
1.82959183833041,0.,-0.250000007978574,1.89081632653061,0.,         2249P   6691
-0.250000007978574,1.82959183833041,-0.250000007978574,             2249P   6692
-0.250000007978574,1.89081632653061,-0.250000007978574,0.,          2249P   6693
1.82959183833041,-0.250000007978574,0.,1.89081632653061,            2249P   6694
-0.250000007978574,0.250000007978574,1.82959183833041,              2249P   6695
-0.250000007978574,0.250000007978574,1.89081632653061,              2249P   6696
-0.250000007978574,0.250000007978574,1.82959183833041,0.,           2249P   6697
0.250000007978574,1.89081632653061,0.,0.250000007978574,            2249P   6698
1.82959183833041,0.250000007978574,0.250000007978574,               2249P   6699
1.89081632653061,0.250000007978574,0.,1.82959183833041,             2249P   6700
0.250000007978574,0.,1.89081632653061,0.250000007978574,            2249P   6701
-0.250000007978574,1.82959183833041,0.250000007978574,              2249P   6702
-0.250000007978574,1.89081632653061,0.250000007978574,              2249P   6703
-0.250000007978574,1.82959183833041,0.,-0.250000007978574,          2249P   6704
1.89081632653061,0.,-0.122448972492533,0.122448972492533,           2249P   6705
-3.14159265358979,3.14159265358979;                                 2249P   6706
128,1,1,1,1,0,0,1,0,0,-3.81100012159348,-3.81100012159348,          2251P   6707
3.81100012159348,3.81100012159348,-7.62100024318695,                2251P   6708
-7.62100024318695,0.001,0.001,1.,1.,1.,1.,-1.50039374865885,        2251P   6709
1.82959183833041,-1.50039374865885,-1.50039374865885,               2251P   6710
1.82959183833041,1.50039374865885,1.50039374865885,                 2251P   6711
1.82959183833041,-1.50039374865885,1.50039374865885,                2251P   6712
1.82959183833041,1.50039374865885,-3.81100012159348,                2251P   6713
3.81100012159348,-7.62100024318695,0.001;                           2251P   6714
128,1,8,1,2,0,1,0,0,1,-0.0166666666666667,-0.0166666666666667,      2253P   6715
0.0166666666666667,0.0166666666666667,-3.14159265358979,            2253P   6716
-3.14159265358979,-3.14159265358979,-1.5707963267949,               2253P   6717
-1.5707963267949,0.,0.,1.5707963267949,1.5707963267949,             2253P   6718
3.14159265358979,3.14159265358979,3.14159265358979,1.,1.,           2253P   6719
0.707106781186548,0.707106781186548,1.,1.,0.707106781186548,        2253P   6720
0.707106781186548,1.,1.,0.707106781186548,0.707106781186548,1.,     2253P   6721
1.,0.707106781186548,0.707106781186548,1.,1.,-1.50000004787145,     2253P   6722
1.77959183673469,0.,-1.50000004787145,1.82959183833041,0.,          2253P   6723
-1.50000004787145,1.77959183673469,-1.50000004787145,               2253P   6724
-1.50000004787145,1.82959183833041,-1.50000004787145,0.,            2253P   6725
1.77959183673469,-1.50000004787145,0.,1.82959183833041,             2253P   6726
-1.50000004787145,1.50000004787145,1.77959183673469,                2253P   6727
-1.50000004787145,1.50000004787145,1.82959183833041,                2253P   6728
-1.50000004787145,1.50000004787145,1.77959183673469,0.,             2253P   6729
1.50000004787145,1.82959183833041,0.,1.50000004787145,              2253P   6730
1.77959183673469,1.50000004787145,1.50000004787145,                 2253P   6731
1.82959183833041,1.50000004787145,0.,1.77959183673469,              2253P   6732
1.50000004787145,0.,1.82959183833041,1.50000004787145,              2253P   6733
-1.50000004787145,1.77959183673469,1.50000004787145,                2253P   6734
-1.50000004787145,1.82959183833041,1.50000004787145,                2253P   6735
-1.50000004787145,1.77959183673469,0.,-1.50000004787145,            2253P   6736
1.82959183833041,0.,-0.0166666666666667,0.0166666666666667,         2253P   6737
-3.14159265358979,3.14159265358979;                                 2253P   6738
128,1,1,1,1,0,0,1,0,0,-3.81100012159348,-3.81100012159348,          2255P   6739
3.81100012159348,3.81100012159348,-4.44600014185905,                2255P   6740
-4.44600014185905,3.1760001013279,3.1760001013279,1.,1.,1.,1.,      2255P   6741
-1.50039374865885,1.77959183673469,1.50039374865885,                2255P   6742
-1.50039374865885,1.77959183673469,-1.50039374865885,               2255P   6743
1.50039374865885,1.77959183673469,1.50039374865885,                 2255P   6744
1.50039374865885,1.77959183673469,-1.50039374865885,                2255P   6745
-3.81100012159348,3.81100012159348,-4.44600014185905,               2255P   6746
3.1760001013279;                                                    2255P   6747
128,1,8,1,2,0,1,0,0,1,-0.122448972492533,-0.122448972492533,        2257P   6748
0.122448972492533,0.122448972492533,-3.14159265358979,              2257P   6749
-3.14159265358979,-3.14159265358979,-1.5707963267949,               2257P   6750
-1.5707963267949,0.,0.,1.5707963267949,1.5707963267949,             2257P   6751
3.14159265358979,3.14159265358979,3.14159265358979,1.,1.,           2257P   6752
0.707106781186548,0.707106781186548,1.,1.,0.707106781186548,        2257P   6753
0.707106781186548,1.,1.,0.707106781186548,0.707106781186548,1.,     2257P   6754
1.,0.707106781186548,0.707106781186548,1.,1.,-0.250000007978574,    2257P   6755
1.71836734853449,0.,-0.250000007978574,1.77959183673469,0.,         2257P   6756
-0.250000007978574,1.71836734853449,-0.250000007978574,             2257P   6757
-0.250000007978574,1.77959183673469,-0.250000007978574,0.,          2257P   6758
1.71836734853449,-0.250000007978574,0.,1.77959183673469,            2257P   6759
-0.250000007978574,0.250000007978574,1.71836734853449,              2257P   6760
-0.250000007978574,0.250000007978574,1.77959183673469,              2257P   6761
-0.250000007978574,0.250000007978574,1.71836734853449,0.,           2257P   6762
0.250000007978574,1.77959183673469,0.,0.250000007978574,            2257P   6763
1.71836734853449,0.250000007978574,0.250000007978574,               2257P   6764
1.77959183673469,0.250000007978574,0.,1.71836734853449,             2257P   6765
0.250000007978574,0.,1.77959183673469,0.250000007978574,            2257P   6766
-0.250000007978574,1.71836734853449,0.250000007978574,              2257P   6767
-0.250000007978574,1.77959183673469,0.250000007978574,              2257P   6768
-0.250000007978574,1.71836734853449,0.,-0.250000007978574,          2257P   6769
1.77959183673469,0.,-0.122448972492533,0.122448972492533,           2257P   6770
-3.14159265358979,3.14159265358979;                                 2257P   6771
128,1,1,1,1,0,0,1,0,0,-3.81100012159348,-3.81100012159348,          2259P   6772
3.81100012159348,3.81100012159348,-7.62100024318695,                2259P   6773
-7.62100024318695,0.001,0.001,1.,1.,1.,1.,-1.50039374865885,        2259P   6774
1.71836734853449,-1.50039374865885,-1.50039374865885,               2259P   6775
1.71836734853449,1.50039374865885,1.50039374865885,                 2259P   6776
1.71836734853449,-1.50039374865885,1.50039374865885,                2259P   6777
1.71836734853449,1.50039374865885,-3.81100012159348,                2259P   6778
3.81100012159348,-7.62100024318695,0.001;                           2259P   6779
128,1,8,1,2,0,1,0,0,1,-0.0166666666666667,-0.0166666666666667,      2261P   6780
0.0166666666666667,0.0166666666666667,-3.14159265358979,            2261P   6781
-3.14159265358979,-3.14159265358979,-1.5707963267949,               2261P   6782
-1.5707963267949,0.,0.,1.5707963267949,1.5707963267949,             2261P   6783
3.14159265358979,3.14159265358979,3.14159265358979,1.,1.,           2261P   6784
0.707106781186548,0.707106781186548,1.,1.,0.707106781186548,        2261P   6785
0.707106781186548,1.,1.,0.707106781186548,0.707106781186548,1.,     2261P   6786
1.,0.707106781186548,0.707106781186548,1.,1.,-1.50000004787145,     2261P   6787
1.66836734693878,0.,-1.50000004787145,1.71836734853449,0.,          2261P   6788
-1.50000004787145,1.66836734693878,-1.50000004787145,               2261P   6789
-1.50000004787145,1.71836734853449,-1.50000004787145,0.,            2261P   6790
1.66836734693878,-1.50000004787145,0.,1.71836734853449,             2261P   6791
-1.50000004787145,1.50000004787145,1.66836734693878,                2261P   6792
-1.50000004787145,1.50000004787145,1.71836734853449,                2261P   6793
-1.50000004787145,1.50000004787145,1.66836734693878,0.,             2261P   6794
1.50000004787145,1.71836734853449,0.,1.50000004787145,              2261P   6795
1.66836734693878,1.50000004787145,1.50000004787145,                 2261P   6796
1.71836734853449,1.50000004787145,0.,1.66836734693878,              2261P   6797
1.50000004787145,0.,1.71836734853449,1.50000004787145,              2261P   6798
-1.50000004787145,1.66836734693878,1.50000004787145,                2261P   6799
-1.50000004787145,1.71836734853449,1.50000004787145,                2261P   6800
-1.50000004787145,1.66836734693878,0.,-1.50000004787145,            2261P   6801
1.71836734853449,0.,-0.0166666666666667,0.0166666666666667,         2261P   6802
-3.14159265358979,3.14159265358979;                                 2261P   6803
128,1,1,1,1,0,0,1,0,0,-3.81100012159348,-3.81100012159348,          2263P   6804
3.81100012159348,3.81100012159348,-4.44600014185905,                2263P   6805
-4.44600014185905,3.1760001013279,3.1760001013279,1.,1.,1.,1.,      2263P   6806
-1.50039374865885,1.66836734693878,1.50039374865885,                2263P   6807
-1.50039374865885,1.66836734693878,-1.50039374865885,               2263P   6808
1.50039374865885,1.66836734693878,1.50039374865885,                 2263P   6809
1.50039374865885,1.66836734693878,-1.50039374865885,                2263P   6810
-3.81100012159348,3.81100012159348,-4.44600014185905,               2263P   6811
3.1760001013279;                                                    2263P   6812
128,1,8,1,2,0,1,0,0,1,-0.122448972492535,-0.122448972492535,        2265P   6813
0.122448972492535,0.122448972492535,-3.14159265358979,              2265P   6814
-3.14159265358979,-3.14159265358979,-1.5707963267949,               2265P   6815
-1.5707963267949,0.,0.,1.5707963267949,1.5707963267949,             2265P   6816
3.14159265358979,3.14159265358979,3.14159265358979,1.,1.,           2265P   6817
0.707106781186548,0.707106781186548,1.,1.,0.707106781186548,        2265P   6818
0.707106781186548,1.,1.,0.707106781186548,0.707106781186548,1.,     2265P   6819
1.,0.707106781186548,0.707106781186548,1.,1.,-0.250000007978574,    2265P   6820
1.60714285873857,0.,-0.250000007978574,1.66836734693878,0.,         2265P   6821
-0.250000007978574,1.60714285873857,-0.250000007978574,             2265P   6822
-0.250000007978574,1.66836734693878,-0.250000007978574,0.,          2265P   6823
1.60714285873857,-0.250000007978574,0.,1.66836734693878,            2265P   6824
-0.250000007978574,0.250000007978574,1.60714285873857,              2265P   6825
-0.250000007978574,0.250000007978574,1.66836734693878,              2265P   6826
-0.250000007978574,0.250000007978574,1.60714285873857,0.,           2265P   6827
0.250000007978574,1.66836734693878,0.,0.250000007978574,            2265P   6828
1.60714285873857,0.250000007978574,0.250000007978574,               2265P   6829
1.66836734693878,0.250000007978574,0.,1.60714285873857,             2265P   6830
0.250000007978574,0.,1.66836734693878,0.250000007978574,            2265P   6831
-0.250000007978574,1.60714285873857,0.250000007978574,              2265P   6832
-0.250000007978574,1.66836734693878,0.250000007978574,              2265P   6833
-0.250000007978574,1.60714285873857,0.,-0.250000007978574,          2265P   6834
1.66836734693878,0.,-0.122448972492535,0.122448972492535,           2265P   6835
-3.14159265358979,3.14159265358979;                                 2265P   6836
128,1,1,1,1,0,0,1,0,0,-3.81100012159348,-3.81100012159348,          2267P   6837
3.81100012159348,3.81100012159348,-7.62100024318695,                2267P   6838
-7.62100024318695,0.001,0.001,1.,1.,1.,1.,-1.50039374865885,        2267P   6839
1.60714285873857,-1.50039374865885,-1.50039374865885,               2267P   6840
1.60714285873857,1.50039374865885,1.50039374865885,                 2267P   6841
1.60714285873857,-1.50039374865885,1.50039374865885,                2267P   6842
1.60714285873857,1.50039374865885,-3.81100012159348,                2267P   6843
3.81100012159348,-7.62100024318695,0.001;                           2267P   6844
128,1,8,1,2,0,1,0,0,1,-0.0166666666666667,-0.0166666666666667,      2269P   6845
0.0166666666666667,0.0166666666666667,-3.14159265358979,            2269P   6846
-3.14159265358979,-3.14159265358979,-1.5707963267949,               2269P   6847
-1.5707963267949,0.,0.,1.5707963267949,1.5707963267949,             2269P   6848
3.14159265358979,3.14159265358979,3.14159265358979,1.,1.,           2269P   6849
0.707106781186548,0.707106781186548,1.,1.,0.707106781186548,        2269P   6850
0.707106781186548,1.,1.,0.707106781186548,0.707106781186548,1.,     2269P   6851
1.,0.707106781186548,0.707106781186548,1.,1.,-1.50000004787145,     2269P   6852
1.55714285714286,0.,-1.50000004787145,1.60714285873857,0.,          2269P   6853
-1.50000004787145,1.55714285714286,-1.50000004787145,               2269P   6854
-1.50000004787145,1.60714285873857,-1.50000004787145,0.,            2269P   6855
1.55714285714286,-1.50000004787145,0.,1.60714285873857,             2269P   6856
-1.50000004787145,1.50000004787145,1.55714285714286,                2269P   6857
-1.50000004787145,1.50000004787145,1.60714285873857,                2269P   6858
-1.50000004787145,1.50000004787145,1.55714285714286,0.,             2269P   6859
1.50000004787145,1.60714285873857,0.,1.50000004787145,              2269P   6860
1.55714285714286,1.50000004787145,1.50000004787145,                 2269P   6861
1.60714285873857,1.50000004787145,0.,1.55714285714286,              2269P   6862
1.50000004787145,0.,1.60714285873857,1.50000004787145,              2269P   6863
-1.50000004787145,1.55714285714286,1.50000004787145,                2269P   6864
-1.50000004787145,1.60714285873857,1.50000004787145,                2269P   6865
-1.50000004787145,1.55714285714286,0.,-1.50000004787145,            2269P   6866
1.60714285873857,0.,-0.0166666666666667,0.0166666666666667,         2269P   6867
-3.14159265358979,3.14159265358979;                                 2269P   6868
128,1,1,1,1,0,0,1,0,0,-3.81100012159348,-3.81100012159348,          2271P   6869
3.81100012159348,3.81100012159348,-4.44600014185905,                2271P   6870
-4.44600014185905,3.1760001013279,3.1760001013279,1.,1.,1.,1.,      2271P   6871
-1.50039374865885,1.55714285714286,1.50039374865885,                2271P   6872
-1.50039374865885,1.55714285714286,-1.50039374865885,               2271P   6873
1.50039374865885,1.55714285714286,1.50039374865885,                 2271P   6874
1.50039374865885,1.55714285714286,-1.50039374865885,                2271P   6875
-3.81100012159348,3.81100012159348,-4.44600014185905,               2271P   6876
3.1760001013279;                                                    2271P   6877
128,1,8,1,2,0,1,0,0,1,-0.122448972492533,-0.122448972492533,        2273P   6878
0.122448972492533,0.122448972492533,-3.14159265358979,              2273P   6879
-3.14159265358979,-3.14159265358979,-1.5707963267949,               2273P   6880
-1.5707963267949,0.,0.,1.5707963267949,1.5707963267949,             2273P   6881
3.14159265358979,3.14159265358979,3.14159265358979,1.,1.,           2273P   6882
0.707106781186548,0.707106781186548,1.,1.,0.707106781186548,        2273P   6883
0.707106781186548,1.,1.,0.707106781186548,0.707106781186548,1.,     2273P   6884
1.,0.707106781186548,0.707106781186548,1.,1.,-0.250000007978574,    2273P   6885
1.49591836894265,0.,-0.250000007978574,1.55714285714286,0.,         2273P   6886
-0.250000007978574,1.49591836894265,-0.250000007978574,             2273P   6887
-0.250000007978574,1.55714285714286,-0.250000007978574,0.,          2273P   6888
1.49591836894265,-0.250000007978574,0.,1.55714285714286,            2273P   6889
-0.250000007978574,0.250000007978574,1.49591836894265,              2273P   6890
-0.250000007978574,0.250000007978574,1.55714285714286,              2273P   6891
-0.250000007978574,0.250000007978574,1.49591836894265,0.,           2273P   6892
0.250000007978574,1.55714285714286,0.,0.250000007978574,            2273P   6893
1.49591836894265,0.250000007978574,0.250000007978574,               2273P   6894
1.55714285714286,0.250000007978574,0.,1.49591836894265,             2273P   6895
0.250000007978574,0.,1.55714285714286,0.250000007978574,            2273P   6896
-0.250000007978574,1.49591836894265,0.250000007978574,              2273P   6897
-0.250000007978574,1.55714285714286,0.250000007978574,              2273P   6898
-0.250000007978574,1.49591836894265,0.,-0.250000007978574,          2273P   6899
1.55714285714286,0.,-0.122448972492533,0.122448972492533,           2273P   6900
-3.14159265358979,3.14159265358979;                                 2273P   6901
128,1,1,1,1,0,0,1,0,0,-3.81100012159348,-3.81100012159348,          2275P   6902
3.81100012159348,3.81100012159348,-7.62100024318695,                2275P   6903
-7.62100024318695,0.001,0.001,1.,1.,1.,1.,-1.50039374865885,        2275P   6904
1.49591836894265,-1.50039374865885,-1.50039374865885,               2275P   6905
1.49591836894265,1.50039374865885,1.50039374865885,                 2275P   6906
1.49591836894265,-1.50039374865885,1.50039374865885,                2275P   6907
1.49591836894265,1.50039374865885,-3.81100012159348,                2275P   6908
3.81100012159348,-7.62100024318695,0.001;                           2275P   6909
128,1,8,1,2,0,1,0,0,1,-0.0166666666666667,-0.0166666666666667,      2277P   6910
0.0166666666666667,0.0166666666666667,-3.14159265358979,            2277P   6911
-3.14159265358979,-3.14159265358979,-1.5707963267949,               2277P   6912
-1.5707963267949,0.,0.,1.5707963267949,1.5707963267949,             2277P   6913
3.14159265358979,3.14159265358979,3.14159265358979,1.,1.,           2277P   6914
0.707106781186548,0.707106781186548,1.,1.,0.707106781186548,        2277P   6915
0.707106781186548,1.,1.,0.707106781186548,0.707106781186548,1.,     2277P   6916
1.,0.707106781186548,0.707106781186548,1.,1.,-1.50000004787145,     2277P   6917
1.44591836734694,0.,-1.50000004787145,1.49591836894265,0.,          2277P   6918
-1.50000004787145,1.44591836734694,-1.50000004787145,               2277P   6919
-1.50000004787145,1.49591836894265,-1.50000004787145,0.,            2277P   6920
1.44591836734694,-1.50000004787145,0.,1.49591836894265,             2277P   6921
-1.50000004787145,1.50000004787145,1.44591836734694,                2277P   6922
-1.50000004787145,1.50000004787145,1.49591836894265,                2277P   6923
-1.50000004787145,1.50000004787145,1.44591836734694,0.,             2277P   6924
1.50000004787145,1.49591836894265,0.,1.50000004787145,              2277P   6925
1.44591836734694,1.50000004787145,1.50000004787145,                 2277P   6926
1.49591836894265,1.50000004787145,0.,1.44591836734694,              2277P   6927
1.50000004787145,0.,1.49591836894265,1.50000004787145,              2277P   6928
-1.50000004787145,1.44591836734694,1.50000004787145,                2277P   6929
-1.50000004787145,1.49591836894265,1.50000004787145,                2277P   6930
-1.50000004787145,1.44591836734694,0.,-1.50000004787145,            2277P   6931
1.49591836894265,0.,-0.0166666666666667,0.0166666666666667,         2277P   6932
-3.14159265358979,3.14159265358979;                                 2277P   6933
128,1,1,1,1,0,0,1,0,0,-3.81100012159348,-3.81100012159348,          2279P   6934
3.81100012159348,3.81100012159348,-4.44600014185905,                2279P   6935
-4.44600014185905,3.1760001013279,3.1760001013279,1.,1.,1.,1.,      2279P   6936
-1.50039374865885,1.44591836734694,1.50039374865885,                2279P   6937
-1.50039374865885,1.44591836734694,-1.50039374865885,               2279P   6938
1.50039374865885,1.44591836734694,1.50039374865885,                 2279P   6939
1.50039374865885,1.44591836734694,-1.50039374865885,                2279P   6940
-3.81100012159348,3.81100012159348,-4.44600014185905,               2279P   6941
3.1760001013279;                                                    2279P   6942
128,1,8,1,2,0,1,0,0,1,-0.122448972492535,-0.122448972492535,        2281P   6943
0.122448972492535,0.122448972492535,-3.14159265358979,              2281P   6944
-3.14159265358979,-3.14159265358979,-1.5707963267949,               2281P   6945
-1.5707963267949,0.,0.,1.5707963267949,1.5707963267949,             2281P   6946
3.14159265358979,3.14159265358979,3.14159265358979,1.,1.,           2281P   6947
0.707106781186548,0.707106781186548,1.,1.,0.707106781186548,        2281P   6948
0.707106781186548,1.,1.,0.707106781186548,0.707106781186548,1.,     2281P   6949
1.,0.707106781186548,0.707106781186548,1.,1.,-0.250000007978574,    2281P   6950
1.38469387914673,0.,-0.250000007978574,1.44591836734694,0.,         2281P   6951
-0.250000007978574,1.38469387914673,-0.250000007978574,             2281P   6952
-0.250000007978574,1.44591836734694,-0.250000007978574,0.,          2281P   6953
1.38469387914673,-0.250000007978574,0.,1.44591836734694,            2281P   6954
-0.250000007978574,0.250000007978574,1.38469387914673,              2281P   6955
-0.250000007978574,0.250000007978574,1.44591836734694,              2281P   6956
-0.250000007978574,0.250000007978574,1.38469387914673,0.,           2281P   6957
0.250000007978574,1.44591836734694,0.,0.250000007978574,            2281P   6958
1.38469387914673,0.250000007978574,0.250000007978574,               2281P   6959
1.44591836734694,0.250000007978574,0.,1.38469387914673,             2281P   6960
0.250000007978574,0.,1.44591836734694,0.250000007978574,            2281P   6961
-0.250000007978574,1.38469387914673,0.250000007978574,              2281P   6962
-0.250000007978574,1.44591836734694,0.250000007978574,              2281P   6963
-0.250000007978574,1.38469387914673,0.,-0.250000007978574,          2281P   6964
1.44591836734694,0.,-0.122448972492535,0.122448972492535,           2281P   6965
-3.14159265358979,3.14159265358979;                                 2281P   6966
128,1,1,1,1,0,0,1,0,0,-3.81100012159348,-3.81100012159348,          2283P   6967
3.81100012159348,3.81100012159348,-7.62100024318695,                2283P   6968
-7.62100024318695,0.001,0.001,1.,1.,1.,1.,-1.50039374865885,        2283P   6969
1.38469387914674,-1.50039374865885,-1.50039374865885,               2283P   6970
1.38469387914674,1.50039374865885,1.50039374865885,                 2283P   6971
1.38469387914674,-1.50039374865885,1.50039374865885,                2283P   6972
1.38469387914674,1.50039374865885,-3.81100012159348,                2283P   6973
3.81100012159348,-7.62100024318695,0.001;                           2283P   6974
128,1,8,1,2,0,1,0,0,1,-0.0166666666666667,-0.0166666666666667,      2285P   6975
0.0166666666666667,0.0166666666666667,-3.14159265358979,            2285P   6976
-3.14159265358979,-3.14159265358979,-1.5707963267949,               2285P   6977
-1.5707963267949,0.,0.,1.5707963267949,1.5707963267949,             2285P   6978
3.14159265358979,3.14159265358979,3.14159265358979,1.,1.,           2285P   6979
0.707106781186548,0.707106781186548,1.,1.,0.707106781186548,        2285P   6980
0.707106781186548,1.,1.,0.707106781186548,0.707106781186548,1.,     2285P   6981
1.,0.707106781186548,0.707106781186548,1.,1.,-1.50000004787145,     2285P   6982
1.33469387755102,0.,-1.50000004787145,1.38469387914674,0.,          2285P   6983
-1.50000004787145,1.33469387755102,-1.50000004787145,               2285P   6984
-1.50000004787145,1.38469387914674,-1.50000004787145,0.,            2285P   6985
1.33469387755102,-1.50000004787145,0.,1.38469387914674,             2285P   6986
-1.50000004787145,1.50000004787145,1.33469387755102,                2285P   6987
-1.50000004787145,1.50000004787145,1.38469387914674,                2285P   6988
-1.50000004787145,1.50000004787145,1.33469387755102,0.,             2285P   6989
1.50000004787145,1.38469387914674,0.,1.50000004787145,              2285P   6990
1.33469387755102,1.50000004787145,1.50000004787145,                 2285P   6991
1.38469387914674,1.50000004787145,0.,1.33469387755102,              2285P   6992
1.50000004787145,0.,1.38469387914674,1.50000004787145,              2285P   6993
-1.50000004787145,1.33469387755102,1.50000004787145,                2285P   6994
-1.50000004787145,1.38469387914674,1.50000004787145,                2285P   6995
-1.50000004787145,1.33469387755102,0.,-1.50000004787145,            2285P   6996
1.38469387914674,0.,-0.0166666666666667,0.0166666666666667,         2285P   6997
-3.14159265358979,3.14159265358979;                                 2285P   6998
128,1,1,1,1,0,0,1,0,0,-3.81100012159348,-3.81100012159348,          2287P   6999
3.81100012159348,3.81100012159348,-4.44600014185905,                2287P   7000
-4.44600014185905,3.1760001013279,3.1760001013279,1.,1.,1.,1.,      2287P   7001
-1.50039374865885,1.33469387755102,1.50039374865885,                2287P   7002
-1.50039374865885,1.33469387755102,-1.50039374865885,               2287P   7003
1.50039374865885,1.33469387755102,1.50039374865885,                 2287P   7004
1.50039374865885,1.33469387755102,-1.50039374865885,                2287P   7005
-3.81100012159348,3.81100012159348,-4.44600014185905,               2287P   7006
3.1760001013279;                                                    2287P   7007
128,1,8,1,2,0,1,0,0,1,-0.122448972492533,-0.122448972492533,        2289P   7008
0.122448972492533,0.122448972492533,-3.14159265358979,              2289P   7009
-3.14159265358979,-3.14159265358979,-1.5707963267949,               2289P   7010
-1.5707963267949,0.,0.,1.5707963267949,1.5707963267949,             2289P   7011
3.14159265358979,3.14159265358979,3.14159265358979,1.,1.,           2289P   7012
0.707106781186548,0.707106781186548,1.,1.,0.707106781186548,        2289P   7013
0.707106781186548,1.,1.,0.707106781186548,0.707106781186548,1.,     2289P   7014
1.,0.707106781186548,0.707106781186548,1.,1.,-0.250000007978574,    2289P   7015
1.27346938935082,0.,-0.250000007978574,1.33469387755102,0.,         2289P   7016
-0.250000007978574,1.27346938935082,-0.250000007978574,             2289P   7017
-0.250000007978574,1.33469387755102,-0.250000007978574,0.,          2289P   7018
1.27346938935082,-0.250000007978574,0.,1.33469387755102,            2289P   7019
-0.250000007978574,0.250000007978574,1.27346938935082,              2289P   7020
-0.250000007978574,0.250000007978574,1.33469387755102,              2289P   7021
-0.250000007978574,0.250000007978574,1.27346938935082,0.,           2289P   7022
0.250000007978574,1.33469387755102,0.,0.250000007978574,            2289P   7023
1.27346938935082,0.250000007978574,0.250000007978574,               2289P   7024
1.33469387755102,0.250000007978574,0.,1.27346938935082,             2289P   7025
0.250000007978574,0.,1.33469387755102,0.250000007978574,            2289P   7026
-0.250000007978574,1.27346938935082,0.250000007978574,              2289P   7027
-0.250000007978574,1.33469387755102,0.250000007978574,              2289P   7028
-0.250000007978574,1.27346938935082,0.,-0.250000007978574,          2289P   7029
1.33469387755102,0.,-0.122448972492533,0.122448972492533,           2289P   7030
-3.14159265358979,3.14159265358979;                                 2289P   7031
128,1,1,1,1,0,0,1,0,0,-3.81100012159348,-3.81100012159348,          2291P   7032
3.81100012159348,3.81100012159348,-7.62100024318695,                2291P   7033
-7.62100024318695,0.001,0.001,1.,1.,1.,1.,-1.50039374865885,        2291P   7034
1.27346938935082,-1.50039374865885,-1.50039374865885,               2291P   7035
1.27346938935082,1.50039374865885,1.50039374865885,                 2291P   7036
1.27346938935082,-1.50039374865885,1.50039374865885,                2291P   7037
1.27346938935082,1.50039374865885,-3.81100012159348,                2291P   7038
3.81100012159348,-7.62100024318695,0.001;                           2291P   7039
128,1,8,1,2,0,1,0,0,1,-0.0166666666666667,-0.0166666666666667,      2293P   7040
0.0166666666666667,0.0166666666666667,-3.14159265358979,            2293P   7041
-3.14159265358979,-3.14159265358979,-1.5707963267949,               2293P   7042
-1.5707963267949,0.,0.,1.5707963267949,1.5707963267949,             2293P   7043
3.14159265358979,3.14159265358979,3.14159265358979,1.,1.,           2293P   7044
0.707106781186548,0.707106781186548,1.,1.,0.707106781186548,        2293P   7045
0.707106781186548,1.,1.,0.707106781186548,0.707106781186548,1.,     2293P   7046
1.,0.707106781186548,0.707106781186548,1.,1.,-1.50000004787145,     2293P   7047
1.2234693877551,0.,-1.50000004787145,1.27346938935082,0.,           2293P   7048
-1.50000004787145,1.2234693877551,-1.50000004787145,                2293P   7049
-1.50000004787145,1.27346938935082,-1.50000004787145,0.,            2293P   7050
1.2234693877551,-1.50000004787145,0.,1.27346938935082,              2293P   7051
-1.50000004787145,1.50000004787145,1.2234693877551,                 2293P   7052
-1.50000004787145,1.50000004787145,1.27346938935082,                2293P   7053
-1.50000004787145,1.50000004787145,1.2234693877551,0.,              2293P   7054
1.50000004787145,1.27346938935082,0.,1.50000004787145,              2293P   7055
1.2234693877551,1.50000004787145,1.50000004787145,                  2293P   7056
1.27346938935082,1.50000004787145,0.,1.2234693877551,               2293P   7057
1.50000004787145,0.,1.27346938935082,1.50000004787145,              2293P   7058
-1.50000004787145,1.2234693877551,1.50000004787145,                 2293P   7059
-1.50000004787145,1.27346938935082,1.50000004787145,                2293P   7060
-1.50000004787145,1.2234693877551,0.,-1.50000004787145,             2293P   7061
1.27346938935082,0.,-0.0166666666666667,0.0166666666666667,         2293P   7062
-3.14159265358979,3.14159265358979;                                 2293P   7063
128,1,1,1,1,0,0,1,0,0,-3.81100012159348,-3.81100012159348,          2295P   7064
3.81100012159348,3.81100012159348,-4.44600014185905,                2295P   7065
-4.44600014185905,3.1760001013279,3.1760001013279,1.,1.,1.,1.,      2295P   7066
-1.50039374865885,1.2234693877551,1.50039374865885,                 2295P   7067
-1.50039374865885,1.2234693877551,-1.50039374865885,                2295P   7068
1.50039374865885,1.2234693877551,1.50039374865885,                  2295P   7069
1.50039374865885,1.2234693877551,-1.50039374865885,                 2295P   7070
-3.81100012159348,3.81100012159348,-4.44600014185905,               2295P   7071
3.1760001013279;                                                    2295P   7072
128,1,8,1,2,0,1,0,0,1,-0.122448972492533,-0.122448972492533,        2297P   7073
0.122448972492533,0.122448972492533,-3.14159265358979,              2297P   7074
-3.14159265358979,-3.14159265358979,-1.5707963267949,               2297P   7075
-1.5707963267949,0.,0.,1.5707963267949,1.5707963267949,             2297P   7076
3.14159265358979,3.14159265358979,3.14159265358979,1.,1.,           2297P   7077
0.707106781186548,0.707106781186548,1.,1.,0.707106781186548,        2297P   7078
0.707106781186548,1.,1.,0.707106781186548,0.707106781186548,1.,     2297P   7079
1.,0.707106781186548,0.707106781186548,1.,1.,-0.250000007978574,    2297P   7080
1.1622448995549,0.,-0.250000007978574,1.2234693877551,0.,           2297P   7081
-0.250000007978574,1.1622448995549,-0.250000007978574,              2297P   7082
-0.250000007978574,1.2234693877551,-0.250000007978574,0.,           2297P   7083
1.1622448995549,-0.250000007978574,0.,1.2234693877551,              2297P   7084
-0.250000007978574,0.250000007978574,1.1622448995549,               2297P   7085
-0.250000007978574,0.250000007978574,1.2234693877551,               2297P   7086
-0.250000007978574,0.250000007978574,1.1622448995549,0.,            2297P   7087
0.250000007978574,1.2234693877551,0.,0.250000007978574,             2297P   7088
1.1622448995549,0.250000007978574,0.250000007978574,                2297P   7089
1.2234693877551,0.250000007978574,0.,1.1622448995549,               2297P   7090
0.250000007978574,0.,1.2234693877551,0.250000007978574,             2297P   7091
-0.250000007978574,1.1622448995549,0.250000007978574,               2297P   7092
-0.250000007978574,1.2234693877551,0.250000007978574,               2297P   7093
-0.250000007978574,1.1622448995549,0.,-0.250000007978574,           2297P   7094
1.2234693877551,0.,-0.122448972492533,0.122448972492533,            2297P   7095
-3.14159265358979,3.14159265358979;                                 2297P   7096
128,1,1,1,1,0,0,1,0,0,-3.81100012159348,-3.81100012159348,          2299P   7097
3.81100012159348,3.81100012159348,-7.62100024318695,                2299P   7098
-7.62100024318695,0.001,0.001,1.,1.,1.,1.,-1.50039374865885,        2299P   7099
1.1622448995549,-1.50039374865885,-1.50039374865885,                2299P   7100
1.1622448995549,1.50039374865885,1.50039374865885,                  2299P   7101
1.1622448995549,-1.50039374865885,1.50039374865885,                 2299P   7102
1.1622448995549,1.50039374865885,-3.81100012159348,                 2299P   7103
3.81100012159348,-7.62100024318695,0.001;                           2299P   7104
128,1,8,1,2,0,1,0,0,1,-0.0166666666666667,-0.0166666666666667,      2301P   7105
0.0166666666666667,0.0166666666666667,-3.14159265358979,            2301P   7106
-3.14159265358979,-3.14159265358979,-1.5707963267949,               2301P   7107
-1.5707963267949,0.,0.,1.5707963267949,1.5707963267949,             2301P   7108
3.14159265358979,3.14159265358979,3.14159265358979,1.,1.,           2301P   7109
0.707106781186548,0.707106781186548,1.,1.,0.707106781186548,        2301P   7110
0.707106781186548,1.,1.,0.707106781186548,0.707106781186548,1.,     2301P   7111
1.,0.707106781186548,0.707106781186548,1.,1.,-1.50000004787145,     2301P   7112
1.11224489795918,0.,-1.50000004787145,1.1622448995549,0.,           2301P   7113
-1.50000004787145,1.11224489795918,-1.50000004787145,               2301P   7114
-1.50000004787145,1.1622448995549,-1.50000004787145,0.,             2301P   7115
1.11224489795918,-1.50000004787145,0.,1.1622448995549,              2301P   7116
-1.50000004787145,1.50000004787145,1.11224489795918,                2301P   7117
-1.50000004787145,1.50000004787145,1.1622448995549,                 2301P   7118
-1.50000004787145,1.50000004787145,1.11224489795918,0.,             2301P   7119
1.50000004787145,1.1622448995549,0.,1.50000004787145,               2301P   7120
1.11224489795918,1.50000004787145,1.50000004787145,                 2301P   7121
1.1622448995549,1.50000004787145,0.,1.11224489795918,               2301P   7122
1.50000004787145,0.,1.1622448995549,1.50000004787145,               2301P   7123
-1.50000004787145,1.11224489795918,1.50000004787145,                2301P   7124
-1.50000004787145,1.1622448995549,1.50000004787145,                 2301P   7125
-1.50000004787145,1.11224489795918,0.,-1.50000004787145,            2301P   7126
1.1622448995549,0.,-0.0166666666666667,0.0166666666666667,          2301P   7127
-3.14159265358979,3.14159265358979;                                 2301P   7128
128,1,1,1,1,0,0,1,0,0,-3.81100012159348,-3.81100012159348,          2303P   7129
3.81100012159348,3.81100012159348,-4.44600014185905,                2303P   7130
-4.44600014185905,3.1760001013279,3.1760001013279,1.,1.,1.,1.,      2303P   7131
-1.50039374865885,1.11224489795918,1.50039374865885,                2303P   7132
-1.50039374865885,1.11224489795918,-1.50039374865885,               2303P   7133
1.50039374865885,1.11224489795918,1.50039374865885,                 2303P   7134
1.50039374865885,1.11224489795918,-1.50039374865885,                2303P   7135
-3.81100012159348,3.81100012159348,-4.44600014185905,               2303P   7136
3.1760001013279;                                                    2303P   7137
128,1,8,1,2,0,1,0,0,1,-0.122448972492535,-0.122448972492535,        2305P   7138
0.122448972492535,0.122448972492535,-3.14159265358979,              2305P   7139
-3.14159265358979,-3.14159265358979,-1.5707963267949,               2305P   7140
-1.5707963267949,0.,0.,1.5707963267949,1.5707963267949,             2305P   7141
3.14159265358979,3.14159265358979,3.14159265358979,1.,1.,           2305P   7142
0.707106781186548,0.707106781186548,1.,1.,0.707106781186548,        2305P   7143
0.707106781186548,1.,1.,0.707106781186548,0.707106781186548,1.,     2305P   7144
1.,0.707106781186548,0.707106781186548,1.,1.,-0.250000007978574,    2305P   7145
1.05102040975898,0.,-0.250000007978574,1.11224489795918,0.,         2305P   7146
-0.250000007978574,1.05102040975898,-0.250000007978574,             2305P   7147
-0.250000007978574,1.11224489795918,-0.250000007978574,0.,          2305P   7148
1.05102040975898,-0.250000007978574,0.,1.11224489795918,            2305P   7149
-0.250000007978574,0.250000007978574,1.05102040975898,              2305P   7150
-0.250000007978574,0.250000007978574,1.11224489795918,              2305P   7151
-0.250000007978574,0.250000007978574,1.05102040975898,0.,           2305P   7152
0.250000007978574,1.11224489795918,0.,0.250000007978574,            2305P   7153
1.05102040975898,0.250000007978574,0.250000007978574,               2305P   7154
1.11224489795918,0.250000007978574,0.,1.05102040975898,             2305P   7155
0.250000007978574,0.,1.11224489795918,0.250000007978574,            2305P   7156
-0.250000007978574,1.05102040975898,0.250000007978574,              2305P   7157
-0.250000007978574,1.11224489795918,0.250000007978574,              2305P   7158
-0.250000007978574,1.05102040975898,0.,-0.250000007978574,          2305P   7159
1.11224489795918,0.,-0.122448972492535,0.122448972492535,           2305P   7160
-3.14159265358979,3.14159265358979;                                 2305P   7161
128,1,1,1,1,0,0,1,0,0,-3.81100012159348,-3.81100012159348,          2307P   7162
3.81100012159348,3.81100012159348,-7.62100024318695,                2307P   7163
-7.62100024318695,0.001,0.001,1.,1.,1.,1.,-1.50039374865885,        2307P   7164
1.05102040975898,-1.50039374865885,-1.50039374865885,               2307P   7165
1.05102040975898,1.50039374865885,1.50039374865885,                 2307P   7166
1.05102040975898,-1.50039374865885,1.50039374865885,                2307P   7167
1.05102040975898,1.50039374865885,-3.81100012159348,                2307P   7168
3.81100012159348,-7.62100024318695,0.001;                           2307P   7169
128,1,8,1,2,0,1,0,0,1,-0.0166666666666667,-0.0166666666666667,      2309P   7170
0.0166666666666667,0.0166666666666667,-3.14159265358979,            2309P   7171
-3.14159265358979,-3.14159265358979,-1.5707963267949,               2309P   7172
-1.5707963267949,0.,0.,1.5707963267949,1.5707963267949,             2309P   7173
3.14159265358979,3.14159265358979,3.14159265358979,1.,1.,           2309P   7174
0.707106781186548,0.707106781186548,1.,1.,0.707106781186548,        2309P   7175
0.707106781186548,1.,1.,0.707106781186548,0.707106781186548,1.,     2309P   7176
1.,0.707106781186548,0.707106781186548,1.,1.,-1.50000004787145,     2309P   7177
1.00102040816327,0.,-1.50000004787145,1.05102040975898,0.,          2309P   7178
-1.50000004787145,1.00102040816327,-1.50000004787145,               2309P   7179
-1.50000004787145,1.05102040975898,-1.50000004787145,0.,            2309P   7180
1.00102040816327,-1.50000004787145,0.,1.05102040975898,             2309P   7181
-1.50000004787145,1.50000004787145,1.00102040816327,                2309P   7182
-1.50000004787145,1.50000004787145,1.05102040975898,                2309P   7183
-1.50000004787145,1.50000004787145,1.00102040816327,0.,             2309P   7184
1.50000004787145,1.05102040975898,0.,1.50000004787145,              2309P   7185
1.00102040816327,1.50000004787145,1.50000004787145,                 2309P   7186
1.05102040975898,1.50000004787145,0.,1.00102040816327,              2309P   7187
1.50000004787145,0.,1.05102040975898,1.50000004787145,              2309P   7188
-1.50000004787145,1.00102040816327,1.50000004787145,                2309P   7189
-1.50000004787145,1.05102040975898,1.50000004787145,                2309P   7190
-1.50000004787145,1.00102040816327,0.,-1.50000004787145,            2309P   7191
1.05102040975898,0.,-0.0166666666666667,0.0166666666666667,         2309P   7192
-3.14159265358979,3.14159265358979;                                 2309P   7193
128,1,1,1,1,0,0,1,0,0,-3.81100012159348,-3.81100012159348,          2311P   7194
3.81100012159348,3.81100012159348,-4.44600014185905,                2311P   7195
-4.44600014185905,3.1760001013279,3.1760001013279,1.,1.,1.,1.,      2311P   7196
-1.50039374865885,1.00102040816327,1.50039374865885,                2311P   7197
-1.50039374865885,1.00102040816327,-1.50039374865885,               2311P   7198
1.50039374865885,1.00102040816327,1.50039374865885,                 2311P   7199
1.50039374865885,1.00102040816327,-1.50039374865885,                2311P   7200
-3.81100012159348,3.81100012159348,-4.44600014185905,               2311P   7201
3.1760001013279;                                                    2311P   7202
128,1,8,1,2,0,1,0,0,1,-0.122448972492535,-0.122448972492535,        2313P   7203
0.122448972492535,0.122448972492535,-3.14159265358979,              2313P   7204
-3.14159265358979,-3.14159265358979,-1.5707963267949,               2313P   7205
-1.5707963267949,0.,0.,1.5707963267949,1.5707963267949,             2313P   7206
3.14159265358979,3.14159265358979,3.14159265358979,1.,1.,           2313P   7207
0.707106781186548,0.707106781186548,1.,1.,0.707106781186548,        2313P   7208
0.707106781186548,1.,1.,0.707106781186548,0.707106781186548,1.,     2313P   7209
1.,0.707106781186548,0.707106781186548,1.,1.,-0.250000007978574,    2313P   7210
0.939795919963061,0.,-0.250000007978574,1.00102040816327,0.,        2313P   7211
-0.250000007978574,0.939795919963061,-0.250000007978574,            2313P   7212
-0.250000007978574,1.00102040816327,-0.250000007978574,0.,          2313P   7213
0.939795919963061,-0.250000007978574,0.,1.00102040816327,           2313P   7214
-0.250000007978574,0.250000007978574,0.939795919963061,             2313P   7215
-0.250000007978574,0.250000007978574,1.00102040816327,              2313P   7216
-0.250000007978574,0.250000007978574,0.939795919963061,0.,          2313P   7217
0.250000007978574,1.00102040816327,0.,0.250000007978574,            2313P   7218
0.939795919963061,0.250000007978574,0.250000007978574,              2313P   7219
1.00102040816327,0.250000007978574,0.,0.939795919963061,            2313P   7220
0.250000007978574,0.,1.00102040816327,0.250000007978574,            2313P   7221
-0.250000007978574,0.939795919963061,0.250000007978574,             2313P   7222
-0.250000007978574,1.00102040816327,0.250000007978574,              2313P   7223
-0.250000007978574,0.939795919963061,0.,-0.250000007978574,         2313P   7224
1.00102040816327,0.,-0.122448972492535,0.122448972492535,           2313P   7225
-3.14159265358979,3.14159265358979;                                 2313P   7226
128,1,1,1,1,0,0,1,0,0,-3.81100012159348,-3.81100012159348,          2315P   7227
3.81100012159348,3.81100012159348,-7.62100024318695,                2315P   7228
-7.62100024318695,0.001,0.001,1.,1.,1.,1.,-1.50039374865885,        2315P   7229
0.939795919963062,-1.50039374865885,-1.50039374865885,              2315P   7230
0.939795919963062,1.50039374865885,1.50039374865885,                2315P   7231
0.939795919963062,-1.50039374865885,1.50039374865885,               2315P   7232
0.939795919963062,1.50039374865885,-3.81100012159348,               2315P   7233
3.81100012159348,-7.62100024318695,0.001;                           2315P   7234
128,1,8,1,2,0,1,0,0,1,-0.0166666666666667,-0.0166666666666667,      2317P   7235
0.0166666666666667,0.0166666666666667,-3.14159265358979,            2317P   7236
-3.14159265358979,-3.14159265358979,-1.5707963267949,               2317P   7237
-1.5707963267949,0.,0.,1.5707963267949,1.5707963267949,             2317P   7238
3.14159265358979,3.14159265358979,3.14159265358979,1.,1.,           2317P   7239
0.707106781186548,0.707106781186548,1.,1.,0.707106781186548,        2317P   7240
0.707106781186548,1.,1.,0.707106781186548,0.707106781186548,1.,     2317P   7241
1.,0.707106781186548,0.707106781186548,1.,1.,-1.50000004787145,     2317P   7242
0.889795918367347,0.,-1.50000004787145,0.939795919963062,0.,        2317P   7243
-1.50000004787145,0.889795918367347,-1.50000004787145,              2317P   7244
-1.50000004787145,0.939795919963062,-1.50000004787145,0.,           2317P   7245
0.889795918367347,-1.50000004787145,0.,0.939795919963062,           2317P   7246
-1.50000004787145,1.50000004787145,0.889795918367347,               2317P   7247
-1.50000004787145,1.50000004787145,0.939795919963062,               2317P   7248
-1.50000004787145,1.50000004787145,0.889795918367347,0.,            2317P   7249
1.50000004787145,0.939795919963062,0.,1.50000004787145,             2317P   7250
0.889795918367347,1.50000004787145,1.50000004787145,                2317P   7251
0.939795919963062,1.50000004787145,0.,0.889795918367347,            2317P   7252
1.50000004787145,0.,0.939795919963062,1.50000004787145,             2317P   7253
-1.50000004787145,0.889795918367347,1.50000004787145,               2317P   7254
-1.50000004787145,0.939795919963062,1.50000004787145,               2317P   7255
-1.50000004787145,0.889795918367347,0.,-1.50000004787145,           2317P   7256
0.939795919963062,0.,-0.0166666666666667,0.0166666666666667,        2317P   7257
-3.14159265358979,3.14159265358979;                                 2317P   7258
128,1,1,1,1,0,0,1,0,0,-3.81100012159348,-3.81100012159348,          2319P   7259
3.81100012159348,3.81100012159348,-4.44600014185905,                2319P   7260
-4.44600014185905,3.1760001013279,3.1760001013279,1.,1.,1.,1.,      2319P   7261
-1.50039374865885,0.889795918367347,1.50039374865885,               2319P   7262
-1.50039374865885,0.889795918367347,-1.50039374865885,              2319P   7263
1.50039374865885,0.889795918367347,1.50039374865885,                2319P   7264
1.50039374865885,0.889795918367347,-1.50039374865885,               2319P   7265
-3.81100012159348,3.81100012159348,-4.44600014185905,               2319P   7266
3.1760001013279;                                                    2319P   7267
128,1,8,1,2,0,1,0,0,1,-0.122448972492533,-0.122448972492533,        2321P   7268
0.122448972492533,0.122448972492533,-3.14159265358979,              2321P   7269
-3.14159265358979,-3.14159265358979,-1.5707963267949,               2321P   7270
-1.5707963267949,0.,0.,1.5707963267949,1.5707963267949,             2321P   7271
3.14159265358979,3.14159265358979,3.14159265358979,1.,1.,           2321P   7272
0.707106781186548,0.707106781186548,1.,1.,0.707106781186548,        2321P   7273
0.707106781186548,1.,1.,0.707106781186548,0.707106781186548,1.,     2321P   7274
1.,0.707106781186548,0.707106781186548,1.,1.,-0.250000007978574,    2321P   7275
0.828571430167143,0.,-0.250000007978574,0.889795918367346,0.,       2321P   7276
-0.250000007978574,0.828571430167143,-0.250000007978574,            2321P   7277
-0.250000007978574,0.889795918367346,-0.250000007978574,0.,         2321P   7278
0.828571430167143,-0.250000007978574,0.,0.889795918367346,          2321P   7279
-0.250000007978574,0.250000007978574,0.828571430167143,             2321P   7280
-0.250000007978574,0.250000007978574,0.889795918367346,             2321P   7281
-0.250000007978574,0.250000007978574,0.828571430167143,0.,          2321P   7282
0.250000007978574,0.889795918367346,0.,0.250000007978574,           2321P   7283
0.828571430167143,0.250000007978574,0.250000007978574,              2321P   7284
0.889795918367346,0.250000007978574,0.,0.828571430167143,           2321P   7285
0.250000007978574,0.,0.889795918367346,0.250000007978574,           2321P   7286
-0.250000007978574,0.828571430167143,0.250000007978574,             2321P   7287
-0.250000007978574,0.889795918367346,0.250000007978574,             2321P   7288
-0.250000007978574,0.828571430167143,0.,-0.250000007978574,         2321P   7289
0.889795918367346,0.,-0.122448972492533,0.122448972492533,          2321P   7290
-3.14159265358979,3.14159265358979;                                 2321P   7291
128,1,1,1,1,0,0,1,0,0,-3.81100012159348,-3.81100012159348,          2323P   7292
3.81100012159348,3.81100012159348,-7.62100024318695,                2323P   7293
-7.62100024318695,0.001,0.001,1.,1.,1.,1.,-1.50039374865885,        2323P   7294
0.828571430167143,-1.50039374865885,-1.50039374865885,              2323P   7295
0.828571430167143,1.50039374865885,1.50039374865885,                2323P   7296
0.828571430167143,-1.50039374865885,1.50039374865885,               2323P   7297
0.828571430167143,1.50039374865885,-3.81100012159348,               2323P   7298
3.81100012159348,-7.62100024318695,0.001;                           2323P   7299
128,1,8,1,2,0,1,0,0,1,-0.0166666666666667,-0.0166666666666667,      2325P   7300
0.0166666666666667,0.0166666666666667,-3.14159265358979,            2325P   7301
-3.14159265358979,-3.14159265358979,-1.5707963267949,               2325P   7302
-1.5707963267949,0.,0.,1.5707963267949,1.5707963267949,             2325P   7303
3.14159265358979,3.14159265358979,3.14159265358979,1.,1.,           2325P   7304
0.707106781186548,0.707106781186548,1.,1.,0.707106781186548,        2325P   7305
0.707106781186548,1.,1.,0.707106781186548,0.707106781186548,1.,     2325P   7306
1.,0.707106781186548,0.707106781186548,1.,1.,-1.50000004787145,     2325P   7307
0.778571428571428,0.,-1.50000004787145,0.828571430167143,0.,        2325P   7308
-1.50000004787145,0.778571428571428,-1.50000004787145,              2325P   7309
-1.50000004787145,0.828571430167143,-1.50000004787145,0.,           2325P   7310
0.778571428571428,-1.50000004787145,0.,0.828571430167143,           2325P   7311
-1.50000004787145,1.50000004787145,0.778571428571428,               2325P   7312
-1.50000004787145,1.50000004787145,0.828571430167143,               2325P   7313
-1.50000004787145,1.50000004787145,0.778571428571428,0.,            2325P   7314
1.50000004787145,0.828571430167143,0.,1.50000004787145,             2325P   7315
0.778571428571428,1.50000004787145,1.50000004787145,                2325P   7316
0.828571430167143,1.50000004787145,0.,0.778571428571428,            2325P   7317
1.50000004787145,0.,0.828571430167143,1.50000004787145,             2325P   7318
-1.50000004787145,0.778571428571428,1.50000004787145,               2325P   7319
-1.50000004787145,0.828571430167143,1.50000004787145,               2325P   7320
-1.50000004787145,0.778571428571428,0.,-1.50000004787145,           2325P   7321
0.828571430167143,0.,-0.0166666666666667,0.0166666666666667,        2325P   7322
-3.14159265358979,3.14159265358979;                                 2325P   7323
128,1,1,1,1,0,0,1,0,0,-3.81100012159348,-3.81100012159348,          2327P   7324
3.81100012159348,3.81100012159348,-4.44600014185905,                2327P   7325
-4.44600014185905,3.1760001013279,3.1760001013279,1.,1.,1.,1.,      2327P   7326
-1.50039374865885,0.778571428571428,1.50039374865885,               2327P   7327
-1.50039374865885,0.778571428571428,-1.50039374865885,              2327P   7328
1.50039374865885,0.778571428571428,1.50039374865885,                2327P   7329
1.50039374865885,0.778571428571428,-1.50039374865885,               2327P   7330
-3.81100012159348,3.81100012159348,-4.44600014185905,               2327P   7331
3.1760001013279;                                                    2327P   7332
128,1,8,1,2,0,1,0,0,1,-0.122448972492533,-0.122448972492533,        2329P   7333
0.122448972492533,0.122448972492533,-3.14159265358979,              2329P   7334
-3.14159265358979,-3.14159265358979,-1.5707963267949,               2329P   7335
-1.5707963267949,0.,0.,1.5707963267949,1.5707963267949,             2329P   7336
3.14159265358979,3.14159265358979,3.14159265358979,1.,1.,           2329P   7337
0.707106781186548,0.707106781186548,1.,1.,0.707106781186548,        2329P   7338
0.707106781186548,1.,1.,0.707106781186548,0.707106781186548,1.,     2329P   7339
1.,0.707106781186548,0.707106781186548,1.,1.,-0.250000007978574,    2329P   7340
0.717346940371225,0.,-0.250000007978574,0.778571428571428,0.,       2329P   7341
-0.250000007978574,0.717346940371225,-0.250000007978574,            2329P   7342
-0.250000007978574,0.778571428571428,-0.250000007978574,0.,         2329P   7343
0.717346940371225,-0.250000007978574,0.,0.778571428571428,          2329P   7344
-0.250000007978574,0.250000007978574,0.717346940371225,             2329P   7345
-0.250000007978574,0.250000007978574,0.778571428571428,             2329P   7346
-0.250000007978574,0.250000007978574,0.717346940371225,0.,          2329P   7347
0.250000007978574,0.778571428571428,0.,0.250000007978574,           2329P   7348
0.717346940371225,0.250000007978574,0.250000007978574,              2329P   7349
0.778571428571428,0.250000007978574,0.,0.717346940371225,           2329P   7350
0.250000007978574,0.,0.778571428571428,0.250000007978574,           2329P   7351
-0.250000007978574,0.717346940371225,0.250000007978574,             2329P   7352
-0.250000007978574,0.778571428571428,0.250000007978574,             2329P   7353
-0.250000007978574,0.717346940371225,0.,-0.250000007978574,         2329P   7354
0.778571428571428,0.,-0.122448972492533,0.122448972492533,          2329P   7355
-3.14159265358979,3.14159265358979;                                 2329P   7356
128,1,1,1,1,0,0,1,0,0,-3.81100012159348,-3.81100012159348,          2331P   7357
3.81100012159348,3.81100012159348,-7.62100024318695,                2331P   7358
-7.62100024318695,0.001,0.001,1.,1.,1.,1.,-1.50039374865885,        2331P   7359
0.717346940371225,-1.50039374865885,-1.50039374865885,              2331P   7360
0.717346940371225,1.50039374865885,1.50039374865885,                2331P   7361
0.717346940371225,-1.50039374865885,1.50039374865885,               2331P   7362
0.717346940371225,1.50039374865885,-3.81100012159348,               2331P   7363
3.81100012159348,-7.62100024318695,0.001;                           2331P   7364
128,1,8,1,2,0,1,0,0,1,-0.0166666666666667,-0.0166666666666667,      2333P   7365
0.0166666666666667,0.0166666666666667,-3.14159265358979,            2333P   7366
-3.14159265358979,-3.14159265358979,-1.5707963267949,               2333P   7367
-1.5707963267949,0.,0.,1.5707963267949,1.5707963267949,             2333P   7368
3.14159265358979,3.14159265358979,3.14159265358979,1.,1.,           2333P   7369
0.707106781186548,0.707106781186548,1.,1.,0.707106781186548,        2333P   7370
0.707106781186548,1.,1.,0.707106781186548,0.707106781186548,1.,     2333P   7371
1.,0.707106781186548,0.707106781186548,1.,1.,-1.50000004787145,     2333P   7372
0.66734693877551,0.,-1.50000004787145,0.717346940371225,0.,         2333P   7373
-1.50000004787145,0.66734693877551,-1.50000004787145,               2333P   7374
-1.50000004787145,0.717346940371225,-1.50000004787145,0.,           2333P   7375
0.66734693877551,-1.50000004787145,0.,0.717346940371225,            2333P   7376
-1.50000004787145,1.50000004787145,0.66734693877551,                2333P   7377
-1.50000004787145,1.50000004787145,0.717346940371225,               2333P   7378
-1.50000004787145,1.50000004787145,0.66734693877551,0.,             2333P   7379
1.50000004787145,0.717346940371225,0.,1.50000004787145,             2333P   7380
0.66734693877551,1.50000004787145,1.50000004787145,                 2333P   7381
0.717346940371225,1.50000004787145,0.,0.66734693877551,             2333P   7382
1.50000004787145,0.,0.717346940371225,1.50000004787145,             2333P   7383
-1.50000004787145,0.66734693877551,1.50000004787145,                2333P   7384
-1.50000004787145,0.717346940371225,1.50000004787145,               2333P   7385
-1.50000004787145,0.66734693877551,0.,-1.50000004787145,            2333P   7386
0.717346940371225,0.,-0.0166666666666667,0.0166666666666667,        2333P   7387
-3.14159265358979,3.14159265358979;                                 2333P   7388
128,1,1,1,1,0,0,1,0,0,-3.81100012159348,-3.81100012159348,          2335P   7389
3.81100012159348,3.81100012159348,-4.44600014185905,                2335P   7390
-4.44600014185905,3.1760001013279,3.1760001013279,1.,1.,1.,1.,      2335P   7391
-1.50039374865885,0.66734693877551,1.50039374865885,                2335P   7392
-1.50039374865885,0.66734693877551,-1.50039374865885,               2335P   7393
1.50039374865885,0.66734693877551,1.50039374865885,                 2335P   7394
1.50039374865885,0.66734693877551,-1.50039374865885,                2335P   7395
-3.81100012159348,3.81100012159348,-4.44600014185905,               2335P   7396
3.1760001013279;                                                    2335P   7397
128,1,8,1,2,0,1,0,0,1,-0.122448972492535,-0.122448972492535,        2337P   7398
0.122448972492535,0.122448972492535,-3.14159265358979,              2337P   7399
-3.14159265358979,-3.14159265358979,-1.5707963267949,               2337P   7400
-1.5707963267949,0.,0.,1.5707963267949,1.5707963267949,             2337P   7401
3.14159265358979,3.14159265358979,3.14159265358979,1.,1.,           2337P   7402
0.707106781186548,0.707106781186548,1.,1.,0.707106781186548,        2337P   7403
0.707106781186548,1.,1.,0.707106781186548,0.707106781186548,1.,     2337P   7404
1.,0.707106781186548,0.707106781186548,1.,1.,-0.250000007978574,    2337P   7405
0.606122450575307,0.,-0.250000007978574,0.66734693877551,0.,        2337P   7406
-0.250000007978574,0.606122450575307,-0.250000007978574,            2337P   7407
-0.250000007978574,0.66734693877551,-0.250000007978574,0.,          2337P   7408
0.606122450575307,-0.250000007978574,0.,0.66734693877551,           2337P   7409
-0.250000007978574,0.250000007978574,0.606122450575307,             2337P   7410
-0.250000007978574,0.250000007978574,0.66734693877551,              2337P   7411
-0.250000007978574,0.250000007978574,0.606122450575307,0.,          2337P   7412
0.250000007978574,0.66734693877551,0.,0.250000007978574,            2337P   7413
0.606122450575307,0.250000007978574,0.250000007978574,              2337P   7414
0.66734693877551,0.250000007978574,0.,0.606122450575307,            2337P   7415
0.250000007978574,0.,0.66734693877551,0.250000007978574,            2337P   7416
-0.250000007978574,0.606122450575307,0.250000007978574,             2337P   7417
-0.250000007978574,0.66734693877551,0.250000007978574,              2337P   7418
-0.250000007978574,0.606122450575307,0.,-0.250000007978574,         2337P   7419
0.66734693877551,0.,-0.122448972492535,0.122448972492535,           2337P   7420
-3.14159265358979,3.14159265358979;                                 2337P   7421
128,1,1,1,1,0,0,1,0,0,-3.81100012159348,-3.81100012159348,          2339P   7422
3.81100012159348,3.81100012159348,-7.62100024318695,                2339P   7423
-7.62100024318695,0.001,0.001,1.,1.,1.,1.,-1.50039374865885,        2339P   7424
0.606122450575307,-1.50039374865885,-1.50039374865885,              2339P   7425
0.606122450575307,1.50039374865885,1.50039374865885,                2339P   7426
0.606122450575307,-1.50039374865885,1.50039374865885,               2339P   7427
0.606122450575307,1.50039374865885,-3.81100012159348,               2339P   7428
3.81100012159348,-7.62100024318695,0.001;                           2339P   7429
128,1,8,1,2,0,1,0,0,1,-0.0166666666666667,-0.0166666666666667,      2341P   7430
0.0166666666666667,0.0166666666666667,-3.14159265358979,            2341P   7431
-3.14159265358979,-3.14159265358979,-1.5707963267949,               2341P   7432
-1.5707963267949,0.,0.,1.5707963267949,1.5707963267949,             2341P   7433
3.14159265358979,3.14159265358979,3.14159265358979,1.,1.,           2341P   7434
0.707106781186548,0.707106781186548,1.,1.,0.707106781186548,        2341P   7435
0.707106781186548,1.,1.,0.707106781186548,0.707106781186548,1.,     2341P   7436
1.,0.707106781186548,0.707106781186548,1.,1.,-1.50000004787145,     2341P   7437
0.556122448979592,0.,-1.50000004787145,0.606122450575307,0.,        2341P   7438
-1.50000004787145,0.556122448979592,-1.50000004787145,              2341P   7439
-1.50000004787145,0.606122450575307,-1.50000004787145,0.,           2341P   7440
0.556122448979592,-1.50000004787145,0.,0.606122450575307,           2341P   7441
-1.50000004787145,1.50000004787145,0.556122448979592,               2341P   7442
-1.50000004787145,1.50000004787145,0.606122450575307,               2341P   7443
-1.50000004787145,1.50000004787145,0.556122448979592,0.,            2341P   7444
1.50000004787145,0.606122450575307,0.,1.50000004787145,             2341P   7445
0.556122448979592,1.50000004787145,1.50000004787145,                2341P   7446
0.606122450575307,1.50000004787145,0.,0.556122448979592,            2341P   7447
1.50000004787145,0.,0.606122450575307,1.50000004787145,             2341P   7448
-1.50000004787145,0.556122448979592,1.50000004787145,               2341P   7449
-1.50000004787145,0.606122450575307,1.50000004787145,               2341P   7450
-1.50000004787145,0.556122448979592,0.,-1.50000004787145,           2341P   7451
0.606122450575307,0.,-0.0166666666666667,0.0166666666666667,        2341P   7452
-3.14159265358979,3.14159265358979;                                 2341P   7453
128,1,1,1,1,0,0,1,0,0,-3.81100012159348,-3.81100012159348,          2343P   7454
3.81100012159348,3.81100012159348,-4.44600014185905,                2343P   7455
-4.44600014185905,3.1760001013279,3.1760001013279,1.,1.,1.,1.,      2343P   7456
-1.50039374865885,0.556122448979592,1.50039374865885,               2343P   7457
-1.50039374865885,0.556122448979592,-1.50039374865885,              2343P   7458
1.50039374865885,0.556122448979592,1.50039374865885,                2343P   7459
1.50039374865885,0.556122448979592,-1.50039374865885,               2343P   7460
-3.81100012159348,3.81100012159348,-4.44600014185905,               2343P   7461
3.1760001013279;                                                    2343P   7462
128,1,8,1,2,0,1,0,0,1,-0.122448972492533,-0.122448972492533,        2345P   7463
0.122448972492533,0.122448972492533,-3.14159265358979,              2345P   7464
-3.14159265358979,-3.14159265358979,-1.5707963267949,               2345P   7465
-1.5707963267949,0.,0.,1.5707963267949,1.5707963267949,             2345P   7466
3.14159265358979,3.14159265358979,3.14159265358979,1.,1.,           2345P   7467
0.707106781186548,0.707106781186548,1.,1.,0.707106781186548,        2345P   7468
0.707106781186548,1.,1.,0.707106781186548,0.707106781186548,1.,     2345P   7469
1.,0.707106781186548,0.707106781186548,1.,1.,-0.250000007978574,    2345P   7470
0.494897960779388,0.,-0.250000007978574,0.556122448979592,0.,       2345P   7471
-0.250000007978574,0.494897960779388,-0.250000007978574,            2345P   7472
-0.250000007978574,0.556122448979592,-0.250000007978574,0.,         2345P   7473
0.494897960779388,-0.250000007978574,0.,0.556122448979592,          2345P   7474
-0.250000007978574,0.250000007978574,0.494897960779388,             2345P   7475
-0.250000007978574,0.250000007978574,0.556122448979592,             2345P   7476
-0.250000007978574,0.250000007978574,0.494897960779388,0.,          2345P   7477
0.250000007978574,0.556122448979592,0.,0.250000007978574,           2345P   7478
0.494897960779388,0.250000007978574,0.250000007978574,              2345P   7479
0.556122448979592,0.250000007978574,0.,0.494897960779388,           2345P   7480
0.250000007978574,0.,0.556122448979592,0.250000007978574,           2345P   7481
-0.250000007978574,0.494897960779388,0.250000007978574,             2345P   7482
-0.250000007978574,0.556122448979592,0.250000007978574,             2345P   7483
-0.250000007978574,0.494897960779388,0.,-0.250000007978574,         2345P   7484
0.556122448979592,0.,-0.122448972492533,0.122448972492533,          2345P   7485
-3.14159265358979,3.14159265358979;                                 2345P   7486
128,1,1,1,1,0,0,1,0,0,-3.81100012159348,-3.81100012159348,          2347P   7487
3.81100012159348,3.81100012159348,-7.62100024318695,                2347P   7488
-7.62100024318695,0.001,0.001,1.,1.,1.,1.,-1.50039374865885,        2347P   7489
0.494897960779388,-1.50039374865885,-1.50039374865885,              2347P   7490
0.494897960779388,1.50039374865885,1.50039374865885,                2347P   7491
0.494897960779388,-1.50039374865885,1.50039374865885,               2347P   7492
0.494897960779388,1.50039374865885,-3.81100012159348,               2347P   7493
3.81100012159348,-7.62100024318695,0.001;                           2347P   7494
128,1,8,1,2,0,1,0,0,1,-0.0166666666666667,-0.0166666666666667,      2349P   7495
0.0166666666666667,0.0166666666666667,-3.14159265358979,            2349P   7496
-3.14159265358979,-3.14159265358979,-1.5707963267949,               2349P   7497
-1.5707963267949,0.,0.,1.5707963267949,1.5707963267949,             2349P   7498
3.14159265358979,3.14159265358979,3.14159265358979,1.,1.,           2349P   7499
0.707106781186548,0.707106781186548,1.,1.,0.707106781186548,        2349P   7500
0.707106781186548,1.,1.,0.707106781186548,0.707106781186548,1.,     2349P   7501
1.,0.707106781186548,0.707106781186548,1.,1.,-1.50000004787145,     2349P   7502
0.444897959183673,0.,-1.50000004787145,0.494897960779388,0.,        2349P   7503
-1.50000004787145,0.444897959183673,-1.50000004787145,              2349P   7504
-1.50000004787145,0.494897960779388,-1.50000004787145,0.,           2349P   7505
0.444897959183673,-1.50000004787145,0.,0.494897960779388,           2349P   7506
-1.50000004787145,1.50000004787145,0.444897959183673,               2349P   7507
-1.50000004787145,1.50000004787145,0.494897960779388,               2349P   7508
-1.50000004787145,1.50000004787145,0.444897959183673,0.,            2349P   7509
1.50000004787145,0.494897960779388,0.,1.50000004787145,             2349P   7510
0.444897959183673,1.50000004787145,1.50000004787145,                2349P   7511
0.494897960779388,1.50000004787145,0.,0.444897959183673,            2349P   7512
1.50000004787145,0.,0.494897960779388,1.50000004787145,             2349P   7513
-1.50000004787145,0.444897959183673,1.50000004787145,               2349P   7514
-1.50000004787145,0.494897960779388,1.50000004787145,               2349P   7515
-1.50000004787145,0.444897959183673,0.,-1.50000004787145,           2349P   7516
0.494897960779388,0.,-0.0166666666666667,0.0166666666666667,        2349P   7517
-3.14159265358979,3.14159265358979;                                 2349P   7518
128,1,1,1,1,0,0,1,0,0,-3.81100012159348,-3.81100012159348,          2351P   7519
3.81100012159348,3.81100012159348,-4.44600014185905,                2351P   7520
-4.44600014185905,3.1760001013279,3.1760001013279,1.,1.,1.,1.,      2351P   7521
-1.50039374865885,0.444897959183673,1.50039374865885,               2351P   7522
-1.50039374865885,0.444897959183673,-1.50039374865885,              2351P   7523
1.50039374865885,0.444897959183673,1.50039374865885,                2351P   7524
1.50039374865885,0.444897959183673,-1.50039374865885,               2351P   7525
-3.81100012159348,3.81100012159348,-4.44600014185905,               2351P   7526
3.1760001013279;                                                    2351P   7527
128,1,8,1,2,0,1,0,0,1,-0.122448972492535,-0.122448972492535,        2353P   7528
0.122448972492535,0.122448972492535,-3.14159265358979,              2353P   7529
-3.14159265358979,-3.14159265358979,-1.5707963267949,               2353P   7530
-1.5707963267949,0.,0.,1.5707963267949,1.5707963267949,             2353P   7531
3.14159265358979,3.14159265358979,3.14159265358979,1.,1.,           2353P   7532
0.707106781186548,0.707106781186548,1.,1.,0.707106781186548,        2353P   7533
0.707106781186548,1.,1.,0.707106781186548,0.707106781186548,1.,     2353P   7534
1.,0.707106781186548,0.707106781186548,1.,1.,-0.250000007978574,    2353P   7535
0.38367347098347,0.,-0.250000007978574,0.444897959183674,0.,        2353P   7536
-0.250000007978574,0.38367347098347,-0.250000007978574,             2353P   7537
-0.250000007978574,0.444897959183674,-0.250000007978574,0.,         2353P   7538
0.38367347098347,-0.250000007978574,0.,0.444897959183674,           2353P   7539
-0.250000007978574,0.250000007978574,0.38367347098347,              2353P   7540
-0.250000007978574,0.250000007978574,0.444897959183674,             2353P   7541
-0.250000007978574,0.250000007978574,0.38367347098347,0.,           2353P   7542
0.250000007978574,0.444897959183674,0.,0.250000007978574,           2353P   7543
0.38367347098347,0.250000007978574,0.250000007978574,               2353P   7544
0.444897959183674,0.250000007978574,0.,0.38367347098347,            2353P   7545
0.250000007978574,0.,0.444897959183674,0.250000007978574,           2353P   7546
-0.250000007978574,0.38367347098347,0.250000007978574,              2353P   7547
-0.250000007978574,0.444897959183674,0.250000007978574,             2353P   7548
-0.250000007978574,0.38367347098347,0.,-0.250000007978574,          2353P   7549
0.444897959183674,0.,-0.122448972492535,0.122448972492535,          2353P   7550
-3.14159265358979,3.14159265358979;                                 2353P   7551
128,1,1,1,1,0,0,1,0,0,-3.81100012159348,-3.81100012159348,          2355P   7552
3.81100012159348,3.81100012159348,-7.62100024318695,                2355P   7553
-7.62100024318695,0.001,0.001,1.,1.,1.,1.,-1.50039374865885,        2355P   7554
0.38367347098347,-1.50039374865885,-1.50039374865885,               2355P   7555
0.38367347098347,1.50039374865885,1.50039374865885,                 2355P   7556
0.38367347098347,-1.50039374865885,1.50039374865885,                2355P   7557
0.38367347098347,1.50039374865885,-3.81100012159348,                2355P   7558
3.81100012159348,-7.62100024318695,0.001;                           2355P   7559
128,1,8,1,2,0,1,0,0,1,-0.0166666666666667,-0.0166666666666667,      2357P   7560
0.0166666666666667,0.0166666666666667,-3.14159265358979,            2357P   7561
-3.14159265358979,-3.14159265358979,-1.5707963267949,               2357P   7562
-1.5707963267949,0.,0.,1.5707963267949,1.5707963267949,             2357P   7563
3.14159265358979,3.14159265358979,3.14159265358979,1.,1.,           2357P   7564
0.707106781186548,0.707106781186548,1.,1.,0.707106781186548,        2357P   7565
0.707106781186548,1.,1.,0.707106781186548,0.707106781186548,1.,     2357P   7566
1.,0.707106781186548,0.707106781186548,1.,1.,-1.50000004787145,     2357P   7567
0.333673469387755,0.,-1.50000004787145,0.38367347098347,0.,         2357P   7568
-1.50000004787145,0.333673469387755,-1.50000004787145,              2357P   7569
-1.50000004787145,0.38367347098347,-1.50000004787145,0.,            2357P   7570
0.333673469387755,-1.50000004787145,0.,0.38367347098347,            2357P   7571
-1.50000004787145,1.50000004787145,0.333673469387755,               2357P   7572
-1.50000004787145,1.50000004787145,0.38367347098347,                2357P   7573
-1.50000004787145,1.50000004787145,0.333673469387755,0.,            2357P   7574
1.50000004787145,0.38367347098347,0.,1.50000004787145,              2357P   7575
0.333673469387755,1.50000004787145,1.50000004787145,                2357P   7576
0.38367347098347,1.50000004787145,0.,0.333673469387755,             2357P   7577
1.50000004787145,0.,0.38367347098347,1.50000004787145,              2357P   7578
-1.50000004787145,0.333673469387755,1.50000004787145,               2357P   7579
-1.50000004787145,0.38367347098347,1.50000004787145,                2357P   7580
-1.50000004787145,0.333673469387755,0.,-1.50000004787145,           2357P   7581
0.38367347098347,0.,-0.0166666666666667,0.0166666666666667,         2357P   7582
-3.14159265358979,3.14159265358979;                                 2357P   7583
128,1,1,1,1,0,0,1,0,0,-3.81100012159348,-3.81100012159348,          2359P   7584
3.81100012159348,3.81100012159348,-4.44600014185905,                2359P   7585
-4.44600014185905,3.1760001013279,3.1760001013279,1.,1.,1.,1.,      2359P   7586
-1.50039374865885,0.333673469387755,1.50039374865885,               2359P   7587
-1.50039374865885,0.333673469387755,-1.50039374865885,              2359P   7588
1.50039374865885,0.333673469387755,1.50039374865885,                2359P   7589
1.50039374865885,0.333673469387755,-1.50039374865885,               2359P   7590
-3.81100012159348,3.81100012159348,-4.44600014185905,               2359P   7591
3.1760001013279;                                                    2359P   7592
128,1,8,1,2,0,1,0,0,1,-0.122448972492533,-0.122448972492533,        2361P   7593
0.122448972492533,0.122448972492533,-3.14159265358979,              2361P   7594
-3.14159265358979,-3.14159265358979,-1.5707963267949,               2361P   7595
-1.5707963267949,0.,0.,1.5707963267949,1.5707963267949,             2361P   7596
3.14159265358979,3.14159265358979,3.14159265358979,1.,1.,           2361P   7597
0.707106781186548,0.707106781186548,1.,1.,0.707106781186548,        2361P   7598
0.707106781186548,1.,1.,0.707106781186548,0.707106781186548,1.,     2361P   7599
1.,0.707106781186548,0.707106781186548,1.,1.,-0.250000007978574,    2361P   7600
0.272448981187552,0.,-0.250000007978574,0.333673469387755,0.,       2361P   7601
-0.250000007978574,0.272448981187552,-0.250000007978574,            2361P   7602
-0.250000007978574,0.333673469387755,-0.250000007978574,0.,         2361P   7603
0.272448981187552,-0.250000007978574,0.,0.333673469387755,          2361P   7604
-0.250000007978574,0.250000007978574,0.272448981187552,             2361P   7605
-0.250000007978574,0.250000007978574,0.333673469387755,             2361P   7606
-0.250000007978574,0.250000007978574,0.272448981187552,0.,          2361P   7607
0.250000007978574,0.333673469387755,0.,0.250000007978574,           2361P   7608
0.272448981187552,0.250000007978574,0.250000007978574,              2361P   7609
0.333673469387755,0.250000007978574,0.,0.272448981187552,           2361P   7610
0.250000007978574,0.,0.333673469387755,0.250000007978574,           2361P   7611
-0.250000007978574,0.272448981187552,0.250000007978574,             2361P   7612
-0.250000007978574,0.333673469387755,0.250000007978574,             2361P   7613
-0.250000007978574,0.272448981187552,0.,-0.250000007978574,         2361P   7614
0.333673469387755,0.,-0.122448972492533,0.122448972492533,          2361P   7615
-3.14159265358979,3.14159265358979;                                 2361P   7616
128,1,1,1,1,0,0,1,0,0,-3.81100012159348,-3.81100012159348,          2363P   7617
3.81100012159348,3.81100012159348,-7.62100024318695,                2363P   7618
-7.62100024318695,0.001,0.001,1.,1.,1.,1.,-1.50039374865885,        2363P   7619
0.272448981187552,-1.50039374865885,-1.50039374865885,              2363P   7620
0.272448981187552,1.50039374865885,1.50039374865885,                2363P   7621
0.272448981187552,-1.50039374865885,1.50039374865885,               2363P   7622
0.272448981187552,1.50039374865885,-3.81100012159348,               2363P   7623
3.81100012159348,-7.62100024318695,0.001;                           2363P   7624
128,1,8,1,2,0,1,0,0,1,-0.0166666666666667,-0.0166666666666667,      2365P   7625
0.0166666666666667,0.0166666666666667,-3.14159265358979,            2365P   7626
-3.14159265358979,-3.14159265358979,-1.5707963267949,               2365P   7627
-1.5707963267949,0.,0.,1.5707963267949,1.5707963267949,             2365P   7628
3.14159265358979,3.14159265358979,3.14159265358979,1.,1.,           2365P   7629
0.707106781186548,0.707106781186548,1.,1.,0.707106781186548,        2365P   7630
0.707106781186548,1.,1.,0.707106781186548,0.707106781186548,1.,     2365P   7631
1.,0.707106781186548,0.707106781186548,1.,1.,-1.50000004787145,     2365P   7632
0.222448979591837,0.,-1.50000004787145,0.272448981187552,0.,        2365P   7633
-1.50000004787145,0.222448979591837,-1.50000004787145,              2365P   7634
-1.50000004787145,0.272448981187552,-1.50000004787145,0.,           2365P   7635
0.222448979591837,-1.50000004787145,0.,0.272448981187552,           2365P   7636
-1.50000004787145,1.50000004787145,0.222448979591837,               2365P   7637
-1.50000004787145,1.50000004787145,0.272448981187552,               2365P   7638
-1.50000004787145,1.50000004787145,0.222448979591837,0.,            2365P   7639
1.50000004787145,0.272448981187552,0.,1.50000004787145,             2365P   7640
0.222448979591837,1.50000004787145,1.50000004787145,                2365P   7641
0.272448981187552,1.50000004787145,0.,0.222448979591837,            2365P   7642
1.50000004787145,0.,0.272448981187552,1.50000004787145,             2365P   7643
-1.50000004787145,0.222448979591837,1.50000004787145,               2365P   7644
-1.50000004787145,0.272448981187552,1.50000004787145,               2365P   7645
-1.50000004787145,0.222448979591837,0.,-1.50000004787145,           2365P   7646
0.272448981187552,0.,-0.0166666666666667,0.0166666666666667,        2365P   7647
-3.14159265358979,3.14159265358979;                                 2365P   7648
128,1,1,1,1,0,0,1,0,0,-3.81100012159348,-3.81100012159348,          2367P   7649
3.81100012159348,3.81100012159348,-4.44600014185905,                2367P   7650
-4.44600014185905,3.1760001013279,3.1760001013279,1.,1.,1.,1.,      2367P   7651
-1.50039374865885,0.222448979591837,1.50039374865885,               2367P   7652
-1.50039374865885,0.222448979591837,-1.50039374865885,              2367P   7653
1.50039374865885,0.222448979591837,1.50039374865885,                2367P   7654
1.50039374865885,0.222448979591837,-1.50039374865885,               2367P   7655
-3.81100012159348,3.81100012159348,-4.44600014185905,               2367P   7656
3.1760001013279;                                                    2367P   7657
128,1,8,1,2,0,1,0,0,1,-0.122448972492535,-0.122448972492535,        2369P   7658
0.122448972492535,0.122448972492535,-3.14159265358979,              2369P   7659
-3.14159265358979,-3.14159265358979,-1.5707963267949,               2369P   7660
-1.5707963267949,0.,0.,1.5707963267949,1.5707963267949,             2369P   7661
3.14159265358979,3.14159265358979,3.14159265358979,1.,1.,           2369P   7662
0.707106781186548,0.707106781186548,1.,1.,0.707106781186548,        2369P   7663
0.707106781186548,1.,1.,0.707106781186548,0.707106781186548,1.,     2369P   7664
1.,0.707106781186548,0.707106781186548,1.,1.,-0.250000007978574,    2369P   7665
0.161224491391633,0.,-0.250000007978574,0.222448979591837,0.,       2369P   7666
-0.250000007978574,0.161224491391633,-0.250000007978574,            2369P   7667
-0.250000007978574,0.222448979591837,-0.250000007978574,0.,         2369P   7668
0.161224491391633,-0.250000007978574,0.,0.222448979591837,          2369P   7669
-0.250000007978574,0.250000007978574,0.161224491391633,             2369P   7670
-0.250000007978574,0.250000007978574,0.222448979591837,             2369P   7671
-0.250000007978574,0.250000007978574,0.161224491391633,0.,          2369P   7672
0.250000007978574,0.222448979591837,0.,0.250000007978574,           2369P   7673
0.161224491391633,0.250000007978574,0.250000007978574,              2369P   7674
0.222448979591837,0.250000007978574,0.,0.161224491391633,           2369P   7675
0.250000007978574,0.,0.222448979591837,0.250000007978574,           2369P   7676
-0.250000007978574,0.161224491391633,0.250000007978574,             2369P   7677
-0.250000007978574,0.222448979591837,0.250000007978574,             2369P   7678
-0.250000007978574,0.161224491391633,0.,-0.250000007978574,         2369P   7679
0.222448979591837,0.,-0.122448972492535,0.122448972492535,          2369P   7680
-3.14159265358979,3.14159265358979;                                 2369P   7681
128,1,1,1,1,0,0,1,0,0,-3.81100012159348,-3.81100012159348,          2371P   7682
3.81100012159348,3.81100012159348,-7.62100024318695,                2371P   7683
-7.62100024318695,0.001,0.001,1.,1.,1.,1.,-1.50039374865885,        2371P   7684
0.161224491391633,-1.50039374865885,-1.50039374865885,              2371P   7685
0.161224491391633,1.50039374865885,1.50039374865885,                2371P   7686
0.161224491391633,-1.50039374865885,1.50039374865885,               2371P   7687
0.161224491391633,1.50039374865885,-3.81100012159348,               2371P   7688
3.81100012159348,-7.62100024318695,0.001;                           2371P   7689
128,1,8,1,2,0,1,0,0,1,-0.0166666666666667,-0.0166666666666667,      2373P   7690
0.0166666666666667,0.0166666666666667,-3.14159265358979,            2373P   7691
-3.14159265358979,-3.14159265358979,-1.5707963267949,               2373P   7692
-1.5707963267949,0.,0.,1.5707963267949,1.5707963267949,             2373P   7693
3.14159265358979,3.14159265358979,3.14159265358979,1.,1.,           2373P   7694
0.707106781186548,0.707106781186548,1.,1.,0.707106781186548,        2373P   7695
0.707106781186548,1.,1.,0.707106781186548,0.707106781186548,1.,     2373P   7696
1.,0.707106781186548,0.707106781186548,1.,1.,-1.50000004787145,     2373P   7697
0.111224489795918,0.,-1.50000004787145,0.161224491391633,0.,        2373P   7698
-1.50000004787145,0.111224489795918,-1.50000004787145,              2373P   7699
-1.50000004787145,0.161224491391633,-1.50000004787145,0.,           2373P   7700
0.111224489795918,-1.50000004787145,0.,0.161224491391633,           2373P   7701
-1.50000004787145,1.50000004787145,0.111224489795918,               2373P   7702
-1.50000004787145,1.50000004787145,0.161224491391633,               2373P   7703
-1.50000004787145,1.50000004787145,0.111224489795918,0.,            2373P   7704
1.50000004787145,0.161224491391633,0.,1.50000004787145,             2373P   7705
0.111224489795918,1.50000004787145,1.50000004787145,                2373P   7706
0.161224491391633,1.50000004787145,0.,0.111224489795918,            2373P   7707
1.50000004787145,0.,0.161224491391633,1.50000004787145,             2373P   7708
-1.50000004787145,0.111224489795918,1.50000004787145,               2373P   7709
-1.50000004787145,0.161224491391633,1.50000004787145,               2373P   7710
-1.50000004787145,0.111224489795918,0.,-1.50000004787145,           2373P   7711
0.161224491391633,0.,-0.0166666666666667,0.0166666666666667,        2373P   7712
-3.14159265358979,3.14159265358979;                                 2373P   7713
128,1,1,1,1,0,0,1,0,0,-3.81100012159348,-3.81100012159348,          2375P   7714
3.81100012159348,3.81100012159348,-4.44600014185905,                2375P   7715
-4.44600014185905,3.1760001013279,3.1760001013279,1.,1.,1.,1.,      2375P   7716
-1.50039374865885,0.111224489795918,1.50039374865885,               2375P   7717
-1.50039374865885,0.111224489795918,-1.50039374865885,              2375P   7718
1.50039374865885,0.111224489795918,1.50039374865885,                2375P   7719
1.50039374865885,0.111224489795918,-1.50039374865885,               2375P   7720
-3.81100012159348,3.81100012159348,-4.44600014185905,               2375P   7721
3.1760001013279;                                                    2375P   7722
128,1,8,1,2,0,1,0,0,1,-0.122448972492533,-0.122448972492533,        2377P   7723
0.122448972492533,0.122448972492533,-3.14159265358979,              2377P   7724
-3.14159265358979,-3.14159265358979,-1.5707963267949,               2377P   7725
-1.5707963267949,0.,0.,1.5707963267949,1.5707963267949,             2377P   7726
3.14159265358979,3.14159265358979,3.14159265358979,1.,1.,           2377P   7727
0.707106781186548,0.707106781186548,1.,1.,0.707106781186548,        2377P   7728
0.707106781186548,1.,1.,0.707106781186548,0.707106781186548,1.,     2377P   7729
1.,0.707106781186548,0.707106781186548,1.,1.,-0.250000007978574,    2377P   7730
0.0500000015957149,0.,-0.250000007978574,0.111224489795918,0.,      2377P   7731
-0.250000007978574,0.0500000015957149,-0.250000007978574,           2377P   7732
-0.250000007978574,0.111224489795918,-0.250000007978574,0.,         2377P   7733
0.0500000015957149,-0.250000007978574,0.,0.111224489795918,         2377P   7734
-0.250000007978574,0.250000007978574,0.0500000015957149,            2377P   7735
-0.250000007978574,0.250000007978574,0.111224489795918,             2377P   7736
-0.250000007978574,0.250000007978574,0.0500000015957149,0.,         2377P   7737
0.250000007978574,0.111224489795918,0.,0.250000007978574,           2377P   7738
0.0500000015957149,0.250000007978574,0.250000007978574,             2377P   7739
0.111224489795918,0.250000007978574,0.,0.0500000015957149,          2377P   7740
0.250000007978574,0.,0.111224489795918,0.250000007978574,           2377P   7741
-0.250000007978574,0.0500000015957149,0.250000007978574,            2377P   7742
-0.250000007978574,0.111224489795918,0.250000007978574,             2377P   7743
-0.250000007978574,0.0500000015957149,0.,-0.250000007978574,        2377P   7744
0.111224489795918,0.,-0.122448972492533,0.122448972492533,          2377P   7745
-3.14159265358979,3.14159265358979;                                 2377P   7746
128,1,1,1,1,0,0,1,0,0,-3.81100012159348,-3.81100012159348,          2379P   7747
3.81100012159348,3.81100012159348,-7.62100024318695,                2379P   7748
-7.62100024318695,0.001,0.001,1.,1.,1.,1.,-1.50039374865885,        2379P   7749
0.0500000015957149,-1.50039374865885,-1.50039374865885,             2379P   7750
0.0500000015957149,1.50039374865885,1.50039374865885,               2379P   7751
0.0500000015957149,-1.50039374865885,1.50039374865885,              2379P   7752
0.0500000015957149,1.50039374865885,-3.81100012159348,              2379P   7753
3.81100012159348,-7.62100024318695,0.001;                           2379P   7754
128,1,8,1,2,0,1,0,0,1,-0.0166666666666667,-0.0166666666666667,      2381P   7755
0.0166666666666667,0.0166666666666667,-3.14159265358979,            2381P   7756
-3.14159265358979,-3.14159265358979,-1.5707963267949,               2381P   7757
-1.5707963267949,0.,0.,1.5707963267949,1.5707963267949,             2381P   7758
3.14159265358979,3.14159265358979,3.14159265358979,1.,1.,           2381P   7759
0.707106781186548,0.707106781186548,1.,1.,0.707106781186548,        2381P   7760
0.707106781186548,1.,1.,0.707106781186548,0.707106781186548,1.,     2381P   7761
1.,0.707106781186548,0.707106781186548,1.,1.,-1.50000004787145,     2381P   7762
0.,0.,-1.50000004787145,0.0500000015957149,0.,-1.50000004787145,    2381P   7763
0.,-1.50000004787145,-1.50000004787145,0.0500000015957149,          2381P   7764
-1.50000004787145,0.,0.,-1.50000004787145,0.,0.0500000015957149,    2381P   7765
-1.50000004787145,1.50000004787145,0.,-1.50000004787145,            2381P   7766
1.50000004787145,0.0500000015957149,-1.50000004787145,              2381P   7767
1.50000004787145,0.,0.,1.50000004787145,0.0500000015957149,0.,      2381P   7768
1.50000004787145,0.,1.50000004787145,1.50000004787145,              2381P   7769
0.0500000015957149,1.50000004787145,0.,0.,1.50000004787145,0.,      2381P   7770
0.0500000015957149,1.50000004787145,-1.50000004787145,0.,           2381P   7771
1.50000004787145,-1.50000004787145,0.0500000015957149,              2381P   7772
1.50000004787145,-1.50000004787145,0.,0.,-1.50000004787145,         2381P   7773
0.0500000015957149,0.,-0.0166666666666667,0.0166666666666667,       2381P   7774
-3.14159265358979,3.14159265358979;                                 2381P   7775
128,1,1,1,1,0,0,1,0,0,-3.81100012159348,-3.81100012159348,          2383P   7776
3.81100012159348,3.81100012159348,-3.81100012159348,                2383P   7777
-3.81100012159348,3.81100012159348,3.81100012159348,1.,1.,1.,1.,    2383P   7778
-1.50039374865885,0.,1.50039374865885,-1.50039374865885,0.,         2383P   7779
-1.50039374865885,1.50039374865885,0.,1.50039374865885,             2383P   7780
1.50039374865885,0.,-1.50039374865885,-3.81100012159348,            2383P   7781
3.81100012159348,-3.81100012159348,3.81100012159348;                2383P   7782
502,396,1.50000004787145,5.50000000159571,0.,-1.50000004787145,     2385P   7783
5.50000000159571,0.,1.50000004787145,5.45,0.,-1.50000004787145,     2385P   7784
5.45,0.,0.250000007978574,5.45,0.,-0.250000007978574,5.45,0.,       2385P   7785
0.250000007978574,5.3887755117998,0.,-0.250000007978574,            2385P   7786
5.3887755117998,0.,1.50000004787145,5.3887755117998,0.,             2385P   7787
-1.50000004787145,5.3887755117998,0.,1.50000004787145,              2385P   7788
5.33877551020408,0.,-1.50000004787145,5.33877551020408,0.,          2385P   7789
0.250000007978574,5.33877551020408,0.,-0.250000007978574,           2385P   7790
5.33877551020408,0.,0.250000007978574,5.27755102200388,0.,          2385P   7791
-0.250000007978574,5.27755102200388,0.,1.50000004787145,            2385P   7792
5.27755102200388,0.,-1.50000004787145,5.27755102200388,0.,          2385P   7793
1.50000004787145,5.22755102040816,0.,-1.50000004787145,             2385P   7794
5.22755102040816,0.,0.250000007978574,5.22755102040816,0.,          2385P   7795
-0.250000007978574,5.22755102040816,0.,0.250000007978574,           2385P   7796
5.16632653220796,0.,-0.250000007978574,5.16632653220796,0.,         2385P   7797
1.50000004787145,5.16632653220796,0.,-1.50000004787145,             2385P   7798
5.16632653220796,0.,1.50000004787145,5.11632653061224,0.,           2385P   7799
-1.50000004787145,5.11632653061224,0.,0.250000007978574,            2385P   7800
5.11632653061224,0.,-0.250000007978574,5.11632653061224,0.,         2385P   7801
0.250000007978574,5.05510204241204,0.,-0.250000007978574,           2385P   7802
5.05510204241204,0.,1.50000004787145,5.05510204241204,0.,           2385P   7803
-1.50000004787145,5.05510204241204,0.,1.50000004787145,             2385P   7804
5.00510204081633,0.,-1.50000004787145,5.00510204081633,0.,          2385P   7805
0.250000007978574,5.00510204081633,0.,-0.250000007978574,           2385P   7806
5.00510204081633,0.,0.250000007978574,4.94387755261612,0.,          2385P   7807
-0.250000007978574,4.94387755261612,0.,1.50000004787145,            2385P   7808
4.94387755261612,0.,-1.50000004787145,4.94387755261612,0.,          2385P   7809
1.50000004787145,4.89387755102041,0.,-1.50000004787145,             2385P   7810
4.89387755102041,0.,0.250000007978574,4.89387755102041,0.,          2385P   7811
-0.250000007978574,4.89387755102041,0.,0.250000007978574,           2385P   7812
4.8326530628202,0.,-0.250000007978574,4.8326530628202,0.,           2385P   7813
1.50000004787145,4.8326530628202,0.,-1.50000004787145,              2385P   7814
4.8326530628202,0.,1.50000004787145,4.78265306122449,0.,            2385P   7815
-1.50000004787145,4.78265306122449,0.,0.250000007978574,            2385P   7816
4.78265306122449,0.,-0.250000007978574,4.78265306122449,0.,         2385P   7817
0.250000007978574,4.72142857302429,0.,-0.250000007978574,           2385P   7818
4.72142857302429,0.,1.50000004787145,4.72142857302429,0.,           2385P   7819
-1.50000004787145,4.72142857302429,0.,1.50000004787145,             2385P   7820
4.67142857142857,0.,-1.50000004787145,4.67142857142857,0.,          2385P   7821
0.250000007978574,4.67142857142857,0.,-0.250000007978574,           2385P   7822
4.67142857142857,0.,0.250000007978574,4.61020408322837,0.,          2385P   7823
-0.250000007978574,4.61020408322837,0.,1.50000004787145,            2385P   7824
4.61020408322837,0.,-1.50000004787145,4.61020408322837,0.,          2385P   7825
1.50000004787145,4.56020408163265,0.,-1.50000004787145,             2385P   7826
4.56020408163265,0.,0.250000007978574,4.56020408163265,0.,          2385P   7827
-0.250000007978574,4.56020408163265,0.,0.250000007978574,           2385P   7828
4.49897959343245,0.,-0.250000007978574,4.49897959343245,0.,         2385P   7829
1.50000004787145,4.49897959343245,0.,-1.50000004787145,             2385P   7830
4.49897959343245,0.,1.50000004787145,4.44897959183673,0.,           2385P   7831
-1.50000004787145,4.44897959183673,0.,0.250000007978574,            2385P   7832
4.44897959183673,0.,-0.250000007978574,4.44897959183673,0.,         2385P   7833
0.250000007978574,4.38775510363653,0.,-0.250000007978574,           2385P   7834
4.38775510363653,0.,1.50000004787145,4.38775510363653,0.,           2385P   7835
-1.50000004787145,4.38775510363653,0.,1.50000004787145,             2385P   7836
4.33775510204082,0.,-1.50000004787145,4.33775510204082,0.,          2385P   7837
0.250000007978574,4.33775510204082,0.,-0.250000007978574,           2385P   7838
4.33775510204082,0.,0.250000007978574,4.27653061384061,0.,          2385P   7839
-0.250000007978574,4.27653061384061,0.,1.50000004787145,            2385P   7840
4.27653061384061,0.,-1.50000004787145,4.27653061384061,0.,          2385P   7841
1.50000004787145,4.2265306122449,0.,-1.50000004787145,              2385P   7842
4.2265306122449,0.,0.250000007978574,4.2265306122449,0.,            2385P   7843
-0.250000007978574,4.2265306122449,0.,0.250000007978574,            2385P   7844
4.16530612404469,0.,-0.250000007978574,4.16530612404469,0.,         2385P   7845
1.50000004787145,4.16530612404469,0.,-1.50000004787145,             2385P   7846
4.16530612404469,0.,1.50000004787145,4.11530612244898,0.,           2385P   7847
-1.50000004787145,4.11530612244898,0.,0.250000007978574,            2385P   7848
4.11530612244898,0.,-0.250000007978574,4.11530612244898,0.,         2385P   7849
0.250000007978574,4.05408163424878,0.,-0.250000007978574,           2385P   7850
4.05408163424878,0.,1.50000004787145,4.05408163424878,0.,           2385P   7851
-1.50000004787145,4.05408163424878,0.,1.50000004787145,             2385P   7852
4.00408163265306,0.,-1.50000004787145,4.00408163265306,0.,          2385P   7853
0.250000007978574,4.00408163265306,0.,-0.250000007978574,           2385P   7854
4.00408163265306,0.,0.250000007978574,3.94285714445286,0.,          2385P   7855
-0.250000007978574,3.94285714445286,0.,1.50000004787145,            2385P   7856
3.94285714445286,0.,-1.50000004787145,3.94285714445286,0.,          2385P   7857
1.50000004787145,3.89285714285714,0.,-1.50000004787145,             2385P   7858
3.89285714285714,0.,0.250000007978574,3.89285714285714,0.,          2385P   7859
-0.250000007978574,3.89285714285714,0.,0.250000007978574,           2385P   7860
3.83163265465694,0.,-0.250000007978574,3.83163265465694,0.,         2385P   7861
1.50000004787145,3.83163265465694,0.,-1.50000004787145,             2385P   7862
3.83163265465694,0.,1.50000004787145,3.78163265306122,0.,           2385P   7863
-1.50000004787145,3.78163265306122,0.,0.250000007978574,            2385P   7864
3.78163265306122,0.,-0.250000007978574,3.78163265306122,0.,         2385P   7865
0.250000007978574,3.72040816486102,0.,-0.250000007978574,           2385P   7866
3.72040816486102,0.,1.50000004787145,3.72040816486102,0.,           2385P   7867
-1.50000004787145,3.72040816486102,0.,1.50000004787145,             2385P   7868
3.67040816326531,0.,-1.50000004787145,3.67040816326531,0.,          2385P   7869
0.250000007978574,3.67040816326531,0.,-0.250000007978574,           2385P   7870
3.67040816326531,0.,0.250000007978574,3.6091836750651,0.,           2385P   7871
-0.250000007978574,3.6091836750651,0.,1.50000004787145,             2385P   7872
3.6091836750651,0.,-1.50000004787145,3.6091836750651,0.,            2385P   7873
1.50000004787145,3.55918367346939,0.,-1.50000004787145,             2385P   7874
3.55918367346939,0.,0.250000007978574,3.55918367346939,0.,          2385P   7875
-0.250000007978574,3.55918367346939,0.,0.250000007978574,           2385P   7876
3.49795918526918,0.,-0.250000007978574,3.49795918526918,0.,         2385P   7877
1.50000004787145,3.49795918526918,0.,-1.50000004787145,             2385P   7878
3.49795918526918,0.,1.50000004787145,3.44795918367347,0.,           2385P   7879
-1.50000004787145,3.44795918367347,0.,0.250000007978574,            2385P   7880
3.44795918367347,0.,-0.250000007978574,3.44795918367347,0.,         2385P   7881
0.250000007978574,3.38673469547327,0.,-0.250000007978574,           2385P   7882
3.38673469547327,0.,1.50000004787145,3.38673469547327,0.,           2385P   7883
-1.50000004787145,3.38673469547327,0.,1.50000004787145,             2385P   7884
3.33673469387755,0.,-1.50000004787145,3.33673469387755,0.,          2385P   7885
0.250000007978574,3.33673469387755,0.,-0.250000007978574,           2385P   7886
3.33673469387755,0.,0.250000007978574,3.27551020567735,0.,          2385P   7887
-0.250000007978574,3.27551020567735,0.,1.50000004787145,            2385P   7888
3.27551020567735,0.,-1.50000004787145,3.27551020567735,0.,          2385P   7889
1.50000004787145,3.22551020408163,0.,-1.50000004787145,             2385P   7890
3.22551020408163,0.,0.250000007978574,3.22551020408163,0.,          2385P   7891
-0.250000007978574,3.22551020408163,0.,0.250000007978574,           2385P   7892
3.16428571588143,0.,-0.250000007978574,3.16428571588143,0.,         2385P   7893
1.50000004787145,3.16428571588143,0.,-1.50000004787145,             2385P   7894
3.16428571588143,0.,1.50000004787145,3.11428571428571,0.,           2385P   7895
-1.50000004787145,3.11428571428571,0.,0.250000007978574,            2385P   7896
3.11428571428571,0.,-0.250000007978574,3.11428571428571,0.,         2385P   7897
0.250000007978574,3.05306122608551,0.,-0.250000007978574,           2385P   7898
3.05306122608551,0.,1.50000004787145,3.05306122608551,0.,           2385P   7899
-1.50000004787145,3.05306122608551,0.,1.50000004787145,             2385P   7900
3.0030612244898,0.,-1.50000004787145,3.0030612244898,0.,            2385P   7901
0.250000007978574,3.0030612244898,0.,-0.250000007978574,            2385P   7902
3.0030612244898,0.,0.250000007978574,2.94183673628959,0.,           2385P   7903
-0.250000007978574,2.94183673628959,0.,1.50000004787145,            2385P   7904
2.94183673628959,0.,-1.50000004787145,2.94183673628959,0.,          2385P   7905
1.50000004787145,2.89183673469388,0.,-1.50000004787145,             2385P   7906
2.89183673469388,0.,0.250000007978574,2.89183673469388,0.,          2385P   7907
-0.250000007978574,2.89183673469388,0.,0.250000007978574,           2385P   7908
2.83061224649367,0.,-0.250000007978574,2.83061224649367,0.,         2385P   7909
1.50000004787145,2.83061224649367,0.,-1.50000004787145,             2385P   7910
2.83061224649367,0.,1.50000004787145,2.78061224489796,0.,           2385P   7911
-1.50000004787145,2.78061224489796,0.,0.250000007978574,            2385P   7912
2.78061224489796,0.,-0.250000007978574,2.78061224489796,0.,         2385P   7913
0.250000007978574,2.71938775669776,0.,-0.250000007978574,           2385P   7914
2.71938775669776,0.,1.50000004787145,2.71938775669776,0.,           2385P   7915
-1.50000004787145,2.71938775669776,0.,1.50000004787145,             2385P   7916
2.66938775510204,0.,-1.50000004787145,2.66938775510204,0.,          2385P   7917
0.250000007978574,2.66938775510204,0.,-0.250000007978574,           2385P   7918
2.66938775510204,0.,0.250000007978574,2.60816326690184,0.,          2385P   7919
-0.250000007978574,2.60816326690184,0.,1.50000004787145,            2385P   7920
2.60816326690184,0.,-1.50000004787145,2.60816326690184,0.,          2385P   7921
1.50000004787145,2.55816326530612,0.,-1.50000004787145,             2385P   7922
2.55816326530612,0.,0.250000007978574,2.55816326530612,0.,          2385P   7923
-0.250000007978574,2.55816326530612,0.,0.250000007978574,           2385P   7924
2.49693877710592,0.,-0.250000007978574,2.49693877710592,0.,         2385P   7925
1.50000004787145,2.49693877710592,0.,-1.50000004787145,             2385P   7926
2.49693877710592,0.,1.50000004787145,2.4469387755102,0.,            2385P   7927
-1.50000004787145,2.4469387755102,0.,0.250000007978574,             2385P   7928
2.4469387755102,0.,-0.250000007978574,2.4469387755102,0.,           2385P   7929
0.250000007978574,2.38571428731,0.,-0.250000007978574,              2385P   7930
2.38571428731,0.,1.50000004787145,2.38571428731,0.,                 2385P   7931
-1.50000004787145,2.38571428731,0.,1.50000004787145,                2385P   7932
2.33571428571429,0.,-1.50000004787145,2.33571428571429,0.,          2385P   7933
0.250000007978574,2.33571428571429,0.,-0.250000007978574,           2385P   7934
2.33571428571429,0.,0.250000007978574,2.27448979751408,0.,          2385P   7935
-0.250000007978574,2.27448979751408,0.,1.50000004787145,            2385P   7936
2.27448979751408,0.,-1.50000004787145,2.27448979751408,0.,          2385P   7937
1.50000004787145,2.22448979591837,0.,-1.50000004787145,             2385P   7938
2.22448979591837,0.,0.250000007978574,2.22448979591837,0.,          2385P   7939
-0.250000007978574,2.22448979591837,0.,0.250000007978574,           2385P   7940
2.16326530771816,0.,-0.250000007978574,2.16326530771816,0.,         2385P   7941
1.50000004787145,2.16326530771816,0.,-1.50000004787145,             2385P   7942
2.16326530771816,0.,1.50000004787145,2.11326530612245,0.,           2385P   7943
-1.50000004787145,2.11326530612245,0.,0.250000007978574,            2385P   7944
2.11326530612245,0.,-0.250000007978574,2.11326530612245,0.,         2385P   7945
0.250000007978574,2.05204081792225,0.,-0.250000007978574,           2385P   7946
2.05204081792225,0.,1.50000004787145,2.05204081792225,0.,           2385P   7947
-1.50000004787145,2.05204081792225,0.,1.50000004787145,             2385P   7948
2.00204081632653,0.,-1.50000004787145,2.00204081632653,0.,          2385P   7949
0.250000007978574,2.00204081632653,0.,-0.250000007978574,           2385P   7950
2.00204081632653,0.,0.250000007978574,1.94081632812633,0.,          2385P   7951
-0.250000007978574,1.94081632812633,0.,1.50000004787145,            2385P   7952
1.94081632812633,0.,-1.50000004787145,1.94081632812633,0.,          2385P   7953
1.50000004787145,1.89081632653061,0.,-1.50000004787145,             2385P   7954
1.89081632653061,0.,0.250000007978574,1.89081632653061,0.,          2385P   7955
-0.250000007978574,1.89081632653061,0.,0.250000007978574,           2385P   7956
1.82959183833041,0.,-0.250000007978574,1.82959183833041,0.,         2385P   7957
1.50000004787145,1.82959183833041,0.,-1.50000004787145,             2385P   7958
1.82959183833041,0.,1.50000004787145,1.77959183673469,0.,           2385P   7959
-1.50000004787145,1.77959183673469,0.,0.250000007978574,            2385P   7960
1.77959183673469,0.,-0.250000007978574,1.77959183673469,0.,         2385P   7961
0.250000007978574,1.71836734853449,0.,-0.250000007978574,           2385P   7962
1.71836734853449,0.,1.50000004787145,1.71836734853449,0.,           2385P   7963
-1.50000004787145,1.71836734853449,0.,1.50000004787145,             2385P   7964
1.66836734693878,0.,-1.50000004787145,1.66836734693878,0.,          2385P   7965
0.250000007978574,1.66836734693878,0.,-0.250000007978574,           2385P   7966
1.66836734693878,0.,0.250000007978574,1.60714285873857,0.,          2385P   7967
-0.250000007978574,1.60714285873857,0.,1.50000004787145,            2385P   7968
1.60714285873857,0.,-1.50000004787145,1.60714285873857,0.,          2385P   7969
1.50000004787145,1.55714285714286,0.,-1.50000004787145,             2385P   7970
1.55714285714286,0.,0.250000007978574,1.55714285714286,0.,          2385P   7971
-0.250000007978574,1.55714285714286,0.,0.250000007978574,           2385P   7972
1.49591836894265,0.,-0.250000007978574,1.49591836894265,0.,         2385P   7973
1.50000004787145,1.49591836894265,0.,-1.50000004787145,             2385P   7974
1.49591836894265,0.,1.50000004787145,1.44591836734694,0.,           2385P   7975
-1.50000004787145,1.44591836734694,0.,0.250000007978574,            2385P   7976
1.44591836734694,0.,-0.250000007978574,1.44591836734694,0.,         2385P   7977
0.250000007978574,1.38469387914673,0.,-0.250000007978574,           2385P   7978
1.38469387914673,0.,1.50000004787145,1.38469387914674,0.,           2385P   7979
-1.50000004787145,1.38469387914674,0.,1.50000004787145,             2385P   7980
1.33469387755102,0.,-1.50000004787145,1.33469387755102,0.,          2385P   7981
0.250000007978574,1.33469387755102,0.,-0.250000007978574,           2385P   7982
1.33469387755102,0.,0.250000007978574,1.27346938935082,0.,          2385P   7983
-0.250000007978574,1.27346938935082,0.,1.50000004787145,            2385P   7984
1.27346938935082,0.,-1.50000004787145,1.27346938935082,0.,          2385P   7985
1.50000004787145,1.2234693877551,0.,-1.50000004787145,              2385P   7986
1.2234693877551,0.,0.250000007978574,1.2234693877551,0.,            2385P   7987
-0.250000007978574,1.2234693877551,0.,0.250000007978574,            2385P   7988
1.1622448995549,0.,-0.250000007978574,1.1622448995549,0.,           2385P   7989
1.50000004787145,1.1622448995549,0.,-1.50000004787145,              2385P   7990
1.1622448995549,0.,1.50000004787145,1.11224489795918,0.,            2385P   7991
-1.50000004787145,1.11224489795918,0.,0.250000007978574,            2385P   7992
1.11224489795918,0.,-0.250000007978574,1.11224489795918,0.,         2385P   7993
0.250000007978574,1.05102040975898,0.,-0.250000007978574,           2385P   7994
1.05102040975898,0.,1.50000004787145,1.05102040975898,0.,           2385P   7995
-1.50000004787145,1.05102040975898,0.,1.50000004787145,             2385P   7996
1.00102040816327,0.,-1.50000004787145,1.00102040816327,0.,          2385P   7997
0.250000007978574,1.00102040816327,0.,-0.250000007978574,           2385P   7998
1.00102040816327,0.,0.250000007978574,0.939795919963061,0.,         2385P   7999
-0.250000007978574,0.939795919963061,0.,1.50000004787145,           2385P   8000
0.939795919963062,0.,-1.50000004787145,0.939795919963062,0.,        2385P   8001
1.50000004787145,0.889795918367347,0.,-1.50000004787145,            2385P   8002
0.889795918367347,0.,0.250000007978574,0.889795918367346,0.,        2385P   8003
-0.250000007978574,0.889795918367346,0.,0.250000007978574,          2385P   8004
0.828571430167143,0.,-0.250000007978574,0.828571430167143,0.,       2385P   8005
1.50000004787145,0.828571430167143,0.,-1.50000004787145,            2385P   8006
0.828571430167143,0.,1.50000004787145,0.778571428571428,0.,         2385P   8007
-1.50000004787145,0.778571428571428,0.,0.250000007978574,           2385P   8008
0.778571428571428,0.,-0.250000007978574,0.778571428571428,0.,       2385P   8009
0.250000007978574,0.717346940371225,0.,-0.250000007978574,          2385P   8010
0.717346940371225,0.,1.50000004787145,0.717346940371225,0.,         2385P   8011
-1.50000004787145,0.717346940371225,0.,1.50000004787145,            2385P   8012
0.66734693877551,0.,-1.50000004787145,0.66734693877551,0.,          2385P   8013
0.250000007978574,0.66734693877551,0.,-0.250000007978574,           2385P   8014
0.66734693877551,0.,0.250000007978574,0.606122450575307,0.,         2385P   8015
-0.250000007978574,0.606122450575307,0.,1.50000004787145,           2385P   8016
0.606122450575307,0.,-1.50000004787145,0.606122450575307,0.,        2385P   8017
1.50000004787145,0.556122448979592,0.,-1.50000004787145,            2385P   8018
0.556122448979592,0.,0.250000007978574,0.556122448979592,0.,        2385P   8019
-0.250000007978574,0.556122448979592,0.,0.250000007978574,          2385P   8020
0.494897960779388,0.,-0.250000007978574,0.494897960779388,0.,       2385P   8021
1.50000004787145,0.494897960779388,0.,-1.50000004787145,            2385P   8022
0.494897960779388,0.,1.50000004787145,0.444897959183673,0.,         2385P   8023
-1.50000004787145,0.444897959183673,0.,0.250000007978574,           2385P   8024
0.444897959183674,0.,-0.250000007978574,0.444897959183674,0.,       2385P   8025
0.250000007978574,0.38367347098347,0.,-0.250000007978574,           2385P   8026
0.38367347098347,0.,1.50000004787145,0.38367347098347,0.,           2385P   8027
-1.50000004787145,0.38367347098347,0.,1.50000004787145,             2385P   8028
0.333673469387755,0.,-1.50000004787145,0.333673469387755,0.,        2385P   8029
0.250000007978574,0.333673469387755,0.,-0.250000007978574,          2385P   8030
0.333673469387755,0.,0.250000007978574,0.272448981187552,0.,        2385P   8031
-0.250000007978574,0.272448981187552,0.,1.50000004787145,           2385P   8032
0.272448981187552,0.,-1.50000004787145,0.272448981187552,0.,        2385P   8033
1.50000004787145,0.222448979591837,0.,-1.50000004787145,            2385P   8034
0.222448979591837,0.,0.250000007978574,0.222448979591837,0.,        2385P   8035
-0.250000007978574,0.222448979591837,0.,0.250000007978574,          2385P   8036
0.161224491391633,0.,-0.250000007978574,0.161224491391633,0.,       2385P   8037
1.50000004787145,0.161224491391633,0.,-1.50000004787145,            2385P   8038
0.161224491391633,0.,1.50000004787145,0.111224489795918,0.,         2385P   8039
-1.50000004787145,0.111224489795918,0.,0.250000007978574,           2385P   8040
0.111224489795918,0.,-0.250000007978574,0.111224489795918,0.,       2385P   8041
0.250000007978574,0.0500000015957149,0.,-0.250000007978574,         2385P   8042
0.0500000015957149,0.,1.50000004787145,0.0500000015957149,0.,       2385P   8043
-1.50000004787145,0.0500000015957149,0.,1.50000004787145,0.,0.,     2385P   8044
-1.50000004787145,0.,0.;                                            2385P   8045
504,495,997,2385,1,2385,2,999,2385,2,2385,1,1001,2385,3,2385,4,     2387P   8046
1003,2385,4,2385,3,1005,2385,4,2385,2,1007,2385,5,2385,6,1009,      2387P   8047
2385,6,2385,5,1011,2385,7,2385,8,1013,2385,8,2385,7,1015,2385,8,    2387P   8048
2385,6,1017,2385,9,2385,10,1019,2385,10,2385,9,1021,2385,11,        2387P   8049
2385,12,1023,2385,12,2385,11,1025,2385,12,2385,10,1027,2385,13,     2387P   8050
2385,14,1029,2385,14,2385,13,1031,2385,15,2385,16,1033,2385,16,     2387P   8051
2385,15,1035,2385,16,2385,14,1037,2385,17,2385,18,1039,2385,18,     2387P   8052
2385,17,1041,2385,19,2385,20,1043,2385,20,2385,19,1045,2385,20,     2387P   8053
2385,18,1047,2385,21,2385,22,1049,2385,22,2385,21,1051,2385,23,     2387P   8054
2385,24,1053,2385,24,2385,23,1055,2385,24,2385,22,1057,2385,25,     2387P   8055
2385,26,1059,2385,26,2385,25,1061,2385,27,2385,28,1063,2385,28,     2387P   8056
2385,27,1065,2385,28,2385,26,1067,2385,29,2385,30,1069,2385,30,     2387P   8057
2385,29,1071,2385,31,2385,32,1073,2385,32,2385,31,1075,2385,32,     2387P   8058
2385,30,1077,2385,33,2385,34,1079,2385,34,2385,33,1081,2385,35,     2387P   8059
2385,36,1083,2385,36,2385,35,1085,2385,36,2385,34,1087,2385,37,     2387P   8060
2385,38,1089,2385,38,2385,37,1091,2385,39,2385,40,1093,2385,40,     2387P   8061
2385,39,1095,2385,40,2385,38,1097,2385,41,2385,42,1099,2385,42,     2387P   8062
2385,41,1101,2385,43,2385,44,1103,2385,44,2385,43,1105,2385,44,     2387P   8063
2385,42,1107,2385,45,2385,46,1109,2385,46,2385,45,1111,2385,47,     2387P   8064
2385,48,1113,2385,48,2385,47,1115,2385,48,2385,46,1117,2385,49,     2387P   8065
2385,50,1119,2385,50,2385,49,1121,2385,51,2385,52,1123,2385,52,     2387P   8066
2385,51,1125,2385,52,2385,50,1127,2385,53,2385,54,1129,2385,54,     2387P   8067
2385,53,1131,2385,55,2385,56,1133,2385,56,2385,55,1135,2385,56,     2387P   8068
2385,54,1137,2385,57,2385,58,1139,2385,58,2385,57,1141,2385,59,     2387P   8069
2385,60,1143,2385,60,2385,59,1145,2385,60,2385,58,1147,2385,61,     2387P   8070
2385,62,1149,2385,62,2385,61,1151,2385,63,2385,64,1153,2385,64,     2387P   8071
2385,63,1155,2385,64,2385,62,1157,2385,65,2385,66,1159,2385,66,     2387P   8072
2385,65,1161,2385,67,2385,68,1163,2385,68,2385,67,1165,2385,68,     2387P   8073
2385,66,1167,2385,69,2385,70,1169,2385,70,2385,69,1171,2385,71,     2387P   8074
2385,72,1173,2385,72,2385,71,1175,2385,72,2385,70,1177,2385,73,     2387P   8075
2385,74,1179,2385,74,2385,73,1181,2385,75,2385,76,1183,2385,76,     2387P   8076
2385,75,1185,2385,76,2385,74,1187,2385,77,2385,78,1189,2385,78,     2387P   8077
2385,77,1191,2385,79,2385,80,1193,2385,80,2385,79,1195,2385,80,     2387P   8078
2385,78,1197,2385,81,2385,82,1199,2385,82,2385,81,1201,2385,83,     2387P   8079
2385,84,1203,2385,84,2385,83,1205,2385,84,2385,82,1207,2385,85,     2387P   8080
2385,86,1209,2385,86,2385,85,1211,2385,87,2385,88,1213,2385,88,     2387P   8081
2385,87,1215,2385,88,2385,86,1217,2385,89,2385,90,1219,2385,90,     2387P   8082
2385,89,1221,2385,91,2385,92,1223,2385,92,2385,91,1225,2385,92,     2387P   8083
2385,90,1227,2385,93,2385,94,1229,2385,94,2385,93,1231,2385,95,     2387P   8084
2385,96,1233,2385,96,2385,95,1235,2385,96,2385,94,1237,2385,97,     2387P   8085
2385,98,1239,2385,98,2385,97,1241,2385,99,2385,100,1243,2385,       2387P   8086
100,2385,99,1245,2385,100,2385,98,1247,2385,101,2385,102,1249,      2387P   8087
2385,102,2385,101,1251,2385,103,2385,104,1253,2385,104,2385,103,    2387P   8088
1255,2385,104,2385,102,1257,2385,105,2385,106,1259,2385,106,        2387P   8089
2385,105,1261,2385,107,2385,108,1263,2385,108,2385,107,1265,        2387P   8090
2385,108,2385,106,1267,2385,109,2385,110,1269,2385,110,2385,109,    2387P   8091
1271,2385,111,2385,112,1273,2385,112,2385,111,1275,2385,112,        2387P   8092
2385,110,1277,2385,113,2385,114,1279,2385,114,2385,113,1281,        2387P   8093
2385,115,2385,116,1283,2385,116,2385,115,1285,2385,116,2385,114,    2387P   8094
1287,2385,117,2385,118,1289,2385,118,2385,117,1291,2385,119,        2387P   8095
2385,120,1293,2385,120,2385,119,1295,2385,120,2385,118,1297,        2387P   8096
2385,121,2385,122,1299,2385,122,2385,121,1301,2385,123,2385,124,    2387P   8097
1303,2385,124,2385,123,1305,2385,124,2385,122,1307,2385,125,        2387P   8098
2385,126,1309,2385,126,2385,125,1311,2385,127,2385,128,1313,        2387P   8099
2385,128,2385,127,1315,2385,128,2385,126,1317,2385,129,2385,130,    2387P   8100
1319,2385,130,2385,129,1321,2385,131,2385,132,1323,2385,132,        2387P   8101
2385,131,1325,2385,132,2385,130,1327,2385,133,2385,134,1329,        2387P   8102
2385,134,2385,133,1331,2385,135,2385,136,1333,2385,136,2385,135,    2387P   8103
1335,2385,136,2385,134,1337,2385,137,2385,138,1339,2385,138,        2387P   8104
2385,137,1341,2385,139,2385,140,1343,2385,140,2385,139,1345,        2387P   8105
2385,140,2385,138,1347,2385,141,2385,142,1349,2385,142,2385,141,    2387P   8106
1351,2385,143,2385,144,1353,2385,144,2385,143,1355,2385,144,        2387P   8107
2385,142,1357,2385,145,2385,146,1359,2385,146,2385,145,1361,        2387P   8108
2385,147,2385,148,1363,2385,148,2385,147,1365,2385,148,2385,146,    2387P   8109
1367,2385,149,2385,150,1369,2385,150,2385,149,1371,2385,151,        2387P   8110
2385,152,1373,2385,152,2385,151,1375,2385,152,2385,150,1377,        2387P   8111
2385,153,2385,154,1379,2385,154,2385,153,1381,2385,155,2385,156,    2387P   8112
1383,2385,156,2385,155,1385,2385,156,2385,154,1387,2385,157,        2387P   8113
2385,158,1389,2385,158,2385,157,1391,2385,159,2385,160,1393,        2387P   8114
2385,160,2385,159,1395,2385,160,2385,158,1397,2385,161,2385,162,    2387P   8115
1399,2385,162,2385,161,1401,2385,163,2385,164,1403,2385,164,        2387P   8116
2385,163,1405,2385,164,2385,162,1407,2385,165,2385,166,1409,        2387P   8117
2385,166,2385,165,1411,2385,167,2385,168,1413,2385,168,2385,167,    2387P   8118
1415,2385,168,2385,166,1417,2385,169,2385,170,1419,2385,170,        2387P   8119
2385,169,1421,2385,171,2385,172,1423,2385,172,2385,171,1425,        2387P   8120
2385,172,2385,170,1427,2385,173,2385,174,1429,2385,174,2385,173,    2387P   8121
1431,2385,175,2385,176,1433,2385,176,2385,175,1435,2385,176,        2387P   8122
2385,174,1437,2385,177,2385,178,1439,2385,178,2385,177,1441,        2387P   8123
2385,179,2385,180,1443,2385,180,2385,179,1445,2385,180,2385,178,    2387P   8124
1447,2385,181,2385,182,1449,2385,182,2385,181,1451,2385,183,        2387P   8125
2385,184,1453,2385,184,2385,183,1455,2385,184,2385,182,1457,        2387P   8126
2385,185,2385,186,1459,2385,186,2385,185,1461,2385,187,2385,188,    2387P   8127
1463,2385,188,2385,187,1465,2385,188,2385,186,1467,2385,189,        2387P   8128
2385,190,1469,2385,190,2385,189,1471,2385,191,2385,192,1473,        2387P   8129
2385,192,2385,191,1475,2385,192,2385,190,1477,2385,193,2385,194,    2387P   8130
1479,2385,194,2385,193,1481,2385,195,2385,196,1483,2385,196,        2387P   8131
2385,195,1485,2385,196,2385,194,1487,2385,197,2385,198,1489,        2387P   8132
2385,198,2385,197,1491,2385,199,2385,200,1493,2385,200,2385,199,    2387P   8133
1495,2385,200,2385,198,1497,2385,201,2385,202,1499,2385,202,        2387P   8134
2385,201,1501,2385,203,2385,204,1503,2385,204,2385,203,1505,        2387P   8135
2385,204,2385,202,1507,2385,205,2385,206,1509,2385,206,2385,205,    2387P   8136
1511,2385,207,2385,208,1513,2385,208,2385,207,1515,2385,208,        2387P   8137
2385,206,1517,2385,209,2385,210,1519,2385,210,2385,209,1521,        2387P   8138
2385,211,2385,212,1523,2385,212,2385,211,1525,2385,212,2385,210,    2387P   8139
1527,2385,213,2385,214,1529,2385,214,2385,213,1531,2385,215,        2387P   8140
2385,216,1533,2385,216,2385,215,1535,2385,216,2385,214,1537,        2387P   8141
2385,217,2385,218,1539,2385,218,2385,217,1541,2385,219,2385,220,    2387P   8142
1543,2385,220,2385,219,1545,2385,220,2385,218,1547,2385,221,        2387P   8143
2385,222,1549,2385,222,2385,221,1551,2385,223,2385,224,1553,        2387P   8144
2385,224,2385,223,1555,2385,224,2385,222,1557,2385,225,2385,226,    2387P   8145
1559,2385,226,2385,225,1561,2385,227,2385,228,1563,2385,228,        2387P   8146
2385,227,1565,2385,228,2385,226,1567,2385,229,2385,230,1569,        2387P   8147
2385,230,2385,229,1571,2385,231,2385,232,1573,2385,232,2385,231,    2387P   8148
1575,2385,232,2385,230,1577,2385,233,2385,234,1579,2385,234,        2387P   8149
2385,233,1581,2385,235,2385,236,1583,2385,236,2385,235,1585,        2387P   8150
2385,236,2385,234,1587,2385,237,2385,238,1589,2385,238,2385,237,    2387P   8151
1591,2385,239,2385,240,1593,2385,240,2385,239,1595,2385,240,        2387P   8152
2385,238,1597,2385,241,2385,242,1599,2385,242,2385,241,1601,        2387P   8153
2385,243,2385,244,1603,2385,244,2385,243,1605,2385,244,2385,242,    2387P   8154
1607,2385,245,2385,246,1609,2385,246,2385,245,1611,2385,247,        2387P   8155
2385,248,1613,2385,248,2385,247,1615,2385,248,2385,246,1617,        2387P   8156
2385,249,2385,250,1619,2385,250,2385,249,1621,2385,251,2385,252,    2387P   8157
1623,2385,252,2385,251,1625,2385,252,2385,250,1627,2385,253,        2387P   8158
2385,254,1629,2385,254,2385,253,1631,2385,255,2385,256,1633,        2387P   8159
2385,256,2385,255,1635,2385,256,2385,254,1637,2385,257,2385,258,    2387P   8160
1639,2385,258,2385,257,1641,2385,259,2385,260,1643,2385,260,        2387P   8161
2385,259,1645,2385,260,2385,258,1647,2385,261,2385,262,1649,        2387P   8162
2385,262,2385,261,1651,2385,263,2385,264,1653,2385,264,2385,263,    2387P   8163
1655,2385,264,2385,262,1657,2385,265,2385,266,1659,2385,266,        2387P   8164
2385,265,1661,2385,267,2385,268,1663,2385,268,2385,267,1665,        2387P   8165
2385,268,2385,266,1667,2385,269,2385,270,1669,2385,270,2385,269,    2387P   8166
1671,2385,271,2385,272,1673,2385,272,2385,271,1675,2385,272,        2387P   8167
2385,270,1677,2385,273,2385,274,1679,2385,274,2385,273,1681,        2387P   8168
2385,275,2385,276,1683,2385,276,2385,275,1685,2385,276,2385,274,    2387P   8169
1687,2385,277,2385,278,1689,2385,278,2385,277,1691,2385,279,        2387P   8170
2385,280,1693,2385,280,2385,279,1695,2385,280,2385,278,1697,        2387P   8171
2385,281,2385,282,1699,2385,282,2385,281,1701,2385,283,2385,284,    2387P   8172
1703,2385,284,2385,283,1705,2385,284,2385,282,1707,2385,285,        2387P   8173
2385,286,1709,2385,286,2385,285,1711,2385,287,2385,288,1713,        2387P   8174
2385,288,2385,287,1715,2385,288,2385,286,1717,2385,289,2385,290,    2387P   8175
1719,2385,290,2385,289,1721,2385,291,2385,292,1723,2385,292,        2387P   8176
2385,291,1725,2385,292,2385,290,1727,2385,293,2385,294,1729,        2387P   8177
2385,294,2385,293,1731,2385,295,2385,296,1733,2385,296,2385,295,    2387P   8178
1735,2385,296,2385,294,1737,2385,297,2385,298,1739,2385,298,        2387P   8179
2385,297,1741,2385,299,2385,300,1743,2385,300,2385,299,1745,        2387P   8180
2385,300,2385,298,1747,2385,301,2385,302,1749,2385,302,2385,301,    2387P   8181
1751,2385,303,2385,304,1753,2385,304,2385,303,1755,2385,304,        2387P   8182
2385,302,1757,2385,305,2385,306,1759,2385,306,2385,305,1761,        2387P   8183
2385,307,2385,308,1763,2385,308,2385,307,1765,2385,308,2385,306,    2387P   8184
1767,2385,309,2385,310,1769,2385,310,2385,309,1771,2385,311,        2387P   8185
2385,312,1773,2385,312,2385,311,1775,2385,312,2385,310,1777,        2387P   8186
2385,313,2385,314,1779,2385,314,2385,313,1781,2385,315,2385,316,    2387P   8187
1783,2385,316,2385,315,1785,2385,316,2385,314,1787,2385,317,        2387P   8188
2385,318,1789,2385,318,2385,317,1791,2385,319,2385,320,1793,        2387P   8189
2385,320,2385,319,1795,2385,320,2385,318,1797,2385,321,2385,322,    2387P   8190
1799,2385,322,2385,321,1801,2385,323,2385,324,1803,2385,324,        2387P   8191
2385,323,1805,2385,324,2385,322,1807,2385,325,2385,326,1809,        2387P   8192
2385,326,2385,325,1811,2385,327,2385,328,1813,2385,328,2385,327,    2387P   8193
1815,2385,328,2385,326,1817,2385,329,2385,330,1819,2385,330,        2387P   8194
2385,329,1821,2385,331,2385,332,1823,2385,332,2385,331,1825,        2387P   8195
2385,332,2385,330,1827,2385,333,2385,334,1829,2385,334,2385,333,    2387P   8196
1831,2385,335,2385,336,1833,2385,336,2385,335,1835,2385,336,        2387P   8197
2385,334,1837,2385,337,2385,338,1839,2385,338,2385,337,1841,        2387P   8198
2385,339,2385,340,1843,2385,340,2385,339,1845,2385,340,2385,338,    2387P   8199
1847,2385,341,2385,342,1849,2385,342,2385,341,1851,2385,343,        2387P   8200
2385,344,1853,2385,344,2385,343,1855,2385,344,2385,342,1857,        2387P   8201
2385,345,2385,346,1859,2385,346,2385,345,1861,2385,347,2385,348,    2387P   8202
1863,2385,348,2385,347,1865,2385,348,2385,346,1867,2385,349,        2387P   8203
2385,350,1869,2385,350,2385,349,1871,2385,351,2385,352,1873,        2387P   8204
2385,352,2385,351,1875,2385,352,2385,350,1877,2385,353,2385,354,    2387P   8205
1879,2385,354,2385,353,1881,2385,355,2385,356,1883,2385,356,        2387P   8206
2385,355,1885,2385,356,2385,354,1887,2385,357,2385,358,1889,        2387P   8207
2385,358,2385,357,1891,2385,359,2385,360,1893,2385,360,2385,359,    2387P   8208
1895,2385,360,2385,358,1897,2385,361,2385,362,1899,2385,362,        2387P   8209
2385,361,1901,2385,363,2385,364,1903,2385,364,2385,363,1905,        2387P   8210
2385,364,2385,362,1907,2385,365,2385,366,1909,2385,366,2385,365,    2387P   8211
1911,2385,367,2385,368,1913,2385,368,2385,367,1915,2385,368,        2387P   8212
2385,366,1917,2385,369,2385,370,1919,2385,370,2385,369,1921,        2387P   8213
2385,371,2385,372,1923,2385,372,2385,371,1925,2385,372,2385,370,    2387P   8214
1927,2385,373,2385,374,1929,2385,374,2385,373,1931,2385,375,        2387P   8215
2385,376,1933,2385,376,2385,375,1935,2385,376,2385,374,1937,        2387P   8216
2385,377,2385,378,1939,2385,378,2385,377,1941,2385,379,2385,380,    2387P   8217
1943,2385,380,2385,379,1945,2385,380,2385,378,1947,2385,381,        2387P   8218
2385,382,1949,2385,382,2385,381,1951,2385,383,2385,384,1953,        2387P   8219
2385,384,2385,383,1955,2385,384,2385,382,1957,2385,385,2385,386,    2387P   8220
1959,2385,386,2385,385,1961,2385,387,2385,388,1963,2385,388,        2387P   8221
2385,387,1965,2385,388,2385,386,1967,2385,389,2385,390,1969,        2387P   8222
2385,390,2385,389,1971,2385,391,2385,392,1973,2385,392,2385,391,    2387P   8223
1975,2385,392,2385,390,1977,2385,393,2385,394,1979,2385,394,        2387P   8224
2385,393,1981,2385,395,2385,396,1983,2385,396,2385,395,1985,        2387P   8225
2385,396,2385,394;                                                  2387P   8226
406,1,5HBody1;                                                      2389P   8227
314,62.7450980392157,62.7450980392157,62.7450980392157,13HSteel     2391P   8228
- Satin;                                                            2391P   8229
S      1G      3D   2392P   8229                                        T      1
