# WaveFront *.obj file (generated by Autodesk ATF)

mtllib The2BallsHolder.mtl

g Body1

v 0.000000 0.000000 0.000000
v 0.423902 0.000000 0.047762
v 0.826549 0.000000 0.188654
v 1.187748 0.000000 0.415611
v 1.489389 0.000000 0.717252
v 1.716346 0.000000 1.078452
v 1.857238 0.000000 1.481098
v 1.905000 0.000000 1.905000
v 1.857238 0.000000 2.328902
v 1.716346 0.000000 2.731549
v 1.489389 0.000000 3.092748
v 1.187748 0.000000 3.394389
v 0.826549 0.000000 3.621346
v 0.423902 0.000000 3.762238
v -0.000000 0.000000 3.810000
v -0.211951 -0.367110 3.762238
v -0.413274 -0.715812 3.621346
v -0.593874 -1.028620 3.394389
v -0.744695 -1.289849 3.092748
v -0.858173 -1.486399 2.731549
v -0.928619 -1.608415 2.328902
v -0.952500 -1.649778 1.905000
v -0.928619 -1.608415 1.481098
v -0.858173 -1.486399 1.078452
v -0.744695 -1.289849 0.717252
v -0.593874 -1.028620 0.415611
v -0.413274 -0.715812 0.188654
v -0.211951 -0.367110 0.047762
v -0.423902 0.000000 3.762238
v -0.826549 0.000000 3.621346
v -1.187748 0.000000 3.394389
v -1.489389 0.000000 3.092748
v -1.716346 0.000000 2.731549
v -1.857238 0.000000 2.328902
v -1.905000 0.000000 1.905000
v -1.857238 0.000000 1.481098
v -1.716346 0.000000 1.078452
v -1.489389 0.000000 0.717252
v -1.187748 0.000000 0.415611
v -0.826549 0.000000 0.188654
v -0.423902 0.000000 0.047762
v 0.421036 0.049212 3.762238
v 0.820960 0.095956 3.621346
v 1.179717 0.137889 3.394389
v 1.479318 0.172908 3.092748
v 1.704740 0.199256 2.731549
v 1.844680 0.215612 2.328902
v 1.892119 0.221157 1.905000
v 1.844680 0.215612 1.481098
v 1.704740 0.199256 1.078452
v 1.479318 0.172908 0.717252
v 1.179717 0.137889 0.415611
v 0.820960 0.095956 0.188654
v 0.421036 0.049212 0.047762
v -0.253137 -0.340022 0.047762
v -0.493581 -0.662994 0.188654
v -0.709274 -0.952720 0.415611
v -0.889401 -1.194673 0.717252
v -1.024931 -1.376721 1.078452
v -1.109065 -1.489733 1.481098
v -1.137587 -1.528045 1.905000
v -1.109065 -1.489733 2.328902
v -1.024931 -1.376721 2.731549
v -0.889401 -1.194673 3.092748
v -0.709274 -0.952720 3.394389
v -0.493581 -0.662994 3.621346
v -0.253137 -0.340022 3.762238
v -0.412476 -0.097759 3.762238
v -0.804269 -0.190615 3.621346
v -1.155732 -0.273914 3.394389
v -1.449242 -0.343477 3.092748
v -1.670081 -0.395817 2.731549
v -1.807176 -0.428308 2.328902
v -1.853651 -0.439323 1.905000
v -1.807176 -0.428308 1.481098
v -1.670081 -0.395817 1.078452
v -1.449242 -0.343477 0.717252
v -1.155732 -0.273914 0.415611
v -0.804269 -0.190615 0.188654
v -0.412476 -0.097759 0.047762
v -0.073610 0.417462 3.762238
v -0.143529 0.813991 3.621346
v -0.206250 1.169704 3.394389
v -0.258630 1.466762 3.092748
v -0.298040 1.690271 2.731549
v -0.322506 1.829022 2.328902
v -0.330800 1.876059 1.905000
v -0.322506 1.829022 1.481098
v -0.298040 1.690271 1.078452
v -0.258630 1.466762 0.717252
v -0.206250 1.169704 0.415611
v -0.143529 0.813991 0.188654
v -0.073610 0.417462 0.047762
v 0.024648 0.423185 0.047762
v 0.048060 0.825150 0.188654
v 0.069061 1.185739 0.415611
v 0.086600 1.486869 0.717252
v 0.099797 1.713442 1.078452
v 0.107989 1.854096 1.481098
v 0.110766 1.901777 1.905000
v 0.107989 1.854096 2.328902
v 0.099797 1.713442 2.731549
v 0.086600 1.486869 3.092748
v 0.069061 1.185739 3.394389
v 0.048060 0.825150 3.621346
v 0.024648 0.423185 3.762238
v -0.412476 0.097759 0.047762
v -0.804269 0.190615 0.188654
v -1.155732 0.273914 0.415611
v -1.449242 0.343477 0.717252
v -1.670081 0.395817 1.078452
v -1.807176 0.428308 1.481098
v -1.853651 0.439323 1.905000
v -1.807176 0.428308 2.328902
v -1.670081 0.395817 2.731549
v -1.449242 0.343477 3.092748
v -1.155732 0.273914 3.394389
v -0.804269 0.190615 3.621346
v -0.412476 0.097759 3.762238
v 0.398338 0.144983 3.762238
v 0.776702 0.282696 3.621346
v 1.116118 0.406234 3.394389
v 1.399568 0.509401 3.092748
v 1.612837 0.587025 2.731549
v 1.745233 0.635213 2.328902
v 1.790114 0.651548 1.905000
v 1.745233 0.635213 1.481098
v 1.612837 0.587025 1.078452
v 1.399568 0.509401 0.717252
v 1.116118 0.406234 0.415611
v 0.776702 0.282696 0.188654
v 0.398338 0.144983 0.047762
v 0.354165 0.232938 3.762238
v 0.690571 0.454196 3.621346
v 0.992349 0.652678 3.394389
v 1.244366 0.818433 3.092748
v 1.433986 0.943147 2.731549
v 1.551699 1.020569 2.328902
v 1.591604 1.046815 1.905000
v 1.551699 1.020569 1.481098
v 1.433986 0.943147 1.078452
v 1.244366 0.818433 0.717252
v 0.992349 0.652678 0.415611
v 0.690571 0.454196 0.188654
v 0.354165 0.232938 0.047762
v 0.290899 0.308335 3.762238
v 0.567212 0.601210 3.621346
v 0.815082 0.863937 3.394389
v 1.022081 1.083342 3.092748
v 1.177828 1.248425 2.731549
v 1.274514 1.350906 2.328902
v 1.307290 1.385647 1.905000
v 1.274514 1.350906 1.481098
v 1.177828 1.248425 1.078452
v 1.022081 1.083342 0.717252
v 0.815082 0.863937 0.415611
v 0.567212 0.601210 0.188654
v 0.290899 0.308335 0.047762
v 0.211951 0.367110 3.762238
v 0.413274 0.715812 3.621346
v 0.593874 1.028620 3.394389
v 0.744695 1.289849 3.092748
v 0.858173 1.486399 2.731549
v 0.928619 1.608415 2.328902
v 0.952500 1.649778 1.905000
v 0.928619 1.608415 1.481098
v 0.858173 1.486399 1.078452
v 0.744695 1.289849 0.717252
v 0.593874 1.028620 0.415611
v 0.413274 0.715812 0.188654
v 0.211951 0.367110 0.047762
v 0.121577 0.406094 3.762238
v 0.237057 0.791825 3.621346
v 0.340650 1.137850 3.394389
v 0.427162 1.426819 3.092748
v 0.492254 1.644241 2.731549
v 0.532662 1.779214 2.328902
v 0.546360 1.824970 1.905000
v 0.532662 1.779214 1.481098
v 0.492254 1.644241 1.078452
v 0.427162 1.426819 0.717252
v 0.340650 1.137850 0.415611
v 0.237057 0.791825 0.188654
v 0.121577 0.406094 0.047762
v -0.167899 0.389234 3.762238
v -0.327379 0.758950 3.621346
v -0.470443 1.090609 3.394389
v -0.589917 1.367581 3.092748
v -0.679810 1.575976 2.731549
v -0.735614 1.705346 2.328902
v -0.754532 1.749202 1.905000
v -0.735614 1.705346 1.481098
v -0.679810 1.575976 1.078452
v -0.589917 1.367581 0.717252
v -0.470443 1.090609 0.415611
v -0.327379 0.758950 0.188654
v -0.167899 0.389234 0.047762
v -0.253137 0.340022 3.762238
v -0.493581 0.662994 3.621346
v -0.709274 0.952720 3.394389
v -0.889401 1.194673 3.092748
v -1.024931 1.376721 2.731549
v -1.109065 1.489733 2.328902
v -1.137587 1.528045 1.905000
v -1.109065 1.489733 1.481098
v -1.024931 1.376721 1.078452
v -0.889401 1.194673 0.717252
v -0.709274 0.952720 0.415611
v -0.493581 0.662994 0.188654
v -0.253137 0.340022 0.047762
v -0.324728 0.272479 3.762238
v -0.633173 0.531295 3.621346
v -0.909868 0.763470 3.394389
v -1.140938 0.957361 3.092748
v -1.314797 1.103246 2.731549
v -1.422727 1.193809 2.328902
v -1.459315 1.224510 1.905000
v -1.422727 1.193809 1.481098
v -1.314797 1.103246 1.078452
v -1.140938 0.957361 0.717252
v -0.909868 0.763470 0.415611
v -0.633173 0.531295 0.188654
v -0.324728 0.272479 0.047762
v -0.378813 0.190247 3.762238
v -0.738631 0.370954 3.621346
v -1.061410 0.533060 3.394389
v -1.330967 0.668437 3.092748
v -1.533783 0.770295 2.731549
v -1.659688 0.833527 2.328902
v -1.702370 0.854962 1.905000
v -1.659688 0.833527 1.481098
v -1.533783 0.770295 1.078452
v -1.330967 0.668437 0.717252
v -1.061410 0.533060 0.415611
v -0.738631 0.370954 0.188654
v -0.378813 0.190247 0.047762
v -0.324728 -0.272479 0.047762
v -0.633173 -0.531295 0.188654
v -0.909868 -0.763470 0.415611
v -1.140938 -0.957361 0.717252
v -1.314797 -1.103246 1.078452
v -1.422727 -1.193809 1.481098
v -1.459315 -1.224510 1.905000
v -1.422727 -1.193809 2.328902
v -1.314797 -1.103246 2.731549
v -1.140938 -0.957361 3.092748
v -0.909868 -0.763470 3.394389
v -0.633173 -0.531295 3.621346
v -0.324728 -0.272479 3.762238
v -0.378813 -0.190247 0.047762
v -0.738631 -0.370954 0.188654
v -1.061410 -0.533060 0.415611
v -1.330967 -0.668437 0.717252
v -1.533783 -0.770295 1.078452
v -1.659688 -0.833527 1.481098
v -1.702370 -0.854962 1.905000
v -1.659688 -0.833527 2.328902
v -1.533783 -0.770295 2.731549
v -1.330967 -0.668437 3.092748
v -1.061410 -0.533060 3.394389
v -0.738631 -0.370954 3.621346
v -0.378813 -0.190247 3.762238
v 0.000000 0.000000 -3.810000
v 0.423902 0.000000 -3.762238
v 0.826549 0.000000 -3.621346
v 1.187748 0.000000 -3.394389
v 1.489389 0.000000 -3.092748
v 1.716346 0.000000 -2.731549
v 1.857238 0.000000 -2.328902
v 1.905000 0.000000 -1.905000
v 1.857238 0.000000 -1.481098
v 1.716346 0.000000 -1.078452
v 1.489389 0.000000 -0.717252
v 1.187748 0.000000 -0.415611
v 0.826549 0.000000 -0.188654
v 0.423902 0.000000 -0.047762
v -0.211951 -0.367110 -0.047762
v -0.413274 -0.715812 -0.188654
v -0.593874 -1.028620 -0.415611
v -0.744695 -1.289849 -0.717252
v -0.858173 -1.486399 -1.078452
v -0.928619 -1.608415 -1.481098
v -0.952500 -1.649778 -1.905000
v -0.928619 -1.608415 -2.328902
v -0.858173 -1.486399 -2.731549
v -0.744695 -1.289849 -3.092748
v -0.593874 -1.028620 -3.394389
v -0.413274 -0.715812 -3.621346
v -0.211951 -0.367110 -3.762238
v -0.423902 0.000000 -0.047762
v -0.826549 0.000000 -0.188654
v -1.187748 0.000000 -0.415611
v -1.489389 0.000000 -0.717252
v -1.716346 0.000000 -1.078452
v -1.857238 0.000000 -1.481098
v -1.905000 0.000000 -1.905000
v -1.857238 0.000000 -2.328902
v -1.716346 0.000000 -2.731549
v -1.489389 0.000000 -3.092748
v -1.187748 0.000000 -3.394389
v -0.826549 0.000000 -3.621346
v -0.423902 0.000000 -3.762238
v 0.421036 0.049212 -0.047762
v 0.820960 0.095956 -0.188654
v 1.179717 0.137889 -0.415611
v 1.479318 0.172908 -0.717252
v 1.704740 0.199256 -1.078452
v 1.844680 0.215612 -1.481098
v 1.892119 0.221157 -1.905000
v 1.844680 0.215612 -2.328902
v 1.704740 0.199256 -2.731549
v 1.479318 0.172908 -3.092748
v 1.179717 0.137889 -3.394389
v 0.820960 0.095956 -3.621346
v 0.421036 0.049212 -3.762238
v -0.253137 -0.340022 -3.762238
v -0.493581 -0.662994 -3.621346
v -0.709274 -0.952720 -3.394389
v -0.889401 -1.194673 -3.092748
v -1.024931 -1.376721 -2.731549
v -1.109065 -1.489733 -2.328902
v -1.137587 -1.528045 -1.905000
v -1.109065 -1.489733 -1.481098
v -1.024931 -1.376721 -1.078452
v -0.889401 -1.194673 -0.717252
v -0.709274 -0.952720 -0.415611
v -0.493581 -0.662994 -0.188654
v -0.253137 -0.340022 -0.047762
v -0.412476 -0.097759 -0.047762
v -0.804269 -0.190615 -0.188654
v -1.155732 -0.273914 -0.415611
v -1.449242 -0.343477 -0.717252
v -1.670081 -0.395817 -1.078452
v -1.807176 -0.428308 -1.481098
v -1.853651 -0.439323 -1.905000
v -1.807176 -0.428308 -2.328902
v -1.670081 -0.395817 -2.731549
v -1.449242 -0.343477 -3.092748
v -1.155732 -0.273914 -3.394389
v -0.804269 -0.190615 -3.621346
v -0.412476 -0.097759 -3.762238
v -0.073610 0.417462 -0.047762
v -0.143529 0.813991 -0.188654
v -0.206250 1.169704 -0.415611
v -0.258630 1.466762 -0.717252
v -0.298040 1.690271 -1.078452
v -0.322506 1.829022 -1.481098
v -0.330800 1.876059 -1.905000
v -0.322506 1.829022 -2.328902
v -0.298040 1.690271 -2.731549
v -0.258630 1.466762 -3.092748
v -0.206250 1.169704 -3.394389
v -0.143529 0.813991 -3.621346
v -0.073610 0.417462 -3.762238
v 0.024648 0.423185 -3.762238
v 0.048060 0.825150 -3.621346
v 0.069061 1.185739 -3.394389
v 0.086600 1.486869 -3.092748
v 0.099797 1.713442 -2.731549
v 0.107989 1.854096 -2.328902
v 0.110766 1.901777 -1.905000
v 0.107989 1.854096 -1.481098
v 0.099797 1.713442 -1.078452
v 0.086600 1.486869 -0.717252
v 0.069061 1.185739 -0.415611
v 0.048060 0.825150 -0.188654
v 0.024648 0.423185 -0.047762
v -0.412476 0.097759 -3.762238
v -0.804269 0.190615 -3.621346
v -1.155732 0.273914 -3.394389
v -1.449242 0.343477 -3.092748
v -1.670081 0.395817 -2.731549
v -1.807176 0.428308 -2.328902
v -1.853651 0.439323 -1.905000
v -1.807176 0.428308 -1.481098
v -1.670081 0.395817 -1.078452
v -1.449242 0.343477 -0.717252
v -1.155732 0.273914 -0.415611
v -0.804269 0.190615 -0.188654
v -0.412476 0.097759 -0.047762
v 0.398338 0.144983 -0.047762
v 0.776702 0.282696 -0.188654
v 1.116118 0.406234 -0.415611
v 1.399568 0.509401 -0.717252
v 1.612837 0.587025 -1.078452
v 1.745233 0.635213 -1.481098
v 1.790114 0.651548 -1.905000
v 1.745233 0.635213 -2.328902
v 1.612837 0.587025 -2.731549
v 1.399568 0.509401 -3.092748
v 1.116118 0.406234 -3.394389
v 0.776702 0.282696 -3.621346
v 0.398338 0.144983 -3.762238
v 0.354165 0.232938 -0.047762
v 0.690571 0.454196 -0.188654
v 0.992349 0.652678 -0.415611
v 1.244366 0.818433 -0.717252
v 1.433986 0.943147 -1.078452
v 1.551699 1.020569 -1.481098
v 1.591604 1.046815 -1.905000
v 1.551699 1.020569 -2.328902
v 1.433986 0.943147 -2.731549
v 1.244366 0.818433 -3.092748
v 0.992349 0.652678 -3.394389
v 0.690571 0.454196 -3.621346
v 0.354165 0.232938 -3.762238
v 0.290899 0.308335 -0.047762
v 0.567212 0.601210 -0.188654
v 0.815082 0.863937 -0.415611
v 1.022081 1.083342 -0.717252
v 1.177828 1.248425 -1.078452
v 1.274514 1.350906 -1.481098
v 1.307290 1.385647 -1.905000
v 1.274514 1.350906 -2.328902
v 1.177828 1.248425 -2.731549
v 1.022081 1.083342 -3.092748
v 0.815082 0.863937 -3.394389
v 0.567212 0.601210 -3.621346
v 0.290899 0.308335 -3.762238
v 0.211951 0.367110 -0.047762
v 0.413274 0.715812 -0.188654
v 0.593874 1.028620 -0.415611
v 0.744695 1.289849 -0.717252
v 0.858173 1.486399 -1.078452
v 0.928619 1.608415 -1.481098
v 0.952500 1.649778 -1.905000
v 0.928619 1.608415 -2.328902
v 0.858173 1.486399 -2.731549
v 0.744695 1.289849 -3.092748
v 0.593874 1.028620 -3.394389
v 0.413274 0.715812 -3.621346
v 0.211951 0.367110 -3.762238
v 0.121577 0.406094 -0.047762
v 0.237057 0.791825 -0.188654
v 0.340650 1.137850 -0.415611
v 0.427162 1.426819 -0.717252
v 0.492254 1.644241 -1.078452
v 0.532662 1.779214 -1.481098
v 0.546360 1.824970 -1.905000
v 0.532662 1.779214 -2.328902
v 0.492254 1.644241 -2.731549
v 0.427162 1.426819 -3.092748
v 0.340650 1.137850 -3.394389
v 0.237057 0.791825 -3.621346
v 0.121577 0.406094 -3.762238
v -0.167899 0.389234 -0.047762
v -0.327379 0.758950 -0.188654
v -0.470443 1.090609 -0.415611
v -0.589917 1.367581 -0.717252
v -0.679810 1.575976 -1.078452
v -0.735614 1.705346 -1.481098
v -0.754532 1.749202 -1.905000
v -0.735614 1.705346 -2.328902
v -0.679810 1.575976 -2.731549
v -0.589917 1.367581 -3.092748
v -0.470443 1.090609 -3.394389
v -0.327379 0.758950 -3.621346
v -0.167899 0.389234 -3.762238
v -0.253137 0.340022 -0.047762
v -0.493581 0.662994 -0.188654
v -0.709274 0.952720 -0.415611
v -0.889401 1.194673 -0.717252
v -1.024931 1.376721 -1.078452
v -1.109065 1.489733 -1.481098
v -1.137587 1.528045 -1.905000
v -1.109065 1.489733 -2.328902
v -1.024931 1.376721 -2.731549
v -0.889401 1.194673 -3.092748
v -0.709274 0.952720 -3.394389
v -0.493581 0.662994 -3.621346
v -0.253137 0.340022 -3.762238
v -0.324728 0.272479 -0.047762
v -0.633173 0.531295 -0.188654
v -0.909868 0.763470 -0.415611
v -1.140938 0.957361 -0.717252
v -1.314797 1.103246 -1.078452
v -1.422727 1.193809 -1.481098
v -1.459315 1.224510 -1.905000
v -1.422727 1.193809 -2.328902
v -1.314797 1.103246 -2.731549
v -1.140938 0.957361 -3.092748
v -0.909868 0.763470 -3.394389
v -0.633173 0.531295 -3.621346
v -0.324728 0.272479 -3.762238
v -0.378813 0.190247 -0.047762
v -0.738631 0.370954 -0.188654
v -1.061410 0.533060 -0.415611
v -1.330967 0.668437 -0.717252
v -1.533783 0.770295 -1.078452
v -1.659688 0.833527 -1.481098
v -1.702370 0.854962 -1.905000
v -1.659688 0.833527 -2.328902
v -1.533783 0.770295 -2.731549
v -1.330967 0.668437 -3.092748
v -1.061410 0.533060 -3.394389
v -0.738631 0.370954 -3.621346
v -0.378813 0.190247 -3.762238
v -0.324728 -0.272479 -3.762238
v -0.633173 -0.531295 -3.621346
v -0.909868 -0.763470 -3.394389
v -1.140938 -0.957361 -3.092748
v -1.314797 -1.103246 -2.731549
v -1.422727 -1.193809 -2.328902
v -1.459315 -1.224510 -1.905000
v -1.422727 -1.193809 -1.481098
v -1.314797 -1.103246 -1.078452
v -1.140938 -0.957361 -0.717252
v -0.909868 -0.763470 -0.415611
v -0.633173 -0.531295 -0.188654
v -0.324728 -0.272479 -0.047762
v -0.378813 -0.190247 -3.762238
v -0.738631 -0.370954 -3.621346
v -1.061410 -0.533060 -3.394389
v -1.330967 -0.668437 -3.092748
v -1.533783 -0.770295 -2.731549
v -1.659688 -0.833527 -2.328902
v -1.702370 -0.854962 -1.905000
v -1.659688 -0.833527 -1.481098
v -1.533783 -0.770295 -1.078452
v -1.330967 -0.668437 -0.717252
v -1.061410 -0.533060 -0.415611
v -0.738631 -0.370954 -0.188654
v -0.378813 -0.190247 -0.047762
v 0.596015 0.000000 3.763093
v 1.177355 0.000000 3.623525
v 1.729704 0.000000 3.394735
v 2.239462 0.000000 3.082355
v 2.694077 0.000000 2.694077
v 3.082355 0.000000 2.239462
v 3.394735 0.000000 1.729704
v 3.623525 0.000000 1.177355
v 3.763093 0.000000 0.596015
v 3.810000 0.000000 0.000000
v 3.763093 0.000000 -0.596015
v 3.623525 0.000000 -1.177355
v 3.394735 0.000000 -1.729704
v 3.082355 0.000000 -2.239462
v 2.694077 0.000000 -2.694077
v 2.239462 0.000000 -3.082355
v 1.729704 0.000000 -3.394735
v 1.177355 0.000000 -3.623525
v 0.596015 0.000000 -3.763093
v -0.298008 -0.516164 -3.763093
v -0.588677 -1.019619 -3.623525
v -0.864852 -1.497967 -3.394735
v -1.119731 -1.939431 -3.082355
v -1.347038 -2.333139 -2.694077
v -1.541177 -2.669398 -2.239462
v -1.697367 -2.939927 -1.729704
v -1.811763 -3.138065 -1.177355
v -1.881546 -3.258934 -0.596015
v -1.905000 -3.299557 0.000000
v -1.881546 -3.258934 0.596015
v -1.811763 -3.138065 1.177355
v -1.697367 -2.939927 1.729704
v -1.541177 -2.669398 2.239462
v -1.347038 -2.333139 2.694077
v -1.119731 -1.939431 3.082355
v -0.864852 -1.497967 3.394735
v -0.588677 -1.019619 3.623525
v -0.298008 -0.516164 3.763093
v -0.627105 0.000000 -3.758037
v -1.237105 0.000000 -3.603564
v -1.813360 0.000000 -3.350795
v -2.340151 0.000000 -3.006625
v -2.803108 0.000000 -2.580443
v -3.189604 0.000000 -2.083873
v -3.489096 0.000000 -1.530460
v -3.693415 0.000000 -0.935300
v -3.796987 0.000000 -0.314627
v -3.796987 0.000000 0.314627
v -3.693415 0.000000 0.935300
v -3.489096 0.000000 1.530460
v -3.189604 0.000000 2.083873
v -2.803108 0.000000 2.580443
v -2.340151 0.000000 3.006625
v -1.813360 0.000000 3.350795
v -1.237105 0.000000 3.603564
v -0.627105 0.000000 3.758037
v 0.625072 0.050461 -3.758037
v 1.233093 0.099546 -3.603564
v 1.807479 0.145915 -3.350795
v 2.332562 0.188304 -3.006625
v 2.794019 0.225556 -2.580443
v 3.179261 0.256657 -2.083873
v 3.477782 0.280756 -1.530460
v 3.681439 0.297196 -0.935300
v 3.784675 0.305531 -0.314627
v 3.784675 0.305531 0.314627
v 3.681439 0.297196 0.935300
v 3.477782 0.280756 1.530460
v 3.179261 0.256657 2.083873
v 2.794019 0.225556 2.580443
v 2.332562 0.188304 3.006625
v 1.807479 0.145915 3.350795
v 1.233093 0.099546 3.603564
v 0.625072 0.050461 3.758037
v -0.356236 -0.516098 3.758037
v -0.702756 -1.018117 3.603564
v -1.030106 -1.492366 3.350795
v -1.329357 -1.925906 3.006625
v -1.592347 -2.306913 2.580443
v -1.811902 -2.624993 2.083873
v -1.982033 -2.871470 1.530460
v -2.098099 -3.039621 0.935300
v -2.156934 -3.124859 0.314627
v -2.156934 -3.124859 -0.314627
v -2.098099 -3.039621 -0.935300
v -1.982033 -2.871470 -1.530460
v -1.811902 -2.624993 -2.083873
v -1.592347 -2.306913 -2.580443
v -1.329357 -1.925906 -3.006625
v -1.030106 -1.492366 -3.350795
v -0.702756 -1.018117 -3.603564
v -0.356236 -0.516098 -3.758037
v -0.618985 -0.100595 -3.758037
v -1.221085 -0.198446 -3.603564
v -1.789877 -0.290883 -3.350795
v -2.309846 -0.375387 -3.006625
v -2.766809 -0.449650 -2.580443
v -3.148300 -0.511649 -2.083873
v -3.443914 -0.559690 -1.530460
v -3.645586 -0.592465 -0.935300
v -3.747817 -0.609080 -0.314627
v -3.747817 -0.609080 0.314627
v -3.645586 -0.592465 0.935300
v -3.443914 -0.559690 1.530460
v -3.148300 -0.511649 2.083873
v -2.766809 -0.449650 2.580443
v -2.309846 -0.375387 3.006625
v -1.789877 -0.290883 3.350795
v -1.221085 -0.198446 3.603564
v -0.618985 -0.100595 3.758037
v -0.075589 0.622533 -3.758037
v -0.149117 1.228085 -3.603564
v -0.218576 1.800138 -3.350795
v -0.282074 2.323088 -3.006625
v -0.337877 2.782670 -2.580443
v -0.384464 3.166349 -2.083873
v -0.420564 3.463657 -1.530460
v -0.445192 3.666486 -0.935300
v -0.457676 3.769303 -0.314627
v -0.457676 3.769303 0.314627
v -0.445192 3.666486 0.935300
v -0.420564 3.463657 1.530460
v -0.384464 3.166349 2.083873
v -0.337877 2.782670 2.580443
v -0.282074 2.323088 3.006625
v -0.218576 1.800138 3.350795
v -0.149117 1.228085 3.603564
v -0.075589 0.622533 3.758037
v 0.025251 0.626597 3.758037
v 0.049813 1.236102 3.603564
v 0.073017 1.811889 3.350795
v 0.094228 2.338253 3.006625
v 0.112870 2.800835 2.580443
v 0.128432 3.187018 2.083873
v 0.140492 3.486267 1.530460
v 0.148719 3.690420 0.935300
v 0.152889 3.793908 0.314627
v 0.152889 3.793908 -0.314627
v 0.148719 3.690420 -0.935300
v 0.140492 3.486267 -1.530460
v 0.128432 3.187018 -2.083873
v 0.112870 2.800835 -2.580443
v 0.094228 2.338253 -3.006625
v 0.073017 1.811889 -3.350795
v 0.049813 1.236102 -3.603564
v 0.025251 0.626597 -3.758037
v -0.618985 0.100595 3.758037
v -1.221085 0.198446 3.603564
v -1.789877 0.290883 3.350795
v -2.309846 0.375387 3.006625
v -2.766809 0.449650 2.580443
v -3.148300 0.511649 2.083873
v -3.443914 0.559690 1.530460
v -3.645586 0.592465 0.935300
v -3.747817 0.609080 0.314627
v -3.747817 0.609080 -0.314627
v -3.645586 0.592465 -0.935300
v -3.443914 0.559690 -1.530460
v -3.148300 0.511649 -2.083873
v -2.766809 0.449650 -2.580443
v -2.309846 0.375387 -3.006625
v -1.789877 0.290883 -3.350795
v -1.221085 0.198446 -3.603564
v -0.618985 0.100595 -3.758037
v 0.608883 0.150076 -3.758037
v 1.201157 0.296059 -3.603564
v 1.760667 0.433965 -3.350795
v 2.272150 0.560035 -3.006625
v 2.721655 0.670828 -2.580443
v 3.096920 0.763322 -2.083873
v 3.387710 0.834995 -1.530460
v 3.586091 0.883892 -0.935300
v 3.686653 0.908678 -0.314627
v 3.686653 0.908678 0.314627
v 3.586091 0.883892 0.935300
v 3.387710 0.834995 1.530460
v 3.096920 0.763322 2.083873
v 2.721655 0.670828 2.580443
v 2.272150 0.560035 3.006625
v 1.760667 0.433965 3.350795
v 1.201157 0.296059 3.603564
v 0.608883 0.150076 3.758037
v 0.576924 0.245804 -3.758037
v 1.138111 0.484904 -3.603564
v 1.668254 0.710776 -3.350795
v 2.152890 0.917261 -3.006625
v 2.578802 1.098725 -2.580443
v 2.934370 1.250218 -2.083873
v 3.209897 1.367609 -1.530460
v 3.397866 1.447695 -0.935300
v 3.493150 1.488292 -0.314627
v 3.493150 1.488292 0.314627
v 3.397866 1.447695 0.935300
v 3.209897 1.367609 1.530460
v 2.934370 1.250218 2.083873
v 2.578802 1.098725 2.580443
v 2.152890 0.917261 3.006625
v 1.668254 0.710776 3.350795
v 1.138111 0.484904 3.603564
v 0.576924 0.245804 3.758037
v 0.530023 0.335166 -3.758037
v 1.045589 0.661190 -3.603564
v 1.532634 0.969179 -3.350795
v 1.977872 1.250730 -3.006625
v 2.369159 1.498166 -2.580443
v 2.695822 1.704735 -2.083873
v 2.948950 1.864803 -1.530460
v 3.121638 1.974004 -0.935300
v 3.209176 2.029360 -0.314627
v 3.209176 2.029360 0.314627
v 3.121638 1.974004 0.935300
v 2.948950 1.864803 1.530460
v 2.695822 1.704735 2.083873
v 2.369159 1.498166 2.580443
v 1.977872 1.250730 3.006625
v 1.532634 0.969179 3.350795
v 1.045589 0.661190 3.603564
v 0.530023 0.335166 3.758037
v 0.469395 0.415848 -3.758037
v 0.925986 0.820352 -3.603564
v 1.357319 1.202480 -3.350795
v 1.751628 1.551807 -3.006625
v 2.098157 1.858805 -2.580443
v 2.387453 2.115099 -2.083873
v 2.611626 2.313699 -1.530460
v 2.764561 2.449187 -0.935300
v 2.842086 2.517868 -0.314627
v 2.842086 2.517868 0.314627
v 2.764561 2.449187 0.935300
v 2.611626 2.313699 1.530460
v 2.387453 2.115099 2.083873
v 2.098157 1.858805 2.580443
v 1.751628 1.551807 3.006625
v 1.357319 1.202480 3.350795
v 0.925986 0.820352 3.603564
v 0.469395 0.415848 3.758037
v 0.396610 0.485759 -3.758037
v 0.782401 0.958268 -3.603564
v 1.146851 1.404637 -3.350795
v 1.480017 1.812692 -3.006625
v 1.772813 2.171302 -2.580443
v 2.017251 2.470683 -2.083873
v 2.206663 2.702671 -1.530460
v 2.335883 2.860938 -0.935300
v 2.401387 2.941165 -0.314627
v 2.401387 2.941165 0.314627
v 2.335883 2.860938 0.935300
v 2.206663 2.702671 1.530460
v 2.017251 2.470683 2.083873
v 1.772813 2.171302 2.580443
v 1.480017 1.812692 3.006625
v 1.146851 1.404637 3.350795
v 0.782401 0.958268 3.603564
v 0.396610 0.485759 3.758037
v 0.313553 0.543089 -3.758037
v 0.618553 1.071364 -3.603564
v 0.906680 1.570416 -3.350795
v 1.170075 2.026630 -3.006625
v 1.401554 2.427563 -2.580443
v 1.594802 2.762278 -2.083873
v 1.744548 3.021646 -1.530460
v 1.846708 3.198591 -0.935300
v 1.898494 3.288287 -0.314627
v 1.898494 3.288287 0.314627
v 1.846708 3.198591 0.935300
v 1.744548 3.021646 1.530460
v 1.594802 2.762278 2.083873
v 1.401554 2.427563 2.580443
v 1.170075 2.026630 3.006625
v 0.906680 1.570416 3.350795
v 0.618553 1.071364 3.603564
v 0.313553 0.543089 3.758037
v 0.222375 0.586354 -3.758037
v 0.438683 1.156713 -3.603564
v 0.643026 1.695521 -3.350795
v 0.829829 2.188079 -3.006625
v 0.993996 2.620952 -2.580443
v 1.131049 2.982332 -2.083873
v 1.237251 3.262362 -1.530460
v 1.309703 3.453403 -0.935300
v 1.346430 3.550245 -0.314627
v 1.346430 3.550245 0.314627
v 1.309703 3.453403 0.935300
v 1.237251 3.262362 1.530460
v 1.131049 2.982332 2.083873
v 0.993996 2.620952 2.580443
v 0.829829 2.188079 3.006625
v 0.643026 1.695521 3.350795
v 0.438683 1.156713 3.603564
v 0.222375 0.586354 3.758037
v 0.125437 0.614432 -3.758037
v 0.247453 1.212104 -3.603564
v 0.362719 1.776713 -3.350795
v 0.468090 2.292858 -3.006625
v 0.560694 2.746459 -2.580443
v 0.638003 3.125145 -2.083873
v 0.697909 3.418584 -1.530460
v 0.738778 3.618774 -0.935300
v 0.759495 3.720252 -0.314627
v 0.759495 3.720252 0.314627
v 0.738778 3.618774 0.935300
v 0.697909 3.418584 1.530460
v 0.638003 3.125145 2.083873
v 0.560694 2.746459 2.580443
v 0.468090 2.292858 3.006625
v 0.362719 1.776713 3.350795
v 0.247453 1.212104 3.603564
v 0.125437 0.614432 3.758037
v -0.174472 0.602346 -3.758037
v -0.344184 1.188262 -3.603564
v -0.504508 1.741765 -3.350795
v -0.651071 2.247757 -3.006625
v -0.779874 2.692436 -2.580443
v -0.887404 3.063673 -2.083873
v -0.970728 3.351340 -1.530460
v -1.027573 3.547592 -0.935300
v -1.056388 3.647075 -0.314627
v -1.056388 3.647075 0.314627
v -1.027573 3.547592 0.935300
v -0.970728 3.351340 1.530460
v -0.887404 3.063673 2.083873
v -0.779874 2.692436 2.580443
v -0.651071 2.247757 3.006625
v -0.504508 1.741765 3.350795
v -0.344184 1.188262 3.603564
v -0.174472 0.602346 3.758037
v -0.268835 0.566559 -3.758037
v -0.530338 1.117663 -3.603564
v -0.777374 1.638281 -3.350795
v -1.003205 2.114210 -3.006625
v -1.201672 2.532469 -2.580443
v -1.367360 2.881649 -2.083873
v -1.495750 3.152226 -1.530460
v -1.583340 3.336818 -0.935300
v -1.627740 3.430390 -0.314627
v -1.627740 3.430390 0.314627
v -1.583340 3.336818 0.935300
v -1.495750 3.152226 1.530460
v -1.367360 2.881649 2.083873
v -1.201672 2.532469 2.580443
v -1.003205 2.114210 3.006625
v -0.777374 1.638281 3.350795
v -0.530338 1.117663 3.603564
v -0.268835 0.566559 3.758037
v -0.356236 0.516098 -3.758037
v -0.702756 1.018117 -3.603564
v -1.030106 1.492366 -3.350795
v -1.329357 1.925906 -3.006625
v -1.592347 2.306913 -2.580443
v -1.811902 2.624993 -2.083873
v -1.982033 2.871470 -1.530460
v -2.098099 3.039621 -0.935300
v -2.156934 3.124859 -0.314627
v -2.156934 3.124859 0.314627
v -2.098099 3.039621 0.935300
v -1.982033 2.871470 1.530460
v -1.811902 2.624993 2.083873
v -1.592347 2.306913 2.580443
v -1.329357 1.925906 3.006625
v -1.030106 1.492366 3.350795
v -0.702756 1.018117 3.603564
v -0.356236 0.516098 3.758037
v -0.434411 0.452270 -3.758037
v -0.856973 0.892203 -3.603564
v -1.256158 1.307799 -3.350795
v -1.621079 1.687722 -3.006625
v -1.941781 2.021608 -2.580443
v -2.209517 2.300350 -2.083873
v -2.416982 2.516345 -1.530460
v -2.558519 2.663700 -0.935300
v -2.630265 2.738396 -0.314627
v -2.630265 2.738396 0.314627
v -2.558519 2.663700 0.935300
v -2.416982 2.516345 1.530460
v -2.209517 2.300350 2.083873
v -1.941781 2.021608 2.580443
v -1.621079 1.687722 3.006625
v -1.256158 1.307799 3.350795
v -0.856973 0.892203 3.603564
v -0.434411 0.452270 3.758037
v -0.501335 0.376729 -3.758037
v -0.988995 0.743181 -3.603564
v -1.449677 1.089362 -3.350795
v -1.870816 1.405827 -3.006625
v -2.240925 1.683946 -2.580443
v -2.549906 1.916130 -2.083873
v -2.789333 2.096048 -1.530460
v -2.952674 2.218791 -0.935300
v -3.035474 2.281011 -0.314627
v -3.035474 2.281011 0.314627
v -2.952674 2.218791 0.935300
v -2.789333 2.096048 1.530460
v -2.549906 1.916130 2.083873
v -2.240925 1.683946 2.580443
v -1.870816 1.405827 3.006625
v -1.449677 1.089362 3.350795
v -0.988995 0.743181 3.603564
v -0.501335 0.376729 3.758037
v -0.555274 0.291430 -3.758037
v -1.095402 0.574911 -3.603564
v -1.605650 0.842710 -3.350795
v -2.072100 1.087522 -3.006625
v -2.482029 1.302669 -2.580443
v -2.824254 1.482283 -2.083873
v -3.089442 1.621464 -1.530460
v -3.270357 1.716416 -0.935300
v -3.362065 1.764548 -0.314627
v -3.362065 1.764548 0.314627
v -3.270357 1.716416 0.935300
v -3.089442 1.621464 1.530460
v -2.824254 1.482283 2.083873
v -2.482029 1.302669 2.580443
v -2.072100 1.087522 3.006625
v -1.605650 0.842710 3.350795
v -1.095402 0.574911 3.603564
v -0.555274 0.291430 3.758037
v -0.594832 0.198584 -3.758037
v -1.173439 0.391752 -3.603564
v -1.720038 0.574233 -3.350795
v -2.219718 0.741051 -3.006625
v -2.658850 0.887655 -2.580443
v -3.025456 1.010046 -2.083873
v -3.309535 1.104885 -1.530460
v -3.503339 1.169586 -0.935300
v -3.601581 1.202384 -0.314627
v -3.601581 1.202384 0.314627
v -3.503339 1.169586 0.935300
v -3.309535 1.104885 1.530460
v -3.025456 1.010046 2.083873
v -2.658850 0.887655 2.580443
v -2.219718 0.741051 3.006625
v -1.720038 0.574233 3.350795
v -1.173439 0.391752 3.603564
v -0.594832 0.198584 3.758037
v -0.434411 -0.452270 3.758037
v -0.856973 -0.892203 3.603564
v -1.256158 -1.307799 3.350795
v -1.621079 -1.687722 3.006625
v -1.941781 -2.021608 2.580443
v -2.209517 -2.300350 2.083873
v -2.416982 -2.516345 1.530460
v -2.558519 -2.663700 0.935300
v -2.630265 -2.738396 0.314627
v -2.630265 -2.738396 -0.314627
v -2.558519 -2.663700 -0.935300
v -2.416982 -2.516345 -1.530460
v -2.209517 -2.300350 -2.083873
v -1.941781 -2.021608 -2.580443
v -1.621079 -1.687722 -3.006625
v -1.256158 -1.307799 -3.350795
v -0.856973 -0.892203 -3.603564
v -0.434411 -0.452270 -3.758037
v -0.501335 -0.376729 3.758037
v -0.988995 -0.743181 3.603564
v -1.449677 -1.089362 3.350795
v -1.870816 -1.405827 3.006625
v -2.240925 -1.683946 2.580443
v -2.549906 -1.916130 2.083873
v -2.789333 -2.096048 1.530460
v -2.952674 -2.218791 0.935300
v -3.035474 -2.281011 0.314627
v -3.035474 -2.281011 -0.314627
v -2.952674 -2.218791 -0.935300
v -2.789333 -2.096048 -1.530460
v -2.549906 -1.916130 -2.083873
v -2.240925 -1.683946 -2.580443
v -1.870816 -1.405827 -3.006625
v -1.449677 -1.089362 -3.350795
v -0.988995 -0.743181 -3.603564
v -0.501335 -0.376729 -3.758037
v -0.555274 -0.291430 3.758037
v -1.095402 -0.574911 3.603564
v -1.605650 -0.842710 3.350795
v -2.072100 -1.087522 3.006625
v -2.482029 -1.302669 2.580443
v -2.824254 -1.482283 2.083873
v -3.089442 -1.621464 1.530460
v -3.270357 -1.716416 0.935300
v -3.362065 -1.764548 0.314627
v -3.362065 -1.764548 -0.314627
v -3.270357 -1.716416 -0.935300
v -3.089442 -1.621464 -1.530460
v -2.824254 -1.482283 -2.083873
v -2.482029 -1.302669 -2.580443
v -2.072100 -1.087522 -3.006625
v -1.605650 -0.842710 -3.350795
v -1.095402 -0.574911 -3.603564
v -0.555274 -0.291430 -3.758037
v -0.594832 -0.198584 3.758037
v -1.173439 -0.391752 3.603564
v -1.720038 -0.574233 3.350795
v -2.219718 -0.741051 3.006625
v -2.658850 -0.887655 2.580443
v -3.025456 -1.010046 2.083873
v -3.309535 -1.104885 1.530460
v -3.503339 -1.169586 0.935300
v -3.601581 -1.202384 0.314627
v -3.601581 -1.202384 -0.314627
v -3.503339 -1.169586 -0.935300
v -3.309535 -1.104885 -1.530460
v -3.025456 -1.010046 -2.083873
v -2.658850 -0.887655 -2.580443
v -2.219718 -0.741051 -3.006625
v -1.720038 -0.574233 -3.350795
v -1.173439 -0.391752 -3.603564
v -0.594832 -0.198584 -3.758037
vt -2.992367 0.221657 0.000000
vt -2.564886 0.000000 0.000000
vt -2.564886 0.221657 0.000000
vt -2.137405 0.000000 0.000000
vt -2.137405 0.221657 0.000000
vt -1.709924 0.000000 0.000000
vt -1.709924 0.221657 0.000000
vt -1.282443 0.000000 0.000000
vt -1.282443 0.221657 0.000000
vt -0.854962 0.000000 0.000000
vt -0.854962 0.221657 0.000000
vt -0.427481 0.000000 0.000000
vt -0.427481 0.221657 0.000000
vt 0.000000 0.000000 0.000000
vt 0.000000 0.221657 0.000000
vt 0.427481 0.000000 0.000000
vt 0.427481 0.221657 0.000000
vt 0.854962 0.000000 0.000000
vt 0.854962 0.221657 0.000000
vt 1.282443 0.000000 0.000000
vt 1.282443 0.221657 0.000000
vt 1.709924 0.000000 0.000000
vt 1.709924 0.221657 0.000000
vt 2.137405 0.000000 0.000000
vt 2.137405 0.221657 0.000000
vt 2.564886 0.000000 0.000000
vt 2.564886 0.221657 0.000000
vt 2.992367 0.000000 0.000000
vt 2.992367 -4.211480 0.000000
vt 2.564886 -3.989823 0.000000
vt 2.564886 -4.211480 0.000000
vt 2.137405 -3.989823 0.000000
vt 2.137405 -4.211480 0.000000
vt 1.709924 -3.989823 0.000000
vt 1.709924 -4.211480 0.000000
vt 1.282443 -3.989823 0.000000
vt 1.282443 -4.211480 0.000000
vt 0.854962 -3.989823 0.000000
vt 0.854962 -4.211480 0.000000
vt 0.427481 -3.989823 0.000000
vt 0.427481 -4.211480 0.000000
vt 0.000000 -3.989823 0.000000
vt 0.000000 -4.211480 0.000000
vt -0.427481 -3.989823 0.000000
vt -0.427481 -4.211480 0.000000
vt -0.854962 -3.989823 0.000000
vt -0.854962 -4.211480 0.000000
vt -1.282443 -3.989823 0.000000
vt -1.282443 -4.211480 0.000000
vt -1.709924 -3.989823 0.000000
vt -1.709924 -4.211480 0.000000
vt -2.137405 -3.989823 0.000000
vt -2.137405 -4.211480 0.000000
vt -2.564886 -3.989823 0.000000
vt -2.564886 -4.211480 0.000000
vt -2.992367 -3.989823 0.000000
vt 2.992367 0.221657 0.000000
vt 2.564886 0.664970 0.000000
vt 2.992367 0.664970 0.000000
vt 2.564886 1.108284 0.000000
vt 2.992367 1.108284 0.000000
vt 2.564886 1.551598 0.000000
vt 2.992367 1.551598 0.000000
vt 2.564886 1.994911 0.000000
vt 2.992367 1.994911 0.000000
vt 2.564886 2.438225 0.000000
vt 2.992367 2.438225 0.000000
vt 2.564886 2.881539 0.000000
vt 2.564886 3.324852 0.000000
vt 2.992367 3.324852 0.000000
vt 2.564886 3.768166 0.000000
vt 2.992367 3.768166 0.000000
vt 2.564886 4.211480 0.000000
vt 2.992367 4.211480 0.000000
vt 2.564886 4.654793 0.000000
vt 2.992367 4.654793 0.000000
vt 2.564886 5.098107 0.000000
vt 2.992367 5.098107 0.000000
vt 2.564886 5.541421 0.000000
vt 2.992367 5.541421 0.000000
vt 2.564886 5.984734 0.000000
vt -2.564886 5.541421 0.000000
vt -2.992367 5.541421 0.000000
vt -2.564886 5.098107 0.000000
vt -2.992367 5.098107 0.000000
vt -2.564886 4.654793 0.000000
vt -2.992367 4.654793 0.000000
vt -2.564886 4.211480 0.000000
vt -2.992367 4.211480 0.000000
vt -2.564886 3.768166 0.000000
vt -2.992367 3.768166 0.000000
vt -2.564886 3.324852 0.000000
vt -2.992367 3.324852 0.000000
vt -2.564886 2.881539 0.000000
vt -2.564886 2.438225 0.000000
vt -2.992367 2.438225 0.000000
vt -2.564886 1.994911 0.000000
vt -2.992367 1.994911 0.000000
vt -2.564886 1.551598 0.000000
vt -2.992367 1.551598 0.000000
vt -2.564886 1.108284 0.000000
vt -2.992367 1.108284 0.000000
vt -2.564886 0.664970 0.000000
vt -2.992367 0.664970 0.000000
vt -2.992367 -4.211480 0.000000
vt -2.564886 -4.654793 0.000000
vt -2.992367 -4.654793 0.000000
vt -2.564886 -5.098107 0.000000
vt -2.992367 -5.098107 0.000000
vt -2.564886 -5.541421 0.000000
vt -2.992367 -5.541421 0.000000
vt -2.564886 -5.984734 0.000000
vt 2.564886 -5.541421 0.000000
vt 2.992367 -5.541421 0.000000
vt 2.564886 -5.098107 0.000000
vt 2.992367 -5.098107 0.000000
vt 2.564886 -4.654793 0.000000
vt 2.992367 -4.654793 0.000000
vt 2.137405 5.984734 0.000000
vt 2.137405 5.541421 0.000000
vt 2.137405 5.098107 0.000000
vt 2.137405 4.654793 0.000000
vt 2.137405 4.211480 0.000000
vt 2.137405 3.768166 0.000000
vt 2.137405 3.324852 0.000000
vt 2.137405 2.881539 0.000000
vt 2.137405 2.438225 0.000000
vt 2.137405 1.994911 0.000000
vt 2.137405 1.551598 0.000000
vt 2.137405 1.108284 0.000000
vt 2.137405 0.664970 0.000000
vt 2.992367 -5.984734 0.000000
vt 2.564886 -5.984734 0.000000
vt 2.137405 -5.541421 0.000000
vt 2.137405 -5.984734 0.000000
vt 1.709924 -5.541421 0.000000
vt 1.709924 -5.984734 0.000000
vt 1.282443 -5.541421 0.000000
vt 1.282443 -5.984734 0.000000
vt 0.854962 -5.541421 0.000000
vt 0.854962 -5.984734 0.000000
vt 0.427481 -5.541421 0.000000
vt 0.427481 -5.984734 0.000000
vt 0.000000 -5.541421 0.000000
vt 0.000000 -5.984734 0.000000
vt -0.427481 -5.541421 0.000000
vt -0.427481 -5.984734 0.000000
vt -0.854962 -5.541421 0.000000
vt -0.854962 -5.984734 0.000000
vt -1.282443 -5.541421 0.000000
vt -1.282443 -5.984734 0.000000
vt -1.709924 -5.541421 0.000000
vt -1.709924 -5.984734 0.000000
vt -2.137405 -5.541421 0.000000
vt -2.137405 -5.984734 0.000000
vt 1.709924 5.984734 0.000000
vt 1.709924 5.541421 0.000000
vt 1.709924 5.098107 0.000000
vt 1.709924 4.654793 0.000000
vt 1.709924 4.211480 0.000000
vt 1.709924 3.768166 0.000000
vt 1.709924 3.324852 0.000000
vt 1.709924 2.881539 0.000000
vt 1.709924 2.438225 0.000000
vt 1.709924 1.994911 0.000000
vt 1.709924 1.551598 0.000000
vt 1.709924 1.108284 0.000000
vt 1.709924 0.664970 0.000000
vt 1.282443 5.984734 0.000000
vt 1.282443 5.541421 0.000000
vt 1.282443 5.098107 0.000000
vt 1.282443 4.654793 0.000000
vt 1.282443 4.211480 0.000000
vt 1.282443 3.768166 0.000000
vt 1.282443 3.324852 0.000000
vt 1.282443 2.881539 0.000000
vt 1.282443 2.438225 0.000000
vt 1.282443 1.994911 0.000000
vt 1.282443 1.551598 0.000000
vt 1.282443 1.108284 0.000000
vt 1.282443 0.664970 0.000000
vt 0.854962 5.984734 0.000000
vt 0.854962 5.541421 0.000000
vt 0.854962 5.098107 0.000000
vt 0.854962 4.654793 0.000000
vt 0.854962 4.211480 0.000000
vt 0.854962 3.768166 0.000000
vt 0.854962 3.324852 0.000000
vt 0.854962 2.881539 0.000000
vt 0.854962 2.438225 0.000000
vt 0.854962 1.994911 0.000000
vt 0.854962 1.551598 0.000000
vt 0.854962 1.108284 0.000000
vt 0.854962 0.664970 0.000000
vt 0.427481 5.984734 0.000000
vt 0.427481 5.541421 0.000000
vt 0.427481 5.098107 0.000000
vt 0.427481 4.654793 0.000000
vt 0.427481 4.211480 0.000000
vt 0.427481 3.768166 0.000000
vt 0.427481 3.324852 0.000000
vt 0.427481 2.881539 0.000000
vt 0.427481 2.438225 0.000000
vt 0.427481 1.994911 0.000000
vt 0.427481 1.551598 0.000000
vt 0.427481 1.108284 0.000000
vt 0.427481 0.664970 0.000000
vt 0.000000 5.984734 0.000000
vt 0.000000 5.541421 0.000000
vt 0.000000 5.098107 0.000000
vt 0.000000 4.654793 0.000000
vt 0.000000 4.211480 0.000000
vt 0.000000 3.768166 0.000000
vt 0.000000 3.324852 0.000000
vt 0.000000 2.881539 0.000000
vt 0.000000 2.438225 0.000000
vt 0.000000 1.994911 0.000000
vt 0.000000 1.551598 0.000000
vt 0.000000 1.108284 0.000000
vt 0.000000 0.664970 0.000000
vt -0.427481 5.984734 0.000000
vt -0.427481 5.541421 0.000000
vt -0.427481 5.098107 0.000000
vt -0.427481 4.654793 0.000000
vt -0.427481 4.211480 0.000000
vt -0.427481 3.768166 0.000000
vt -0.427481 3.324852 0.000000
vt -0.427481 2.881539 0.000000
vt -0.427481 2.438225 0.000000
vt -0.427481 1.994911 0.000000
vt -0.427481 1.551598 0.000000
vt -0.427481 1.108284 0.000000
vt -0.427481 0.664970 0.000000
vt -0.854962 5.984734 0.000000
vt -0.854962 5.541421 0.000000
vt -0.854962 5.098107 0.000000
vt -0.854962 4.654793 0.000000
vt -0.854962 4.211480 0.000000
vt -0.854962 3.768166 0.000000
vt -0.854962 3.324852 0.000000
vt -0.854962 2.881539 0.000000
vt -0.854962 2.438225 0.000000
vt -0.854962 1.994911 0.000000
vt -0.854962 1.551598 0.000000
vt -0.854962 1.108284 0.000000
vt -0.854962 0.664970 0.000000
vt -1.282443 5.984734 0.000000
vt -1.282443 5.541421 0.000000
vt -1.282443 5.098107 0.000000
vt -1.282443 4.654793 0.000000
vt -1.282443 4.211480 0.000000
vt -1.282443 3.768166 0.000000
vt -1.282443 3.324852 0.000000
vt -1.282443 2.881539 0.000000
vt -1.282443 2.438225 0.000000
vt -1.282443 1.994911 0.000000
vt -1.282443 1.551598 0.000000
vt -1.282443 1.108284 0.000000
vt -1.282443 0.664970 0.000000
vt -1.709924 5.984734 0.000000
vt -1.709924 5.541421 0.000000
vt -1.709924 5.098107 0.000000
vt -1.709924 4.654793 0.000000
vt -1.709924 4.211480 0.000000
vt -1.709924 3.768166 0.000000
vt -1.709924 3.324852 0.000000
vt -1.709924 2.881539 0.000000
vt -1.709924 2.438225 0.000000
vt -1.709924 1.994911 0.000000
vt -1.709924 1.551598 0.000000
vt -1.709924 1.108284 0.000000
vt -1.709924 0.664970 0.000000
vt -2.137405 5.984734 0.000000
vt -2.137405 5.541421 0.000000
vt -2.137405 5.098107 0.000000
vt -2.137405 4.654793 0.000000
vt -2.137405 4.211480 0.000000
vt -2.137405 3.768166 0.000000
vt -2.137405 3.324852 0.000000
vt -2.137405 2.881539 0.000000
vt -2.137405 2.438225 0.000000
vt -2.137405 1.994911 0.000000
vt -2.137405 1.551598 0.000000
vt -2.137405 1.108284 0.000000
vt -2.137405 0.664970 0.000000
vt -2.564886 5.984734 0.000000
vt -2.992367 5.984734 0.000000
vt 2.992367 2.992367 0.000000
vt -2.137405 -4.654793 0.000000
vt -2.137405 -5.098107 0.000000
vt -1.709924 -4.654793 0.000000
vt -1.709924 -5.098107 0.000000
vt -1.282443 -4.654793 0.000000
vt -1.282443 -5.098107 0.000000
vt -0.854962 -4.654793 0.000000
vt -0.854962 -5.098107 0.000000
vt -0.427481 -4.654793 0.000000
vt -0.427481 -5.098107 0.000000
vt 0.000000 -4.654793 0.000000
vt 0.000000 -5.098107 0.000000
vt 0.427481 -4.654793 0.000000
vt 0.427481 -5.098107 0.000000
vt 0.854962 -4.654793 0.000000
vt 0.854962 -5.098107 0.000000
vt 1.282443 -4.654793 0.000000
vt 1.282443 -5.098107 0.000000
vt 1.709924 -4.654793 0.000000
vt 1.709924 -5.098107 0.000000
vt 2.137405 -4.654793 0.000000
vt 2.137405 -5.098107 0.000000
vt -2.992367 2.881539 0.000000
vt -2.992367 0.221657 0.000000
vt -2.564886 0.000000 0.000000
vt -2.564886 0.221657 0.000000
vt -2.137405 0.000000 0.000000
vt -2.137405 0.221657 0.000000
vt -1.709924 0.000000 0.000000
vt -1.709924 0.221657 0.000000
vt -1.282443 0.000000 0.000000
vt -1.282443 0.221657 0.000000
vt -0.854962 0.000000 0.000000
vt -0.854962 0.221657 0.000000
vt -0.427481 0.000000 0.000000
vt -0.427481 0.221657 0.000000
vt 0.000000 0.000000 0.000000
vt 0.000000 0.221657 0.000000
vt 0.427481 0.000000 0.000000
vt 0.427481 0.221657 0.000000
vt 0.854962 0.000000 0.000000
vt 0.854962 0.221657 0.000000
vt 1.282443 0.000000 0.000000
vt 1.282443 0.221657 0.000000
vt 1.709924 0.000000 0.000000
vt 1.709924 0.221657 0.000000
vt 2.137405 0.000000 0.000000
vt 2.137405 0.221657 0.000000
vt 2.564886 0.000000 0.000000
vt 2.564886 0.221657 0.000000
vt 2.992367 0.000000 0.000000
vt 2.992367 -4.211480 0.000000
vt 2.564886 -3.989823 0.000000
vt 2.564886 -4.211480 0.000000
vt 2.137405 -3.989823 0.000000
vt 2.137405 -4.211480 0.000000
vt 1.709924 -3.989823 0.000000
vt 1.709924 -4.211480 0.000000
vt 1.282443 -3.989823 0.000000
vt 1.282443 -4.211480 0.000000
vt 0.854962 -3.989823 0.000000
vt 0.854962 -4.211480 0.000000
vt 0.427481 -3.989823 0.000000
vt 0.427481 -4.211480 0.000000
vt 0.000000 -3.989823 0.000000
vt 0.000000 -4.211480 0.000000
vt -0.427481 -3.989823 0.000000
vt -0.427481 -4.211480 0.000000
vt -0.854962 -3.989823 0.000000
vt -0.854962 -4.211480 0.000000
vt -1.282443 -3.989823 0.000000
vt -1.282443 -4.211480 0.000000
vt -1.709924 -3.989823 0.000000
vt -1.709924 -4.211480 0.000000
vt -2.137405 -3.989823 0.000000
vt -2.137405 -4.211480 0.000000
vt -2.564886 -3.989823 0.000000
vt -2.564886 -4.211480 0.000000
vt -2.992367 -3.989823 0.000000
vt 2.992367 0.221657 0.000000
vt 2.564886 0.664970 0.000000
vt 2.992367 0.664970 0.000000
vt 2.564886 1.108284 0.000000
vt 2.992367 1.108284 0.000000
vt 2.564886 1.551598 0.000000
vt 2.992367 1.551598 0.000000
vt 2.564886 1.994911 0.000000
vt 2.992367 1.994911 0.000000
vt 2.564886 2.438225 0.000000
vt 2.992367 2.438225 0.000000
vt 2.564886 2.881539 0.000000
vt 2.564886 3.324852 0.000000
vt 2.992367 3.324852 0.000000
vt 2.564886 3.768166 0.000000
vt 2.992367 3.768166 0.000000
vt 2.564886 4.211480 0.000000
vt 2.992367 4.211480 0.000000
vt 2.564886 4.654793 0.000000
vt 2.992367 4.654793 0.000000
vt 2.564886 5.098107 0.000000
vt 2.992367 5.098107 0.000000
vt 2.564886 5.541421 0.000000
vt 2.992367 5.541421 0.000000
vt 2.564886 5.984734 0.000000
vt -2.564886 5.541421 0.000000
vt -2.992367 5.541421 0.000000
vt -2.564886 5.098107 0.000000
vt -2.992367 5.098107 0.000000
vt -2.564886 4.654793 0.000000
vt -2.992367 4.654793 0.000000
vt -2.564886 4.211480 0.000000
vt -2.992367 4.211480 0.000000
vt -2.564886 3.768166 0.000000
vt -2.992367 3.768166 0.000000
vt -2.564886 3.324852 0.000000
vt -2.992367 3.324852 0.000000
vt -2.564886 2.881539 0.000000
vt -2.564886 2.438225 0.000000
vt -2.992367 2.438225 0.000000
vt -2.564886 1.994911 0.000000
vt -2.992367 1.994911 0.000000
vt -2.564886 1.551598 0.000000
vt -2.992367 1.551598 0.000000
vt -2.564886 1.108284 0.000000
vt -2.992367 1.108284 0.000000
vt -2.564886 0.664970 0.000000
vt -2.992367 0.664970 0.000000
vt -2.992367 -4.211480 0.000000
vt -2.564886 -4.654793 0.000000
vt -2.992367 -4.654793 0.000000
vt -2.564886 -5.098107 0.000000
vt -2.992367 -5.098107 0.000000
vt -2.564886 -5.541421 0.000000
vt -2.992367 -5.541421 0.000000
vt -2.564886 -5.984734 0.000000
vt 2.564886 -5.541421 0.000000
vt 2.992367 -5.541421 0.000000
vt 2.564886 -5.098107 0.000000
vt 2.992367 -5.098107 0.000000
vt 2.564886 -4.654793 0.000000
vt 2.992367 -4.654793 0.000000
vt 2.137405 5.984734 0.000000
vt 2.137405 5.541421 0.000000
vt 2.137405 5.098107 0.000000
vt 2.137405 4.654793 0.000000
vt 2.137405 4.211480 0.000000
vt 2.137405 3.768166 0.000000
vt 2.137405 3.324852 0.000000
vt 2.137405 2.881539 0.000000
vt 2.137405 2.438225 0.000000
vt 2.137405 1.994911 0.000000
vt 2.137405 1.551598 0.000000
vt 2.137405 1.108284 0.000000
vt 2.137405 0.664970 0.000000
vt 2.992367 -5.984734 0.000000
vt 2.564886 -5.984734 0.000000
vt 2.137405 -5.541421 0.000000
vt 2.137405 -5.984734 0.000000
vt 1.709924 -5.541421 0.000000
vt 1.709924 -5.984734 0.000000
vt 1.282443 -5.541421 0.000000
vt 1.282443 -5.984734 0.000000
vt 0.854962 -5.541421 0.000000
vt 0.854962 -5.984734 0.000000
vt 0.427481 -5.541421 0.000000
vt 0.427481 -5.984734 0.000000
vt 0.000000 -5.541421 0.000000
vt 0.000000 -5.984734 0.000000
vt -0.427481 -5.541421 0.000000
vt -0.427481 -5.984734 0.000000
vt -0.854962 -5.541421 0.000000
vt -0.854962 -5.984734 0.000000
vt -1.282443 -5.541421 0.000000
vt -1.282443 -5.984734 0.000000
vt -1.709924 -5.541421 0.000000
vt -1.709924 -5.984734 0.000000
vt -2.137405 -5.541421 0.000000
vt -2.137405 -5.984734 0.000000
vt 1.709924 5.984734 0.000000
vt 1.709924 5.541421 0.000000
vt 1.709924 5.098107 0.000000
vt 1.709924 4.654793 0.000000
vt 1.709924 4.211480 0.000000
vt 1.709924 3.768166 0.000000
vt 1.709924 3.324852 0.000000
vt 1.709924 2.881539 0.000000
vt 1.709924 2.438225 0.000000
vt 1.709924 1.994911 0.000000
vt 1.709924 1.551598 0.000000
vt 1.709924 1.108284 0.000000
vt 1.709924 0.664970 0.000000
vt 1.282443 5.984734 0.000000
vt 1.282443 5.541421 0.000000
vt 1.282443 5.098107 0.000000
vt 1.282443 4.654793 0.000000
vt 1.282443 4.211480 0.000000
vt 1.282443 3.768166 0.000000
vt 1.282443 3.324852 0.000000
vt 1.282443 2.881539 0.000000
vt 1.282443 2.438225 0.000000
vt 1.282443 1.994911 0.000000
vt 1.282443 1.551598 0.000000
vt 1.282443 1.108284 0.000000
vt 1.282443 0.664970 0.000000
vt 0.854962 5.984734 0.000000
vt 0.854962 5.541421 0.000000
vt 0.854962 5.098107 0.000000
vt 0.854962 4.654793 0.000000
vt 0.854962 4.211480 0.000000
vt 0.854962 3.768166 0.000000
vt 0.854962 3.324852 0.000000
vt 0.854962 2.881539 0.000000
vt 0.854962 2.438225 0.000000
vt 0.854962 1.994911 0.000000
vt 0.854962 1.551598 0.000000
vt 0.854962 1.108284 0.000000
vt 0.854962 0.664970 0.000000
vt 0.427481 5.984734 0.000000
vt 0.427481 5.541421 0.000000
vt 0.427481 5.098107 0.000000
vt 0.427481 4.654793 0.000000
vt 0.427481 4.211480 0.000000
vt 0.427481 3.768166 0.000000
vt 0.427481 3.324852 0.000000
vt 0.427481 2.881539 0.000000
vt 0.427481 2.438225 0.000000
vt 0.427481 1.994911 0.000000
vt 0.427481 1.551598 0.000000
vt 0.427481 1.108284 0.000000
vt 0.427481 0.664970 0.000000
vt 0.000000 5.984734 0.000000
vt 0.000000 5.541421 0.000000
vt 0.000000 5.098107 0.000000
vt 0.000000 4.654793 0.000000
vt 0.000000 4.211480 0.000000
vt 0.000000 3.768166 0.000000
vt 0.000000 3.324852 0.000000
vt 0.000000 2.881539 0.000000
vt 0.000000 2.438225 0.000000
vt 0.000000 1.994911 0.000000
vt 0.000000 1.551598 0.000000
vt 0.000000 1.108284 0.000000
vt 0.000000 0.664970 0.000000
vt -0.427481 5.984734 0.000000
vt -0.427481 5.541421 0.000000
vt -0.427481 5.098107 0.000000
vt -0.427481 4.654793 0.000000
vt -0.427481 4.211480 0.000000
vt -0.427481 3.768166 0.000000
vt -0.427481 3.324852 0.000000
vt -0.427481 2.881539 0.000000
vt -0.427481 2.438225 0.000000
vt -0.427481 1.994911 0.000000
vt -0.427481 1.551598 0.000000
vt -0.427481 1.108284 0.000000
vt -0.427481 0.664970 0.000000
vt -0.854962 5.984734 0.000000
vt -0.854962 5.541421 0.000000
vt -0.854962 5.098107 0.000000
vt -0.854962 4.654793 0.000000
vt -0.854962 4.211480 0.000000
vt -0.854962 3.768166 0.000000
vt -0.854962 3.324852 0.000000
vt -0.854962 2.881539 0.000000
vt -0.854962 2.438225 0.000000
vt -0.854962 1.994911 0.000000
vt -0.854962 1.551598 0.000000
vt -0.854962 1.108284 0.000000
vt -0.854962 0.664970 0.000000
vt -1.282443 5.984734 0.000000
vt -1.282443 5.541421 0.000000
vt -1.282443 5.098107 0.000000
vt -1.282443 4.654793 0.000000
vt -1.282443 4.211480 0.000000
vt -1.282443 3.768166 0.000000
vt -1.282443 3.324852 0.000000
vt -1.282443 2.881539 0.000000
vt -1.282443 2.438225 0.000000
vt -1.282443 1.994911 0.000000
vt -1.282443 1.551598 0.000000
vt -1.282443 1.108284 0.000000
vt -1.282443 0.664970 0.000000
vt -1.709924 5.984734 0.000000
vt -1.709924 5.541421 0.000000
vt -1.709924 5.098107 0.000000
vt -1.709924 4.654793 0.000000
vt -1.709924 4.211480 0.000000
vt -1.709924 3.768166 0.000000
vt -1.709924 3.324852 0.000000
vt -1.709924 2.881539 0.000000
vt -1.709924 2.438225 0.000000
vt -1.709924 1.994911 0.000000
vt -1.709924 1.551598 0.000000
vt -1.709924 1.108284 0.000000
vt -1.709924 0.664970 0.000000
vt -2.137405 5.984734 0.000000
vt -2.137405 5.541421 0.000000
vt -2.137405 5.098107 0.000000
vt -2.137405 4.654793 0.000000
vt -2.137405 4.211480 0.000000
vt -2.137405 3.768166 0.000000
vt -2.137405 3.324852 0.000000
vt -2.137405 2.881539 0.000000
vt -2.137405 2.438225 0.000000
vt -2.137405 1.994911 0.000000
vt -2.137405 1.551598 0.000000
vt -2.137405 1.108284 0.000000
vt -2.137405 0.664970 0.000000
vt -2.564886 5.984734 0.000000
vt -2.992367 5.984734 0.000000
vt 2.992367 2.992367 0.000000
vt -2.137405 -4.654793 0.000000
vt -2.137405 -5.098107 0.000000
vt -1.709924 -4.654793 0.000000
vt -1.709924 -5.098107 0.000000
vt -1.282443 -4.654793 0.000000
vt -1.282443 -5.098107 0.000000
vt -0.854962 -4.654793 0.000000
vt -0.854962 -5.098107 0.000000
vt -0.427481 -4.654793 0.000000
vt -0.427481 -5.098107 0.000000
vt 0.000000 -4.654793 0.000000
vt 0.000000 -5.098107 0.000000
vt 0.427481 -4.654793 0.000000
vt 0.427481 -5.098107 0.000000
vt 0.854962 -4.654793 0.000000
vt 0.854962 -5.098107 0.000000
vt 1.282443 -4.654793 0.000000
vt 1.282443 -5.098107 0.000000
vt 1.709924 -4.654793 0.000000
vt 1.709924 -5.098107 0.000000
vt 2.137405 -4.654793 0.000000
vt 2.137405 -5.098107 0.000000
vt -2.992367 2.881539 0.000000
vt -5.984734 0.306909 0.000000
vt -5.386261 0.000000 0.000000
vt -5.354762 0.306909 0.000000
vt -4.787787 0.000000 0.000000
vt -4.724790 0.306909 0.000000
vt -4.189314 0.000000 0.000000
vt -4.094818 0.306909 0.000000
vt -3.590841 0.000000 0.000000
vt -3.464846 0.306909 0.000000
vt -2.992367 0.000000 0.000000
vt -2.834874 0.306909 0.000000
vt -2.393894 0.000000 0.000000
vt -2.204902 0.306909 0.000000
vt -1.795420 0.000000 0.000000
vt -1.574930 0.306909 0.000000
vt -1.196947 0.000000 0.000000
vt -0.944958 0.306909 0.000000
vt -0.598473 0.000000 0.000000
vt -0.314986 0.306909 0.000000
vt -0.000000 0.000000 0.000000
vt 0.314986 0.306909 0.000000
vt 0.598473 0.000000 0.000000
vt 0.944958 0.306909 0.000000
vt 1.196947 0.000000 0.000000
vt 1.574930 0.306909 0.000000
vt 1.795420 0.000000 0.000000
vt 2.204902 0.306909 0.000000
vt 2.393894 0.000000 0.000000
vt 2.834874 0.306909 0.000000
vt 2.992367 0.000000 0.000000
vt 3.464846 0.306909 0.000000
vt 3.590841 0.000000 0.000000
vt 4.094818 0.306909 0.000000
vt 4.189314 0.000000 0.000000
vt 4.724790 0.306909 0.000000
vt 4.787787 0.000000 0.000000
vt 5.354762 0.306909 0.000000
vt 5.386261 0.000000 0.000000
vt 5.984734 0.000000 0.000000
vt 5.984734 -8.286555 0.000000
vt 5.386261 -7.979646 0.000000
vt 5.354762 -8.286555 0.000000
vt 4.787787 -7.979646 0.000000
vt 4.724790 -8.286555 0.000000
vt 4.189314 -7.979646 0.000000
vt 4.094818 -8.286555 0.000000
vt 3.590841 -7.979646 0.000000
vt 3.464846 -8.286555 0.000000
vt 2.992367 -7.979646 0.000000
vt 2.834874 -8.286555 0.000000
vt 2.393894 -7.979646 0.000000
vt 2.204902 -8.286555 0.000000
vt 1.795420 -7.979646 0.000000
vt 1.574930 -8.286555 0.000000
vt 1.196947 -7.979646 0.000000
vt 0.944958 -8.286555 0.000000
vt 0.598473 -7.979646 0.000000
vt 0.314986 -8.286555 0.000000
vt -0.000000 -7.979646 0.000000
vt -0.314986 -8.286555 0.000000
vt -0.598473 -7.979646 0.000000
vt -0.944958 -8.286555 0.000000
vt -1.196947 -7.979646 0.000000
vt -1.574930 -8.286555 0.000000
vt -1.795420 -7.979646 0.000000
vt -2.204902 -8.286555 0.000000
vt -2.393894 -7.979646 0.000000
vt -2.834874 -8.286555 0.000000
vt -2.992367 -7.979646 0.000000
vt -3.464846 -8.286555 0.000000
vt -3.590841 -7.979646 0.000000
vt -4.094818 -8.286555 0.000000
vt -4.189314 -7.979646 0.000000
vt -4.724790 -8.286555 0.000000
vt -4.787787 -7.979646 0.000000
vt -5.354762 -8.286555 0.000000
vt -5.386261 -7.979646 0.000000
vt -5.984734 -7.979646 0.000000
vt 5.984734 0.306909 0.000000
vt 5.354762 0.920728 0.000000
vt 5.984734 0.920728 0.000000
vt 5.354762 1.534547 0.000000
vt 5.984734 1.534547 0.000000
vt 5.354762 2.148366 0.000000
vt 5.984734 2.148366 0.000000
vt 5.354762 2.762185 0.000000
vt 5.984734 2.762185 0.000000
vt 5.354762 3.376004 0.000000
vt 5.984734 3.376004 0.000000
vt 5.354762 3.989823 0.000000
vt 5.984734 3.989823 0.000000
vt 5.354762 4.603642 0.000000
vt 5.984734 4.603642 0.000000
vt 5.354762 5.217461 0.000000
vt 5.984734 5.217461 0.000000
vt 5.354762 5.831279 0.000000
vt 5.354762 6.445098 0.000000
vt 5.984734 6.445098 0.000000
vt 5.354762 7.058917 0.000000
vt 5.984734 7.058917 0.000000
vt 5.354762 7.672736 0.000000
vt 5.984734 7.672736 0.000000
vt 5.354762 8.286555 0.000000
vt 5.984734 8.286555 0.000000
vt 5.354762 8.900374 0.000000
vt 5.984734 8.900374 0.000000
vt 5.354762 9.514193 0.000000
vt 5.984734 9.514193 0.000000
vt 5.354762 10.128012 0.000000
vt 5.984734 10.128012 0.000000
vt 5.354762 10.741831 0.000000
vt 5.984734 10.741831 0.000000
vt 5.354762 11.355649 0.000000
vt 5.984734 11.355649 0.000000
vt 5.354762 11.969468 0.000000
vt -5.354762 11.355649 0.000000
vt -5.984734 11.355649 0.000000
vt -5.354762 10.741831 0.000000
vt -5.984734 10.741831 0.000000
vt -5.354762 10.128012 0.000000
vt -5.984734 10.128012 0.000000
vt -5.354762 9.514193 0.000000
vt -5.984734 9.514193 0.000000
vt -5.354762 8.900374 0.000000
vt -5.984734 8.900374 0.000000
vt -5.354762 8.286555 0.000000
vt -5.984734 8.286555 0.000000
vt -5.354762 7.672736 0.000000
vt -5.984734 7.672736 0.000000
vt -5.354762 7.058917 0.000000
vt -5.984734 7.058917 0.000000
vt -5.354762 6.445098 0.000000
vt -5.984734 6.445098 0.000000
vt -5.354762 5.831279 0.000000
vt -5.354762 5.217461 0.000000
vt -5.984734 5.217461 0.000000
vt -5.354762 4.603642 0.000000
vt -5.984734 4.603642 0.000000
vt -5.354762 3.989823 0.000000
vt -5.984734 3.989823 0.000000
vt -5.354762 3.376004 0.000000
vt -5.984734 3.376004 0.000000
vt -5.354762 2.762185 0.000000
vt -5.984734 2.762185 0.000000
vt -5.354762 2.148366 0.000000
vt -5.984734 2.148366 0.000000
vt -5.354762 1.534547 0.000000
vt -5.984734 1.534547 0.000000
vt -5.354762 0.920728 0.000000
vt -5.984734 0.920728 0.000000
vt -5.984734 -8.286555 0.000000
vt -5.354762 -8.900374 0.000000
vt -5.984734 -8.900374 0.000000
vt -5.354762 -9.514193 0.000000
vt -5.984734 -9.514193 0.000000
vt -5.354762 -10.128012 0.000000
vt -5.984734 -10.128012 0.000000
vt -5.354762 -10.741831 0.000000
vt -5.984734 -10.741831 0.000000
vt -5.354762 -11.355649 0.000000
vt -5.984734 -11.355649 0.000000
vt -5.354762 -11.969468 0.000000
vt 5.354762 -11.355649 0.000000
vt 5.984734 -11.355649 0.000000
vt 5.354762 -10.741831 0.000000
vt 5.984734 -10.741831 0.000000
vt 5.354762 -10.128012 0.000000
vt 5.984734 -10.128012 0.000000
vt 5.354762 -9.514193 0.000000
vt 5.984734 -9.514193 0.000000
vt 5.354762 -8.900374 0.000000
vt 5.984734 -8.900374 0.000000
vt 4.724790 11.969468 0.000000
vt 4.724790 11.355649 0.000000
vt 4.724790 10.741831 0.000000
vt 4.724790 10.128012 0.000000
vt 4.724790 9.514193 0.000000
vt 4.724790 8.900374 0.000000
vt 4.724790 8.286555 0.000000
vt 4.724790 7.672736 0.000000
vt 4.724790 7.058917 0.000000
vt 4.724790 6.445098 0.000000
vt 4.724790 5.831279 0.000000
vt 4.724790 5.217461 0.000000
vt 4.724790 4.603642 0.000000
vt 4.724790 3.989823 0.000000
vt 4.724790 3.376004 0.000000
vt 4.724790 2.762185 0.000000
vt 4.724790 2.148366 0.000000
vt 4.724790 1.534547 0.000000
vt 4.724790 0.920728 0.000000
vt 5.984734 -11.969468 0.000000
vt 5.354762 -11.969468 0.000000
vt 4.724790 -11.355649 0.000000
vt 4.724790 -11.969468 0.000000
vt 4.094818 -11.355649 0.000000
vt 4.094818 -11.969468 0.000000
vt 3.464846 -11.355649 0.000000
vt 3.464846 -11.969468 0.000000
vt 2.834874 -11.355649 0.000000
vt 2.834874 -11.969468 0.000000
vt 2.204902 -11.355649 0.000000
vt 2.204902 -11.969468 0.000000
vt 1.574930 -11.355649 0.000000
vt 1.574930 -11.969468 0.000000
vt 0.944958 -11.355649 0.000000
vt 0.944958 -11.969468 0.000000
vt 0.314986 -11.355649 0.000000
vt 0.314986 -11.969468 0.000000
vt -0.314986 -11.355649 0.000000
vt -0.314986 -11.969468 0.000000
vt -0.944958 -11.355649 0.000000
vt -0.944958 -11.969468 0.000000
vt -1.574930 -11.355649 0.000000
vt -1.574930 -11.969468 0.000000
vt -2.204902 -11.355649 0.000000
vt -2.204902 -11.969468 0.000000
vt -2.834874 -11.355649 0.000000
vt -2.834874 -11.969468 0.000000
vt -3.464846 -11.355649 0.000000
vt -3.464846 -11.969468 0.000000
vt -4.094818 -11.355649 0.000000
vt -4.094818 -11.969468 0.000000
vt -4.724790 -11.355649 0.000000
vt -4.724790 -11.969468 0.000000
vt 4.094818 11.969468 0.000000
vt 4.094818 11.355649 0.000000
vt 4.094818 10.741831 0.000000
vt 4.094818 10.128012 0.000000
vt 4.094818 9.514193 0.000000
vt 4.094818 8.900374 0.000000
vt 4.094818 8.286555 0.000000
vt 4.094818 7.672736 0.000000
vt 4.094818 7.058917 0.000000
vt 4.094818 6.445098 0.000000
vt 4.094818 5.831279 0.000000
vt 4.094818 5.217461 0.000000
vt 4.094818 4.603642 0.000000
vt 4.094818 3.989823 0.000000
vt 4.094818 3.376004 0.000000
vt 4.094818 2.762185 0.000000
vt 4.094818 2.148366 0.000000
vt 4.094818 1.534547 0.000000
vt 4.094818 0.920728 0.000000
vt 3.464846 11.969468 0.000000
vt 3.464846 11.355649 0.000000
vt 3.464846 10.741831 0.000000
vt 3.464846 10.128012 0.000000
vt 3.464846 9.514193 0.000000
vt 3.464846 8.900374 0.000000
vt 3.464846 8.286555 0.000000
vt 3.464846 7.672736 0.000000
vt 3.464846 7.058917 0.000000
vt 3.464846 6.445098 0.000000
vt 3.464846 5.831279 0.000000
vt 3.464846 5.217461 0.000000
vt 3.464846 4.603642 0.000000
vt 3.464846 3.989823 0.000000
vt 3.464846 3.376004 0.000000
vt 3.464846 2.762185 0.000000
vt 3.464846 2.148366 0.000000
vt 3.464846 1.534547 0.000000
vt 3.464846 0.920728 0.000000
vt 2.834874 11.969468 0.000000
vt 2.834874 11.355649 0.000000
vt 2.834874 10.741831 0.000000
vt 2.834874 10.128012 0.000000
vt 2.834874 9.514193 0.000000
vt 2.834874 8.900374 0.000000
vt 2.834874 8.286555 0.000000
vt 2.834874 7.672736 0.000000
vt 2.834874 7.058917 0.000000
vt 2.834874 6.445098 0.000000
vt 2.834874 5.831279 0.000000
vt 2.834874 5.217461 0.000000
vt 2.834874 4.603642 0.000000
vt 2.834874 3.989823 0.000000
vt 2.834874 3.376004 0.000000
vt 2.834874 2.762185 0.000000
vt 2.834874 2.148366 0.000000
vt 2.834874 1.534547 0.000000
vt 2.834874 0.920728 0.000000
vt 2.204902 11.969468 0.000000
vt 2.204902 11.355649 0.000000
vt 2.204902 10.741831 0.000000
vt 2.204902 10.128012 0.000000
vt 2.204902 9.514193 0.000000
vt 2.204902 8.900374 0.000000
vt 2.204902 8.286555 0.000000
vt 2.204902 7.672736 0.000000
vt 2.204902 7.058917 0.000000
vt 2.204902 6.445098 0.000000
vt 2.204902 5.831279 0.000000
vt 2.204902 5.217461 0.000000
vt 2.204902 4.603642 0.000000
vt 2.204902 3.989823 0.000000
vt 2.204902 3.376004 0.000000
vt 2.204902 2.762185 0.000000
vt 2.204902 2.148366 0.000000
vt 2.204902 1.534547 0.000000
vt 2.204902 0.920728 0.000000
vt 1.574930 11.969468 0.000000
vt 1.574930 11.355649 0.000000
vt 1.574930 10.741831 0.000000
vt 1.574930 10.128012 0.000000
vt 1.574930 9.514193 0.000000
vt 1.574930 8.900374 0.000000
vt 1.574930 8.286555 0.000000
vt 1.574930 7.672736 0.000000
vt 1.574930 7.058917 0.000000
vt 1.574930 6.445098 0.000000
vt 1.574930 5.831279 0.000000
vt 1.574930 5.217461 0.000000
vt 1.574930 4.603642 0.000000
vt 1.574930 3.989823 0.000000
vt 1.574930 3.376004 0.000000
vt 1.574930 2.762185 0.000000
vt 1.574930 2.148366 0.000000
vt 1.574930 1.534547 0.000000
vt 1.574930 0.920728 0.000000
vt 0.944958 11.969468 0.000000
vt 0.944958 11.355649 0.000000
vt 0.944958 10.741831 0.000000
vt 0.944958 10.128012 0.000000
vt 0.944958 9.514193 0.000000
vt 0.944958 8.900374 0.000000
vt 0.944958 8.286555 0.000000
vt 0.944958 7.672736 0.000000
vt 0.944958 7.058917 0.000000
vt 0.944958 6.445098 0.000000
vt 0.944958 5.831279 0.000000
vt 0.944958 5.217461 0.000000
vt 0.944958 4.603642 0.000000
vt 0.944958 3.989823 0.000000
vt 0.944958 3.376004 0.000000
vt 0.944958 2.762185 0.000000
vt 0.944958 2.148366 0.000000
vt 0.944958 1.534547 0.000000
vt 0.944958 0.920728 0.000000
vt 0.314986 11.969468 0.000000
vt 0.314986 11.355649 0.000000
vt 0.314986 10.741831 0.000000
vt 0.314986 10.128012 0.000000
vt 0.314986 9.514193 0.000000
vt 0.314986 8.900374 0.000000
vt 0.314986 8.286555 0.000000
vt 0.314986 7.672736 0.000000
vt 0.314986 7.058917 0.000000
vt 0.314986 6.445098 0.000000
vt 0.314986 5.831279 0.000000
vt 0.314986 5.217461 0.000000
vt 0.314986 4.603642 0.000000
vt 0.314986 3.989823 0.000000
vt 0.314986 3.376004 0.000000
vt 0.314986 2.762185 0.000000
vt 0.314986 2.148366 0.000000
vt 0.314986 1.534547 0.000000
vt 0.314986 0.920728 0.000000
vt -0.314986 11.969468 0.000000
vt -0.314986 11.355649 0.000000
vt -0.314986 10.741831 0.000000
vt -0.314986 10.128012 0.000000
vt -0.314986 9.514193 0.000000
vt -0.314986 8.900374 0.000000
vt -0.314986 8.286555 0.000000
vt -0.314986 7.672736 0.000000
vt -0.314986 7.058917 0.000000
vt -0.314986 6.445098 0.000000
vt -0.314986 5.831279 0.000000
vt -0.314986 5.217461 0.000000
vt -0.314986 4.603642 0.000000
vt -0.314986 3.989823 0.000000
vt -0.314986 3.376004 0.000000
vt -0.314986 2.762185 0.000000
vt -0.314986 2.148366 0.000000
vt -0.314986 1.534547 0.000000
vt -0.314986 0.920728 0.000000
vt -0.944958 11.969468 0.000000
vt -0.944958 11.355649 0.000000
vt -0.944958 10.741831 0.000000
vt -0.944958 10.128012 0.000000
vt -0.944958 9.514193 0.000000
vt -0.944958 8.900374 0.000000
vt -0.944958 8.286555 0.000000
vt -0.944958 7.672736 0.000000
vt -0.944958 7.058917 0.000000
vt -0.944958 6.445098 0.000000
vt -0.944958 5.831279 0.000000
vt -0.944958 5.217461 0.000000
vt -0.944958 4.603642 0.000000
vt -0.944958 3.989823 0.000000
vt -0.944958 3.376004 0.000000
vt -0.944958 2.762185 0.000000
vt -0.944958 2.148366 0.000000
vt -0.944958 1.534547 0.000000
vt -0.944958 0.920728 0.000000
vt -1.574930 11.969468 0.000000
vt -1.574930 11.355649 0.000000
vt -1.574930 10.741831 0.000000
vt -1.574930 10.128012 0.000000
vt -1.574930 9.514193 0.000000
vt -1.574930 8.900374 0.000000
vt -1.574930 8.286555 0.000000
vt -1.574930 7.672736 0.000000
vt -1.574930 7.058917 0.000000
vt -1.574930 6.445098 0.000000
vt -1.574930 5.831279 0.000000
vt -1.574930 5.217461 0.000000
vt -1.574930 4.603642 0.000000
vt -1.574930 3.989823 0.000000
vt -1.574930 3.376004 0.000000
vt -1.574930 2.762185 0.000000
vt -1.574930 2.148366 0.000000
vt -1.574930 1.534547 0.000000
vt -1.574930 0.920728 0.000000
vt -2.204902 11.969468 0.000000
vt -2.204902 11.355649 0.000000
vt -2.204902 10.741831 0.000000
vt -2.204902 10.128012 0.000000
vt -2.204902 9.514193 0.000000
vt -2.204902 8.900374 0.000000
vt -2.204902 8.286555 0.000000
vt -2.204902 7.672736 0.000000
vt -2.204902 7.058917 0.000000
vt -2.204902 6.445098 0.000000
vt -2.204902 5.831279 0.000000
vt -2.204902 5.217461 0.000000
vt -2.204902 4.603642 0.000000
vt -2.204902 3.989823 0.000000
vt -2.204902 3.376004 0.000000
vt -2.204902 2.762185 0.000000
vt -2.204902 2.148366 0.000000
vt -2.204902 1.534547 0.000000
vt -2.204902 0.920728 0.000000
vt -2.834874 11.969468 0.000000
vt -2.834874 11.355649 0.000000
vt -2.834874 10.741831 0.000000
vt -2.834874 10.128012 0.000000
vt -2.834874 9.514193 0.000000
vt -2.834874 8.900374 0.000000
vt -2.834874 8.286555 0.000000
vt -2.834874 7.672736 0.000000
vt -2.834874 7.058917 0.000000
vt -2.834874 6.445098 0.000000
vt -2.834874 5.831279 0.000000
vt -2.834874 5.217461 0.000000
vt -2.834874 4.603642 0.000000
vt -2.834874 3.989823 0.000000
vt -2.834874 3.376004 0.000000
vt -2.834874 2.762185 0.000000
vt -2.834874 2.148366 0.000000
vt -2.834874 1.534547 0.000000
vt -2.834874 0.920728 0.000000
vt -3.464846 11.969468 0.000000
vt -3.464846 11.355649 0.000000
vt -3.464846 10.741831 0.000000
vt -3.464846 10.128012 0.000000
vt -3.464846 9.514193 0.000000
vt -3.464846 8.900374 0.000000
vt -3.464846 8.286555 0.000000
vt -3.464846 7.672736 0.000000
vt -3.464846 7.058917 0.000000
vt -3.464846 6.445098 0.000000
vt -3.464846 5.831279 0.000000
vt -3.464846 5.217461 0.000000
vt -3.464846 4.603642 0.000000
vt -3.464846 3.989823 0.000000
vt -3.464846 3.376004 0.000000
vt -3.464846 2.762185 0.000000
vt -3.464846 2.148366 0.000000
vt -3.464846 1.534547 0.000000
vt -3.464846 0.920728 0.000000
vt -4.094818 11.969468 0.000000
vt -4.094818 11.355649 0.000000
vt -4.094818 10.741831 0.000000
vt -4.094818 10.128012 0.000000
vt -4.094818 9.514193 0.000000
vt -4.094818 8.900374 0.000000
vt -4.094818 8.286555 0.000000
vt -4.094818 7.672736 0.000000
vt -4.094818 7.058917 0.000000
vt -4.094818 6.445098 0.000000
vt -4.094818 5.831279 0.000000
vt -4.094818 5.217461 0.000000
vt -4.094818 4.603642 0.000000
vt -4.094818 3.989823 0.000000
vt -4.094818 3.376004 0.000000
vt -4.094818 2.762185 0.000000
vt -4.094818 2.148366 0.000000
vt -4.094818 1.534547 0.000000
vt -4.094818 0.920728 0.000000
vt -4.724790 11.969468 0.000000
vt -4.724790 11.355649 0.000000
vt -4.724790 10.741831 0.000000
vt -4.724790 10.128012 0.000000
vt -4.724790 9.514193 0.000000
vt -4.724790 8.900374 0.000000
vt -4.724790 8.286555 0.000000
vt -4.724790 7.672736 0.000000
vt -4.724790 7.058917 0.000000
vt -4.724790 6.445098 0.000000
vt -4.724790 5.831279 0.000000
vt -4.724790 5.217461 0.000000
vt -4.724790 4.603642 0.000000
vt -4.724790 3.989823 0.000000
vt -4.724790 3.376004 0.000000
vt -4.724790 2.762185 0.000000
vt -4.724790 2.148366 0.000000
vt -4.724790 1.534547 0.000000
vt -4.724790 0.920728 0.000000
vt -5.354762 11.969468 0.000000
vt -5.984734 11.969468 0.000000
vt 5.984734 5.984734 0.000000
vt -4.724790 -8.900374 0.000000
vt -4.724790 -9.514193 0.000000
vt -4.724790 -10.128012 0.000000
vt -4.724790 -10.741831 0.000000
vt -4.094818 -8.900374 0.000000
vt -4.094818 -9.514193 0.000000
vt -4.094818 -10.128012 0.000000
vt -4.094818 -10.741831 0.000000
vt -3.464846 -8.900374 0.000000
vt -3.464846 -9.514193 0.000000
vt -3.464846 -10.128012 0.000000
vt -3.464846 -10.741831 0.000000
vt -2.834874 -8.900374 0.000000
vt -2.834874 -9.514193 0.000000
vt -2.834874 -10.128012 0.000000
vt -2.834874 -10.741831 0.000000
vt -2.204902 -8.900374 0.000000
vt -2.204902 -9.514193 0.000000
vt -2.204902 -10.128012 0.000000
vt -2.204902 -10.741831 0.000000
vt -1.574930 -8.900374 0.000000
vt -1.574930 -9.514193 0.000000
vt -1.574930 -10.128012 0.000000
vt -1.574930 -10.741831 0.000000
vt -0.944958 -8.900374 0.000000
vt -0.944958 -9.514193 0.000000
vt -0.944958 -10.128012 0.000000
vt -0.944958 -10.741831 0.000000
vt -0.314986 -8.900374 0.000000
vt -0.314986 -9.514193 0.000000
vt -0.314986 -10.128012 0.000000
vt -0.314986 -10.741831 0.000000
vt 0.314986 -8.900374 0.000000
vt 0.314986 -9.514193 0.000000
vt 0.314986 -10.128012 0.000000
vt 0.314986 -10.741831 0.000000
vt 0.944958 -8.900374 0.000000
vt 0.944958 -9.514193 0.000000
vt 0.944958 -10.128012 0.000000
vt 0.944958 -10.741831 0.000000
vt 1.574930 -8.900374 0.000000
vt 1.574930 -9.514193 0.000000
vt 1.574930 -10.128012 0.000000
vt 1.574930 -10.741831 0.000000
vt 2.204902 -8.900374 0.000000
vt 2.204902 -9.514193 0.000000
vt 2.204902 -10.128012 0.000000
vt 2.204902 -10.741831 0.000000
vt 2.834874 -8.900374 0.000000
vt 2.834874 -9.514193 0.000000
vt 2.834874 -10.128012 0.000000
vt 2.834874 -10.741831 0.000000
vt 3.464846 -8.900374 0.000000
vt 3.464846 -9.514193 0.000000
vt 3.464846 -10.128012 0.000000
vt 3.464846 -10.741831 0.000000
vt 4.094818 -8.900374 0.000000
vt 4.094818 -9.514193 0.000000
vt 4.094818 -10.128012 0.000000
vt 4.094818 -10.741831 0.000000
vt 4.724790 -8.900374 0.000000
vt 4.724790 -9.514193 0.000000
vt 4.724790 -10.128012 0.000000
vt 4.724790 -10.741831 0.000000
vt -5.984734 5.831279 0.000000
vt -1.905000 -3.810000 0.000000
vt -1.308985 -3.763093 0.000000
vt -1.481098 -3.762238 0.000000
vt -1.078452 -3.621346 0.000000
vt -0.727645 -3.623525 0.000000
vt -0.717252 -3.394389 0.000000
vt -0.415611 -3.092748 0.000000
vt -0.175296 -3.394735 0.000000
vt -0.188654 -2.731549 0.000000
vt 0.334462 -3.082355 0.000000
vt -0.047762 -2.328902 0.000000
vt 0.000000 -1.905000 0.000000
vt 0.789077 -2.694077 0.000000
vt -0.047762 -1.481098 0.000000
vt 1.177355 -2.239462 0.000000
vt 1.489735 -1.729704 0.000000
vt 1.718525 -1.177355 0.000000
vt -0.188654 -1.078452 0.000000
vt -0.188654 1.078452 0.000000
vt -0.415611 -0.717252 0.000000
vt -0.415611 0.717252 0.000000
vt -0.717252 -0.415611 0.000000
vt -0.717252 0.415611 0.000000
vt -1.078452 -0.188654 0.000000
vt -1.078452 0.188654 0.000000
vt -1.481098 -0.047762 0.000000
vt -1.481098 0.047762 0.000000
vt -1.905000 0.000000 0.000000
vt 1.858093 -0.596015 0.000000
vt 1.905000 -0.000000 0.000000
vt 1.858093 0.596015 0.000000
vt 1.718525 1.177355 0.000000
vt -0.047762 1.481098 0.000000
vt 1.489735 1.729704 0.000000
vt 1.177355 2.239462 0.000000
vt 0.789077 2.694077 0.000000
vt 0.000000 1.905000 0.000000
vt 0.334462 3.082355 0.000000
vt -0.047762 2.328902 0.000000
vt -0.188654 2.731549 0.000000
vt -0.175296 3.394735 0.000000
vt -0.415611 3.092748 0.000000
vt -0.727645 3.623525 0.000000
vt -0.717252 3.394389 0.000000
vt -1.078452 3.621346 0.000000
vt -1.308985 3.763093 0.000000
vt -1.481098 3.762238 0.000000
vt -1.905000 3.810000 0.000000
vt 1.308985 3.763093 0.000000
vt 1.481098 3.762238 0.000000
vt 1.078452 3.621346 0.000000
vt 0.727645 3.623525 0.000000
vt 0.717252 3.394389 0.000000
vt 0.415611 3.092748 0.000000
vt 0.175296 3.394735 0.000000
vt 0.188654 2.731549 0.000000
vt -0.334462 3.082355 0.000000
vt 0.047762 2.328902 0.000000
vt -0.000000 1.905000 0.000000
vt -0.789077 2.694077 0.000000
vt 0.047762 1.481098 0.000000
vt -1.177355 2.239462 0.000000
vt -1.489735 1.729704 0.000000
vt -1.718525 1.177355 0.000000
vt 0.188654 1.078452 0.000000
vt -1.858093 0.596015 0.000000
vt -1.905000 -0.000000 0.000000
vt -1.858093 -0.596015 0.000000
vt -1.718525 -1.177355 0.000000
vt 0.188654 -1.078452 0.000000
vt 0.047762 -1.481098 0.000000
vt -1.489735 -1.729704 0.000000
vt -1.177355 -2.239462 0.000000
vt -0.789077 -2.694077 0.000000
vt -0.000000 -1.905000 0.000000
vt -0.334462 -3.082355 0.000000
vt 0.047762 -2.328902 0.000000
vt 0.188654 -2.731549 0.000000
vt 0.175296 -3.394735 0.000000
vt 0.415611 -3.092748 0.000000
vt 0.727645 -3.623525 0.000000
vt 0.717252 -3.394389 0.000000
vt 1.078452 -3.621346 0.000000
vt 1.308985 -3.763093 0.000000
vt 1.481098 -3.762238 0.000000
vt 1.905000 -3.810000 0.000000
vt 0.415611 -0.717252 0.000000
vt 0.415611 0.717252 0.000000
vt 0.717252 -0.415611 0.000000
vt 0.717252 0.415611 0.000000
vt 1.078452 -0.188654 0.000000
vt 1.078452 0.188654 0.000000
vt 1.481098 -0.047762 0.000000
vt 1.481098 0.047762 0.000000
vt 1.905000 0.000000 0.000000
vn -0.000000 -0.000000 1.000000
vn -0.222521 -0.000000 0.974928
vn -0.221016 -0.025833 0.974928
vn -0.433884 -0.000000 0.900969
vn -0.430950 -0.050371 0.900969
vn -0.623490 -0.000000 0.781831
vn -0.619274 -0.072383 0.781831
vn -0.781831 -0.000000 0.623490
vn -0.776545 -0.090765 0.623490
vn -0.900969 -0.000000 0.433884
vn -0.894877 -0.104596 0.433884
vn -0.974928 -0.000000 0.222521
vn -0.968336 -0.113182 0.222521
vn -1.000000 -0.000000 -0.000000
vn -0.993238 -0.116093 -0.000000
vn -0.974928 -0.000000 -0.222521
vn -0.968336 -0.113182 -0.222521
vn -0.900969 -0.000000 -0.433884
vn -0.894877 -0.104596 -0.433884
vn -0.781831 -0.000000 -0.623490
vn -0.776545 -0.090765 -0.623490
vn -0.623490 -0.000000 -0.781831
vn -0.619274 -0.072383 -0.781831
vn -0.433884 -0.000000 -0.900969
vn -0.430950 -0.050371 -0.900969
vn -0.222521 -0.000000 -0.974928
vn -0.221016 -0.025833 -0.974928
vn -0.000000 -0.000000 -1.000000
vn 0.111260 0.192709 -0.974928
vn 0.132880 0.178489 -0.974928
vn 0.216942 0.375754 -0.900969
vn 0.259097 0.348028 -0.900969
vn 0.311745 0.539958 -0.781831
vn 0.372322 0.500116 -0.781831
vn 0.390916 0.677086 -0.623490
vn 0.466877 0.627125 -0.623490
vn 0.450484 0.780262 -0.433884
vn 0.538021 0.722688 -0.433884
vn 0.487464 0.844312 -0.222521
vn 0.582187 0.782012 -0.222521
vn 0.500000 0.866025 -0.000000
vn 0.597159 0.802123 -0.000000
vn 0.487464 0.844312 0.222521
vn 0.582187 0.782012 0.222521
vn 0.450484 0.780262 0.433884
vn 0.538021 0.722688 0.433884
vn 0.390916 0.677086 0.623490
vn 0.466877 0.627125 0.623490
vn 0.311745 0.539958 0.781831
vn 0.372322 0.500116 0.781831
vn 0.216942 0.375754 0.900969
vn 0.259097 0.348028 0.900969
vn 0.111260 0.192709 0.974928
vn 0.132880 0.178489 0.974928
vn -0.209101 -0.076107 -0.974928
vn -0.185914 -0.122277 -0.974928
vn -0.152703 -0.161856 -0.974928
vn -0.111260 -0.192709 -0.974928
vn -0.063820 -0.213173 -0.974928
vn -0.012938 -0.222144 -0.974928
vn 0.038640 -0.219140 -0.974928
vn 0.088136 -0.204322 -0.974928
vn 0.132880 -0.178489 -0.974928
vn 0.170461 -0.143034 -0.974928
vn 0.198852 -0.099867 -0.974928
vn 0.216523 -0.051317 -0.974928
vn 0.222521 -0.000000 -0.974928
vn 0.216523 -0.051317 0.974928
vn 0.198852 -0.099867 0.974928
vn 0.170461 -0.143034 0.974928
vn 0.132880 -0.178489 0.974928
vn 0.088136 -0.204322 0.974928
vn 0.038640 -0.219140 0.974928
vn -0.012938 -0.222144 0.974928
vn -0.063820 -0.213173 0.974928
vn -0.111260 -0.192709 0.974928
vn -0.152703 -0.161856 0.974928
vn -0.185914 -0.122277 0.974928
vn -0.209101 -0.076107 0.974928
vn 0.170461 0.143034 0.974928
vn 0.198852 0.099867 0.974928
vn 0.216523 0.051317 0.974928
vn 0.222521 0.000000 0.974928
vn 0.216523 0.051317 -0.974928
vn 0.198852 0.099867 -0.974928
vn 0.170461 0.143034 -0.974928
vn 0.433884 -0.000000 -0.900969
vn 0.422188 -0.100060 -0.900969
vn 0.387733 -0.194727 -0.900969
vn 0.332374 -0.278895 -0.900969
vn 0.259097 -0.348028 -0.900969
vn 0.171853 -0.398399 -0.900969
vn 0.075343 -0.427292 -0.900969
vn -0.025228 -0.433150 -0.900969
vn -0.124439 -0.415656 -0.900969
vn -0.216942 -0.375754 -0.900969
vn -0.297749 -0.315596 -0.900969
vn -0.362505 -0.238423 -0.900969
vn -0.407717 -0.148397 -0.900969
vn 0.422188 0.100060 -0.900969
vn 0.606684 0.143787 -0.781831
vn 0.623490 0.000000 -0.781831
vn 0.760757 0.180303 -0.623490
vn 0.781831 0.000000 -0.623490
vn 0.876683 0.207778 -0.433884
vn 0.900969 0.000000 -0.433884
vn 0.948649 0.224834 -0.222521
vn 0.974928 0.000000 -0.222521
vn 0.973045 0.230616 -0.000000
vn 1.000000 0.000000 -0.000000
vn 0.948649 0.224834 0.222521
vn 0.974928 0.000000 0.222521
vn 0.876683 0.207778 0.433884
vn 0.900969 0.000000 0.433884
vn 0.760757 0.180303 0.623490
vn 0.781831 0.000000 0.623490
vn 0.606684 0.143787 0.781831
vn 0.623490 0.000000 0.781831
vn 0.422188 0.100060 0.900969
vn 0.433884 0.000000 0.900969
vn 0.606684 -0.143787 -0.781831
vn 0.557171 -0.279822 -0.781831
vn 0.477621 -0.400772 -0.781831
vn 0.372322 -0.500116 -0.781831
vn 0.246952 -0.572498 -0.781831
vn 0.108268 -0.614018 -0.781831
vn -0.036253 -0.622435 -0.781831
vn -0.178819 -0.597297 -0.781831
vn -0.311745 -0.539958 -0.781831
vn -0.427865 -0.453510 -0.781831
vn -0.520918 -0.342613 -0.781831
vn -0.585889 -0.213246 -0.781831
vn 0.760757 -0.180303 -0.623490
vn 0.698670 -0.350885 -0.623490
vn 0.598918 -0.502552 -0.623490
vn 0.466877 -0.627125 -0.623490
vn 0.309668 -0.717890 -0.623490
vn 0.135764 -0.769954 -0.623490
vn -0.045459 -0.780509 -0.623490
vn -0.224232 -0.748986 -0.623490
vn -0.390916 -0.677086 -0.623490
vn -0.536525 -0.568684 -0.623490
vn -0.653211 -0.429623 -0.623490
vn -0.734681 -0.267402 -0.623490
vn 0.876683 -0.207778 -0.433884
vn 0.805135 -0.404354 -0.433884
vn 0.690182 -0.579132 -0.433884
vn 0.538021 -0.722688 -0.433884
vn 0.356856 -0.827284 -0.433884
vn 0.156452 -0.887281 -0.433884
vn -0.052387 -0.899445 -0.433884
vn -0.258401 -0.863119 -0.433884
vn -0.450484 -0.780262 -0.433884
vn -0.618282 -0.655341 -0.433884
vn -0.752749 -0.495090 -0.433884
vn -0.846634 -0.308150 -0.433884
vn 0.948649 -0.224834 -0.222521
vn 0.871227 -0.437547 -0.222521
vn 0.746838 -0.626672 -0.222521
vn 0.582187 -0.782012 -0.222521
vn 0.386149 -0.895195 -0.222521
vn 0.169294 -0.960117 -0.222521
vn -0.056687 -0.973278 -0.222521
vn -0.279612 -0.933971 -0.222521
vn -0.487464 -0.844312 -0.222521
vn -0.669036 -0.709137 -0.222521
vn -0.814540 -0.535732 -0.222521
vn -0.916133 -0.333445 -0.222521
vn 0.973045 -0.230616 -0.000000
vn 0.893633 -0.448799 -0.000000
vn 0.766044 -0.642788 -0.000000
vn 0.597159 -0.802123 -0.000000
vn 0.396080 -0.918216 -0.000000
vn 0.173648 -0.984808 -0.000000
vn -0.058145 -0.998308 -0.000000
vn -0.286803 -0.957990 -0.000000
vn -0.500000 -0.866025 -0.000000
vn -0.686242 -0.727374 -0.000000
vn -0.835488 -0.549509 -0.000000
vn -0.939693 -0.342020 -0.000000
vn 0.948649 -0.224834 0.222521
vn 0.871227 -0.437547 0.222521
vn 0.746838 -0.626672 0.222521
vn 0.582187 -0.782012 0.222521
vn 0.386149 -0.895195 0.222521
vn 0.169294 -0.960117 0.222521
vn -0.056687 -0.973278 0.222521
vn -0.279612 -0.933971 0.222521
vn -0.487464 -0.844312 0.222521
vn -0.669036 -0.709137 0.222521
vn -0.814540 -0.535732 0.222521
vn -0.916133 -0.333445 0.222521
vn 0.876683 -0.207778 0.433884
vn 0.805135 -0.404354 0.433884
vn 0.690182 -0.579132 0.433884
vn 0.538021 -0.722688 0.433884
vn 0.356856 -0.827284 0.433884
vn 0.156452 -0.887281 0.433884
vn -0.052387 -0.899445 0.433884
vn -0.258401 -0.863119 0.433884
vn -0.450484 -0.780262 0.433884
vn -0.618282 -0.655341 0.433884
vn -0.752749 -0.495090 0.433884
vn -0.846634 -0.308150 0.433884
vn 0.760757 -0.180303 0.623490
vn 0.698670 -0.350885 0.623490
vn 0.598918 -0.502552 0.623490
vn 0.466877 -0.627125 0.623490
vn 0.309668 -0.717890 0.623490
vn 0.135764 -0.769954 0.623490
vn -0.045459 -0.780509 0.623490
vn -0.224232 -0.748986 0.623490
vn -0.390916 -0.677086 0.623490
vn -0.536525 -0.568684 0.623490
vn -0.653211 -0.429623 0.623490
vn -0.734681 -0.267402 0.623490
vn 0.606684 -0.143787 0.781831
vn 0.557171 -0.279822 0.781831
vn 0.477621 -0.400772 0.781831
vn 0.372322 -0.500116 0.781831
vn 0.246952 -0.572498 0.781831
vn 0.108268 -0.614018 0.781831
vn -0.036253 -0.622435 0.781831
vn -0.178819 -0.597297 0.781831
vn -0.311745 -0.539958 0.781831
vn -0.427865 -0.453510 0.781831
vn -0.520918 -0.342613 0.781831
vn -0.585889 -0.213246 0.781831
vn 0.422188 -0.100060 0.900969
vn 0.387733 -0.194727 0.900969
vn 0.332374 -0.278895 0.900969
vn 0.259097 -0.348028 0.900969
vn 0.171853 -0.398399 0.900969
vn 0.075343 -0.427292 0.900969
vn -0.025228 -0.433150 0.900969
vn -0.124439 -0.415656 0.900969
vn -0.216942 -0.375754 0.900969
vn -0.297749 -0.315596 0.900969
vn -0.362505 -0.238423 0.900969
vn -0.407717 -0.148397 0.900969
vn 0.332374 0.278895 0.900969
vn 0.387733 0.194727 0.900969
vn 0.477621 0.400772 0.781831
vn 0.557171 0.279822 0.781831
vn 0.598918 0.502552 0.623490
vn 0.698670 0.350885 0.623490
vn 0.690182 0.579132 0.433884
vn 0.805135 0.404354 0.433884
vn 0.746838 0.626672 0.222521
vn 0.871227 0.437547 0.222521
vn 0.766044 0.642788 -0.000000
vn 0.893633 0.448799 -0.000000
vn 0.746838 0.626672 -0.222521
vn 0.871227 0.437547 -0.222521
vn 0.690182 0.579132 -0.433884
vn 0.805135 0.404354 -0.433884
vn 0.598918 0.502552 -0.623490
vn 0.698670 0.350885 -0.623490
vn 0.477621 0.400772 -0.781831
vn 0.557171 0.279822 -0.781831
vn 0.332374 0.278895 -0.900969
vn 0.387733 0.194727 -0.900969
vn -0.000000 -0.000000 1.000000
vn -0.222521 -0.000000 0.974928
vn -0.221016 -0.025833 0.974928
vn -0.433884 -0.000000 0.900969
vn -0.430950 -0.050371 0.900969
vn -0.623490 -0.000000 0.781831
vn -0.619274 -0.072383 0.781831
vn -0.781831 -0.000000 0.623490
vn -0.776545 -0.090765 0.623490
vn -0.900969 -0.000000 0.433884
vn -0.894877 -0.104596 0.433884
vn -0.974928 -0.000000 0.222521
vn -0.968336 -0.113182 0.222521
vn -1.000000 -0.000000 -0.000000
vn -0.993238 -0.116093 -0.000000
vn -0.974928 -0.000000 -0.222521
vn -0.968336 -0.113182 -0.222521
vn -0.900969 -0.000000 -0.433884
vn -0.894877 -0.104596 -0.433884
vn -0.781831 -0.000000 -0.623490
vn -0.776545 -0.090765 -0.623490
vn -0.623490 -0.000000 -0.781831
vn -0.619274 -0.072383 -0.781831
vn -0.433884 -0.000000 -0.900969
vn -0.430950 -0.050371 -0.900969
vn -0.222521 -0.000000 -0.974928
vn -0.221016 -0.025833 -0.974928
vn -0.000000 -0.000000 -1.000000
vn 0.111260 0.192709 -0.974928
vn 0.132880 0.178489 -0.974928
vn 0.216942 0.375754 -0.900969
vn 0.259097 0.348028 -0.900969
vn 0.311745 0.539958 -0.781831
vn 0.372322 0.500116 -0.781831
vn 0.390916 0.677086 -0.623490
vn 0.466877 0.627125 -0.623490
vn 0.450484 0.780262 -0.433884
vn 0.538021 0.722688 -0.433884
vn 0.487464 0.844312 -0.222521
vn 0.582187 0.782012 -0.222521
vn 0.500000 0.866025 -0.000000
vn 0.597159 0.802123 -0.000000
vn 0.487464 0.844312 0.222521
vn 0.582187 0.782012 0.222521
vn 0.450484 0.780262 0.433884
vn 0.538021 0.722688 0.433884
vn 0.390916 0.677086 0.623490
vn 0.466877 0.627125 0.623490
vn 0.311745 0.539958 0.781831
vn 0.372322 0.500116 0.781831
vn 0.216942 0.375754 0.900969
vn 0.259097 0.348028 0.900969
vn 0.111260 0.192709 0.974928
vn 0.132880 0.178489 0.974928
vn -0.209101 -0.076107 -0.974928
vn -0.185914 -0.122277 -0.974928
vn -0.152703 -0.161856 -0.974928
vn -0.111260 -0.192709 -0.974928
vn -0.063820 -0.213173 -0.974928
vn -0.012938 -0.222144 -0.974928
vn 0.038640 -0.219140 -0.974928
vn 0.088136 -0.204322 -0.974928
vn 0.132880 -0.178489 -0.974928
vn 0.170461 -0.143034 -0.974928
vn 0.198852 -0.099867 -0.974928
vn 0.216523 -0.051317 -0.974928
vn 0.222521 -0.000000 -0.974928
vn 0.216523 -0.051317 0.974928
vn 0.198852 -0.099867 0.974928
vn 0.170461 -0.143034 0.974928
vn 0.132880 -0.178489 0.974928
vn 0.088136 -0.204322 0.974928
vn 0.038640 -0.219140 0.974928
vn -0.012938 -0.222144 0.974928
vn -0.063820 -0.213173 0.974928
vn -0.111260 -0.192709 0.974928
vn -0.152703 -0.161856 0.974928
vn -0.185914 -0.122277 0.974928
vn -0.209101 -0.076107 0.974928
vn 0.170461 0.143034 0.974928
vn 0.198852 0.099867 0.974928
vn 0.216523 0.051317 0.974928
vn 0.222521 0.000000 0.974928
vn 0.216523 0.051317 -0.974928
vn 0.198852 0.099867 -0.974928
vn 0.170461 0.143034 -0.974928
vn 0.433884 -0.000000 -0.900969
vn 0.422188 -0.100060 -0.900969
vn 0.387733 -0.194727 -0.900969
vn 0.332374 -0.278895 -0.900969
vn 0.259097 -0.348028 -0.900969
vn 0.171853 -0.398399 -0.900969
vn 0.075343 -0.427292 -0.900969
vn -0.025228 -0.433150 -0.900969
vn -0.124439 -0.415656 -0.900969
vn -0.216942 -0.375754 -0.900969
vn -0.297749 -0.315596 -0.900969
vn -0.362505 -0.238423 -0.900969
vn -0.407717 -0.148397 -0.900969
vn 0.422188 0.100060 -0.900969
vn 0.606684 0.143787 -0.781831
vn 0.623490 0.000000 -0.781831
vn 0.760757 0.180303 -0.623490
vn 0.781831 0.000000 -0.623490
vn 0.876683 0.207778 -0.433884
vn 0.900969 0.000000 -0.433884
vn 0.948649 0.224834 -0.222521
vn 0.974928 0.000000 -0.222521
vn 0.973045 0.230616 -0.000000
vn 1.000000 0.000000 -0.000000
vn 0.948649 0.224834 0.222521
vn 0.974928 0.000000 0.222521
vn 0.876683 0.207778 0.433884
vn 0.900969 0.000000 0.433884
vn 0.760757 0.180303 0.623490
vn 0.781831 0.000000 0.623490
vn 0.606684 0.143787 0.781831
vn 0.623490 0.000000 0.781831
vn 0.422188 0.100060 0.900969
vn 0.433884 0.000000 0.900969
vn 0.606684 -0.143787 -0.781831
vn 0.557171 -0.279822 -0.781831
vn 0.477621 -0.400772 -0.781831
vn 0.372322 -0.500116 -0.781831
vn 0.246952 -0.572498 -0.781831
vn 0.108268 -0.614018 -0.781831
vn -0.036253 -0.622435 -0.781831
vn -0.178819 -0.597297 -0.781831
vn -0.311745 -0.539958 -0.781831
vn -0.427865 -0.453510 -0.781831
vn -0.520918 -0.342613 -0.781831
vn -0.585889 -0.213246 -0.781831
vn 0.760757 -0.180303 -0.623490
vn 0.698670 -0.350885 -0.623490
vn 0.598918 -0.502552 -0.623490
vn 0.466877 -0.627125 -0.623490
vn 0.309668 -0.717890 -0.623490
vn 0.135764 -0.769954 -0.623490
vn -0.045459 -0.780509 -0.623490
vn -0.224232 -0.748986 -0.623490
vn -0.390916 -0.677086 -0.623490
vn -0.536525 -0.568684 -0.623490
vn -0.653211 -0.429623 -0.623490
vn -0.734681 -0.267402 -0.623490
vn 0.876683 -0.207778 -0.433884
vn 0.805135 -0.404354 -0.433884
vn 0.690182 -0.579132 -0.433884
vn 0.538021 -0.722688 -0.433884
vn 0.356856 -0.827284 -0.433884
vn 0.156452 -0.887281 -0.433884
vn -0.052387 -0.899445 -0.433884
vn -0.258401 -0.863119 -0.433884
vn -0.450484 -0.780262 -0.433884
vn -0.618282 -0.655341 -0.433884
vn -0.752749 -0.495090 -0.433884
vn -0.846634 -0.308150 -0.433884
vn 0.948649 -0.224834 -0.222521
vn 0.871227 -0.437547 -0.222521
vn 0.746838 -0.626672 -0.222521
vn 0.582187 -0.782012 -0.222521
vn 0.386149 -0.895195 -0.222521
vn 0.169294 -0.960117 -0.222521
vn -0.056687 -0.973278 -0.222521
vn -0.279612 -0.933971 -0.222521
vn -0.487464 -0.844312 -0.222521
vn -0.669036 -0.709137 -0.222521
vn -0.814540 -0.535732 -0.222521
vn -0.916133 -0.333445 -0.222521
vn 0.973045 -0.230616 -0.000000
vn 0.893633 -0.448799 -0.000000
vn 0.766044 -0.642788 -0.000000
vn 0.597159 -0.802123 -0.000000
vn 0.396080 -0.918216 -0.000000
vn 0.173648 -0.984808 -0.000000
vn -0.058145 -0.998308 -0.000000
vn -0.286803 -0.957990 -0.000000
vn -0.500000 -0.866025 -0.000000
vn -0.686242 -0.727374 -0.000000
vn -0.835488 -0.549509 -0.000000
vn -0.939693 -0.342020 -0.000000
vn 0.948649 -0.224834 0.222521
vn 0.871227 -0.437547 0.222521
vn 0.746838 -0.626672 0.222521
vn 0.582187 -0.782012 0.222521
vn 0.386149 -0.895195 0.222521
vn 0.169294 -0.960117 0.222521
vn -0.056687 -0.973278 0.222521
vn -0.279612 -0.933971 0.222521
vn -0.487464 -0.844312 0.222521
vn -0.669036 -0.709137 0.222521
vn -0.814540 -0.535732 0.222521
vn -0.916133 -0.333445 0.222521
vn 0.876683 -0.207778 0.433884
vn 0.805135 -0.404354 0.433884
vn 0.690182 -0.579132 0.433884
vn 0.538021 -0.722688 0.433884
vn 0.356856 -0.827284 0.433884
vn 0.156452 -0.887281 0.433884
vn -0.052387 -0.899445 0.433884
vn -0.258401 -0.863119 0.433884
vn -0.450484 -0.780262 0.433884
vn -0.618282 -0.655341 0.433884
vn -0.752749 -0.495090 0.433884
vn -0.846634 -0.308150 0.433884
vn 0.760757 -0.180303 0.623490
vn 0.698670 -0.350885 0.623490
vn 0.598918 -0.502552 0.623490
vn 0.466877 -0.627125 0.623490
vn 0.309668 -0.717890 0.623490
vn 0.135764 -0.769954 0.623490
vn -0.045459 -0.780509 0.623490
vn -0.224232 -0.748986 0.623490
vn -0.390916 -0.677086 0.623490
vn -0.536525 -0.568684 0.623490
vn -0.653211 -0.429623 0.623490
vn -0.734681 -0.267402 0.623490
vn 0.606684 -0.143787 0.781831
vn 0.557171 -0.279822 0.781831
vn 0.477621 -0.400772 0.781831
vn 0.372322 -0.500116 0.781831
vn 0.246952 -0.572498 0.781831
vn 0.108268 -0.614018 0.781831
vn -0.036253 -0.622435 0.781831
vn -0.178819 -0.597297 0.781831
vn -0.311745 -0.539958 0.781831
vn -0.427865 -0.453510 0.781831
vn -0.520918 -0.342613 0.781831
vn -0.585889 -0.213246 0.781831
vn 0.422188 -0.100060 0.900969
vn 0.387733 -0.194727 0.900969
vn 0.332374 -0.278895 0.900969
vn 0.259097 -0.348028 0.900969
vn 0.171853 -0.398399 0.900969
vn 0.075343 -0.427292 0.900969
vn -0.025228 -0.433150 0.900969
vn -0.124439 -0.415656 0.900969
vn -0.216942 -0.375754 0.900969
vn -0.297749 -0.315596 0.900969
vn -0.362505 -0.238423 0.900969
vn -0.407717 -0.148397 0.900969
vn 0.332374 0.278895 0.900969
vn 0.387733 0.194727 0.900969
vn 0.477621 0.400772 0.781831
vn 0.557171 0.279822 0.781831
vn 0.598918 0.502552 0.623490
vn 0.698670 0.350885 0.623490
vn 0.690182 0.579132 0.433884
vn 0.805135 0.404354 0.433884
vn 0.746838 0.626672 0.222521
vn 0.871227 0.437547 0.222521
vn 0.766044 0.642788 -0.000000
vn 0.893633 0.448799 -0.000000
vn 0.746838 0.626672 -0.222521
vn 0.871227 0.437547 -0.222521
vn 0.690182 0.579132 -0.433884
vn 0.805135 0.404354 -0.433884
vn 0.598918 0.502552 -0.623490
vn 0.698670 0.350885 -0.623490
vn 0.477621 0.400772 -0.781831
vn 0.557171 0.279822 -0.781831
vn 0.332374 0.278895 -0.900969
vn 0.387733 0.194727 -0.900969
vn 0.000000 0.000000 1.000000
vn 0.156434 0.000000 0.987688
vn 0.164061 0.013244 0.986361
vn 0.309017 0.000000 0.951057
vn 0.323647 0.026127 0.945817
vn 0.453990 0.000000 0.891007
vn 0.474404 0.038298 0.879474
vn 0.587785 0.000000 0.809017
vn 0.612221 0.049424 0.789141
vn 0.707107 0.000000 0.707107
vn 0.733338 0.059201 0.677282
vn 0.809017 0.000000 0.587785
vn 0.834452 0.067364 0.546948
vn 0.891007 0.000000 0.453990
vn 0.912804 0.073689 0.401695
vn 0.951057 0.000000 0.309017
vn 0.966257 0.078004 0.245485
vn 0.987688 0.000000 0.156434
vn 0.993353 0.080192 0.082579
vn 1.000000 0.000000 0.000000
vn 0.993353 0.080192 -0.082579
vn 0.987688 0.000000 -0.156434
vn 0.966257 0.078004 -0.245485
vn 0.951057 0.000000 -0.309017
vn 0.912804 0.073689 -0.401695
vn 0.891007 0.000000 -0.453990
vn 0.834452 0.067364 -0.546948
vn 0.809017 0.000000 -0.587785
vn 0.733338 0.059201 -0.677282
vn 0.707107 0.000000 -0.707107
vn 0.612221 0.049424 -0.789141
vn 0.587785 0.000000 -0.809017
vn 0.474404 0.038298 -0.879474
vn 0.453990 0.000000 -0.891007
vn 0.323647 0.026127 -0.945817
vn 0.309017 0.000000 -0.951057
vn 0.164061 0.013244 -0.986361
vn 0.156434 0.000000 -0.987688
vn 0.000000 0.000000 -1.000000
vn -0.078217 -0.135476 -0.987688
vn -0.093500 -0.135459 -0.986361
vn -0.154508 -0.267617 -0.951057
vn -0.184450 -0.267222 -0.945817
vn -0.226995 -0.393167 -0.891007
vn -0.270369 -0.391697 -0.879474
vn -0.293893 -0.509037 -0.809017
vn -0.348913 -0.505487 -0.789141
vn -0.353553 -0.612372 -0.707107
vn -0.417939 -0.605489 -0.677282
vn -0.404508 -0.700629 -0.587785
vn -0.475565 -0.688975 -0.546948
vn -0.445503 -0.771634 -0.453990
vn -0.520219 -0.753667 -0.401695
vn -0.475528 -0.823639 -0.309017
vn -0.550682 -0.797801 -0.245485
vn -0.493844 -0.855363 -0.156434
vn -0.566125 -0.820173 -0.082579
vn -0.500000 -0.866025 0.000000
vn -0.566125 -0.820173 0.082579
vn -0.493844 -0.855363 0.156434
vn -0.550682 -0.797801 0.245485
vn -0.475528 -0.823639 0.309017
vn -0.520219 -0.753667 0.401695
vn -0.445503 -0.771634 0.453990
vn -0.475565 -0.688975 0.546948
vn -0.404508 -0.700629 0.587785
vn -0.417939 -0.605489 0.677282
vn -0.353553 -0.612372 0.707107
vn -0.348913 -0.505487 0.789141
vn -0.293893 -0.509037 0.809017
vn -0.270369 -0.391697 0.879474
vn -0.226995 -0.393167 0.891007
vn -0.184450 -0.267222 0.945817
vn -0.154508 -0.267617 0.951057
vn -0.093500 -0.135459 0.986361
vn -0.078217 -0.135476 0.987688
vn 0.159812 0.039390 -0.986361
vn 0.151424 0.064516 -0.986361
vn 0.139114 0.087970 -0.986361
vn 0.123201 0.109146 -0.986361
vn 0.104097 0.127496 -0.986361
vn 0.082297 0.142543 -0.986361
vn 0.058366 0.153899 -0.986361
vn 0.032923 0.161268 -0.986361
vn 0.006628 0.164461 -0.986361
vn -0.019840 0.163395 -0.986361
vn -0.045793 0.158096 -0.986361
vn -0.070560 0.148703 -0.986361
vn -0.093500 0.135459 -0.986361
vn -0.114019 0.118706 -0.986361
vn -0.131584 0.098879 -0.986361
vn -0.145741 0.076491 -0.986361
vn -0.156124 0.052122 -0.986361
vn -0.162463 0.026403 -0.986361
vn -0.164595 0.000000 -0.986361
vn -0.162463 0.026403 0.986361
vn -0.156124 0.052122 0.986361
vn -0.145741 0.076491 0.986361
vn -0.131584 0.098879 0.986361
vn -0.114019 0.118706 0.986361
vn -0.093500 0.135459 0.986361
vn -0.070560 0.148703 0.986361
vn -0.045793 0.158096 0.986361
vn -0.019840 0.163395 0.986361
vn 0.006628 0.164461 0.986361
vn 0.032923 0.161268 0.986361
vn 0.058366 0.153899 0.986361
vn 0.082297 0.142543 0.986361
vn 0.104097 0.127496 0.986361
vn 0.123201 0.109146 0.986361
vn 0.139114 0.087970 0.986361
vn 0.151424 0.064516 0.986361
vn 0.159812 0.039390 0.986361
vn -0.114019 -0.118706 0.986361
vn -0.131584 -0.098879 0.986361
vn -0.145741 -0.076491 0.986361
vn -0.156124 -0.052122 0.986361
vn -0.162463 -0.026403 0.986361
vn -0.164595 -0.000000 0.986361
vn -0.162463 -0.026403 -0.986361
vn -0.156124 -0.052122 -0.986361
vn -0.145741 -0.076491 -0.986361
vn -0.131584 -0.098879 -0.986361
vn -0.114019 -0.118706 -0.986361
vn -0.324699 0.000000 -0.945817
vn -0.320495 0.052085 -0.945817
vn -0.307989 0.102822 -0.945817
vn -0.287507 0.150895 -0.945817
vn -0.259579 0.195061 -0.945817
vn -0.224927 0.234174 -0.945817
vn -0.184450 0.267222 -0.945817
vn -0.139196 0.293350 -0.945817
vn -0.090337 0.311880 -0.945817
vn -0.039138 0.322332 -0.945817
vn 0.013074 0.324436 -0.945817
vn 0.064948 0.318138 -0.945817
vn 0.115140 0.303599 -0.945817
vn 0.162350 0.281198 -0.945817
vn 0.205355 0.251514 -0.945817
vn 0.243041 0.215316 -0.945817
vn 0.274433 0.173541 -0.945817
vn 0.298717 0.127271 -0.945817
vn 0.315264 0.077706 -0.945817
vn -0.320495 -0.052085 -0.945817
vn -0.469784 -0.076347 -0.879474
vn -0.475947 -0.000000 -0.879474
vn -0.606259 -0.098527 -0.789141
vn -0.614213 -0.000000 -0.789141
vn -0.726196 -0.118018 -0.677282
vn -0.735724 -0.000000 -0.677282
vn -0.826325 -0.134291 -0.546948
vn -0.837166 -0.000000 -0.546948
vn -0.903914 -0.146900 -0.401695
vn -0.915773 -0.000000 -0.401695
vn -0.956847 -0.155503 -0.245485
vn -0.969400 -0.000000 -0.245485
vn -0.983679 -0.159863 -0.082579
vn -0.996584 -0.000000 -0.082579
vn -0.983679 -0.159863 0.082579
vn -0.996584 -0.000000 0.082579
vn -0.956847 -0.155503 0.245485
vn -0.969400 -0.000000 0.245485
vn -0.903914 -0.146900 0.401695
vn -0.915773 -0.000000 0.401695
vn -0.826325 -0.134291 0.546948
vn -0.837166 -0.000000 0.546948
vn -0.726196 -0.118018 0.677282
vn -0.735724 -0.000000 0.677282
vn -0.606259 -0.098527 0.789141
vn -0.614213 -0.000000 0.789141
vn -0.469784 -0.076347 0.879474
vn -0.475947 -0.000000 0.879474
vn -0.320495 -0.052085 0.945817
vn -0.324699 -0.000000 0.945817
vn -0.469784 0.076347 -0.879474
vn -0.451453 0.150717 -0.879474
vn -0.421430 0.221184 -0.879474
vn -0.380493 0.285922 -0.879474
vn -0.329700 0.343254 -0.879474
vn -0.270369 0.391697 -0.879474
vn -0.204035 0.429995 -0.879474
vn -0.132417 0.457156 -0.879474
vn -0.057369 0.472477 -0.879474
vn 0.019164 0.475561 -0.879474
vn 0.095202 0.466329 -0.879474
vn 0.168773 0.445019 -0.879474
vn 0.237974 0.412183 -0.879474
vn 0.301011 0.368671 -0.879474
vn 0.356252 0.315612 -0.879474
vn 0.402266 0.254378 -0.879474
vn 0.437862 0.186555 -0.879474
vn 0.462117 0.113902 -0.879474
vn -0.606259 0.098527 -0.789141
vn -0.582603 0.194502 -0.789141
vn -0.543858 0.285439 -0.789141
vn -0.491028 0.368984 -0.789141
vn -0.425480 0.442972 -0.789141
vn -0.348913 0.505487 -0.789141
vn -0.263308 0.554911 -0.789141
vn -0.170885 0.589962 -0.789141
vn -0.074035 0.609734 -0.789141
vn 0.024732 0.613715 -0.789141
vn 0.122858 0.601800 -0.789141
vn 0.217803 0.574299 -0.789141
vn 0.307106 0.531924 -0.789141
vn 0.388456 0.475772 -0.789141
vn 0.459745 0.407298 -0.789141
vn 0.519126 0.328276 -0.789141
vn 0.565063 0.240751 -0.789141
vn 0.596365 0.146991 -0.789141
vn -0.726196 0.118018 -0.677282
vn -0.697861 0.232980 -0.677282
vn -0.651451 0.341908 -0.677282
vn -0.588169 0.441980 -0.677282
vn -0.509654 0.530606 -0.677282
vn -0.417939 0.605489 -0.677282
vn -0.315399 0.664690 -0.677282
vn -0.204691 0.706676 -0.677282
vn -0.088682 0.730360 -0.677282
vn 0.029625 0.735127 -0.677282
vn 0.147164 0.720855 -0.677282
vn 0.260891 0.687914 -0.677282
vn 0.367862 0.637156 -0.677282
vn 0.465305 0.569895 -0.677282
vn 0.550697 0.487875 -0.677282
vn 0.621827 0.393219 -0.677282
vn 0.676851 0.288379 -0.677282
vn 0.714345 0.176070 -0.677282
vn -0.826325 0.134291 -0.546948
vn -0.794083 0.265104 -0.546948
vn -0.741274 0.389051 -0.546948
vn -0.669267 0.502921 -0.546948
vn -0.579926 0.603767 -0.546948
vn -0.475565 0.688975 -0.546948
vn -0.358887 0.756338 -0.546948
vn -0.232914 0.804114 -0.546948
vn -0.100909 0.831063 -0.546948
vn 0.033709 0.836488 -0.546948
vn 0.167455 0.820248 -0.546948
vn 0.296863 0.782764 -0.546948
vn 0.418583 0.725007 -0.546948
vn 0.529462 0.648473 -0.546948
vn 0.626628 0.555144 -0.546948
vn 0.707565 0.447437 -0.546948
vn 0.770176 0.328141 -0.546948
vn 0.812840 0.200347 -0.546948
vn -0.903914 0.146900 -0.401695
vn -0.868644 0.289996 -0.401695
vn -0.810877 0.425581 -0.401695
vn -0.732108 0.550144 -0.401695
vn -0.634378 0.660458 -0.401695
vn -0.520219 0.753667 -0.401695
vn -0.392585 0.827356 -0.401695
vn -0.254784 0.879617 -0.401695
vn -0.110384 0.909096 -0.401695
vn 0.036874 0.915031 -0.401695
vn 0.183178 0.897266 -0.401695
vn 0.324738 0.856263 -0.401695
vn 0.457887 0.793083 -0.401695
vn 0.579177 0.709363 -0.401695
vn 0.685466 0.607270 -0.401695
vn 0.774003 0.489450 -0.401695
vn 0.842493 0.358953 -0.401695
vn 0.889163 0.219159 -0.401695
vn -0.956847 0.155503 -0.245485
vn -0.919511 0.306978 -0.245485
vn -0.858361 0.450503 -0.245485
vn -0.774980 0.582360 -0.245485
vn -0.671527 0.699134 -0.245485
vn -0.550682 0.797801 -0.245485
vn -0.415575 0.875805 -0.245485
vn -0.269704 0.931127 -0.245485
vn -0.116848 0.962332 -0.245485
vn 0.039034 0.968614 -0.245485
vn 0.193905 0.949809 -0.245485
vn 0.343754 0.906405 -0.245485
vn 0.484700 0.839525 -0.245485
vn 0.613093 0.750902 -0.245485
vn 0.725607 0.642831 -0.245485
vn 0.819327 0.518111 -0.245485
vn 0.891828 0.379973 -0.245485
vn 0.941231 0.231993 -0.245485
vn -0.983679 0.159863 -0.082579
vn -0.945297 0.315586 -0.082579
vn -0.882432 0.463136 -0.082579
vn -0.796712 0.598690 -0.082579
vn -0.690358 0.718739 -0.082579
vn -0.566125 0.820173 -0.082579
vn -0.427228 0.900365 -0.082579
vn -0.277267 0.957237 -0.082579
vn -0.120125 0.989318 -0.082579
vn 0.040128 0.995776 -0.082579
vn 0.199343 0.976444 -0.082579
vn 0.353394 0.931823 -0.082579
vn 0.498292 0.863067 -0.082579
vn 0.630285 0.771959 -0.082579
vn 0.745954 0.660858 -0.082579
vn 0.842303 0.532640 -0.082579
vn 0.916837 0.390628 -0.082579
vn 0.967626 0.238498 -0.082579
vn -0.983679 0.159863 0.082579
vn -0.945297 0.315586 0.082579
vn -0.882432 0.463136 0.082579
vn -0.796712 0.598690 0.082579
vn -0.690358 0.718739 0.082579
vn -0.566125 0.820173 0.082579
vn -0.427228 0.900365 0.082579
vn -0.277267 0.957237 0.082579
vn -0.120125 0.989318 0.082579
vn 0.040128 0.995776 0.082579
vn 0.199343 0.976444 0.082579
vn 0.353394 0.931823 0.082579
vn 0.498292 0.863067 0.082579
vn 0.630285 0.771959 0.082579
vn 0.745954 0.660858 0.082579
vn 0.842303 0.532640 0.082579
vn 0.916837 0.390628 0.082579
vn 0.967626 0.238498 0.082579
vn -0.956847 0.155503 0.245485
vn -0.919511 0.306978 0.245485
vn -0.858361 0.450503 0.245485
vn -0.774980 0.582360 0.245485
vn -0.671527 0.699134 0.245485
vn -0.550682 0.797801 0.245485
vn -0.415575 0.875805 0.245485
vn -0.269704 0.931127 0.245485
vn -0.116848 0.962332 0.245485
vn 0.039034 0.968614 0.245485
vn 0.193905 0.949809 0.245485
vn 0.343754 0.906405 0.245485
vn 0.484700 0.839525 0.245485
vn 0.613093 0.750902 0.245485
vn 0.725607 0.642831 0.245485
vn 0.819327 0.518111 0.245485
vn 0.891828 0.379973 0.245485
vn 0.941231 0.231993 0.245485
vn -0.903914 0.146900 0.401695
vn -0.868644 0.289996 0.401695
vn -0.810877 0.425581 0.401695
vn -0.732108 0.550144 0.401695
vn -0.634378 0.660458 0.401695
vn -0.520219 0.753667 0.401695
vn -0.392585 0.827356 0.401695
vn -0.254784 0.879617 0.401695
vn -0.110384 0.909096 0.401695
vn 0.036874 0.915031 0.401695
vn 0.183178 0.897266 0.401695
vn 0.324738 0.856263 0.401695
vn 0.457887 0.793083 0.401695
vn 0.579177 0.709363 0.401695
vn 0.685466 0.607270 0.401695
vn 0.774003 0.489450 0.401695
vn 0.842493 0.358953 0.401695
vn 0.889163 0.219159 0.401695
vn -0.826325 0.134291 0.546948
vn -0.794083 0.265104 0.546948
vn -0.741274 0.389051 0.546948
vn -0.669267 0.502921 0.546948
vn -0.579926 0.603767 0.546948
vn -0.475565 0.688975 0.546948
vn -0.358887 0.756338 0.546948
vn -0.232914 0.804114 0.546948
vn -0.100909 0.831063 0.546948
vn 0.033709 0.836488 0.546948
vn 0.167455 0.820248 0.546948
vn 0.296863 0.782764 0.546948
vn 0.418583 0.725007 0.546948
vn 0.529462 0.648473 0.546948
vn 0.626628 0.555144 0.546948
vn 0.707565 0.447437 0.546948
vn 0.770176 0.328141 0.546948
vn 0.812840 0.200347 0.546948
vn -0.726196 0.118018 0.677282
vn -0.697861 0.232980 0.677282
vn -0.651451 0.341908 0.677282
vn -0.588169 0.441980 0.677282
vn -0.509654 0.530606 0.677282
vn -0.417939 0.605489 0.677282
vn -0.315399 0.664690 0.677282
vn -0.204691 0.706676 0.677282
vn -0.088682 0.730360 0.677282
vn 0.029625 0.735127 0.677282
vn 0.147164 0.720855 0.677282
vn 0.260891 0.687914 0.677282
vn 0.367862 0.637156 0.677282
vn 0.465305 0.569895 0.677282
vn 0.550697 0.487875 0.677282
vn 0.621827 0.393219 0.677282
vn 0.676851 0.288379 0.677282
vn 0.714345 0.176070 0.677282
vn -0.606259 0.098527 0.789141
vn -0.582603 0.194502 0.789141
vn -0.543858 0.285439 0.789141
vn -0.491028 0.368984 0.789141
vn -0.425480 0.442972 0.789141
vn -0.348913 0.505487 0.789141
vn -0.263308 0.554911 0.789141
vn -0.170885 0.589962 0.789141
vn -0.074035 0.609734 0.789141
vn 0.024732 0.613715 0.789141
vn 0.122858 0.601800 0.789141
vn 0.217803 0.574299 0.789141
vn 0.307106 0.531924 0.789141
vn 0.388456 0.475772 0.789141
vn 0.459745 0.407298 0.789141
vn 0.519126 0.328276 0.789141
vn 0.565063 0.240751 0.789141
vn 0.596365 0.146991 0.789141
vn -0.469784 0.076347 0.879474
vn -0.451453 0.150717 0.879474
vn -0.421430 0.221184 0.879474
vn -0.380493 0.285922 0.879474
vn -0.329700 0.343254 0.879474
vn -0.270369 0.391697 0.879474
vn -0.204035 0.429995 0.879474
vn -0.132417 0.457156 0.879474
vn -0.057369 0.472477 0.879474
vn 0.019164 0.475561 0.879474
vn 0.095202 0.466329 0.879474
vn 0.168773 0.445019 0.879474
vn 0.237974 0.412183 0.879474
vn 0.301011 0.368671 0.879474
vn 0.356252 0.315612 0.879474
vn 0.402266 0.254378 0.879474
vn 0.437862 0.186555 0.879474
vn 0.462117 0.113902 0.879474
vn -0.320495 0.052085 0.945817
vn -0.307989 0.102822 0.945817
vn -0.287507 0.150895 0.945817
vn -0.259579 0.195061 0.945817
vn -0.224927 0.234174 0.945817
vn -0.184450 0.267222 0.945817
vn -0.139196 0.293350 0.945817
vn -0.090337 0.311880 0.945817
vn -0.039138 0.322332 0.945817
vn 0.013074 0.324436 0.945817
vn 0.064948 0.318138 0.945817
vn 0.115140 0.303599 0.945817
vn 0.162350 0.281198 0.945817
vn 0.205355 0.251514 0.945817
vn 0.243041 0.215316 0.945817
vn 0.274433 0.173541 0.945817
vn 0.298717 0.127271 0.945817
vn 0.315264 0.077706 0.945817
vn -0.224927 -0.234174 0.945817
vn -0.259579 -0.195061 0.945817
vn -0.287507 -0.150895 0.945817
vn -0.307989 -0.102822 0.945817
vn -0.329700 -0.343254 0.879474
vn -0.380493 -0.285922 0.879474
vn -0.421430 -0.221184 0.879474
vn -0.451453 -0.150717 0.879474
vn -0.425480 -0.442972 0.789141
vn -0.491028 -0.368984 0.789141
vn -0.543858 -0.285439 0.789141
vn -0.582603 -0.194502 0.789141
vn -0.509654 -0.530606 0.677282
vn -0.588169 -0.441980 0.677282
vn -0.651451 -0.341908 0.677282
vn -0.697861 -0.232980 0.677282
vn -0.579926 -0.603767 0.546948
vn -0.669267 -0.502921 0.546948
vn -0.741274 -0.389051 0.546948
vn -0.794083 -0.265104 0.546948
vn -0.634378 -0.660458 0.401695
vn -0.732108 -0.550144 0.401695
vn -0.810877 -0.425581 0.401695
vn -0.868644 -0.289996 0.401695
vn -0.671527 -0.699134 0.245485
vn -0.774980 -0.582360 0.245485
vn -0.858361 -0.450503 0.245485
vn -0.919511 -0.306978 0.245485
vn -0.690358 -0.718739 0.082579
vn -0.796712 -0.598690 0.082579
vn -0.882432 -0.463136 0.082579
vn -0.945297 -0.315586 0.082579
vn -0.690358 -0.718739 -0.082579
vn -0.796712 -0.598690 -0.082579
vn -0.882432 -0.463136 -0.082579
vn -0.945297 -0.315586 -0.082579
vn -0.671527 -0.699134 -0.245485
vn -0.774980 -0.582360 -0.245485
vn -0.858361 -0.450503 -0.245485
vn -0.919511 -0.306978 -0.245485
vn -0.634378 -0.660458 -0.401695
vn -0.732108 -0.550144 -0.401695
vn -0.810877 -0.425581 -0.401695
vn -0.868644 -0.289996 -0.401695
vn -0.579926 -0.603767 -0.546948
vn -0.669267 -0.502921 -0.546948
vn -0.741274 -0.389051 -0.546948
vn -0.794083 -0.265104 -0.546948
vn -0.509654 -0.530606 -0.677282
vn -0.588169 -0.441980 -0.677282
vn -0.651451 -0.341908 -0.677282
vn -0.697861 -0.232980 -0.677282
vn -0.425480 -0.442972 -0.789141
vn -0.491028 -0.368984 -0.789141
vn -0.543858 -0.285439 -0.789141
vn -0.582603 -0.194502 -0.789141
vn -0.329700 -0.343254 -0.879474
vn -0.380493 -0.285922 -0.879474
vn -0.421430 -0.221184 -0.879474
vn -0.451453 -0.150717 -0.879474
vn -0.224927 -0.234174 -0.945817
vn -0.259579 -0.195061 -0.945817
vn -0.287507 -0.150895 -0.945817
vn -0.307989 -0.102822 -0.945817
vn 0.866025 -0.500000 0.000000
vn 0.866025 -0.500000 0.000000
vn 0.866025 -0.500000 0.000000
vn 0.866025 -0.500000 0.000000
vn 0.866025 -0.500000 0.000000
vn 0.866025 -0.500000 0.000000
vn 0.866025 -0.500000 0.000000
vn 0.866025 -0.500000 0.000000
vn 0.866025 -0.500000 0.000000
vn 0.866025 -0.500000 0.000000
vn 0.866025 -0.500000 0.000000
vn 0.866025 -0.500000 0.000000
vn 0.866025 -0.500000 0.000000
vn 0.866025 -0.500000 0.000000
vn 0.866025 -0.500000 0.000000
vn 0.866025 -0.500000 0.000000
vn 0.866025 -0.500000 0.000000
vn 0.866025 -0.500000 0.000000
vn 0.866025 -0.500000 0.000000
vn 0.866025 -0.500000 0.000000
vn 0.866025 -0.500000 0.000000
vn 0.866025 -0.500000 0.000000
vn 0.866025 -0.500000 0.000000
vn 0.866025 -0.500000 0.000000
vn 0.866025 -0.500000 0.000000
vn 0.866025 -0.500000 0.000000
vn 0.866025 -0.500000 0.000000
vn 0.866025 -0.500000 0.000000
vn 0.866025 -0.500000 0.000000
vn 0.866025 -0.500000 0.000000
vn 0.866025 -0.500000 0.000000
vn 0.866025 -0.500000 0.000000
vn 0.866025 -0.500000 0.000000
vn 0.866025 -0.500000 0.000000
vn 0.866025 -0.500000 0.000000
vn 0.866025 -0.500000 0.000000
vn 0.866025 -0.500000 0.000000
vn 0.866025 -0.500000 0.000000
vn 0.866025 -0.500000 0.000000
vn 0.866025 -0.500000 0.000000
vn 0.866025 -0.500000 0.000000
vn 0.866025 -0.500000 0.000000
vn 0.866025 -0.500000 0.000000
vn 0.866025 -0.500000 0.000000
vn 0.866025 -0.500000 0.000000
vn 0.866025 -0.500000 0.000000
vn 0.866025 -0.500000 0.000000
vn 0.866025 -0.500000 0.000000
vn -0.000000 -1.000000 -0.000000
vn -0.000000 -1.000000 -0.000000
vn -0.000000 -1.000000 -0.000000
vn -0.000000 -1.000000 -0.000000
vn -0.000000 -1.000000 -0.000000
vn -0.000000 -1.000000 -0.000000
vn -0.000000 -1.000000 -0.000000
vn -0.000000 -1.000000 -0.000000
vn -0.000000 -1.000000 -0.000000
vn -0.000000 -1.000000 -0.000000
vn -0.000000 -1.000000 -0.000000
vn -0.000000 -1.000000 -0.000000
vn -0.000000 -1.000000 -0.000000
vn -0.000000 -1.000000 -0.000000
vn -0.000000 -1.000000 -0.000000
vn -0.000000 -1.000000 -0.000000
vn -0.000000 -1.000000 -0.000000
vn -0.000000 -1.000000 -0.000000
vn -0.000000 -1.000000 -0.000000
vn -0.000000 -1.000000 -0.000000
vn -0.000000 -1.000000 -0.000000
vn -0.000000 -1.000000 -0.000000
vn -0.000000 -1.000000 -0.000000
vn -0.000000 -1.000000 -0.000000
vn -0.000000 -1.000000 -0.000000
vn -0.000000 -1.000000 -0.000000
vn -0.000000 -1.000000 -0.000000
vn -0.000000 -1.000000 -0.000000
vn -0.000000 -1.000000 -0.000000
vn -0.000000 -1.000000 -0.000000
vn -0.000000 -1.000000 -0.000000
vn -0.000000 -1.000000 -0.000000
vn -0.000000 -1.000000 -0.000000
vn -0.000000 -1.000000 -0.000000
vn -0.000000 -1.000000 -0.000000
vn -0.000000 -1.000000 -0.000000
vn -0.000000 -1.000000 -0.000000
vn -0.000000 -1.000000 -0.000000
vn -0.000000 -1.000000 -0.000000
vn -0.000000 -1.000000 -0.000000
vn -0.000000 -1.000000 -0.000000
vn -0.000000 -1.000000 -0.000000
vn -0.000000 -1.000000 -0.000000
vn -0.000000 -1.000000 -0.000000
vn -0.000000 -1.000000 -0.000000
vn -0.000000 -1.000000 -0.000000
vn -0.000000 -1.000000 -0.000000
vn -0.000000 -1.000000 -0.000000
usemtl Steel_-_Satin
f 1/1/1 2/2/2 54/3/3
f 54/3/3 2/2/2 3/4/4
f 54/3/3 3/4/4 53/5/5
f 53/5/5 3/4/4 4/6/6
f 53/5/5 4/6/6 52/7/7
f 52/7/7 4/6/6 5/8/8
f 52/7/7 5/8/8 51/9/9
f 51/9/9 5/8/8 6/10/10
f 51/9/9 6/10/10 50/11/11
f 50/11/11 6/10/10 7/12/12
f 50/11/11 7/12/12 49/13/13
f 49/13/13 7/12/12 8/14/14
f 49/13/13 8/14/14 48/15/15
f 48/15/15 8/14/14 9/16/16
f 48/15/15 9/16/16 47/17/17
f 47/17/17 9/16/16 10/18/18
f 47/17/17 10/18/18 46/19/19
f 46/19/19 10/18/18 11/20/20
f 46/19/19 11/20/20 45/21/21
f 45/21/21 11/20/20 12/22/22
f 45/21/21 12/22/22 44/23/23
f 44/23/23 12/22/22 13/24/24
f 44/23/23 13/24/24 43/25/25
f 43/25/25 13/24/24 14/26/26
f 43/25/25 14/26/26 42/27/27
f 42/27/27 14/26/26 15/28/28
f 15/29/28 16/30/29 67/31/30
f 67/31/30 16/30/29 17/32/31
f 67/31/30 17/32/31 66/33/32
f 66/33/32 17/32/31 18/34/33
f 66/33/32 18/34/33 65/35/34
f 65/35/34 18/34/33 19/36/35
f 65/35/34 19/36/35 64/37/36
f 64/37/36 19/36/35 20/38/37
f 64/37/36 20/38/37 63/39/38
f 63/39/38 20/38/37 21/40/39
f 63/39/38 21/40/39 62/41/40
f 62/41/40 21/40/39 22/42/41
f 62/41/40 22/42/41 61/43/42
f 61/43/42 22/42/41 23/44/43
f 61/43/42 23/44/43 60/45/44
f 60/45/44 23/44/43 24/46/45
f 60/45/44 24/46/45 59/47/46
f 59/47/46 24/46/45 25/48/47
f 59/47/46 25/48/47 58/49/48
f 58/49/48 25/48/47 26/50/49
f 58/49/48 26/50/49 57/51/50
f 57/51/50 26/50/49 27/52/51
f 57/51/50 27/52/51 56/53/52
f 56/53/52 27/52/51 28/54/53
f 56/53/52 28/54/53 55/55/54
f 55/55/54 28/54/53 1/56/1
f 42/27/27 15/57/28 120/58/55
f 120/58/55 15/59/28 133/60/56
f 133/60/56 15/61/28 146/62/57
f 146/62/57 15/63/28 159/64/58
f 159/64/58 15/65/28 172/66/59
f 172/66/59 15/67/28 106/68/60
f 81/69/61 15/70/28 185/71/62
f 185/71/62 15/72/28 198/73/63
f 198/73/63 15/74/28 211/75/64
f 211/75/64 15/76/28 224/77/65
f 224/77/65 15/78/28 119/79/66
f 119/79/66 15/80/28 29/81/67
f 107/82/68 1/83/1 236/84/69
f 236/84/69 1/85/1 223/86/70
f 223/86/70 1/87/1 210/88/71
f 210/88/71 1/89/1 197/90/72
f 197/90/72 1/91/1 93/92/73
f 93/92/73 1/93/1 94/94/74
f 184/95/75 1/96/1 171/97/76
f 171/97/76 1/98/1 158/99/77
f 158/99/77 1/100/1 145/101/78
f 145/101/78 1/102/1 132/103/79
f 132/103/79 1/104/1 54/3/3
f 55/55/54 1/105/1 237/106/80
f 237/106/80 1/107/1 250/108/81
f 250/108/81 1/109/1 80/110/82
f 80/110/82 1/111/1 41/112/83
f 68/113/84 15/114/28 262/115/85
f 262/115/85 15/116/28 249/117/86
f 249/117/86 15/118/28 67/31/30
f 29/81/67 30/119/87 119/79/66
f 119/79/66 30/119/87 118/120/88
f 119/79/66 118/120/88 224/77/65
f 224/77/65 118/120/88 225/121/89
f 224/77/65 225/121/89 211/75/64
f 211/75/64 225/121/89 212/122/90
f 211/75/64 212/122/90 198/73/63
f 198/73/63 212/122/90 199/123/91
f 198/73/63 199/123/91 185/71/62
f 185/71/62 199/123/91 186/124/92
f 185/71/62 186/124/92 81/69/61
f 81/69/61 186/124/92 82/125/93
f 81/69/61 82/125/93 106/68/60
f 106/68/60 82/125/93 105/126/94
f 106/68/60 105/126/94 172/66/59
f 172/66/59 105/126/94 173/127/95
f 172/66/59 173/127/95 159/64/58
f 159/64/58 173/127/95 160/128/96
f 159/64/58 160/128/96 146/62/57
f 146/62/57 160/128/96 147/129/97
f 146/62/57 147/129/97 133/60/56
f 133/60/56 147/129/97 134/130/98
f 133/60/56 134/130/98 120/58/55
f 120/58/55 134/130/98 121/131/99
f 120/58/55 121/131/99 42/27/27
f 42/27/27 121/131/99 43/25/25
f 15/132/28 68/113/84 29/133/67
f 29/133/67 68/113/84 69/134/100
f 29/133/67 69/134/100 30/135/87
f 30/135/87 69/134/100 70/136/101
f 30/135/87 70/136/101 31/137/102
f 31/137/102 70/136/101 71/138/103
f 31/137/102 71/138/103 32/139/104
f 32/139/104 71/138/103 72/140/105
f 32/139/104 72/140/105 33/141/106
f 33/141/106 72/140/105 73/142/107
f 33/141/106 73/142/107 34/143/108
f 34/143/108 73/142/107 74/144/109
f 34/143/108 74/144/109 35/145/110
f 35/145/110 74/144/109 75/146/111
f 35/145/110 75/146/111 36/147/112
f 36/147/112 75/146/111 76/148/113
f 36/147/112 76/148/113 37/149/114
f 37/149/114 76/148/113 77/150/115
f 37/149/114 77/150/115 38/151/116
f 38/151/116 77/150/115 78/152/117
f 38/151/116 78/152/117 39/153/118
f 39/153/118 78/152/117 79/154/119
f 39/153/118 79/154/119 40/155/120
f 40/155/120 79/154/119 80/110/82
f 40/155/120 80/110/82 41/112/83
f 30/119/87 31/156/102 118/120/88
f 118/120/88 31/156/102 117/157/121
f 118/120/88 117/157/121 225/121/89
f 225/121/89 117/157/121 226/158/122
f 225/121/89 226/158/122 212/122/90
f 212/122/90 226/158/122 213/159/123
f 212/122/90 213/159/123 199/123/91
f 199/123/91 213/159/123 200/160/124
f 199/123/91 200/160/124 186/124/92
f 186/124/92 200/160/124 187/161/125
f 186/124/92 187/161/125 82/125/93
f 82/125/93 187/161/125 83/162/126
f 82/125/93 83/162/126 105/126/94
f 105/126/94 83/162/126 104/163/127
f 105/126/94 104/163/127 173/127/95
f 173/127/95 104/163/127 174/164/128
f 173/127/95 174/164/128 160/128/96
f 160/128/96 174/164/128 161/165/129
f 160/128/96 161/165/129 147/129/97
f 147/129/97 161/165/129 148/166/130
f 147/129/97 148/166/130 134/130/98
f 134/130/98 148/166/130 135/167/131
f 134/130/98 135/167/131 121/131/99
f 121/131/99 135/167/131 122/168/132
f 121/131/99 122/168/132 43/25/25
f 43/25/25 122/168/132 44/23/23
f 31/156/102 32/169/104 117/157/121
f 117/157/121 32/169/104 116/170/133
f 117/157/121 116/170/133 226/158/122
f 226/158/122 116/170/133 227/171/134
f 226/158/122 227/171/134 213/159/123
f 213/159/123 227/171/134 214/172/135
f 213/159/123 214/172/135 200/160/124
f 200/160/124 214/172/135 201/173/136
f 200/160/124 201/173/136 187/161/125
f 187/161/125 201/173/136 188/174/137
f 187/161/125 188/174/137 83/162/126
f 83/162/126 188/174/137 84/175/138
f 83/162/126 84/175/138 104/163/127
f 104/163/127 84/175/138 103/176/139
f 104/163/127 103/176/139 174/164/128
f 174/164/128 103/176/139 175/177/140
f 174/164/128 175/177/140 161/165/129
f 161/165/129 175/177/140 162/178/141
f 161/165/129 162/178/141 148/166/130
f 148/166/130 162/178/141 149/179/142
f 148/166/130 149/179/142 135/167/131
f 135/167/131 149/179/142 136/180/143
f 135/167/131 136/180/143 122/168/132
f 122/168/132 136/180/143 123/181/144
f 122/168/132 123/181/144 44/23/23
f 44/23/23 123/181/144 45/21/21
f 32/169/104 33/182/106 116/170/133
f 116/170/133 33/182/106 115/183/145
f 116/170/133 115/183/145 227/171/134
f 227/171/134 115/183/145 228/184/146
f 227/171/134 228/184/146 214/172/135
f 214/172/135 228/184/146 215/185/147
f 214/172/135 215/185/147 201/173/136
f 201/173/136 215/185/147 202/186/148
f 201/173/136 202/186/148 188/174/137
f 188/174/137 202/186/148 189/187/149
f 188/174/137 189/187/149 84/175/138
f 84/175/138 189/187/149 85/188/150
f 84/175/138 85/188/150 103/176/139
f 103/176/139 85/188/150 102/189/151
f 103/176/139 102/189/151 175/177/140
f 175/177/140 102/189/151 176/190/152
f 175/177/140 176/190/152 162/178/141
f 162/178/141 176/190/152 163/191/153
f 162/178/141 163/191/153 149/179/142
f 149/179/142 163/191/153 150/192/154
f 149/179/142 150/192/154 136/180/143
f 136/180/143 150/192/154 137/193/155
f 136/180/143 137/193/155 123/181/144
f 123/181/144 137/193/155 124/194/156
f 123/181/144 124/194/156 45/21/21
f 45/21/21 124/194/156 46/19/19
f 33/182/106 34/195/108 115/183/145
f 115/183/145 34/195/108 114/196/157
f 115/183/145 114/196/157 228/184/146
f 228/184/146 114/196/157 229/197/158
f 228/184/146 229/197/158 215/185/147
f 215/185/147 229/197/158 216/198/159
f 215/185/147 216/198/159 202/186/148
f 202/186/148 216/198/159 203/199/160
f 202/186/148 203/199/160 189/187/149
f 189/187/149 203/199/160 190/200/161
f 189/187/149 190/200/161 85/188/150
f 85/188/150 190/200/161 86/201/162
f 85/188/150 86/201/162 102/189/151
f 102/189/151 86/201/162 101/202/163
f 102/189/151 101/202/163 176/190/152
f 176/190/152 101/202/163 177/203/164
f 176/190/152 177/203/164 163/191/153
f 163/191/153 177/203/164 164/204/165
f 163/191/153 164/204/165 150/192/154
f 150/192/154 164/204/165 151/205/166
f 150/192/154 151/205/166 137/193/155
f 137/193/155 151/205/166 138/206/167
f 137/193/155 138/206/167 124/194/156
f 124/194/156 138/206/167 125/207/168
f 124/194/156 125/207/168 46/19/19
f 46/19/19 125/207/168 47/17/17
f 34/195/108 35/208/110 114/196/157
f 114/196/157 35/208/110 113/209/169
f 114/196/157 113/209/169 229/197/158
f 229/197/158 113/209/169 230/210/170
f 229/197/158 230/210/170 216/198/159
f 216/198/159 230/210/170 217/211/171
f 216/198/159 217/211/171 203/199/160
f 203/199/160 217/211/171 204/212/172
f 203/199/160 204/212/172 190/200/161
f 190/200/161 204/212/172 191/213/173
f 190/200/161 191/213/173 86/201/162
f 86/201/162 191/213/173 87/214/174
f 86/201/162 87/214/174 101/202/163
f 101/202/163 87/214/174 100/215/175
f 101/202/163 100/215/175 177/203/164
f 177/203/164 100/215/175 178/216/176
f 177/203/164 178/216/176 164/204/165
f 164/204/165 178/216/176 165/217/177
f 164/204/165 165/217/177 151/205/166
f 151/205/166 165/217/177 152/218/178
f 151/205/166 152/218/178 138/206/167
f 138/206/167 152/218/178 139/219/179
f 138/206/167 139/219/179 125/207/168
f 125/207/168 139/219/179 126/220/180
f 125/207/168 126/220/180 47/17/17
f 47/17/17 126/220/180 48/15/15
f 35/208/110 36/221/112 113/209/169
f 113/209/169 36/221/112 112/222/181
f 113/209/169 112/222/181 230/210/170
f 230/210/170 112/222/181 231/223/182
f 230/210/170 231/223/182 217/211/171
f 217/211/171 231/223/182 218/224/183
f 217/211/171 218/224/183 204/212/172
f 204/212/172 218/224/183 205/225/184
f 204/212/172 205/225/184 191/213/173
f 191/213/173 205/225/184 192/226/185
f 191/213/173 192/226/185 87/214/174
f 87/214/174 192/226/185 88/227/186
f 87/214/174 88/227/186 100/215/175
f 100/215/175 88/227/186 99/228/187
f 100/215/175 99/228/187 178/216/176
f 178/216/176 99/228/187 179/229/188
f 178/216/176 179/229/188 165/217/177
f 165/217/177 179/229/188 166/230/189
f 165/217/177 166/230/189 152/218/178
f 152/218/178 166/230/189 153/231/190
f 152/218/178 153/231/190 139/219/179
f 139/219/179 153/231/190 140/232/191
f 139/219/179 140/232/191 126/220/180
f 126/220/180 140/232/191 127/233/192
f 126/220/180 127/233/192 48/15/15
f 48/15/15 127/233/192 49/13/13
f 36/221/112 37/234/114 112/222/181
f 112/222/181 37/234/114 111/235/193
f 112/222/181 111/235/193 231/223/182
f 231/223/182 111/235/193 232/236/194
f 231/223/182 232/236/194 218/224/183
f 218/224/183 232/236/194 219/237/195
f 218/224/183 219/237/195 205/225/184
f 205/225/184 219/237/195 206/238/196
f 205/225/184 206/238/196 192/226/185
f 192/226/185 206/238/196 193/239/197
f 192/226/185 193/239/197 88/227/186
f 88/227/186 193/239/197 89/240/198
f 88/227/186 89/240/198 99/228/187
f 99/228/187 89/240/198 98/241/199
f 99/228/187 98/241/199 179/229/188
f 179/229/188 98/241/199 180/242/200
f 179/229/188 180/242/200 166/230/189
f 166/230/189 180/242/200 167/243/201
f 166/230/189 167/243/201 153/231/190
f 153/231/190 167/243/201 154/244/202
f 153/231/190 154/244/202 140/232/191
f 140/232/191 154/244/202 141/245/203
f 140/232/191 141/245/203 127/233/192
f 127/233/192 141/245/203 128/246/204
f 127/233/192 128/246/204 49/13/13
f 49/13/13 128/246/204 50/11/11
f 37/234/114 38/247/116 111/235/193
f 111/235/193 38/247/116 110/248/205
f 111/235/193 110/248/205 232/236/194
f 232/236/194 110/248/205 233/249/206
f 232/236/194 233/249/206 219/237/195
f 219/237/195 233/249/206 220/250/207
f 219/237/195 220/250/207 206/238/196
f 206/238/196 220/250/207 207/251/208
f 206/238/196 207/251/208 193/239/197
f 193/239/197 207/251/208 194/252/209
f 193/239/197 194/252/209 89/240/198
f 89/240/198 194/252/209 90/253/210
f 89/240/198 90/253/210 98/241/199
f 98/241/199 90/253/210 97/254/211
f 98/241/199 97/254/211 180/242/200
f 180/242/200 97/254/211 181/255/212
f 180/242/200 181/255/212 167/243/201
f 167/243/201 181/255/212 168/256/213
f 167/243/201 168/256/213 154/244/202
f 154/244/202 168/256/213 155/257/214
f 154/244/202 155/257/214 141/245/203
f 141/245/203 155/257/214 142/258/215
f 141/245/203 142/258/215 128/246/204
f 128/246/204 142/258/215 129/259/216
f 128/246/204 129/259/216 50/11/11
f 50/11/11 129/259/216 51/9/9
f 38/247/116 39/260/118 110/248/205
f 110/248/205 39/260/118 109/261/217
f 110/248/205 109/261/217 233/249/206
f 233/249/206 109/261/217 234/262/218
f 233/249/206 234/262/218 220/250/207
f 220/250/207 234/262/218 221/263/219
f 220/250/207 221/263/219 207/251/208
f 207/251/208 221/263/219 208/264/220
f 207/251/208 208/264/220 194/252/209
f 194/252/209 208/264/220 195/265/221
f 194/252/209 195/265/221 90/253/210
f 90/253/210 195/265/221 91/266/222
f 90/253/210 91/266/222 97/254/211
f 97/254/211 91/266/222 96/267/223
f 97/254/211 96/267/223 181/255/212
f 181/255/212 96/267/223 182/268/224
f 181/255/212 182/268/224 168/256/213
f 168/256/213 182/268/224 169/269/225
f 168/256/213 169/269/225 155/257/214
f 155/257/214 169/269/225 156/270/226
f 155/257/214 156/270/226 142/258/215
f 142/258/215 156/270/226 143/271/227
f 142/258/215 143/271/227 129/259/216
f 129/259/216 143/271/227 130/272/228
f 129/259/216 130/272/228 51/9/9
f 51/9/9 130/272/228 52/7/7
f 39/260/118 40/273/120 109/261/217
f 109/261/217 40/273/120 108/274/229
f 109/261/217 108/274/229 234/262/218
f 234/262/218 108/274/229 235/275/230
f 234/262/218 235/275/230 221/263/219
f 221/263/219 235/275/230 222/276/231
f 221/263/219 222/276/231 208/264/220
f 208/264/220 222/276/231 209/277/232
f 208/264/220 209/277/232 195/265/221
f 195/265/221 209/277/232 196/278/233
f 195/265/221 196/278/233 91/266/222
f 91/266/222 196/278/233 92/279/234
f 91/266/222 92/279/234 96/267/223
f 96/267/223 92/279/234 95/280/235
f 96/267/223 95/280/235 182/268/224
f 182/268/224 95/280/235 183/281/236
f 182/268/224 183/281/236 169/269/225
f 169/269/225 183/281/236 170/282/237
f 169/269/225 170/282/237 156/270/226
f 156/270/226 170/282/237 157/283/238
f 156/270/226 157/283/238 143/271/227
f 143/271/227 157/283/238 144/284/239
f 143/271/227 144/284/239 130/272/228
f 130/272/228 144/284/239 131/285/240
f 130/272/228 131/285/240 52/7/7
f 52/7/7 131/285/240 53/5/5
f 40/273/120 41/286/83 108/274/229
f 108/274/229 41/286/83 107/82/68
f 108/274/229 107/82/68 235/275/230
f 235/275/230 107/82/68 236/84/69
f 235/275/230 236/84/69 222/276/231
f 222/276/231 236/84/69 223/86/70
f 222/276/231 223/86/70 209/277/232
f 209/277/232 223/86/70 210/88/71
f 209/277/232 210/88/71 196/278/233
f 196/278/233 210/88/71 197/90/72
f 196/278/233 197/90/72 92/279/234
f 92/279/234 197/90/72 93/92/73
f 92/279/234 93/92/73 95/280/235
f 95/280/235 93/92/73 94/94/74
f 95/280/235 94/94/74 183/281/236
f 183/281/236 94/94/74 184/95/75
f 183/281/236 184/95/75 170/282/237
f 170/282/237 184/95/75 171/97/76
f 170/282/237 171/97/76 157/283/238
f 157/283/238 171/97/76 158/99/77
f 157/283/238 158/99/77 144/284/239
f 144/284/239 158/99/77 145/101/78
f 144/284/239 145/101/78 131/285/240
f 131/285/240 145/101/78 132/103/79
f 131/285/240 132/103/79 53/5/5
f 53/5/5 132/103/79 54/3/3
f 41/286/83 1/287/1 107/82/68
f 106/68/60 15/288/28 81/69/61
f 56/53/52 55/55/54 238/289/241
f 238/289/241 55/55/54 237/106/80
f 238/289/241 237/106/80 251/290/242
f 251/290/242 237/106/80 250/108/81
f 251/290/242 250/108/81 79/154/119
f 79/154/119 250/108/81 80/110/82
f 57/51/50 56/53/52 239/291/243
f 239/291/243 56/53/52 238/289/241
f 239/291/243 238/289/241 252/292/244
f 252/292/244 238/289/241 251/290/242
f 252/292/244 251/290/242 78/152/117
f 78/152/117 251/290/242 79/154/119
f 58/49/48 57/51/50 240/293/245
f 240/293/245 57/51/50 239/291/243
f 240/293/245 239/291/243 253/294/246
f 253/294/246 239/291/243 252/292/244
f 253/294/246 252/292/244 77/150/115
f 77/150/115 252/292/244 78/152/117
f 59/47/46 58/49/48 241/295/247
f 241/295/247 58/49/48 240/293/245
f 241/295/247 240/293/245 254/296/248
f 254/296/248 240/293/245 253/294/246
f 254/296/248 253/294/246 76/148/113
f 76/148/113 253/294/246 77/150/115
f 60/45/44 59/47/46 242/297/249
f 242/297/249 59/47/46 241/295/247
f 242/297/249 241/295/247 255/298/250
f 255/298/250 241/295/247 254/296/248
f 255/298/250 254/296/248 75/146/111
f 75/146/111 254/296/248 76/148/113
f 61/43/42 60/45/44 243/299/251
f 243/299/251 60/45/44 242/297/249
f 243/299/251 242/297/249 256/300/252
f 256/300/252 242/297/249 255/298/250
f 256/300/252 255/298/250 74/144/109
f 74/144/109 255/298/250 75/146/111
f 62/41/40 61/43/42 244/301/253
f 244/301/253 61/43/42 243/299/251
f 244/301/253 243/299/251 257/302/254
f 257/302/254 243/299/251 256/300/252
f 257/302/254 256/300/252 73/142/107
f 73/142/107 256/300/252 74/144/109
f 63/39/38 62/41/40 245/303/255
f 245/303/255 62/41/40 244/301/253
f 245/303/255 244/301/253 258/304/256
f 258/304/256 244/301/253 257/302/254
f 258/304/256 257/302/254 72/140/105
f 72/140/105 257/302/254 73/142/107
f 64/37/36 63/39/38 246/305/257
f 246/305/257 63/39/38 245/303/255
f 246/305/257 245/303/255 259/306/258
f 259/306/258 245/303/255 258/304/256
f 259/306/258 258/304/256 71/138/103
f 71/138/103 258/304/256 72/140/105
f 65/35/34 64/37/36 247/307/259
f 247/307/259 64/37/36 246/305/257
f 247/307/259 246/305/257 260/308/260
f 260/308/260 246/305/257 259/306/258
f 260/308/260 259/306/258 70/136/101
f 70/136/101 259/306/258 71/138/103
f 249/117/86 67/31/30 66/33/32
f 66/33/32 65/35/34 248/309/261
f 248/309/261 65/35/34 247/307/259
f 248/309/261 247/307/259 261/310/262
f 261/310/262 247/307/259 260/308/260
f 261/310/262 260/308/260 69/134/100
f 69/134/100 260/308/260 70/136/101
f 261/310/262 69/134/100 68/113/84
f 261/310/262 68/113/84 262/115/85
f 94/94/74 1/311/1 184/95/75
f 262/115/85 249/117/86 248/309/261
f 248/309/261 249/117/86 66/33/32
f 262/115/85 248/309/261 261/310/262
f 263/312/263 264/313/264 315/314/265
f 315/314/265 264/313/264 265/315/266
f 315/314/265 265/315/266 314/316/267
f 314/316/267 265/315/266 266/317/268
f 314/316/267 266/317/268 313/318/269
f 313/318/269 266/317/268 267/319/270
f 313/318/269 267/319/270 312/320/271
f 312/320/271 267/319/270 268/321/272
f 312/320/271 268/321/272 311/322/273
f 311/322/273 268/321/272 269/323/274
f 311/322/273 269/323/274 310/324/275
f 310/324/275 269/323/274 270/325/276
f 310/324/275 270/325/276 309/326/277
f 309/326/277 270/325/276 271/327/278
f 309/326/277 271/327/278 308/328/279
f 308/328/279 271/327/278 272/329/280
f 308/328/279 272/329/280 307/330/281
f 307/330/281 272/329/280 273/331/282
f 307/330/281 273/331/282 306/332/283
f 306/332/283 273/331/282 274/333/284
f 306/332/283 274/333/284 305/334/285
f 305/334/285 274/333/284 275/335/286
f 305/334/285 275/335/286 304/336/287
f 304/336/287 275/335/286 276/337/288
f 304/336/287 276/337/288 303/338/289
f 303/338/289 276/337/288 1/339/290
f 1/340/290 277/341/291 328/342/292
f 328/342/292 277/341/291 278/343/293
f 328/342/292 278/343/293 327/344/294
f 327/344/294 278/343/293 279/345/295
f 327/344/294 279/345/295 326/346/296
f 326/346/296 279/345/295 280/347/297
f 326/346/296 280/347/297 325/348/298
f 325/348/298 280/347/297 281/349/299
f 325/348/298 281/349/299 324/350/300
f 324/350/300 281/349/299 282/351/301
f 324/350/300 282/351/301 323/352/302
f 323/352/302 282/351/301 283/353/303
f 323/352/302 283/353/303 322/354/304
f 322/354/304 283/353/303 284/355/305
f 322/354/304 284/355/305 321/356/306
f 321/356/306 284/355/305 285/357/307
f 321/356/306 285/357/307 320/358/308
f 320/358/308 285/357/307 286/359/309
f 320/358/308 286/359/309 319/360/310
f 319/360/310 286/359/309 287/361/311
f 319/360/310 287/361/311 318/362/312
f 318/362/312 287/361/311 288/363/313
f 318/362/312 288/363/313 317/364/314
f 317/364/314 288/363/313 289/365/315
f 317/364/314 289/365/315 316/366/316
f 316/366/316 289/365/315 263/367/263
f 303/338/289 1/368/290 381/369/317
f 381/369/317 1/370/290 394/371/318
f 394/371/318 1/372/290 407/373/319
f 407/373/319 1/374/290 420/375/320
f 420/375/320 1/376/290 433/377/321
f 433/377/321 1/378/290 367/379/322
f 342/380/323 1/381/290 446/382/324
f 446/382/324 1/383/290 459/384/325
f 459/384/325 1/385/290 472/386/326
f 472/386/326 1/387/290 485/388/327
f 485/388/327 1/389/290 380/390/328
f 380/390/328 1/391/290 290/392/329
f 368/393/330 263/394/263 497/395/331
f 497/395/331 263/396/263 484/397/332
f 484/397/332 263/398/263 471/399/333
f 471/399/333 263/400/263 458/401/334
f 458/401/334 263/402/263 354/403/335
f 354/403/335 263/404/263 355/405/336
f 445/406/337 263/407/263 432/408/338
f 432/408/338 263/409/263 419/410/339
f 419/410/339 263/411/263 406/412/340
f 406/412/340 263/413/263 393/414/341
f 393/414/341 263/415/263 315/314/265
f 316/366/316 263/416/263 498/417/342
f 498/417/342 263/418/263 511/419/343
f 511/419/343 263/420/263 341/421/344
f 341/421/344 263/422/263 302/423/345
f 329/424/346 1/425/290 523/426/347
f 523/426/347 1/427/290 510/428/348
f 510/428/348 1/429/290 328/342/292
f 290/392/329 291/430/349 380/390/328
f 380/390/328 291/430/349 379/431/350
f 380/390/328 379/431/350 485/388/327
f 485/388/327 379/431/350 486/432/351
f 485/388/327 486/432/351 472/386/326
f 472/386/326 486/432/351 473/433/352
f 472/386/326 473/433/352 459/384/325
f 459/384/325 473/433/352 460/434/353
f 459/384/325 460/434/353 446/382/324
f 446/382/324 460/434/353 447/435/354
f 446/382/324 447/435/354 342/380/323
f 342/380/323 447/435/354 343/436/355
f 342/380/323 343/436/355 367/379/322
f 367/379/322 343/436/355 366/437/356
f 367/379/322 366/437/356 433/377/321
f 433/377/321 366/437/356 434/438/357
f 433/377/321 434/438/357 420/375/320
f 420/375/320 434/438/357 421/439/358
f 420/375/320 421/439/358 407/373/319
f 407/373/319 421/439/358 408/440/359
f 407/373/319 408/440/359 394/371/318
f 394/371/318 408/440/359 395/441/360
f 394/371/318 395/441/360 381/369/317
f 381/369/317 395/441/360 382/442/361
f 381/369/317 382/442/361 303/338/289
f 303/338/289 382/442/361 304/336/287
f 1/443/290 329/424/346 290/444/329
f 290/444/329 329/424/346 330/445/362
f 290/444/329 330/445/362 291/446/349
f 291/446/349 330/445/362 331/447/363
f 291/446/349 331/447/363 292/448/364
f 292/448/364 331/447/363 332/449/365
f 292/448/364 332/449/365 293/450/366
f 293/450/366 332/449/365 333/451/367
f 293/450/366 333/451/367 294/452/368
f 294/452/368 333/451/367 334/453/369
f 294/452/368 334/453/369 295/454/370
f 295/454/370 334/453/369 335/455/371
f 295/454/370 335/455/371 296/456/372
f 296/456/372 335/455/371 336/457/373
f 296/456/372 336/457/373 297/458/374
f 297/458/374 336/457/373 337/459/375
f 297/458/374 337/459/375 298/460/376
f 298/460/376 337/459/375 338/461/377
f 298/460/376 338/461/377 299/462/378
f 299/462/378 338/461/377 339/463/379
f 299/462/378 339/463/379 300/464/380
f 300/464/380 339/463/379 340/465/381
f 300/464/380 340/465/381 301/466/382
f 301/466/382 340/465/381 341/421/344
f 301/466/382 341/421/344 302/423/345
f 291/430/349 292/467/364 379/431/350
f 379/431/350 292/467/364 378/468/383
f 379/431/350 378/468/383 486/432/351
f 486/432/351 378/468/383 487/469/384
f 486/432/351 487/469/384 473/433/352
f 473/433/352 487/469/384 474/470/385
f 473/433/352 474/470/385 460/434/353
f 460/434/353 474/470/385 461/471/386
f 460/434/353 461/471/386 447/435/354
f 447/435/354 461/471/386 448/472/387
f 447/435/354 448/472/387 343/436/355
f 343/436/355 448/472/387 344/473/388
f 343/436/355 344/473/388 366/437/356
f 366/437/356 344/473/388 365/474/389
f 366/437/356 365/474/389 434/438/357
f 434/438/357 365/474/389 435/475/390
f 434/438/357 435/475/390 421/439/358
f 421/439/358 435/475/390 422/476/391
f 421/439/358 422/476/391 408/440/359
f 408/440/359 422/476/391 409/477/392
f 408/440/359 409/477/392 395/441/360
f 395/441/360 409/477/392 396/478/393
f 395/441/360 396/478/393 382/442/361
f 382/442/361 396/478/393 383/479/394
f 382/442/361 383/479/394 304/336/287
f 304/336/287 383/479/394 305/334/285
f 292/467/364 293/480/366 378/468/383
f 378/468/383 293/480/366 377/481/395
f 378/468/383 377/481/395 487/469/384
f 487/469/384 377/481/395 488/482/396
f 487/469/384 488/482/396 474/470/385
f 474/470/385 488/482/396 475/483/397
f 474/470/385 475/483/397 461/471/386
f 461/471/386 475/483/397 462/484/398
f 461/471/386 462/484/398 448/472/387
f 448/472/387 462/484/398 449/485/399
f 448/472/387 449/485/399 344/473/388
f 344/473/388 449/485/399 345/486/400
f 344/473/388 345/486/400 365/474/389
f 365/474/389 345/486/400 364/487/401
f 365/474/389 364/487/401 435/475/390
f 435/475/390 364/487/401 436/488/402
f 435/475/390 436/488/402 422/476/391
f 422/476/391 436/488/402 423/489/403
f 422/476/391 423/489/403 409/477/392
f 409/477/392 423/489/403 410/490/404
f 409/477/392 410/490/404 396/478/393
f 396/478/393 410/490/404 397/491/405
f 396/478/393 397/491/405 383/479/394
f 383/479/394 397/491/405 384/492/406
f 383/479/394 384/492/406 305/334/285
f 305/334/285 384/492/406 306/332/283
f 293/480/366 294/493/368 377/481/395
f 377/481/395 294/493/368 376/494/407
f 377/481/395 376/494/407 488/482/396
f 488/482/396 376/494/407 489/495/408
f 488/482/396 489/495/408 475/483/397
f 475/483/397 489/495/408 476/496/409
f 475/483/397 476/496/409 462/484/398
f 462/484/398 476/496/409 463/497/410
f 462/484/398 463/497/410 449/485/399
f 449/485/399 463/497/410 450/498/411
f 449/485/399 450/498/411 345/486/400
f 345/486/400 450/498/411 346/499/412
f 345/486/400 346/499/412 364/487/401
f 364/487/401 346/499/412 363/500/413
f 364/487/401 363/500/413 436/488/402
f 436/488/402 363/500/413 437/501/414
f 436/488/402 437/501/414 423/489/403
f 423/489/403 437/501/414 424/502/415
f 423/489/403 424/502/415 410/490/404
f 410/490/404 424/502/415 411/503/416
f 410/490/404 411/503/416 397/491/405
f 397/491/405 411/503/416 398/504/417
f 397/491/405 398/504/417 384/492/406
f 384/492/406 398/504/417 385/505/418
f 384/492/406 385/505/418 306/332/283
f 306/332/283 385/505/418 307/330/281
f 294/493/368 295/506/370 376/494/407
f 376/494/407 295/506/370 375/507/419
f 376/494/407 375/507/419 489/495/408
f 489/495/408 375/507/419 490/508/420
f 489/495/408 490/508/420 476/496/409
f 476/496/409 490/508/420 477/509/421
f 476/496/409 477/509/421 463/497/410
f 463/497/410 477/509/421 464/510/422
f 463/497/410 464/510/422 450/498/411
f 450/498/411 464/510/422 451/511/423
f 450/498/411 451/511/423 346/499/412
f 346/499/412 451/511/423 347/512/424
f 346/499/412 347/512/424 363/500/413
f 363/500/413 347/512/424 362/513/425
f 363/500/413 362/513/425 437/501/414
f 437/501/414 362/513/425 438/514/426
f 437/501/414 438/514/426 424/502/415
f 424/502/415 438/514/426 425/515/427
f 424/502/415 425/515/427 411/503/416
f 411/503/416 425/515/427 412/516/428
f 411/503/416 412/516/428 398/504/417
f 398/504/417 412/516/428 399/517/429
f 398/504/417 399/517/429 385/505/418
f 385/505/418 399/517/429 386/518/430
f 385/505/418 386/518/430 307/330/281
f 307/330/281 386/518/430 308/328/279
f 295/506/370 296/519/372 375/507/419
f 375/507/419 296/519/372 374/520/431
f 375/507/419 374/520/431 490/508/420
f 490/508/420 374/520/431 491/521/432
f 490/508/420 491/521/432 477/509/421
f 477/509/421 491/521/432 478/522/433
f 477/509/421 478/522/433 464/510/422
f 464/510/422 478/522/433 465/523/434
f 464/510/422 465/523/434 451/511/423
f 451/511/423 465/523/434 452/524/435
f 451/511/423 452/524/435 347/512/424
f 347/512/424 452/524/435 348/525/436
f 347/512/424 348/525/436 362/513/425
f 362/513/425 348/525/436 361/526/437
f 362/513/425 361/526/437 438/514/426
f 438/514/426 361/526/437 439/527/438
f 438/514/426 439/527/438 425/515/427
f 425/515/427 439/527/438 426/528/439
f 425/515/427 426/528/439 412/516/428
f 412/516/428 426/528/439 413/529/440
f 412/516/428 413/529/440 399/517/429
f 399/517/429 413/529/440 400/530/441
f 399/517/429 400/530/441 386/518/430
f 386/518/430 400/530/441 387/531/442
f 386/518/430 387/531/442 308/328/279
f 308/328/279 387/531/442 309/326/277
f 296/519/372 297/532/374 374/520/431
f 374/520/431 297/532/374 373/533/443
f 374/520/431 373/533/443 491/521/432
f 491/521/432 373/533/443 492/534/444
f 491/521/432 492/534/444 478/522/433
f 478/522/433 492/534/444 479/535/445
f 478/522/433 479/535/445 465/523/434
f 465/523/434 479/535/445 466/536/446
f 465/523/434 466/536/446 452/524/435
f 452/524/435 466/536/446 453/537/447
f 452/524/435 453/537/447 348/525/436
f 348/525/436 453/537/447 349/538/448
f 348/525/436 349/538/448 361/526/437
f 361/526/437 349/538/448 360/539/449
f 361/526/437 360/539/449 439/527/438
f 439/527/438 360/539/449 440/540/450
f 439/527/438 440/540/450 426/528/439
f 426/528/439 440/540/450 427/541/451
f 426/528/439 427/541/451 413/529/440
f 413/529/440 427/541/451 414/542/452
f 413/529/440 414/542/452 400/530/441
f 400/530/441 414/542/452 401/543/453
f 400/530/441 401/543/453 387/531/442
f 387/531/442 401/543/453 388/544/454
f 387/531/442 388/544/454 309/326/277
f 309/326/277 388/544/454 310/324/275
f 297/532/374 298/545/376 373/533/443
f 373/533/443 298/545/376 372/546/455
f 373/533/443 372/546/455 492/534/444
f 492/534/444 372/546/455 493/547/456
f 492/534/444 493/547/456 479/535/445
f 479/535/445 493/547/456 480/548/457
f 479/535/445 480/548/457 466/536/446
f 466/536/446 480/548/457 467/549/458
f 466/536/446 467/549/458 453/537/447
f 453/537/447 467/549/458 454/550/459
f 453/537/447 454/550/459 349/538/448
f 349/538/448 454/550/459 350/551/460
f 349/538/448 350/551/460 360/539/449
f 360/539/449 350/551/460 359/552/461
f 360/539/449 359/552/461 440/540/450
f 440/540/450 359/552/461 441/553/462
f 440/540/450 441/553/462 427/541/451
f 427/541/451 441/553/462 428/554/463
f 427/541/451 428/554/463 414/542/452
f 414/542/452 428/554/463 415/555/464
f 414/542/452 415/555/464 401/543/453
f 401/543/453 415/555/464 402/556/465
f 401/543/453 402/556/465 388/544/454
f 388/544/454 402/556/465 389/557/466
f 388/544/454 389/557/466 310/324/275
f 310/324/275 389/557/466 311/322/273
f 298/545/376 299/558/378 372/546/455
f 372/546/455 299/558/378 371/559/467
f 372/546/455 371/559/467 493/547/456
f 493/547/456 371/559/467 494/560/468
f 493/547/456 494/560/468 480/548/457
f 480/548/457 494/560/468 481/561/469
f 480/548/457 481/561/469 467/549/458
f 467/549/458 481/561/469 468/562/470
f 467/549/458 468/562/470 454/550/459
f 454/550/459 468/562/470 455/563/471
f 454/550/459 455/563/471 350/551/460
f 350/551/460 455/563/471 351/564/472
f 350/551/460 351/564/472 359/552/461
f 359/552/461 351/564/472 358/565/473
f 359/552/461 358/565/473 441/553/462
f 441/553/462 358/565/473 442/566/474
f 441/553/462 442/566/474 428/554/463
f 428/554/463 442/566/474 429/567/475
f 428/554/463 429/567/475 415/555/464
f 415/555/464 429/567/475 416/568/476
f 415/555/464 416/568/476 402/556/465
f 402/556/465 416/568/476 403/569/477
f 402/556/465 403/569/477 389/557/466
f 389/557/466 403/569/477 390/570/478
f 389/557/466 390/570/478 311/322/273
f 311/322/273 390/570/478 312/320/271
f 299/558/378 300/571/380 371/559/467
f 371/559/467 300/571/380 370/572/479
f 371/559/467 370/572/479 494/560/468
f 494/560/468 370/572/479 495/573/480
f 494/560/468 495/573/480 481/561/469
f 481/561/469 495/573/480 482/574/481
f 481/561/469 482/574/481 468/562/470
f 468/562/470 482/574/481 469/575/482
f 468/562/470 469/575/482 455/563/471
f 455/563/471 469/575/482 456/576/483
f 455/563/471 456/576/483 351/564/472
f 351/564/472 456/576/483 352/577/484
f 351/564/472 352/577/484 358/565/473
f 358/565/473 352/577/484 357/578/485
f 358/565/473 357/578/485 442/566/474
f 442/566/474 357/578/485 443/579/486
f 442/566/474 443/579/486 429/567/475
f 429/567/475 443/579/486 430/580/487
f 429/567/475 430/580/487 416/568/476
f 416/568/476 430/580/487 417/581/488
f 416/568/476 417/581/488 403/569/477
f 403/569/477 417/581/488 404/582/489
f 403/569/477 404/582/489 390/570/478
f 390/570/478 404/582/489 391/583/490
f 390/570/478 391/583/490 312/320/271
f 312/320/271 391/583/490 313/318/269
f 300/571/380 301/584/382 370/572/479
f 370/572/479 301/584/382 369/585/491
f 370/572/479 369/585/491 495/573/480
f 495/573/480 369/585/491 496/586/492
f 495/573/480 496/586/492 482/574/481
f 482/574/481 496/586/492 483/587/493
f 482/574/481 483/587/493 469/575/482
f 469/575/482 483/587/493 470/588/494
f 469/575/482 470/588/494 456/576/483
f 456/576/483 470/588/494 457/589/495
f 456/576/483 457/589/495 352/577/484
f 352/577/484 457/589/495 353/590/496
f 352/577/484 353/590/496 357/578/485
f 357/578/485 353/590/496 356/591/497
f 357/578/485 356/591/497 443/579/486
f 443/579/486 356/591/497 444/592/498
f 443/579/486 444/592/498 430/580/487
f 430/580/487 444/592/498 431/593/499
f 430/580/487 431/593/499 417/581/488
f 417/581/488 431/593/499 418/594/500
f 417/581/488 418/594/500 404/582/489
f 404/582/489 418/594/500 405/595/501
f 404/582/489 405/595/501 391/583/490
f 391/583/490 405/595/501 392/596/502
f 391/583/490 392/596/502 313/318/269
f 313/318/269 392/596/502 314/316/267
f 301/584/382 302/597/345 369/585/491
f 369/585/491 302/597/345 368/393/330
f 369/585/491 368/393/330 496/586/492
f 496/586/492 368/393/330 497/395/331
f 496/586/492 497/395/331 483/587/493
f 483/587/493 497/395/331 484/397/332
f 483/587/493 484/397/332 470/588/494
f 470/588/494 484/397/332 471/399/333
f 470/588/494 471/399/333 457/589/495
f 457/589/495 471/399/333 458/401/334
f 457/589/495 458/401/334 353/590/496
f 353/590/496 458/401/334 354/403/335
f 353/590/496 354/403/335 356/591/497
f 356/591/497 354/403/335 355/405/336
f 356/591/497 355/405/336 444/592/498
f 444/592/498 355/405/336 445/406/337
f 444/592/498 445/406/337 431/593/499
f 431/593/499 445/406/337 432/408/338
f 431/593/499 432/408/338 418/594/500
f 418/594/500 432/408/338 419/410/339
f 418/594/500 419/410/339 405/595/501
f 405/595/501 419/410/339 406/412/340
f 405/595/501 406/412/340 392/596/502
f 392/596/502 406/412/340 393/414/341
f 392/596/502 393/414/341 314/316/267
f 314/316/267 393/414/341 315/314/265
f 302/597/345 263/598/263 368/393/330
f 367/379/322 1/599/290 342/380/323
f 317/364/314 316/366/316 499/600/503
f 499/600/503 316/366/316 498/417/342
f 499/600/503 498/417/342 512/601/504
f 512/601/504 498/417/342 511/419/343
f 512/601/504 511/419/343 340/465/381
f 340/465/381 511/419/343 341/421/344
f 318/362/312 317/364/314 500/602/505
f 500/602/505 317/364/314 499/600/503
f 500/602/505 499/600/503 513/603/506
f 513/603/506 499/600/503 512/601/504
f 513/603/506 512/601/504 339/463/379
f 339/463/379 512/601/504 340/465/381
f 319/360/310 318/362/312 501/604/507
f 501/604/507 318/362/312 500/602/505
f 501/604/507 500/602/505 514/605/508
f 514/605/508 500/602/505 513/603/506
f 514/605/508 513/603/506 338/461/377
f 338/461/377 513/603/506 339/463/379
f 320/358/308 319/360/310 502/606/509
f 502/606/509 319/360/310 501/604/507
f 502/606/509 501/604/507 515/607/510
f 515/607/510 501/604/507 514/605/508
f 515/607/510 514/605/508 337/459/375
f 337/459/375 514/605/508 338/461/377
f 321/356/306 320/358/308 503/608/511
f 503/608/511 320/358/308 502/606/509
f 503/608/511 502/606/509 516/609/512
f 516/609/512 502/606/509 515/607/510
f 516/609/512 515/607/510 336/457/373
f 336/457/373 515/607/510 337/459/375
f 322/354/304 321/356/306 504/610/513
f 504/610/513 321/356/306 503/608/511
f 504/610/513 503/608/511 517/611/514
f 517/611/514 503/608/511 516/609/512
f 517/611/514 516/609/512 335/455/371
f 335/455/371 516/609/512 336/457/373
f 323/352/302 322/354/304 505/612/515
f 505/612/515 322/354/304 504/610/513
f 505/612/515 504/610/513 518/613/516
f 518/613/516 504/610/513 517/611/514
f 518/613/516 517/611/514 334/453/369
f 334/453/369 517/611/514 335/455/371
f 324/350/300 323/352/302 506/614/517
f 506/614/517 323/352/302 505/612/515
f 506/614/517 505/612/515 519/615/518
f 519/615/518 505/612/515 518/613/516
f 519/615/518 518/613/516 333/451/367
f 333/451/367 518/613/516 334/453/369
f 325/348/298 324/350/300 507/616/519
f 507/616/519 324/350/300 506/614/517
f 507/616/519 506/614/517 520/617/520
f 520/617/520 506/614/517 519/615/518
f 520/617/520 519/615/518 332/449/365
f 332/449/365 519/615/518 333/451/367
f 326/346/296 325/348/298 508/618/521
f 508/618/521 325/348/298 507/616/519
f 508/618/521 507/616/519 521/619/522
f 521/619/522 507/616/519 520/617/520
f 521/619/522 520/617/520 331/447/363
f 331/447/363 520/617/520 332/449/365
f 510/428/348 328/342/292 327/344/294
f 327/344/294 326/346/296 509/620/523
f 509/620/523 326/346/296 508/618/521
f 509/620/523 508/618/521 522/621/524
f 522/621/524 508/618/521 521/619/522
f 522/621/524 521/619/522 330/445/362
f 330/445/362 521/619/522 331/447/363
f 522/621/524 330/445/362 329/424/346
f 522/621/524 329/424/346 523/426/347
f 355/405/336 263/622/263 445/406/337
f 523/426/347 510/428/348 509/620/523
f 509/620/523 510/428/348 327/344/294
f 523/426/347 509/620/523 522/621/524
f 15/623/525 524/624/526 597/625/527
f 597/625/527 524/624/526 525/626/528
f 597/625/527 525/626/528 596/627/529
f 596/627/529 525/626/528 526/628/530
f 596/627/529 526/628/530 595/629/531
f 595/629/531 526/628/530 527/630/532
f 595/629/531 527/630/532 594/631/533
f 594/631/533 527/630/532 528/632/534
f 594/631/533 528/632/534 593/633/535
f 593/633/535 528/632/534 529/634/536
f 593/633/535 529/634/536 592/635/537
f 592/635/537 529/634/536 530/636/538
f 592/635/537 530/636/538 591/637/539
f 591/637/539 530/636/538 531/638/540
f 591/637/539 531/638/540 590/639/541
f 590/639/541 531/638/540 532/640/542
f 590/639/541 532/640/542 589/641/543
f 589/641/543 532/640/542 533/642/544
f 589/641/543 533/642/544 588/643/545
f 588/643/545 533/642/544 534/644/546
f 588/643/545 534/644/546 587/645/547
f 587/645/547 534/644/546 535/646/548
f 587/645/547 535/646/548 586/647/549
f 586/647/549 535/646/548 536/648/550
f 586/647/549 536/648/550 585/649/551
f 585/649/551 536/648/550 537/650/552
f 585/649/551 537/650/552 584/651/553
f 584/651/553 537/650/552 538/652/554
f 584/651/553 538/652/554 583/653/555
f 583/653/555 538/652/554 539/654/556
f 583/653/555 539/654/556 582/655/557
f 582/655/557 539/654/556 540/656/558
f 582/655/557 540/656/558 581/657/559
f 581/657/559 540/656/558 541/658/560
f 581/657/559 541/658/560 580/659/561
f 580/659/561 541/658/560 542/660/562
f 580/659/561 542/660/562 263/661/563
f 263/662/563 543/663/564 615/664/565
f 615/664/565 543/663/564 544/665/566
f 615/664/565 544/665/566 614/666/567
f 614/666/567 544/665/566 545/667/568
f 614/666/567 545/667/568 613/668/569
f 613/668/569 545/667/568 546/669/570
f 613/668/569 546/669/570 612/670/571
f 612/670/571 546/669/570 547/671/572
f 612/670/571 547/671/572 611/672/573
f 611/672/573 547/671/572 548/673/574
f 611/672/573 548/673/574 610/674/575
f 610/674/575 548/673/574 549/675/576
f 610/674/575 549/675/576 609/676/577
f 609/676/577 549/675/576 550/677/578
f 609/676/577 550/677/578 608/678/579
f 608/678/579 550/677/578 551/679/580
f 608/678/579 551/679/580 607/680/581
f 607/680/581 551/679/580 552/681/582
f 607/680/581 552/681/582 606/682/583
f 606/682/583 552/681/582 553/683/584
f 606/682/583 553/683/584 605/684/585
f 605/684/585 553/683/584 554/685/586
f 605/684/585 554/685/586 604/686/587
f 604/686/587 554/685/586 555/687/588
f 604/686/587 555/687/588 603/688/589
f 603/688/589 555/687/588 556/689/590
f 603/688/589 556/689/590 602/690/591
f 602/690/591 556/689/590 557/691/592
f 602/690/591 557/691/592 601/692/593
f 601/692/593 557/691/592 558/693/594
f 601/692/593 558/693/594 600/694/595
f 600/694/595 558/693/594 559/695/596
f 600/694/595 559/695/596 599/696/597
f 599/696/597 559/695/596 560/697/598
f 599/696/597 560/697/598 598/698/599
f 598/698/599 560/697/598 561/699/600
f 598/698/599 561/699/600 15/700/525
f 580/659/561 263/701/563 688/702/601
f 688/702/601 263/703/563 706/704/602
f 706/704/602 263/705/563 724/706/603
f 724/706/603 263/707/563 742/708/604
f 742/708/604 263/709/563 760/710/605
f 760/710/605 263/711/563 778/712/606
f 778/712/606 263/713/563 796/714/607
f 796/714/607 263/715/563 814/716/608
f 814/716/608 263/717/563 669/718/609
f 634/719/610 263/720/563 832/721/611
f 832/721/611 263/722/563 850/723/612
f 850/723/612 263/724/563 868/725/613
f 868/725/613 263/726/563 886/727/614
f 886/727/614 263/728/563 904/729/615
f 904/729/615 263/730/563 922/731/616
f 922/731/616 263/732/563 940/733/617
f 940/733/617 263/734/563 687/735/618
f 687/735/618 263/736/563 562/737/619
f 670/738/620 15/739/525 957/740/621
f 957/740/621 15/741/525 939/742/622
f 939/742/622 15/743/525 921/744/623
f 921/744/623 15/745/525 903/746/624
f 903/746/624 15/747/525 885/748/625
f 885/748/625 15/749/525 867/750/626
f 867/750/626 15/751/525 849/752/627
f 849/752/627 15/753/525 651/754/628
f 651/754/628 15/755/525 652/756/629
f 831/757/630 15/758/525 813/759/631
f 813/759/631 15/760/525 795/761/632
f 795/761/632 15/762/525 777/763/633
f 777/763/633 15/764/525 759/765/634
f 759/765/634 15/766/525 741/767/635
f 741/767/635 15/768/525 723/769/636
f 723/769/636 15/770/525 705/771/637
f 705/771/637 15/772/525 597/625/527
f 598/698/599 15/773/525 958/774/638
f 958/774/638 15/775/525 976/776/639
f 976/776/639 15/777/525 994/778/640
f 994/778/640 15/779/525 1012/780/641
f 1012/780/641 15/781/525 633/782/642
f 633/782/642 15/783/525 579/784/643
f 616/785/644 263/786/563 1029/787/645
f 1029/787/645 263/788/563 1011/789/646
f 1011/789/646 263/790/563 993/791/647
f 993/791/647 263/792/563 975/793/648
f 975/793/648 263/794/563 615/664/565
f 562/737/619 563/795/649 687/735/618
f 687/735/618 563/795/649 686/796/650
f 687/735/618 686/796/650 940/733/617
f 940/733/617 686/796/650 941/797/651
f 940/733/617 941/797/651 922/731/616
f 922/731/616 941/797/651 923/798/652
f 922/731/616 923/798/652 904/729/615
f 904/729/615 923/798/652 905/799/653
f 904/729/615 905/799/653 886/727/614
f 886/727/614 905/799/653 887/800/654
f 886/727/614 887/800/654 868/725/613
f 868/725/613 887/800/654 869/801/655
f 868/725/613 869/801/655 850/723/612
f 850/723/612 869/801/655 851/802/656
f 850/723/612 851/802/656 832/721/611
f 832/721/611 851/802/656 833/803/657
f 832/721/611 833/803/657 634/719/610
f 634/719/610 833/803/657 635/804/658
f 634/719/610 635/804/658 669/718/609
f 669/718/609 635/804/658 668/805/659
f 669/718/609 668/805/659 814/716/608
f 814/716/608 668/805/659 815/806/660
f 814/716/608 815/806/660 796/714/607
f 796/714/607 815/806/660 797/807/661
f 796/714/607 797/807/661 778/712/606
f 778/712/606 797/807/661 779/808/662
f 778/712/606 779/808/662 760/710/605
f 760/710/605 779/808/662 761/809/663
f 760/710/605 761/809/663 742/708/604
f 742/708/604 761/809/663 743/810/664
f 742/708/604 743/810/664 724/706/603
f 724/706/603 743/810/664 725/811/665
f 724/706/603 725/811/665 706/704/602
f 706/704/602 725/811/665 707/812/666
f 706/704/602 707/812/666 688/702/601
f 688/702/601 707/812/666 689/813/667
f 688/702/601 689/813/667 580/659/561
f 580/659/561 689/813/667 581/657/559
f 263/814/563 616/785/644 562/815/619
f 562/815/619 616/785/644 617/816/668
f 562/815/619 617/816/668 563/817/649
f 563/817/649 617/816/668 618/818/669
f 563/817/649 618/818/669 564/819/670
f 564/819/670 618/818/669 619/820/671
f 564/819/670 619/820/671 565/821/672
f 565/821/672 619/820/671 620/822/673
f 565/821/672 620/822/673 566/823/674
f 566/823/674 620/822/673 621/824/675
f 566/823/674 621/824/675 567/825/676
f 567/825/676 621/824/675 622/826/677
f 567/825/676 622/826/677 568/827/678
f 568/827/678 622/826/677 623/828/679
f 568/827/678 623/828/679 569/829/680
f 569/829/680 623/828/679 624/830/681
f 569/829/680 624/830/681 570/831/682
f 570/831/682 624/830/681 625/832/683
f 570/831/682 625/832/683 571/833/684
f 571/833/684 625/832/683 626/834/685
f 571/833/684 626/834/685 572/835/686
f 572/835/686 626/834/685 627/836/687
f 572/835/686 627/836/687 573/837/688
f 573/837/688 627/836/687 628/838/689
f 573/837/688 628/838/689 574/839/690
f 574/839/690 628/838/689 629/840/691
f 574/839/690 629/840/691 575/841/692
f 575/841/692 629/840/691 630/842/693
f 575/841/692 630/842/693 576/843/694
f 576/843/694 630/842/693 631/844/695
f 576/843/694 631/844/695 577/845/696
f 577/845/696 631/844/695 632/846/697
f 577/845/696 632/846/697 578/847/698
f 578/847/698 632/846/697 633/782/642
f 578/847/698 633/782/642 579/784/643
f 563/795/649 564/848/670 686/796/650
f 686/796/650 564/848/670 685/849/699
f 686/796/650 685/849/699 941/797/651
f 941/797/651 685/849/699 942/850/700
f 941/797/651 942/850/700 923/798/652
f 923/798/652 942/850/700 924/851/701
f 923/798/652 924/851/701 905/799/653
f 905/799/653 924/851/701 906/852/702
f 905/799/653 906/852/702 887/800/654
f 887/800/654 906/852/702 888/853/703
f 887/800/654 888/853/703 869/801/655
f 869/801/655 888/853/703 870/854/704
f 869/801/655 870/854/704 851/802/656
f 851/802/656 870/854/704 852/855/705
f 851/802/656 852/855/705 833/803/657
f 833/803/657 852/855/705 834/856/706
f 833/803/657 834/856/706 635/804/658
f 635/804/658 834/856/706 636/857/707
f 635/804/658 636/857/707 668/805/659
f 668/805/659 636/857/707 667/858/708
f 668/805/659 667/858/708 815/806/660
f 815/806/660 667/858/708 816/859/709
f 815/806/660 816/859/709 797/807/661
f 797/807/661 816/859/709 798/860/710
f 797/807/661 798/860/710 779/808/662
f 779/808/662 798/860/710 780/861/711
f 779/808/662 780/861/711 761/809/663
f 761/809/663 780/861/711 762/862/712
f 761/809/663 762/862/712 743/810/664
f 743/810/664 762/862/712 744/863/713
f 743/810/664 744/863/713 725/811/665
f 725/811/665 744/863/713 726/864/714
f 725/811/665 726/864/714 707/812/666
f 707/812/666 726/864/714 708/865/715
f 707/812/666 708/865/715 689/813/667
f 689/813/667 708/865/715 690/866/716
f 689/813/667 690/866/716 581/657/559
f 581/657/559 690/866/716 582/655/557
f 564/848/670 565/867/672 685/849/699
f 685/849/699 565/867/672 684/868/717
f 685/849/699 684/868/717 942/850/700
f 942/850/700 684/868/717 943/869/718
f 942/850/700 943/869/718 924/851/701
f 924/851/701 943/869/718 925/870/719
f 924/851/701 925/870/719 906/852/702
f 906/852/702 925/870/719 907/871/720
f 906/852/702 907/871/720 888/853/703
f 888/853/703 907/871/720 889/872/721
f 888/853/703 889/872/721 870/854/704
f 870/854/704 889/872/721 871/873/722
f 870/854/704 871/873/722 852/855/705
f 852/855/705 871/873/722 853/874/723
f 852/855/705 853/874/723 834/856/706
f 834/856/706 853/874/723 835/875/724
f 834/856/706 835/875/724 636/857/707
f 636/857/707 835/875/724 637/876/725
f 636/857/707 637/876/725 667/858/708
f 667/858/708 637/876/725 666/877/726
f 667/858/708 666/877/726 816/859/709
f 816/859/709 666/877/726 817/878/727
f 816/859/709 817/878/727 798/860/710
f 798/860/710 817/878/727 799/879/728
f 798/860/710 799/879/728 780/861/711
f 780/861/711 799/879/728 781/880/729
f 780/861/711 781/880/729 762/862/712
f 762/862/712 781/880/729 763/881/730
f 762/862/712 763/881/730 744/863/713
f 744/863/713 763/881/730 745/882/731
f 744/863/713 745/882/731 726/864/714
f 726/864/714 745/882/731 727/883/732
f 726/864/714 727/883/732 708/865/715
f 708/865/715 727/883/732 709/884/733
f 708/865/715 709/884/733 690/866/716
f 690/866/716 709/884/733 691/885/734
f 690/866/716 691/885/734 582/655/557
f 582/655/557 691/885/734 583/653/555
f 565/867/672 566/886/674 684/868/717
f 684/868/717 566/886/674 683/887/735
f 684/868/717 683/887/735 943/869/718
f 943/869/718 683/887/735 944/888/736
f 943/869/718 944/888/736 925/870/719
f 925/870/719 944/888/736 926/889/737
f 925/870/719 926/889/737 907/871/720
f 907/871/720 926/889/737 908/890/738
f 907/871/720 908/890/738 889/872/721
f 889/872/721 908/890/738 890/891/739
f 889/872/721 890/891/739 871/873/722
f 871/873/722 890/891/739 872/892/740
f 871/873/722 872/892/740 853/874/723
f 853/874/723 872/892/740 854/893/741
f 853/874/723 854/893/741 835/875/724
f 835/875/724 854/893/741 836/894/742
f 835/875/724 836/894/742 637/876/725
f 637/876/725 836/894/742 638/895/743
f 637/876/725 638/895/743 666/877/726
f 666/877/726 638/895/743 665/896/744
f 666/877/726 665/896/744 817/878/727
f 817/878/727 665/896/744 818/897/745
f 817/878/727 818/897/745 799/879/728
f 799/879/728 818/897/745 800/898/746
f 799/879/728 800/898/746 781/880/729
f 781/880/729 800/898/746 782/899/747
f 781/880/729 782/899/747 763/881/730
f 763/881/730 782/899/747 764/900/748
f 763/881/730 764/900/748 745/882/731
f 745/882/731 764/900/748 746/901/749
f 745/882/731 746/901/749 727/883/732
f 727/883/732 746/901/749 728/902/750
f 727/883/732 728/902/750 709/884/733
f 709/884/733 728/902/750 710/903/751
f 709/884/733 710/903/751 691/885/734
f 691/885/734 710/903/751 692/904/752
f 691/885/734 692/904/752 583/653/555
f 583/653/555 692/904/752 584/651/553
f 566/886/674 567/905/676 683/887/735
f 683/887/735 567/905/676 682/906/753
f 683/887/735 682/906/753 944/888/736
f 944/888/736 682/906/753 945/907/754
f 944/888/736 945/907/754 926/889/737
f 926/889/737 945/907/754 927/908/755
f 926/889/737 927/908/755 908/890/738
f 908/890/738 927/908/755 909/909/756
f 908/890/738 909/909/756 890/891/739
f 890/891/739 909/909/756 891/910/757
f 890/891/739 891/910/757 872/892/740
f 872/892/740 891/910/757 873/911/758
f 872/892/740 873/911/758 854/893/741
f 854/893/741 873/911/758 855/912/759
f 854/893/741 855/912/759 836/894/742
f 836/894/742 855/912/759 837/913/760
f 836/894/742 837/913/760 638/895/743
f 638/895/743 837/913/760 639/914/761
f 638/895/743 639/914/761 665/896/744
f 665/896/744 639/914/761 664/915/762
f 665/896/744 664/915/762 818/897/745
f 818/897/745 664/915/762 819/916/763
f 818/897/745 819/916/763 800/898/746
f 800/898/746 819/916/763 801/917/764
f 800/898/746 801/917/764 782/899/747
f 782/899/747 801/917/764 783/918/765
f 782/899/747 783/918/765 764/900/748
f 764/900/748 783/918/765 765/919/766
f 764/900/748 765/919/766 746/901/749
f 746/901/749 765/919/766 747/920/767
f 746/901/749 747/920/767 728/902/750
f 728/902/750 747/920/767 729/921/768
f 728/902/750 729/921/768 710/903/751
f 710/903/751 729/921/768 711/922/769
f 710/903/751 711/922/769 692/904/752
f 692/904/752 711/922/769 693/923/770
f 692/904/752 693/923/770 584/651/553
f 584/651/553 693/923/770 585/649/551
f 567/905/676 568/924/678 682/906/753
f 682/906/753 568/924/678 681/925/771
f 682/906/753 681/925/771 945/907/754
f 945/907/754 681/925/771 946/926/772
f 945/907/754 946/926/772 927/908/755
f 927/908/755 946/926/772 928/927/773
f 927/908/755 928/927/773 909/909/756
f 909/909/756 928/927/773 910/928/774
f 909/909/756 910/928/774 891/910/757
f 891/910/757 910/928/774 892/929/775
f 891/910/757 892/929/775 873/911/758
f 873/911/758 892/929/775 874/930/776
f 873/911/758 874/930/776 855/912/759
f 855/912/759 874/930/776 856/931/777
f 855/912/759 856/931/777 837/913/760
f 837/913/760 856/931/777 838/932/778
f 837/913/760 838/932/778 639/914/761
f 639/914/761 838/932/778 640/933/779
f 639/914/761 640/933/779 664/915/762
f 664/915/762 640/933/779 663/934/780
f 664/915/762 663/934/780 819/916/763
f 819/916/763 663/934/780 820/935/781
f 819/916/763 820/935/781 801/917/764
f 801/917/764 820/935/781 802/936/782
f 801/917/764 802/936/782 783/918/765
f 783/918/765 802/936/782 784/937/783
f 783/918/765 784/937/783 765/919/766
f 765/919/766 784/937/783 766/938/784
f 765/919/766 766/938/784 747/920/767
f 747/920/767 766/938/784 748/939/785
f 747/920/767 748/939/785 729/921/768
f 729/921/768 748/939/785 730/940/786
f 729/921/768 730/940/786 711/922/769
f 711/922/769 730/940/786 712/941/787
f 711/922/769 712/941/787 693/923/770
f 693/923/770 712/941/787 694/942/788
f 693/923/770 694/942/788 585/649/551
f 585/649/551 694/942/788 586/647/549
f 568/924/678 569/943/680 681/925/771
f 681/925/771 569/943/680 680/944/789
f 681/925/771 680/944/789 946/926/772
f 946/926/772 680/944/789 947/945/790
f 946/926/772 947/945/790 928/927/773
f 928/927/773 947/945/790 929/946/791
f 928/927/773 929/946/791 910/928/774
f 910/928/774 929/946/791 911/947/792
f 910/928/774 911/947/792 892/929/775
f 892/929/775 911/947/792 893/948/793
f 892/929/775 893/948/793 874/930/776
f 874/930/776 893/948/793 875/949/794
f 874/930/776 875/949/794 856/931/777
f 856/931/777 875/949/794 857/950/795
f 856/931/777 857/950/795 838/932/778
f 838/932/778 857/950/795 839/951/796
f 838/932/778 839/951/796 640/933/779
f 640/933/779 839/951/796 641/952/797
f 640/933/779 641/952/797 663/934/780
f 663/934/780 641/952/797 662/953/798
f 663/934/780 662/953/798 820/935/781
f 820/935/781 662/953/798 821/954/799
f 820/935/781 821/954/799 802/936/782
f 802/936/782 821/954/799 803/955/800
f 802/936/782 803/955/800 784/937/783
f 784/937/783 803/955/800 785/956/801
f 784/937/783 785/956/801 766/938/784
f 766/938/784 785/956/801 767/957/802
f 766/938/784 767/957/802 748/939/785
f 748/939/785 767/957/802 749/958/803
f 748/939/785 749/958/803 730/940/786
f 730/940/786 749/958/803 731/959/804
f 730/940/786 731/959/804 712/941/787
f 712/941/787 731/959/804 713/960/805
f 712/941/787 713/960/805 694/942/788
f 694/942/788 713/960/805 695/961/806
f 694/942/788 695/961/806 586/647/549
f 586/647/549 695/961/806 587/645/547
f 569/943/680 570/962/682 680/944/789
f 680/944/789 570/962/682 679/963/807
f 680/944/789 679/963/807 947/945/790
f 947/945/790 679/963/807 948/964/808
f 947/945/790 948/964/808 929/946/791
f 929/946/791 948/964/808 930/965/809
f 929/946/791 930/965/809 911/947/792
f 911/947/792 930/965/809 912/966/810
f 911/947/792 912/966/810 893/948/793
f 893/948/793 912/966/810 894/967/811
f 893/948/793 894/967/811 875/949/794
f 875/949/794 894/967/811 876/968/812
f 875/949/794 876/968/812 857/950/795
f 857/950/795 876/968/812 858/969/813
f 857/950/795 858/969/813 839/951/796
f 839/951/796 858/969/813 840/970/814
f 839/951/796 840/970/814 641/952/797
f 641/952/797 840/970/814 642/971/815
f 641/952/797 642/971/815 662/953/798
f 662/953/798 642/971/815 661/972/816
f 662/953/798 661/972/816 821/954/799
f 821/954/799 661/972/816 822/973/817
f 821/954/799 822/973/817 803/955/800
f 803/955/800 822/973/817 804/974/818
f 803/955/800 804/974/818 785/956/801
f 785/956/801 804/974/818 786/975/819
f 785/956/801 786/975/819 767/957/802
f 767/957/802 786/975/819 768/976/820
f 767/957/802 768/976/820 749/958/803
f 749/958/803 768/976/820 750/977/821
f 749/958/803 750/977/821 731/959/804
f 731/959/804 750/977/821 732/978/822
f 731/959/804 732/978/822 713/960/805
f 713/960/805 732/978/822 714/979/823
f 713/960/805 714/979/823 695/961/806
f 695/961/806 714/979/823 696/980/824
f 695/961/806 696/980/824 587/645/547
f 587/645/547 696/980/824 588/643/545
f 570/962/682 571/981/684 679/963/807
f 679/963/807 571/981/684 678/982/825
f 679/963/807 678/982/825 948/964/808
f 948/964/808 678/982/825 949/983/826
f 948/964/808 949/983/826 930/965/809
f 930/965/809 949/983/826 931/984/827
f 930/965/809 931/984/827 912/966/810
f 912/966/810 931/984/827 913/985/828
f 912/966/810 913/985/828 894/967/811
f 894/967/811 913/985/828 895/986/829
f 894/967/811 895/986/829 876/968/812
f 876/968/812 895/986/829 877/987/830
f 876/968/812 877/987/830 858/969/813
f 858/969/813 877/987/830 859/988/831
f 858/969/813 859/988/831 840/970/814
f 840/970/814 859/988/831 841/989/832
f 840/970/814 841/989/832 642/971/815
f 642/971/815 841/989/832 643/990/833
f 642/971/815 643/990/833 661/972/816
f 661/972/816 643/990/833 660/991/834
f 661/972/816 660/991/834 822/973/817
f 822/973/817 660/991/834 823/992/835
f 822/973/817 823/992/835 804/974/818
f 804/974/818 823/992/835 805/993/836
f 804/974/818 805/993/836 786/975/819
f 786/975/819 805/993/836 787/994/837
f 786/975/819 787/994/837 768/976/820
f 768/976/820 787/994/837 769/995/838
f 768/976/820 769/995/838 750/977/821
f 750/977/821 769/995/838 751/996/839
f 750/977/821 751/996/839 732/978/822
f 732/978/822 751/996/839 733/997/840
f 732/978/822 733/997/840 714/979/823
f 714/979/823 733/997/840 715/998/841
f 714/979/823 715/998/841 696/980/824
f 696/980/824 715/998/841 697/999/842
f 696/980/824 697/999/842 588/643/545
f 588/643/545 697/999/842 589/641/543
f 571/981/684 572/1000/686 678/982/825
f 678/982/825 572/1000/686 677/1001/843
f 678/982/825 677/1001/843 949/983/826
f 949/983/826 677/1001/843 950/1002/844
f 949/983/826 950/1002/844 931/984/827
f 931/984/827 950/1002/844 932/1003/845
f 931/984/827 932/1003/845 913/985/828
f 913/985/828 932/1003/845 914/1004/846
f 913/985/828 914/1004/846 895/986/829
f 895/986/829 914/1004/846 896/1005/847
f 895/986/829 896/1005/847 877/987/830
f 877/987/830 896/1005/847 878/1006/848
f 877/987/830 878/1006/848 859/988/831
f 859/988/831 878/1006/848 860/1007/849
f 859/988/831 860/1007/849 841/989/832
f 841/989/832 860/1007/849 842/1008/850
f 841/989/832 842/1008/850 643/990/833
f 643/990/833 842/1008/850 644/1009/851
f 643/990/833 644/1009/851 660/991/834
f 660/991/834 644/1009/851 659/1010/852
f 660/991/834 659/1010/852 823/992/835
f 823/992/835 659/1010/852 824/1011/853
f 823/992/835 824/1011/853 805/993/836
f 805/993/836 824/1011/853 806/1012/854
f 805/993/836 806/1012/854 787/994/837
f 787/994/837 806/1012/854 788/1013/855
f 787/994/837 788/1013/855 769/995/838
f 769/995/838 788/1013/855 770/1014/856
f 769/995/838 770/1014/856 751/996/839
f 751/996/839 770/1014/856 752/1015/857
f 751/996/839 752/1015/857 733/997/840
f 733/997/840 752/1015/857 734/1016/858
f 733/997/840 734/1016/858 715/998/841
f 715/998/841 734/1016/858 716/1017/859
f 715/998/841 716/1017/859 697/999/842
f 697/999/842 716/1017/859 698/1018/860
f 697/999/842 698/1018/860 589/641/543
f 589/641/543 698/1018/860 590/639/541
f 572/1000/686 573/1019/688 677/1001/843
f 677/1001/843 573/1019/688 676/1020/861
f 677/1001/843 676/1020/861 950/1002/844
f 950/1002/844 676/1020/861 951/1021/862
f 950/1002/844 951/1021/862 932/1003/845
f 932/1003/845 951/1021/862 933/1022/863
f 932/1003/845 933/1022/863 914/1004/846
f 914/1004/846 933/1022/863 915/1023/864
f 914/1004/846 915/1023/864 896/1005/847
f 896/1005/847 915/1023/864 897/1024/865
f 896/1005/847 897/1024/865 878/1006/848
f 878/1006/848 897/1024/865 879/1025/866
f 878/1006/848 879/1025/866 860/1007/849
f 860/1007/849 879/1025/866 861/1026/867
f 860/1007/849 861/1026/867 842/1008/850
f 842/1008/850 861/1026/867 843/1027/868
f 842/1008/850 843/1027/868 644/1009/851
f 644/1009/851 843/1027/868 645/1028/869
f 644/1009/851 645/1028/869 659/1010/852
f 659/1010/852 645/1028/869 658/1029/870
f 659/1010/852 658/1029/870 824/1011/853
f 824/1011/853 658/1029/870 825/1030/871
f 824/1011/853 825/1030/871 806/1012/854
f 806/1012/854 825/1030/871 807/1031/872
f 806/1012/854 807/1031/872 788/1013/855
f 788/1013/855 807/1031/872 789/1032/873
f 788/1013/855 789/1032/873 770/1014/856
f 770/1014/856 789/1032/873 771/1033/874
f 770/1014/856 771/1033/874 752/1015/857
f 752/1015/857 771/1033/874 753/1034/875
f 752/1015/857 753/1034/875 734/1016/858
f 734/1016/858 753/1034/875 735/1035/876
f 734/1016/858 735/1035/876 716/1017/859
f 716/1017/859 735/1035/876 717/1036/877
f 716/1017/859 717/1036/877 698/1018/860
f 698/1018/860 717/1036/877 699/1037/878
f 698/1018/860 699/1037/878 590/639/541
f 590/639/541 699/1037/878 591/637/539
f 573/1019/688 574/1038/690 676/1020/861
f 676/1020/861 574/1038/690 675/1039/879
f 676/1020/861 675/1039/879 951/1021/862
f 951/1021/862 675/1039/879 952/1040/880
f 951/1021/862 952/1040/880 933/1022/863
f 933/1022/863 952/1040/880 934/1041/881
f 933/1022/863 934/1041/881 915/1023/864
f 915/1023/864 934/1041/881 916/1042/882
f 915/1023/864 916/1042/882 897/1024/865
f 897/1024/865 916/1042/882 898/1043/883
f 897/1024/865 898/1043/883 879/1025/866
f 879/1025/866 898/1043/883 880/1044/884
f 879/1025/866 880/1044/884 861/1026/867
f 861/1026/867 880/1044/884 862/1045/885
f 861/1026/867 862/1045/885 843/1027/868
f 843/1027/868 862/1045/885 844/1046/886
f 843/1027/868 844/1046/886 645/1028/869
f 645/1028/869 844/1046/886 646/1047/887
f 645/1028/869 646/1047/887 658/1029/870
f 658/1029/870 646/1047/887 657/1048/888
f 658/1029/870 657/1048/888 825/1030/871
f 825/1030/871 657/1048/888 826/1049/889
f 825/1030/871 826/1049/889 807/1031/872
f 807/1031/872 826/1049/889 808/1050/890
f 807/1031/872 808/1050/890 789/1032/873
f 789/1032/873 808/1050/890 790/1051/891
f 789/1032/873 790/1051/891 771/1033/874
f 771/1033/874 790/1051/891 772/1052/892
f 771/1033/874 772/1052/892 753/1034/875
f 753/1034/875 772/1052/892 754/1053/893
f 753/1034/875 754/1053/893 735/1035/876
f 735/1035/876 754/1053/893 736/1054/894
f 735/1035/876 736/1054/894 717/1036/877
f 717/1036/877 736/1054/894 718/1055/895
f 717/1036/877 718/1055/895 699/1037/878
f 699/1037/878 718/1055/895 700/1056/896
f 699/1037/878 700/1056/896 591/637/539
f 591/637/539 700/1056/896 592/635/537
f 574/1038/690 575/1057/692 675/1039/879
f 675/1039/879 575/1057/692 674/1058/897
f 675/1039/879 674/1058/897 952/1040/880
f 952/1040/880 674/1058/897 953/1059/898
f 952/1040/880 953/1059/898 934/1041/881
f 934/1041/881 953/1059/898 935/1060/899
f 934/1041/881 935/1060/899 916/1042/882
f 916/1042/882 935/1060/899 917/1061/900
f 916/1042/882 917/1061/900 898/1043/883
f 898/1043/883 917/1061/900 899/1062/901
f 898/1043/883 899/1062/901 880/1044/884
f 880/1044/884 899/1062/901 881/1063/902
f 880/1044/884 881/1063/902 862/1045/885
f 862/1045/885 881/1063/902 863/1064/903
f 862/1045/885 863/1064/903 844/1046/886
f 844/1046/886 863/1064/903 845/1065/904
f 844/1046/886 845/1065/904 646/1047/887
f 646/1047/887 845/1065/904 647/1066/905
f 646/1047/887 647/1066/905 657/1048/888
f 657/1048/888 647/1066/905 656/1067/906
f 657/1048/888 656/1067/906 826/1049/889
f 826/1049/889 656/1067/906 827/1068/907
f 826/1049/889 827/1068/907 808/1050/890
f 808/1050/890 827/1068/907 809/1069/908
f 808/1050/890 809/1069/908 790/1051/891
f 790/1051/891 809/1069/908 791/1070/909
f 790/1051/891 791/1070/909 772/1052/892
f 772/1052/892 791/1070/909 773/1071/910
f 772/1052/892 773/1071/910 754/1053/893
f 754/1053/893 773/1071/910 755/1072/911
f 754/1053/893 755/1072/911 736/1054/894
f 736/1054/894 755/1072/911 737/1073/912
f 736/1054/894 737/1073/912 718/1055/895
f 718/1055/895 737/1073/912 719/1074/913
f 718/1055/895 719/1074/913 700/1056/896
f 700/1056/896 719/1074/913 701/1075/914
f 700/1056/896 701/1075/914 592/635/537
f 592/635/537 701/1075/914 593/633/535
f 575/1057/692 576/1076/694 674/1058/897
f 674/1058/897 576/1076/694 673/1077/915
f 674/1058/897 673/1077/915 953/1059/898
f 953/1059/898 673/1077/915 954/1078/916
f 953/1059/898 954/1078/916 935/1060/899
f 935/1060/899 954/1078/916 936/1079/917
f 935/1060/899 936/1079/917 917/1061/900
f 917/1061/900 936/1079/917 918/1080/918
f 917/1061/900 918/1080/918 899/1062/901
f 899/1062/901 918/1080/918 900/1081/919
f 899/1062/901 900/1081/919 881/1063/902
f 881/1063/902 900/1081/919 882/1082/920
f 881/1063/902 882/1082/920 863/1064/903
f 863/1064/903 882/1082/920 864/1083/921
f 863/1064/903 864/1083/921 845/1065/904
f 845/1065/904 864/1083/921 846/1084/922
f 845/1065/904 846/1084/922 647/1066/905
f 647/1066/905 846/1084/922 648/1085/923
f 647/1066/905 648/1085/923 656/1067/906
f 656/1067/906 648/1085/923 655/1086/924
f 656/1067/906 655/1086/924 827/1068/907
f 827/1068/907 655/1086/924 828/1087/925
f 827/1068/907 828/1087/925 809/1069/908
f 809/1069/908 828/1087/925 810/1088/926
f 809/1069/908 810/1088/926 791/1070/909
f 791/1070/909 810/1088/926 792/1089/927
f 791/1070/909 792/1089/927 773/1071/910
f 773/1071/910 792/1089/927 774/1090/928
f 773/1071/910 774/1090/928 755/1072/911
f 755/1072/911 774/1090/928 756/1091/929
f 755/1072/911 756/1091/929 737/1073/912
f 737/1073/912 756/1091/929 738/1092/930
f 737/1073/912 738/1092/930 719/1074/913
f 719/1074/913 738/1092/930 720/1093/931
f 719/1074/913 720/1093/931 701/1075/914
f 701/1075/914 720/1093/931 702/1094/932
f 701/1075/914 702/1094/932 593/633/535
f 593/633/535 702/1094/932 594/631/533
f 576/1076/694 577/1095/696 673/1077/915
f 673/1077/915 577/1095/696 672/1096/933
f 673/1077/915 672/1096/933 954/1078/916
f 954/1078/916 672/1096/933 955/1097/934
f 954/1078/916 955/1097/934 936/1079/917
f 936/1079/917 955/1097/934 937/1098/935
f 936/1079/917 937/1098/935 918/1080/918
f 918/1080/918 937/1098/935 919/1099/936
f 918/1080/918 919/1099/936 900/1081/919
f 900/1081/919 919/1099/936 901/1100/937
f 900/1081/919 901/1100/937 882/1082/920
f 882/1082/920 901/1100/937 883/1101/938
f 882/1082/920 883/1101/938 864/1083/921
f 864/1083/921 883/1101/938 865/1102/939
f 864/1083/921 865/1102/939 846/1084/922
f 846/1084/922 865/1102/939 847/1103/940
f 846/1084/922 847/1103/940 648/1085/923
f 648/1085/923 847/1103/940 649/1104/941
f 648/1085/923 649/1104/941 655/1086/924
f 655/1086/924 649/1104/941 654/1105/942
f 655/1086/924 654/1105/942 828/1087/925
f 828/1087/925 654/1105/942 829/1106/943
f 828/1087/925 829/1106/943 810/1088/926
f 810/1088/926 829/1106/943 811/1107/944
f 810/1088/926 811/1107/944 792/1089/927
f 792/1089/927 811/1107/944 793/1108/945
f 792/1089/927 793/1108/945 774/1090/928
f 774/1090/928 793/1108/945 775/1109/946
f 774/1090/928 775/1109/946 756/1091/929
f 756/1091/929 775/1109/946 757/1110/947
f 756/1091/929 757/1110/947 738/1092/930
f 738/1092/930 757/1110/947 739/1111/948
f 738/1092/930 739/1111/948 720/1093/931
f 720/1093/931 739/1111/948 721/1112/949
f 720/1093/931 721/1112/949 702/1094/932
f 702/1094/932 721/1112/949 703/1113/950
f 702/1094/932 703/1113/950 594/631/533
f 594/631/533 703/1113/950 595/629/531
f 577/1095/696 578/1114/698 672/1096/933
f 672/1096/933 578/1114/698 671/1115/951
f 672/1096/933 671/1115/951 955/1097/934
f 955/1097/934 671/1115/951 956/1116/952
f 955/1097/934 956/1116/952 937/1098/935
f 937/1098/935 956/1116/952 938/1117/953
f 937/1098/935 938/1117/953 919/1099/936
f 919/1099/936 938/1117/953 920/1118/954
f 919/1099/936 920/1118/954 901/1100/937
f 901/1100/937 920/1118/954 902/1119/955
f 901/1100/937 902/1119/955 883/1101/938
f 883/1101/938 902/1119/955 884/1120/956
f 883/1101/938 884/1120/956 865/1102/939
f 865/1102/939 884/1120/956 866/1121/957
f 865/1102/939 866/1121/957 847/1103/940
f 847/1103/940 866/1121/957 848/1122/958
f 847/1103/940 848/1122/958 649/1104/941
f 649/1104/941 848/1122/958 650/1123/959
f 649/1104/941 650/1123/959 654/1105/942
f 654/1105/942 650/1123/959 653/1124/960
f 654/1105/942 653/1124/960 829/1106/943
f 829/1106/943 653/1124/960 830/1125/961
f 829/1106/943 830/1125/961 811/1107/944
f 811/1107/944 830/1125/961 812/1126/962
f 811/1107/944 812/1126/962 793/1108/945
f 793/1108/945 812/1126/962 794/1127/963
f 793/1108/945 794/1127/963 775/1109/946
f 775/1109/946 794/1127/963 776/1128/964
f 775/1109/946 776/1128/964 757/1110/947
f 757/1110/947 776/1128/964 758/1129/965
f 757/1110/947 758/1129/965 739/1111/948
f 739/1111/948 758/1129/965 740/1130/966
f 739/1111/948 740/1130/966 721/1112/949
f 721/1112/949 740/1130/966 722/1131/967
f 721/1112/949 722/1131/967 703/1113/950
f 703/1113/950 722/1131/967 704/1132/968
f 703/1113/950 704/1132/968 595/629/531
f 595/629/531 704/1132/968 596/627/529
f 578/1114/698 579/1133/643 671/1115/951
f 671/1115/951 579/1133/643 670/738/620
f 671/1115/951 670/738/620 956/1116/952
f 956/1116/952 670/738/620 957/740/621
f 956/1116/952 957/740/621 938/1117/953
f 938/1117/953 957/740/621 939/742/622
f 938/1117/953 939/742/622 920/1118/954
f 920/1118/954 939/742/622 921/744/623
f 920/1118/954 921/744/623 902/1119/955
f 902/1119/955 921/744/623 903/746/624
f 902/1119/955 903/746/624 884/1120/956
f 884/1120/956 903/746/624 885/748/625
f 884/1120/956 885/748/625 866/1121/957
f 866/1121/957 885/748/625 867/750/626
f 866/1121/957 867/750/626 848/1122/958
f 848/1122/958 867/750/626 849/752/627
f 848/1122/958 849/752/627 650/1123/959
f 650/1123/959 849/752/627 651/754/628
f 650/1123/959 651/754/628 653/1124/960
f 653/1124/960 651/754/628 652/756/629
f 653/1124/960 652/756/629 830/1125/961
f 830/1125/961 652/756/629 831/757/630
f 830/1125/961 831/757/630 812/1126/962
f 812/1126/962 831/757/630 813/759/631
f 812/1126/962 813/759/631 794/1127/963
f 794/1127/963 813/759/631 795/761/632
f 794/1127/963 795/761/632 776/1128/964
f 776/1128/964 795/761/632 777/763/633
f 776/1128/964 777/763/633 758/1129/965
f 758/1129/965 777/763/633 759/765/634
f 758/1129/965 759/765/634 740/1130/966
f 740/1130/966 759/765/634 741/767/635
f 740/1130/966 741/767/635 722/1131/967
f 722/1131/967 741/767/635 723/769/636
f 722/1131/967 723/769/636 704/1132/968
f 704/1132/968 723/769/636 705/771/637
f 704/1132/968 705/771/637 596/627/529
f 596/627/529 705/771/637 597/625/527
f 579/1133/643 15/1134/525 670/738/620
f 669/718/609 263/1135/563 634/719/610
f 599/696/597 598/698/599 959/1136/969
f 959/1136/969 598/698/599 958/774/638
f 959/1136/969 958/774/638 977/1137/970
f 977/1137/970 958/774/638 976/776/639
f 977/1137/970 976/776/639 995/1138/971
f 995/1138/971 976/776/639 994/778/640
f 995/1138/971 994/778/640 1013/1139/972
f 1013/1139/972 994/778/640 1012/780/641
f 1013/1139/972 1012/780/641 632/846/697
f 632/846/697 1012/780/641 633/782/642
f 600/694/595 599/696/597 960/1140/973
f 960/1140/973 599/696/597 959/1136/969
f 960/1140/973 959/1136/969 978/1141/974
f 978/1141/974 959/1136/969 977/1137/970
f 978/1141/974 977/1137/970 996/1142/975
f 996/1142/975 977/1137/970 995/1138/971
f 996/1142/975 995/1138/971 1014/1143/976
f 1014/1143/976 995/1138/971 1013/1139/972
f 1014/1143/976 1013/1139/972 631/844/695
f 631/844/695 1013/1139/972 632/846/697
f 601/692/593 600/694/595 961/1144/977
f 961/1144/977 600/694/595 960/1140/973
f 961/1144/977 960/1140/973 979/1145/978
f 979/1145/978 960/1140/973 978/1141/974
f 979/1145/978 978/1141/974 997/1146/979
f 997/1146/979 978/1141/974 996/1142/975
f 997/1146/979 996/1142/975 1015/1147/980
f 1015/1147/980 996/1142/975 1014/1143/976
f 1015/1147/980 1014/1143/976 630/842/693
f 630/842/693 1014/1143/976 631/844/695
f 602/690/591 601/692/593 962/1148/981
f 962/1148/981 601/692/593 961/1144/977
f 962/1148/981 961/1144/977 980/1149/982
f 980/1149/982 961/1144/977 979/1145/978
f 980/1149/982 979/1145/978 998/1150/983
f 998/1150/983 979/1145/978 997/1146/979
f 998/1150/983 997/1146/979 1016/1151/984
f 1016/1151/984 997/1146/979 1015/1147/980
f 1016/1151/984 1015/1147/980 629/840/691
f 629/840/691 1015/1147/980 630/842/693
f 603/688/589 602/690/591 963/1152/985
f 963/1152/985 602/690/591 962/1148/981
f 963/1152/985 962/1148/981 981/1153/986
f 981/1153/986 962/1148/981 980/1149/982
f 981/1153/986 980/1149/982 999/1154/987
f 999/1154/987 980/1149/982 998/1150/983
f 999/1154/987 998/1150/983 1017/1155/988
f 1017/1155/988 998/1150/983 1016/1151/984
f 1017/1155/988 1016/1151/984 628/838/689
f 628/838/689 1016/1151/984 629/840/691
f 604/686/587 603/688/589 964/1156/989
f 964/1156/989 603/688/589 963/1152/985
f 964/1156/989 963/1152/985 982/1157/990
f 982/1157/990 963/1152/985 981/1153/986
f 982/1157/990 981/1153/986 1000/1158/991
f 1000/1158/991 981/1153/986 999/1154/987
f 1000/1158/991 999/1154/987 1018/1159/992
f 1018/1159/992 999/1154/987 1017/1155/988
f 1018/1159/992 1017/1155/988 627/836/687
f 627/836/687 1017/1155/988 628/838/689
f 605/684/585 604/686/587 965/1160/993
f 965/1160/993 604/686/587 964/1156/989
f 965/1160/993 964/1156/989 983/1161/994
f 983/1161/994 964/1156/989 982/1157/990
f 983/1161/994 982/1157/990 1001/1162/995
f 1001/1162/995 982/1157/990 1000/1158/991
f 1001/1162/995 1000/1158/991 1019/1163/996
f 1019/1163/996 1000/1158/991 1018/1159/992
f 1019/1163/996 1018/1159/992 626/834/685
f 626/834/685 1018/1159/992 627/836/687
f 606/682/583 605/684/585 966/1164/997
f 966/1164/997 605/684/585 965/1160/993
f 966/1164/997 965/1160/993 984/1165/998
f 984/1165/998 965/1160/993 983/1161/994
f 984/1165/998 983/1161/994 1002/1166/999
f 1002/1166/999 983/1161/994 1001/1162/995
f 1002/1166/999 1001/1162/995 1020/1167/1000
f 1020/1167/1000 1001/1162/995 1019/1163/996
f 1020/1167/1000 1019/1163/996 625/832/683
f 625/832/683 1019/1163/996 626/834/685
f 607/680/581 606/682/583 967/1168/1001
f 967/1168/1001 606/682/583 966/1164/997
f 967/1168/1001 966/1164/997 985/1169/1002
f 985/1169/1002 966/1164/997 984/1165/998
f 985/1169/1002 984/1165/998 1003/1170/1003
f 1003/1170/1003 984/1165/998 1002/1166/999
f 1003/1170/1003 1002/1166/999 1021/1171/1004
f 1021/1171/1004 1002/1166/999 1020/1167/1000
f 1021/1171/1004 1020/1167/1000 624/830/681
f 624/830/681 1020/1167/1000 625/832/683
f 608/678/579 607/680/581 968/1172/1005
f 968/1172/1005 607/680/581 967/1168/1001
f 968/1172/1005 967/1168/1001 986/1173/1006
f 986/1173/1006 967/1168/1001 985/1169/1002
f 986/1173/1006 985/1169/1002 1004/1174/1007
f 1004/1174/1007 985/1169/1002 1003/1170/1003
f 1004/1174/1007 1003/1170/1003 1022/1175/1008
f 1022/1175/1008 1003/1170/1003 1021/1171/1004
f 1022/1175/1008 1021/1171/1004 623/828/679
f 623/828/679 1021/1171/1004 624/830/681
f 609/676/577 608/678/579 969/1176/1009
f 969/1176/1009 608/678/579 968/1172/1005
f 969/1176/1009 968/1172/1005 987/1177/1010
f 987/1177/1010 968/1172/1005 986/1173/1006
f 987/1177/1010 986/1173/1006 1005/1178/1011
f 1005/1178/1011 986/1173/1006 1004/1174/1007
f 1005/1178/1011 1004/1174/1007 1023/1179/1012
f 1023/1179/1012 1004/1174/1007 1022/1175/1008
f 1023/1179/1012 1022/1175/1008 622/826/677
f 622/826/677 1022/1175/1008 623/828/679
f 610/674/575 609/676/577 970/1180/1013
f 970/1180/1013 609/676/577 969/1176/1009
f 970/1180/1013 969/1176/1009 988/1181/1014
f 988/1181/1014 969/1176/1009 987/1177/1010
f 988/1181/1014 987/1177/1010 1006/1182/1015
f 1006/1182/1015 987/1177/1010 1005/1178/1011
f 1006/1182/1015 1005/1178/1011 1024/1183/1016
f 1024/1183/1016 1005/1178/1011 1023/1179/1012
f 1024/1183/1016 1023/1179/1012 621/824/675
f 621/824/675 1023/1179/1012 622/826/677
f 611/672/573 610/674/575 971/1184/1017
f 971/1184/1017 610/674/575 970/1180/1013
f 971/1184/1017 970/1180/1013 989/1185/1018
f 989/1185/1018 970/1180/1013 988/1181/1014
f 989/1185/1018 988/1181/1014 1007/1186/1019
f 1007/1186/1019 988/1181/1014 1006/1182/1015
f 1007/1186/1019 1006/1182/1015 1025/1187/1020
f 1025/1187/1020 1006/1182/1015 1024/1183/1016
f 1025/1187/1020 1024/1183/1016 620/822/673
f 620/822/673 1024/1183/1016 621/824/675
f 612/670/571 611/672/573 972/1188/1021
f 972/1188/1021 611/672/573 971/1184/1017
f 972/1188/1021 971/1184/1017 990/1189/1022
f 990/1189/1022 971/1184/1017 989/1185/1018
f 990/1189/1022 989/1185/1018 1008/1190/1023
f 1008/1190/1023 989/1185/1018 1007/1186/1019
f 1008/1190/1023 1007/1186/1019 1026/1191/1024
f 1026/1191/1024 1007/1186/1019 1025/1187/1020
f 1026/1191/1024 1025/1187/1020 619/820/671
f 619/820/671 1025/1187/1020 620/822/673
f 613/668/569 612/670/571 973/1192/1025
f 973/1192/1025 612/670/571 972/1188/1021
f 973/1192/1025 972/1188/1021 991/1193/1026
f 991/1193/1026 972/1188/1021 990/1189/1022
f 991/1193/1026 990/1189/1022 1009/1194/1027
f 1009/1194/1027 990/1189/1022 1008/1190/1023
f 1009/1194/1027 1008/1190/1023 1027/1195/1028
f 1027/1195/1028 1008/1190/1023 1026/1191/1024
f 1027/1195/1028 1026/1191/1024 618/818/669
f 618/818/669 1026/1191/1024 619/820/671
f 975/793/648 615/664/565 614/666/567
f 614/666/567 613/668/569 974/1196/1029
f 974/1196/1029 613/668/569 973/1192/1025
f 974/1196/1029 973/1192/1025 992/1197/1030
f 992/1197/1030 973/1192/1025 991/1193/1026
f 992/1197/1030 991/1193/1026 1010/1198/1031
f 1010/1198/1031 991/1193/1026 1009/1194/1027
f 1010/1198/1031 1009/1194/1027 1028/1199/1032
f 1028/1199/1032 1009/1194/1027 1027/1195/1028
f 1028/1199/1032 1027/1195/1028 617/816/668
f 617/816/668 1027/1195/1028 618/818/669
f 1028/1199/1032 617/816/668 616/785/644
f 1028/1199/1032 616/785/644 1029/787/645
f 652/756/629 15/1200/525 831/757/630
f 993/791/647 975/793/648 974/1196/1029
f 974/1196/1029 975/793/648 614/666/567
f 993/791/647 974/1196/1029 992/1197/1030
f 1011/789/646 993/791/647 992/1197/1030
f 1011/789/646 992/1197/1030 1010/1198/1031
f 1029/787/645 1011/789/646 1010/1198/1031
f 1029/787/645 1010/1198/1031 1028/1199/1032
f 15/1201/1033 561/1202/1034 16/1203/1035
f 16/1203/1035 561/1202/1034 17/1204/1036
f 17/1204/1036 561/1202/1034 560/1205/1037
f 17/1204/1036 560/1205/1037 18/1206/1038
f 18/1206/1038 560/1205/1037 19/1207/1039
f 19/1207/1039 560/1205/1037 559/1208/1040
f 19/1207/1039 559/1208/1040 20/1209/1041
f 20/1209/1041 559/1208/1040 558/1210/1042
f 20/1209/1041 558/1210/1042 21/1211/1043
f 21/1211/1043 558/1210/1042 22/1212/1044
f 22/1212/1044 558/1210/1042 557/1213/1045
f 22/1212/1044 557/1213/1045 23/1214/1046
f 23/1214/1046 557/1213/1045 556/1215/1047
f 23/1214/1046 556/1215/1047 555/1216/1048
f 555/1216/1048 554/1217/1049 23/1214/1046
f 23/1214/1046 554/1217/1049 24/1218/1050
f 24/1218/1050 554/1217/1049 281/1219/1051
f 24/1218/1050 281/1219/1051 25/1220/1052
f 25/1220/1052 281/1219/1051 280/1221/1053
f 25/1220/1052 280/1221/1053 26/1222/1054
f 26/1222/1054 280/1221/1053 279/1223/1055
f 26/1222/1054 279/1223/1055 27/1224/1056
f 27/1224/1056 279/1223/1055 278/1225/1057
f 27/1224/1056 278/1225/1057 28/1226/1058
f 28/1226/1058 278/1225/1057 277/1227/1059
f 28/1226/1058 277/1227/1059 1/1228/1060
f 554/1217/1049 553/1229/1061 281/1219/1051
f 281/1219/1051 553/1229/1061 552/1230/1062
f 281/1219/1051 552/1230/1062 551/1231/1063
f 551/1231/1063 550/1232/1064 281/1219/1051
f 281/1219/1051 550/1232/1064 282/1233/1065
f 282/1233/1065 550/1232/1064 549/1234/1066
f 282/1233/1065 549/1234/1066 548/1235/1067
f 548/1235/1067 547/1236/1068 282/1233/1065
f 282/1233/1065 547/1236/1068 283/1237/1069
f 283/1237/1069 547/1236/1068 546/1238/1070
f 283/1237/1069 546/1238/1070 284/1239/1071
f 284/1239/1071 546/1238/1070 285/1240/1072
f 285/1240/1072 546/1238/1070 545/1241/1073
f 285/1240/1072 545/1241/1073 286/1242/1074
f 286/1242/1074 545/1241/1073 544/1243/1075
f 286/1242/1074 544/1243/1075 287/1244/1076
f 287/1244/1076 544/1243/1075 288/1245/1077
f 288/1245/1077 544/1243/1075 543/1246/1078
f 288/1245/1077 543/1246/1078 289/1247/1079
f 289/1247/1079 543/1246/1078 263/1248/1080
f 263/1248/1081 542/1249/1082 264/1250/1083
f 264/1250/1083 542/1249/1082 265/1251/1084
f 265/1251/1084 542/1249/1082 541/1252/1085
f 265/1251/1084 541/1252/1085 266/1253/1086
f 266/1253/1086 541/1252/1085 267/1254/1087
f 267/1254/1087 541/1252/1085 540/1255/1088
f 267/1254/1087 540/1255/1088 268/1256/1089
f 268/1256/1089 540/1255/1088 539/1257/1090
f 268/1256/1089 539/1257/1090 269/1258/1091
f 269/1258/1091 539/1257/1090 270/1259/1092
f 270/1259/1092 539/1257/1090 538/1260/1093
f 270/1259/1092 538/1260/1093 271/1261/1094
f 271/1261/1094 538/1260/1093 537/1262/1095
f 271/1261/1094 537/1262/1095 536/1263/1096
f 536/1263/1096 535/1264/1097 271/1261/1094
f 271/1261/1094 535/1264/1097 272/1265/1098
f 272/1265/1098 535/1264/1097 534/1266/1099
f 272/1265/1098 534/1266/1099 533/1267/1100
f 533/1267/1100 532/1268/1101 272/1265/1098
f 272/1265/1098 532/1268/1101 531/1269/1102
f 272/1265/1098 531/1269/1102 6/1270/1103
f 6/1270/1103 531/1269/1102 7/1271/1104
f 7/1271/1104 531/1269/1102 530/1272/1105
f 7/1271/1104 530/1272/1105 529/1273/1106
f 529/1273/1106 528/1274/1107 7/1271/1104
f 7/1271/1104 528/1274/1107 8/1275/1108
f 8/1275/1108 528/1274/1107 527/1276/1109
f 8/1275/1108 527/1276/1109 9/1277/1110
f 9/1277/1110 527/1276/1109 10/1278/1111
f 10/1278/1111 527/1276/1109 526/1279/1112
f 10/1278/1111 526/1279/1112 11/1280/1113
f 11/1280/1113 526/1279/1112 525/1281/1114
f 11/1280/1113 525/1281/1114 12/1282/1115
f 12/1282/1115 525/1281/1114 13/1283/1116
f 13/1283/1116 525/1281/1114 524/1284/1117
f 13/1283/1116 524/1284/1117 14/1285/1118
f 14/1285/1118 524/1284/1117 15/1286/1119
f 6/1270/1103 5/1287/1120 272/1265/1098
f 272/1265/1098 5/1287/1120 273/1288/1121
f 273/1288/1121 5/1287/1120 4/1289/1122
f 273/1288/1121 4/1289/1122 274/1290/1123
f 274/1290/1123 4/1289/1122 3/1291/1124
f 274/1290/1123 3/1291/1124 275/1292/1125
f 275/1292/1125 3/1291/1124 2/1293/1126
f 275/1292/1125 2/1293/1126 276/1294/1127
f 276/1294/1127 2/1293/1126 1/1295/1128
# 1029 vertices
# 1295 texture params
# 1128 normals
# 2054 facets

# 1 groups
