                                                                        S      1
,,12Hgeometric v1,12Hgeometric v1,7Hunknown,7Hunknown,32,38,7,99,15,,1.,G      1
1,4HINCH,1,0.08,15H20250820.073243,0.000393700787401575,10000.,7HunknownG      2
,7Hunknown,11,0,15H20250820.122130;                                     G      3
     186       1                                                00000000D      1
     186            -611       1       0                               0D      2
     186       2                                                00000000D      3
     186            -611       1       0                               0D      4
     186       3                                                00000000D      5
     186            -611       1       0                               0D      6
     186       4                                                00000000D      7
     186            -611       1       0                               0D      8
     186       5                                                00000000D      9
     186            -611       1       0                               0D     10
     514       6                                                00010000D     11
     514                       1       1                               0D     12
     514       7                                                00010000D     13
     514                       1       1                               0D     14
     514       8                                                00010000D     15
     514                       1       1                               0D     16
     514       9                                                00010000D     17
     514                       1       1                               0D     18
     514      10                                                00010000D     19
     514                       2       1                               0D     20
     510      12                                                00010000D     21
     510            -611       1       1                               0D     22
     510      13                                                00010000D     23
     510            -611       1       1                               0D     24
     510      14                                                00010000D     25
     510            -611       1       1                               0D     26
     510      15                                                00010000D     27
     510            -611       1       1                               0D     28
     510      16                                                00010000D     29
     510            -611       1       1                               0D     30
     510      17                                                00010000D     31
     510            -611       1       1                               0D     32
     510      18                                                00010000D     33
     510            -611       1       1                               0D     34
     510      19                                                00010000D     35
     510            -611       1       1                               0D     36
     510      20                                                00010000D     37
     510            -611       1       1                               0D     38
     510      21                                                00010000D     39
     510            -611       1       1                               0D     40
     510      22                                                00010000D     41
     510            -611       1       1                               0D     42
     510      23                                                00010000D     43
     510            -611       1       1                               0D     44
     510      24                                                00010000D     45
     510            -611       1       1                               0D     46
     510      25                                                00010000D     47
     510            -611       1       1                               0D     48
     510      26                                                00010000D     49
     510            -611       1       1                               0D     50
     510      27                                                00010000D     51
     510            -611       1       1                               0D     52
     510      28                                                00010000D     53
     510            -611       1       1                               0D     54
     510      29                                                00010000D     55
     510            -611       1       1                               0D     56
     510      30                                                00010000D     57
     510            -611       1       1                               0D     58
     510      31                                                00010000D     59
     510            -611       1       1                               0D     60
     510      32                                                00010000D     61
     510            -611       1       1                               0D     62
     510      33                                                00010000D     63
     510            -611       1       1                               0D     64
     510      34                                                00010000D     65
     510            -611       1       1                               0D     66
     510      35                                                00010000D     67
     510            -611       1       1                               0D     68
     510      36                                                00010000D     69
     510            -611       1       1                               0D     70
     510      37                                                00010000D     71
     510            -611       1       1                               0D     72
     510      38                                                00010000D     73
     510            -611       1       1                               0D     74
     510      39                                                00010000D     75
     510            -611       1       1                               0D     76
     510      40                                                00010000D     77
     510            -611       1       1                               0D     78
     510      41                                                00010000D     79
     510            -611       1       1                               0D     80
     510      42                                                00010000D     81
     510            -611       1       1                               0D     82
     510      43                                                00010000D     83
     510            -611       1       1                               0D     84
     510      44                                                00010000D     85
     510            -611       1       1                               0D     86
     510      45                                                00010000D     87
     510            -611       1       1                               0D     88
     510      46                                                00010000D     89
     510            -611       1       1                               0D     90
     510      47                                                00010000D     91
     510            -611       1       1                               0D     92
     510      48                                                00010000D     93
     510            -611       1       1                               0D     94
     510      49                                                00010000D     95
     510            -611       1       1                               0D     96
     510      50                                                00010000D     97
     510            -611       1       1                               0D     98
     510      51                                                00010000D     99
     510            -611       1       1                               0D    100
     510      52                                                00010000D    101
     510            -611       1       1                               0D    102
     510      53                                                00010000D    103
     510            -611       1       1                               0D    104
     510      54                                                00010000D    105
     510            -611       1       1                               0D    106
     510      55                                                00010000D    107
     510            -611       1       1                               0D    108
     510      56                                                00010000D    109
     510            -611       1       1                               0D    110
     510      57                                                00010000D    111
     510            -611       1       1                               0D    112
     510      58                                                00010000D    113
     510            -611       1       1                               0D    114
     510      59                                                00010000D    115
     510            -611       1       1                               0D    116
     510      60                                                00010000D    117
     510            -611       1       1                               0D    118
     510      61                                                00010000D    119
     510            -611       1       1                               0D    120
     508      62                                                00010000D    121
     508                       1       1                               0D    122
     508      63                                                00010000D    123
     508                       1       1                               0D    124
     508      64                                                00010000D    125
     508                       1       1                               0D    126
     508      65                                                00010000D    127
     508                       1       1                               0D    128
     508      66                                                00010000D    129
     508                       1       1                               0D    130
     508      67                                                00010000D    131
     508                       1       1                               0D    132
     508      68                                                00010000D    133
     508                       1       1                               0D    134
     508      69                                                00010000D    135
     508                       1       1                               0D    136
     508      70                                                00010000D    137
     508                       1       1                               0D    138
     508      71                                                00010000D    139
     508                       1       1                               0D    140
     508      72                                                00010000D    141
     508                       1       1                               0D    142
     508      73                                                00010000D    143
     508                       1       1                               0D    144
     508      74                                                00010000D    145
     508                       1       1                               0D    146
     508      75                                                00010000D    147
     508                       1       1                               0D    148
     508      76                                                00010000D    149
     508                       1       1                               0D    150
     508      77                                                00010000D    151
     508                       1       1                               0D    152
     508      78                                                00010000D    153
     508                       1       1                               0D    154
     508      79                                                00010000D    155
     508                       1       1                               0D    156
     508      80                                                00010000D    157
     508                       1       1                               0D    158
     508      81                                                00010000D    159
     508                       1       1                               0D    160
     508      82                                                00010000D    161
     508                       1       1                               0D    162
     508      83                                                00010000D    163
     508                       1       1                               0D    164
     508      84                                                00010000D    165
     508                       1       1                               0D    166
     508      85                                                00010000D    167
     508                       1       1                               0D    168
     508      86                                                00010000D    169
     508                       1       1                               0D    170
     508      87                                                00010000D    171
     508                       1       1                               0D    172
     508      88                                                00010000D    173
     508                       1       1                               0D    174
     508      89                                                00010000D    175
     508                       1       1                               0D    176
     508      90                                                00010000D    177
     508                       1       1                               0D    178
     508      91                                                00010000D    179
     508                       1       1                               0D    180
     508      92                                                00010000D    181
     508                       1       1                               0D    182
     508      93                                                00010000D    183
     508                       1       1                               0D    184
     508      94                                                00010000D    185
     508                       1       1                               0D    186
     508      95                                                00010000D    187
     508                       1       1                               0D    188
     508      96                                                00010000D    189
     508                       1       1                               0D    190
     508      97                                                00010000D    191
     508                       1       1                               0D    192
     508      98                                                00010000D    193
     508                       1       1                               0D    194
     508      99                                                00010000D    195
     508                       1       1                               0D    196
     508     100                                                00010000D    197
     508                       1       1                               0D    198
     508     101                                                00010000D    199
     508                       1       1                               0D    200
     508     102                                                00010000D    201
     508                       1       1                               0D    202
     508     103                                                00010000D    203
     508                       1       1                               0D    204
     508     104                                                00010000D    205
     508                       1       1                               0D    206
     508     105                                                00010000D    207
     508                       1       1                               0D    208
     508     106                                                00010000D    209
     508                       1       1                               0D    210
     508     107                                                00010000D    211
     508                       1       1                               0D    212
     508     108                                                00010000D    213
     508                       1       1                               0D    214
     508     109                                                00010000D    215
     508                       1       1                               0D    216
     508     110                                                00010000D    217
     508                       1       1                               0D    218
     508     111                                                00010000D    219
     508                       1       1                               0D    220
     508     112                                                00010000D    221
     508                       1       1                               0D    222
     508     113                                                00010000D    223
     508                       1       1                               0D    224
     508     114                                                00010000D    225
     508                       1       1                               0D    226
     508     115                                                00010000D    227
     508                       1       1                               0D    228
     508     116                                                00010000D    229
     508                       1       1                               0D    230
     508     117                                                00010000D    231
     508                       1       1                               0D    232
     508     118                                                00010000D    233
     508                       1       1                               0D    234
     508     119                                                00010000D    235
     508                       1       1                               0D    236
     508     120                                                00010000D    237
     508                       1       1                               0D    238
     508     121                                                00010000D    239
     508                       1       1                               0D    240
     126     122                                                00010000D    241
     126       0               4       0                               0D    242
     126     126                                                00010000D    243
     126       0               4       0                               0D    244
     126     130                                                00010000D    245
     126       0               4       0                               0D    246
     126     134                                                00010000D    247
     126       0               4       0                               0D    248
     126     138                                                00010000D    249
     126       0               4       0                               0D    250
     126     142                                                00010000D    251
     126       0               4       0                               0D    252
     126     146                                                00010000D    253
     126       0               4       0                               0D    254
     126     150                                                00010000D    255
     126       0               4       0                               0D    256
     126     154                                                00010000D    257
     126       0               3       0                               0D    258
     126     157                                                00010000D    259
     126       0               3       0                               0D    260
     126     160                                                00010000D    261
     126       0               3       0                               0D    262
     126     163                                                00010000D    263
     126       0               3       0                               0D    264
     126     166                                                00010000D    265
     126       0               3       0                               0D    266
     126     169                                                00010000D    267
     126       0               3       0                               0D    268
     126     172                                                00010000D    269
     126       0               3       0                               0D    270
     126     175                                                00010000D    271
     126       0               3       0                               0D    272
     126     178                                                00010000D    273
     126       0               3       0                               0D    274
     126     181                                                00010000D    275
     126       0               3       0                               0D    276
     126     184                                                00010000D    277
     126       0               3       0                               0D    278
     126     187                                                00010000D    279
     126       0               3       0                               0D    280
     126     190                                                00010000D    281
     126       0               3       0                               0D    282
     126     193                                                00010000D    283
     126       0               3       0                               0D    284
     126     196                                                00010000D    285
     126       0               3       0                               0D    286
     126     199                                                00010000D    287
     126       0               3       0                               0D    288
     126     202                                                00010000D    289
     126       0               4       0                               0D    290
     126     206                                                00010000D    291
     126       0               4       0                               0D    292
     126     210                                                00010000D    293
     126       0               4       0                               0D    294
     126     214                                                00010000D    295
     126       0               4       0                               0D    296
     126     218                                                00010000D    297
     126       0               4       0                               0D    298
     126     222                                                00010000D    299
     126       0               4       0                               0D    300
     126     226                                                00010000D    301
     126       0               4       0                               0D    302
     126     230                                                00010000D    303
     126       0               4       0                               0D    304
     126     234                                                00010000D    305
     126       0               3       0                               0D    306
     126     237                                                00010000D    307
     126       0               3       0                               0D    308
     126     240                                                00010000D    309
     126       0               3       0                               0D    310
     126     243                                                00010000D    311
     126       0               3       0                               0D    312
     126     246                                                00010000D    313
     126       0               3       0                               0D    314
     126     249                                                00010000D    315
     126       0               3       0                               0D    316
     126     252                                                00010000D    317
     126       0               3       0                               0D    318
     126     255                                                00010000D    319
     126       0               3       0                               0D    320
     126     258                                                00010000D    321
     126       0               3       0                               0D    322
     126     261                                                00010000D    323
     126       0               3       0                               0D    324
     126     264                                                00010000D    325
     126       0               3       0                               0D    326
     126     267                                                00010000D    327
     126       0               3       0                               0D    328
     126     270                                                00010000D    329
     126       0               3       0                               0D    330
     126     273                                                00010000D    331
     126       0               3       0                               0D    332
     126     276                                                00010000D    333
     126       0               3       0                               0D    334
     126     279                                                00010000D    335
     126       0               3       0                               0D    336
     126     282                                                00010000D    337
     126       0               4       0                               0D    338
     126     286                                                00010000D    339
     126       0               4       0                               0D    340
     126     290                                                00010000D    341
     126       0               4       0                               0D    342
     126     294                                                00010000D    343
     126       0               4       0                               0D    344
     126     298                                                00010000D    345
     126       0               4       0                               0D    346
     126     302                                                00010000D    347
     126       0               4       0                               0D    348
     126     306                                                00010000D    349
     126       0               4       0                               0D    350
     126     310                                                00010000D    351
     126       0               4       0                               0D    352
     126     314                                                00010000D    353
     126       0               3       0                               0D    354
     126     317                                                00010000D    355
     126       0               3       0                               0D    356
     126     320                                                00010000D    357
     126       0               3       0                               0D    358
     126     323                                                00010000D    359
     126       0               3       0                               0D    360
     126     326                                                00010000D    361
     126       0               3       0                               0D    362
     126     329                                                00010000D    363
     126       0               3       0                               0D    364
     126     332                                                00010000D    365
     126       0               3       0                               0D    366
     126     335                                                00010000D    367
     126       0               3       0                               0D    368
     126     338                                                00010000D    369
     126       0               3       0                               0D    370
     126     341                                                00010000D    371
     126       0               3       0                               0D    372
     126     344                                                00010000D    373
     126       0               3       0                               0D    374
     126     347                                                00010000D    375
     126       0               3       0                               0D    376
     126     350                                                00010000D    377
     126       0               3       0                               0D    378
     126     353                                                00010000D    379
     126       0               3       0                               0D    380
     126     356                                                00010000D    381
     126       0               3       0                               0D    382
     126     359                                                00010000D    383
     126       0               3       0                               0D    384
     126     362                                                00010000D    385
     126       0               4       0                               0D    386
     126     366                                                00010000D    387
     126       0               4       0                               0D    388
     126     370                                                00010000D    389
     126       0               4       0                               0D    390
     126     374                                                00010000D    391
     126       0               4       0                               0D    392
     126     378                                                00010000D    393
     126       0               4       0                               0D    394
     126     382                                                00010000D    395
     126       0               4       0                               0D    396
     126     386                                                00010000D    397
     126       0               4       0                               0D    398
     126     390                                                00010000D    399
     126       0               4       0                               0D    400
     126     394                                                00010000D    401
     126       0               3       0                               0D    402
     126     397                                                00010000D    403
     126       0               3       0                               0D    404
     126     400                                                00010000D    405
     126       0               3       0                               0D    406
     126     403                                                00010000D    407
     126       0               3       0                               0D    408
     126     406                                                00010000D    409
     126       0               3       0                               0D    410
     126     409                                                00010000D    411
     126       0               3       0                               0D    412
     126     412                                                00010000D    413
     126       0               3       0                               0D    414
     126     415                                                00010000D    415
     126       0               3       0                               0D    416
     126     418                                                00010000D    417
     126       0               3       0                               0D    418
     126     421                                                00010000D    419
     126       0               3       0                               0D    420
     126     424                                                00010000D    421
     126       0               3       0                               0D    422
     126     427                                                00010000D    423
     126       0               3       0                               0D    424
     126     430                                                00010000D    425
     126       0               3       0                               0D    426
     126     433                                                00010000D    427
     126       0               3       0                               0D    428
     126     436                                                00010000D    429
     126       0               3       0                               0D    430
     126     439                                                00010000D    431
     126       0               3       0                               0D    432
     126     442                                                00010000D    433
     126       0               3       0                               0D    434
     126     445                                                00010000D    435
     126       0               3       0                               0D    436
     126     448                                                00010000D    437
     126       0               3       0                               0D    438
     126     451                                                00010000D    439
     126       0               3       0                               0D    440
     126     454                                                00010000D    441
     126       0               3       0                               0D    442
     126     457                                                00010000D    443
     126       0               3       0                               0D    444
     126     460                                                00010000D    445
     126       0               3       0                               0D    446
     126     463                                                00010000D    447
     126       0               3       0                               0D    448
     126     466                                                00010000D    449
     126       0               3       0                               0D    450
     126     469                                                00010000D    451
     126       0               3       0                               0D    452
     126     472                                                00010000D    453
     126       0               3       0                               0D    454
     126     475                                                00010000D    455
     126       0               3       0                               0D    456
     126     478                                                00010000D    457
     126       0               3       0                               0D    458
     126     481                                                00010000D    459
     126       0               3       0                               0D    460
     126     484                                                00010000D    461
     126       0               3       0                               0D    462
     126     487                                                00010000D    463
     126       0               3       0                               0D    464
     126     490                                                00010000D    465
     126       0               3       0                               0D    466
     126     493                                                00010000D    467
     126       0               3       0                               0D    468
     126     496                                                00010000D    469
     126       0               3       0                               0D    470
     126     499                                                00010000D    471
     126       0               3       0                               0D    472
     126     502                                                00010000D    473
     126       0               3       0                               0D    474
     126     505                                                00010000D    475
     126       0               3       0                               0D    476
     126     508                                                00010000D    477
     126       0               3       0                               0D    478
     126     511                                                00010000D    479
     126       0               3       0                               0D    480
     128     514                                                00010000D    481
     128       0    -611       7       0                               0D    482
     128     521                                                00010000D    483
     128       0    -611       7       0                               0D    484
     128     528                                                00010000D    485
     128       0    -611       7       0                               0D    486
     128     535                                                00010000D    487
     128       0    -611       7       0                               0D    488
     128     542                                                00010000D    489
     128       0    -611       7       0                               0D    490
     128     549                                                00010000D    491
     128       0    -611       7       0                               0D    492
     128     556                                                00010000D    493
     128       0    -611       7       0                               0D    494
     128     563                                                00010000D    495
     128       0    -611       7       0                               0D    496
     128     570                                                00010000D    497
     128       0    -611       7       0                               0D    498
     128     577                                                00010000D    499
     128       0    -611       7       0                               0D    500
     128     584                                                00010000D    501
     128       0    -611       7       0                               0D    502
     128     591                                                00010000D    503
     128       0    -611       7       0                               0D    504
     128     598                                                00010000D    505
     128       0    -611       7       0                               0D    506
     128     605                                                00010000D    507
     128       0    -611       7       0                               0D    508
     128     612                                                00010000D    509
     128       0    -611       7       0                               0D    510
     128     619                                                00010000D    511
     128       0    -611       7       0                               0D    512
     128     626                                                00010000D    513
     128       0    -611       7       0                               0D    514
     128     633                                                00010000D    515
     128       0    -611       7       0                               0D    516
     128     640                                                00010000D    517
     128       0    -611       7       0                               0D    518
     128     647                                                00010000D    519
     128       0    -611       7       0                               0D    520
     128     654                                                00010000D    521
     128       0    -611       7       0                               0D    522
     128     661                                                00010000D    523
     128       0    -611       7       0                               0D    524
     128     668                                                00010000D    525
     128       0    -611       7       0                               0D    526
     128     675                                                00010000D    527
     128       0    -611       7       0                               0D    528
     128     682                                                00010000D    529
     128       0    -611       7       0                               0D    530
     128     689                                                00010000D    531
     128       0    -611       7       0                               0D    532
     128     696                                                00010000D    533
     128       0    -611       7       0                               0D    534
     128     703                                                00010000D    535
     128       0    -611       7       0                               0D    536
     128     710                                                00010000D    537
     128       0    -611       7       0                               0D    538
     128     717                                                00010000D    539
     128       0    -611       7       0                               0D    540
     128     724                                                00010000D    541
     128       0    -611       7       0                               0D    542
     128     731                                                00010000D    543
     128       0    -611       7       0                               0D    544
     128     738                                                00010000D    545
     128       0    -611       7       0                               0D    546
     128     745                                                00010000D    547
     128       0    -611       7       0                               0D    548
     128     752                                                00010000D    549
     128       0    -611       7       0                               0D    550
     128     759                                                00010000D    551
     128       0    -611       7       0                               0D    552
     128     766                                                00010000D    553
     128       0    -611       7       0                               0D    554
     128     773                                                00010000D    555
     128       0    -611       7       0                               0D    556
     128     780                                                00010000D    557
     128       0    -611       7       0                               0D    558
     128     787                                                00010000D    559
     128       0    -611       7       0                               0D    560
     128     794                                                00010000D    561
     128       0    -611       7       0                               0D    562
     128     801                                                00010000D    563
     128       0    -611       7       0                               0D    564
     128     808                                                00010000D    565
     128       0    -611       7       0                               0D    566
     128     815                                                00010000D    567
     128       0    -611       7       0                               0D    568
     128     822                                                00010000D    569
     128       0    -611       7       0                               0D    570
     128     829                                                00010000D    571
     128       0    -611       7       0                               0D    572
     128     836                                                00010000D    573
     128       0    -611       7       0                               0D    574
     128     843                                                00010000D    575
     128       0    -611       7       0                               0D    576
     128     850                                                00010000D    577
     128       0    -611       8       0                               0D    578
     128     858                                                00010000D    579
     128       0    -611       7       0                               0D    580
     502     865                                                00010000D    581
     502                      12       1                               0D    582
     502     877                                                00010000D    583
     502                      11       1                               0D    584
     502     888                                                00010000D    585
     502                      11       1                               0D    586
     502     899                                                00010000D    587
     502                      11       1                               0D    588
     502     910                                                00010000D    589
     502                      11       1                               0D    590
     504     921                                                00010001D    591
     504                       7       1                               0D    592
     504     928                                                00010001D    593
     504                       7       1                               0D    594
     504     935                                                00010001D    595
     504                       7       1                               0D    596
     504     942                                                00010001D    597
     504                       7       1                               0D    598
     504     949                                                00010001D    599
     504                       7       1                               0D    600
     406     956                                                00000000D    601
     406                       1      15                               0D    602
     406     957                                                00000000D    603
     406                       1      15                               0D    604
     406     958                                                00000000D    605
     406                       1      15                               0D    606
     406     959                                                00000000D    607
     406                       1      15                               0D    608
     406     960                                                00000000D    609
     406                       1      15                               0D    610
     314     961                                                00000200D    611
     314                       2       0                               0D    612
186,11,1,0,0,1,601;                                                    1P      1
186,13,1,0,0,1,603;                                                    3P      2
186,15,1,0,0,1,605;                                                    5P      3
186,17,1,0,0,1,607;                                                    7P      4
186,19,1,0,0,1,609;                                                    9P      5
514,10,21,1,23,1,25,1,27,1,29,1,31,1,33,1,35,1,37,1,39,1;             11P      6
514,10,41,1,43,1,45,1,47,1,49,1,51,1,53,1,55,1,57,1,59,1;             13P      7
514,10,61,1,63,1,65,1,67,1,69,1,71,1,73,1,75,1,77,1,79,1;             15P      8
514,10,81,1,83,1,85,1,87,1,89,1,91,1,93,1,95,1,97,1,99,1;             17P      9
514,10,101,1,103,1,105,1,107,1,109,1,111,1,113,1,115,1,117,1,         19P     10
119,1;                                                                19P     11
510,481,2,1,121,123;                                                  21P     12
510,483,1,1,125;                                                      23P     13
510,485,1,1,127;                                                      25P     14
510,487,1,1,129;                                                      27P     15
510,489,1,1,131;                                                      29P     16
510,491,1,1,133;                                                      31P     17
510,493,1,1,135;                                                      33P     18
510,495,1,1,137;                                                      35P     19
510,497,1,1,139;                                                      37P     20
510,499,2,1,141,143;                                                  39P     21
510,501,2,1,145,147;                                                  41P     22
510,503,1,1,149;                                                      43P     23
510,505,1,1,151;                                                      45P     24
510,507,1,1,153;                                                      47P     25
510,509,1,1,155;                                                      49P     26
510,511,1,1,157;                                                      51P     27
510,513,1,1,159;                                                      53P     28
510,515,1,1,161;                                                      55P     29
510,517,1,1,163;                                                      57P     30
510,519,2,1,165,167;                                                  59P     31
510,521,2,1,169,171;                                                  61P     32
510,523,1,1,173;                                                      63P     33
510,525,1,1,175;                                                      65P     34
510,527,1,1,177;                                                      67P     35
510,529,1,1,179;                                                      69P     36
510,531,1,1,181;                                                      71P     37
510,533,1,1,183;                                                      73P     38
510,535,1,1,185;                                                      75P     39
510,537,1,1,187;                                                      77P     40
510,539,2,1,189,191;                                                  79P     41
510,541,2,1,193,195;                                                  81P     42
510,543,1,1,197;                                                      83P     43
510,545,1,1,199;                                                      85P     44
510,547,1,1,201;                                                      87P     45
510,549,1,1,203;                                                      89P     46
510,551,1,1,205;                                                      91P     47
510,553,1,1,207;                                                      93P     48
510,555,1,1,209;                                                      95P     49
510,557,1,1,211;                                                      97P     50
510,559,2,1,213,215;                                                  99P     51
510,561,1,1,217;                                                     101P     52
510,563,1,1,219;                                                     103P     53
510,565,1,1,221;                                                     105P     54
510,567,1,1,223;                                                     107P     55
510,569,1,1,225;                                                     109P     56
510,571,1,1,227;                                                     111P     57
510,573,1,1,229;                                                     113P     58
510,575,1,1,231;                                                     115P     59
510,577,2,1,233,235;                                                 117P     60
510,579,2,1,237,239;                                                 119P     61
508,4,0,591,1,0,0,0,591,2,0,0,0,591,3,0,0,0,591,4,0,0;               121P     62
508,4,0,591,5,0,0,0,591,6,0,0,0,591,7,0,0,0,591,8,0,0;               123P     63
508,4,0,591,6,1,0,0,591,9,0,0,0,591,10,1,0,0,591,11,1,0;             125P     64
508,4,0,591,5,1,0,0,591,12,0,0,0,591,13,1,0,0,591,9,1,0;             127P     65
508,4,0,591,2,1,0,0,591,14,0,0,0,591,15,1,0,0,591,16,1,0;            129P     66
508,4,0,591,1,1,0,0,591,17,0,0,0,591,18,1,0,0,591,14,1,0;            131P     67
508,4,0,591,8,1,0,0,591,19,0,0,0,591,20,1,0,0,591,12,1,0;            133P     68
508,4,0,591,7,1,0,0,591,11,0,0,0,591,21,1,0,0,591,19,1,0;            135P     69
508,4,0,591,4,1,0,0,591,22,0,0,0,591,23,1,0,0,591,17,1,0;            137P     70
508,4,0,591,3,1,0,0,591,16,0,0,0,591,24,1,0,0,591,22,1,0;            139P     71
508,4,0,591,18,0,0,0,591,23,0,0,0,591,24,0,0,0,591,15,0,0;           141P     72
508,4,0,591,13,0,0,0,591,20,0,0,0,591,21,0,0,0,591,10,0,0;           143P     73
508,4,0,593,1,0,0,0,593,2,0,0,0,593,3,0,0,0,593,4,0,0;               145P     74
508,4,0,593,5,0,0,0,593,6,0,0,0,593,7,0,0,0,593,8,0,0;               147P     75
508,4,0,593,6,1,0,0,593,9,0,0,0,593,10,1,0,0,593,11,1,0;             149P     76
508,4,0,593,5,1,0,0,593,12,0,0,0,593,13,1,0,0,593,9,1,0;             151P     77
508,4,0,593,2,1,0,0,593,14,0,0,0,593,15,1,0,0,593,16,1,0;            153P     78
508,4,0,593,1,1,0,0,593,17,0,0,0,593,18,1,0,0,593,14,1,0;            155P     79
508,4,0,593,8,1,0,0,593,19,0,0,0,593,20,1,0,0,593,12,1,0;            157P     80
508,4,0,593,7,1,0,0,593,11,0,0,0,593,21,1,0,0,593,19,1,0;            159P     81
508,4,0,593,4,1,0,0,593,22,0,0,0,593,23,1,0,0,593,17,1,0;            161P     82
508,4,0,593,3,1,0,0,593,16,0,0,0,593,24,1,0,0,593,22,1,0;            163P     83
508,4,0,593,18,0,0,0,593,23,0,0,0,593,24,0,0,0,593,15,0,0;           165P     84
508,4,0,593,13,0,0,0,593,20,0,0,0,593,21,0,0,0,593,10,0,0;           167P     85
508,4,0,595,1,0,0,0,595,2,0,0,0,595,3,0,0,0,595,4,0,0;               169P     86
508,4,0,595,5,0,0,0,595,6,0,0,0,595,7,0,0,0,595,8,0,0;               171P     87
508,4,0,595,6,1,0,0,595,9,0,0,0,595,10,1,0,0,595,11,1,0;             173P     88
508,4,0,595,5,1,0,0,595,12,0,0,0,595,13,1,0,0,595,9,1,0;             175P     89
508,4,0,595,2,1,0,0,595,14,0,0,0,595,15,1,0,0,595,16,1,0;            177P     90
508,4,0,595,1,1,0,0,595,17,0,0,0,595,18,1,0,0,595,14,1,0;            179P     91
508,4,0,595,8,1,0,0,595,19,0,0,0,595,20,1,0,0,595,12,1,0;            181P     92
508,4,0,595,7,1,0,0,595,11,0,0,0,595,21,1,0,0,595,19,1,0;            183P     93
508,4,0,595,4,1,0,0,595,22,0,0,0,595,23,1,0,0,595,17,1,0;            185P     94
508,4,0,595,3,1,0,0,595,16,0,0,0,595,24,1,0,0,595,22,1,0;            187P     95
508,4,0,595,18,0,0,0,595,23,0,0,0,595,24,0,0,0,595,15,0,0;           189P     96
508,4,0,595,13,0,0,0,595,20,0,0,0,595,21,0,0,0,595,10,0,0;           191P     97
508,4,0,597,1,0,0,0,597,2,0,0,0,597,3,0,0,0,597,4,0,0;               193P     98
508,4,0,597,5,0,0,0,597,6,0,0,0,597,7,0,0,0,597,8,0,0;               195P     99
508,4,0,597,6,1,0,0,597,9,0,0,0,597,10,1,0,0,597,11,1,0;             197P    100
508,4,0,597,5,1,0,0,597,12,0,0,0,597,13,1,0,0,597,9,1,0;             199P    101
508,4,0,597,2,1,0,0,597,14,0,0,0,597,15,1,0,0,597,16,1,0;            201P    102
508,4,0,597,1,1,0,0,597,17,0,0,0,597,18,1,0,0,597,14,1,0;            203P    103
508,4,0,597,8,1,0,0,597,19,0,0,0,597,20,1,0,0,597,12,1,0;            205P    104
508,4,0,597,7,1,0,0,597,11,0,0,0,597,21,1,0,0,597,19,1,0;            207P    105
508,4,0,597,4,1,0,0,597,22,0,0,0,597,23,1,0,0,597,17,1,0;            209P    106
508,4,0,597,3,1,0,0,597,16,0,0,0,597,24,1,0,0,597,22,1,0;            211P    107
508,4,0,597,18,0,0,0,597,23,0,0,0,597,24,0,0,0,597,15,0,0;           213P    108
508,4,0,597,13,0,0,0,597,20,0,0,0,597,21,0,0,0,597,10,0,0;           215P    109
508,4,0,599,1,1,0,0,599,2,1,0,0,599,3,0,0,0,599,4,0,0;               217P    110
508,4,0,599,5,1,0,0,599,4,1,0,0,599,6,0,0,0,599,7,0,0;               219P    111
508,4,0,599,8,1,0,0,599,7,1,0,0,599,9,0,0,0,599,10,0,0;              221P    112
508,4,0,599,11,1,0,0,599,10,1,0,0,599,12,0,0,0,599,2,0,0;            223P    113
508,4,0,599,13,1,0,0,599,14,1,0,0,599,15,0,0,0,599,16,0,0;           225P    114
508,4,0,599,17,1,0,0,599,16,1,0,0,599,18,0,0,0,599,19,0,0;           227P    115
508,4,0,599,20,1,0,0,599,19,1,0,0,599,21,0,0,0,599,22,0,0;           229P    116
508,4,0,599,23,1,0,0,599,22,1,0,0,599,24,0,0,0,599,14,0,0;           231P    117
508,4,0,599,24,1,0,0,599,21,1,0,0,599,18,1,0,0,599,15,1,0;           233P    118
508,4,0,599,12,1,0,0,599,9,1,0,0,599,6,1,0,0,599,3,1,0;              235P    119
508,4,0,599,23,0,0,0,599,13,0,0,0,599,17,0,0,0,599,20,0,0;           237P    120
508,4,0,599,11,0,0,0,599,1,0,0,0,599,5,0,0,0,599,8,0,0;              239P    121
126,1,1,0,0,1,0,-2.28600007295609,-2.28600007295609,                 241P    122
0.762000024318695,0.762000024318695,1.,1.,0.600000019148579,         241P    123
0.600000019148579,0.15,0.600000019148579,-0.600000019148579,         241P    124
0.15,-2.28600007295609,0.762000024318695,0.,0.,0.;                   241P    125
126,1,1,0,0,1,0,-2.28600007295609,-2.28600007295609,                 243P    126
0.762000024318695,0.762000024318695,1.,1.,-0.600000019148579,        243P    127
0.600000019148579,0.15,0.600000019148579,0.600000019148579,0.15,     243P    128
-2.28600007295609,0.762000024318695,0.,0.,0.;                        243P    129
126,1,1,0,0,1,0,-2.28600007295609,-2.28600007295609,                 245P    130
0.762000024318695,0.762000024318695,1.,1.,-0.600000019148579,        245P    131
-0.600000019148579,0.15,-0.600000019148579,0.600000019148579,        245P    132
0.15,-2.28600007295609,0.762000024318695,0.,0.,0.;                   245P    133
126,1,1,0,0,1,0,-2.28600007295609,-2.28600007295609,                 247P    134
0.762000024318695,0.762000024318695,1.,1.,0.600000019148579,         247P    135
-0.600000019148579,0.15,-0.600000019148579,-0.600000019148579,       247P    136
0.15,-2.28600007295609,0.762000024318695,0.,0.,0.;                   247P    137
126,1,1,0,0,1,0,-1.90500006079674,-1.90500006079674,                 249P    138
0.635000020265579,0.635000020265579,1.,1.,0.500000015957149,         249P    139
-0.500000015957149,0.15,0.500000015957149,0.500000015957149,         249P    140
0.15,-1.90500006079674,0.635000020265579,0.,0.,0.;                   249P    141
126,1,1,0,0,1,0,-1.90500006079674,-1.90500006079674,                 251P    142
0.635000020265579,0.635000020265579,1.,1.,-0.500000015957149,        251P    143
-0.500000015957149,0.15,0.500000015957149,-0.500000015957149,        251P    144
0.15,-1.90500006079674,0.635000020265579,0.,0.,0.;                   251P    145
126,1,1,0,0,1,0,-1.90500006079674,-1.90500006079674,                 253P    146
0.635000020265579,0.635000020265579,1.,1.,-0.500000015957149,        253P    147
0.500000015957149,0.15,-0.500000015957149,-0.500000015957149,        253P    148
0.15,-1.90500006079674,0.635000020265579,0.,0.,0.;                   253P    149
126,1,1,0,0,1,0,-1.90500006079674,-1.90500006079674,                 255P    150
0.635000020265579,0.635000020265579,1.,1.,0.500000015957149,         255P    151
0.500000015957149,0.15,-0.500000015957149,0.500000015957149,         255P    152
0.15,-1.90500006079674,0.635000020265579,0.,0.,0.;                   255P    153
126,1,1,0,0,1,0,0.,0.,0.381,0.381,1.,1.,0.500000015957149,           257P    154
-0.500000015957149,0.,0.500000015957149,-0.500000015957149,0.15,     257P    155
0.,0.381,0.,0.,0.;                                                   257P    156
126,1,1,0,0,1,0,-2.54000008106232,-2.54000008106232,0.,0.,1.,1.,     259P    157
0.500000015957149,-0.500000015957149,0.,-0.500000015957149,          259P    158
-0.500000015957149,0.,-2.54000008106232,0.,0.,0.,0.;                 259P    159
126,1,1,0,0,1,0,0.,0.,0.381,0.381,1.,1.,-0.500000015957149,          261P    160
-0.500000015957149,0.,-0.500000015957149,-0.500000015957149,         261P    161
0.15,0.,0.381,0.,0.,0.;                                              261P    162
126,1,1,0,0,1,0,0.,0.,0.381,0.381,1.,1.,0.500000015957149,           263P    163
0.500000015957149,0.,0.500000015957149,0.500000015957149,0.15,       263P    164
0.,0.381,0.,0.,0.;                                                   263P    165
126,1,1,0,0,1,0,-2.54000008106232,-2.54000008106232,0.,0.,1.,1.,     265P    166
0.500000015957149,0.500000015957149,0.,0.500000015957149,            265P    167
-0.500000015957149,0.,-2.54000008106232,0.,0.,0.,0.;                 265P    168
126,1,1,0,0,1,0,0.,0.,0.381,0.381,1.,1.,0.600000019148579,           267P    169
0.600000019148579,0.,0.600000019148579,0.600000019148579,0.15,       267P    170
0.,0.381,0.,0.,0.;                                                   267P    171
126,1,1,0,0,1,0,0.,0.,3.04800009727478,3.04800009727478,1.,1.,       269P    172
0.600000019148579,0.600000019148579,0.,-0.600000019148579,           269P    173
0.600000019148579,0.,0.,3.04800009727478,0.,0.,0.;                   269P    174
126,1,1,0,0,1,0,0.,0.,0.381,0.381,1.,1.,-0.600000019148579,          271P    175
0.600000019148579,0.,-0.600000019148579,0.600000019148579,0.15,      271P    176
0.,0.381,0.,0.,0.;                                                   271P    177
126,1,1,0,0,1,0,0.,0.,0.381,0.381,1.,1.,0.600000019148579,           273P    178
-0.600000019148579,0.,0.600000019148579,-0.600000019148579,0.15,     273P    179
0.,0.381,0.,0.,0.;                                                   273P    180
126,1,1,0,0,1,0,0.,0.,3.04800009727478,3.04800009727478,1.,1.,       275P    181
0.600000019148579,-0.600000019148579,0.,0.600000019148579,           275P    182
0.600000019148579,0.,0.,3.04800009727478,0.,0.,0.;                   275P    183
126,1,1,0,0,1,0,0.,0.,0.381,0.381,1.,1.,-0.500000015957149,          277P    184
0.500000015957149,0.,-0.500000015957149,0.500000015957149,0.15,      277P    185
0.,0.381,0.,0.,0.;                                                   277P    186
126,1,1,0,0,1,0,-2.54000008106232,-2.54000008106232,0.,0.,1.,1.,     279P    187
-0.500000015957149,0.500000015957149,0.,0.500000015957149,           279P    188
0.500000015957149,0.,-2.54000008106232,0.,0.,0.,0.;                  279P    189
126,1,1,0,0,1,0,-2.54000008106232,-2.54000008106232,0.,0.,1.,1.,     281P    190
-0.500000015957149,-0.500000015957149,0.,-0.500000015957149,         281P    191
0.500000015957149,0.,-2.54000008106232,0.,0.,0.,0.;                  281P    192
126,1,1,0,0,1,0,0.,0.,0.381,0.381,1.,1.,-0.600000019148579,          283P    193
-0.600000019148579,0.,-0.600000019148579,-0.600000019148579,         283P    194
0.15,0.,0.381,0.,0.,0.;                                              283P    195
126,1,1,0,0,1,0,0.,0.,3.04800009727478,3.04800009727478,1.,1.,       285P    196
-0.600000019148579,-0.600000019148579,0.,0.600000019148579,          285P    197
-0.600000019148579,0.,0.,3.04800009727478,0.,0.,0.;                  285P    198
126,1,1,0,0,1,0,0.,0.,3.04800009727478,3.04800009727478,1.,1.,       287P    199
-0.600000019148579,0.600000019148579,0.,-0.600000019148579,          287P    200
-0.600000019148579,0.,0.,3.04800009727478,0.,0.,0.;                  287P    201
126,1,1,0,0,1,0,-3.04800009727478,-3.04800009727478,                 289P    202
1.01600003242493,1.01600003242493,1.,1.,0.800000025531438,           289P    203
0.800000025531438,0.1,0.800000025531438,-0.800000025531438,0.1,      289P    204
-3.04800009727478,1.01600003242493,0.,0.,0.;                         289P    205
126,1,1,0,0,1,0,-3.04800009727478,-3.04800009727478,                 291P    206
1.01600003242493,1.01600003242493,1.,1.,-0.800000025531438,          291P    207
0.800000025531438,0.1,0.800000025531438,0.800000025531438,0.1,       291P    208
-3.04800009727478,1.01600003242493,0.,0.,0.;                         291P    209
126,1,1,0,0,1,0,-3.04800009727478,-3.04800009727478,                 293P    210
1.01600003242493,1.01600003242493,1.,1.,-0.800000025531438,          293P    211
-0.800000025531438,0.1,-0.800000025531438,0.800000025531438,0.1,     293P    212
-3.04800009727478,1.01600003242493,0.,0.,0.;                         293P    213
126,1,1,0,0,1,0,-3.04800009727478,-3.04800009727478,                 295P    214
1.01600003242493,1.01600003242493,1.,1.,0.800000025531438,           295P    215
-0.800000025531438,0.1,-0.800000025531438,-0.800000025531438,        295P    216
0.1,-3.04800009727478,1.01600003242493,0.,0.,0.;                     295P    217
126,1,1,0,0,1,0,-2.66700008511543,-2.66700008511543,                 297P    218
0.889000028371811,0.889000028371811,1.,1.,0.700000022340009,         297P    219
-0.700000022340009,0.1,0.700000022340009,0.700000022340009,0.1,      297P    220
-2.66700008511543,0.889000028371811,0.,0.,0.;                        297P    221
126,1,1,0,0,1,0,-2.66700008511543,-2.66700008511543,                 299P    222
0.889000028371811,0.889000028371811,1.,1.,-0.700000022340009,        299P    223
-0.700000022340009,0.1,0.700000022340009,-0.700000022340009,0.1,     299P    224
-2.66700008511543,0.889000028371811,0.,0.,0.;                        299P    225
126,1,1,0,0,1,0,-2.66700008511543,-2.66700008511543,                 301P    226
0.889000028371811,0.889000028371811,1.,1.,-0.700000022340009,        301P    227
0.700000022340009,0.1,-0.700000022340009,-0.700000022340009,0.1,     301P    228
-2.66700008511543,0.889000028371811,0.,0.,0.;                        301P    229
126,1,1,0,0,1,0,-2.66700008511543,-2.66700008511543,                 303P    230
0.889000028371811,0.889000028371811,1.,1.,0.700000022340009,         303P    231
0.700000022340009,0.1,-0.700000022340009,0.700000022340009,0.1,      303P    232
-2.66700008511543,0.889000028371811,0.,0.,0.;                        303P    233
126,1,1,0,0,1,0,0.,0.,0.254,0.254,1.,1.,0.700000022340009,           305P    234
-0.700000022340009,0.,0.700000022340009,-0.700000022340009,0.1,      305P    235
0.,0.254,0.,0.,0.;                                                   305P    236
126,1,1,0,0,1,0,-3.55600011348724,-3.55600011348724,0.,0.,1.,1.,     307P    237
0.700000022340009,-0.700000022340009,0.,-0.700000022340009,          307P    238
-0.700000022340009,0.,-3.55600011348724,0.,0.,0.,0.;                 307P    239
126,1,1,0,0,1,0,0.,0.,0.254,0.254,1.,1.,-0.700000022340009,          309P    240
-0.700000022340009,0.,-0.700000022340009,-0.700000022340009,0.1,     309P    241
0.,0.254,0.,0.,0.;                                                   309P    242
126,1,1,0,0,1,0,0.,0.,0.254,0.254,1.,1.,0.700000022340009,           311P    243
0.700000022340009,0.,0.700000022340009,0.700000022340009,0.1,0.,     311P    244
0.254,0.,0.,0.;                                                      311P    245
126,1,1,0,0,1,0,-3.55600011348724,-3.55600011348724,0.,0.,1.,1.,     313P    246
0.700000022340009,0.700000022340009,0.,0.700000022340009,            313P    247
-0.700000022340009,0.,-3.55600011348724,0.,0.,0.,0.;                 313P    248
126,1,1,0,0,1,0,0.,0.,0.254,0.254,1.,1.,0.800000025531438,           315P    249
0.800000025531438,0.,0.800000025531438,0.800000025531438,0.1,0.,     315P    250
0.254,0.,0.,0.;                                                      315P    251
126,1,1,0,0,1,0,0.,0.,4.06400012969971,4.06400012969971,1.,1.,       317P    252
0.800000025531438,0.800000025531438,0.,-0.800000025531438,           317P    253
0.800000025531438,0.,0.,4.06400012969971,0.,0.,0.;                   317P    254
126,1,1,0,0,1,0,0.,0.,0.254,0.254,1.,1.,-0.800000025531438,          319P    255
0.800000025531438,0.,-0.800000025531438,0.800000025531438,0.1,       319P    256
0.,0.254,0.,0.,0.;                                                   319P    257
126,1,1,0,0,1,0,0.,0.,0.254,0.254,1.,1.,0.800000025531438,           321P    258
-0.800000025531438,0.,0.800000025531438,-0.800000025531438,0.1,      321P    259
0.,0.254,0.,0.,0.;                                                   321P    260
126,1,1,0,0,1,0,0.,0.,4.06400012969971,4.06400012969971,1.,1.,       323P    261
0.800000025531438,-0.800000025531438,0.,0.800000025531438,           323P    262
0.800000025531438,0.,0.,4.06400012969971,0.,0.,0.;                   323P    263
126,1,1,0,0,1,0,0.,0.,0.254,0.254,1.,1.,-0.700000022340009,          325P    264
0.700000022340009,0.,-0.700000022340009,0.700000022340009,0.1,       325P    265
0.,0.254,0.,0.,0.;                                                   325P    266
126,1,1,0,0,1,0,-3.55600011348724,-3.55600011348724,0.,0.,1.,1.,     327P    267
-0.700000022340009,0.700000022340009,0.,0.700000022340009,           327P    268
0.700000022340009,0.,-3.55600011348724,0.,0.,0.,0.;                  327P    269
126,1,1,0,0,1,0,-3.55600011348724,-3.55600011348724,0.,0.,1.,1.,     329P    270
-0.700000022340009,-0.700000022340009,0.,-0.700000022340009,         329P    271
0.700000022340009,0.,-3.55600011348724,0.,0.,0.,0.;                  329P    272
126,1,1,0,0,1,0,0.,0.,0.254,0.254,1.,1.,-0.800000025531438,          331P    273
-0.800000025531438,0.,-0.800000025531438,-0.800000025531438,0.1,     331P    274
0.,0.254,0.,0.,0.;                                                   331P    275
126,1,1,0,0,1,0,0.,0.,4.06400012969971,4.06400012969971,1.,1.,       333P    276
-0.800000025531438,-0.800000025531438,0.,0.800000025531438,          333P    277
-0.800000025531438,0.,0.,4.06400012969971,0.,0.,0.;                  333P    278
126,1,1,0,0,1,0,0.,0.,4.06400012969971,4.06400012969971,1.,1.,       335P    279
-0.800000025531438,0.800000025531438,0.,-0.800000025531438,          335P    280
-0.800000025531438,0.,0.,4.06400012969971,0.,0.,0.;                  335P    281
126,1,1,0,0,1,0,-1.52400004863739,-1.52400004863739,                 337P    282
0.508000016212463,0.508000016212463,1.,1.,0.400000012765719,         337P    283
0.400000012765719,0.2,0.400000012765719,-0.400000012765719,0.2,      337P    284
-1.52400004863739,0.508000016212463,0.,0.,0.;                        337P    285
126,1,1,0,0,1,0,-1.52400004863739,-1.52400004863739,                 339P    286
0.508000016212463,0.508000016212463,1.,1.,-0.400000012765719,        339P    287
0.400000012765719,0.2,0.400000012765719,0.400000012765719,0.2,       339P    288
-1.52400004863739,0.508000016212463,0.,0.,0.;                        339P    289
126,1,1,0,0,1,0,-1.52400004863739,-1.52400004863739,                 341P    290
0.508000016212463,0.508000016212463,1.,1.,-0.400000012765719,        341P    291
-0.400000012765719,0.2,-0.400000012765719,0.400000012765719,0.2,     341P    292
-1.52400004863739,0.508000016212463,0.,0.,0.;                        341P    293
126,1,1,0,0,1,0,-1.52400004863739,-1.52400004863739,                 343P    294
0.508000016212463,0.508000016212463,1.,1.,0.400000012765719,         343P    295
-0.400000012765719,0.2,-0.400000012765719,-0.400000012765719,        343P    296
0.2,-1.52400004863739,0.508000016212463,0.,0.,0.;                    343P    297
126,1,1,0,0,1,0,-1.14300003647804,-1.14300003647804,                 345P    298
0.381000012159348,0.381000012159348,1.,1.,0.300000009574289,         345P    299
-0.300000009574289,0.2,0.300000009574289,0.300000009574289,0.2,      345P    300
-1.14300003647804,0.381000012159348,0.,0.,0.;                        345P    301
126,1,1,0,0,1,0,-1.14300003647804,-1.14300003647804,                 347P    302
0.381000012159348,0.381000012159348,1.,1.,-0.300000009574289,        347P    303
-0.300000009574289,0.2,0.300000009574289,-0.300000009574289,0.2,     347P    304
-1.14300003647804,0.381000012159348,0.,0.,0.;                        347P    305
126,1,1,0,0,1,0,-1.14300003647804,-1.14300003647804,                 349P    306
0.381000012159348,0.381000012159348,1.,1.,-0.300000009574289,        349P    307
0.300000009574289,0.2,-0.300000009574289,-0.300000009574289,0.2,     349P    308
-1.14300003647804,0.381000012159348,0.,0.,0.;                        349P    309
126,1,1,0,0,1,0,-1.14300003647804,-1.14300003647804,                 351P    310
0.381000012159348,0.381000012159348,1.,1.,0.300000009574289,         351P    311
0.300000009574289,0.2,-0.300000009574289,0.300000009574289,0.2,      351P    312
-1.14300003647804,0.381000012159348,0.,0.,0.;                        351P    313
126,1,1,0,0,1,0,0.,0.,0.508,0.508,1.,1.,0.300000009574289,           353P    314
-0.300000009574289,0.,0.300000009574289,-0.300000009574289,0.2,      353P    315
0.,0.508,0.,0.,0.;                                                   353P    316
126,1,1,0,0,1,0,-1.52400004863739,-1.52400004863739,0.,0.,1.,1.,     355P    317
0.300000009574289,-0.300000009574289,0.,-0.300000009574289,          355P    318
-0.300000009574289,0.,-1.52400004863739,0.,0.,0.,0.;                 355P    319
126,1,1,0,0,1,0,0.,0.,0.508,0.508,1.,1.,-0.300000009574289,          357P    320
-0.300000009574289,0.,-0.300000009574289,-0.300000009574289,0.2,     357P    321
0.,0.508,0.,0.,0.;                                                   357P    322
126,1,1,0,0,1,0,0.,0.,0.508,0.508,1.,1.,0.300000009574289,           359P    323
0.300000009574289,0.,0.300000009574289,0.300000009574289,0.2,0.,     359P    324
0.508,0.,0.,0.;                                                      359P    325
126,1,1,0,0,1,0,-1.52400004863739,-1.52400004863739,0.,0.,1.,1.,     361P    326
0.300000009574289,0.300000009574289,0.,0.300000009574289,            361P    327
-0.300000009574289,0.,-1.52400004863739,0.,0.,0.,0.;                 361P    328
126,1,1,0,0,1,0,0.,0.,0.508,0.508,1.,1.,0.400000012765719,           363P    329
0.400000012765719,0.,0.400000012765719,0.400000012765719,0.2,0.,     363P    330
0.508,0.,0.,0.;                                                      363P    331
126,1,1,0,0,1,0,0.,0.,2.03200006484985,2.03200006484985,1.,1.,       365P    332
0.400000012765719,0.400000012765719,0.,-0.400000012765719,           365P    333
0.400000012765719,0.,0.,2.03200006484985,0.,0.,0.;                   365P    334
126,1,1,0,0,1,0,0.,0.,0.508,0.508,1.,1.,-0.400000012765719,          367P    335
0.400000012765719,0.,-0.400000012765719,0.400000012765719,0.2,       367P    336
0.,0.508,0.,0.,0.;                                                   367P    337
126,1,1,0,0,1,0,0.,0.,0.508,0.508,1.,1.,0.400000012765719,           369P    338
-0.400000012765719,0.,0.400000012765719,-0.400000012765719,0.2,      369P    339
0.,0.508,0.,0.,0.;                                                   369P    340
126,1,1,0,0,1,0,0.,0.,2.03200006484985,2.03200006484985,1.,1.,       371P    341
0.400000012765719,-0.400000012765719,0.,0.400000012765719,           371P    342
0.400000012765719,0.,0.,2.03200006484985,0.,0.,0.;                   371P    343
126,1,1,0,0,1,0,0.,0.,0.508,0.508,1.,1.,-0.300000009574289,          373P    344
0.300000009574289,0.,-0.300000009574289,0.300000009574289,0.2,       373P    345
0.,0.508,0.,0.,0.;                                                   373P    346
126,1,1,0,0,1,0,-1.52400004863739,-1.52400004863739,0.,0.,1.,1.,     375P    347
-0.300000009574289,0.300000009574289,0.,0.300000009574289,           375P    348
0.300000009574289,0.,-1.52400004863739,0.,0.,0.,0.;                  375P    349
126,1,1,0,0,1,0,-1.52400004863739,-1.52400004863739,0.,0.,1.,1.,     377P    350
-0.300000009574289,-0.300000009574289,0.,-0.300000009574289,         377P    351
0.300000009574289,0.,-1.52400004863739,0.,0.,0.,0.;                  377P    352
126,1,1,0,0,1,0,0.,0.,0.508,0.508,1.,1.,-0.400000012765719,          379P    353
-0.400000012765719,0.,-0.400000012765719,-0.400000012765719,0.2,     379P    354
0.,0.508,0.,0.,0.;                                                   379P    355
126,1,1,0,0,1,0,0.,0.,2.03200006484985,2.03200006484985,1.,1.,       381P    356
-0.400000012765719,-0.400000012765719,0.,0.400000012765719,          381P    357
-0.400000012765719,0.,0.,2.03200006484985,0.,0.,0.;                  381P    358
126,1,1,0,0,1,0,0.,0.,2.03200006484985,2.03200006484985,1.,1.,       383P    359
-0.400000012765719,0.400000012765719,0.,-0.400000012765719,          383P    360
-0.400000012765719,0.,0.,2.03200006484985,0.,0.,0.;                  383P    361
126,1,1,0,0,1,0,-3.81000012159348,-3.81000012159348,                 385P    362
1.27000004053116,1.27000004053116,1.,1.,1.0000000319143,             385P    363
1.0000000319143,0.05,1.0000000319143,-1.0000000319143,0.05,          385P    364
-3.81000012159348,1.27000004053116,0.,0.,0.;                         385P    365
126,1,1,0,0,1,0,-3.81000012159348,-3.81000012159348,                 387P    366
1.27000004053116,1.27000004053116,1.,1.,-1.0000000319143,            387P    367
1.0000000319143,0.05,1.0000000319143,1.0000000319143,0.05,           387P    368
-3.81000012159348,1.27000004053116,0.,0.,0.;                         387P    369
126,1,1,0,0,1,0,-3.81000012159348,-3.81000012159348,                 389P    370
1.27000004053116,1.27000004053116,1.,1.,-1.0000000319143,            389P    371
-1.0000000319143,0.05,-1.0000000319143,1.0000000319143,0.05,         389P    372
-3.81000012159348,1.27000004053116,0.,0.,0.;                         389P    373
126,1,1,0,0,1,0,-3.81000012159348,-3.81000012159348,                 391P    374
1.27000004053116,1.27000004053116,1.,1.,1.0000000319143,             391P    375
-1.0000000319143,0.05,-1.0000000319143,-1.0000000319143,0.05,        391P    376
-3.81000012159348,1.27000004053116,0.,0.,0.;                         391P    377
126,1,1,0,0,1,0,-3.42900010943413,-3.42900010943413,                 393P    378
1.14300003647804,1.14300003647804,1.,1.,0.900000028722868,           393P    379
-0.900000028722868,0.05,0.900000028722868,0.900000028722868,         393P    380
0.05,-3.42900010943413,1.14300003647804,0.,0.,0.;                    393P    381
126,1,1,0,0,1,0,-3.42900010943413,-3.42900010943413,                 395P    382
1.14300003647804,1.14300003647804,1.,1.,-0.900000028722868,          395P    383
-0.900000028722868,0.05,0.900000028722868,-0.900000028722868,        395P    384
0.05,-3.42900010943413,1.14300003647804,0.,0.,0.;                    395P    385
126,1,1,0,0,1,0,-3.42900010943413,-3.42900010943413,                 397P    386
1.14300003647804,1.14300003647804,1.,1.,-0.900000028722868,          397P    387
0.900000028722868,0.05,-0.900000028722868,-0.900000028722868,        397P    388
0.05,-3.42900010943413,1.14300003647804,0.,0.,0.;                    397P    389
126,1,1,0,0,1,0,-3.42900010943413,-3.42900010943413,                 399P    390
1.14300003647804,1.14300003647804,1.,1.,0.900000028722868,           399P    391
0.900000028722868,0.05,-0.900000028722868,0.900000028722868,         399P    392
0.05,-3.42900010943413,1.14300003647804,0.,0.,0.;                    399P    393
126,1,1,0,0,1,0,0.,0.,0.127,0.127,1.,1.,0.900000028722868,           401P    394
-0.900000028722868,0.,0.900000028722868,-0.900000028722868,0.05,     401P    395
0.,0.127,0.,0.,0.;                                                   401P    396
126,1,1,0,0,1,0,-4.57200014591217,-4.57200014591217,0.,0.,1.,1.,     403P    397
0.900000028722868,-0.900000028722868,0.,-0.900000028722868,          403P    398
-0.900000028722868,0.,-4.57200014591217,0.,0.,0.,0.;                 403P    399
126,1,1,0,0,1,0,0.,0.,0.127,0.127,1.,1.,-0.900000028722868,          405P    400
-0.900000028722868,0.,-0.900000028722868,-0.900000028722868,         405P    401
0.05,0.,0.127,0.,0.,0.;                                              405P    402
126,1,1,0,0,1,0,0.,0.,0.127,0.127,1.,1.,0.900000028722868,           407P    403
0.900000028722868,0.,0.900000028722868,0.900000028722868,0.05,       407P    404
0.,0.127,0.,0.,0.;                                                   407P    405
126,1,1,0,0,1,0,-4.57200014591217,-4.57200014591217,0.,0.,1.,1.,     409P    406
0.900000028722868,0.900000028722868,0.,0.900000028722868,            409P    407
-0.900000028722868,0.,-4.57200014591217,0.,0.,0.,0.;                 409P    408
126,1,1,0,0,1,0,0.,0.,0.127,0.127,1.,1.,1.0000000319143,             411P    409
1.0000000319143,0.,1.0000000319143,1.0000000319143,0.05,0.,          411P    410
0.127,0.,0.,0.;                                                      411P    411
126,1,1,0,0,1,0,0.,0.,5.08000016212463,5.08000016212463,1.,1.,       413P    412
1.0000000319143,1.0000000319143,0.,-1.0000000319143,                 413P    413
1.0000000319143,0.,0.,5.08000016212463,0.,0.,0.;                     413P    414
126,1,1,0,0,1,0,0.,0.,0.127,0.127,1.,1.,-1.0000000319143,            415P    415
1.0000000319143,0.,-1.0000000319143,1.0000000319143,0.05,0.,         415P    416
0.127,0.,0.,0.;                                                      415P    417
126,1,1,0,0,1,0,0.,0.,0.127,0.127,1.,1.,1.0000000319143,             417P    418
-1.0000000319143,0.,1.0000000319143,-1.0000000319143,0.05,0.,        417P    419
0.127,0.,0.,0.;                                                      417P    420
126,1,1,0,0,1,0,0.,0.,5.08000016212463,5.08000016212463,1.,1.,       419P    421
1.0000000319143,-1.0000000319143,0.,1.0000000319143,                 419P    422
1.0000000319143,0.,0.,5.08000016212463,0.,0.,0.;                     419P    423
126,1,1,0,0,1,0,0.,0.,0.127,0.127,1.,1.,-0.900000028722868,          421P    424
0.900000028722868,0.,-0.900000028722868,0.900000028722868,0.05,      421P    425
0.,0.127,0.,0.,0.;                                                   421P    426
126,1,1,0,0,1,0,-4.57200014591217,-4.57200014591217,0.,0.,1.,1.,     423P    427
-0.900000028722868,0.900000028722868,0.,0.900000028722868,           423P    428
0.900000028722868,0.,-4.57200014591217,0.,0.,0.,0.;                  423P    429
126,1,1,0,0,1,0,-4.57200014591217,-4.57200014591217,0.,0.,1.,1.,     425P    430
-0.900000028722868,-0.900000028722868,0.,-0.900000028722868,         425P    431
0.900000028722868,0.,-4.57200014591217,0.,0.,0.,0.;                  425P    432
126,1,1,0,0,1,0,0.,0.,0.127,0.127,1.,1.,-1.0000000319143,            427P    433
-1.0000000319143,0.,-1.0000000319143,-1.0000000319143,0.05,0.,       427P    434
0.127,0.,0.,0.;                                                      427P    435
126,1,1,0,0,1,0,0.,0.,5.08000016212463,5.08000016212463,1.,1.,       429P    436
-1.0000000319143,-1.0000000319143,0.,1.0000000319143,                429P    437
-1.0000000319143,0.,0.,5.08000016212463,0.,0.,0.;                    429P    438
126,1,1,0,0,1,0,0.,0.,5.08000016212463,5.08000016212463,1.,1.,       431P    439
-1.0000000319143,1.0000000319143,0.,-1.0000000319143,                431P    440
-1.0000000319143,0.,0.,5.08000016212463,0.,0.,0.;                    431P    441
126,1,1,0,0,1,0,-0.508000016212463,-0.508000016212463,0.,0.,1.,      433P    442
1.,-0.10000000319143,0.10000000319143,0.,0.10000000319143,           433P    443
0.10000000319143,0.,-0.508000016212463,0.,0.,0.,0.;                  433P    444
126,1,1,0,0,1,0,0.,0.,0.635,0.635,1.,1.,0.10000000319143,            435P    445
0.10000000319143,0.,0.10000000319143,0.10000000319143,0.25,0.,       435P    446
0.635,0.,0.,0.;                                                      435P    447
126,1,1,0,0,1,0,-0.508000016212463,-0.508000016212463,0.,0.,1.,      437P    448
1.,-0.10000000319143,0.10000000319143,0.25,0.10000000319143,         437P    449
0.10000000319143,0.25,-0.508000016212463,0.,0.,0.,0.;                437P    450
126,1,1,0,0,1,0,0.,0.,0.635,0.635,1.,1.,-0.10000000319143,           439P    451
0.10000000319143,0.,-0.10000000319143,0.10000000319143,0.25,0.,      439P    452
0.635,0.,0.,0.;                                                      439P    453
126,1,1,0,0,1,0,-0.508000016212463,-0.508000016212463,0.,0.,1.,      441P    454
1.,-0.10000000319143,-0.10000000319143,0.,-0.10000000319143,         441P    455
0.10000000319143,0.,-0.508000016212463,0.,0.,0.,0.;                  441P    456
126,1,1,0,0,1,0,-0.508000016212463,-0.508000016212463,0.,0.,1.,      443P    457
1.,-0.10000000319143,-0.10000000319143,0.25,-0.10000000319143,       443P    458
0.10000000319143,0.25,-0.508000016212463,0.,0.,0.,0.;                443P    459
126,1,1,0,0,1,0,0.,0.,0.635,0.635,1.,1.,-0.10000000319143,           445P    460
-0.10000000319143,0.,-0.10000000319143,-0.10000000319143,0.25,       445P    461
0.,0.635,0.,0.,0.;                                                   445P    462
126,1,1,0,0,1,0,-0.508000016212463,-0.508000016212463,0.,0.,1.,      447P    463
1.,0.10000000319143,-0.10000000319143,0.,-0.10000000319143,          447P    464
-0.10000000319143,0.,-0.508000016212463,0.,0.,0.,0.;                 447P    465
126,1,1,0,0,1,0,-0.508000016212463,-0.508000016212463,0.,0.,1.,      449P    466
1.,0.10000000319143,-0.10000000319143,0.25,-0.10000000319143,        449P    467
-0.10000000319143,0.25,-0.508000016212463,0.,0.,0.,0.;               449P    468
126,1,1,0,0,1,0,0.,0.,0.635,0.635,1.,1.,0.10000000319143,            451P    469
-0.10000000319143,0.,0.10000000319143,-0.10000000319143,0.25,0.,     451P    470
0.635,0.,0.,0.;                                                      451P    471
126,1,1,0,0,1,0,-0.508000016212463,-0.508000016212463,0.,0.,1.,      453P    472
1.,0.10000000319143,0.10000000319143,0.,0.10000000319143,            453P    473
-0.10000000319143,0.,-0.508000016212463,0.,0.,0.,0.;                 453P    474
126,1,1,0,0,1,0,-0.508000016212463,-0.508000016212463,0.,0.,1.,      455P    475
1.,0.10000000319143,0.10000000319143,0.25,0.10000000319143,          455P    476
-0.10000000319143,0.25,-0.508000016212463,0.,0.,0.,0.;               455P    477
126,1,1,0,0,1,0,0.,0.,1.01600003242493,1.01600003242493,1.,1.,       457P    478
-0.20000000638286,-0.20000000638286,0.,0.20000000638286,             457P    479
-0.20000000638286,0.,0.,1.01600003242493,0.,0.,0.;                   457P    480
126,1,1,0,0,1,0,0.,0.,0.635,0.635,1.,1.,0.20000000638286,            459P    481
-0.20000000638286,0.,0.20000000638286,-0.20000000638286,0.25,0.,     459P    482
0.635,0.,0.,0.;                                                      459P    483
126,1,1,0,0,1,0,0.,0.,1.01600003242493,1.01600003242493,1.,1.,       461P    484
-0.20000000638286,-0.20000000638286,0.25,0.20000000638286,           461P    485
-0.20000000638286,0.25,0.,1.01600003242493,0.,0.,0.;                 461P    486
126,1,1,0,0,1,0,0.,0.,0.635,0.635,1.,1.,-0.20000000638286,           463P    487
-0.20000000638286,0.,-0.20000000638286,-0.20000000638286,0.25,       463P    488
0.,0.635,0.,0.,0.;                                                   463P    489
126,1,1,0,0,1,0,0.,0.,1.01600003242493,1.01600003242493,1.,1.,       465P    490
-0.20000000638286,0.20000000638286,0.,-0.20000000638286,             465P    491
-0.20000000638286,0.,0.,1.01600003242493,0.,0.,0.;                   465P    492
126,1,1,0,0,1,0,0.,0.,1.01600003242493,1.01600003242493,1.,1.,       467P    493
-0.20000000638286,0.20000000638286,0.25,-0.20000000638286,           467P    494
-0.20000000638286,0.25,0.,1.01600003242493,0.,0.,0.;                 467P    495
126,1,1,0,0,1,0,0.,0.,0.635,0.635,1.,1.,-0.20000000638286,           469P    496
0.20000000638286,0.,-0.20000000638286,0.20000000638286,0.25,0.,      469P    497
0.635,0.,0.,0.;                                                      469P    498
126,1,1,0,0,1,0,0.,0.,1.01600003242493,1.01600003242493,1.,1.,       471P    499
0.20000000638286,0.20000000638286,0.,-0.20000000638286,              471P    500
0.20000000638286,0.,0.,1.01600003242493,0.,0.,0.;                    471P    501
126,1,1,0,0,1,0,0.,0.,1.01600003242493,1.01600003242493,1.,1.,       473P    502
0.20000000638286,0.20000000638286,0.25,-0.20000000638286,            473P    503
0.20000000638286,0.25,0.,1.01600003242493,0.,0.,0.;                  473P    504
126,1,1,0,0,1,0,0.,0.,0.635,0.635,1.,1.,0.20000000638286,            475P    505
0.20000000638286,0.,0.20000000638286,0.20000000638286,0.25,0.,       475P    506
0.635,0.,0.,0.;                                                      475P    507
126,1,1,0,0,1,0,0.,0.,1.01600003242493,1.01600003242493,1.,1.,       477P    508
0.20000000638286,-0.20000000638286,0.,0.20000000638286,              477P    509
0.20000000638286,0.,0.,1.01600003242493,0.,0.,0.;                    477P    510
126,1,1,0,0,1,0,0.,0.,1.01600003242493,1.01600003242493,1.,1.,       479P    511
0.20000000638286,-0.20000000638286,0.25,0.20000000638286,            479P    512
0.20000000638286,0.25,0.,1.01600003242493,0.,0.,0.;                  479P    513
128,1,1,1,1,0,0,1,0,0,-1.52500004863739,-1.52500004863739,           481P    514
1.52500004863739,1.52500004863739,-1.52500004863739,                 481P    515
-1.52500004863739,1.52500004863739,1.52500004863739,1.,1.,1.,1.,     481P    516
-0.60039371993598,-0.60039371993598,0.15,0.60039371993598,           481P    517
-0.60039371993598,0.15,-0.60039371993598,0.60039371993598,0.15,      481P    518
0.60039371993598,0.60039371993598,0.15,-1.52500004863739,            481P    519
1.52500004863739,-1.52500004863739,1.52500004863739;                 481P    520
128,1,1,1,1,0,0,1,0,0,-0.001,-0.001,2.54100008106232,                483P    521
2.54100008106232,-0.001,-0.001,0.382,0.382,1.,1.,1.,1.,              483P    522
0.50039371674455,-0.500000015957149,-0.000393700787401575,           483P    523
-0.50039371674455,-0.500000015957149,-0.000393700787401575,          483P    524
0.50039371674455,-0.500000015957149,0.150393700787402,               483P    525
-0.50039371674455,-0.500000015957149,0.150393700787402,-0.001,       483P    526
2.54100008106232,-0.001,0.382;                                       483P    527
128,1,1,1,1,0,0,1,0,0,-0.001,-0.001,2.54100008106232,                485P    528
2.54100008106232,-0.001,-0.001,0.382,0.382,1.,1.,1.,1.,              485P    529
0.500000015957149,0.50039371674455,-0.000393700787401575,            485P    530
0.500000015957149,-0.50039371674455,-0.000393700787401575,           485P    531
0.500000015957149,0.50039371674455,0.150393700787402,                485P    532
0.500000015957149,-0.50039371674455,0.150393700787402,-0.001,        485P    533
2.54100008106232,-0.001,0.382;                                       485P    534
128,1,1,1,1,0,0,1,0,0,-0.001,-0.001,3.04900009727478,                487P    535
3.04900009727478,-0.001,-0.001,0.382,0.382,1.,1.,1.,1.,              487P    536
0.60039371993598,0.600000019148579,-0.000393700787401575,            487P    537
-0.60039371993598,0.600000019148579,-0.000393700787401575,           487P    538
0.60039371993598,0.600000019148579,0.150393700787402,                487P    539
-0.60039371993598,0.600000019148579,0.150393700787402,-0.001,        487P    540
3.04900009727478,-0.001,0.382;                                       487P    541
128,1,1,1,1,0,0,1,0,0,-0.001,-0.001,3.04900009727478,                489P    542
3.04900009727478,-0.001,-0.001,0.382,0.382,1.,1.,1.,1.,              489P    543
0.600000019148579,-0.60039371993598,-0.000393700787401575,           489P    544
0.600000019148579,0.60039371993598,-0.000393700787401575,            489P    545
0.600000019148579,-0.60039371993598,0.150393700787402,               489P    546
0.600000019148579,0.60039371993598,0.150393700787402,-0.001,         489P    547
3.04900009727478,-0.001,0.382;                                       489P    548
128,1,1,1,1,0,0,1,0,0,-0.001,-0.001,2.54100008106232,                491P    549
2.54100008106232,-0.001,-0.001,0.382,0.382,1.,1.,1.,1.,              491P    550
-0.50039371674455,0.500000015957149,-0.000393700787401575,           491P    551
0.50039371674455,0.500000015957149,-0.000393700787401575,            491P    552
-0.50039371674455,0.500000015957149,0.150393700787402,               491P    553
0.50039371674455,0.500000015957149,0.150393700787402,-0.001,         491P    554
2.54100008106232,-0.001,0.382;                                       491P    555
128,1,1,1,1,0,0,1,0,0,-0.001,-0.001,2.54100008106232,                493P    556
2.54100008106232,-0.001,-0.001,0.382,0.382,1.,1.,1.,1.,              493P    557
-0.500000015957149,-0.50039371674455,-0.000393700787401575,          493P    558
-0.500000015957149,0.50039371674455,-0.000393700787401575,           493P    559
-0.500000015957149,-0.50039371674455,0.150393700787402,              493P    560
-0.500000015957149,0.50039371674455,0.150393700787402,-0.001,        493P    561
2.54100008106232,-0.001,0.382;                                       493P    562
128,1,1,1,1,0,0,1,0,0,-0.001,-0.001,3.04900009727478,                495P    563
3.04900009727478,-0.001,-0.001,0.382,0.382,1.,1.,1.,1.,              495P    564
-0.60039371993598,-0.600000019148579,-0.000393700787401575,          495P    565
0.60039371993598,-0.600000019148579,-0.000393700787401575,           495P    566
-0.60039371993598,-0.600000019148579,0.150393700787402,              495P    567
0.60039371993598,-0.600000019148579,0.150393700787402,-0.001,        495P    568
3.04900009727478,-0.001,0.382;                                       495P    569
128,1,1,1,1,0,0,1,0,0,-0.001,-0.001,3.04900009727478,                497P    570
3.04900009727478,-0.001,-0.001,0.382,0.382,1.,1.,1.,1.,              497P    571
-0.600000019148579,0.60039371993598,-0.000393700787401575,           497P    572
-0.600000019148579,-0.60039371993598,-0.000393700787401575,          497P    573
-0.600000019148579,0.60039371993598,0.150393700787402,               497P    574
-0.600000019148579,-0.60039371993598,0.150393700787402,-0.001,       497P    575
3.04900009727478,-0.001,0.382;                                       497P    576
128,1,1,1,1,0,0,1,0,0,-1.52500004863739,-1.52500004863739,           499P    577
1.52500004863739,1.52500004863739,-1.52500004863739,                 499P    578
-1.52500004863739,1.52500004863739,1.52500004863739,1.,1.,1.,1.,     499P    579
0.60039371993598,-0.60039371993598,0.,-0.60039371993598,             499P    580
-0.60039371993598,0.,0.60039371993598,0.60039371993598,0.,           499P    581
-0.60039371993598,0.60039371993598,0.,-1.52500004863739,             499P    582
1.52500004863739,-1.52500004863739,1.52500004863739;                 499P    583
128,1,1,1,1,0,0,1,0,0,-2.03300006484985,-2.03300006484985,           501P    584
2.03300006484985,2.03300006484985,-2.03300006484985,                 501P    585
-2.03300006484985,2.03300006484985,2.03300006484985,1.,1.,1.,1.,     501P    586
-0.80039372631884,-0.80039372631884,0.1,0.80039372631884,            501P    587
-0.80039372631884,0.1,-0.80039372631884,0.80039372631884,0.1,        501P    588
0.80039372631884,0.80039372631884,0.1,-2.03300006484985,             501P    589
2.03300006484985,-2.03300006484985,2.03300006484985;                 501P    590
128,1,1,1,1,0,0,1,0,0,-0.001,-0.001,3.55700011348724,                503P    591
3.55700011348724,-0.001,-0.001,0.255,0.255,1.,1.,1.,1.,              503P    592
0.70039372312741,-0.700000022340009,-0.000393700787401575,           503P    593
-0.70039372312741,-0.700000022340009,-0.000393700787401575,          503P    594
0.70039372312741,-0.700000022340009,0.100393700787402,               503P    595
-0.70039372312741,-0.700000022340009,0.100393700787402,-0.001,       503P    596
3.55700011348724,-0.001,0.255;                                       503P    597
128,1,1,1,1,0,0,1,0,0,-0.001,-0.001,3.55700011348724,                505P    598
3.55700011348724,-0.001,-0.001,0.255,0.255,1.,1.,1.,1.,              505P    599
0.700000022340009,0.70039372312741,-0.000393700787401575,            505P    600
0.700000022340009,-0.70039372312741,-0.000393700787401575,           505P    601
0.700000022340009,0.70039372312741,0.100393700787402,                505P    602
0.700000022340009,-0.70039372312741,0.100393700787402,-0.001,        505P    603
3.55700011348724,-0.001,0.255;                                       505P    604
128,1,1,1,1,0,0,1,0,0,-0.001,-0.001,4.06500012969971,                507P    605
4.06500012969971,-0.001,-0.001,0.255,0.255,1.,1.,1.,1.,              507P    606
0.80039372631884,0.800000025531438,-0.000393700787401575,            507P    607
-0.80039372631884,0.800000025531438,-0.000393700787401575,           507P    608
0.80039372631884,0.800000025531438,0.100393700787402,                507P    609
-0.80039372631884,0.800000025531438,0.100393700787402,-0.001,        507P    610
4.06500012969971,-0.001,0.255;                                       507P    611
128,1,1,1,1,0,0,1,0,0,-0.001,-0.001,4.06500012969971,                509P    612
4.06500012969971,-0.001,-0.001,0.255,0.255,1.,1.,1.,1.,              509P    613
0.800000025531438,-0.80039372631884,-0.000393700787401575,           509P    614
0.800000025531438,0.80039372631884,-0.000393700787401575,            509P    615
0.800000025531438,-0.80039372631884,0.100393700787402,               509P    616
0.800000025531438,0.80039372631884,0.100393700787402,-0.001,         509P    617
4.06500012969971,-0.001,0.255;                                       509P    618
128,1,1,1,1,0,0,1,0,0,-0.001,-0.001,3.55700011348724,                511P    619
3.55700011348724,-0.001,-0.001,0.255,0.255,1.,1.,1.,1.,              511P    620
-0.70039372312741,0.700000022340009,-0.000393700787401575,           511P    621
0.70039372312741,0.700000022340009,-0.000393700787401575,            511P    622
-0.70039372312741,0.700000022340009,0.100393700787402,               511P    623
0.70039372312741,0.700000022340009,0.100393700787402,-0.001,         511P    624
3.55700011348724,-0.001,0.255;                                       511P    625
128,1,1,1,1,0,0,1,0,0,-0.001,-0.001,3.55700011348724,                513P    626
3.55700011348724,-0.001,-0.001,0.255,0.255,1.,1.,1.,1.,              513P    627
-0.700000022340009,-0.70039372312741,-0.000393700787401575,          513P    628
-0.700000022340009,0.70039372312741,-0.000393700787401575,           513P    629
-0.700000022340009,-0.70039372312741,0.100393700787402,              513P    630
-0.700000022340009,0.70039372312741,0.100393700787402,-0.001,        513P    631
3.55700011348724,-0.001,0.255;                                       513P    632
128,1,1,1,1,0,0,1,0,0,-0.001,-0.001,4.06500012969971,                515P    633
4.06500012969971,-0.001,-0.001,0.255,0.255,1.,1.,1.,1.,              515P    634
-0.80039372631884,-0.800000025531438,-0.000393700787401575,          515P    635
0.80039372631884,-0.800000025531438,-0.000393700787401575,           515P    636
-0.80039372631884,-0.800000025531438,0.100393700787402,              515P    637
0.80039372631884,-0.800000025531438,0.100393700787402,-0.001,        515P    638
4.06500012969971,-0.001,0.255;                                       515P    639
128,1,1,1,1,0,0,1,0,0,-0.001,-0.001,4.06500012969971,                517P    640
4.06500012969971,-0.001,-0.001,0.255,0.255,1.,1.,1.,1.,              517P    641
-0.800000025531438,0.80039372631884,-0.000393700787401575,           517P    642
-0.800000025531438,-0.80039372631884,-0.000393700787401575,          517P    643
-0.800000025531438,0.80039372631884,0.100393700787402,               517P    644
-0.800000025531438,-0.80039372631884,0.100393700787402,-0.001,       517P    645
4.06500012969971,-0.001,0.255;                                       517P    646
128,1,1,1,1,0,0,1,0,0,-2.03300006484985,-2.03300006484985,           519P    647
2.03300006484985,2.03300006484985,-2.03300006484985,                 519P    648
-2.03300006484985,2.03300006484985,2.03300006484985,1.,1.,1.,1.,     519P    649
0.80039372631884,-0.80039372631884,0.,-0.80039372631884,             519P    650
-0.80039372631884,0.,0.80039372631884,0.80039372631884,0.,           519P    651
-0.80039372631884,0.80039372631884,0.,-2.03300006484985,             519P    652
2.03300006484985,-2.03300006484985,2.03300006484985;                 519P    653
128,1,1,1,1,0,0,1,0,0,-1.01700003242493,-1.01700003242493,           521P    654
1.01700003242493,1.01700003242493,-1.01700003242493,                 521P    655
-1.01700003242493,1.01700003242493,1.01700003242493,1.,1.,1.,1.,     521P    656
-0.400393713553121,-0.400393713553121,0.2,0.400393713553121,         521P    657
-0.400393713553121,0.2,-0.400393713553121,0.400393713553121,0.2,     521P    658
0.400393713553121,0.400393713553121,0.2,-1.01700003242493,           521P    659
1.01700003242493,-1.01700003242493,1.01700003242493;                 521P    660
128,1,1,1,1,0,0,1,0,0,-0.001,-0.001,1.52500004863739,                523P    661
1.52500004863739,-0.001,-0.001,0.509,0.509,1.,1.,1.,1.,              523P    662
0.300393710361691,-0.300000009574289,-0.000393700787401575,          523P    663
-0.300393710361691,-0.300000009574289,-0.000393700787401575,         523P    664
0.300393710361691,-0.300000009574289,0.200393700787402,              523P    665
-0.300393710361691,-0.300000009574289,0.200393700787402,-0.001,      523P    666
1.52500004863739,-0.001,0.509;                                       523P    667
128,1,1,1,1,0,0,1,0,0,-0.001,-0.001,1.52500004863739,                525P    668
1.52500004863739,-0.001,-0.001,0.509,0.509,1.,1.,1.,1.,              525P    669
0.300000009574289,0.300393710361691,-0.000393700787401575,           525P    670
0.300000009574289,-0.300393710361691,-0.000393700787401575,          525P    671
0.300000009574289,0.300393710361691,0.200393700787402,               525P    672
0.300000009574289,-0.300393710361691,0.200393700787402,-0.001,       525P    673
1.52500004863739,-0.001,0.509;                                       525P    674
128,1,1,1,1,0,0,1,0,0,-0.001,-0.001,2.03300006484985,                527P    675
2.03300006484985,-0.001,-0.001,0.509,0.509,1.,1.,1.,1.,              527P    676
0.400393713553121,0.400000012765719,-0.000393700787401575,           527P    677
-0.400393713553121,0.400000012765719,-0.000393700787401575,          527P    678
0.400393713553121,0.400000012765719,0.200393700787402,               527P    679
-0.400393713553121,0.400000012765719,0.200393700787402,-0.001,       527P    680
2.03300006484985,-0.001,0.509;                                       527P    681
128,1,1,1,1,0,0,1,0,0,-0.001,-0.001,2.03300006484985,                529P    682
2.03300006484985,-0.001,-0.001,0.509,0.509,1.,1.,1.,1.,              529P    683
0.400000012765719,-0.400393713553121,-0.000393700787401575,          529P    684
0.400000012765719,0.400393713553121,-0.000393700787401575,           529P    685
0.400000012765719,-0.400393713553121,0.200393700787402,              529P    686
0.400000012765719,0.400393713553121,0.200393700787402,-0.001,        529P    687
2.03300006484985,-0.001,0.509;                                       529P    688
128,1,1,1,1,0,0,1,0,0,-0.001,-0.001,1.52500004863739,                531P    689
1.52500004863739,-0.001,-0.001,0.509,0.509,1.,1.,1.,1.,              531P    690
-0.300393710361691,0.300000009574289,-0.000393700787401575,          531P    691
0.300393710361691,0.300000009574289,-0.000393700787401575,           531P    692
-0.300393710361691,0.300000009574289,0.200393700787402,              531P    693
0.300393710361691,0.300000009574289,0.200393700787402,-0.001,        531P    694
1.52500004863739,-0.001,0.509;                                       531P    695
128,1,1,1,1,0,0,1,0,0,-0.001,-0.001,1.52500004863739,                533P    696
1.52500004863739,-0.001,-0.001,0.509,0.509,1.,1.,1.,1.,              533P    697
-0.300000009574289,-0.300393710361691,-0.000393700787401575,         533P    698
-0.300000009574289,0.300393710361691,-0.000393700787401575,          533P    699
-0.300000009574289,-0.300393710361691,0.200393700787402,             533P    700
-0.300000009574289,0.300393710361691,0.200393700787402,-0.001,       533P    701
1.52500004863739,-0.001,0.509;                                       533P    702
128,1,1,1,1,0,0,1,0,0,-0.001,-0.001,2.03300006484985,                535P    703
2.03300006484985,-0.001,-0.001,0.509,0.509,1.,1.,1.,1.,              535P    704
-0.400393713553121,-0.400000012765719,-0.000393700787401575,         535P    705
0.400393713553121,-0.400000012765719,-0.000393700787401575,          535P    706
-0.400393713553121,-0.400000012765719,0.200393700787402,             535P    707
0.400393713553121,-0.400000012765719,0.200393700787402,-0.001,       535P    708
2.03300006484985,-0.001,0.509;                                       535P    709
128,1,1,1,1,0,0,1,0,0,-0.001,-0.001,2.03300006484985,                537P    710
2.03300006484985,-0.001,-0.001,0.509,0.509,1.,1.,1.,1.,              537P    711
-0.400000012765719,0.400393713553121,-0.000393700787401575,          537P    712
-0.400000012765719,-0.400393713553121,-0.000393700787401575,         537P    713
-0.400000012765719,0.400393713553121,0.200393700787402,              537P    714
-0.400000012765719,-0.400393713553121,0.200393700787402,-0.001,      537P    715
2.03300006484985,-0.001,0.509;                                       537P    716
128,1,1,1,1,0,0,1,0,0,-1.01700003242493,-1.01700003242493,           539P    717
1.01700003242493,1.01700003242493,-1.01700003242493,                 539P    718
-1.01700003242493,1.01700003242493,1.01700003242493,1.,1.,1.,1.,     539P    719
0.400393713553121,-0.400393713553121,0.,-0.400393713553121,          539P    720
-0.400393713553121,0.,0.400393713553121,0.400393713553121,0.,        539P    721
-0.400393713553121,0.400393713553121,0.,-1.01700003242493,           539P    722
1.01700003242493,-1.01700003242493,1.01700003242493;                 539P    723
128,1,1,1,1,0,0,1,0,0,-2.54100008106232,-2.54100008106232,           541P    724
2.54100008106232,2.54100008106232,-2.54100008106232,                 541P    725
-2.54100008106232,2.54100008106232,2.54100008106232,1.,1.,1.,1.,     541P    726
-1.0003937327017,-1.0003937327017,0.05,1.0003937327017,              541P    727
-1.0003937327017,0.05,-1.0003937327017,1.0003937327017,0.05,         541P    728
1.0003937327017,1.0003937327017,0.05,-2.54100008106232,              541P    729
2.54100008106232,-2.54100008106232,2.54100008106232;                 541P    730
128,1,1,1,1,0,0,1,0,0,-0.001,-0.001,4.57300014591217,                543P    731
4.57300014591217,-0.001,-0.001,0.128,0.128,1.,1.,1.,1.,              543P    732
0.90039372951027,-0.900000028722868,-0.000393700787401575,           543P    733
-0.90039372951027,-0.900000028722868,-0.000393700787401575,          543P    734
0.90039372951027,-0.900000028722868,0.0503937007874016,              543P    735
-0.90039372951027,-0.900000028722868,0.0503937007874016,-0.001,      543P    736
4.57300014591217,-0.001,0.128;                                       543P    737
128,1,1,1,1,0,0,1,0,0,-0.001,-0.001,4.57300014591217,                545P    738
4.57300014591217,-0.001,-0.001,0.128,0.128,1.,1.,1.,1.,              545P    739
0.900000028722868,0.90039372951027,-0.000393700787401575,            545P    740
0.900000028722868,-0.90039372951027,-0.000393700787401575,           545P    741
0.900000028722868,0.90039372951027,0.0503937007874016,               545P    742
0.900000028722868,-0.90039372951027,0.0503937007874016,-0.001,       545P    743
4.57300014591217,-0.001,0.128;                                       545P    744
128,1,1,1,1,0,0,1,0,0,-0.001,-0.001,5.08100016212463,                547P    745
5.08100016212463,-0.001,-0.001,0.128,0.128,1.,1.,1.,1.,              547P    746
1.0003937327017,1.0000000319143,-0.000393700787401575,               547P    747
-1.0003937327017,1.0000000319143,-0.000393700787401575,              547P    748
1.0003937327017,1.0000000319143,0.0503937007874016,                  547P    749
-1.0003937327017,1.0000000319143,0.0503937007874016,-0.001,          547P    750
5.08100016212463,-0.001,0.128;                                       547P    751
128,1,1,1,1,0,0,1,0,0,-0.001,-0.001,5.08100016212463,                549P    752
5.08100016212463,-0.001,-0.001,0.128,0.128,1.,1.,1.,1.,              549P    753
1.0000000319143,-1.0003937327017,-0.000393700787401575,              549P    754
1.0000000319143,1.0003937327017,-0.000393700787401575,               549P    755
1.0000000319143,-1.0003937327017,0.0503937007874016,                 549P    756
1.0000000319143,1.0003937327017,0.0503937007874016,-0.001,           549P    757
5.08100016212463,-0.001,0.128;                                       549P    758
128,1,1,1,1,0,0,1,0,0,-0.001,-0.001,4.57300014591217,                551P    759
4.57300014591217,-0.001,-0.001,0.128,0.128,1.,1.,1.,1.,              551P    760
-0.90039372951027,0.900000028722868,-0.000393700787401575,           551P    761
0.90039372951027,0.900000028722868,-0.000393700787401575,            551P    762
-0.90039372951027,0.900000028722868,0.0503937007874016,              551P    763
0.90039372951027,0.900000028722868,0.0503937007874016,-0.001,        551P    764
4.57300014591217,-0.001,0.128;                                       551P    765
128,1,1,1,1,0,0,1,0,0,-0.001,-0.001,4.57300014591217,                553P    766
4.57300014591217,-0.001,-0.001,0.128,0.128,1.,1.,1.,1.,              553P    767
-0.900000028722868,-0.90039372951027,-0.000393700787401575,          553P    768
-0.900000028722868,0.90039372951027,-0.000393700787401575,           553P    769
-0.900000028722868,-0.90039372951027,0.0503937007874016,             553P    770
-0.900000028722868,0.90039372951027,0.0503937007874016,-0.001,       553P    771
4.57300014591217,-0.001,0.128;                                       553P    772
128,1,1,1,1,0,0,1,0,0,-0.001,-0.001,5.08100016212463,                555P    773
5.08100016212463,-0.001,-0.001,0.128,0.128,1.,1.,1.,1.,              555P    774
-1.0003937327017,-1.0000000319143,-0.000393700787401575,             555P    775
1.0003937327017,-1.0000000319143,-0.000393700787401575,              555P    776
-1.0003937327017,-1.0000000319143,0.0503937007874016,                555P    777
1.0003937327017,-1.0000000319143,0.0503937007874016,-0.001,          555P    778
5.08100016212463,-0.001,0.128;                                       555P    779
128,1,1,1,1,0,0,1,0,0,-0.001,-0.001,5.08100016212463,                557P    780
5.08100016212463,-0.001,-0.001,0.128,0.128,1.,1.,1.,1.,              557P    781
-1.0000000319143,1.0003937327017,-0.000393700787401575,              557P    782
-1.0000000319143,-1.0003937327017,-0.000393700787401575,             557P    783
-1.0000000319143,1.0003937327017,0.0503937007874016,                 557P    784
-1.0000000319143,-1.0003937327017,0.0503937007874016,-0.001,         557P    785
5.08100016212463,-0.001,0.128;                                       557P    786
128,1,1,1,1,0,0,1,0,0,-2.54100008106232,-2.54100008106232,           559P    787
2.54100008106232,2.54100008106232,-2.54100008106232,                 559P    788
-2.54100008106232,2.54100008106232,2.54100008106232,1.,1.,1.,1.,     559P    789
1.0003937327017,-1.0003937327017,0.,-1.0003937327017,                559P    790
-1.0003937327017,0.,1.0003937327017,1.0003937327017,0.,              559P    791
-1.0003937327017,1.0003937327017,0.,-2.54100008106232,               559P    792
2.54100008106232,-2.54100008106232,2.54100008106232;                 559P    793
128,1,1,1,1,0,0,1,0,0,-0.001,-0.001,0.509000016212463,               561P    794
0.509000016212463,-0.001,-0.001,0.636,0.636,1.,1.,1.,1.,             561P    795
-0.100393703978831,0.10000000319143,-0.000393700787401575,           561P    796
0.100393703978831,0.10000000319143,-0.000393700787401575,            561P    797
-0.100393703978831,0.10000000319143,0.250393700787402,               561P    798
0.100393703978831,0.10000000319143,0.250393700787402,-0.001,         561P    799
0.509000016212463,-0.001,0.636;                                      561P    800
128,1,1,1,1,0,0,1,0,0,-0.001,-0.001,0.509000016212463,               563P    801
0.509000016212463,-0.001,-0.001,0.636,0.636,1.,1.,1.,1.,             563P    802
-0.10000000319143,-0.100393703978831,-0.000393700787401575,          563P    803
-0.10000000319143,0.100393703978831,-0.000393700787401575,           563P    804
-0.10000000319143,-0.100393703978831,0.250393700787402,              563P    805
-0.10000000319143,0.100393703978831,0.250393700787402,-0.001,        563P    806
0.509000016212463,-0.001,0.636;                                      563P    807
128,1,1,1,1,0,0,1,0,0,-0.001,-0.001,0.509000016212463,               565P    808
0.509000016212463,-0.001,-0.001,0.636,0.636,1.,1.,1.,1.,             565P    809
0.100393703978831,-0.10000000319143,-0.000393700787401575,           565P    810
-0.100393703978831,-0.10000000319143,-0.000393700787401575,          565P    811
0.100393703978831,-0.10000000319143,0.250393700787402,               565P    812
-0.100393703978831,-0.10000000319143,0.250393700787402,-0.001,       565P    813
0.509000016212463,-0.001,0.636;                                      565P    814
128,1,1,1,1,0,0,1,0,0,-0.001,-0.001,0.509000016212463,               567P    815
0.509000016212463,-0.001,-0.001,0.636,0.636,1.,1.,1.,1.,             567P    816
0.10000000319143,0.100393703978831,-0.000393700787401575,            567P    817
0.10000000319143,-0.100393703978831,-0.000393700787401575,           567P    818
0.10000000319143,0.100393703978831,0.250393700787402,                567P    819
0.10000000319143,-0.100393703978831,0.250393700787402,-0.001,        567P    820
0.509000016212463,-0.001,0.636;                                      567P    821
128,1,1,1,1,0,0,1,0,0,-0.001,-0.001,1.01700003242493,                569P    822
1.01700003242493,-0.001,-0.001,0.636,0.636,1.,1.,1.,1.,              569P    823
-0.200393707170261,-0.20000000638286,-0.000393700787401575,          569P    824
0.200393707170261,-0.20000000638286,-0.000393700787401575,           569P    825
-0.200393707170261,-0.20000000638286,0.250393700787402,              569P    826
0.200393707170261,-0.20000000638286,0.250393700787402,-0.001,        569P    827
1.01700003242493,-0.001,0.636;                                       569P    828
128,1,1,1,1,0,0,1,0,0,-0.001,-0.001,1.01700003242493,                571P    829
1.01700003242493,-0.001,-0.001,0.636,0.636,1.,1.,1.,1.,              571P    830
-0.20000000638286,0.200393707170261,-0.000393700787401575,           571P    831
-0.20000000638286,-0.200393707170261,-0.000393700787401575,          571P    832
-0.20000000638286,0.200393707170261,0.250393700787402,               571P    833
-0.20000000638286,-0.200393707170261,0.250393700787402,-0.001,       571P    834
1.01700003242493,-0.001,0.636;                                       571P    835
128,1,1,1,1,0,0,1,0,0,-0.001,-0.001,1.01700003242493,                573P    836
1.01700003242493,-0.001,-0.001,0.636,0.636,1.,1.,1.,1.,              573P    837
0.200393707170261,0.20000000638286,-0.000393700787401575,            573P    838
-0.200393707170261,0.20000000638286,-0.000393700787401575,           573P    839
0.200393707170261,0.20000000638286,0.250393700787402,                573P    840
-0.200393707170261,0.20000000638286,0.250393700787402,-0.001,        573P    841
1.01700003242493,-0.001,0.636;                                       573P    842
128,1,1,1,1,0,0,1,0,0,-0.001,-0.001,1.01700003242493,                575P    843
1.01700003242493,-0.001,-0.001,0.636,0.636,1.,1.,1.,1.,              575P    844
0.20000000638286,-0.200393707170261,-0.000393700787401575,           575P    845
0.20000000638286,0.200393707170261,-0.000393700787401575,            575P    846
0.20000000638286,-0.200393707170261,0.250393700787402,               575P    847
0.20000000638286,0.200393707170261,0.250393700787402,-0.001,         575P    848
1.01700003242493,-0.001,0.636;                                       575P    849
128,1,1,1,1,0,0,1,0,0,-0.509000016212463,-0.509000016212463,         577P    850
0.509000016212463,0.509000016212463,-0.509000016212463,              577P    851
-0.509000016212463,0.509000016212463,0.509000016212463,1.,1.,1.,     577P    852
1.,-0.200393707170261,-0.200393707170261,0.25,0.200393707170261,     577P    853
-0.200393707170261,0.25,-0.200393707170261,0.200393707170261,        577P    854
0.25,0.200393707170261,0.200393707170261,0.25,                       577P    855
-0.509000016212463,0.509000016212463,-0.509000016212463,             577P    856
0.509000016212463;                                                   577P    857
128,1,1,1,1,0,0,1,0,0,-0.509000016212463,-0.509000016212463,         579P    858
0.509000016212463,0.509000016212463,-0.509000016212463,              579P    859
-0.509000016212463,0.509000016212463,0.509000016212463,1.,1.,1.,     579P    860
1.,0.200393707170261,-0.200393707170261,0.,-0.200393707170261,       579P    861
-0.200393707170261,0.,0.200393707170261,0.200393707170261,0.,        579P    862
-0.200393707170261,0.200393707170261,0.,-0.509000016212463,          579P    863
0.509000016212463,-0.509000016212463,0.509000016212463;              579P    864
502,16,0.600000019148579,0.600000019148579,0.15,                     581P    865
0.600000019148579,-0.600000019148579,0.15,-0.600000019148579,        581P    866
0.600000019148579,0.15,-0.600000019148579,-0.600000019148579,        581P    867
0.15,0.500000015957149,-0.500000015957149,0.15,                      581P    868
0.500000015957149,0.500000015957149,0.15,-0.500000015957149,         581P    869
-0.500000015957149,0.15,-0.500000015957149,0.500000015957149,        581P    870
0.15,0.500000015957149,-0.500000015957149,0.,-0.500000015957149,     581P    871
-0.500000015957149,0.,0.500000015957149,0.500000015957149,0.,        581P    872
0.600000019148579,0.600000019148579,0.,-0.600000019148579,           581P    873
0.600000019148579,0.,0.600000019148579,-0.600000019148579,0.,        581P    874
-0.500000015957149,0.500000015957149,0.,-0.600000019148579,          581P    875
-0.600000019148579,0.;                                               581P    876
502,16,0.800000025531438,0.800000025531438,0.1,                      583P    877
0.800000025531438,-0.800000025531438,0.1,-0.800000025531438,         583P    878
0.800000025531438,0.1,-0.800000025531438,-0.800000025531438,0.1,     583P    879
0.700000022340009,-0.700000022340009,0.1,0.700000022340009,          583P    880
0.700000022340009,0.1,-0.700000022340009,-0.700000022340009,0.1,     583P    881
-0.700000022340009,0.700000022340009,0.1,0.700000022340009,          583P    882
-0.700000022340009,0.,-0.700000022340009,-0.700000022340009,0.,      583P    883
0.700000022340009,0.700000022340009,0.,0.800000025531438,            583P    884
0.800000025531438,0.,-0.800000025531438,0.800000025531438,0.,        583P    885
0.800000025531438,-0.800000025531438,0.,-0.700000022340009,          583P    886
0.700000022340009,0.,-0.800000025531438,-0.800000025531438,0.;       583P    887
502,16,0.400000012765719,0.400000012765719,0.2,                      585P    888
0.400000012765719,-0.400000012765719,0.2,-0.400000012765719,         585P    889
0.400000012765719,0.2,-0.400000012765719,-0.400000012765719,0.2,     585P    890
0.300000009574289,-0.300000009574289,0.2,0.300000009574289,          585P    891
0.300000009574289,0.2,-0.300000009574289,-0.300000009574289,0.2,     585P    892
-0.300000009574289,0.300000009574289,0.2,0.300000009574289,          585P    893
-0.300000009574289,0.,-0.300000009574289,-0.300000009574289,0.,      585P    894
0.300000009574289,0.300000009574289,0.,0.400000012765719,            585P    895
0.400000012765719,0.,-0.400000012765719,0.400000012765719,0.,        585P    896
0.400000012765719,-0.400000012765719,0.,-0.300000009574289,          585P    897
0.300000009574289,0.,-0.400000012765719,-0.400000012765719,0.;       585P    898
502,16,1.0000000319143,1.0000000319143,0.05,1.0000000319143,         587P    899
-1.0000000319143,0.05,-1.0000000319143,1.0000000319143,0.05,         587P    900
-1.0000000319143,-1.0000000319143,0.05,0.900000028722868,            587P    901
-0.900000028722868,0.05,0.900000028722868,0.900000028722868,         587P    902
0.05,-0.900000028722868,-0.900000028722868,0.05,                     587P    903
-0.900000028722868,0.900000028722868,0.05,0.900000028722868,         587P    904
-0.900000028722868,0.,-0.900000028722868,-0.900000028722868,0.,      587P    905
0.900000028722868,0.900000028722868,0.,1.0000000319143,              587P    906
1.0000000319143,0.,-1.0000000319143,1.0000000319143,0.,              587P    907
1.0000000319143,-1.0000000319143,0.,-0.900000028722868,              587P    908
0.900000028722868,0.,-1.0000000319143,-1.0000000319143,0.;           587P    909
502,16,-0.10000000319143,0.10000000319143,0.,0.10000000319143,       589P    910
0.10000000319143,0.,0.10000000319143,0.10000000319143,0.25,          589P    911
-0.10000000319143,0.10000000319143,0.25,-0.10000000319143,           589P    912
-0.10000000319143,0.,-0.10000000319143,-0.10000000319143,0.25,       589P    913
0.10000000319143,-0.10000000319143,0.,0.10000000319143,              589P    914
-0.10000000319143,0.25,-0.20000000638286,-0.20000000638286,0.,       589P    915
0.20000000638286,-0.20000000638286,0.,0.20000000638286,              589P    916
-0.20000000638286,0.25,-0.20000000638286,-0.20000000638286,0.25,     589P    917
-0.20000000638286,0.20000000638286,0.,-0.20000000638286,             589P    918
0.20000000638286,0.25,0.20000000638286,0.20000000638286,0.,          589P    919
0.20000000638286,0.20000000638286,0.25;                              589P    920
504,24,241,581,1,581,2,243,581,3,581,1,245,581,4,581,3,247,581,      591P    921
2,581,4,249,581,5,581,6,251,581,7,581,5,253,581,8,581,7,255,581,     591P    922
6,581,8,257,581,9,581,5,259,581,9,581,10,261,581,10,581,7,263,       591P    923
581,11,581,6,265,581,11,581,9,267,581,12,581,1,269,581,12,581,       591P    924
13,271,581,13,581,3,273,581,14,581,2,275,581,14,581,12,277,581,      591P    925
15,581,8,279,581,15,581,11,281,581,10,581,15,283,581,16,581,4,       591P    926
285,581,16,581,14,287,581,13,581,16;                                 591P    927
504,24,289,583,1,583,2,291,583,3,583,1,293,583,4,583,3,295,583,      593P    928
2,583,4,297,583,5,583,6,299,583,7,583,5,301,583,8,583,7,303,583,     593P    929
6,583,8,305,583,9,583,5,307,583,9,583,10,309,583,10,583,7,311,       593P    930
583,11,583,6,313,583,11,583,9,315,583,12,583,1,317,583,12,583,       593P    931
13,319,583,13,583,3,321,583,14,583,2,323,583,14,583,12,325,583,      593P    932
15,583,8,327,583,15,583,11,329,583,10,583,15,331,583,16,583,4,       593P    933
333,583,16,583,14,335,583,13,583,16;                                 593P    934
504,24,337,585,1,585,2,339,585,3,585,1,341,585,4,585,3,343,585,      595P    935
2,585,4,345,585,5,585,6,347,585,7,585,5,349,585,8,585,7,351,585,     595P    936
6,585,8,353,585,9,585,5,355,585,9,585,10,357,585,10,585,7,359,       595P    937
585,11,585,6,361,585,11,585,9,363,585,12,585,1,365,585,12,585,       595P    938
13,367,585,13,585,3,369,585,14,585,2,371,585,14,585,12,373,585,      595P    939
15,585,8,375,585,15,585,11,377,585,10,585,15,379,585,16,585,4,       595P    940
381,585,16,585,14,383,585,13,585,16;                                 595P    941
504,24,385,587,1,587,2,387,587,3,587,1,389,587,4,587,3,391,587,      597P    942
2,587,4,393,587,5,587,6,395,587,7,587,5,397,587,8,587,7,399,587,     597P    943
6,587,8,401,587,9,587,5,403,587,9,587,10,405,587,10,587,7,407,       597P    944
587,11,587,6,409,587,11,587,9,411,587,12,587,1,413,587,12,587,       597P    945
13,415,587,13,587,3,417,587,14,587,2,419,587,14,587,12,421,587,      597P    946
15,587,8,423,587,15,587,11,425,587,10,587,15,427,587,16,587,4,       597P    947
429,587,16,587,14,431,587,13,587,16;                                 597P    948
504,24,433,589,1,589,2,435,589,2,589,3,437,589,4,589,3,439,589,      599P    949
1,589,4,441,589,5,589,1,443,589,6,589,4,445,589,5,589,6,447,589,     599P    950
7,589,5,449,589,8,589,6,451,589,7,589,8,453,589,2,589,7,455,589,     599P    951
3,589,8,457,589,9,589,10,459,589,10,589,11,461,589,12,589,11,        599P    952
463,589,9,589,12,465,589,13,589,9,467,589,14,589,12,469,589,13,      599P    953
589,14,471,589,15,589,13,473,589,16,589,14,475,589,15,589,16,        599P    954
477,589,10,589,15,479,589,11,589,16;                                 599P    955
406,1,5HBody1;                                                       601P    956
406,1,5HBody2;                                                       603P    957
406,1,5HBody3;                                                       605P    958
406,1,5HBody4;                                                       607P    959
406,1,5HBody5;                                                       609P    960
314,62.7450980392157,62.7450980392157,62.7450980392157,13HSteel      611P    961
- Satin;                                                             611P    962
S      1G      3D    612P    962                                        T      1
